bin_key,p_ph2m,p_wh2m,p_ric,weighted_n,raw_n,small_bin_flag
Central_West|15-24|female|no_education|Q1|informal,0.9997475707215537,8.3122067777367e-05,0.00016930721066877986,282.37549355,1,0
Central_West|15-24|female|primary|Q1|informal,0.7771795103828772,0.22279136931943924,2.9120297683671586e-05,1642.22997941,2,0
Central_West|15-24|female|primary|Q1|unemployed,0.9998912524387467,3.580932533961923e-05,7.293823591371966e-05,655.59364677,1,0
Central_West|15-24|female|primary|Q2|informal,0.04722443508860393,5.32044926334934e-06,0.9527702444621328,4413.05121301,4,0
Central_West|15-24|female|primary|Q3|formal,0.9999041299802606,3.156889853527706e-05,6.430112120416736e-05,743.6683356,1,0
Central_West|15-24|female|primary|Q3|informal,7.365569278850085e-05,6.026962521828721e-05,0.9998660746819932,389.48176752,1,0
Central_West|15-24|female|primary|Q3|self_employed,0.9999031612720201,3.1887883054517145e-05,6.495084492547455e-05,736.22818711,1,0
Central_West|15-24|female|secondary|Q1|formal,0.9999783878113438,7.116645982420514e-06,1.4495542673793702e-05,3299.19958274,1,0
Central_West|15-24|female|secondary|Q1|informal,0.9390167035216898,0.06096692672486739,1.636975344285031e-05,2921.45517566,4,0
Central_West|15-24|female|secondary|Q2|formal,0.9999696935423957,9.979569084014735e-06,2.032688852034289e-05,2352.70170142,3,0
Central_West|15-24|female|secondary|Q2|informal,0.7446283737750169,0.08273204637169906,0.172639579853284,10230.45647644,11,0
Central_West|15-24|female|secondary|Q2|self_employed,2.5506657114642907e-05,2.0871118126403492e-05,0.999953622224759,1124.89708823,1,0
Central_West|15-24|female|secondary|Q3|informal,0.36719716574745453,0.044306496593183996,0.5884963376593616,8791.054286999999,14,0
Central_West|15-24|female|secondary|Q4|formal,3.055865833781655e-05,2.500497674337844e-05,0.9999444363649187,938.91095615,1,0
Central_West|15-24|female|secondary|Q4|informal,7.95833231535659e-06,6.511997754014854e-06,0.9999855296699307,3605.54422889,7,0
Central_West|15-24|female|secondary|Q4|unemployed,5.8924090587824724e-05,4.821532079338525e-05,0.9998928605886187,486.88104117,1,0
Central_West|15-24|female|secondary|Q5|formal,1.588566490002913e-05,0.766086969646937,0.23389714468816294,1806.24019193,3,0
Central_West|15-24|female|secondary|Q5|informal,0.0849228604245863,2.89070075465955e-06,0.915074248874659,8122.479648709999,7,0
Central_West|15-24|female|tertiary|Q1|formal,0.9999225244166295,2.551182149572283e-05,5.196376187475869e-05,920.25557415,1,0
Central_West|15-24|female|tertiary|Q2|informal,0.9998872434479553,3.712944005187843e-05,7.562711199286217e-05,632.28085701,1,0
Central_West|15-24|female|tertiary|Q2|self_employed,2.2490223210444112e-05,0.9999400258523062,3.748392448337531e-05,1275.78395704,1,0
Central_West|15-24|female|tertiary|Q2|unemployed,4.930626325207366e-05,0.9998685161509141,8.217758583382491e-05,581.87302111,1,0
Central_West|15-24|female|tertiary|Q3|informal,1.8246072064648392e-05,1.4930060167920945e-05,0.9999668238677675,1572.56259186,1,0
Central_West|15-24|female|tertiary|Q3|self_employed,0.9997402528877698,8.553174655755073e-05,0.00017421536567249524,274.41733497,1,0
Central_West|15-24|female|tertiary|Q4|informal,0.535233261121535,0.4647165667476925,5.017213077248341e-05,953.12118393,2,0
Central_West|15-24|female|tertiary|Q5|informal,1.4364786189530417e-05,0.26580607525483785,0.7341795599589728,1997.4873365499998,2,0
Central_West|15-24|female|tertiary|Q5|self_employed,1.48804108511623e-05,1.217606882972256e-05,0.9999729435203192,1928.26846183,1,0
Central_West|15-24|male|no_education|Q1|informal,0.9999294782685599,2.3221997767537378e-05,4.729973367251724e-05,1011.00797423,2,0
Central_West|15-24|male|no_education|Q5|informal,4.0051954756351344e-05,3.277297668432157e-05,0.9999271750685592,716.34230997,1,0
Central_West|15-24|male|primary|Q1|informal,0.742212638376026,0.058241880988584016,0.19954548063539,7385.0060779,16,0
Central_West|15-24|male|primary|Q1|unemployed,0.999872171580722,4.2092433161936756e-05,8.573598611619264e-05,557.71871839,1,0
Central_West|15-24|male|primary|Q2|informal,0.3430518114999029,0.2089786978541827,0.4479694906459144,13001.93343904,18,0
Central_West|15-24|male|primary|Q2|unemployed,5.403456755018986e-05,4.42144118368892e-05,0.9999017510206127,530.94736996,1,0
Central_West|15-24|male|primary|Q3|informal,0.396819540173474,0.07522966152418076,0.5279507983023453,7391.01342736,15,0
Central_West|15-24|male|primary|Q4|formal,3.64535113408574e-05,2.9828508608462376e-05,0.9999337179800506,787.06463597,1,0
Central_West|15-24|male|primary|Q4|informal,0.031302859013667354,0.14616628164910297,0.8225308593372296,6687.21539613,16,0
Central_West|15-24|male|primary|Q5|formal,5.5402809197664065e-05,4.5333991440031514e-05,0.9998992631993622,517.83249115,1,0
Central_West|15-24|male|primary|Q5|informal,5.625265189885046e-06,4.602938509062246e-06,0.999989771796301,5100.97772982,14,0
Central_West|15-24|male|secondary|Q1|formal,0.00016082938058306067,0.9995711200847436,0.0002680505346733919,178.31836411,1,0
Central_West|15-24|male|secondary|Q1|informal,0.3294612832669253,0.5332227174341687,0.13731599929890603,4799.653774599999,5,0
Central_West|15-24|male|secondary|Q1|unemployed,0.00011617139487481696,0.9996902084817556,0.0001936201233695992,246.9049965,1,0
Central_West|15-24|male|secondary|Q2|informal,0.6606776917873354,3.01411143652953e-06,0.33931929410122796,7789.90631355,13,0
Central_West|15-24|male|secondary|Q2|self_employed,0.9999273167907518,2.3933747632592594e-05,4.874946161563262e-05,980.93930403,1,0
Central_West|15-24|male|secondary|Q2|unemployed,0.48386896842380767,0.516085674273267,4.53573029255247e-05,1054.30876795,2,0
Central_West|15-24|male|secondary|Q3|informal,0.325195915345241,0.14105938887079,0.533744695783969,13398.2383576,18,0
Central_West|15-24|male|secondary|Q4|informal,0.31530013278918356,0.08574166584613346,0.5989582013646828,15057.46657987,25,0
Central_West|15-24|male|secondary|Q4|unemployed,6.001973747406408e-05,0.9998399467819358,0.00010003348059013786,477.99131116,1,0
Central_West|15-24|male|secondary|Q5|informal,0.006295329144570783,0.04292773707120061,0.9507769337842288,17774.86777297,26,0
Central_West|15-24|male|tertiary|Q2|informal,0.5160361562618512,0.4839382246399471,2.561909820185193e-05,1866.67678966,2,0
Central_West|15-24|male|tertiary|Q2|unemployed,1.225368372045465e-05,0.9999673233906856,2.0422925594059387e-05,2341.63785117,1,0
Central_West|15-24|male|tertiary|Q3|informal,0.426851044661492,0.5731375221722738,1.1433166234256797e-05,4182.91780236,3,0
Central_West|15-24|male|tertiary|Q4|informal,0.26711372198961175,0.16363467013956165,0.5692516078708266,4027.52226486,7,0
Central_West|15-24|male|tertiary|Q5|informal,1.0855894711092944e-05,0.09523200105173452,0.9047571430535546,2643.15656688,4,0
Central_West|15-24|male|tertiary|Q5|self_employed,3.10705916275122e-05,2.542387209740515e-05,0.999943505536275,923.43938182,1,0
Central_West|15-24|male|tertiary|Q5|unemployed,4.7000533713605954e-05,3.845873203735239e-05,0.9999145407342489,610.42317319,1,0
Central_West|25-34|female|primary|Q1|formal,0.7570054420172709,0.13469666545523756,0.10829789252749156,11264.70810389,17,0
Central_West|25-34|female|primary|Q1|informal,0.8458628368235432,2.4784300550075917e-06,0.15413468474640168,9473.61787752,12,0
Central_West|25-34|female|primary|Q1|unemployed,0.9999806643308974,6.3670141893536124e-06,1.296865491334086e-05,3687.64851477,4,0
Central_West|25-34|female|primary|Q2|formal,0.34248688172260106,2.971241571103084e-06,0.6575101470358278,7902.30260121,7,0
Central_West|25-34|female|primary|Q2|informal,0.8019220860304737,7.352426371995495e-06,0.1980705615431545,3193.39639593,5,0
Central_West|25-34|female|primary|Q3|formal,1.9573127153698707e-05,1.6015938391763676e-05,0.9999644109344545,1465.93630371,3,0
Central_West|25-34|female|primary|Q3|informal,0.2936772789616061,0.11724246762043629,0.5890802534179574,8724.177639810001,12,0
Central_West|25-34|female|primary|Q3|unemployed,0.0001952543374967225,0.00015976912710553766,0.9996449765353979,146.86172875,1,0
Central_West|25-34|female|primary|Q4|formal,0.48643247947562873,1.7640064879938648e-05,0.5135498804594915,1330.9578662899999,3,0
Central_West|25-34|female|primary|Q4|informal,0.14263669154657302,4.350569631828985e-06,0.8573589578837952,5396.88225918,10,0
Central_West|25-34|female|primary|Q5|formal,1.822322500145431e-05,1.4911365293378117e-05,0.9999668654097051,1574.53429125,4,0
Central_West|25-34|female|primary|Q5|informal,1.4343780897749938e-05,1.1736965144065294e-05,0.9999739192539582,2000.41263952,3,0
Central_West|25-34|female|secondary|Q1|formal,0.636455934132249,5.2613889416875465e-06,0.36353880447880926,4462.58986774,6,0
Central_West|25-34|female|secondary|Q1|informal,0.6657800897893489,0.33421596284529625,3.947365354789338e-06,12115.61101145,11,0
Central_West|25-34|female|secondary|Q1|unemployed,0.999983718397652,5.361345015963259e-06,1.09202573318666e-05,4379.38817888,5,0
Central_West|25-34|female|secondary|Q2|formal,0.5258659073905586,4.22870935976902e-06,0.47412986390008166,5552.40908083,4,0
Central_West|25-34|female|secondary|Q2|informal,0.36633625306907935,0.18917972239901512,0.44448402453190555,28430.60221164,29,0
Central_West|25-34|female|secondary|Q2|unemployed,0.9998370102752745,5.36706479891513e-05,0.00010931907673624289,437.38208751,1,0
Central_West|25-34|female|secondary|Q3|formal,0.1435398011834982,0.5137701311630256,0.3426900676534762,10102.829313459999,6,0
Central_West|25-34|female|secondary|Q3|informal,0.16976717012520112,0.03702724572590963,0.7932055841488893,30493.66992729,27,0
Central_West|25-34|female|secondary|Q3|self_employed,3.790428233533161e-05,3.101561880733859e-05,0.9999310800988572,756.93622959,1,0
Central_West|25-34|female|secondary|Q4|formal,1.7295843864224845e-05,1.4152524917851098e-05,0.9999685516312179,1658.96417806,2,0
Central_West|25-34|female|secondary|Q4|informal,0.09500138627461693,0.2998160575861058,0.6051825561392773,31250.89980576,28,0
Central_West|25-34|female|secondary|Q5|formal,5.04373551964178e-05,4.127095109156739e-05,0.9999082916937119,568.82188087,2,0
Central_West|25-34|female|secondary|Q5|informal,0.08436607334514801,1.719979583064739e-06,0.915632206675269,13651.1940918,21,0
Central_West|25-34|female|tertiary|Q1|informal,0.8561920421558078,0.1437968795520201,1.1078292172165034e-05,4316.9135930699995,5,0
Central_West|25-34|female|tertiary|Q1|self_employed,0.9999829221020059,5.623556044235548e-06,1.145434194971175e-05,4175.18463051,3,0
Central_West|25-34|female|tertiary|Q2|formal,0.0001531841516467777,0.999591507436398,0.0002553084119552561,187.22300095,1,0
Central_West|25-34|female|tertiary|Q2|informal,0.3126097010999808,0.2551713725270524,0.4322189263729667,13985.92930146,13,0
Central_West|25-34|female|tertiary|Q2|self_employed,0.6324652145247539,0.3674902276579767,4.455781726954843e-05,1073.22766338,2,0
Central_West|25-34|female|tertiary|Q3|informal,0.08020833303884091,0.3063955543051035,0.6133961126560555,7109.67862573,11,0
Central_West|25-34|female|tertiary|Q3|self_employed,0.5751768777089695,0.42478348561245893,3.96366785717275e-05,1206.48792862,2,0
Central_West|25-34|female|tertiary|Q4|formal,2.7125212553256993e-05,0.44212789608823017,0.5578449786992166,1057.76876059,2,0
Central_West|25-34|female|tertiary|Q4|informal,0.04988311112848205,0.356240838538081,0.5938760503334369,29281.9405875,26,0
Central_West|25-34|female|tertiary|Q4|self_employed,0.7841267253038071,0.2158064789876157,6.679570857725599e-05,715.89117539,2,0
Central_West|25-34|female|tertiary|Q5|informal,0.03134722378538884,0.16212504197937028,0.8065277342352409,42017.31571542,50,0
Central_West|25-34|female|tertiary|Q5|self_employed,4.7000533713605954e-05,3.845873203735239e-05,0.9999145407342489,610.42317319,1,0
Central_West|25-34|male|no_education|Q2|informal,0.7235279339011306,3.141600976282422e-05,0.2764406500891066,747.28794957,2,0
Central_West|25-34|male|no_education|Q5|formal,0.999800671892718,6.56364608155079e-05,0.00013369164646635695,357.62719657,1,0
Central_West|25-34|male|primary|Q1|formal,0.2503553134693623,0.7495444572583878,0.00010022927224989417,477.05738947000003,2,0
Central_West|25-34|male|primary|Q1|informal,0.7407753028924889,0.1149768786623356,0.14424781844517565,34796.727928219996,46,0
Central_West|25-34|male|primary|Q1|unemployed,0.9999293075469128,2.3278214448971428e-05,4.7414238638300185e-05,1008.56615744,3,0
Central_West|25-34|male|primary|Q2|formal,8.02145189395441e-05,6.56364608155079e-05,0.9998541490202449,357.62719657,1,0
Central_West|25-34|male|primary|Q2|informal,0.511836479767855,0.18142240801433418,0.3067411122178109,38493.38523472,64,0
Central_West|25-34|male|primary|Q2|self_employed,0.00011227353503412691,0.9997006028126427,0.0001871236523231332,255.48039992,1,0
Central_West|25-34|male|primary|Q3|formal,3.5494993983023476e-05,2.9044190659166103e-05,0.9999354608153577,808.32146355,3,0
Central_West|25-34|male|primary|Q3|informal,0.07637993902832706,0.21368422555603944,0.7099358354156335,20804.15014958,42,0
Central_West|25-34|male|primary|Q4|informal,0.09433428921204759,0.07939028815625371,0.8262754226316987,44458.91200069,82,0
Central_West|25-34|male|primary|Q5|formal,0.00011803738288925812,9.658545808415375e-05,0.9997853771590266,243.00023047,1,0
Central_West|25-34|male|primary|Q5|informal,0.02399413648808732,0.06310916696446785,0.912896696547445,21080.27560702,46,0
Central_West|25-34|male|secondary|Q1|formal,8.02145189395441e-05,0.9997860938345942,0.00013369164646635695,357.62719657,1,0
Central_West|25-34|male|secondary|Q1|informal,0.35106710873252006,0.5177844251036761,0.13114846616380388,16352.02279097,29,0
Central_West|25-34|male|secondary|Q2|formal,2.7120584955709943e-05,2.219173330804028e-05,0.9999506876817363,1057.94926521,2,0
Central_West|25-34|male|secondary|Q2|informal,0.20579526422374272,0.43729935736034825,0.35690537841590897,35967.83164719,54,0
Central_West|25-34|male|secondary|Q2|self_employed,0.0001973065210503813,0.00016144835010888792,0.9996412451288408,145.33318098,1,0
Central_West|25-34|male|secondary|Q3|informal,0.19646029033476506,0.2206261675340917,0.5829135421311432,46609.83137189,65,0
Central_West|25-34|male|secondary|Q3|unemployed,0.00042212460405708117,0.0003454083549928956,0.99923246704095,67.87735718,1,0
Central_West|25-34|male|secondary|Q4|formal,2.058008582766618e-05,1.6839894010029176e-05,0.9999625800201624,1394.2049229600002,2,0
Central_West|25-34|male|secondary|Q4|informal,0.14485173204461685,0.1930736699310603,0.6620745980243228,72087.6229432,78,0
Central_West|25-34|male|secondary|Q4|self_employed,4.051549302614743e-06,3.3152272251809673e-06,0.9999926332234722,7082.35484411,2,0
Central_West|25-34|male|secondary|Q4|unemployed,4.160333507348184e-05,3.404241162878632e-05,0.9999243542532976,689.62631482,1,0
Central_West|25-34|male|secondary|Q5|formal,3.64535113408574e-05,2.9828508608462376e-05,0.9999337179800506,787.06463597,1,0
Central_West|25-34|male|secondary|Q5|informal,3.453850456596477e-07,0.15604186072260076,0.8439577938923534,83080.842111,86,0
Central_West|25-34|male|secondary|Q5|self_employed,1.675317204530672e-05,1.3708477405642675e-05,0.999969538350549,1712.7048889399998,3,0
Central_West|25-34|male|secondary|Q5|unemployed,2.171014530253167e-05,1.7764578286913077e-05,0.9999605252764106,1321.62837098,1,0
Central_West|25-34|male|tertiary|Q1|informal,0.6951599978935376,0.3048324257377165,7.576368745774471e-06,6312.3089521,8,0
Central_West|25-34|male|tertiary|Q2|informal,0.2470759328013512,0.35118491426267134,0.40173915293597745,8735.84419421,9,0
Central_West|25-34|male|tertiary|Q3|informal,0.09991732631880082,0.6774368201977968,0.22264585348340238,9198.05457574,10,0
Central_West|25-34|male|tertiary|Q3|self_employed,2.7824948948361147e-05,0.9999257998650264,4.637518602526785e-05,1031.1656831,2,0
Central_West|25-34|male|tertiary|Q3|unemployed,0.9999564602678905,1.4337134684591428e-05,2.920259742493718e-05,1637.60150988,1,0
Central_West|25-34|male|tertiary|Q4|informal,1.533407296117794e-06,0.3863604309775633,0.6136380356151407,18713.07233008,23,0
Central_West|25-34|male|tertiary|Q4|self_employed,1.7189286741337323e-05,1.4065333315713694e-05,0.999968745379943,1669.24878778,2,0
Central_West|25-34|male|tertiary|Q4|unemployed,0.9999124673512695,2.88234978339285e-05,5.870915089661444e-05,814.51130275,1,0
Central_West|25-34|male|tertiary|Q5|informal,0.01569333985523379,0.15232610084413628,0.8319805593006299,87694.22919507,93,0
Central_West|25-34|male|tertiary|Q5|self_employed,3.485430430894072e-06,0.2090903229682321,0.7909061916013368,8232.718170780001,3,0
Central_West|35-44|female|no_education|Q1|formal,0.9998607647541485,4.58485703952734e-05,9.33866754562205e-05,512.01950379,1,0
Central_West|35-44|female|no_education|Q2|formal,0.9998698816388396,4.2846484774003596e-05,8.727187638640674e-05,547.90171459,1,0
Central_West|35-44|female|no_education|Q3|informal,1.4855054092964929e-05,0.6002462212766788,0.3997389236692283,1931.5600804599999,2,0
Central_West|35-44|female|no_education|Q4|formal,0.0005031336390223574,0.00041169493776487323,0.9990851714232127,56.93239211,1,0
Central_West|35-44|female|no_education|Q4|informal,0.00013763877477635124,0.00011262452442196046,0.9997497367008018,208.37987808,1,0
Central_West|35-44|female|no_education|Q5|formal,4.8213692204005724e-05,3.945141304785797e-05,0.9999123348947481,595.06111861,1,0
Central_West|35-44|female|primary|Q1|formal,0.7086451335031995,0.1716159616505722,0.1197389048462283,17027.579949940002,22,0
Central_West|35-44|female|primary|Q1|informal,0.5996598573865777,0.23543891494283084,0.16490122767059168,21984.83681745,29,0
Central_West|35-44|female|primary|Q1|unemployed,0.8792703807976125,3.389991815696021e-06,0.12072622921057169,6926.15481029,5,0
Central_West|35-44|female|primary|Q2|formal,0.540416096968798,0.14660341840955812,0.3129804846216439,16108.69709878,17,0
Central_West|35-44|female|primary|Q2|informal,0.3112915792211653,0.2668478295618881,0.42186059121694675,19542.01347819,29,0
Central_West|35-44|female|primary|Q2|unemployed,0.9999452562022413,1.8026505069890516e-05,3.6717292688919414e-05,1302.42353572,2,0
Central_West|35-44|female|primary|Q3|formal,0.22987618084349556,0.08293734594110294,0.6871864732154015,8098.12065037,13,0
Central_West|35-44|female|primary|Q3|informal,0.21313896107577712,0.15083536055035046,0.6360256783738725,9832.55903947,12,0
Central_West|35-44|female|primary|Q3|self_employed,0.00011227353503412691,0.9997006028126427,0.0001871236523231332,255.48039992,1,0
Central_West|35-44|female|primary|Q3|unemployed,0.3512550782417577,1.1644958266833745e-05,0.6487332767999754,2016.2187005300002,2,0
Central_West|35-44|female|primary|Q4|formal,3.2530561151613098e-06,0.15958061783697688,0.8404161291069079,8820.80992858,12,0
Central_West|35-44|female|primary|Q4|informal,0.02826751542526861,0.17030754543816773,0.8014249391365639,18649.07872491,20,0
Central_West|35-44|female|primary|Q4|unemployed,6.061545974044616e-05,0.999838358183421,0.00010102635683850526,473.2926808,1,0
Central_West|35-44|female|primary|Q5|formal,6.5651496316784075e-06,5.372009858618931e-06,0.9999880628405097,4370.69375099,7,0
Central_West|35-44|female|primary|Q5|informal,3.7207075607753817e-06,0.08314560770467704,0.9168506715877621,7712.11992477,12,0
Central_West|35-44|female|primary|Q5|self_employed,1.8007562775297398e-05,1.4734897174592766e-05,0.9999672575400501,1593.39243107,1,0
Central_West|35-44|female|secondary|Q1|formal,0.5821862909757326,0.4178068347708464,6.874253420979693e-06,6957.03919264,5,0
Central_West|35-44|female|secondary|Q1|informal,0.4455623760876785,0.5544325715590313,5.052353290088414e-06,9465.8132387,11,0
Central_West|35-44|female|secondary|Q1|unemployed,0.9999818963875735,5.9613120490534274e-06,1.2142300377496636e-05,3938.6213632,2,0
Central_West|35-44|female|secondary|Q2|formal,0.12920146442731073,0.3709635265960015,0.49983500897668776,6154.10864554,5,0
Central_West|35-44|female|secondary|Q2|informal,0.24601666652162568,0.5149889399508131,0.23899439352756136,27101.89340982,25,0
Central_West|35-44|female|secondary|Q2|self_employed,2.5248905515073402e-05,2.066020988947909e-05,0.9999540908845955,1136.38153847,2,0
Central_West|35-44|female|secondary|Q2|unemployed,0.9999706199078675,9.674527553123618e-06,1.970556457936928e-05,2426.88643333,3,0
Central_West|35-44|female|secondary|Q3|formal,0.5473729243599047,0.11678192644083861,0.33584514919925673,5579.51132211,5,0
Central_West|35-44|female|secondary|Q3|informal,0.17285012087541532,0.3756241798942833,0.4515256992303014,36147.37007836,42,0
Central_West|35-44|female|secondary|Q3|self_employed,4.711359144438016e-05,0.9998743632970989,7.852311145678798e-05,608.95811051,1,0
Central_West|35-44|female|secondary|Q3|unemployed,5.852070221624998e-06,0.6468512486810956,0.3531428992486828,4903.27844519,3,0
Central_West|35-44|female|secondary|Q4|formal,6.5882798523702214e-06,5.390936430069625e-06,0.9999880207837175,4355.34871005,5,0
Central_West|35-44|female|secondary|Q4|informal,0.029883415549261976,0.1711931683857852,0.798923416064953,33237.66047479,31,0
Central_West|35-44|female|secondary|Q4|unemployed,0.532089006019847,0.4678969504175027,1.4043562650378045e-05,3405.3847111,2,0
Central_West|35-44|female|secondary|Q5|formal,1.0204818518552212e-05,8.350211154755427e-06,0.9999814449703268,2811.7986077299997,2,0
Central_West|35-44|female|secondary|Q5|informal,1.913574761466388e-06,0.013707470124622092,0.9862906163006164,14995.35017121,27,0
Central_West|35-44|female|secondary|Q5|self_employed,5.1126099148102913e-05,4.1834523821222095e-05,0.9999070393770305,561.15766414,1,0
Central_West|35-44|female|secondary|Q5|unemployed,1.3369739647418615e-05,1.0939944589616233e-05,0.999975690315763,2146.15832224,3,0
Central_West|35-44|female|tertiary|Q1|formal,0.9999185328745677,2.6826190541350405e-05,5.464093489096202e-05,875.16207212,1,0
Central_West|35-44|female|tertiary|Q1|informal,0.3374183493428653,0.6625708657764804,1.078488065428678e-05,4434.36148625,4,0
Central_West|35-44|female|tertiary|Q1|self_employed,5.2017780928331204e-05,0.9998612854106912,8.669680838049024e-05,551.53666101,1,0
Central_West|35-44|female|tertiary|Q1|unemployed,2.5097012017675592e-05,0.9999330743900877,4.182859789457545e-05,1143.25981368,2,0
Central_West|35-44|female|tertiary|Q2|formal,2.9785183016257443e-05,0.9999205725550792,4.964226190456115e-05,963.29562422,1,0
Central_West|35-44|female|tertiary|Q2|informal,0.5086303566703476,0.3020061790996738,0.18936346422997852,10414.70582243,10,0
Central_West|35-44|female|tertiary|Q2|self_employed,0.9999057268515995,3.104306710842664e-05,6.323008129211321e-05,756.26685764,1,0
Central_West|35-44|female|tertiary|Q2|unemployed,1.7051750790511304e-05,1.3952792928182111e-05,0.9999689954562814,1682.71341529,2,0
Central_West|35-44|female|tertiary|Q3|informal,0.1467531184247243,0.13420986829558249,0.7190370132796932,10338.38503719,15,0
Central_West|35-44|female|tertiary|Q3|self_employed,9.276411808320206e-06,0.28128282059095616,0.7187079029972357,3093.2205184699997,5,0
Central_West|35-44|female|tertiary|Q4|formal,5.110411383027997e-05,0.9998637218651882,8.517402098145755e-05,561.39912079,1,0
Central_West|35-44|female|tertiary|Q4|informal,6.605564846433155e-07,0.2815331440264215,0.7184661954170939,43440.41667277,47,0
Central_West|35-44|female|tertiary|Q4|self_employed,6.061545974044616e-05,0.999838358183421,0.00010102635683850526,473.2926808,1,0
Central_West|35-44|female|tertiary|Q5|informal,4.569261001472309e-07,0.21972725033041335,0.7802722927434865,62799.803475,56,0
Central_West|35-44|female|tertiary|Q5|self_employed,2.2872524314169283e-06,0.26619963040178873,0.7337980823457798,12545.48289689,8,0
Central_West|35-44|male|no_education|Q1|informal,0.7034194143426804,0.29656699865028174,1.3587007038035133e-05,3519.8170620399997,6,0
Central_West|35-44|male|no_education|Q2|formal,0.9998943861724033,3.477742276870345e-05,7.083640482800087e-05,675.04914134,1,0
Central_West|35-44|male|no_education|Q2|informal,0.7933544947164325,0.2066278686442945,1.7636639272995246e-05,2711.59224221,4,0
Central_West|35-44|male|no_education|Q3|formal,3.054990375697251e-05,2.499781320602732e-05,0.999944452283037,939.18004529,1,0
Central_West|35-44|male|no_education|Q3|informal,0.22783156571049837,0.5455363806083363,0.22663205368116537,6047.56827651,8,0
Central_West|35-44|male|no_education|Q4|formal,0.00018869782751166318,0.00015440418673800678,0.9996568979857504,151.96807287,1,0
Central_West|35-44|male|no_education|Q4|informal,1.2911235588650998e-05,0.09196833427495185,0.9080187544894597,2222.37629109,5,0
Central_West|35-44|male|no_education|Q4|unemployed,4.645463249296146e-05,0.9998761205273898,7.74248401172153e-05,617.59759967,1,0
Central_West|35-44|male|no_education|Q5|informal,5.613376180228514e-06,4.593210188967921e-06,0.9999897934136308,5111.78170241,7,0
Central_West|35-44|male|no_education|Q5|unemployed,4.465352631539412e-05,3.6538266002487284e-05,0.999918808207682,642.51251803,1,0
Central_West|35-44|male|primary|Q1|formal,0.00031017982288564715,0.999172850783413,0.0005169693937013947,92.41057892,1,0
Central_West|35-44|male|primary|Q1|informal,0.44370662955881685,0.5312437917602492,0.025049578680934038,38531.27815298,82,0
Central_West|35-44|male|primary|Q1|unemployed,0.9092028364540722,0.09076906900349604,2.8094542431852997e-05,1702.19282115,3,0
Central_West|35-44|male|primary|Q2|formal,0.051224715784460875,0.07871210775023986,0.8700631764652991,4744.26844916,6,0
Central_West|35-44|male|primary|Q2|informal,0.3028375455349438,0.3033317018967644,0.3938307525682917,82316.30026302,123,0
Central_West|35-44|male|primary|Q2|self_employed,3.6009854344775474e-05,2.9465481123864426e-05,0.9999345246645313,796.76284509,1,0
Central_West|35-44|male|primary|Q2|unemployed,0.2351534240674466,0.23603383977244374,0.5288127361601097,2973.53905173,5,0
Central_West|35-44|male|primary|Q3|formal,0.035964738359557005,9.787025062760305e-06,0.9640254746153802,2398.9893013700002,4,0
Central_West|35-44|male|primary|Q3|informal,0.13584987569281615,0.2879561531219882,0.5761939711851957,52253.83320143,98,0
Central_West|35-44|male|primary|Q3|self_employed,0.23239677920636892,0.08420488342574992,0.6833983373678812,3259.10307412,3,0
Central_West|35-44|male|primary|Q3|unemployed,0.9996532295826864,0.0001141875233671496,0.00023258289394639274,205.52620528,1,0
Central_West|35-44|male|primary|Q4|formal,4.9593244014383255e-05,4.05802473230227e-05,0.9999098265086624,578.50532326,2,0
Central_West|35-44|male|primary|Q4|informal,0.022756127050129346,0.1367340637132136,0.8405098092366571,76194.72755591,124,0
Central_West|35-44|male|primary|Q4|self_employed,1.1958263888853721e-05,0.9999681111797816,1.9930556329645936e-05,2399.48870712,3,0
Central_West|35-44|male|primary|Q4|unemployed,3.462981749571655e-05,2.833624996017096e-05,0.9999370339325441,828.51871819,1,0
Central_West|35-44|male|primary|Q5|formal,1.3499281857564536e-05,1.1045944006088521e-05,0.9999754547741365,2125.56233428,3,0
Central_West|35-44|male|primary|Q5|informal,0.02386790842374311,0.0966124752675862,0.8795196163086707,53606.21890988,99,0
Central_West|35-44|male|primary|Q5|unemployed,4.218490646018901e-05,3.451828916367243e-05,0.9999232968043761,680.11757999,1,0
Central_West|35-44|male|secondary|Q1|formal,8.16211505699344e-05,6.678745346759314e-05,0.9998515913959625,351.46224562,1,0
Central_West|35-44|male|secondary|Q1|informal,0.45986526171727976,0.5225426764913883,0.017592061791331878,16421.692688350002,28,0
Central_West|35-44|male|secondary|Q1|unemployed,5.486194105491278e-05,0.999853700955975,9.14371029700923e-05,522.93863904,1,0
Central_West|35-44|male|secondary|Q2|formal,0.9999546596419445,1.4930060167920945e-05,3.041029788765705e-05,1572.56259186,1,0
Central_West|35-44|male|secondary|Q2|informal,0.1604796254413944,0.5345679835414506,0.30495239101715504,42792.53895617,50,0
Central_West|35-44|male|secondary|Q2|unemployed,0.9605055297864484,0.03944554661195582,4.89236015957704e-05,977.44736641,2,0
Central_West|35-44|male|secondary|Q3|formal,8.02145189395441e-05,6.56364608155079e-05,0.9998541490202449,357.62719657,1,0
Central_West|35-44|male|secondary|Q3|informal,0.2794267399880615,0.2967088985822539,0.42386436142968464,47201.97328593,52,0
Central_West|35-44|male|secondary|Q3|self_employed,0.26524889080631314,4.149481141567802e-06,0.7347469597125452,5658.42604681,5,0
Central_West|35-44|male|secondary|Q3|unemployed,4.594570979770923e-05,0.9998774776595358,7.657663066645933e-05,624.4395949,1,0
Central_West|35-44|male|secondary|Q4|informal,0.03752817100616145,0.24209625321174766,0.7203755757820909,84840.26107148,91,0
Central_West|35-44|male|secondary|Q4|self_employed,0.4172218870196821,0.5827466756375573,3.143734276076686e-05,1521.18436106,2,0
Central_West|35-44|male|secondary|Q4|unemployed,2.064465645892411e-05,1.6892729678240163e-05,0.9999624626138629,1389.84393254,1,0
Central_West|35-44|male|secondary|Q5|formal,0.00011036884896803179,9.031059122853727e-05,0.9997993205598034,259.89106861,1,0
Central_West|35-44|male|secondary|Q5|informal,0.043358377096574585,0.10375605810587145,0.852885564797554,54070.99963625,76,0
Central_West|35-44|male|secondary|Q5|self_employed,3.3413922435206364e-05,2.7341329719421336e-05,0.9999392447478452,858.67122149,1,0
Central_West|35-44|male|tertiary|Q1|informal,0.3389875248957608,0.25250874724758127,0.4085037278566578,4201.72280809,4,0
Central_West|35-44|male|tertiary|Q2|informal,0.028066157486313845,0.2676150334766066,0.7043188090370796,6834.769115179999,8,0
Central_West|35-44|male|tertiary|Q2|unemployed,2.0014328799249056e-05,0.5402782024842351,0.45970178318696575,1433.61857594,2,0
Central_West|35-44|male|tertiary|Q3|informal,0.04264525225681402,0.7124196403451138,0.2449351073980722,16478.9684891,17,0
Central_West|35-44|male|tertiary|Q3|self_employed,9.272053961883022e-05,7.586965733810441e-05,0.999831409803043,309.37743728,1,0
Central_West|35-44|male|tertiary|Q4|informal,0.0514267392494726,0.30331513104555163,0.6452581297049758,29751.56840975,29,0
Central_West|35-44|male|tertiary|Q4|self_employed,5.702794756011696e-05,4.666377976086295e-05,0.999896308272679,503.07285142,1,0
Central_West|35-44|male|tertiary|Q5|informal,0.00917032538644622,0.10197451713293468,0.888855157480619,96806.7152911,104,0
Central_West|35-44|male|tertiary|Q5|self_employed,5.036315226335791e-06,0.34514817323276326,0.6548467904520103,5697.50106246,6,0
Central_West|35-44|male|tertiary|Q5|unemployed,6.629677165365368e-05,5.4248102617424316e-05,0.9998794551257288,432.72522314,1,0
Central_West|45-54|female|no_education|Q1|formal,0.08906066433494465,0.9109158160818803,2.3519583175000284e-05,2033.3177497699999,2,0
Central_West|45-54|female|no_education|Q1|informal,0.9999805152124217,6.416117194040146e-06,1.3068670384337079e-05,3659.42591111,3,0
Central_West|45-54|female|no_education|Q1|unemployed,0.9998299756562172,5.598706740636282e-05,0.00011403727637628925,419.28162165,1,0
Central_West|45-54|female|no_education|Q2|informal,0.6652665388426444,1.1405873440907722e-05,0.33472205528391474,2058.48387277,3,0
Central_West|45-54|female|no_education|Q2|unemployed,4.9632515641848686e-05,4.0612381787847434e-05,0.9999097551025702,578.04750297,1,0
Central_West|45-54|female|no_education|Q3|formal,3.0177161047535956e-05,2.4692812159263727e-05,0.9999451300267931,950.78185861,2,0
Central_West|45-54|female|no_education|Q3|informal,0.2431047383067159,8.455449273529501e-06,0.7568868062440107,2776.80118653,2,0
Central_West|45-54|female|no_education|Q3|self_employed,0.9998299756562172,5.598706740636282e-05,0.00011403727637628925,419.28162165,1,0
Central_West|45-54|female|no_education|Q3|unemployed,4.725462983803449e-05,3.866664913932985e-05,0.9999140787210226,607.14028699,1,0
Central_West|45-54|female|no_education|Q4|formal,0.999874781909757,4.123288173307696e-05,8.398520850998105e-05,569.34715318,1,0
Central_West|45-54|female|no_education|Q4|informal,0.00027713460051143274,0.0002267686023374346,0.9994960967971511,103.44143774,1,0
Central_West|45-54|female|no_education|Q5|formal,0.00020549710880952927,0.0001681503935745412,0.999626352497616,139.53658735,1,0
Central_West|45-54|female|no_education|Q5|informal,0.00048744538511108655,0.0003988578419781748,0.9991136967729107,58.76795908,1,0
Central_West|45-54|female|primary|Q1|formal,0.6219313259238922,0.3694101295290266,0.008658544547081164,25966.04142543,22,0
Central_West|45-54|female|primary|Q1|informal,0.7654870512342963,0.09534025752037863,0.139172691245325,10293.96462603,19,0
Central_West|45-54|female|primary|Q1|unemployed,0.6559644188360186,2.6418503055268593e-06,0.3440329393136759,8887.59021893,8,0
Central_West|45-54|female|primary|Q2|formal,0.6823909787542808,0.0797858462909157,0.23782317495480368,18250.86897547,19,0
Central_West|45-54|female|primary|Q2|informal,0.30440888694324425,0.3158787591692007,0.3797123538875551,29527.91865706,34,0
Central_West|45-54|female|primary|Q2|self_employed,0.999872171580722,4.2092433161936756e-05,8.573598611619264e-05,557.71871839,1,0
Central_West|45-54|female|primary|Q2|unemployed,0.42535806657493647,0.2964514467364193,0.27819048668864416,4850.63723383,6,0
Central_West|45-54|female|primary|Q3|formal,0.19751609902373352,0.19666338167449227,0.6058205193017743,17493.63636075,20,0
Central_West|45-54|female|primary|Q3|informal,0.3173076679060838,0.4142625429866258,0.26842978910729054,26284.06397417,25,0
Central_West|45-54|female|primary|Q3|unemployed,0.40025873001768575,3.970645956800342e-06,0.5997372993363574,5913.28219921,8,0
Central_West|45-54|female|primary|Q4|formal,2.3836883372220566e-06,1.950480638802768e-06,0.999995665831024,12037.93137196,13,0
Central_West|45-54|female|primary|Q4|informal,0.0961221369788474,0.1416514616462466,0.762226401374906,28603.02317557,37,0
Central_West|45-54|female|primary|Q4|unemployed,2.236607830742804e-05,1.8301303078667133e-05,0.9999593326186139,1282.8658642,2,0
Central_West|45-54|female|primary|Q5|formal,4.502051636973532e-06,3.683855987247362e-06,0.9999918140923757,6373.64186222,7,0
Central_West|45-54|female|primary|Q5|informal,1.4617270850800046e-06,0.07300509061271511,0.9269934476601999,19630.72936435,19,0
Central_West|45-54|female|primary|Q5|unemployed,2.54549954158594e-05,0.5402219731902639,0.45975257181432033,1127.18030454,2,0
Central_West|45-54|female|secondary|Q1|formal,0.5645431470943557,0.10095503341249325,0.33450181949315094,6825.008727980001,4,0
Central_West|45-54|female|secondary|Q1|informal,0.6432249805174332,0.3091039549824032,0.047671064500163604,10871.69454879,10,0
Central_West|45-54|female|secondary|Q1|unemployed,0.07867154334694194,0.9213079710120621,2.048564099599105e-05,2334.4687794,4,0
Central_West|45-54|female|secondary|Q2|formal,0.9999191352148693,2.662784678469926e-05,5.423693834599979e-05,881.68166677,1,0
Central_West|45-54|female|secondary|Q2|informal,0.3364491766739607,0.3871825788090948,0.2763682445169446,23452.84398753,23,0
Central_West|45-54|female|secondary|Q2|self_employed,0.5902057589346135,0.4097419477417727,5.22933236139766e-05,914.45533116,3,0
Central_West|45-54|female|secondary|Q2|unemployed,0.5273407358923653,0.47261819799372684,4.106611390789264e-05,1164.48883844,2,0
Central_West|45-54|female|secondary|Q3|formal,7.857911274343966e-06,0.3900515773163804,0.6099405647723453,3651.6229557100005,2,0
Central_West|45-54|female|secondary|Q3|informal,0.09320139459267017,0.4475429270410681,0.4592556783662617,15967.077356400001,21,0
Central_West|45-54|female|secondary|Q3|unemployed,0.9999058678251448,3.099664613595305e-05,6.313552871929842e-05,757.39960229,1,0
Central_West|45-54|female|secondary|Q4|formal,5.437366905512749e-06,0.188636093147619,0.8113584694854754,5277.25491886,5,0
Central_West|45-54|female|secondary|Q4|informal,0.01663572978306893,0.2716851959942018,0.7116790742227294,27383.69006424,31,0
Central_West|45-54|female|secondary|Q4|self_employed,5.936752612933499e-05,0.9998416860185432,9.894645532745959e-05,483.24361991,1,0
Central_West|45-54|female|secondary|Q4|unemployed,2.220789420744972e-05,0.08845345353033532,0.9115243385754572,1292.00427231,3,0
Central_West|45-54|female|secondary|Q5|formal,0.5225504556573876,6.734961267008379e-06,0.4774428093813454,3486.17797391,4,0
Central_West|45-54|female|secondary|Q5|informal,0.025196818925092436,0.040135306666107345,0.9346678744088004,20305.37071303,29,0
Central_West|45-54|female|secondary|Q5|self_employed,1.2908128650716645e-05,0.4180882523896187,0.5818988394817305,2222.91123276,3,0
Central_West|45-54|female|secondary|Q5|unemployed,2.7615349394794288e-05,2.2596580050851787e-05,0.9999497880705543,1038.99295422,1,0
Central_West|45-54|female|tertiary|Q1|informal,0.31938019021628034,0.6806009922280438,1.8817555675818526e-05,2541.41701311,3,0
Central_West|45-54|female|tertiary|Q2|informal,1.980719807397526e-05,0.9999471806121454,3.301218978064044e-05,1448.61146728,3,0
Central_West|45-54|female|tertiary|Q2|self_employed,0.7632478578209921,8.846260001214656e-06,0.23674329591900675,2654.12304082,2,0
Central_West|45-54|female|tertiary|Q2|unemployed,1.2897682590775204e-05,0.9999656060540899,2.1496263319372158e-05,2224.71168865,1,0
Central_West|45-54|female|tertiary|Q3|formal,5.07230411098131e-05,4.150471690488911e-05,0.9999077722419851,565.61755866,1,0
Central_West|45-54|female|tertiary|Q3|informal,0.1909424364513531,0.1651495717705704,0.6439079917780767,3649.47663962,5,0
Central_West|45-54|female|tertiary|Q3|self_employed,1.1982741406192712e-05,9.805017186012211e-06,0.9999782122414079,2394.58699288,1,0
Central_West|45-54|female|tertiary|Q3|unemployed,0.35134226474983876,6.837900839818913e-06,0.6486508973493215,3433.69462065,2,0
Central_West|45-54|female|tertiary|Q4|informal,2.298609483829833e-06,0.31495787464523206,0.685039826745284,12483.49722968,22,0
Central_West|45-54|female|tertiary|Q4|self_employed,4.1342803962186976e-05,0.9998897521199455,6.890507609235082e-05,693.97278255,1,0
Central_West|45-54|female|tertiary|Q4|unemployed,1.608541420450803e-05,0.7906547157317987,0.20932919885399687,1783.80898858,3,0
Central_West|45-54|female|tertiary|Q5|informal,0.018189033873555433,0.08997032294755532,0.8918406431788892,59869.31908708,68,0
Central_West|45-54|female|tertiary|Q5|self_employed,1.4261417335929481e-06,0.1429774910282571,0.8570210828300092,20120.561438160003,15,0
Central_West|45-54|female|tertiary|Q5|unemployed,1.544124839317125e-05,1.2634980655618816e-05,0.9999719237709512,1858.2286955700001,2,0
Central_West|45-54|male|no_education|Q1|informal,0.6195196474699597,0.3220662632866819,0.058414089243358495,1477.3132468000001,7,0
Central_West|45-54|male|no_education|Q1|unemployed,0.9996102477750172,0.0001283409399290789,0.0002614112850536943,182.84978308,1,0
Central_West|45-54|male|no_education|Q2|formal,0.5659778820569875,0.43388596640541743,0.00013615153759499995,351.1640308,2,0
Central_West|45-54|male|no_education|Q2|informal,0.7664165713438822,0.08273403857127981,0.15084939008483775,5954.52918473,13,0
Central_West|45-54|male|no_education|Q2|unemployed,0.22233946627446474,0.3762003919346831,0.40146014179085215,1545.79969826,3,0
Central_West|45-54|male|no_education|Q3|formal,0.00010692604519590634,8.749347709668159e-05,0.9998055804777074,268.26225853,1,0
Central_West|45-54|male|no_education|Q3|informal,0.12263053064099007,0.6037628998977519,0.27360656946125794,7800.90848993,16,0
Central_West|45-54|male|no_education|Q3|unemployed,0.9998825018214001,3.869080332289266e-05,7.880737527702555e-05,606.76119449,1,0
Central_West|45-54|male|no_education|Q4|formal,0.9998090975200208,6.286199832827733e-05,0.00012804048165081954,373.41576063,1,0
Central_West|45-54|male|no_education|Q4|informal,4.050993231757531e-06,0.3891897007472351,0.6108062482595331,7083.32703698,12,0
Central_West|45-54|male|no_education|Q4|unemployed,5.0632285841685356e-05,4.1430455353750753e-05,0.9999079372588044,566.6315727,1,0
Central_West|45-54|male|no_education|Q5|formal,0.00018818182059194836,0.00015398195808895236,0.9996578362213192,152.38505352,1,0
Central_West|45-54|male|no_education|Q5|informal,3.985725684045369e-06,0.7592964302092904,0.2406995840650255,7199.320446649999,6,0
Central_West|45-54|male|primary|Q1|formal,0.5552686408128045,0.4446902910607712,4.106812642441482e-05,1164.4317685300002,4,0
Central_West|45-54|male|primary|Q1|informal,0.4688812135846725,0.5086326971854537,0.022486089229873954,50507.44089195,80,0
Central_West|45-54|male|primary|Q1|self_employed,2.064465645892411e-05,0.9999449473816258,3.4407961915299134e-05,1389.84393254,1,0
Central_West|45-54|male|primary|Q1|unemployed,0.6269341199489575,0.2617571307830689,0.11130874926797377,2959.15804489,4,0
Central_West|45-54|male|primary|Q2|formal,0.5237276504948112,1.1641257498863275e-05,0.47626070824769,2016.85969036,5,0
Central_West|45-54|male|primary|Q2|informal,0.299777898429686,0.4346367132886909,0.26558538828162315,58148.47885857,106,0
Central_West|45-54|male|primary|Q2|self_employed,0.5563870375623344,0.4435925211758709,2.0441261794748826e-05,2339.5372677699997,3,0
Central_West|45-54|male|primary|Q2|unemployed,0.587472468068615,6.813066053288523e-06,0.4125207188653318,3446.21138707,8,0
Central_West|45-54|male|primary|Q3|formal,0.13233627917405769,7.386322931804064e-06,0.8676563345030105,3178.741128,5,0
Central_West|45-54|male|primary|Q3|informal,0.19703082588147836,0.35288587807211824,0.4500832960464033,80519.6779186,131,0
Central_West|45-54|male|primary|Q3|self_employed,0.23445089720743853,0.7655261261219439,2.2976670617540684e-05,2081.36509524,2,0
Central_West|45-54|male|primary|Q3|unemployed,0.5985541501380361,0.4013304324817185,0.00011541738024524238,414.26686393,2,0
Central_West|45-54|male|primary|Q4|informal,0.06782703845461859,0.2708313805130015,0.6613415810323798,79000.40279757,143,0
Central_West|45-54|male|primary|Q4|self_employed,1.4042713319246964e-05,0.2060351969179449,0.7939507603687359,2043.30246305,2,0
Central_West|45-54|male|primary|Q4|unemployed,7.538270901408834e-06,0.1726936129613079,0.8272988487677907,3806.4645769100002,5,0
Central_West|45-54|male|primary|Q5|formal,1.180869546441299e-05,9.66260207477365e-06,0.999978528702461,2429.88179358,3,0
Central_West|45-54|male|primary|Q5|informal,0.007542679393326779,0.043193736833332004,0.9492635837733412,61945.81404725,114,0
Central_West|45-54|male|primary|Q5|self_employed,1.09958883231424e-05,8.997513200790866e-06,0.9999800065984762,2609.50407574,2,0
Central_West|45-54|male|secondary|Q1|informal,0.4179053002162809,0.5687884422565689,0.013306257527150079,11040.53660185,14,0
Central_West|45-54|male|secondary|Q1|unemployed,4.637101139673425e-05,0.9998763435177945,7.728547080874433e-05,618.7114971,2,0
Central_West|45-54|male|secondary|Q2|formal,0.00031017982288564715,0.00025380823895408716,0.9994360119381602,92.41057892,1,0
Central_West|45-54|male|secondary|Q2|informal,0.1430670819032315,0.5984579484570454,0.2584749696397231,26143.46703644,44,0
Central_West|45-54|male|secondary|Q3|informal,0.2901311211573896,0.4263802535777174,0.283488625264893,26072.28538344,31,0
Central_West|45-54|male|secondary|Q3|self_employed,1.105012833136821e-05,0.5187643131699948,0.4812246367016738,2596.69472708,2,0
Central_West|45-54|male|secondary|Q3|unemployed,5.375417915720419e-05,0.9998566549984956,8.959082234714203e-05,533.71737819,1,0
Central_West|45-54|male|secondary|Q4|informal,0.0438134830233308,0.21752463609682593,0.7386618808798433,48982.12729022,67,0
Central_West|45-54|male|secondary|Q4|unemployed,1.4315493760699207e-05,0.6018721177234143,0.398113566782825,2004.36561356,2,0
Central_West|45-54|male|secondary|Q5|informal,4.906431649567819e-07,0.1034918558767243,0.8965076534801106,58484.18559477,83,0
Central_West|45-54|male|secondary|Q5|self_employed,9.089048322423115e-06,7.437219245989699e-06,0.9999834737324317,3156.98685514,2,0
Central_West|45-54|male|secondary|Q5|unemployed,1.6092472621607626e-05,1.316785243640066e-05,0.999970739674942,1783.0265374300002,2,0
Central_West|45-54|male|tertiary|Q1|informal,7.683193339140731e-05,0.9997951140956806,0.00012805397092803523,373.37641427,1,0
Central_West|45-54|male|tertiary|Q2|informal,0.41296888827466455,0.5870086463513389,2.2465373996527672e-05,2128.73782405,3,0
Central_West|45-54|male|tertiary|Q3|informal,0.14874319741593134,0.4000493903764323,0.4512074122076363,11116.7119537,11,0
Central_West|45-54|male|tertiary|Q4|informal,0.05032491733532792,0.4596031966999076,0.4900718859647645,12408.62956937,15,0
Central_West|45-54|male|tertiary|Q4|unemployed,6.915415760486148e-06,0.22981292540385995,0.7701801591803794,4149.31284491,3,0
Central_West|45-54|male|tertiary|Q5|informal,1.928790487705854e-07,0.13340867676270535,0.8665911303582458,148771.44966989002,97,0
Central_West|45-54|male|tertiary|Q5|self_employed,4.330807832368042e-06,0.5326560780201752,0.46733959117199236,6625.66500624,9,0
Central_West|45-54|male|tertiary|Q5|unemployed,1.4417383587571037e-05,1.1797191398990536e-05,0.9999737854250135,1990.19975239,3,0
Central_West|55-64|female|no_education|Q1|formal,0.9998484785825649,4.9894265860475704e-05,0.00010162715157458822,470.49409965,1,0
Central_West|55-64|female|no_education|Q1|informal,0.8753317749282128,0.1246538145129491,1.4410558838200896e-05,3318.6566445,5,0
Central_West|55-64|female|no_education|Q1|unemployed,0.6283044903655917,0.13079731959730098,0.24089819003710716,4160.65276445,5,0
Central_West|55-64|female|no_education|Q2|formal,1.312388250553356e-05,0.9999650028521133,2.1873265381273027e-05,2186.3653979,2,0
Central_West|55-64|female|no_education|Q2|informal,0.6044485367730654,0.3561242778393715,0.03942718538756303,3725.9979307500003,8,0
Central_West|55-64|female|no_education|Q2|unemployed,0.5050080802112288,1.612237572881303e-05,0.49497579741304254,1456.2577673199999,2,0
Central_West|55-64|female|no_education|Q3|informal,1.8189022400249517e-05,0.34447775672209946,0.6555040542555004,1577.4952304099997,2,0
Central_West|55-64|female|no_education|Q3|unemployed,0.5547036775022236,0.1734278858382811,0.27186843665949545,2705.22166012,5,0
Central_West|55-64|female|no_education|Q4|formal,2.5791010597360603e-05,0.9999312237204466,4.298526895599925e-05,1112.49366422,1,0
Central_West|55-64|female|no_education|Q4|informal,0.13172834493371227,0.23179394173671564,0.636477713329572,2508.4490237600003,6,0
Central_West|55-64|female|no_education|Q4|unemployed,0.9997210072249755,9.186912270134107e-05,0.0001871236523231332,255.48039992,1,0
Central_West|55-64|female|no_education|Q5|informal,0.2232420979330847,8.808271516943795e-06,0.7767490937953985,2665.5702254400003,3,0
Central_West|55-64|female|no_education|Q5|unemployed,2.636820276700965e-05,2.157608785258187e-05,0.9999520557093804,1088.13931756,1,0
Central_West|55-64|female|primary|Q1|formal,0.9999888630868385,3.6672578408088813e-06,7.46965532057691e-06,6402.48965678,9,0
Central_West|55-64|female|primary|Q1|informal,0.8347438324333917,0.16525222646192542,3.9411046828260495e-06,12134.85751677,14,0
Central_West|55-64|female|primary|Q1|unemployed,0.6121131772024432,0.11990390922273515,0.2679829135748217,11412.48779349,11,0
Central_West|55-64|female|primary|Q2|formal,0.36870890368496795,0.21723893555720686,0.41405216075782514,5875.36606709,6,0
Central_West|55-64|female|primary|Q2|informal,0.3969711731585143,0.5530192336150257,0.05000959322645984,15207.32901315,23,0
Central_West|55-64|female|primary|Q2|self_employed,1.123535940831323e-05,0.9999700389321067,1.8725708485152786e-05,2553.88282704,1,0
Central_West|55-64|female|primary|Q2|unemployed,0.5443663022822692,0.34997713334699704,0.10565656437073373,8380.66739322,10,0
Central_West|55-64|female|primary|Q3|formal,0.40888678972495224,0.4820759418377358,0.10903726843731197,4861.45645831,6,0
Central_West|55-64|female|primary|Q3|informal,0.3742723173715649,0.2694456724328102,0.3562820101956249,19667.44699888,26,0
Central_West|55-64|female|primary|Q3|self_employed,8.697274759336571e-06,7.116645982420514e-06,0.9999841860792583,3299.19958274,1,0
Central_West|55-64|female|primary|Q3|unemployed,0.4357180007583721,0.31280549923290885,0.25147650000871924,19497.04772123,22,0
Central_West|55-64|female|primary|Q4|formal,0.6610121497417928,7.3475587707917496e-06,0.3389805026994363,3195.5120192800005,5,0
Central_West|55-64|female|primary|Q4|informal,0.08673982834181147,0.37617954567710854,0.53708062598108,30415.82322547,35,0
Central_West|55-64|female|primary|Q4|unemployed,0.3313169100120203,4.2237434907376275e-06,0.6686788662444889,5558.93718391,8,0
Central_West|55-64|female|primary|Q5|formal,4.390743512085537e-06,3.5927768225993158e-06,0.9999920164796653,6535.220249399999,6,0
Central_West|55-64|female|primary|Q5|informal,0.0776168540882994,0.07720515457292566,0.845177991338775,13802.95258,21,0
Central_West|55-64|female|primary|Q5|self_employed,1.806793308368868e-05,1.478429587988365e-05,0.9999671477710365,1588.06810155,1,0
Central_West|55-64|female|primary|Q5|unemployed,0.2159504634862035,3.628235090303471e-06,0.7840459082787061,6471.35141809,11,0
Central_West|55-64|female|secondary|Q1|formal,0.9998600202858368,4.609371527639751e-05,9.388599888672056e-05,509.29584669,1,0
Central_West|55-64|female|secondary|Q1|informal,1.9004409758796094e-05,0.6753949190786133,0.324586076511628,1509.80824491,3,0
Central_West|55-64|female|secondary|Q1|unemployed,4.051160322455173e-05,3.314908937652236e-05,0.9999263393073988,708.213488,1,0
Central_West|55-64|female|secondary|Q2|formal,0.9999572637914965,1.4072543571979039e-05,2.8663664931533184e-05,1668.39347456,1,0
Central_West|55-64|female|secondary|Q2|informal,0.4443315028992508,0.25874771089898235,0.2969207862017669,11489.3589302,11,0
Central_West|55-64|female|secondary|Q2|unemployed,0.5358048662989766,0.4641669265453065,2.8207155716965956e-05,1695.39664543,2,0
Central_West|55-64|female|secondary|Q3|formal,2.6270147360938984e-05,0.6777913024076696,0.32218242744496967,1092.20125702,2,0
Central_West|55-64|female|secondary|Q3|informal,0.351356577261288,0.363419744903895,0.2852236778348171,10570.396938279999,14,0
Central_West|55-64|female|secondary|Q3|unemployed,0.9999408878292054,1.946496023561256e-05,3.9647210559018526e-05,1206.16740749,2,0
Central_West|55-64|female|secondary|Q4|formal,1.8753588818257483e-05,1.534534164005173e-05,0.9999659010695418,1530.00259863,1,0
Central_West|55-64|female|secondary|Q4|informal,0.0997407365373446,0.32029230825034744,0.5799669552123079,11469.453166340001,14,0
Central_West|55-64|female|secondary|Q4|self_employed,4.862070213101285e-05,3.978445364298589e-05,0.9999115948442259,590.07895108,1,0
Central_West|55-64|female|secondary|Q4|unemployed,0.18374733422744527,0.49732730065714253,0.31892536511541214,4856.19474657,6,0
Central_West|55-64|female|secondary|Q5|formal,4.478824152838746e-05,0.9998805642528651,7.464750560650827e-05,640.57965174,1,0
Central_West|55-64|female|secondary|Q5|informal,0.030956911277837347,0.056047671661103256,0.9129954170610594,20596.89336999,23,0
Central_West|55-64|female|secondary|Q5|unemployed,4.346945979526016e-06,0.2299514714016122,0.7700441816524083,6601.06668567,8,0
Central_West|55-64|female|tertiary|Q1|formal,0.9999477432642843,1.7207544048492912e-05,3.504919166729111e-05,1364.41471832,1,0
Central_West|55-64|female|tertiary|Q1|informal,2.9032144389259574e-05,0.9999225806654217,4.8387190189028124e-05,988.28427502,1,0
Central_West|55-64|female|tertiary|Q2|informal,6.82180859151947e-06,0.792275189049803,0.20771798914160552,4206.25006091,4,0
Central_West|55-64|female|tertiary|Q3|informal,1.3652204992316844e-05,1.1171075135398408e-05,0.9999751767198725,2101.75204519,1,0
Central_West|55-64|female|tertiary|Q3|unemployed,1.1588240225882738e-05,9.48221201800263e-06,0.9999789295477562,2476.10988391,2,0
Central_West|55-64|female|tertiary|Q4|informal,0.06778969853470072,0.2072808279306101,0.7249294735346893,9862.64627247,12,0
Central_West|55-64|female|tertiary|Q4|self_employed,1.5450333382478104e-05,1.2642414553528222e-05,0.999971907252064,1857.13597505,3,0
Central_West|55-64|female|tertiary|Q4|unemployed,2.015868872265007e-05,0.10368529667430552,0.8962945446369719,1423.35146449,2,0
Central_West|55-64|female|tertiary|Q5|informal,0.004301204720852206,0.2160216132162079,0.7796771820629399,39634.59737409,47,0
Central_West|55-64|female|tertiary|Q5|self_employed,3.9726473083472055e-06,0.4209435744310265,0.5790524529216652,7223.02170128,6,0
Central_West|55-64|female|tertiary|Q5|unemployed,0.02922068801683045,0.04963497384314751,0.9211443381400222,16410.40089542,20,0
Central_West|55-64|male|no_education|Q1|informal,0.6676141403482966,0.292710520090733,0.039675339560970364,5035.16398409,13,0
Central_West|55-64|male|no_education|Q1|unemployed,0.9402029029244996,6.244239449869024e-06,0.059790852836050644,3760.15732338,3,0
Central_West|55-64|male|no_education|Q2|informal,0.8547957934647058,0.12128210371214566,0.023922102823148654,3720.44925505,11,0
Central_West|55-64|male|no_education|Q3|formal,0.9996702650101904,0.00010857795236843075,0.00022115703744117032,216.14967692,1,0
Central_West|55-64|male|no_education|Q3|informal,0.40039345184256786,0.45054190324749727,0.1490646449099347,11587.840265390001,13,0
Central_West|55-64|male|no_education|Q3|unemployed,0.48250223868534475,0.15893059253192682,0.35856716878272854,2302.14363452,10,0
Central_West|55-64|male|no_education|Q4|formal,3.156525741696272e-05,2.5828638119009192e-05,0.999942606104464,908.96640188,1,0
Central_West|55-64|male|no_education|Q4|informal,0.19090440420537463,0.03651457735969252,0.7725810184349328,5201.63720857,17,0
Central_West|55-64|male|no_education|Q5|informal,2.1351353710019305e-05,0.21609481722574114,0.7838838314205487,1343.83890777,6,0
Central_West|55-64|male|no_education|Q5|unemployed,4.66892406795713e-05,3.820401290045954e-05,0.9999151067464198,614.49373866,2,0
Central_West|55-64|male|primary|Q1|formal,0.44001210961327375,0.5599708606774407,1.702970928544385e-05,2808.2355442900002,4,0
Central_West|55-64|male|primary|Q1|informal,0.6844353959909688,0.2297330882714615,0.08583151573756984,43819.294702959996,55,0
Central_West|55-64|male|primary|Q1|unemployed,0.5824642777948345,0.4175126664802886,2.3055724876892657e-05,2074.22809641,4,0
Central_West|55-64|male|primary|Q2|formal,0.999800671892718,6.56364608155079e-05,0.00013369164646635695,357.62719657,1,0
Central_West|55-64|male|primary|Q2|informal,0.2955007923553757,0.4458054146694993,0.258693792975125,55299.874941430004,91,0
Central_West|55-64|male|primary|Q2|self_employed,1.168369921496655e-05,0.9999688433549205,1.9472945864623522e-05,2455.8785780599997,2,0
Central_West|55-64|male|primary|Q2|unemployed,0.6769913957995934,0.3229991817173177,9.42248308879143e-06,5075.54061878,10,0
Central_West|55-64|male|primary|Q3|formal,0.22936283515328226,5.8259082069129086e-05,0.7705789057646485,402.92638295,4,0
Central_West|55-64|male|primary|Q3|informal,0.13696530932599676,0.45553406650754874,0.4075006241664545,58936.50385771,101,0
Central_West|55-64|male|primary|Q3|self_employed,0.2815958106757101,0.7182546269284186,0.0001495623958712893,319.66712874,2,0
Central_West|55-64|male|primary|Q3|unemployed,0.30167251514602667,0.008221910164144319,0.690105574689829,11242.30681566,18,0
Central_West|55-64|male|primary|Q4|formal,7.914836647644843e-05,0.3796990758322747,0.6202217758012488,362.44589023,3,0
Central_West|55-64|male|primary|Q4|informal,0.06017483619590544,0.31046598088335564,0.6293591829207389,62947.38398173,103,0
Central_West|55-64|male|primary|Q4|unemployed,2.798453369000199e-06,2.289866938388593e-06,0.9999949116796926,10253.74782263,13,0
Central_West|55-64|male|primary|Q5|formal,5.048013566208098e-05,4.130595670395892e-05,0.9999082139076338,568.33973591,4,0
Central_West|55-64|male|primary|Q5|informal,0.017556977101642127,0.1671961678238873,0.8152468550744706,64307.62937782,119,0
Central_West|55-64|male|primary|Q5|unemployed,0.03818881008879558,4.842901738893763e-06,0.9618063470094655,4848.22201565,9,0
Central_West|55-64|male|secondary|Q1|informal,0.15381231636606588,0.8461746125799736,1.3071053960641356e-05,3658.7585770700002,5,0
Central_West|55-64|male|secondary|Q2|informal,0.2164378628112672,0.5499942012022004,0.23356793598653242,20661.25930604,17,0
Central_West|55-64|male|secondary|Q2|self_employed,5.272457212564568e-05,4.3142492881464275e-05,0.9999041329349928,544.14178002,1,0
Central_West|55-64|male|secondary|Q2|unemployed,1.1824425620732808e-05,0.4631983437164961,0.5367898318578832,2426.64916354,3,0
Central_West|55-64|male|secondary|Q3|informal,0.08343800988400356,0.42298124592764097,0.49358074418835546,27814.9620619,25,0
Central_West|55-64|male|secondary|Q3|self_employed,4.87975708855898e-05,0.9998698726688479,8.132976026659373e-05,587.93982378,1,0
Central_West|55-64|male|secondary|Q3|unemployed,0.3579131222360799,1.022659398257832e-05,0.6420766511699376,2295.86942641,4,0
Central_West|55-64|male|secondary|Q4|informal,0.1299518903875267,0.3355851984315991,0.5344629111808742,12087.89172802,26,0
Central_West|55-64|male|secondary|Q4|self_employed,1.1995970300519724e-05,0.7098512114208688,0.2901367926088307,2391.94618431,2,0
Central_West|55-64|male|secondary|Q4|unemployed,0.1687310840550257,0.2980004764826621,0.5332684394623123,3023.6207667,4,0
Central_West|55-64|male|secondary|Q5|informal,0.04764865528798526,0.18057594704093174,0.771775397671083,48370.09088986,62,0
Central_West|55-64|male|secondary|Q5|self_employed,1.245987325517501e-05,1.0195435857389653e-05,0.9999773446908875,2302.88610562,3,0
Central_West|55-64|male|secondary|Q5|unemployed,8.177138092569902e-06,0.4366868454146683,0.5633049774472392,3509.06355571,9,0
Central_West|55-64|male|tertiary|Q1|informal,2.1412582009581135e-05,0.6624486580429741,0.33752992937501636,1339.99597589,2,0
Central_West|55-64|male|tertiary|Q2|informal,0.9999081237300025,3.0253802525912586e-05,6.162246747164112e-05,775.99904078,1,0
Central_West|55-64|male|tertiary|Q3|informal,1.4060032964473884e-05,0.6960685420303142,0.30391739793672135,2040.78532772,3,0
Central_West|55-64|male|tertiary|Q3|unemployed,0.9999733323704868,8.781344705758338e-06,1.7886284807484323e-05,2673.74414427,1,0
Central_West|55-64|male|tertiary|Q4|informal,0.06803919606517601,0.4601783720599271,0.4717824318748969,9293.21309734,12,0
Central_West|55-64|male|tertiary|Q4|unemployed,5.375417915720419e-05,0.9998566549984956,8.959082234714203e-05,533.71737819,1,0
Central_West|55-64|male|tertiary|Q5|informal,5.118989305840194e-07,0.12481657547389245,0.8751829126271771,56055.72131558,49,0
Central_West|55-64|male|tertiary|Q5|self_employed,1.7744412341111222e-05,1.4519571278603009e-05,0.9999677360163803,1617.02399559,2,0
Central_West|55-64|male|tertiary|Q5|unemployed,4.332959936376369e-06,0.1986599132771592,0.8013357537629043,6622.3741068,9,0
Central_West|65+|female|no_education|Q1|inactive,0.5923308529622705,6.17048619200593e-06,0.40766297655153744,3805.10211693,5,0
Central_West|65+|female|no_education|Q1|informal,0.999929717980155,2.3143063487154433e-05,4.713895635795887e-05,1014.45657041,2,0
Central_West|65+|female|no_education|Q2|inactive,0.5666740821119004,0.012030440158450447,0.4212954777296491,11442.40232361,16,0
Central_West|65+|female|no_education|Q2|informal,0.6252230846716521,0.37476986761044184,7.04771790584774e-06,6785.8041088400005,9,0
Central_West|65+|female|no_education|Q3|formal,0.9999243663518966,2.4905293326518778e-05,5.072835477691048e-05,942.66934676,1,0
Central_West|65+|female|no_education|Q3|inactive,0.4839181528276261,0.05857523995771934,0.4575066072146545,26210.49428976,31,0
Central_West|65+|female|no_education|Q3|informal,0.5001883313775966,0.07819775503840305,0.4216139135840004,5458.87870607,9,0
Central_West|65+|female|no_education|Q4|inactive,0.4852822036281665,0.013399968476510054,0.5013178278953234,6897.98032229,10,0
Central_West|65+|female|no_education|Q4|informal,0.19365122684487918,2.6833658445078e-06,0.8063460897892764,8750.08483535,10,0
Central_West|65+|female|no_education|Q5|inactive,1.6898512723132526e-05,1.3827404101596593e-05,0.9999692740831753,1697.97340176,1,0
Central_West|65+|female|no_education|Q5|informal,9.968993246667327e-06,0.2239176410660955,0.7760723899406581,2878.31653359,4,0
Central_West|65+|female|primary|Q1|formal,0.9997569637129421,8.00290633857168e-05,0.0001630072236720756,293.29275167,1,0
Central_West|65+|female|primary|Q1|inactive,0.4217996962769195,0.24396709139948508,0.33423321232359543,6712.38314858,9,0
Central_West|65+|female|primary|Q1|informal,0.21879517825113842,0.7811361671184354,6.865463042618734e-05,696.5046951,2,0
Central_West|65+|female|primary|Q2|inactive,0.560310150289768,0.08119464019565455,0.3584952095145775,26367.29134921,26,0
Central_West|65+|female|primary|Q2|informal,0.7420263860509422,0.15049334121989766,0.1074802727291603,22103.67446645,23,0
Central_West|65+|female|primary|Q3|formal,0.9999311550174255,2.266986358687505e-05,4.617511898784401e-05,1035.63393948,2,0
Central_West|65+|female|primary|Q3|inactive,0.5500319684757504,0.07544379583619291,0.37452423568805676,50064.99195134,64,0
Central_West|65+|female|primary|Q3|informal,0.30490008511980576,0.526398031406096,0.1687018834740984,23956.95482819,30,0
Central_West|65+|female|primary|Q4|formal,0.2989344357600236,0.5674049562940233,0.13366060794595305,4832.74829184,5,0
Central_West|65+|female|primary|Q4|inactive,0.09035353402523352,0.18573691427570532,0.7239095516990612,31110.09793249,37,0
Central_West|65+|female|primary|Q4|informal,0.20900867537038323,0.19445147275674354,0.5965398518728733,24819.417628979998,36,0
Central_West|65+|female|primary|Q5|formal,1.4423848920124108e-05,0.6858514981944829,0.31413407795659704,1989.30762229,2,0
Central_West|65+|female|primary|Q5|inactive,0.051500214689965254,0.11741921702092621,0.8310805682891085,8948.69046698,15,0
Central_West|65+|female|primary|Q5|informal,0.044819492128756334,0.037812794154719914,0.9173677137165237,24858.95399138,30,0
Central_West|65+|female|secondary|Q2|inactive,0.598972590962094,0.4009896976955627,3.771134234343355e-05,1268.08975203,2,0
Central_West|65+|female|secondary|Q2|informal,0.9999318353046465,2.244585280317097e-05,4.5718842550517546e-05,1045.97061831,2,0
Central_West|65+|female|secondary|Q3|formal,0.0007426910210176003,0.998019483374238,0.0012378256047444048,38.53641026,1,0
Central_West|65+|female|secondary|Q3|inactive,0.21731146745595686,0.18263897600408152,0.6000495565399617,2448.18646207,4,0
Central_West|65+|female|secondary|Q3|informal,0.6843959385387607,2.003343669469226e-05,0.3155840280245448,1171.93790234,2,0
Central_West|65+|female|secondary|Q4|inactive,8.381764470258196e-06,0.33732652174195743,0.6626650964935723,3423.39335707,4,0
Central_West|65+|female|secondary|Q4|informal,0.3599499677601576,0.6400358037882857,1.4228451556815358e-05,3361.132788,4,0
Central_West|65+|female|secondary|Q5|inactive,2.7610968344299517e-06,0.3639812816777358,0.6360159572254297,10392.47827782,13,0
Central_West|65+|female|secondary|Q5|informal,0.11322183855067905,0.5413628908207125,0.34541527062860855,19190.10839193,16,0
Central_West|65+|female|tertiary|Q3|inactive,0.1785199300868284,1.2429923156552724e-05,0.821467639990015,1888.88570205,3,0
Central_West|65+|female|tertiary|Q3|informal,6.001973747406408e-05,0.9998399467819358,0.00010003348059013786,477.99131116,1,0
Central_West|65+|female|tertiary|Q4|inactive,0.34953522488701333,0.37009690283866714,0.2803678722743196,2701.51991559,4,0
Central_West|65+|female|tertiary|Q4|informal,1.1465736567475059e-05,0.26677165388495805,0.7332168803784744,2502.56651563,2,0
Central_West|65+|female|tertiary|Q5|inactive,1.941427507303315e-06,0.23808562406067893,0.7619124345118138,14780.21751199,18,0
Central_West|65+|female|tertiary|Q5|informal,1.5562251805009343e-06,0.22412138466103154,0.775877059113788,18438.69365531,23,0
Central_West|65+|female|tertiary|Q5|self_employed,2.7006917932127846e-05,2.2098723947166538e-05,0.9999508943581208,1062.402395,1,0
Central_West|65+|male|no_education|Q1|inactive,0.7917175710344677,8.794545910318208e-06,0.20827363441962202,2669.73052448,4,0
Central_West|65+|male|no_education|Q1|informal,0.802325188605546,0.19764244305416998,3.236834028409645e-05,1477.42827224,4,0
Central_West|65+|male|no_education|Q2|inactive,0.42673718312986003,0.29309656887335067,0.2801662479967892,15589.763656410001,29,0
Central_West|65+|male|no_education|Q2|informal,0.47827188120821257,0.4647484211572726,0.056979697634514645,11950.06862542,26,0
Central_West|65+|male|no_education|Q2|self_employed,4.981189904208274e-05,0.9998671677838807,8.302031707714982e-05,575.96546902,1,0
Central_West|65+|male|no_education|Q3|formal,0.9995323798407153,0.00015398195808895236,0.00031363820119566444,152.38505352,1,0
Central_West|65+|male|no_education|Q3|inactive,0.5482902927906314,0.1372554420211611,0.3144542651882078,28045.48695475,41,0
Central_West|65+|male|no_education|Q3|informal,0.15306384930546682,0.3734674681272398,0.47346868256729346,9783.32631196,26,0
Central_West|65+|male|no_education|Q4|formal,2.0306156833536238e-05,1.6615748432306614e-05,0.9999630780947342,1413.0140234799999,2,0
Central_West|65+|male|no_education|Q4|inactive,0.1529320856543858,0.01942252021741445,0.8276453941281997,8697.9820911,16,0
Central_West|65+|male|no_education|Q4|informal,0.08748870114517109,0.37995157202687396,0.5325597268279549,7050.91064195,16,0
Central_West|65+|male|no_education|Q5|formal,0.00027308317019562677,0.00022345347247459043,0.9995034633573298,104.97756653,1,0
Central_West|65+|male|no_education|Q5|inactive,6.991673432862644e-06,0.14431164110007047,0.8556813672264966,4104.0555015400005,7,0
Central_West|65+|male|no_education|Q5|informal,4.297611320032689e-06,0.12598717903623866,0.8740085233524413,6676.84513245,15,0
Central_West|65+|male|primary|Q1|inactive,0.5811529207020867,0.304016918405077,0.11483016089283633,10097.38658595,15,0
Central_West|65+|male|primary|Q1|informal,0.4280863125850062,0.5170923015251299,0.05482138588986398,9995.07853906,12,0
Central_West|65+|male|primary|Q2|formal,0.9998089678970692,6.290468168037914e-05,0.00012812742125036975,373.16231519,1,0
Central_West|65+|male|primary|Q2|inactive,0.6111526785017841,0.19199919420824835,0.1968481272899676,23896.71051026,42,0
Central_West|65+|male|primary|Q2|informal,0.34666844953975845,0.4615211582984178,0.19181039216182386,30027.09406365,31,0
Central_West|65+|male|primary|Q2|self_employed,2.2490223210444112e-05,1.8402886085957884e-05,0.9999591068907037,1275.78395704,1,0
Central_West|65+|male|primary|Q3|formal,0.00012489585456040096,0.00010219748210484903,0.9997729066633348,229.65073981,1,0
Central_West|65+|male|primary|Q3|inactive,0.14000843114020955,0.2547284811710983,0.6052630876886922,48475.74912903,69,0
Central_West|65+|male|primary|Q3|informal,0.18713472627133565,0.61016290904755,0.20270236468111452,30699.75734334,63,0
Central_West|65+|male|primary|Q4|inactive,0.1891102545009773,0.3381762339208755,0.4727135115781472,18089.1632002,39,0
Central_West|65+|male|primary|Q4|informal,0.09618671537204139,0.2914053700917737,0.612407914536185,45018.26819821,77,0
Central_West|65+|male|primary|Q4|self_employed,0.723201346234823,0.27673664145766175,6.201230751524607e-05,771.1200982600001,2,0
Central_West|65+|male|primary|Q5|formal,3.222794084266914e-05,2.6370886520913194e-05,0.9999414011726363,890.27382576,1,0
Central_West|65+|male|primary|Q5|inactive,1.567986318676659e-06,0.04290569361751319,0.9570927383961682,18300.38811183,32,0
Central_West|65+|male|primary|Q5|informal,0.0033428175029234747,0.17353369910064884,0.8231234833964278,41750.693198529996,83,0
Central_West|65+|male|secondary|Q1|inactive,0.9999474333012609,1.7309611318959206e-05,3.5257087420191635e-05,1356.36876684,2,0
Central_West|65+|male|secondary|Q2|inactive,3.138665079226549e-05,0.8988371187081711,0.10113149464103664,914.13946997,2,0
Central_West|65+|male|secondary|Q2|informal,0.7339279244974795,0.21043183297035575,0.05564024253216477,2462.67222729,4,0
Central_West|65+|male|secondary|Q3|informal,9.531867829344654e-06,0.80865055334821,0.1913399147839607,3010.31889147,4,0
Central_West|65+|male|secondary|Q4|inactive,1.2669848406736283e-05,0.5098399317232656,0.4901473984283278,2264.7191251599997,5,0
Central_West|65+|male|secondary|Q4|informal,2.9188789425498508e-06,0.5792327167796246,0.4207643643414328,9830.69995753,13,0
Central_West|65+|male|secondary|Q5|inactive,1.8519561483587692e-06,0.2288894776473048,0.7711086703965467,15494.28144628,17,0
Central_West|65+|male|secondary|Q5|informal,1.2924054460416253e-06,0.1936951415613939,0.8063035660331601,22202.6190247,26,0
Central_West|65+|male|tertiary|Q2|inactive,3.5910178775607355e-05,0.40172322186624243,0.598240867954982,798.97469032,2,0
Central_West|65+|male|tertiary|Q3|informal,0.5280716583002575,9.42573675565428e-06,0.4719189159629869,2490.94634778,2,0
Central_West|65+|male|tertiary|Q4|inactive,2.8090568395838382e-05,2.298543351220987e-05,0.9999489239980919,1021.41421716,3,0
Central_West|65+|male|tertiary|Q4|informal,6.604256008541076e-06,0.8174340291345079,0.1825593666094836,4344.81257567,8,0
Central_West|65+|male|tertiary|Q5|inactive,2.4530446405543557e-06,0.3038884594453181,0.6961090875100412,11697.57337702,15,0
Central_West|65+|male|tertiary|Q5|informal,1.3607279582672964e-06,0.42190238502841715,0.5780962542436247,21087.81460491,28,0
Central_West|65+|male|tertiary|Q5|self_employed,9.416216887565388e-06,7.704928720408057e-06,0.9999828788543921,3047.29316512,4,0
Northeast|15-24|female|no_education|Q1|informal,0.9999300265856654,2.3041443230097903e-05,4.6931971104466774e-05,1018.93109479,1,0
Northeast|15-24|female|no_education|Q1|unemployed,0.9999634062973451,1.2049886808014986e-05,2.454381584687965e-05,1948.46163335,1,0
Northeast|15-24|female|no_education|Q2|informal,6.128430013308042e-05,5.01465896382476e-05,0.9998885691102286,468.12620022,1,0
Northeast|15-24|female|no_education|Q3|informal,6.556549542980158e-05,5.364972736258602e-05,0.9998807847772075,437.55268296,1,0
Northeast|15-24|female|primary|Q1|formal,0.9020897877261121,2.855136274880404e-06,0.09790735713761287,8223.65706788,15,0
Northeast|15-24|female|primary|Q1|informal,0.8368163323228456,0.13248987568434,0.030693791992814468,35084.97362466,40,0
Northeast|15-24|female|primary|Q1|self_employed,0.999964052730821,1.1837023674519388e-05,2.4110245504490155e-05,1983.50227756,2,0
Northeast|15-24|female|primary|Q1|unemployed,0.9517579339899899,0.04824005187116479,2.014138845461753e-06,23744.60757217,28,0
Northeast|15-24|female|primary|Q2|formal,0.5665848418766508,9.539929748743155e-06,0.4334056181936004,2461.12851412,5,0
Northeast|15-24|female|primary|Q2|informal,0.25107740785941124,2.164002097566938e-06,0.7489204281384912,10850.14231109,11,0
Northeast|15-24|female|primary|Q2|self_employed,0.9998914098576794,3.575748908955833e-05,7.28326532309976e-05,656.54418051,1,0
Northeast|15-24|female|primary|Q2|unemployed,0.5483452295083959,6.940698196238369e-06,0.4516478297934079,3382.83734383,3,0
Northeast|15-24|female|primary|Q3|formal,3.907271222255738e-05,3.1971700119331036e-05,0.999928955587658,734.29782785,1,0
Northeast|15-24|female|primary|Q3|informal,1.2609091681161614e-05,1.0317535565767922e-05,0.9999770733727532,2275.6321233,4,0
Northeast|15-24|female|primary|Q3|unemployed,2.9355866871050622e-05,2.40207786702452e-05,0.9999466233544586,977.38484521,1,0
Northeast|15-24|female|primary|Q4|formal,1.7872940621889766e-05,1.4624741035606271e-05,0.9999675023183425,1605.39489821,1,0
Northeast|15-24|female|primary|Q4|informal,0.28180933000778347,1.0690212269426755e-05,0.7181799797799472,2196.29671585,4,0
Northeast|15-24|female|primary|Q5|informal,1.6237287834785643e-05,0.3314605910626202,0.668523171649545,1767.12339817,2,0
Northeast|15-24|female|secondary|Q1|formal,0.9999950672475336,1.624298842698066e-06,3.308453623727308e-06,14455.33547966,14,0
Northeast|15-24|female|secondary|Q1|informal,0.8014609747781227,0.15893044435744677,0.039608580864430504,31040.16464937,37,0
Northeast|15-24|female|secondary|Q1|self_employed,0.6854271832987124,0.314524295962003,4.8520739284560655e-05,985.56383366,2,0
Northeast|15-24|female|secondary|Q1|unemployed,0.9999937134986441,2.0700728338941093e-06,4.216428522044762e-06,11342.47052982,13,0
Northeast|15-24|female|secondary|Q2|formal,0.9999348200075507,2.146302435063498e-05,4.371696809871174e-05,1093.87197416,2,0
Northeast|15-24|female|secondary|Q2|informal,0.511755985172368,0.08966680338156888,0.3985772114460631,34165.83797975,36,0
Northeast|15-24|female|secondary|Q2|self_employed,0.2647472492285448,8.33522372467013e-06,0.7352444155477306,2816.8546368400002,2,0
Northeast|15-24|female|secondary|Q2|unemployed,0.3358310298944932,5.61896905879588e-06,0.6641633511364481,4178.59307957,4,0
Northeast|15-24|female|secondary|Q3|formal,3.231383820075181e-05,2.644117303079301e-05,0.9999412449887684,887.9070144,2,0
Northeast|15-24|female|secondary|Q3|informal,0.5252906110253077,1.0841975635339637e-06,0.47470830477712894,21656.420831659998,19,0
Northeast|15-24|female|secondary|Q4|formal,9.57912687140234e-06,7.838231704854402e-06,0.9999825826414238,2995.46685799,3,0
Northeast|15-24|female|secondary|Q4|informal,0.07684400884935673,0.026213802333411817,0.8969421888172315,18141.53791725,22,0
Northeast|15-24|female|secondary|Q5|formal,3.751253217597243e-05,3.0695064694140856e-05,0.9999317924031298,764.84209588,1,0
Northeast|15-24|female|secondary|Q5|informal,4.9439324470059714e-06,4.045430087002025e-06,0.999991010637466,5803.966963299999,7,0
Northeast|15-24|female|tertiary|Q1|informal,7.245093059663632e-06,0.23639492063099338,0.7635978342759471,3960.49991889,2,0
Northeast|15-24|female|tertiary|Q1|unemployed,0.9999569028545415,1.4191395973845005e-05,2.8905749484760463e-05,1654.41990513,2,0
Northeast|15-24|female|tertiary|Q2|informal,0.9999211820746527,2.595383932133665e-05,5.2864086025993675e-05,904.58106971,1,0
Northeast|15-24|female|tertiary|Q3|informal,0.1507000665447418,0.04031059524628542,0.8089893382089728,9296.17863289,8,0
Northeast|15-24|female|tertiary|Q3|self_employed,0.9998969375644555,3.393727861270894e-05,6.912515693180937e-05,691.76299197,2,0
Northeast|15-24|female|tertiary|Q3|unemployed,4.549113457978145e-05,0.9998786898645461,7.581900087411e-05,630.68037621,1,0
Northeast|15-24|female|tertiary|Q4|informal,0.07679774060806323,0.4810527066051608,0.442149552786776,8086.7656731,9,0
Northeast|15-24|female|tertiary|Q4|self_employed,0.9998790143027064,3.983920325104701e-05,8.114649404255971e-05,589.26788902,1,0
Northeast|15-24|female|tertiary|Q4|unemployed,0.17177211766944492,0.8282034258495212,2.4456481033841318e-05,1955.4200042500001,2,0
Northeast|15-24|female|tertiary|Q5|informal,1.8019013374105358e-06,1.4744266759923562e-06,0.9999967236719866,15924.69809449,6,0
Northeast|15-24|male|no_education|Q1|informal,0.3947097385455423,0.6052762847942763,1.3976660181588023e-05,3421.68583967,4,0
Northeast|15-24|male|no_education|Q2|informal,0.9998986486735612,3.3373829998784085e-05,6.797749644008154e-05,703.44367842,1,0
Northeast|15-24|male|no_education|Q3|informal,0.9998286258775801,5.6431534038956065e-05,0.00011494258838081325,415.97848378,1,0
Northeast|15-24|male|primary|Q1|formal,0.9999629278049773,1.2207448859770123e-05,2.486474616301858e-05,1923.31146705,1,0
Northeast|15-24|male|primary|Q1|informal,0.890371926421839,0.03120895721169053,0.07841911636647055,74741.50475677,93,0
Northeast|15-24|male|primary|Q1|self_employed,0.9999307127837541,2.2815486065489298e-05,4.647173018056467e-05,1029.02324782,1,0
Northeast|15-24|male|primary|Q1|unemployed,0.6889447493319631,0.31104471762079444,1.0533047242142905e-05,4540.3845146700005,5,0
Northeast|15-24|male|primary|Q2|informal,0.4144791962507764,0.011441305990269239,0.5740794977589545,41642.87772058,39,0
Northeast|15-24|male|primary|Q2|unemployed,0.9999426677465462,1.8878853858661535e-05,3.845339959533384e-05,1243.61676883,1,0
Northeast|15-24|male|primary|Q3|informal,0.4813940684494635,1.7704622103490163e-06,0.5186041610883262,13261.94365338,15,0
Northeast|15-24|male|primary|Q4|informal,0.007927868318701544,0.026422729005926023,0.9656494026753725,21921.8520265,23,0
Northeast|15-24|male|secondary|Q1|informal,0.9247412366244968,0.030004175077737758,0.04525458829776542,55207.61300512,58,0
Northeast|15-24|male|secondary|Q1|unemployed,0.9999848009606841,5.004869418981627e-06,1.0194169896721226e-05,4691.32052563,4,0
Northeast|15-24|male|secondary|Q2|informal,0.5436382783359593,6.689927106078729e-07,0.45636105267133026,35097.36331761,38,0
Northeast|15-24|male|secondary|Q2|self_employed,0.9999160849135799,2.763227603349859e-05,5.628281038666931e-05,849.62903035,1,0
Northeast|15-24|male|secondary|Q2|unemployed,0.46009105681807455,1.3860157557280874e-05,0.5398950830243683,1693.96062112,2,0
Northeast|15-24|male|secondary|Q3|informal,0.3650245875501023,0.1444670261821489,0.4905083862677489,29956.79239765,31,0
Northeast|15-24|male|secondary|Q3|self_employed,0.9999514578472123,1.598437447085276e-05,3.255777831699002e-05,1468.83124677,1,0
Northeast|15-24|male|secondary|Q4|informal,0.11836303321218153,0.015472815507663919,0.8661641512801547,34880.92783167,36,0
Northeast|15-24|male|secondary|Q4|self_employed,0.21835089010887532,0.7816154261072874,3.36837838372829e-05,1419.72676668,2,0
Northeast|15-24|male|secondary|Q4|unemployed,0.6320149513880529,1.1622499361939782e-05,0.36797342611258516,2020.1149631600001,2,0
Northeast|15-24|male|secondary|Q5|informal,0.09359306322842936,1.4473156285225165e-06,0.906405489455942,16223.00065447,19,0
Northeast|15-24|male|tertiary|Q1|informal,9.851529857094087e-05,0.9997372915772641,0.00016419312416496906,291.17369455,1,0
Northeast|15-24|male|tertiary|Q1|unemployed,0.9999121046693252,2.8942924840706644e-05,5.895240583404316e-05,811.1499773099999,2,0
Northeast|15-24|male|tertiary|Q2|informal,0.2199599169260894,0.7800254054091085,1.4677664802157545e-05,3258.2614995900003,3,0
Northeast|15-24|male|tertiary|Q2|self_employed,0.9998168424220708,6.031169086356681e-05,0.0001228458870654876,389.2100456,1,0
Northeast|15-24|male|tertiary|Q2|unemployed,0.6365844053686154,0.3633783420090651,3.725262231953782e-05,1283.70594217,2,0
Northeast|15-24|male|tertiary|Q3|informal,0.8680601212552524,0.06059948275786377,0.0713403959868836,5585.03176968,3,0
Northeast|15-24|male|tertiary|Q3|unemployed,0.9998709797372081,4.248489356887104e-05,8.653536922314262e-05,552.56578654,1,0
Northeast|15-24|male|tertiary|Q4|informal,5.237577179467856e-06,0.29134232096625395,0.7086524414565666,5478.56198458,5,0
Northeast|15-24|male|tertiary|Q4|unemployed,0.9999171315357153,2.7287635361818748e-05,5.558082892295726e-05,860.36104065,1,0
Northeast|15-24|male|tertiary|Q5|informal,8.301014797553686e-06,6.792401671064368e-06,0.9999849065835315,3456.6960284700003,4,0
Northeast|15-24|male|tertiary|Q5|self_employed,4.047997831764319e-05,3.312321192951478e-05,0.9999263968097527,708.76685658,1,0
Northeast|25-34|female|no_education|Q1|formal,0.4315392313120264,0.5684278580874083,3.2910600565459466e-05,1453.08338388,2,0
Northeast|25-34|female|no_education|Q1|informal,0.9999846570799222,5.052247704543499e-06,1.0290672373009882e-05,4647.32595641,7,0
Northeast|25-34|female|no_education|Q1|unemployed,0.670732317455018,0.32924621149136557,2.1471053616459557e-05,2227.32389589,3,0
Northeast|25-34|female|no_education|Q2|unemployed,0.9997836241550091,7.125008542362305e-05,0.0001451257595671909,329.44272238,1,0
Northeast|25-34|female|no_education|Q3|formal,4.916132335257986e-05,4.02268232301196e-05,0.9999106118534172,583.5888234,1,0
Northeast|25-34|female|no_education|Q3|informal,0.9999300406761569,2.3036803392789406e-05,4.69225204503425e-05,1019.13633761,1,0
Northeast|25-34|female|no_education|Q4|formal,1.773919104714887e-05,1.451529889423797e-05,0.9999677455100586,1617.49997444,1,0
Northeast|25-34|female|primary|Q1|formal,0.9600988606939487,0.020744504010252872,0.01915663529579828,52330.62690003,48,0
Northeast|25-34|female|primary|Q1|informal,0.8786063622883757,0.04800609193727184,0.07338754577435236,166711.01978380998,168,0
Northeast|25-34|female|primary|Q1|self_employed,0.6828380831698988,0.20205251544099198,0.1151094013891091,5263.66300872,4,0
Northeast|25-34|female|primary|Q1|unemployed,0.9345774752309572,2.844883943273499e-07,0.06542224028064857,82533.83666839999,81,0
Northeast|25-34|female|primary|Q2|formal,0.631196520126564,1.1777606993474493e-06,0.3688023021127368,19935.99324315,16,0
Northeast|25-34|female|primary|Q2|informal,0.3896739554036208,0.05019711354822058,0.5601289310481585,41292.48620271,42,0
Northeast|25-34|female|primary|Q2|unemployed,0.34679803305043627,4.389210683638705e-06,0.65319757773888,5349.36914438,7,0
Northeast|25-34|female|primary|Q3|formal,0.044235582489200946,0.2383103178192642,0.7174540996915348,8221.95975187,7,0
Northeast|25-34|female|primary|Q3|informal,0.20857296783637852,0.05122143700659278,0.7402055951570289,18720.06845298,20,0
Northeast|25-34|female|primary|Q3|self_employed,2.3284988688165506e-05,1.9053212159412175e-05,0.9999576617991525,1232.23536287,1,0
Northeast|25-34|female|primary|Q3|unemployed,6.48786590588334e-06,5.308771553298575e-06,0.9999882033625408,4422.75882611,4,0
Northeast|25-34|female|primary|Q4|formal,9.881123102272385e-06,8.08534362469116e-06,0.9999820335332731,2903.91351015,4,0
Northeast|25-34|female|primary|Q4|informal,2.241490863267455e-06,1.8341259058856543e-06,0.9999959243832308,12801.60954729,10,0
Northeast|25-34|female|primary|Q4|unemployed,2.039371902989892e-05,1.6687397215425426e-05,0.9999629188837547,1406.94669621,1,0
Northeast|25-34|female|primary|Q5|formal,3.9465254340818964e-05,3.2292902262089405e-05,0.999928241843397,726.99312188,1,0
Northeast|25-34|female|primary|Q5|informal,3.917687015754777e-06,3.2056928558134914e-06,0.9999928766201284,7324.353145200001,4,0
Northeast|25-34|female|secondary|Q1|formal,0.8251564926837305,0.06163980404465329,0.11320370327161625,40861.25896932,39,0
Northeast|25-34|female|secondary|Q1|informal,0.7934313220333604,0.11277264829880418,0.09379602966783537,112195.0608768,111,0
Northeast|25-34|female|secondary|Q1|self_employed,0.6956254837494594,0.05841036371464167,0.24596415253589876,9824.18332086,13,0
Northeast|25-34|female|secondary|Q1|unemployed,0.8800579242513873,0.0250117576113985,0.09493031813721416,35534.45312561,39,0
Northeast|25-34|female|secondary|Q2|formal,0.6790842633498665,1.944021257095278e-06,0.32091379262887654,12077.93002905,14,0
Northeast|25-34|female|secondary|Q2|informal,0.40107187655134147,0.09580675420081312,0.5031213692478452,91948.50244459,101,0
Northeast|25-34|female|secondary|Q2|self_employed,0.8919651438010006,0.10802386819377124,1.0988005228236137e-05,4352.38590639,5,0
Northeast|25-34|female|secondary|Q2|unemployed,0.11916905312404265,0.7200168788880076,0.16081406798794984,2752.73257402,3,0
Northeast|25-34|female|secondary|Q3|formal,0.5963814196162486,4.634967657446909e-06,0.403613945416094,5065.72760779,5,0
Northeast|25-34|female|secondary|Q3|informal,0.31111909950533134,0.13816306076454937,0.5507178397301192,63214.027806570004,63,0
Northeast|25-34|female|secondary|Q3|self_employed,0.9998521275021776,4.869271845982568e-05,9.917977936249111e-05,482.10653648,1,0
Northeast|25-34|female|secondary|Q4|formal,1.98536950185456e-05,1.6245516302478233e-05,0.999963900788679,1445.2186148800001,2,0
Northeast|25-34|female|secondary|Q4|informal,0.12368972547865799,0.07548628864444074,0.8008239858769014,54796.57347418,56,0
Northeast|25-34|female|secondary|Q4|self_employed,7.104293799852508e-06,0.6690747062593606,0.3309181894468396,4038.99463669,3,0
Northeast|25-34|female|secondary|Q5|informal,0.10752849068228343,0.060830116992615105,0.8316413923251016,25114.50074181,30,0
Northeast|25-34|female|secondary|Q5|self_employed,7.591101957687618e-05,6.211507253042444e-05,0.9998619739078927,377.90723985,1,0
Northeast|25-34|female|tertiary|Q1|informal,0.6161913352593054,0.2343277239021673,0.14948094083852737,12760.11084921,14,0
Northeast|25-34|female|tertiary|Q1|self_employed,0.6763670816198686,0.3236182606189054,1.4657761226034363e-05,3262.6859846899997,2,0
Northeast|25-34|female|tertiary|Q1|unemployed,0.4639712620550962,0.5360130927695468,1.564517535699508e-05,3056.7617355800003,3,0
Northeast|25-34|female|tertiary|Q2|informal,0.24631441544814808,0.4044978501487499,0.3491877344031021,34518.78302999,34,0
Northeast|25-34|female|tertiary|Q2|self_employed,0.5491275619129785,0.20293282950599084,0.24793960858103065,7810.833698779999,8,0
Northeast|25-34|female|tertiary|Q2|unemployed,0.9999444404009136,1.8295139095503975e-05,3.7264459990978814e-05,1283.29812,2,0
Northeast|25-34|female|tertiary|Q3|informal,0.3096728351183755,0.11003322822055182,0.5802939366610728,31345.25097347,27,0
Northeast|25-34|female|tertiary|Q3|self_employed,0.8186291345759327,0.18135071094597693,2.0154478090596152e-05,2372.82862064,4,0
Northeast|25-34|female|tertiary|Q3|unemployed,0.6582071187224957,0.34174908488411454,4.3796393389974464e-05,1091.8880427,2,0
Northeast|25-34|female|tertiary|Q4|informal,0.12166086205751617,0.24481191156158283,0.6335272263809011,40005.72102282,43,0
Northeast|25-34|female|tertiary|Q4|self_employed,3.636443798628797e-06,0.13111219751848546,0.868884166037716,7890.8276682,6,0
Northeast|25-34|female|tertiary|Q5|informal,0.010941211313043545,0.21053454441755057,0.7785242442694059,71178.91986287,62,0
Northeast|25-34|female|tertiary|Q5|self_employed,0.017712554889762377,0.08510225527238034,0.8971851898378572,12091.64286702,14,0
Northeast|25-34|female|tertiary|Q5|unemployed,5.2108576058196244e-05,4.263844695214661e-05,0.9999052529769895,550.57547715,1,0
Northeast|25-34|male|no_education|Q1|informal,0.8733664978187852,1.837503961366465e-06,0.12663166467725337,12778.07496668,10,0
Northeast|25-34|male|no_education|Q1|unemployed,0.9999742269278906,8.486777207045305e-06,1.7286294902344322e-05,2766.55058449,2,0
Northeast|25-34|male|no_education|Q2|informal,0.3200612046019747,0.005797513042304507,0.6741412823557208,6134.72599135,7,0
Northeast|25-34|male|no_education|Q2|unemployed,0.999892404990927,3.542980311843545e-05,7.216520595460523e-05,662.61740325,1,0
Northeast|25-34|male|no_education|Q3|self_employed,2.7258332211014322e-05,2.230444659791295e-05,0.9999504372211911,1052.60251908,1,0
Northeast|25-34|male|no_education|Q4|informal,7.751668110634932e-06,0.18925273080483618,0.8107395175270533,3701.67290551,4,0
Northeast|25-34|male|no_education|Q5|informal,3.2045333173325465e-05,2.622146567675753e-05,0.9999417332011499,895.34754705,1,0
Northeast|25-34|male|primary|Q1|formal,0.9999825560500608,5.744092753739372e-06,1.169985718549661e-05,4087.56851911,5,0
Northeast|25-34|male|primary|Q1|informal,0.8186395368258067,0.1358066296563201,0.04555383351787332,283363.02634069,273,0
Northeast|25-34|male|primary|Q1|self_employed,0.8077565360913636,4.114504050527281e-06,0.1922393494045859,5706.5287533,7,0
Northeast|25-34|male|primary|Q1|unemployed,0.8084735463977579,0.09670618654578712,0.09482026705645502,13959.37991319,14,0
Northeast|25-34|male|primary|Q2|formal,0.999800695851718,6.562857139144867e-05,0.00013367557689040717,357.67020012,1,0
Northeast|25-34|male|primary|Q2|informal,0.4068907611156265,0.14813885467198867,0.44497038421238483,119696.39928838,131,0
Northeast|25-34|male|primary|Q2|self_employed,0.18057841850882714,0.6179752894425475,0.20144629204862521,2089.3504334500003,3,0
Northeast|25-34|male|primary|Q2|unemployed,3.146891422967529e-05,2.5749804188184296e-05,0.9999427812815821,911.74954063,2,0
Northeast|25-34|male|primary|Q3|informal,0.22534315541758648,0.05492580706127932,0.7197310375211342,78426.61697352,72,0
Northeast|25-34|male|primary|Q3|self_employed,3.8076448020298614e-05,3.115649537662436e-05,0.999930767056603,753.51323013,2,0
Northeast|25-34|male|primary|Q4|informal,0.11500619398902928,0.04642608087429344,0.8385677251366773,61504.18632235,61,0
Northeast|25-34|male|primary|Q4|self_employed,3.0020210352467406e-05,2.456438543199509e-05,0.9999454154042154,955.75322846,1,0
Northeast|25-34|male|primary|Q5|informal,1.4382414138293376e-06,0.048060508153327734,0.9519380536052585,19951.28973787,24,0
Northeast|25-34|male|primary|Q5|unemployed,1.6681929726854245e-05,1.3650182551976146e-05,0.9999696678877212,1720.01964169,2,0
Northeast|25-34|male|secondary|Q1|formal,0.9998733389853403,4.170802020316801e-05,8.495299445664456e-05,562.8600016,1,0
Northeast|25-34|male|secondary|Q1|informal,0.6930020405804943,0.19277890337457054,0.11421905604493522,147783.60277318,151,0
Northeast|25-34|male|secondary|Q1|self_employed,0.9020819450534246,0.09791140123601304,6.653710562092768e-06,7187.63944988,7,0
Northeast|25-34|male|secondary|Q1|unemployed,0.8098478907805685,0.16177369309252046,0.028378416126911086,17085.08967442,18,0
Northeast|25-34|male|secondary|Q2|informal,0.31932163457023555,0.13231314245792092,0.5483652229718435,181028.30381011,182,0
Northeast|25-34|male|secondary|Q2|self_employed,0.4798303972921754,0.3405275286347073,0.1796420740731173,2133.22618834,4,0
Northeast|25-34|male|secondary|Q2|unemployed,0.9999084693203953,3.0140003571066392e-05,6.139067603361245e-05,778.92934102,2,0
Northeast|25-34|male|secondary|Q3|informal,0.16369386419581416,0.12942163926044184,0.706884496543744,131492.2242006,144,0
Northeast|25-34|male|secondary|Q3|self_employed,0.4811113042203544,0.25652835812497005,0.2623603376546755,14354.255208960001,7,0
Northeast|25-34|male|secondary|Q3|unemployed,0.9999410171165128,1.9422387407340618e-05,3.9560496079966955e-05,1208.81148075,1,0
Northeast|25-34|male|secondary|Q4|formal,0.9998286854002164,5.64119339171325e-05,0.00011490266586633003,416.12304874,1,0
Northeast|25-34|male|secondary|Q4|informal,0.0440972705394854,0.11117007551158364,0.844732653948931,133799.73171593,136,0
Northeast|25-34|male|secondary|Q4|self_employed,4.326753014021455e-06,0.31287793069548475,0.6871177425515013,6631.87434461,7,0
Northeast|25-34|male|secondary|Q5|informal,0.010111868671159307,0.025248502178039447,0.9646396291508013,100876.99618642,109,0
Northeast|25-34|male|secondary|Q5|self_employed,4.2788505405653856e-06,3.5012191004087932e-06,0.999992219930359,6706.12044692,6,0
Northeast|25-34|male|secondary|Q5|unemployed,1.50151045104582e-05,1.2286283479231782e-05,0.9999726986120103,1910.96994723,1,0
Northeast|25-34|male|tertiary|Q1|informal,0.7215521753352973,0.27843921464616433,8.610018538407331e-06,5554.49174471,8,0
Northeast|25-34|male|tertiary|Q1|self_employed,0.9999136853537214,2.8422423588564537e-05,5.789222269006966e-05,826.00643836,1,0
Northeast|25-34|male|tertiary|Q2|informal,0.451911984149666,0.26191037024984065,0.28617764560049347,16994.32222712,21,0
Northeast|25-34|male|tertiary|Q3|informal,0.20230422861987318,0.35284621573343977,0.4448495556466871,30434.12900148,31,0
Northeast|25-34|male|tertiary|Q3|self_employed,0.22739323754837826,0.4636861469427849,0.30892061550883687,8105.05143874,6,0
Northeast|25-34|male|tertiary|Q3|unemployed,2.1602047940713283e-05,0.9999423943283461,3.600362371325527e-05,1328.24234343,1,0
Northeast|25-34|male|tertiary|Q4|informal,0.1441559353951551,0.14036556471295977,0.7154784998918851,50095.44944581,52,0
Northeast|25-34|male|tertiary|Q4|self_employed,0.20035215326745892,0.7003193845180823,0.09932846221445889,4391.490787,7,0
Northeast|25-34|male|tertiary|Q5|informal,0.004725151288674945,0.21180003590072716,0.7834748128105978,87257.34129996,91,0
Northeast|25-34|male|tertiary|Q5|self_employed,1.878580801167361e-06,0.36720883014347455,0.6327892912757243,15274.68347837,13,0
Northeast|35-44|female|no_education|Q1|formal,0.4796708576899225,2.247631577229064e-06,0.5203268946785002,10446.42840714,13,0
Northeast|35-44|female|no_education|Q1|informal,0.9084557360315763,0.040940566698415656,0.050603697270008005,29865.24987007,36,0
Northeast|35-44|female|no_education|Q1|self_employed,0.999967690114492,1.0639274927262375e-05,2.16706105807867e-05,2206.8123395,1,0
Northeast|35-44|female|no_education|Q1|unemployed,0.8934837198984873,0.10651303270959087,3.2473919219670065e-06,14727.14544633,18,0
Northeast|35-44|female|no_education|Q2|formal,0.5254404339859624,1.1064305261302102e-05,0.47454850170877616,2122.03478983,4,0
Northeast|35-44|female|no_education|Q2|informal,0.931941919034479,4.227753568538734e-06,0.0680538532119523,5553.66436674,10,0
Northeast|35-44|female|no_education|Q2|unemployed,0.3981723540259225,0.07633009839845427,0.5254975475756234,4084.77594146,5,0
Northeast|35-44|female|no_education|Q3|formal,1.572321782640068e-05,1.2865705415924158e-05,0.9999714110767577,1824.9026999100001,2,0
Northeast|35-44|female|no_education|Q3|informal,0.49289051209761175,0.3771363782211295,0.12997310968125877,3929.52922908,5,0
Northeast|35-44|female|no_education|Q3|unemployed,0.9998697360804422,4.289441548575184e-05,8.736950407215199e-05,547.28937119,1,0
Northeast|35-44|female|no_education|Q4|formal,3.840637665077133e-05,3.142646330652316e-05,0.9999301671600426,747.03934213,1,0
Northeast|35-44|female|no_education|Q4|informal,6.3909929688217916e-06,5.229504148574554e-06,0.9999883795028826,4489.79931994,4,0
Northeast|35-44|female|no_education|Q5|informal,2.0640373413430347e-05,1.688922502657063e-05,0.99996247040156,1390.13235722,1,0
Northeast|35-44|female|primary|Q1|formal,0.9268710602181568,0.01807951985910621,0.05504941992273706,120754.61137512,154,0
Northeast|35-44|female|primary|Q1|informal,0.8637581303369233,0.058291144630263435,0.07795072503281317,253461.83081387,254,0
Northeast|35-44|female|primary|Q1|self_employed,0.9999920033308037,2.6332114999243268e-06,5.363457696303038e-06,8916.748160879999,12,0
Northeast|35-44|female|primary|Q1|unemployed,0.947248072997089,0.015008159286516219,0.03774376771639471,94628.94624507001,96,0
Northeast|35-44|female|primary|Q2|formal,0.4152699141531196,0.05433726381282935,0.5303928220340511,39671.75057666,46,0
Northeast|35-44|female|primary|Q2|informal,0.5978865794631488,0.08056026770426279,0.3215531528325884,96600.50194891,111,0
Northeast|35-44|female|primary|Q2|self_employed,0.5083373643055581,0.36792366209550526,0.1237389735989367,3878.35971879,3,0
Northeast|35-44|female|primary|Q2|unemployed,0.6757612399150922,0.030536140036292913,0.293702620048615,17052.09036585,20,0
Northeast|35-44|female|primary|Q3|formal,0.4702209514874428,2.4031752229084007e-06,0.5297766453373343,9770.28498753,12,0
Northeast|35-44|female|primary|Q3|informal,0.208508182732032,0.13449340532737544,0.6569984119405925,29991.67324322,39,0
Northeast|35-44|female|primary|Q3|self_employed,0.5322454525748854,3.772523859455104e-06,0.46775077490125505,6223.8360160600005,4,0
Northeast|35-44|female|primary|Q3|unemployed,0.5791958437381319,5.839959138756394e-06,0.42079831630272935,4020.46702152,6,0
Northeast|35-44|female|primary|Q4|formal,0.07270189114586043,1.1958611365229455e-06,0.9272969129930031,19634.2424861,15,0
Northeast|35-44|female|primary|Q4|informal,0.04731204767543722,0.018673400697147905,0.934014551627415,25514.80530163,29,0
Northeast|35-44|female|primary|Q5|formal,4.845375672890608e-06,3.964784863071911e-06,0.999991189839464,5922.02388092,5,0
Northeast|35-44|female|primary|Q5|informal,4.195123537094855e-06,0.07169250998743762,0.9283032948890253,6839.96435823,7,0
Northeast|35-44|female|primary|Q5|self_employed,2.5518850810973766e-05,2.0881095759904223e-05,0.9999536000534291,1124.35952982,1,0
Northeast|35-44|female|primary|Q5|unemployed,0.20321861874028424,1.7990356620240048e-05,0.7967633909030956,1305.04072711,3,0
Northeast|35-44|female|secondary|Q1|formal,0.872611416053767,0.0385539372970401,0.0888346466491929,43614.63955492,50,0
Northeast|35-44|female|secondary|Q1|informal,0.7432992362654391,0.17178039218400667,0.08492037155055407,100818.86294308,115,0
Northeast|35-44|female|secondary|Q1|self_employed,0.6853972252137771,0.31459866626360256,4.108522620351676e-06,11640.37087348,10,0
Northeast|35-44|female|secondary|Q1|unemployed,0.9418491139562339,0.02572466042724445,0.03242622561652175,33610.79422978,32,0
Northeast|35-44|female|secondary|Q2|formal,0.38473689993714244,0.056518130703826254,0.5587449693590314,26360.06283154,25,0
Northeast|35-44|female|secondary|Q2|informal,0.4036977353946529,0.14885360899305078,0.4474486556122962,109207.29548939,135,0
Northeast|35-44|female|secondary|Q2|self_employed,0.8459704403766657,2.1986012267866463e-06,0.15402736102210762,10679.3933225,14,0
Northeast|35-44|female|secondary|Q2|unemployed,0.6469917459862603,0.23936836248902454,0.11363989152471508,4606.16156858,7,0
Northeast|35-44|female|secondary|Q3|formal,0.08706615300188636,3.041248703652472e-06,0.91293080574941,7720.39556227,9,0
Northeast|35-44|female|secondary|Q3|informal,0.2323103485418293,0.10812638732878257,0.659563264129388,97409.30213475,99,0
Northeast|35-44|female|secondary|Q3|self_employed,8.743803168013661e-06,7.154718392668881e-06,0.9999841014784394,3281.64301652,3,0
Northeast|35-44|female|secondary|Q3|unemployed,0.30477574260549306,6.0121763684051795e-06,0.6952182452181387,3905.2989240399997,5,0
Northeast|35-44|female|secondary|Q4|formal,2.9903058786678443e-06,0.17146915615133854,0.8285278535427828,9595.87985917,10,0
Northeast|35-44|female|secondary|Q4|informal,0.029174501555464877,0.07227951948628698,0.898545978958248,65702.76860911,74,0
Northeast|35-44|female|secondary|Q4|self_employed,4.519309034592714e-06,0.36044666445182966,0.6395488162391358,6349.303142119999,9,0
Northeast|35-44|female|secondary|Q4|unemployed,0.11305861024569978,3.335443630381049e-06,0.8869380543106699,7039.42748787,7,0
Northeast|35-44|female|secondary|Q5|formal,1.2758294513866112e-05,1.0439622514762187e-05,0.9999768020829715,2249.01840319,2,0
Northeast|35-44|female|secondary|Q5|informal,0.08617646464044099,0.052503160825922365,0.8613203745336366,29164.10091914,41,0
Northeast|35-44|female|secondary|Q5|self_employed,1.7755873681051674e-05,1.452894965299009e-05,0.9999677151766659,1615.98014902,2,0
Northeast|35-44|female|secondary|Q5|unemployed,1.8043959260664913e-05,1.4764679021036894e-05,0.9999671913617183,1590.17819615,3,0
Northeast|35-44|female|tertiary|Q1|formal,0.9999479167924685,1.7150403206595506e-05,3.4932804324969126e-05,1368.96093912,1,0
Northeast|35-44|female|tertiary|Q1|informal,0.5942357906923375,0.25210008663712463,0.15366412267053786,11384.90333008,14,0
Northeast|35-44|female|tertiary|Q1|self_employed,0.8899733840382168,6.250663127601705e-06,0.11002036529865569,3756.29298439,5,0
Northeast|35-44|female|tertiary|Q1|unemployed,3.380844821268297e-05,2.7664155014347903e-05,0.9999385273967729,848.64983921,1,0
Northeast|35-44|female|tertiary|Q2|formal,0.9999448019404304,1.8176088276958202e-05,3.702197129267302e-05,1291.70419695,1,0
Northeast|35-44|female|tertiary|Q2|informal,0.2939779530842889,0.301404023999991,0.4046180229157201,17680.06184501,21,0
Northeast|35-44|female|tertiary|Q2|self_employed,0.19220535420612303,0.1871338672384238,0.6206607785554531,9491.45722857,9,0
Northeast|35-44|female|tertiary|Q2|unemployed,0.9999327770415289,2.2135749642957007e-05,4.508720882821865e-05,1060.62518433,1,0
Northeast|35-44|female|tertiary|Q3|formal,7.317761137498732e-05,5.9878429554714706e-05,0.9998669439590703,392.02696951,1,0
Northeast|35-44|female|tertiary|Q3|informal,0.17422422201426144,0.2597391359622172,0.5660366420235213,36279.2947043,44,0
Northeast|35-44|female|tertiary|Q3|self_employed,0.09041021109924346,0.12615136037725252,0.783438428523504,14620.41684985,13,0
Northeast|35-44|female|tertiary|Q3|unemployed,0.578282664637488,0.42167098891096993,4.6346451542306285e-05,1031.80506077,2,0
Northeast|35-44|female|tertiary|Q4|informal,0.04676361004624338,0.16169137253889332,0.7915450174148634,77845.07802593,76,0
Northeast|35-44|female|tertiary|Q4|self_employed,0.26943621962836,0.28639292326073873,0.4441708571109013,3922.9273987399997,6,0
Northeast|35-44|female|tertiary|Q4|unemployed,9.853211886940599e-06,0.273528826335958,0.7264613204521553,2912.13971571,4,0
Northeast|35-44|female|tertiary|Q5|informal,0.013349439168947442,0.15413159461928796,0.8325189662117646,85537.43071823,86,0
Northeast|35-44|female|tertiary|Q5|self_employed,2.6067740075214682e-06,0.393197724540297,0.6067996686856955,11007.72611061,10,0
Northeast|35-44|male|no_education|Q1|formal,0.5294932948931709,0.4704855833739558,2.112173287332692e-05,2264.16203674,3,0
Northeast|35-44|male|no_education|Q1|informal,0.8928452714211453,0.034169223742401285,0.07298550483645323,76663.20370059,79,0
Northeast|35-44|male|no_education|Q1|self_employed,0.6829688120853367,0.3170217858550761,9.402059587174099e-06,5086.56611308,3,0
Northeast|35-44|male|no_education|Q1|unemployed,0.8838174648280362,3.499785944584235e-06,0.11617903538601902,6708.866631700001,8,0
Northeast|35-44|male|no_education|Q2|informal,0.5680525374172499,2.0377690083835963e-06,0.4319454248137417,11522.27914293,14,0
Northeast|35-44|male|no_education|Q2|self_employed,4.534888843787532e-05,3.710725412718357e-05,0.9999175438574348,632.65894896,1,0
Northeast|35-44|male|no_education|Q2|unemployed,4.6094213945897005e-05,3.77171253718012e-05,0.9999161886606822,622.42748291,1,0
Northeast|35-44|male|no_education|Q3|informal,0.322972059172969,2.3234628835144683e-06,0.6770256173641475,10105.48304456,11,0
Northeast|35-44|male|no_education|Q3|unemployed,9.831747829773392e-06,8.044941735089632e-06,0.9999821233104352,2918.49753538,2,0
Northeast|35-44|male|no_education|Q4|formal,2.6431055583363377e-05,2.1627517898816455e-05,0.9999519414265179,1085.55149409,1,0
Northeast|35-44|male|no_education|Q4|informal,0.4361298274104172,0.17222004415292108,0.39165012843666175,6899.1344044,8,0
Northeast|35-44|male|no_education|Q5|informal,2.5501429742560353e-05,2.0866840768546076e-05,0.9999536317294889,1125.12769406,2,0
Northeast|35-44|male|primary|Q1|formal,0.2984395212002661,2.061194634012546e-05,0.7015398668533936,1139.04264732,4,0
Northeast|35-44|male|primary|Q1|informal,0.6750183070328423,0.20531538564061622,0.11966630732654157,502186.48658258,490,0
Northeast|35-44|male|primary|Q1|self_employed,0.8745322631767317,0.12546305030659605,4.68651667221461e-06,10204.73682023,12,0
Northeast|35-44|male|primary|Q1|unemployed,0.9224893735042609,0.015305525833106568,0.06220510066263253,41528.62958551,35,0
Northeast|35-44|male|primary|Q2|formal,0.6144294428948823,6.366360753901999e-06,0.3855641907443638,3688.02702075,4,0
Northeast|35-44|male|primary|Q2|informal,0.3595192218662523,0.22095303086333742,0.41952774727041026,246199.50752692,268,0
Northeast|35-44|male|primary|Q2|self_employed,0.41811747228264623,0.3179696910191427,0.26391283669821114,4042.2851826799997,7,0
Northeast|35-44|male|primary|Q2|unemployed,0.6921680567996147,3.3976280742060313e-06,0.307828545572311,6910.58787033,8,0
Northeast|35-44|male|primary|Q3|formal,3.2765683639387615e-05,2.6810900803517508e-05,0.999940423415557,875.6612171400001,2,0
Northeast|35-44|male|primary|Q3|informal,0.1586690213879967,0.17836759978368114,0.662963378828322,144389.66644453,135,0
Northeast|35-44|male|primary|Q3|self_employed,0.39343436348760324,0.42625447146000106,0.18031116505239572,3368.21025922,3,0
Northeast|35-44|male|primary|Q3|unemployed,1.4313586333524474e-05,1.171225809155377e-05,0.999973974155575,2004.63272846,3,0
Northeast|35-44|male|primary|Q4|formal,6.97281819903655e-05,5.705589393855984e-05,0.9998732159240711,411.42535697,1,0
Northeast|35-44|male|primary|Q4|informal,0.09967573148513761,0.06534638423788199,0.8349778842769805,79142.49419206,85,0
Northeast|35-44|male|primary|Q4|self_employed,1.2689568920306629e-05,1.0383387000439782e-05,0.9999769270440794,2261.19943142,2,0
Northeast|35-44|male|primary|Q4|unemployed,0.4050503382404083,7.016662488907116e-06,0.5949426450971028,3346.2127459,5,0
Northeast|35-44|male|primary|Q5|informal,0.03721251073214383,0.021084053879520104,0.9417034353883361,52756.23629819,63,0
Northeast|35-44|male|primary|Q5|self_employed,7.760451651101452e-06,6.350079604567146e-06,0.9999858894687444,3697.4831143,4,0
Northeast|35-44|male|primary|Q5|unemployed,1.7671221834006182e-05,1.4459682296967553e-05,0.9999678690958691,1623.7217851599999,2,0
Northeast|35-44|male|secondary|Q1|formal,0.999973333272125,8.781047806645422e-06,1.788568006843004e-05,2673.83455056,2,0
Northeast|35-44|male|secondary|Q1|informal,0.6333185398731283,0.20201114032560472,0.16467031980126703,126608.6236556,147,0
Northeast|35-44|male|secondary|Q1|self_employed,0.9999744645578643,8.408528380694258e-06,1.7126913755052788e-05,2792.29672595,4,0
Northeast|35-44|male|secondary|Q1|unemployed,0.9377827776036991,0.0622107312664237,6.491129877094838e-06,7367.66783099,10,0
Northeast|35-44|male|secondary|Q2|formal,0.2710633621523475,1.4988251034487393e-05,0.728921649596618,1566.45683617,2,0
Northeast|35-44|male|secondary|Q2|informal,0.35279827847672696,0.22962487812540167,0.4175768433978713,151880.24809909,174,0
Northeast|35-44|male|secondary|Q2|self_employed,0.5294008991579441,3.1204802548508884e-06,0.47059598036180095,7524.365852270001,9,0
Northeast|35-44|male|secondary|Q2|unemployed,0.42440941277779876,0.4568016984559142,0.11878888876628706,3183.3533585200003,3,0
Northeast|35-44|male|secondary|Q3|formal,0.6603008138485537,8.933917085326658e-06,0.339690252234361,2628.08055015,2,0
Northeast|35-44|male|secondary|Q3|informal,0.13228529646091505,0.2091973189295607,0.6585173846095242,151102.42514202,146,0
Northeast|35-44|male|secondary|Q3|self_employed,0.12149752294501706,0.4455878058816186,0.4329146711733643,5915.69388487,10,0
Northeast|35-44|male|secondary|Q3|unemployed,0.2992806735623146,8.961959214094809e-06,0.7007103644784713,2619.85692676,3,0
Northeast|35-44|male|secondary|Q4|informal,0.0668862409266642,0.12466421523877204,0.8084495438345638,160082.22430665,167,0
Northeast|35-44|male|secondary|Q4|self_employed,3.3484644578539167e-06,2.7399198933760833e-06,0.9999939116156488,8569.47430656,8,0
Northeast|35-44|male|secondary|Q5|formal,4.5289936582630075e-05,3.7059016087637114e-05,0.9999176510473297,633.48258257,1,0
Northeast|35-44|male|secondary|Q5|informal,0.009229002891562992,0.10804622002615866,0.8827247770822783,139229.32443757,138,0
Northeast|35-44|male|secondary|Q5|self_employed,4.217838365864833e-06,0.1564541508778507,0.8435416312837833,6803.127742600001,5,0
Northeast|35-44|male|secondary|Q5|unemployed,1.4154242136001559e-05,1.158187285313111e-05,0.9999742638850109,2027.20140609,2,0
Northeast|35-44|male|tertiary|Q1|informal,0.6885454235287333,0.12220565741728395,0.18924891905398275,4590.3288471,6,0
Northeast|35-44|male|tertiary|Q1|self_employed,2.84021374721681e-05,0.9999242606900057,4.7337172522093885e-05,1010.2082915000001,2,0
Northeast|35-44|male|tertiary|Q1|unemployed,0.9998984573187254,3.3436840952687264e-05,6.810584032194334e-05,702.11786662,1,0
Northeast|35-44|male|tertiary|Q2|informal,0.079111400297125,0.6380439165790233,0.2828446831238518,26484.50103292,32,0
Northeast|35-44|male|tertiary|Q2|self_employed,2.0760739275851888e-05,1.6987715790048383e-05,0.9999622515449341,1382.0721184,1,0
Northeast|35-44|male|tertiary|Q3|informal,0.25224368584234064,0.3356119657093155,0.41214434844834397,19567.25835806,29,0
Northeast|35-44|male|tertiary|Q3|self_employed,0.03850435136620118,0.15817942529681447,0.8033162233369843,7611.18556946,4,0
Northeast|35-44|male|tertiary|Q4|informal,0.03488279899252788,0.35048061954143583,0.6146365814660363,74646.58205217,82,0
Northeast|35-44|male|tertiary|Q4|self_employed,0.36146478486329436,0.0621745422285538,0.5763606729081517,8376.95538422,10,0
Northeast|35-44|male|tertiary|Q4|unemployed,5.019593171638265e-05,4.1073403527899854e-05,0.9999087306647556,571.55818032,1,0
Northeast|35-44|male|tertiary|Q5|informal,0.02597900854170706,0.2166323510431901,0.7573886404151028,147582.79257574,134,0
Northeast|35-44|male|tertiary|Q5|self_employed,0.04647700187779905,0.024671433876466503,0.9288515642457345,13614.7794184,13,0
Northeast|45-54|female|no_education|Q1|formal,0.7927773747878107,0.09121397547926657,0.11600864973292271,16002.67440839,20,0
Northeast|45-54|female|no_education|Q1|informal,0.7454706106244929,0.06754626275750018,0.18698312661800692,43357.80123432,44,0
Northeast|45-54|female|no_education|Q1|unemployed,0.9014548530982174,9.063757338612261e-07,0.09854424052604886,25905.21304306,24,0
Northeast|45-54|female|no_education|Q2|formal,0.7943786081426871,6.954689811652446e-06,0.20561443716750114,3376.03146757,7,0
Northeast|45-54|female|no_education|Q2|informal,0.7189250499617881,0.13947404368902838,0.1416009063491836,24619.7252721,24,0
Northeast|45-54|female|no_education|Q2|self_employed,6.867359304746979e-06,5.619296430011109e-06,0.9999875133442652,4178.3496356,2,0
Northeast|45-54|female|no_education|Q2|unemployed,0.8559826997524538,2.3603022296711703e-06,0.1440149399453166,9947.75617924,12,0
Northeast|45-54|female|no_education|Q3|formal,0.9999675864744056,1.0673402419658263e-05,2.174012317472437e-05,2199.75588448,3,0
Northeast|45-54|female|no_education|Q3|informal,0.1775224014005239,0.2736443584533116,0.5488332401461645,13182.12848476,16,0
Northeast|45-54|female|no_education|Q3|unemployed,0.9999689320336126,1.0230325197080605e-05,2.0837641190440536e-05,2295.03203813,3,0
Northeast|45-54|female|no_education|Q4|formal,1.7641517065842687e-05,1.443537602576662e-05,0.9999679231069084,1626.4559746,1,0
Northeast|45-54|female|no_education|Q4|informal,4.987050601684396e-06,4.080712017348331e-06,0.9999909322373809,5753.78486629,6,0
Northeast|45-54|female|no_education|Q4|unemployed,0.9999018556580392,3.2317806772032626e-05,6.582653518871315e-05,726.43281474,1,0
Northeast|45-54|female|no_education|Q5|formal,1.6030317959838706e-05,1.3116993663255469e-05,0.9999708526883769,1789.9402884299998,2,0
Northeast|45-54|female|no_education|Q5|informal,6.766718518090083e-05,5.53694593863902e-05,0.9998769633554326,423.95953355,1,0
Northeast|45-54|female|primary|Q1|formal,0.8555930249010537,0.054046948205328675,0.09036002689361754,62901.31268461,86,0
Northeast|45-54|female|primary|Q1|informal,0.8563368259493379,0.10198215900558742,0.04168101504507462,209269.2925653,225,0
Northeast|45-54|female|primary|Q1|self_employed,0.9999728524985971,8.939361018210859e-06,1.820814038467182e-05,2626.48002876,3,0
Northeast|45-54|female|primary|Q1|unemployed,0.8296733425087701,0.10549668393006194,0.0648299735611677,78654.68889401,84,0
Northeast|45-54|female|primary|Q2|formal,0.7168968664258856,0.026698061316313897,0.2564050722578006,31267.03504426,40,0
Northeast|45-54|female|primary|Q2|informal,0.5252079596303665,0.11407017976755027,0.3607218606020831,123756.41088325,147,0
Northeast|45-54|female|primary|Q2|self_employed,1.097330284784752e-05,0.30389092603401446,0.6960981006631376,2614.87521597,5,0
Northeast|45-54|female|primary|Q2|unemployed,0.7927826267497242,1.2009023837405944e-06,0.20721617234789214,19551.81982147,25,0
Northeast|45-54|female|primary|Q3|formal,0.41767318595425756,0.11264593892243024,0.46968087512331225,29826.56348452,26,0
Northeast|45-54|female|primary|Q3|informal,0.3009827087222504,0.06814206799874277,0.6308752232790067,88726.58630366,104,0
Northeast|45-54|female|primary|Q3|self_employed,5.550263356084893e-05,4.541567388342502e-05,0.9998990816925556,516.90096272,1,0
Northeast|45-54|female|primary|Q3|unemployed,0.6822381055825926,0.09061425915677633,0.22714763526063098,10674.24804917,15,0
Northeast|45-54|female|primary|Q4|formal,0.15132862888691428,1.6209090291069536e-06,0.8486697502040565,14485.56619019,17,0
Northeast|45-54|female|primary|Q4|informal,0.10387235128230957,0.09238120170140139,0.8037464470162892,57413.60981751,61,0
Northeast|45-54|female|primary|Q4|self_employed,8.621983002759918e-06,7.055037629025053e-06,0.9999843229793683,3328.01082732,4,0
Northeast|45-54|female|primary|Q4|unemployed,0.606182480273698,3.7105164459201524e-06,0.3938138092098561,6327.84584326,9,0
Northeast|45-54|female|primary|Q5|formal,6.578464544966555e-06,5.382904940903948e-06,0.9999880386305141,4361.8471973,7,0
Northeast|45-54|female|primary|Q5|informal,1.43460091263331e-06,0.09827381011622187,0.9017247552828656,20001.91918998,27,0
Northeast|45-54|female|primary|Q5|self_employed,2.8739085849501472e-05,2.3516090443127972e-05,0.9999477448237073,998.36303862,1,0
Northeast|45-54|female|primary|Q5|unemployed,5.0459574916860295e-06,4.128913263562495e-06,0.9999908251292448,5686.61357849,8,0
Northeast|45-54|female|secondary|Q1|formal,0.9999962462352545,1.2360717010447456e-06,2.5176930445356745e-06,18995.51902474,18,0
Northeast|45-54|female|secondary|Q1|informal,0.8079222709754388,0.0574900594896808,0.13458766953488024,66460.81087787,71,0
Northeast|45-54|female|secondary|Q1|self_employed,0.8123395341487566,8.318855889084314e-06,0.18765214699535426,2822.39715987,5,0
Northeast|45-54|female|secondary|Q1|unemployed,0.840806218236306,0.11108816190940198,0.04810561985429215,18166.04728996,19,0
Northeast|45-54|female|secondary|Q2|formal,0.5658261666949367,3.0480858796947176e-06,0.43417078521918356,7703.07768168,11,0
Northeast|45-54|female|secondary|Q2|informal,0.5727522867776417,0.1132720773219172,0.31397563590044103,81172.28695973,92,0
Northeast|45-54|female|secondary|Q2|self_employed,0.999966522944943,1.1023610480386748e-05,2.2453444576622976e-05,2129.8688665600002,3,0
Northeast|45-54|female|secondary|Q2|unemployed,0.5049566005592205,0.38769300990342714,0.10735038953735233,7470.52277514,11,0
Northeast|45-54|female|secondary|Q3|formal,0.4896248813231945,2.6412354351636753e-06,0.5103724774413703,8889.6592421,8,0
Northeast|45-54|female|secondary|Q3|informal,0.321171437587382,0.12188348239746606,0.556945080015152,63965.81327554,71,0
Northeast|45-54|female|secondary|Q3|self_employed,0.6428679836411354,0.2258901916854577,0.13124182467340692,6094.0659914299995,7,0
Northeast|45-54|female|secondary|Q3|unemployed,1.1151089000353002e-05,0.49761123117650413,0.5023776177344955,2573.18364822,3,0
Northeast|45-54|female|secondary|Q4|formal,1.9478913063332474e-05,1.5938846619197506e-05,0.9999645822403175,1473.02711398,2,0
Northeast|45-54|female|secondary|Q4|informal,0.14520510527060357,0.16721651370438748,0.6875783810250089,70688.04889846,88,0
Northeast|45-54|female|secondary|Q4|self_employed,0.35467840538584483,4.80985324583247e-06,0.6453167847609094,4881.53482756,6,0
Northeast|45-54|female|secondary|Q4|unemployed,0.20686901056726212,0.4382026866884507,0.3549283027442871,4607.41450694,8,0
Northeast|45-54|female|secondary|Q5|formal,2.697744516764686e-05,2.2074607515670653e-05,0.9999509479473168,1063.56317515,2,0
Northeast|45-54|female|secondary|Q5|informal,0.06493323555482532,0.12228296461683036,0.8127837998283444,45885.2621939,45,0
Northeast|45-54|female|secondary|Q5|self_employed,1.1520606898124993e-05,9.426870262845571e-06,0.9999790525228391,2490.646819,3,0
Northeast|45-54|female|secondary|Q5|unemployed,1.1934274217877561e-05,0.18074958050787898,0.8192384852179031,2404.31223828,4,0
Northeast|45-54|female|tertiary|Q1|formal,6.0200381443985535e-05,0.9998394650629225,0.00010033455563343795,476.55669712,1,0
Northeast|45-54|female|tertiary|Q1|informal,0.5476731793119985,0.3006983239026287,0.15162849678537263,8910.53836523,12,0
Northeast|45-54|female|tertiary|Q1|self_employed,0.9999071494227976,3.057463071994172e-05,6.227594648253941e-05,767.8552154,1,0
Northeast|45-54|female|tertiary|Q1|unemployed,7.76368999024119e-06,0.9999792967510476,1.2939558962287017e-05,3695.94080283,2,0
Northeast|45-54|female|tertiary|Q2|formal,0.9999407156237038,1.9521665533308407e-05,3.9762710762992526e-05,1202.66351832,1,0
Northeast|45-54|female|tertiary|Q2|informal,0.17081664757705378,0.43869589808699816,0.3904874543359481,23951.67951651,28,0
Northeast|45-54|female|tertiary|Q2|self_employed,0.7617372424284695,6.5618549032777635e-06,0.2382561957166273,3578.14844749,3,0
Northeast|45-54|female|tertiary|Q2|unemployed,0.6604301810305948,0.339559966407455,9.852561950072828e-06,4853.98141939,4,0
Northeast|45-54|female|tertiary|Q3|informal,0.24967161934813506,0.12061202347275383,0.6297163571791111,54787.44814067,55,0
Northeast|45-54|female|tertiary|Q3|self_employed,0.2871504826164222,5.319152265128011e-06,0.7128441982313125,4414.127296000001,6,0
Northeast|45-54|female|tertiary|Q3|unemployed,2.5879143308430715e-05,0.6992305589026485,0.3007435619540431,1108.7046711,2,0
Northeast|45-54|female|tertiary|Q4|informal,0.07926164036556006,0.2292284690095115,0.6915098906249284,62567.72602811,70,0
Northeast|45-54|female|tertiary|Q4|self_employed,1.0630282927746662e-05,0.37195322836106115,0.6280361413560112,2699.25571607,4,0
Northeast|45-54|female|tertiary|Q4|unemployed,0.5178398239433694,8.635307146608983e-06,0.482151540749484,2718.96334328,3,0
Northeast|45-54|female|tertiary|Q5|informal,0.03381416429991469,0.1257378283350348,0.8404480073650504,94539.97246493,105,0
Northeast|45-54|female|tertiary|Q5|self_employed,8.382981861122277e-06,0.10424070690407261,0.8957509101140664,3422.89619155,6,0
Northeast|45-54|female|tertiary|Q5|unemployed,0.20949652744673475,4.732573625207044e-06,0.79049873997964,4961.24851347,5,0
Northeast|45-54|male|no_education|Q1|formal,0.5882255847290507,1.0353208220683365e-05,0.41176406206272853,2267.79093968,3,0
Northeast|45-54|male|no_education|Q1|informal,0.8703295215541066,0.09113673614839414,0.038533742297499146,157519.07651486,143,0
Northeast|45-54|male|no_education|Q1|self_employed,1.0557299311898814e-05,0.9999718470989704,1.7595601717809314e-05,2717.91661928,1,0
Northeast|45-54|male|no_education|Q1|unemployed,0.8176858808945769,0.18231254656826373,1.572537159306264e-06,30412.62354819,26,0
Northeast|45-54|male|no_education|Q2|formal,0.7526559046523119,8.532690853096983e-06,0.2473355626568349,2751.6634852300003,3,0
Northeast|45-54|male|no_education|Q2|informal,0.59336690743564,0.07576766054470689,0.33086543201965307,45130.52997213,50,0
Northeast|45-54|male|no_education|Q2|self_employed,0.999942324273171,1.8991955703819958e-05,3.8683771125269225e-05,1236.21012448,1,0
Northeast|45-54|male|no_education|Q2|unemployed,0.566169935589901,0.20415077329726133,0.2296792911128376,11632.48106507,12,0
Northeast|45-54|male|no_education|Q3|informal,0.3487673802105553,0.10493058641389855,0.5463020333755461,15284.26846613,20,0
Northeast|45-54|male|no_education|Q3|self_employed,0.999800695851718,6.562857139144867e-05,0.00013367557689040717,357.67020012,1,0
Northeast|45-54|male|no_education|Q3|unemployed,0.7112535833330053,1.2917255166692238e-05,0.28873349941182813,1817.61954005,2,0
Northeast|45-54|male|no_education|Q4|informal,0.03715170873849229,0.10887641309913457,0.8539718781623732,12601.06724187,15,0
Northeast|45-54|male|no_education|Q4|unemployed,0.8141961621147332,1.1478221957563175e-05,0.1857923596633093,2045.5083884,2,0
Northeast|45-54|male|no_education|Q5|informal,3.597540694244181e-06,2.9437294137227086e-06,0.999993458729892,7976.15862311,8,0
Northeast|45-54|male|primary|Q1|formal,0.744277354766818,0.14595464890781865,0.10976799632536319,5606.58117193,6,0
Northeast|45-54|male|primary|Q1|informal,0.7935902637491231,0.147386711575625,0.05902302467525199,389691.69139801,389,0
Northeast|45-54|male|primary|Q1|self_employed,0.502958692121637,0.26980690134782703,0.22723440653053595,2403.35816585,3,0
Northeast|45-54|male|primary|Q1|unemployed,0.8291849286901445,0.02864453560534684,0.1421705357045087,50567.080355570004,44,0
Northeast|45-54|male|primary|Q2|formal,0.6139055300295565,4.757998374447942e-06,0.38608971197206904,4934.73714631,5,0
Northeast|45-54|male|primary|Q2|informal,0.4451362289521017,0.2110524161601657,0.3438113548877326,244517.50967211,254,0
Northeast|45-54|male|primary|Q2|self_employed,0.5973095187172974,1.399429236098899e-05,0.4026764869903417,1677.72310921,3,0
Northeast|45-54|male|primary|Q2|unemployed,0.38470203281336757,1.7999145727465001e-06,0.6152961672720596,13044.93417875,18,0
Northeast|45-54|male|primary|Q3|formal,6.438421667568291e-05,5.2683132316178796e-05,0.9998829326510081,445.58244309,1,0
Northeast|45-54|male|primary|Q3|informal,0.219672803069888,0.1725890765481105,0.6077381203820015,147767.8502386,170,0
Northeast|45-54|male|primary|Q3|self_employed,0.6217323280265455,0.23299021118685492,0.1452774607865997,3405.3138704599996,5,0
Northeast|45-54|male|primary|Q3|unemployed,0.45513529535291986,0.04282535813360367,0.5020393465134764,10508.45056327,9,0
Northeast|45-54|male|primary|Q4|formal,5.0112015396729895e-05,4.100473802570042e-05,0.9999088832465775,572.51546472,1,0
Northeast|45-54|male|primary|Q4|informal,0.04521970671186738,0.18579692734579614,0.7689833659423365,110237.77002353,131,0
Northeast|45-54|male|primary|Q4|self_employed,0.5897743112182777,2.047051672913195e-05,0.4102052182649933,1146.9129177,2,0
Northeast|45-54|male|primary|Q4|unemployed,0.8332998902378675,3.1210022356251967e-06,0.16669698875989672,7523.10740187,7,0
Northeast|45-54|male|primary|Q5|formal,1.9071447821178568e-05,1.5605433457167912e-05,0.9999653231187217,1504.50076516,1,0
Northeast|45-54|male|primary|Q5|informal,0.01332415551868778,0.06399279471858443,0.9226830497627276,72840.84922742,80,0
Northeast|45-54|male|primary|Q5|self_employed,0.3979106075593194,2.4931814323117596e-05,0.6020644606263573,941.66648422,2,0
Northeast|45-54|male|primary|Q5|unemployed,3.2199963304203195e-06,2.6347993575452553e-06,0.9999941452043121,8911.37443659,6,0
Northeast|45-54|male|secondary|Q1|formal,0.0011455767726503507,0.9969451174443819,0.0019093057829676651,24.94844343,1,1
Northeast|45-54|male|secondary|Q1|informal,0.7517542000823715,0.24434769845107643,0.0038981014665520437,51096.82424812,50,0
Northeast|45-54|male|secondary|Q1|self_employed,0.9997567532647701,8.009836155637968e-05,0.00016314837367343028,293.038919,1,0
Northeast|45-54|male|secondary|Q1|unemployed,0.33487556497073234,0.6651122449019842,1.2190127283581809e-05,3923.16813188,6,0
Northeast|45-54|male|secondary|Q2|formal,2.0126696716974522e-05,1.6468903109734435e-05,0.9999634044001733,1425.61408453,1,0
Northeast|45-54|male|secondary|Q2|informal,0.34063807313640343,0.2990572144310956,0.3603047124325009,85269.69040876,96,0
Northeast|45-54|male|secondary|Q2|self_employed,1.1424823603008799e-05,0.33795264801717795,0.6620359271592191,2511.52871144,4,0
Northeast|45-54|male|secondary|Q2|unemployed,0.28471486934782686,5.189031823080793e-06,0.7152799416203501,4524.81869791,5,0
Northeast|45-54|male|secondary|Q3|informal,0.1669690105993094,0.2667560800954585,0.5662749093052319,89302.39129629,100,0
Northeast|45-54|male|secondary|Q3|self_employed,0.35130215475745546,0.648690636580702,7.20866184229471e-06,6634.29885814,7,0
Northeast|45-54|male|secondary|Q3|unemployed,8.874507071339383e-06,7.261668378064149e-06,0.9999838638245507,3233.30944503,3,0
Northeast|45-54|male|secondary|Q4|formal,2.3857486985084865e-05,1.9521665533308407e-05,0.9999566208474816,1202.66351832,1,0
Northeast|45-54|male|secondary|Q4|informal,0.05799051357658239,0.18560810399806627,0.7564013824253515,143924.64977658,157,0
Northeast|45-54|male|secondary|Q4|self_employed,1.0124153275228352e-05,0.4918693466383088,0.5081205292084159,2834.2027021000004,4,0
Northeast|45-54|male|secondary|Q4|unemployed,6.089287654673031e-06,0.556829806979738,0.4431641037326074,4712.25990345,5,0
Northeast|45-54|male|secondary|Q5|informal,0.013391171410869825,0.09134160642372424,0.8952672221654059,119004.07103551,126,0
Northeast|45-54|male|secondary|Q5|self_employed,5.732150707561039e-06,4.690398824045536e-06,0.9999895774504683,5005.85962116,5,0
Northeast|45-54|male|secondary|Q5|unemployed,5.559148129435854e-05,0.9998517555082282,9.265301047741616e-05,516.0746785,1,0
Northeast|45-54|male|tertiary|Q1|informal,0.48224001056103316,0.46857126837334584,0.049188721065620986,10705.22248166,11,0
Northeast|45-54|male|tertiary|Q1|unemployed,0.07496598584174444,3.370799779205361e-05,0.9250003061604635,696.4690239199999,2,0
Northeast|45-54|male|tertiary|Q2|informal,0.1657748913480191,0.3798107102600736,0.4544143983919074,12803.41755791,12,0
Northeast|45-54|male|tertiary|Q2|self_employed,7.156006663827546e-06,0.22826184909160346,0.7717309949017328,4009.80612956,2,0
Northeast|45-54|male|tertiary|Q2|unemployed,0.5114899532010398,0.48846042767118736,4.961912777269886e-05,963.7447921600001,2,0
Northeast|45-54|male|tertiary|Q3|informal,0.29969872948106446,0.39556658362123565,0.30473468689769995,21610.93114244,26,0
Northeast|45-54|male|tertiary|Q3|unemployed,0.9998930947370799,3.520267761690544e-05,7.170258530326641e-05,666.893215,1,0
Northeast|45-54|male|tertiary|Q4|informal,0.07851789196905475,0.19299606855752974,0.7284860394734156,50679.28487069,60,0
Northeast|45-54|male|tertiary|Q4|self_employed,2.2663663433446122e-05,0.999939563343355,3.777299321162021e-05,1266.01988696,1,0
Northeast|45-54|male|tertiary|Q4|unemployed,2.5711596438760904e-05,0.42703166014262545,0.5729426282609359,1115.93007821,2,0
Northeast|45-54|male|tertiary|Q5|informal,0.01831283615594928,0.21593863394076743,0.7657485299032832,111792.68551618,111,0
Northeast|45-54|male|tertiary|Q5|self_employed,3.2249455038422436e-06,0.23159146539941192,0.7684053096550841,8897.698412490001,8,0
Northeast|45-54|male|tertiary|Q5|unemployed,1.799695455992025e-05,1.4726216879278031e-05,0.9999672768285608,1594.33170726,1,0
Northeast|55-64|female|no_education|Q1|formal,0.6364819834916767,0.18274454580255864,0.18077347070576458,10556.86931744,8,0
Northeast|55-64|female|no_education|Q1|informal,0.9087563483518427,0.07314723634952379,0.018096415298633504,50165.57341414,47,0
Northeast|55-64|female|no_education|Q1|unemployed,0.8556824478788179,0.029369889034009392,0.1149476630871728,33747.35405573,37,0
Northeast|55-64|female|no_education|Q2|formal,0.5757261101023261,0.42426301860304894,1.0871294624822218e-05,4399.11274749,6,0
Northeast|55-64|female|no_education|Q2|informal,0.6578713914966239,0.04140724307507977,0.3007213654282964,47727.64873091,57,0
Northeast|55-64|female|no_education|Q2|unemployed,0.7832834424118664,0.07647065990064648,0.14024589768748713,39637.04965642,40,0
Northeast|55-64|female|no_education|Q3|formal,0.6953869733034876,1.6175533371907344e-05,0.30459685116314056,1451.47173989,2,0
Northeast|55-64|female|no_education|Q3|informal,0.3294411526096399,0.04680907304768881,0.6237497743426713,31379.60122204,35,0
Northeast|55-64|female|no_education|Q3|unemployed,0.7316513180109195,0.016317777657756074,0.2520309043313246,35663.63883459,39,0
Northeast|55-64|female|no_education|Q4|formal,4.429697885911207e-05,3.624651690952366e-05,0.9999194565042313,647.68492176,1,0
Northeast|55-64|female|no_education|Q4|informal,0.06480772577410854,0.08740748173008263,0.8477847924958087,11803.90372251,11,0
Northeast|55-64|female|no_education|Q4|unemployed,0.5600880759996002,0.10062982616907688,0.339282097831323,8632.62237654,12,0
Northeast|55-64|female|no_education|Q5|informal,0.14468559384649893,0.030367581187153717,0.8249468249663473,10493.94817964,12,0
Northeast|55-64|female|no_education|Q5|unemployed,0.3324874306912798,5.263777684785949e-06,0.6675073055310354,4460.5646645,5,0
Northeast|55-64|female|primary|Q1|formal,0.9286979297990489,0.04530587988630005,0.02599619031465118,35571.64349492,35,0
Northeast|55-64|female|primary|Q1|informal,0.8254227012733768,0.08126649389530706,0.09331080483131596,94109.21821114,104,0
Northeast|55-64|female|primary|Q1|self_employed,0.9999387463653823,2.017011972483135e-05,4.108351489297739e-05,1163.99557507,1,0
Northeast|55-64|female|primary|Q1|unemployed,0.8955661041334557,0.01247780203570352,0.09195609383084077,47288.30998028,59,0
Northeast|55-64|female|primary|Q2|formal,0.7606241151700244,0.030981902543640645,0.2083939822863352,16628.94580477,18,0
Northeast|55-64|female|primary|Q2|informal,0.6694045514194642,0.05232160195774721,0.2782738466227887,126499.87894583,140,0
Northeast|55-64|female|primary|Q2|self_employed,0.39100094921978784,1.7819483718615432e-05,0.6089812312964937,1317.55585867,2,0
Northeast|55-64|female|primary|Q2|unemployed,0.6506173057550461,0.08068984409077823,0.2686928501541757,84934.30274921,94,0
Northeast|55-64|female|primary|Q3|formal,0.7304892644590976,2.2841161504634505e-06,0.26950845142475194,10279.56424367,15,0
Northeast|55-64|female|primary|Q3|informal,0.5129687473456919,0.09706913309739242,0.38996211955691573,106084.38650030999,120,0
Northeast|55-64|female|primary|Q3|self_employed,0.2095168383365062,1.854791978699607e-05,0.7904646137437068,1265.80730335,2,0
Northeast|55-64|female|primary|Q3|unemployed,0.5888431823473923,0.02133805205853852,0.38981876559406925,54972.11815933,72,0
Northeast|55-64|female|primary|Q4|formal,0.13800059646177346,6.624816705979713e-06,0.8619927787215206,3544.1410201500003,4,0
Northeast|55-64|female|primary|Q4|informal,0.20288137768091724,0.12872723066440728,0.6683913916546754,71272.87203663,81,0
Northeast|55-64|female|primary|Q4|self_employed,1.8005482254143894e-05,1.4733194764019554e-05,0.9999672613229819,1593.57655803,1,0
Northeast|55-64|female|primary|Q4|unemployed,0.5199926317531147,0.0290998908129166,0.4509074774339688,34633.67394735,35,0
Northeast|55-64|female|primary|Q5|formal,3.304380594188136e-06,0.1620461917499782,0.8379505038694277,8683.80131419,6,0
Northeast|55-64|female|primary|Q5|informal,0.04305395746814844,0.07421061609353799,0.8827354264383136,30932.29106092,42,0
Northeast|55-64|female|primary|Q5|unemployed,2.786832954637508e-06,2.280358399509844e-06,0.9999949328086458,10296.503869529999,12,0
Northeast|55-64|female|secondary|Q1|formal,0.8699551829209061,5.915856221681424e-06,0.1300389012228723,3968.88542501,5,0
Northeast|55-64|female|secondary|Q1|informal,0.9425403327622726,1.576011139203058e-06,0.05745809122658825,14898.23830247,17,0
Northeast|55-64|female|secondary|Q1|self_employed,0.9999353902529424,2.1275249079928438e-05,4.3334497977768046e-05,1103.52736681,1,0
Northeast|55-64|female|secondary|Q1|unemployed,0.7070723018389664,0.227052591693423,0.06587510646761074,11969.718555899999,14,0
Northeast|55-64|female|secondary|Q2|formal,0.7570622029986955,6.644683898947206e-06,0.24293115231740553,3533.5439592000002,4,0
Northeast|55-64|female|secondary|Q2|informal,0.42273986591714496,0.16891490578280285,0.40834522830005215,35305.70024492,40,0
Northeast|55-64|female|secondary|Q2|self_employed,4.21091695262754e-05,0.9998877084709742,7.018235949955195e-05,681.34100934,1,0
Northeast|55-64|female|secondary|Q2|unemployed,0.6392336278345022,0.21165283953599978,0.14911353262949809,13977.306357989999,17,0
Northeast|55-64|female|secondary|Q3|formal,0.26988219991824147,0.10216347300033007,0.6279543270814285,8328.05300185,10,0
Northeast|55-64|female|secondary|Q3|informal,0.1952203961241411,0.34347719944740673,0.4613024044284521,46062.93968683,48,0
Northeast|55-64|female|secondary|Q3|unemployed,0.2843603809307243,0.20496276170296207,0.5106768573663137,12448.29672601,16,0
Northeast|55-64|female|secondary|Q4|formal,0.2913012761261821,0.26162870038742514,0.4470700234863926,4237.12865028,6,0
Northeast|55-64|female|secondary|Q4|informal,0.05900831385594103,0.2398119264454281,0.7011797596986309,39578.43669445,50,0
Northeast|55-64|female|secondary|Q4|self_employed,0.40990801545550426,0.20830675883211155,0.3817852257123841,4935.93666795,5,0
Northeast|55-64|female|secondary|Q4|unemployed,0.03917979806037779,0.4876431143117379,0.4731770876278843,12586.10128376,15,0
Northeast|55-64|female|secondary|Q5|formal,1.2519538634170827e-05,1.0244257746023716e-05,0.9999772362036199,2291.91057826,1,0
Northeast|55-64|female|secondary|Q5|informal,6.285107443232619e-07,0.11681429175076005,0.8831850797384957,45655.30882734,58,0
Northeast|55-64|female|secondary|Q5|self_employed,5.085966382268527e-06,0.43079978156127147,0.5691951324723462,5641.87889402,5,0
Northeast|55-64|female|secondary|Q5|unemployed,0.14574109549599532,0.10153937345560979,0.7527195310483948,9462.37111449,11,0
Northeast|55-64|female|tertiary|Q1|formal,2.601475331554268e-05,2.1286873738002945e-05,0.9999526983729465,1102.92468128,1,0
Northeast|55-64|female|tertiary|Q1|informal,0.45830167110607806,0.5416859465166889,1.2382377233156114e-05,3862.25510312,4,0
Northeast|55-64|female|tertiary|Q1|unemployed,0.6272633076039947,3.104703631469436e-05,0.3727056453596905,756.17015997,2,0
Northeast|55-64|female|tertiary|Q2|formal,0.9999278743132578,2.3750161862277797e-05,4.837552487991848e-05,988.52261472,1,0
Northeast|55-64|female|tertiary|Q2|informal,0.6344510823152022,0.36553814376537486,1.0773919422959616e-05,4438.87304386,7,0
Northeast|55-64|female|tertiary|Q2|self_employed,4.0821307207285314e-05,0.9998911427830397,6.803590975299758e-05,702.8396398,1,0
Northeast|55-64|female|tertiary|Q2|unemployed,0.48136294535196045,0.5186050644051652,3.199024287450161e-05,1494.89139731,2,0
Northeast|55-64|female|tertiary|Q3|informal,0.29481771418260233,0.36600885124439786,0.3391734345729999,17299.1687173,27,0
Northeast|55-64|female|tertiary|Q3|self_employed,0.3056574815007474,0.6943254764333789,1.7042065873632992e-05,2806.19932133,2,0
Northeast|55-64|female|tertiary|Q3|unemployed,0.28853937880910346,0.19709186743262314,0.5143687537582733,7810.145202600001,8,0
Northeast|55-64|female|tertiary|Q4|formal,2.273616548340719e-05,0.7606837383205248,0.23929352551399194,1261.9824300999999,2,0
Northeast|55-64|female|tertiary|Q4|informal,0.10492490432711427,0.39654007382378226,0.49853502184910364,45403.69156604,50,0
Northeast|55-64|female|tertiary|Q4|self_employed,9.206989511775694e-06,0.48189316004613797,0.5180976329643503,3116.54469127,4,0
Northeast|55-64|female|tertiary|Q4|unemployed,0.11598766842004682,0.34930789790415323,0.5347044336758,8040.4217102699995,13,0
Northeast|55-64|female|tertiary|Q5|informal,0.00536471518600606,0.20647761629596262,0.7881576685180313,102680.58718576,90,0
Northeast|55-64|female|tertiary|Q5|self_employed,8.143905066477076e-06,0.3196356329591239,0.6803562231358097,3523.38348246,6,0
Northeast|55-64|female|tertiary|Q5|unemployed,0.17082578629828277,0.13331537206331653,0.6958588416384008,18332.31657771,21,0
Northeast|55-64|male|no_education|Q1|informal,0.8438371106871205,0.06544836241293933,0.09071452689994025,103441.2407138,103,0
Northeast|55-64|male|no_education|Q1|unemployed,0.8888899784382561,0.020908957444220378,0.09020106411752357,26493.42135729,26,0
Northeast|55-64|male|no_education|Q2|formal,2.7447221934513823e-05,2.245900780576949e-05,0.9999500937702598,1045.35789927,1,0
Northeast|55-64|male|no_education|Q2|informal,0.6033758705830575,0.10403884000172507,0.2925852894152172,77003.41688883,74,0
Northeast|55-64|male|no_education|Q2|self_employed,2.0913953617693117e-05,0.9999442292532452,3.4856793137134115e-05,1371.94641021,1,0
Northeast|55-64|male|no_education|Q2|unemployed,0.8296138298232646,0.046850421730632356,0.12353574844610327,19111.16931034,23,0
Northeast|55-64|male|no_education|Q3|formal,4.735440931035142e-05,3.874829485024982e-05,0.9999138972958392,605.86078385,1,0
Northeast|55-64|male|no_education|Q3|informal,0.38013175128753895,0.2459320138715925,0.3739362348408686,47867.50521578,39,0
Northeast|55-64|male|no_education|Q3|self_employed,1.6593122508218822e-05,0.999955751511637,2.7655365854823245e-05,1729.22580774,1,0
Northeast|55-64|male|no_education|Q3|unemployed,0.401680789018726,0.02314533902186115,0.5751738719594129,27898.19363386,32,0
Northeast|55-64|male|no_education|Q4|informal,0.12071598038785601,0.04364007084610496,0.8356439487660391,18028.36062926,16,0
Northeast|55-64|male|no_education|Q4|self_employed,1.9663143495758405e-05,1.6089595308073424e-05,0.9999642472611961,1459.2249035,1,0
Northeast|55-64|male|no_education|Q4|unemployed,0.4111106714585655,0.1830527621204817,0.40583656642095284,9100.92319631,9,0
Northeast|55-64|male|no_education|Q5|informal,7.843705602202454e-06,6.418203116013939e-06,0.9999857380912819,3658.23656179,6,0
Northeast|55-64|male|no_education|Q5|unemployed,2.5561561380230555e-05,2.0916044178750245e-05,0.999953522394441,1122.48068111,1,0
Northeast|55-64|male|primary|Q1|formal,0.7534752729567423,0.1150656164069883,0.13145911063626917,7103.52318076,7,0
Northeast|55-64|male|primary|Q1|informal,0.8094555334781505,0.11829372063677465,0.07225074588507484,172595.83672574,193,0
Northeast|55-64|male|primary|Q1|unemployed,0.812087693758592,0.08084999203439862,0.10706231420700948,36705.43161124,41,0
Northeast|55-64|male|primary|Q2|formal,0.8649098911791802,5.754212213357051e-06,0.13508435460860652,4080.37987278,5,0
Northeast|55-64|male|primary|Q2|informal,0.47202467776020224,0.27617917207107573,0.251796150168722,164654.4844874,178,0
Northeast|55-64|male|primary|Q2|self_employed,0.8326330647416645,8.872393099458427e-06,0.16735806286523616,2646.30518709,4,0
Northeast|55-64|male|primary|Q2|unemployed,0.7823987764586283,0.06987046985908607,0.1477307536822856,40021.902286900004,45,0
Northeast|55-64|male|primary|Q3|formal,5.672550364465564e-05,4.64163015179151e-05,0.9998968581948374,505.75562297,1,0
Northeast|55-64|male|primary|Q3|informal,0.24230363715217582,0.28865818450129543,0.46903817834652867,130832.00331224,130,0
Northeast|55-64|male|primary|Q3|self_employed,0.2565685242215006,7.580752729345152e-06,0.7434238950257701,3097.2107762,3,0
Northeast|55-64|male|primary|Q3|unemployed,0.4597357326591833,0.1932172960098287,0.34704697133098805,35808.43659998,41,0
Northeast|55-64|male|primary|Q4|formal,7.122371914956258e-05,5.8279634571122356e-05,0.9998704966462792,402.78425439,1,0
Northeast|55-64|male|primary|Q4|informal,0.1121496649455794,0.12969070668224963,0.758159628372171,129078.59508678,133,0
Northeast|55-64|male|primary|Q4|self_employed,5.032276973870766e-05,4.117719021131219e-05,0.9999085000400498,570.11732177,1,0
Northeast|55-64|male|primary|Q4|unemployed,0.41572972024149646,8.785922393805115e-07,0.5842694011662641,26724.41003763,22,0
Northeast|55-64|male|primary|Q5|informal,0.04273275551663732,0.08472208154660671,0.8725451629367558,70668.44586078,73,0
Northeast|55-64|male|primary|Q5|self_employed,5.584610348612045e-06,0.21920607330581127,0.7807883420838401,5138.11255078,5,0
Northeast|55-64|male|primary|Q5|unemployed,0.1642081949382225,3.340762947412117e-06,0.83578846429883,7028.21882714,9,0
Northeast|55-64|male|secondary|Q1|informal,0.6905299645072019,0.21741575886448775,0.09205427662831045,27806.49198989,27,0
Northeast|55-64|male|secondary|Q1|self_employed,0.9998384636319495,5.3192074296024514e-05,0.00010834429375442665,441.31815169,1,0
Northeast|55-64|male|secondary|Q1|unemployed,0.1566779702685016,0.7042472944024969,0.13907473532900153,5592.01944483,5,0
Northeast|55-64|male|secondary|Q2|informal,0.3327434158876775,0.34273021903326173,0.32452636507906085,45575.43601158,42,0
Northeast|55-64|male|secondary|Q2|self_employed,0.24166382008723536,0.4125749211894557,0.345761258723309,2397.18154912,3,0
Northeast|55-64|male|secondary|Q2|unemployed,0.20541060524008267,0.2739417236724159,0.5206476710875014,6285.76705144,9,0
Northeast|55-64|male|secondary|Q3|informal,0.13907829981923805,0.3657559449240272,0.4951657552567348,58198.72741747,63,0
Northeast|55-64|male|secondary|Q3|self_employed,2.3471215170794857e-05,0.5737332646499336,0.42624326413489555,1222.45770635,2,0
Northeast|55-64|male|secondary|Q3|unemployed,0.2428413102810092,0.19074472428067424,0.5664139654383166,8333.37612193,9,0
Northeast|55-64|male|secondary|Q4|informal,0.0747264992381857,0.32014897140850457,0.6051245293533096,73612.89975075,78,0
Northeast|55-64|male|secondary|Q4|self_employed,6.4911191204636916e-06,0.13197014967469362,0.8680233592061859,4420.54218079,4,0
Northeast|55-64|male|secondary|Q4|unemployed,0.12447525261794101,0.16616685556759303,0.709357891814466,9229.72938907,12,0
Northeast|55-64|male|secondary|Q5|informal,0.019326244137593273,0.19677598823159734,0.7838977676308093,72686.53605995,76,0
Northeast|55-64|male|secondary|Q5|self_employed,7.740467321498051e-06,6.333727194999915e-06,0.9999859258054836,3707.02953012,3,0
Northeast|55-64|male|secondary|Q5|unemployed,3.3350032358231066e-06,2.728905092264828e-06,0.9999939360916719,8604.06406084,8,0
Northeast|55-64|male|tertiary|Q1|informal,0.31661395614121407,0.6833591408334492,2.6903025336743455e-05,1777.58623776,3,0
Northeast|55-64|male|tertiary|Q1|unemployed,2.0312364687538477e-05,0.9999458334962538,3.385413905865083e-05,1412.58214833,2,0
Northeast|55-64|male|tertiary|Q2|informal,0.7332445251257333,0.21263418035778822,0.05412129451647835,9688.60173455,9,0
Northeast|55-64|male|tertiary|Q2|unemployed,7.3430571873154e-05,6.008541741732724e-05,0.9998664840107094,390.67613387,1,0
Northeast|55-64|male|tertiary|Q3|informal,3.077016645267292e-06,0.15396715426916888,0.8460297687141858,9325.46378224,12,0
Northeast|55-64|male|tertiary|Q3|unemployed,1.0678458867745078e-05,0.2980552576142875,0.7019340639268448,2687.07755435,4,0
Northeast|55-64|male|tertiary|Q4|informal,0.12883950228349939,0.47861702376345494,0.3925434739530458,21844.25479611,28,0
Northeast|55-64|male|tertiary|Q4|self_employed,0.4762366671380491,1.473996415110902e-05,0.5237485928977998,1592.84465574,2,0
Northeast|55-64|male|tertiary|Q4|unemployed,4.352212477694833e-05,3.5612483566507445e-05,0.9999208653916565,659.2178787,1,0
Northeast|55-64|male|tertiary|Q5|informal,3.812529617335898e-07,0.23409973387901387,0.7658998848680244,75264.66608595,71,0
Northeast|55-64|male|tertiary|Q5|self_employed,3.606569478592016e-06,0.4203560608256484,0.5796403326048729,7956.19063984,9,0
Northeast|55-64|male|tertiary|Q5|unemployed,3.1778004193169583e-06,0.27938772140606344,0.7206091007935171,9029.70401476,9,0
Northeast|65+|female|no_education|Q1|formal,0.999939651175881,1.9872175999508518e-05,4.0476648119573936e-05,1181.44887119,2,0
Northeast|65+|female|no_education|Q1|inactive,0.769636857668696,0.0339289464398085,0.19643419589149533,42893.40218519,45,0
Northeast|65+|female|no_education|Q1|informal,0.8933651394840096,0.049627118108936705,0.0570077424070538,26906.75053857,37,0
Northeast|65+|female|no_education|Q2|inactive,0.7104499571416188,0.051067612399433526,0.2384824304589477,115776.05025238,128,0
Northeast|65+|female|no_education|Q2|informal,0.7913665792219546,0.0617839024888862,0.14684951828915918,111350.07373295,123,0
Northeast|65+|female|no_education|Q3|formal,0.9997875102790555,6.997042932203216e-05,0.00014251929162228935,335.46957343,1,0
Northeast|65+|female|no_education|Q3|inactive,0.6942034803140655,0.026815666260934415,0.27898085342500006,165642.15687646,166,0
Northeast|65+|female|no_education|Q3|informal,0.5883845062001811,0.05065174121835745,0.3609637525814614,77052.41677987,79,0
Northeast|65+|female|no_education|Q4|inactive,0.6577038946498062,0.010314515662666678,0.33198158968752695,75666.83937574,72,0
Northeast|65+|female|no_education|Q4|informal,0.2527807798163801,0.02149357276533111,0.7257256474182889,35591.25699166,48,0
Northeast|65+|female|no_education|Q5|inactive,0.3384066916898742,1.535527627041099e-06,0.6615917727824988,15291.02645505,20,0
Northeast|65+|female|no_education|Q5|informal,0.030817245476288904,0.14836003374182372,0.8208227207818873,22836.68652482,25,0
Northeast|65+|female|primary|Q1|formal,0.9999770722206255,7.549854925276247e-06,1.5377924449330402e-05,3109.8865299,2,0
Northeast|65+|female|primary|Q1|inactive,0.7942754154175525,0.017564476962600186,0.18816010761984733,29672.09868527,42,0
Northeast|65+|female|primary|Q1|informal,0.9250950183941636,0.04018774423805639,0.03471723736778015,33922.93774035,46,0
Northeast|65+|female|primary|Q2|formal,0.9999421690259647,1.9043076829256e-05,3.878789720616759e-05,1232.89125088,1,0
Northeast|65+|female|primary|Q2|inactive,0.6854263863857002,0.05024374784940119,0.2643298657648987,105615.76381937,121,0
Northeast|65+|female|primary|Q2|informal,0.604808321506696,0.2441834126815308,0.1510082658117731,168493.59840988,181,0
Northeast|65+|female|primary|Q3|formal,0.9998997489454666,3.3011523072803244e-05,6.723953146057585e-05,711.16518666,1,0
Northeast|65+|female|primary|Q3|inactive,0.49671388367856406,0.03325862896689039,0.4700274873545455,175003.26037518,193,0
Northeast|65+|female|primary|Q3|informal,0.4616318505760035,0.18247522576337416,0.35589292366062236,93960.16877479,117,0
Northeast|65+|female|primary|Q3|self_employed,4.659330327729543e-05,3.812551100792849e-05,0.9999152811857147,615.75921079,1,0
Northeast|65+|female|primary|Q4|formal,5.3072592200573033e-05,4.342726434569503e-05,0.9999035001434536,540.57294991,1,0
Northeast|65+|female|primary|Q4|inactive,0.47960270110839087,0.06340285590033565,0.4569944429912734,105609.19384999,108,0
Northeast|65+|female|primary|Q4|informal,0.14397937289478535,0.28890522185115675,0.5671154052540579,85021.0399983,99,0
Northeast|65+|female|primary|Q5|inactive,0.13005311639161693,0.15212834128267083,0.7178185423257123,46143.69841652,45,0
Northeast|65+|female|primary|Q5|informal,0.030856933114655455,0.09636729053119551,0.872775776354149,39767.67198905,50,0
Northeast|65+|female|secondary|Q1|formal,0.9999141889471137,2.825659605721157e-05,5.755445682913537e-05,830.85455209,1,0
Northeast|65+|female|secondary|Q1|inactive,0.8316931318993593,0.16828831096087143,1.8557139769341814e-05,2577.08260948,4,0
Northeast|65+|female|secondary|Q1|informal,0.7827152792285703,0.21726175703181505,2.2963739614573257e-05,2082.5371792200003,2,0
Northeast|65+|female|secondary|Q2|formal,6.593486330843439e-05,5.395196691488779e-05,0.9998801131697767,435.10094749,1,0
Northeast|65+|female|secondary|Q2|inactive,0.3058196973790137,0.19775557551359876,0.49642472710738744,8383.31716769,11,0
Northeast|65+|female|secondary|Q2|informal,0.5324292132918629,0.3472873605150898,0.12028342619304727,9630.11917258,14,0
Northeast|65+|female|secondary|Q3|formal,0.999950720283597,1.622724571462773e-05,3.305247068851924e-05,1446.84592867,1,0
Northeast|65+|female|secondary|Q3|inactive,0.39683837598110105,0.2383809019601341,0.36478072205876483,20342.7185137,20,0
Northeast|65+|female|secondary|Q3|informal,0.40909794929922,0.3076081139834285,0.2832939367173515,16708.88556975,17,0
Northeast|65+|female|secondary|Q4|inactive,0.2897027165112633,0.4776146793050151,0.23268260418372158,21730.38853358,21,0
Northeast|65+|female|secondary|Q4|informal,0.2113659235997178,0.26663605584235606,0.5219980205579262,21639.2342703,25,0
Northeast|65+|female|secondary|Q5|inactive,0.26818150016275755,0.2682673713682651,0.46355112846897734,19759.9363487,27,0
Northeast|65+|female|secondary|Q5|informal,0.014246412081930043,0.1285306605397666,0.8572229273783034,22882.42905856,27,0
Northeast|65+|female|secondary|Q5|self_employed,1.433962565193766e-05,1.1733565065967937e-05,0.9999739268092821,2000.99233539,2,0
Northeast|65+|female|tertiary|Q1|inactive,3.121879446676182e-05,2.5545140790152486e-05,0.999943236064743,919.05512673,1,0
Northeast|65+|female|tertiary|Q1|informal,3.372669926183763e-05,0.999910061806687,5.621149405120855e-05,850.70709386,1,0
Northeast|65+|female|tertiary|Q2|inactive,2.418629005077384e-05,0.6203880990358522,0.3795877146740972,1186.31242308,2,0
Northeast|65+|female|tertiary|Q2|informal,2.2964376800749713e-05,1.879086776261771e-05,0.9999582447554367,1249.44033081,2,0
Northeast|65+|female|tertiary|Q3|inactive,5.3909212647586065e-06,0.8786955461259317,0.12129906295280334,5322.72212542,6,0
Northeast|65+|female|tertiary|Q3|informal,0.46827390467325747,0.15947619708364746,0.372249898243095,5314.5570742,7,0
Northeast|65+|female|tertiary|Q4|inactive,0.09309958926123021,0.24571117998698752,0.6611892307517823,8635.93872697,10,0
Northeast|65+|female|tertiary|Q4|informal,0.1108329129840931,0.2524320674950267,0.6367350195208802,12355.28740231,18,0
Northeast|65+|female|tertiary|Q5|inactive,0.09352577896095939,0.301904017659684,0.6045702033793566,33871.41657082,37,0
Northeast|65+|female|tertiary|Q5|informal,0.056937537280272864,0.2991071229578476,0.6439553397618796,39466.92825613,38,0
Northeast|65+|male|no_education|Q1|formal,0.9998832324357678,3.845022038668616e-05,7.831734384550818e-05,610.55832352,1,0
Northeast|65+|male|no_education|Q1|inactive,0.778278525811281,0.07292802593335382,0.14879344825536525,24243.54194381,31,0
Northeast|65+|male|no_education|Q1|informal,0.8154811172943814,0.028133597984486187,0.1563852847211325,16096.7433393,21,0
Northeast|65+|male|no_education|Q2|formal,0.9998867177983936,3.7302530426992534e-05,7.597967117946316e-05,629.34649737,1,0
Northeast|65+|male|no_education|Q2|inactive,0.6608615285173712,0.12866707674778616,0.2104713947348426,103074.95502075,105,0
Northeast|65+|male|no_education|Q2|informal,0.6049803814027565,0.19557735097989656,0.19944226761734693,86854.42742707,93,0
Northeast|65+|male|no_education|Q3|inactive,0.6088207164138795,0.06954550204720926,0.32163378153891126,181924.81471826,166,0
Northeast|65+|male|no_education|Q3|informal,0.423903159679966,0.11755494421408917,0.45854189610594476,94549.48595391,100,0
Northeast|65+|male|no_education|Q4|formal,2.7447221934513823e-05,2.245900780576949e-05,0.9999500937702598,1045.35789927,1,0
Northeast|65+|male|no_education|Q4|inactive,0.44632716869918965,0.031919882821376304,0.521752948479434,72793.85773474,67,0
Northeast|65+|male|no_education|Q4|informal,0.1926904553665766,0.20088001276809336,0.60642953186533,54736.55097324,58,0
Northeast|65+|male|no_education|Q4|self_employed,1.977351156651079e-05,1.6179905262517978e-05,0.999964046583171,1451.07951801,1,0
Northeast|65+|male|no_education|Q5|inactive,0.02518816701591865,1.178571463853185e-06,0.9748106544126177,19922.27877841,18,0
Northeast|65+|male|no_education|Q5|informal,0.058988351342022835,0.12787610210943626,0.813135546548541,26341.390565409998,28,0
Northeast|65+|male|primary|Q1|inactive,0.46626159278957163,0.3018981222971271,0.23184028491330122,39048.09589565,39,0
Northeast|65+|male|primary|Q1|informal,0.8176078285174312,0.1207683741149865,0.06162379736758229,42434.87216521,48,0
Northeast|65+|male|primary|Q1|self_employed,2.574158924465059e-05,0.999931355511202,4.2902899553280826e-05,1114.62973606,1,0
Northeast|65+|male|primary|Q2|inactive,0.5230022984361602,0.2249430019397637,0.25205469962407606,87799.58830311,98,0
Northeast|65+|male|primary|Q2|informal,0.6149142027692213,0.21160261784230114,0.17348317938847757,103833.7441248,130,0
Northeast|65+|male|primary|Q2|self_employed,0.9999436595583425,1.8552261603317782e-05,3.778818005428035e-05,1265.51104098,1,0
Northeast|65+|male|primary|Q3|formal,0.9993717283388382,0.0002068826560974138,0.00042138900506441524,113.39403359,1,0
Northeast|65+|male|primary|Q3|inactive,0.44890230282597493,0.09208088206934478,0.45901681510468034,146869.97476875,167,0
Northeast|65+|male|primary|Q3|informal,0.3847542436009617,0.22900971133396994,0.38623604506506815,97448.02803245,112,0
Northeast|65+|male|primary|Q4|formal,1.011620499877701e-05,8.277702114056287e-06,0.9999816060928872,2836.4296065,2,0
Northeast|65+|male|primary|Q4|inactive,0.32469641829151,0.07722250585779462,0.5980810758506955,58495.82832879,64,0
Northeast|65+|male|primary|Q4|informal,0.15157514836312524,0.20282814312024905,0.6455967085166257,80109.97823931,97,0
Northeast|65+|male|primary|Q4|self_employed,0.6219755800214727,2.4336061364273772e-05,0.3780000839171631,964.72116678,2,0
Northeast|65+|male|primary|Q5|inactive,0.04230875324602849,0.15889279453292957,0.7987984522210418,34397.90139612,35,0
Northeast|65+|male|primary|Q5|informal,0.09714410727589437,0.11289426267125724,0.7899616300528485,64980.54843179,77,0
Northeast|65+|male|secondary|Q1|informal,0.2501939385768186,0.7497957728733111,1.0288549870198433e-05,4648.2847090800005,5,0
Northeast|65+|male|secondary|Q2|formal,0.00010690015882886065,0.9997149318682121,0.00017816797295906929,268.32724369,1,0
Northeast|65+|male|secondary|Q2|inactive,0.32040603241378385,0.19153373800554552,0.4880602295806707,10016.6757965,13,0
Northeast|65+|male|secondary|Q2|informal,0.4613250136080338,0.32992734912532007,0.2087476372666462,6649.7902127199995,8,0
Northeast|65+|male|secondary|Q3|inactive,0.31322604805516757,0.23617840109270727,0.4505955508521251,9574.72473251,13,0
Northeast|65+|male|secondary|Q3|informal,0.1262620844268021,0.35079699571227224,0.5229409198609255,11678.978541190001,15,0
Northeast|65+|male|secondary|Q3|self_employed,2.8239005504113734e-05,2.310689389830563e-05,0.9999486541005975,1016.04467196,1,0
Northeast|65+|male|secondary|Q4|inactive,0.2515280007904056,0.2247094458613978,0.5237625533481965,21398.93290155,20,0
Northeast|65+|male|secondary|Q4|informal,0.10894037709556108,0.4111142122248789,0.47994541067956015,19533.59953519,22,0
Northeast|65+|male|secondary|Q5|inactive,0.025646831941336996,0.30103581665925944,0.6733173513994036,20676.64984918,21,0
Northeast|65+|male|secondary|Q5|informal,7.633270473494894e-07,0.45179968061568554,0.5481995560572672,37591.80124874,34,0
Northeast|65+|male|secondary|Q5|self_employed,1.234337948098358e-05,0.3166126642742606,0.6833749923462583,2324.62112104,4,0
Northeast|65+|male|tertiary|Q1|inactive,0.9996293436961406,0.00012205287200105044,0.00024860343185829784,192.27521195,1,0
Northeast|65+|male|tertiary|Q1|informal,0.9998693234232485,4.3030298769290564e-05,8.764627798222934e-05,545.56079697,1,0
Northeast|65+|male|tertiary|Q2|informal,6.798622864781379e-05,0.9998187027278512,0.00011331104350092469,421.96952136,1,0
Northeast|65+|male|tertiary|Q3|inactive,2.217837353679687e-05,0.9999408574544744,3.696417198880113e-05,1293.72413624,2,0
Northeast|65+|male|tertiary|Q3|informal,0.167482531857369,0.7673754158791538,0.06514205226347707,6585.38305882,5,0
Northeast|65+|male|tertiary|Q4|inactive,0.14736989176611423,0.5281151486862029,0.32451495954768295,2888.5559825299997,4,0
Northeast|65+|male|tertiary|Q4|informal,0.195514406616695,0.4606011852416298,0.3438844081416751,12434.42136625,15,0
Northeast|65+|male|tertiary|Q5|inactive,1.1209373597636367e-06,0.47960784364952613,0.520391035413114,25598.93524895,24,0
Northeast|65+|male|tertiary|Q5|informal,7.012399099803438e-07,0.47417984644027084,0.5258194523198192,40920.15364794,45,0
Northeast|65+|male|tertiary|Q5|self_employed,1.778942372445353e-05,0.5066517450751515,0.493330465501124,1612.9322954200002,2,0
North|15-24|female|primary|Q1|formal,0.6336780988846421,0.3663065653393555,1.5335776002376192e-05,3118.4339358,7,0
North|15-24|female|primary|Q1|informal,0.7965264135614611,0.053024022397972013,0.15044956404056695,18092.50336111,30,0
North|15-24|female|primary|Q1|unemployed,0.9942002673298643,2.1340589554985796e-06,0.005797598611180066,11002.38287884,18,0
North|15-24|female|primary|Q2|formal,2.76163937937716e-05,2.259743464243267e-05,0.9999497861715638,1038.95365772,1,0
North|15-24|female|primary|Q2|informal,0.42748534782279307,3.714965041848461e-06,0.5725109372121651,6320.26825537,14,0
North|15-24|female|primary|Q2|self_employed,0.9998672223921083,4.372214423946324e-05,8.90554636521828e-05,536.926432,1,0
North|15-24|female|primary|Q2|unemployed,0.9997153776013558,9.372289322652937e-05,0.0001908995054176479,250.42520587,1,0
North|15-24|female|primary|Q3|formal,5.376434072290238e-05,4.399329560014007e-05,0.9999022423636769,533.61648566,1,0
North|15-24|female|primary|Q3|informal,4.553842463187578e-06,3.726234431702823e-06,0.9999917199231051,6301.15332978,3,0
North|15-24|female|primary|Q4|formal,9.839989639908037e-06,8.051685691858346e-06,0.9999821083246683,2916.05296708,1,0
North|15-24|female|primary|Q4|informal,7.067995971617538e-05,5.7834697105755515e-05,0.999871485343178,405.88374843,1,0
North|15-24|female|secondary|Q1|formal,0.9999565641462198,1.430292874152294e-05,2.9132925038721622e-05,1641.51812903,6,0
North|15-24|female|secondary|Q1|informal,0.8793919241695043,0.056589498328876935,0.06401857750161871,14446.62921707,27,0
North|15-24|female|secondary|Q1|self_employed,0.9999433697284118,1.8647699277175298e-05,3.79825723111815e-05,1259.03372858,1,0
North|15-24|female|secondary|Q1|unemployed,0.9999573948836316,1.4029376434646015e-05,2.8575739933878102e-05,1673.52727985,3,0
North|15-24|female|secondary|Q2|formal,0.5806958872678741,1.950310264992689e-05,0.41928460962947606,1203.80829817,2,0
North|15-24|female|secondary|Q2|informal,0.2726267517936571,0.3771014753272334,0.3502717728791095,12966.59424463,19,0
North|15-24|female|secondary|Q2|unemployed,0.00011780726448844318,9.639716103272592e-05,0.9997857955744789,243.47508944,1,0
North|15-24|female|secondary|Q3|formal,0.5682816473779765,4.265438905952392e-05,0.43167569823296387,550.36966181,2,0
North|15-24|female|secondary|Q3|informal,0.2739198204600371,3.81785191030116e-06,0.7260763616880526,6149.94135099,12,0
North|15-24|female|secondary|Q3|self_employed,0.9995668239084008,0.00014263992143495656,0.00029053617016421365,164.50992746,1,0
North|15-24|female|secondary|Q4|formal,1.6201364914159494e-05,1.3256954818209845e-05,0.9999705416802677,1771.04182271,2,0
North|15-24|female|secondary|Q4|informal,5.223669415912427e-06,4.274328107472805e-06,0.9999905020024766,5493.14865334,9,0
North|15-24|female|secondary|Q4|unemployed,0.9997590961297526,7.93268829740925e-05,0.00016157698727327976,295.88978606,1,0
North|15-24|female|secondary|Q5|informal,1.0541197922577454e-05,0.2518238905875877,0.7481655682144897,2722.0683147600002,3,0
North|15-24|female|secondary|Q5|unemployed,0.00011968939496014884,9.793723612871807e-05,0.9997823733689112,239.64484117,1,0
North|15-24|female|tertiary|Q1|formal,0.9997078509306904,9.620133959787954e-05,0.00019594772971169892,243.97089567,1,0
North|15-24|female|tertiary|Q1|informal,0.3480196661996079,0.6519568554901347,2.34783102573899e-05,2036.89232913,3,0
North|15-24|female|tertiary|Q1|self_employed,0.9997599762792809,7.90370598235894e-05,0.00016098666089532743,296.97515908,1,0
North|15-24|female|tertiary|Q1|unemployed,0.9997808319440825,7.216952847440869e-05,0.00014699852744291613,325.24433322,2,0
North|15-24|female|tertiary|Q2|formal,0.44233464305764125,6.456468190565485e-05,0.557600792260453,363.56549679,2,0
North|15-24|female|tertiary|Q2|informal,0.2153053687618271,0.18611444201488034,0.5985801892232925,776.22363283,3,0
North|15-24|female|tertiary|Q2|unemployed,0.00014641492798402937,0.9996095587654543,0.00024402630656166865,195.88353378,1,0
North|15-24|female|tertiary|Q3|informal,8.757820642470163e-06,7.166188353781407e-06,0.9999840759910038,3276.39036854,3,0
North|15-24|female|tertiary|Q3|self_employed,0.9998549778922872,4.7754117670987534e-05,9.726799004181e-05,491.58424139,1,0
North|15-24|female|tertiary|Q4|informal,0.08571179879632779,0.09512405016543443,0.8191641510382378,6009.4999994,11,0
North|15-24|female|tertiary|Q5|informal,8.063985564386733e-05,6.598449750881214e-05,0.9998533756468473,355.74035655,1,0
North|15-24|male|no_education|Q1|informal,0.9999531421999647,1.5429736417352795e-05,3.1428063618116646e-05,1521.6335206,3,0
North|15-24|male|no_education|Q2|formal,0.0001649978082496446,0.000135011370996125,0.9996999908207543,173.81088578,1,0
North|15-24|male|no_education|Q2|informal,0.9996022577748905,0.00013097195538085783,0.0002667702697286212,179.17461686,1,0
North|15-24|male|no_education|Q4|informal,0.03319879899782095,3.1619378832014366e-05,0.9667695816233469,742.48091043,2,0
North|15-24|male|primary|Q1|formal,0.9997842028818338,7.105951731422345e-05,0.00014473760085185087,330.32649327999997,2,0
North|15-24|male|primary|Q1|informal,0.975620061666704,0.014893912138909254,0.009486026194386947,30741.6217328,57,0
North|15-24|male|primary|Q1|self_employed,0.9998670345694637,4.3783992083334826e-05,8.91814384530001e-05,536.16784592,1,0
North|15-24|male|primary|Q1|unemployed,0.733444929361484,0.2665203472428998,3.4723395616371144e-05,1377.21742666,3,0
North|15-24|male|primary|Q2|informal,0.49860363042525785,1.2512181785297802e-06,0.5013951183565638,18765.56974746,20,0
North|15-24|male|primary|Q3|informal,0.4748275599655807,1.310005497187628e-05,0.5251593399794475,1792.25485429,4,0
North|15-24|male|primary|Q4|informal,9.70532632887435e-06,7.941495875166797e-06,0.999982353177796,2956.51516286,6,0
North|15-24|male|primary|Q5|informal,3.056563411242907e-05,2.5010684751891934e-05,0.9999444236811356,938.69665244,3,0
North|15-24|male|secondary|Q1|formal,0.9997668262693199,7.678143662569486e-05,0.00015639229405428381,305.70239381,1,0
North|15-24|male|secondary|Q1|informal,0.9084196980812186,0.05603336077332216,0.035546941145459365,17383.96063912,33,0
North|15-24|male|secondary|Q1|self_employed,0.9998613773443038,4.564685147932301e-05,9.297580421694668e-05,514.28262135,1,0
North|15-24|male|secondary|Q1|unemployed,0.9999485472541759,1.6942799393364625e-05,3.450994643076389e-05,1385.73634116,5,0
North|15-24|male|secondary|Q2|formal,0.9971159683651141,0.0009496785575061552,0.0019343530773797447,24.62409947,1,1
North|15-24|male|secondary|Q2|informal,0.6367587510759677,0.11673648133193386,0.24650476759209863,25794.98356248,33,0
North|15-24|male|secondary|Q2|unemployed,0.999879165102089,3.978954674301122e-05,8.10453511680873e-05,590.0034076100001,2,0
North|15-24|male|secondary|Q3|informal,0.5162656566124066,0.28995604475836434,0.19377829862922905,8412.31424958,11,0
North|15-24|male|secondary|Q4|informal,0.25173729966909625,2.152960247104054e-06,0.7482605473706567,10905.789763589999,18,0
North|15-24|male|secondary|Q5|informal,0.16013963273305118,5.282554092155682e-06,0.8398550847128565,4444.70959602,12,0
North|15-24|male|tertiary|Q1|informal,0.9999441666761101,1.8385273535588542e-05,3.744805035445225e-05,1277.00621628,2,0
North|15-24|male|tertiary|Q2|informal,0.7307354145771936,0.051699909071549706,0.2175646763512567,2794.58653508,5,0
North|15-24|male|tertiary|Q2|self_employed,4.223816699494407e-05,0.37547129930293166,0.6244864625300734,679.25985451,2,0
North|15-24|male|tertiary|Q2|unemployed,0.7351140370783724,0.26478808760893185,9.787531269563168e-05,488.53330883,2,0
North|15-24|male|tertiary|Q3|informal,0.5183168479536422,0.21195101096222177,0.26973214108413607,1789.0879027400001,7,0
North|15-24|male|tertiary|Q3|self_employed,0.00016736256158557218,0.9995536982050811,0.00027893923333337857,171.35360774,1,0
North|15-24|male|tertiary|Q4|informal,0.17567135839675846,0.18537544256734953,0.6389531990358919,4227.92711218,9,0
North|15-24|male|tertiary|Q5|informal,0.03886153087798665,7.052092556494358e-06,0.9611314170294569,3329.40070241,8,0
North|25-34|female|no_education|Q1|formal,0.9999258669390216,2.4411167187588152e-05,4.972189379082253e-05,961.75270208,1,0
North|25-34|female|no_education|Q1|informal,0.9999594118205841,1.3365222216472289e-05,2.7222957199525633e-05,1756.69436825,4,0
North|25-34|female|no_education|Q2|formal,0.9997857176397265,7.056072490396155e-05,0.00014372163536949077,332.66227182,1,0
North|25-34|female|no_education|Q2|unemployed,0.999899007818851,3.325556757176855e-05,6.773661357731941e-05,705.94559882,1,0
North|25-34|female|primary|Q1|formal,0.9552604042316717,0.0447370413127474,2.554455581035186e-06,18722.14291168,21,0
North|25-34|female|primary|Q1|informal,0.8459281583914559,0.05945391865104347,0.09461792295750068,45565.9030441,83,0
North|25-34|female|primary|Q1|self_employed,0.9999750347896029,8.220757605784156e-06,1.6744452791373525e-05,2856.07801257,3,0
North|25-34|female|primary|Q1|unemployed,0.9283196757294596,2.921904172950108e-06,0.07167740236636735,8035.7374985999995,16,0
North|25-34|female|primary|Q2|formal,0.2029123968198676,0.32668042823977944,0.4704071749403528,4202.69019311,8,0
North|25-34|female|primary|Q2|informal,0.40925139371004443,0.08465167782099804,0.5060969284689576,11813.06077753,28,0
North|25-34|female|primary|Q2|self_employed,0.37041749609173685,1.6197597871242664e-05,0.629566306310392,1449.49439708,3,0
North|25-34|female|primary|Q3|formal,0.28934418354583297,1.27892917848079e-05,0.7106430271623821,1835.80675038,4,0
North|25-34|female|primary|Q3|informal,0.19563176501567694,0.05856068193933414,0.7458075530449889,8788.9271821,10,0
North|25-34|female|primary|Q3|self_employed,0.6983252708039654,3.70742592524893e-05,0.301637654936782,633.22208367,2,0
North|25-34|female|primary|Q4|formal,0.055535109871283884,3.845907992479539e-05,0.9444264310487913,610.41765061,2,0
North|25-34|female|primary|Q4|informal,2.2121600657334842e-05,1.810125640491343e-05,0.9999597771429378,1297.0446067100002,2,0
North|25-34|female|primary|Q5|formal,1.628486460370084e-05,1.3325279407986647e-05,0.9999703898559883,1761.9603967399999,3,0
North|25-34|female|primary|Q5|informal,0.0705623031010153,1.896169020131656e-05,0.9294187352087833,1238.18344789,3,0
North|25-34|female|secondary|Q1|formal,0.9498844971438107,0.03772688095151877,0.012388621904670438,9826.98799128,25,0
North|25-34|female|secondary|Q1|informal,0.8308726549575917,0.07395066911336501,0.09517667592904315,68200.36833404,103,0
North|25-34|female|secondary|Q1|self_employed,0.8943804123343129,6.532273998493957e-06,0.10561305539168864,3594.35227278,9,0
North|25-34|female|secondary|Q1|unemployed,0.9178362413865244,0.08215954253438207,4.216079093556501e-06,11343.41060167,18,0
North|25-34|female|secondary|Q2|formal,0.18684991581231963,5.905384868498085e-06,0.813144178802812,3975.92317938,7,0
North|25-34|female|secondary|Q2|informal,0.3729442246468956,0.20366368816128033,0.4233920871918242,35415.26514499,67,0
North|25-34|female|secondary|Q2|self_employed,0.3572617084241032,0.2652497113950846,0.3774885801808123,1484.75827587,3,0
North|25-34|female|secondary|Q2|unemployed,0.9998766678245156,4.061187162144113e-05,8.272030386300116e-05,578.0547656599999,3,0
North|25-34|female|secondary|Q3|formal,0.4774937332043763,0.2732382638665359,0.249268002929088,1086.85844727,3,0
North|25-34|female|secondary|Q3|informal,0.12468203573123056,0.18468479361628704,0.6906331706524825,27694.672541879998,42,0
North|25-34|female|secondary|Q3|self_employed,0.229903785167421,4.269527045102065e-05,0.770053519562128,549.84257847,3,0
North|25-34|female|secondary|Q3|unemployed,0.9998525868343664,4.854146563541898e-05,9.887169999811989e-05,483.60906838,1,0
North|25-34|female|secondary|Q4|formal,9.839989639908037e-06,8.051685691858346e-06,0.9999821083246683,2916.05296708,1,0
North|25-34|female|secondary|Q4|informal,0.2011340802751678,0.03476826273862009,0.7640976569862122,17140.12095315,27,0
North|25-34|female|secondary|Q4|self_employed,2.8234155516226647e-05,2.3102925339444778e-05,0.9999486629191443,1016.21922258,2,0
North|25-34|female|secondary|Q4|unemployed,8.476090587279882e-05,6.935659467333997e-05,0.9998458824994538,338.43950343,1,0
North|25-34|female|secondary|Q5|formal,3.120337979558074e-05,2.5532527556609023e-05,0.9999432640926478,919.5091953,2,0
North|25-34|female|secondary|Q5|informal,3.390843148012755e-06,2.7745967482995614e-06,0.9999938345601037,8462.37193748,11,0
North|25-34|female|secondary|Q5|unemployed,7.993648443258128e-05,6.540895585427539e-05,0.9998546545597131,358.87144074,1,0
North|25-34|female|tertiary|Q1|formal,0.9997772324089229,7.335481414074157e-05,0.00014941277693620352,319.98733708,2,0
North|25-34|female|tertiary|Q1|informal,0.5011775506029809,0.45713135316912656,0.041691096227892535,4759.31900144,7,0
North|25-34|female|tertiary|Q1|self_employed,0.800061592267036,0.19989192291456465,4.648481839943398e-05,1028.73348891,3,0
North|25-34|female|tertiary|Q1|unemployed,0.9999100048156685,2.9634382579098272e-05,6.036080175239284e-05,792.22111746,1,0
North|25-34|female|tertiary|Q2|informal,0.3775713537373294,0.3519037064970703,0.27052493976560027,15340.74029448,18,0
North|25-34|female|tertiary|Q2|self_employed,0.548763290661118,0.17038165602447036,0.28085505331441174,4474.411361349999,5,0
North|25-34|female|tertiary|Q2|unemployed,0.9997889627697851,6.949214077479017e-05,0.00014154508943996092,337.77917394,1,0
North|25-34|female|tertiary|Q3|informal,0.2621365076663644,0.2033919407573239,0.5344715515763117,16990.80688205,31,0
North|25-34|female|tertiary|Q3|self_employed,0.09199885868690516,0.1402041784963174,0.7677969628167776,3108.34317089,6,0
North|25-34|female|tertiary|Q3|unemployed,6.741051208686387e-05,5.515943364913122e-05,0.999877430054264,425.57418784,1,0
North|25-34|female|tertiary|Q4|informal,0.026592725408294843,0.5458093448079332,0.42759792978377187,17813.93533228,33,0
North|25-34|female|tertiary|Q4|self_employed,1.665042334323461e-05,0.23468753747470722,0.7652958121019496,1723.27449883,6,0
North|25-34|female|tertiary|Q5|informal,0.02673438965706197,0.20215182915980143,0.7711137811831367,16248.82079181,29,0
North|25-34|female|tertiary|Q5|self_employed,1.5834252983265753e-05,0.9147074283153203,0.08527673743169659,1812.1051614799999,3,0
North|25-34|female|tertiary|Q5|unemployed,6.64743801369469e-05,5.439343281959087e-05,0.9998791321870434,431.56878616,1,0
North|25-34|male|no_education|Q1|formal,0.999487156197944,0.00016887358525168836,0.0003439702168042652,138.93860148,1,0
North|25-34|male|no_education|Q1|informal,0.9999831046509952,5.563444754638041e-06,1.133190425002993e-05,4220.29728187,9,0
North|25-34|male|no_education|Q1|unemployed,0.9998830347141837,3.85153278378274e-05,7.84499579784482e-05,609.5260486,1,0
North|25-34|male|no_education|Q2|informal,5.27143978006961e-05,4.3134167622026133e-05,0.9999041514345771,544.24682329,1,0
North|25-34|male|no_education|Q2|unemployed,0.9998598033775483,4.616514068936523e-05,9.403148176225273e-05,508.5077237,1,0
North|25-34|male|no_education|Q4|informal,0.9996063727147784,0.00012961695284561677,0.00026401033237594086,181.0487356,1,0
North|25-34|male|no_education|Q5|informal,8.679361611549272e-05,7.101988341405306e-05,0.9998421865004704,330.51089362,1,0
North|25-34|male|primary|Q1|formal,0.4397526029646475,0.3922712713924346,0.16797612564291797,1857.80820638,6,0
North|25-34|male|primary|Q1|informal,0.8727009596831135,0.0968829325065788,0.030416107810307742,114969.09117287,196,0
North|25-34|male|primary|Q1|self_employed,0.5574094370594969,7.3533310130701395e-06,0.44258320960949016,3193.00351711,7,0
North|25-34|male|primary|Q1|unemployed,0.9152693901231854,6.188210569329893e-06,0.0847244216662452,3794.2031927000003,8,0
North|25-34|male|primary|Q2|formal,0.0002035173813900071,0.00016653045864362443,0.9996299521599664,140.89491055,2,0
North|25-34|male|primary|Q2|informal,0.3182611942086753,0.103692959550299,0.5780458462410257,41800.700156779996,90,0
North|25-34|male|primary|Q2|unemployed,0.0002074766613167048,0.00016977018538140093,0.999622753153302,138.20430277,1,0
North|25-34|male|primary|Q3|informal,0.19249481869782786,0.07941929753914204,0.7280858837630302,20279.126148069998,35,0
North|25-34|male|primary|Q3|self_employed,3.60640308427126e-05,2.9509811671887178e-05,0.9999344261574853,795.56577318,2,0
North|25-34|male|primary|Q4|informal,0.22305639264046917,2.3683627128663147e-06,0.776941238996818,9913.89965586,18,0
North|25-34|male|primary|Q4|self_employed,0.00010593926453568617,8.668603237228129e-05,0.999807374703092,270.76194255,1,0
North|25-34|male|primary|Q4|unemployed,1.4984379586753283e-05,1.226114245392267e-05,0.9999727544779593,1914.88852644,1,0
North|25-34|male|primary|Q5|informal,0.35268030429297165,2.4957643621567396e-06,0.6473171999426661,9407.81826197,9,0
North|25-34|male|primary|Q5|self_employed,0.00022496365820660013,0.00018407912348037005,0.999590957218313,127.45355782,1,0
North|25-34|male|secondary|Q1|formal,0.9998773145213352,4.039892177186411e-05,8.228655689293313e-05,581.1023215099999,3,0
North|25-34|male|secondary|Q1|informal,0.772779596309584,0.1626507376164034,0.06456966607401243,85181.92331964,116,0
North|25-34|male|secondary|Q1|self_employed,0.9999727495454376,8.97326231350691e-06,1.827719224897344e-05,2616.55671859,6,0
North|25-34|male|secondary|Q1|unemployed,0.8475056209872683,0.03404788633227414,0.11844649268045739,7929.4981481,8,0
North|25-34|male|secondary|Q2|formal,0.13202515442575985,0.00014062362980269528,0.8678342219444375,166.87013975000002,2,0
North|25-34|male|secondary|Q2|informal,0.43758700305733095,0.19258097073679348,0.3698320262058755,62719.34692098,97,0
North|25-34|male|secondary|Q2|self_employed,0.9993396219241999,0.00021745493039969984,0.00044292314540052285,107.87615431,1,0
North|25-34|male|secondary|Q3|formal,0.9995234257803335,0.00015693042753165887,0.00031964379213480967,149.52010548,1,0
North|25-34|male|secondary|Q3|informal,0.22398139491300478,0.13255636954386077,0.6434622355431345,55187.03731132,75,0
North|25-34|male|secondary|Q3|self_employed,6.987939462540329e-05,5.717962543163217e-05,0.999872940979943,410.53485364,1,0
North|25-34|male|secondary|Q4|informal,0.21761352390374472,0.09626981930648298,0.6861166567897723,31046.9250447,52,0
North|25-34|male|secondary|Q4|self_employed,8.027881202070192e-06,6.568906937512917e-06,0.9999854032118605,3574.30702748,3,0
North|25-34|male|secondary|Q4|unemployed,0.9998358826765217,5.404195333272705e-05,0.00011007537014554063,434.37628504,1,0
North|25-34|male|secondary|Q5|formal,9.980413086328404e-05,8.166588806162323e-05,0.999818529981075,287.4122977,1,0
North|25-34|male|secondary|Q5|informal,0.11500754658593638,0.1446754313925536,0.74031702202151,12690.29538431,25,0
North|25-34|male|secondary|Q5|self_employed,0.00012216465165532323,9.996264363884208e-05,0.9997778727047059,234.78721652,1,0
North|25-34|male|tertiary|Q1|formal,3.605721137122379e-05,0.9999038470850213,6.0095703607441644e-05,795.71625681,1,0
North|25-34|male|tertiary|Q1|informal,0.9414221944915749,0.025778039969083986,0.0327997655393408,6938.66926879,15,0
North|25-34|male|tertiary|Q1|self_employed,0.16415990667698735,0.8357901874229474,4.99059000652618e-05,958.2062890899999,2,0
North|25-34|male|tertiary|Q2|informal,0.7133880393821196,0.10265757514109952,0.18395438547678078,6129.1347694,13,0
North|25-34|male|tertiary|Q2|self_employed,0.9999245783872346,2.4835472520289737e-05,5.0586140245133594e-05,945.3197862000001,3,0
North|25-34|male|tertiary|Q2|unemployed,1.1089960291641607e-05,0.9999704266645011,1.8483375207342645e-05,2587.36778436,1,0
North|25-34|male|tertiary|Q3|informal,0.2787888093231249,0.31279468159642076,0.4084165090804543,11858.0271729,17,0
North|25-34|male|tertiary|Q3|self_employed,0.9997056037517628,9.694130985916835e-05,0.00019745493837802094,242.10785911,1,0
North|25-34|male|tertiary|Q4|informal,0.03734287898775469,0.2748193577803497,0.6878377632318956,21950.93186457,39,0
North|25-34|male|tertiary|Q4|self_employed,1.2092573597793799e-05,9.89488865112365e-06,0.9999780125377512,2372.83697263,2,0
North|25-34|male|tertiary|Q5|informal,0.013869287177131769,0.12503473161801038,0.861095981204858,23922.77743757,39,0
North|25-34|male|tertiary|Q5|self_employed,0.2896863104339563,5.0910683666345465e-05,0.7102627788823773,461.0988178,2,0
North|35-44|female|no_education|Q1|formal,0.7670107870526787,0.2329587953106778,3.041763664362978e-05,1572.1831611,2,0
North|35-44|female|no_education|Q1|informal,0.9999779495515594,7.260959905635409e-06,1.4789488535025454e-05,3233.62493795,8,0
North|35-44|female|no_education|Q1|unemployed,0.2669615528157202,1.1586617529082722e-05,0.7330268605667508,2026.37123385,5,0
North|35-44|female|no_education|Q2|formal,0.9994720475392754,0.0001738486933595946,0.0003541037673648853,134.9596698,1,0
North|35-44|female|no_education|Q2|informal,5.6244800844335615e-05,4.6022960874173415e-05,0.9998977322382815,510.0789775,1,0
North|35-44|female|no_education|Q3|formal,0.6181490802619841,0.3818038258909519,4.709384706401647e-05,1015.42837317,2,0
North|35-44|female|no_education|Q3|informal,1.5263045948339446e-05,0.3972682564638846,0.6027164804901671,1879.92546029,3,0
North|35-44|female|no_education|Q4|informal,1.3790576926907826e-05,1.1284299576345217e-05,0.9999749251234968,2080.6624754599998,2,0
North|35-44|female|no_education|Q5|informal,0.00010766012346515552,8.809414515767692e-05,0.9998042457313772,266.43243616,1,0
North|35-44|female|primary|Q1|formal,0.9136051236554196,0.055672877699557866,0.030721998645022574,18244.71046316,37,0
North|35-44|female|primary|Q1|informal,0.827201459022868,0.08203656206125655,0.09076197891587538,59386.64797256,100,0
North|35-44|female|primary|Q1|self_employed,0.9998886993093823,3.665004157260618e-05,7.465064904511847e-05,640.55267358,1,0
North|35-44|female|primary|Q1|unemployed,0.9999956814087889,1.422062581530253e-06,2.896528629679838e-06,16511.09115661,20,0
North|35-44|female|primary|Q2|formal,0.34425764130376213,0.3114792326025625,0.3442631260936753,4705.01967081,11,0
North|35-44|female|primary|Q2|informal,0.19858694332953825,0.14110456110432126,0.6603084955661407,28365.82445646,39,0
North|35-44|female|primary|Q2|self_employed,3.711788420552608e-05,0.15381803077302053,0.8461448513427738,772.97517922,2,0
North|35-44|female|primary|Q2|unemployed,0.9999813040243279,6.1563704755038455e-06,1.2539605196575667e-05,3813.8269255699997,4,0
North|35-44|female|primary|Q3|formal,0.3542895101528932,0.049375367883389865,0.596335121963717,3470.80249721,8,0
North|35-44|female|primary|Q3|informal,0.09093317649500994,0.2642454873639905,0.6448213361409996,14767.55967368,24,0
North|35-44|female|primary|Q3|unemployed,3.756887843338904e-05,3.074117067303245e-05,0.9999316899508934,763.69482649,2,0
North|35-44|female|primary|Q4|formal,2.638261854414353e-05,0.10188984039717026,0.8980837769842858,1087.5446906299999,3,0
North|35-44|female|primary|Q4|informal,4.456359796058098e-06,0.18941047685136747,0.8105850667888365,6438.99295875,13,0
North|35-44|female|primary|Q4|unemployed,0.00011720674315702774,9.590577748571452e-05,0.9997868874793573,244.72307256,1,0
North|35-44|female|primary|Q5|informal,7.452545551298424e-06,6.098131865906405e-06,0.9999864493225828,3850.2508347499997,7,0
North|35-44|female|primary|Q5|unemployed,6.604483598411473e-05,5.404195333272705e-05,0.9998799132106831,434.37628504,1,0
North|35-44|female|secondary|Q1|formal,0.8437615664652344,0.022335437717346862,0.1339029958174189,17159.65867755,26,0
North|35-44|female|secondary|Q1|informal,0.8267972496908886,0.0851254217899803,0.08807732851913112,50868.42477008,71,0
North|35-44|female|secondary|Q1|self_employed,0.9999751501233387,8.182779528660842e-06,1.6667097132686905e-05,2869.33416208,7,0
North|35-44|female|secondary|Q1|unemployed,0.7555217911651936,0.24447009417995907,8.114654847222508e-06,5893.57493697,16,0
North|35-44|female|secondary|Q2|formal,0.6457122192480257,0.03948526974056863,0.3148025110114055,6715.36211155,12,0
North|35-44|female|secondary|Q2|informal,0.3596129398427157,0.11578864477128861,0.5245984153859957,50723.22255834,82,0
North|35-44|female|secondary|Q2|self_employed,0.42364741856493776,0.3219485240631894,0.25440405737187294,1817.0009604699999,5,0
North|35-44|female|secondary|Q2|unemployed,0.9998970879725505,3.388775095118422e-05,6.902427649839479e-05,692.7741643,1,0
North|35-44|female|secondary|Q3|formal,0.050073739946562786,0.24011900490463708,0.7098072551487999,4564.61436683,8,0
North|35-44|female|secondary|Q3|informal,0.4564057603627902,0.063293970117347,0.48030026951986293,45102.18473699,57,0
North|35-44|female|secondary|Q3|self_employed,6.397462726806802e-05,5.2347981031115e-05,0.9998836773917008,448.4358682,1,0
North|35-44|female|secondary|Q3|unemployed,0.7666802544341095,2.3326108205791854e-05,0.23329641945768476,1006.49513851,3,0
North|35-44|female|secondary|Q4|formal,1.2138238181612296e-05,9.9322542266589e-06,0.9999779295075918,2363.9098797799998,2,0
North|35-44|female|secondary|Q4|informal,0.07520396814852426,0.10507937757433726,0.8197166542771386,19303.96425573,30,0
North|35-44|female|secondary|Q4|self_employed,8.174064702724507e-06,6.688523283025159e-06,0.9999851374120143,3510.3829760999997,2,0
North|35-44|female|secondary|Q5|formal,3.532037014797573e-05,2.890130268005594e-05,0.9999357783271718,812.31829755,1,0
North|35-44|female|secondary|Q5|informal,0.06709478009485041,0.010837078975645075,0.9220681409295045,10325.63410682,21,0
North|35-44|female|secondary|Q5|self_employed,8.964871880076658e-05,7.335610431275928e-05,0.9998369951768864,319.98170745,1,0
North|35-44|female|tertiary|Q1|formal,0.7147844491494816,1.275180300846513e-05,0.28520279904751006,1841.2040967399998,2,0
North|35-44|female|tertiary|Q1|informal,0.4869911700697731,0.18265783586692907,0.3303509940632977,11526.16027969,18,0
North|35-44|female|tertiary|Q1|self_employed,0.4930152013121647,1.915697527501174e-05,0.5069656417125602,1225.5604596100002,3,0
North|35-44|female|tertiary|Q1|unemployed,0.5826944063436358,0.41719139721764087,0.00011419643872330987,418.69710462,2,0
North|35-44|female|tertiary|Q2|formal,0.9999760139326817,7.898337013951837e-06,1.6087730304494166e-05,2972.67098696,2,0
North|35-44|female|tertiary|Q2|informal,0.4820744067040671,0.34647735077835573,0.1714482425175771,13570.73301813,24,0
North|35-44|female|tertiary|Q2|self_employed,0.17900885712938397,0.38801005165855434,0.4329810912120616,4225.18210349,7,0
North|35-44|female|tertiary|Q2|unemployed,0.9319646873800624,8.866098200299915e-06,0.06802644652173719,2648.18412565,3,0
North|35-44|female|tertiary|Q3|informal,0.26292584460507434,0.23084161077738807,0.5062325446175376,20718.00337058,35,0
North|35-44|female|tertiary|Q3|unemployed,4.3455578297641866e-05,0.9998841180344652,7.242638723717875e-05,660.22753696,1,0
North|35-44|female|tertiary|Q4|informal,0.008909376085783722,0.49318189987876215,0.4979087240354542,29322.53359629,50,0
North|35-44|female|tertiary|Q4|self_employed,0.055908812615597124,0.6026551624836357,0.3414360249007671,2653.04244026,5,0
North|35-44|female|tertiary|Q4|unemployed,4.185473174522267e-05,0.9998883869742028,6.975829405202587e-05,685.48353591,1,0
North|35-44|female|tertiary|Q5|informal,0.03158022103488692,0.1342844983473081,0.8341352806178051,23193.81167357,46,0
North|35-44|female|tertiary|Q5|self_employed,0.0002216494499383441,0.0001813672341115917,0.9995969833159501,129.36079944,1,0
North|35-44|male|no_education|Q1|formal,0.9997668262693199,7.678143662569486e-05,0.00015639229405428381,305.70239381,1,0
North|35-44|male|no_education|Q1|informal,0.777825847585154,0.21702918515326827,0.005144967261577795,17558.02464202,42,0
North|35-44|male|no_education|Q1|self_employed,0.9999083629559699,3.0175028157122167e-05,6.146201587306176e-05,778.02511054,1,0
North|35-44|male|no_education|Q1|unemployed,0.9997069399855857,9.650130337863016e-05,0.00019655871103565456,243.2122279,1,0
North|35-44|male|no_education|Q2|informal,0.2835475247198657,3.6249492225743106e-06,0.7164488503309117,6477.21752326,9,0
North|35-44|male|no_education|Q3|formal,0.00032813900497467917,0.0002685035480708038,0.9994033574469545,87.34743706,1,0
North|35-44|male|no_education|Q3|informal,0.2893090621956396,0.2484776122353733,0.46221332556898725,1148.71197223,5,0
North|35-44|male|no_education|Q4|informal,1.3356739501465679e-05,0.20489363684377165,0.7950930064167269,2148.24728051,5,0
North|35-44|male|no_education|Q5|informal,4.9145849895075864e-05,4.0214161893985344e-05,0.9999106399882108,583.7725964800001,2,0
North|35-44|male|primary|Q1|formal,0.999964915100424,1.155305524969429e-05,2.353184432643097e-05,2032.25824748,6,0
North|35-44|male|primary|Q1|informal,0.782470283739103,0.1555260826715719,0.0620036335893251,154099.93576537,273,0
North|35-44|male|primary|Q1|self_employed,0.877680724117433,0.12230374736675438,1.5528515812665974e-05,3079.72671829,6,0
North|35-44|male|primary|Q1|unemployed,0.6977259953681669,0.15496111454697434,0.14731289008485862,7272.03257727,15,0
North|35-44|male|primary|Q2|formal,1.3233905028639115e-05,1.0828796336771512e-05,0.9999759372986348,2168.18781243,3,0
North|35-44|male|primary|Q2|informal,0.2749236212360896,0.26453024298986694,0.4605461357740434,79189.19635482,129,0
North|35-44|male|primary|Q2|self_employed,0.29271183585570326,1.87263254866677e-05,0.7072694378188101,1253.74700469,3,0
North|35-44|male|primary|Q2|unemployed,3.532955382037968e-05,2.8908817326554518e-05,0.999935761628853,812.10711505,1,0
North|35-44|male|primary|Q3|formal,0.00010049682035644305,0.9997320074998626,0.00016749567978102157,285.43057582,1,0
North|35-44|male|primary|Q3|informal,0.15148176882144546,0.12733012888177989,0.7211881022967747,47215.11409712,70,0
North|35-44|male|primary|Q3|self_employed,9.293534830528502e-05,0.9997521714990072,0.00015489315268750928,308.66211805,1,0
North|35-44|male|primary|Q3|unemployed,0.9998082045287698,6.315605011081391e-05,0.00012863942111929853,371.67668773,1,0
North|35-44|male|primary|Q4|informal,0.09434376993050597,0.06435557483985956,0.8413006552296345,22927.73263546,42,0
North|35-44|male|primary|Q4|self_employed,0.9997025674381268,9.794113313400298e-05,0.000199491428739129,239.6353019,1,0
North|35-44|male|primary|Q4|unemployed,3.11365150145414e-05,2.5477814673721397e-05,0.9999433856703117,921.48402991,2,0
North|35-44|male|primary|Q5|informal,0.027181651681927908,0.0932269196753264,0.8795914286427458,12451.98357114,26,0
North|35-44|male|secondary|Q1|informal,0.6807288005513443,0.24010615297758403,0.07916504647107164,51735.792868129996,80,0
North|35-44|male|secondary|Q1|self_employed,0.7168923030854877,0.2830707361172857,3.6960797226726324e-05,1293.84227083,3,0
North|35-44|male|secondary|Q1|unemployed,0.999943332988404,1.865979734058441e-05,3.800721425555392e-05,1258.2173703199999,3,0
North|35-44|male|secondary|Q2|formal,2.0024299389836507e-05,0.9779670419197819,0.022012933780828216,1432.90469224,2,0
North|35-44|male|secondary|Q2|informal,0.3705397967185975,0.1628223594042506,0.46663784387715196,70376.38641656999,99,0
North|35-44|male|secondary|Q2|self_employed,0.40737874728463497,0.1799114021702373,0.4127098505451279,2557.21005699,5,0
North|35-44|male|secondary|Q2|unemployed,0.9998183041324793,5.983036638175686e-05,0.00012186550113885128,392.34197454,1,0
North|35-44|male|secondary|Q3|informal,0.16217955392962038,0.20398836543939766,0.633832080630982,64483.78359166,83,0
North|35-44|male|secondary|Q3|self_employed,0.4491686330880101,0.09197157734084206,0.4588597895711479,2205.37984238,4,0
North|35-44|male|secondary|Q3|unemployed,3.6784174434940605e-05,3.0099077521732107e-05,0.9999331167480432,779.98859585,1,0
North|35-44|male|secondary|Q4|informal,0.14195971058300222,0.2336198755311567,0.624420413885841,53870.2843775,75,0
North|35-44|male|secondary|Q4|self_employed,2.1363839837136316e-05,1.748120982182573e-05,0.9999611549503411,1343.05344073,3,0
North|35-44|male|secondary|Q5|informal,0.009208331748513252,0.08064352493382348,0.9101481433176632,23561.0070344,40,0
North|35-44|male|secondary|Q5|self_employed,2.977558929481053e-05,0.16186608838690603,0.838104136023799,963.60603115,3,0
North|35-44|male|secondary|Q5|unemployed,0.00022496365820660013,0.00018407912348037005,0.999590957218313,127.45355782,1,0
North|35-44|male|tertiary|Q1|informal,0.2774913704148347,0.5918055125372749,0.13070311704789034,9880.36946428,14,0
North|35-44|male|tertiary|Q1|unemployed,8.784091437585686e-05,0.9997657567057898,0.0001464023798343723,326.56912894,1,0
North|35-44|male|tertiary|Q2|informal,0.2072552186465833,0.23776552669678494,0.5549792546566319,12277.13732667,18,0
North|35-44|male|tertiary|Q2|self_employed,6.943430129047617e-05,5.6815422646108945e-05,0.9998737502760634,413.16713816,1,0
North|35-44|male|tertiary|Q3|informal,0.18401909118217039,0.31866243616137857,0.49731847265645124,19205.41473622,34,0
North|35-44|male|tertiary|Q3|self_employed,0.07338451245254175,6.43033219936876e-06,0.9266090572152589,3651.33609884,4,0
North|35-44|male|tertiary|Q3|unemployed,0.9997719736297934,7.508646982634374e-05,0.00015293990038016416,312.60543381,1,0
North|35-44|male|tertiary|Q4|informal,0.028670251308166913,0.2643845550184849,0.7069451936733483,26796.02059892,44,0
North|35-44|male|tertiary|Q4|self_employed,0.7537435417060515,2.1089469806934384e-05,0.24623536882414165,1113.24933193,2,0
North|35-44|male|tertiary|Q4|unemployed,0.00011307152938831306,9.252209084042586e-05,0.9997944063797713,253.67665925,1,0
North|35-44|male|tertiary|Q5|informal,0.023654075517630147,0.24642439994434165,0.7299215245380282,34780.92357633,57,0
North|35-44|male|tertiary|Q5|self_employed,1.0946231071678193e-05,8.956880578629375e-06,0.9999800968883498,2621.34246696,6,0
North|45-54|female|no_education|Q1|formal,0.9999876053845711,4.081404780314588e-06,8.313210648417483e-06,5752.80822257,9,0
North|45-54|female|no_education|Q1|informal,0.9220546777904612,0.033944125337404374,0.04400119687213438,11593.3756075,25,0
North|45-54|female|no_education|Q1|unemployed,0.9999822188082251,5.85514262440158e-06,1.1926049150514913e-05,4010.0409353299997,6,0
North|45-54|female|no_education|Q2|formal,0.9996043124553069,0.00013029537267269554,0.000265392172020411,180.10553331,1,0
North|45-54|female|no_education|Q2|informal,0.809100127203852,0.05725027190827956,0.13364960088786823,8036.35507351,8,0
North|45-54|female|no_education|Q2|self_employed,1.2317006261158358e-05,1.0078533281913624e-05,0.999977604460457,2329.59882259,1,0
North|45-54|female|no_education|Q3|informal,0.758744091216308,4.65204040980693e-05,0.2412093883795939,504.62362773999996,3,0
North|45-54|female|no_education|Q3|unemployed,0.9999013045375778,3.2499284422497864e-05,6.619617799982906e-05,722.3758187,3,0
North|45-54|female|no_education|Q4|formal,4.4790127580527567e-05,3.665004157260618e-05,0.9999185598308468,640.55267358,1,0
North|45-54|female|no_education|Q4|informal,4.139529229711277e-05,3.387217821319493e-05,0.9999247325294895,693.09271328,2,0
North|45-54|female|no_education|Q5|formal,6.604483598411473e-05,0.9998238797938703,0.00011007537014554063,434.37628504,1,0
North|45-54|female|primary|Q1|formal,0.9462162233713529,1.693040649600439e-06,0.053782083587997444,13868.40760249,25,0
North|45-54|female|primary|Q1|informal,0.8498809326809331,0.06704424780045921,0.08307481951860772,47307.52111012,85,0
North|45-54|female|primary|Q1|self_employed,0.5281181546093637,0.40978773695011733,0.06209410844051909,1454.72363346,3,0
North|45-54|female|primary|Q1|unemployed,0.6545720197026353,0.207667139516163,0.13776084078120154,15008.22873597,32,0
North|45-54|female|primary|Q2|formal,0.3221676961894182,0.09073018924111145,0.5871021145694704,5460.74964543,9,0
North|45-54|female|primary|Q2|informal,0.5188852600020599,0.1618653883991414,0.31924935159879864,42515.34247537,63,0
North|45-54|female|primary|Q2|self_employed,0.5856962264108295,1.309641311976602e-05,0.4142906771760507,1792.7532725400001,3,0
North|45-54|female|primary|Q2|unemployed,0.5131454791976646,0.334928981621119,0.15192553918121623,4784.0106687200005,9,0
North|45-54|female|primary|Q3|formal,0.42222948935633176,7.2426144942517765e-06,0.577763268029174,3241.81590467,6,0
North|45-54|female|primary|Q3|informal,0.37931514949997625,0.09924435963071417,0.5214404908693095,7321.20081418,17,0
North|45-54|female|primary|Q3|unemployed,0.818319646590139,5.91789109244247e-06,0.18167443551876855,3967.52068675,6,0
North|45-54|female|primary|Q4|formal,0.5718246084653779,1.7533828810813877e-05,0.4281578577058114,1339.02263965,5,0
North|45-54|female|primary|Q4|informal,0.06341542823848886,0.07846087523151714,0.8581236965299941,9780.87700456,20,0
North|45-54|female|primary|Q4|self_employed,0.0001974440238962415,0.00016156086340789712,0.999640995112696,145.23189923,1,0
North|45-54|female|primary|Q4|unemployed,1.0383493873843628e-05,8.496414337312948e-06,0.999981120091789,2763.41248752,3,0
North|45-54|female|primary|Q5|formal,2.0053562641562744e-05,1.6409060303986744e-05,0.9999635373770545,1430.81357368,1,0
North|45-54|female|primary|Q5|informal,0.15686472617894262,0.17897137315254227,0.6641639006685152,8178.83703229,19,0
North|45-54|female|primary|Q5|unemployed,5.421551796206607e-05,4.436247661089369e-05,0.9999014220054269,529.17493941,1,0
North|45-54|female|secondary|Q1|formal,0.6627557824808658,0.238896408103673,0.0983478094154612,11699.600549679999,11,0
North|45-54|female|secondary|Q1|informal,0.8665744793979583,0.12742848000412507,0.005997040597916738,25653.71450333,36,0
North|45-54|female|secondary|Q1|self_employed,0.9997994374810553,6.604293842590425e-05,0.00013451958051871764,355.425476,2,0
North|45-54|female|secondary|Q1|unemployed,0.87247211627055,2.129964170442654e-05,0.1275065840877458,1102.26347851,2,0
North|45-54|female|secondary|Q2|formal,0.6240807545858146,4.020849700858128e-06,0.3759152245644845,5839.44856987,7,0
North|45-54|female|secondary|Q2|informal,0.3021586914460154,0.3726964469187369,0.3251448616352478,17493.01731544,32,0
North|45-54|female|secondary|Q2|self_employed,0.7789538826575412,0.22094566947090283,0.00010044787155589986,476.01897748,3,0
North|45-54|female|secondary|Q2|unemployed,0.11657301329724849,0.81643008517844,0.0669969015243114,5959.35920205,6,0
North|45-54|female|secondary|Q3|formal,0.9999393872465393,1.9959084906289627e-05,4.065366855449373e-05,1176.30398999,2,0
North|45-54|female|secondary|Q3|informal,0.12403170553416817,0.18462870715464685,0.6913395873111849,29479.91326667,36,0
North|45-54|female|secondary|Q3|self_employed,0.9998358985394649,5.403672984737355e-05,0.0001100647306877069,434.41828389,1,0
North|45-54|female|secondary|Q3|unemployed,0.9998741815375932,4.143057740448787e-05,8.438788500231186e-05,566.62990316,3,0
North|45-54|female|secondary|Q4|formal,6.904642085306307e-05,5.649803497779225e-05,0.9998744555441691,415.48873914,1,0
North|45-54|female|secondary|Q4|informal,0.021681576951424926,0.21389680338926415,0.7644216196593109,16050.72874436,34,0
North|45-54|female|secondary|Q4|self_employed,4.168847822305411e-05,3.411208099880175e-05,0.999924199440778,688.21764093,2,0
North|45-54|female|secondary|Q4|unemployed,0.0001287156120582608,0.00010532304299641254,0.9997659613449453,222.83266936,1,0
North|45-54|female|secondary|Q5|formal,5.0378344455797745e-05,4.122266486837977e-05,0.9999083989906757,569.48828827,1,0
North|45-54|female|secondary|Q5|informal,0.016106275592888637,0.042060600596360395,0.941833123810751,8725.65851161,18,0
North|45-54|female|secondary|Q5|unemployed,0.00023019810972238727,0.00018836227416616522,0.9995814396161115,124.55313038,1,0
North|45-54|female|tertiary|Q1|informal,0.6633785108233315,0.24409043166474623,0.09253105751192205,6956.42275567,6,0
North|45-54|female|tertiary|Q1|self_employed,0.8594908164649462,0.14047635240795067,3.283112710324182e-05,1456.6010674,2,0
North|45-54|female|tertiary|Q2|formal,0.9997577325480425,7.977589480039407e-05,0.00016249155715708036,294.22383277,1,0
North|45-54|female|tertiary|Q2|informal,0.014642343693068011,0.70765431185215,0.277703344454782,10140.22072306,15,0
North|45-54|female|tertiary|Q2|self_employed,0.9995977963124656,0.00013244106381531104,0.00026976262371906153,177.18600514,1,0
North|45-54|female|tertiary|Q2|unemployed,0.9998622193887042,4.536957591066006e-05,9.241103538512864e-05,517.426264,2,0
North|45-54|female|tertiary|Q3|informal,0.32198219025960556,0.18848719598682273,0.48953061375357165,4741.48214805,14,0
North|45-54|female|tertiary|Q3|self_employed,3.771866947809572e-05,0.9998994165138814,6.286481664058213e-05,760.66159052,1,0
North|45-54|female|tertiary|Q4|informal,0.09110736366396735,0.21556770327270713,0.6933249330633257,18104.19629419,40,0
North|45-54|female|tertiary|Q4|self_employed,0.0001664834693240004,0.9995560424596773,0.00027747407099869026,172.25894411,1,0
North|45-54|female|tertiary|Q4|unemployed,1.577866927131583e-05,1.291107920410432e-05,0.9999713102515246,1818.48903885,2,0
North|45-54|female|tertiary|Q5|informal,0.07239031728810559,0.12337905965851652,0.8042306230533779,25975.50498238,53,0
North|45-54|female|tertiary|Q5|self_employed,0.06604663652173787,7.578148165362797e-06,0.9339457853300968,3098.2753033000004,3,0
North|45-54|female|tertiary|Q5|unemployed,1.4265520528315516e-05,0.9999619584729289,2.377600654274964e-05,2011.38741313,1,0
North|45-54|male|no_education|Q1|informal,0.9256317590638847,0.033050575838665136,0.04131766509745014,29916.17850975,58,0
North|45-54|male|no_education|Q1|unemployed,0.9999752790333698,8.140330933108907e-06,1.6580635697091315e-05,2884.29712258,6,0
North|45-54|male|no_education|Q2|informal,0.5324696436363991,0.05184230737536227,0.4156880489882386,8390.23182103,19,0
North|45-54|male|no_education|Q2|unemployed,0.34393283749494663,0.46895774631954795,0.1871094161855055,1461.66712345,3,0
North|45-54|male|no_education|Q3|informal,0.5586626203808761,0.14678161268947232,0.2945557669296514,4226.3128193600005,5,0
North|45-54|male|no_education|Q5|informal,4.984855080464772e-05,0.30198351227862563,0.6979666391705697,575.54190977,2,0
North|45-54|male|primary|Q1|formal,0.9999443782968651,1.8315589246787025e-05,3.730611388824183e-05,1281.86515023,7,0
North|45-54|male|primary|Q1|informal,0.8023806620779071,0.1470922879078353,0.050527050014257543,107819.20971095,200,0
North|45-54|male|primary|Q1|self_employed,0.9551879683021679,0.044797055453907275,1.4976243925002237e-05,3193.3000364,6,0
North|45-54|male|primary|Q1|unemployed,0.9257900236863433,2.9331630824708765e-06,0.07420704315057404,8004.89203765,12,0
North|45-54|male|primary|Q2|formal,0.6799546368979221,0.31999983074782107,4.55323542569504e-05,1050.2550426,4,0
North|45-54|male|primary|Q2|informal,0.5780960712960935,0.24432832887640757,0.17757559982749882,74043.91354629,122,0
North|45-54|male|primary|Q2|self_employed,0.6738635169406221,0.030321673239830274,0.2958148098195477,3254.42205248,7,0
North|45-54|male|primary|Q2|unemployed,0.42382021484246835,6.620573125156408e-06,0.5761731645844065,3546.41276807,5,0
North|45-54|male|primary|Q3|formal,0.9995080866924339,0.00016198141334394054,0.0003299318942221574,144.85457618,1,0
North|45-54|male|primary|Q3|informal,0.3141319901200802,0.2905698974184454,0.3952981124614745,43291.45080088,79,0
North|45-54|male|primary|Q3|self_employed,0.30156568231212394,0.6983818433899859,5.247429789021962e-05,911.30119674,2,0
North|45-54|male|primary|Q3|unemployed,0.5598877188017601,0.14020734296921034,0.29990493822902964,3997.36660751,6,0
North|45-54|male|primary|Q4|formal,0.0001979579792556659,0.00016198141334394054,0.9996400606074005,144.85457618,1,0
North|45-54|male|primary|Q4|informal,0.20056568256224142,0.16401240454459284,0.6354219128931656,42277.07375311,61,0
North|45-54|male|primary|Q4|self_employed,2.3273141530718303e-05,0.9999379380624904,3.878879597883386e-05,1232.8626813199999,2,0
North|45-54|male|primary|Q5|informal,0.021610264887826018,0.05160725758979184,0.9267824775223822,26327.20459845,36,0
North|45-54|male|primary|Q5|self_employed,0.00010849727316080542,8.877915260921636e-05,0.99980272357423,264.37590938,1,0
North|45-54|male|secondary|Q1|informal,0.6295651003171541,0.17599049939133807,0.19444440029150792,18508.36806312,27,0
North|45-54|male|secondary|Q1|self_employed,0.9998581596646106,4.670639651777478e-05,9.513393887161728e-05,502.61373668,1,0
North|45-54|male|secondary|Q2|formal,0.9999511426500006,1.6088165299528815e-05,3.276918469998822e-05,1459.35461668,1,0
North|45-54|male|secondary|Q2|informal,0.3066804385535093,0.4268085029209068,0.2665110585255838,34366.57460258,56,0
North|45-54|male|secondary|Q2|self_employed,0.00022721236089460147,0.9993940981571128,0.00037868948199267237,126.19117039,1,0
North|45-54|male|secondary|Q2|unemployed,0.9999142551462844,2.8234797429152808e-05,5.751005628651509e-05,831.49608916,2,0
North|45-54|male|secondary|Q3|informal,0.17527718756755173,0.4447911637908819,0.37993164864156653,36262.02713115,47,0
North|45-54|male|secondary|Q3|self_employed,0.00020407336985824427,0.0001669854026586453,0.9996289412274832,140.51077643,1,0
North|45-54|male|secondary|Q3|unemployed,0.9880182071924588,0.003945467023371794,0.008036325784169416,5.85111985,1,1
North|45-54|male|secondary|Q4|informal,0.03474200964720119,0.22837378808366002,0.7368842022691388,33264.7434754,52,0
North|45-54|male|secondary|Q4|self_employed,0.21570354314817297,0.21947760473945477,0.5648188521123723,4816.61435467,5,0
North|45-54|male|secondary|Q4|unemployed,0.14897424588209165,0.8509742127784925,5.154133941583444e-05,927.79862346,2,0
North|45-54|male|secondary|Q5|informal,0.023937879481301425,0.22914684360753285,0.7469152769111659,18404.48734614,39,0
North|45-54|male|secondary|Q5|self_employed,4.5819496459545176e-05,3.749233460116955e-05,0.9999166881689392,626.1599374,2,0
North|45-54|male|secondary|Q5|unemployed,9.995602291082152e-06,0.060012953289859304,0.9399770511078496,2870.6539724800004,4,0
North|45-54|male|tertiary|Q1|informal,0.2318349543166265,0.7681576698475152,7.375835858271324e-06,6483.92958176,6,0
North|45-54|male|tertiary|Q2|informal,0.5155429494997552,0.42538770489559247,0.05906934560465223,7900.45459885,9,0
North|45-54|male|tertiary|Q3|informal,2.384223423002487e-06,0.2683230533621413,0.7316745624144357,12035.22970426,15,0
North|45-54|male|tertiary|Q4|informal,0.06168401683722539,0.1982528316032648,0.7400631515595099,21359.65639819,33,0
North|45-54|male|tertiary|Q4|self_employed,6.630744459784169e-06,5.4256835877839555e-06,0.9999879435719524,4327.45554953,1,0
North|45-54|male|tertiary|Q4|unemployed,3.879538198186794e-05,0.999896545270047,6.465934797110984e-05,739.54769822,1,0
North|45-54|male|tertiary|Q5|informal,1.0517682861132654e-06,0.283960166771762,0.716038781459952,27282.444419069998,38,0
North|55-64|female|no_education|Q1|formal,0.9999000654097854,3.290731500030768e-05,6.702727521436876e-05,713.41756046,3,0
North|55-64|female|no_education|Q1|informal,0.9336582909173238,0.020675001127161956,0.04566670795551441,17276.10017577,28,0
North|55-64|female|no_education|Q1|unemployed,0.9300041677087214,2.824634555746176e-06,0.06999300765672285,8312.46102583,11,0
North|55-64|female|no_education|Q2|informal,0.8137228219146665,0.04035661245108567,0.14592056563424788,13882.98331593,22,0
North|55-64|female|no_education|Q2|unemployed,0.33522858567601993,0.33682360930582217,0.3279478050181578,5867.34497528,11,0
North|55-64|female|no_education|Q3|informal,0.7338616101183676,8.7943247093935e-06,0.2661295955569231,2669.7976779,6,0
North|55-64|female|no_education|Q3|unemployed,0.8204957449382418,1.073492826365209e-05,0.1794935201334946,2187.14769683,6,0
North|55-64|female|no_education|Q4|informal,0.7880942693812257,1.0967298052872402e-05,0.21189476332072138,2140.805354,6,0
North|55-64|female|no_education|Q5|informal,4.326872187849021e-05,3.540513370472347e-05,0.9999213261444166,663.0791682,1,0
North|55-64|female|primary|Q1|formal,0.999990959199978,2.977031811842981e-06,6.063768209969871e-06,7886.932656790001,12,0
North|55-64|female|primary|Q1|informal,0.8434058676023366,0.047223991052606336,0.109370141345057,30104.471007,49,0
North|55-64|female|primary|Q1|unemployed,0.878542209166612,0.07820784836424928,0.04324994246913876,16343.85369687,26,0
North|55-64|female|primary|Q2|formal,0.7010147051536234,6.414881242354762e-06,0.2989788799651344,3660.13098998,9,0
North|55-64|female|primary|Q2|informal,0.5906605355936432,0.224348949144825,0.18499051526153185,49470.32786999,58,0
North|55-64|female|primary|Q2|self_employed,0.7190941698033416,1.4267001870228867e-05,0.2808915631947882,1645.65201811,4,0
North|55-64|female|primary|Q2|unemployed,0.6401649033609713,0.06343869964525549,0.2963963969937731,7877.04894428,19,0
North|55-64|female|primary|Q3|formal,0.40481194529620723,0.01985620353511682,0.575331851168676,3086.17118365,8,0
North|55-64|female|primary|Q3|informal,0.318154398935731,0.12738117029065668,0.5544644307736124,38934.70096831,42,0
North|55-64|female|primary|Q3|unemployed,0.48860586090537966,0.09527663025456068,0.4161175088400595,5828.16996393,12,0
North|55-64|female|primary|Q4|formal,1.3469004403290372e-05,1.1021169127832912e-05,0.999975509826469,2130.34068628,1,0
North|55-64|female|primary|Q4|informal,0.19442943496431678,0.12030266634016905,0.6852678986955142,5264.56124588,12,0
North|55-64|female|primary|Q4|unemployed,0.0690359119541301,0.09166214242554804,0.8393019456203219,6882.41822719,12,0
North|55-64|female|primary|Q5|informal,0.04857500627762226,5.278122192097239e-06,0.9514197156001857,4448.44178546,14,0
North|55-64|female|primary|Q5|unemployed,3.9179329867070425e-05,3.205894124399073e-05,0.9999287617288889,732.29933102,2,0
North|55-64|female|secondary|Q1|formal,0.723955793159939,0.24020501530612334,0.035839191533937796,3488.2344206999996,4,0
North|55-64|female|secondary|Q1|informal,0.7053491327648245,0.17123555095695447,0.12341531627822087,9732.55149546,17,0
North|55-64|female|secondary|Q1|unemployed,5.81904277735831e-05,4.761499268327018e-05,0.9998941945795431,493.02088057,1,0
North|55-64|female|secondary|Q2|formal,0.4568397396039697,2.150083790785295e-05,0.5431387595581224,1091.94800394,3,0
North|55-64|female|secondary|Q2|informal,0.6127593927005642,0.1386919593104594,0.24854864798897636,13833.29614002,19,0
North|55-64|female|secondary|Q2|unemployed,0.7709328669405089,0.22898409414408766,8.303891540349027e-05,575.83644694,5,0
North|55-64|female|secondary|Q3|informal,0.05748167013279658,0.36982251911691355,0.5726958107502897,9040.05049327,15,0
North|55-64|female|secondary|Q3|unemployed,0.2110406052090154,0.788945808083801,1.3586707183651833e-05,3519.89474551,4,0
North|55-64|female|secondary|Q4|informal,0.25875483277536593,0.18689856181909767,0.5543466054055364,7417.82274779,14,0
North|55-64|female|secondary|Q4|self_employed,7.10988849932959e-05,0.9998104022806019,0.00011849883440477702,403.49163139,1,0
North|55-64|female|secondary|Q4|unemployed,0.44937321080800263,0.2844654269021768,0.26616136228982057,2005.88388592,6,0
North|55-64|female|secondary|Q5|informal,0.1401403512243364,0.13327484059314137,0.7265848081825222,11409.42758735,20,0
North|55-64|female|secondary|Q5|unemployed,3.396263654873656e-06,0.1427337947339062,0.8572628090024388,8448.86565768,7,0
North|55-64|female|tertiary|Q1|informal,0.06888864774513243,0.6203998549648059,0.31071149729006164,5712.53360461,4,0
North|55-64|female|tertiary|Q1|unemployed,0.9998249047306318,5.765686507326033e-05,0.00011743840429482055,407.13593089,1,0
North|55-64|female|tertiary|Q2|informal,0.12470496130032437,2.134685292741723e-05,0.8752736918467482,1099.82546443,2,0
North|55-64|female|tertiary|Q2|self_employed,0.9998367313954671,5.376247991290223e-05,0.00010950612461987183,436.63482247,1,0
North|55-64|female|tertiary|Q3|informal,0.15735728243881794,0.509150236121509,0.33349248143967297,2704.76844694,8,0
North|55-64|female|tertiary|Q3|self_employed,6.866125821309034e-05,5.618287117876453e-05,0.9998751558706082,417.82002843,1,0
North|55-64|female|tertiary|Q3|unemployed,0.4947592620708201,0.5051926533573755,4.8084571804274254e-05,994.5046330600001,2,0
North|55-64|female|tertiary|Q4|informal,7.17677563040061e-06,0.2626412667981318,0.7373515564262378,3998.20180881,9,0
North|55-64|female|tertiary|Q4|unemployed,2.5207935566543017e-05,0.40518288502212385,0.5947919070423098,1138.22863896,3,0
North|55-64|female|tertiary|Q5|informal,2.159966937565565e-06,0.3289605508230814,0.6710372892099811,13284.786210709999,29,0
North|55-64|female|tertiary|Q5|self_employed,0.00029112514960330434,0.00023821653145794907,0.9994706583189388,98.46556544,1,0
North|55-64|female|tertiary|Q5|unemployed,2.7496288925831467e-05,0.5389295960910044,0.46104290762006983,1043.49228483,3,0
North|55-64|male|no_education|Q1|formal,0.9999055457245869,3.110271015738979e-05,6.335156525570732e-05,754.81643659,1,0
North|55-64|male|no_education|Q1|informal,0.6929635954433394,0.2612332741624434,0.045803130394217205,30209.993467379998,49,0
North|55-64|male|no_education|Q1|unemployed,0.8547995290976894,4.742967965772964e-06,0.1451957279343447,4950.37558612,12,0
North|55-64|male|no_education|Q2|informal,0.6550596346362049,0.14345564674098868,0.20148471862280648,12080.9096084,26,0
North|55-64|male|no_education|Q2|unemployed,0.357870502332473,1.0437725952361747e-05,0.6421190599415747,2249.4270739500002,6,0
North|55-64|male|no_education|Q3|informal,0.7903590069835797,4.929206852835564e-06,0.20963606380956726,4763.333108270001,13,0
North|55-64|male|no_education|Q3|unemployed,0.7818375960477697,8.827996961253348e-06,0.21815357595526907,2659.6140011899997,7,0
North|55-64|male|no_education|Q4|formal,0.9998663989460109,4.399329560014007e-05,8.960775838898118e-05,533.61648566,1,0
North|55-64|male|no_education|Q4|informal,0.5855960005320413,0.2599167905244969,0.15448720894346174,8567.928758369999,8,0
North|55-64|male|no_education|Q4|unemployed,0.28909557451590157,0.7107908412433986,0.00011358424069975374,420.95434346,2,0
North|55-64|male|no_education|Q5|informal,2.418432601114052e-05,1.9789105358545642e-05,0.9999560265686304,1186.40877313,4,0
North|55-64|male|no_education|Q5|unemployed,7.986949803973222e-05,6.535414346111347e-05,0.9998547763584991,359.17250939,1,0
North|55-64|male|primary|Q1|formal,0.9997668262693199,7.678143662569486e-05,0.00015639229405428381,305.70239381,1,0
North|55-64|male|primary|Q1|informal,0.7765992688631581,0.1577486061124319,0.06565212502440997,74209.66189402,136,0
North|55-64|male|primary|Q1|unemployed,0.9503918414154985,0.04960407877705707,4.079807444537985e-06,11722.30076165,22,0
North|55-64|male|primary|Q2|formal,2.4524882713927747e-05,2.0067769831928567e-05,0.9999554073474541,1169.93271001,1,0
North|55-64|male|primary|Q2|informal,0.4686234656913786,0.3143116056776594,0.2170649286309621,53845.06829017,95,0
North|55-64|male|primary|Q2|unemployed,0.563471747829126,0.3831964979842115,0.0533317541866625,7609.77238236,10,0
North|55-64|male|primary|Q3|formal,0.706769279075118,2.8971613503503737e-05,0.29320174931137855,810.34665039,2,0
North|55-64|male|primary|Q3|informal,0.29016496789138535,0.1957823680229226,0.5140526640856921,50424.68730879,72,0
North|55-64|male|primary|Q3|self_employed,0.373042014293277,2.801679651860559e-05,0.6269299689102042,837.96680413,3,0
North|55-64|male|primary|Q3|unemployed,0.6556723011471511,0.09785440083685351,0.24647329801599538,3916.64485674,9,0
North|55-64|male|primary|Q4|formal,0.0001101544597353274,9.013516475141442e-05,0.9997997103755132,260.39707886,1,0
North|55-64|male|primary|Q4|informal,0.1053279286716636,0.27734290314242166,0.6173291681859148,23809.25519232,46,0
North|55-64|male|primary|Q4|unemployed,7.206996434912738e-06,0.2607596071380984,0.7392331858654668,3981.43589274,3,0
North|55-64|male|primary|Q5|informal,0.31624753263472166,0.08346083604048181,0.6002916313247966,16914.17769406,32,0
North|55-64|male|primary|Q5|self_employed,0.9995480594942403,0.0001488188279201803,0.0003031216778394848,157.67537996,1,0
North|55-64|male|primary|Q5|unemployed,3.971970764271266e-05,3.25011116286719e-05,0.9999277791807285,722.33520125,2,0
North|55-64|male|secondary|Q1|informal,0.5260056662958935,0.17522851097275316,0.2987658227313532,6587.63189853,10,0
North|55-64|male|secondary|Q1|self_employed,0.9997093521527624,9.57070043782054e-05,0.0001949408428594308,245.23154363,1,0
North|55-64|male|secondary|Q1|unemployed,0.9985874002764762,0.00046515289622431913,0.0009474468272995424,50.37791234,1,0
North|55-64|male|secondary|Q2|informal,0.3643206294737613,0.4454195945587063,0.19025977596753246,21525.90689668,23,0
North|55-64|male|secondary|Q2|unemployed,4.343360571213386e-05,0.9998841766282406,7.238976604724301e-05,660.56158943,1,0
North|55-64|male|secondary|Q3|informal,0.20211838673806076,0.04589336736091829,0.7519882459010211,11696.35286378,16,0
North|55-64|male|secondary|Q3|self_employed,0.282028704439614,3.6465237511658165e-05,0.7179348303228743,643.79947036,2,0
North|55-64|male|secondary|Q3|unemployed,2.4203273004619598e-05,0.6610877680225169,0.3388880287044786,1185.47994115,2,0
North|55-64|male|secondary|Q4|informal,0.18842129964601922,0.3389117969791395,0.47266690337484124,13213.45192169,26,0
North|55-64|male|secondary|Q4|self_employed,7.644210113744899e-05,6.254963617926522e-05,0.9998610082626832,375.28103424,1,0
North|55-64|male|secondary|Q4|unemployed,1.7935326814265205e-05,0.9999521722870764,2.989238610928387e-05,1599.81034909,1,0
North|55-64|male|secondary|Q5|informal,0.0372432321543922,0.2573344230505215,0.7054223447950864,13066.93826933,28,0
North|55-64|male|secondary|Q5|self_employed,8.75847577367914e-05,7.166724422494347e-05,0.9998407479980382,327.52452881,1,0
North|55-64|male|secondary|Q5|unemployed,8.85982511069576e-06,7.2496546934192755e-06,0.999983890520196,3238.6676535300003,2,0
North|55-64|male|tertiary|Q1|informal,0.9998526738288973,4.851281933360561e-05,9.881335176899515e-05,483.89469342,1,0
North|55-64|male|tertiary|Q2|informal,0.6313845939482139,0.1240443559860522,0.24457105006573387,7490.649246999999,8,0
North|55-64|male|tertiary|Q2|self_employed,2.1777724373319115e-05,0.9999419258561474,3.6296419479294974e-05,1317.52687839,1,0
North|55-64|male|tertiary|Q2|unemployed,2.555440760847463e-05,0.9999318546640557,4.259092833585707e-05,1122.79493946,2,0
North|55-64|male|tertiary|Q3|informal,3.0140448147485914e-05,0.4687945766603373,0.5311752828915152,951.9400905800001,2,0
North|55-64|male|tertiary|Q3|self_employed,0.9998552863374797,4.765255020479763e-05,9.706111231541168e-05,492.63222565,1,0
North|55-64|male|tertiary|Q3|unemployed,0.9998616494296046,4.5557256908679685e-05,9.279331348671946e-05,515.29422506,2,0
North|55-64|male|tertiary|Q4|informal,0.018736205876755084,0.27656076453978756,0.7047030295834573,14310.25561835,15,0
North|55-64|male|tertiary|Q4|self_employed,3.497660609398019e-05,2.8620013754333356e-05,0.9999364033801516,820.30306905,2,0
North|55-64|male|tertiary|Q4|unemployed,9.560544820108768e-05,0.9997450512066024,0.0001593433451965306,300.0389097,1,0
North|55-64|male|tertiary|Q5|informal,9.797627234950962e-07,0.11241802735903328,0.8875809928782434,29287.516579339997,27,0
North|55-64|male|tertiary|Q5|self_employed,2.5285392107834153e-05,2.0690065467343206e-05,0.9999540245424249,1134.7416058600002,3,0
North|65+|female|no_education|Q1|inactive,0.9763833226672802,2.734262117367173e-06,0.02361394307060229,8587.2065977,17,0
North|65+|female|no_education|Q1|informal,0.9999936668180774,2.0854442093797424e-06,4.247737713180208e-06,11258.86680175,18,0
North|65+|female|no_education|Q1|self_employed,0.0003837334588518469,0.9989767070375027,0.0006395595036454509,74.678246,1,0
North|65+|female|no_education|Q2|inactive,0.807491089930983,0.03873537429017378,0.15377353577884328,15736.14986765,33,0
North|65+|female|no_education|Q2|informal,0.7521192701757516,0.1622184297616643,0.08566230006258425,17706.23793267,39,0
North|65+|female|no_education|Q3|inactive,0.5208215156910933,0.21535043133232118,0.26382805297658557,11027.33168804,30,0
North|65+|female|no_education|Q3|informal,0.5578185686057017,0.20030670163576314,0.24187472975853513,8167.67451117,17,0
North|65+|female|no_education|Q4|inactive,0.539193917606698,0.12322308345731196,0.33758299893599,5832.03950271,12,0
North|65+|female|no_education|Q4|informal,0.07234817386862318,3.595009460229125e-06,0.9276482311219166,6531.16156692,11,0
North|65+|female|no_education|Q5|inactive,0.513583721689475,2.775962335507669e-05,0.4863885186871699,845.73089691,2,0
North|65+|female|no_education|Q5|informal,6.361342444396482e-06,5.2052422629417574e-06,0.9999884334152926,4510.72695756,6,0
North|65+|female|primary|Q1|formal,0.9999832713456573,5.5085541132024815e-06,1.1220100229247314e-05,4262.35193163,2,0
North|65+|female|primary|Q1|inactive,0.6353732044100994,0.028749703912746512,0.3358770916771541,8841.85540791,19,0
North|65+|female|primary|Q1|informal,0.9079062851276553,0.0815428266529608,0.010550888219384045,16433.95069057,22,0
North|65+|female|primary|Q1|self_employed,0.9998613773443038,4.564685147932301e-05,9.297580421694668e-05,514.28262135,1,0
North|65+|female|primary|Q2|inactive,0.617740311350969,0.05803375293043228,0.324225935718599,24426.1829734,43,0
North|65+|female|primary|Q2|informal,0.49452194621532847,0.4253827757219709,0.08009527806270063,21568.32301834,47,0
North|65+|female|primary|Q3|formal,0.9993396219241999,0.00021745493039969984,0.00044292314540052285,107.87615431,1,0
North|65+|female|primary|Q3|inactive,0.3912338546039621,0.3975889879638172,0.21117715743222074,32720.24776889,40,0
North|65+|female|primary|Q3|informal,0.47855200248167856,0.16905511453898764,0.35239288297933385,32660.17475533,35,0
North|65+|female|primary|Q4|formal,0.9997216478102282,9.165818532065695e-05,0.00018669400445098138,256.06857936,1,0
North|65+|female|primary|Q4|inactive,0.12336534326252828,0.44012218721903223,0.43651246951843936,16121.98064904,20,0
North|65+|female|primary|Q4|informal,2.121503967141067e-06,0.21790122158185124,0.7820966569141817,13525.64184583,22,0
North|65+|female|primary|Q5|inactive,6.5771336015258655e-06,0.14432114240743948,0.8556722804589589,4362.72987741,8,0
North|65+|female|primary|Q5|informal,5.395728384385821e-06,4.415117354749501e-06,0.9999901891542609,5317.97995886,7,0
North|65+|female|secondary|Q1|inactive,0.8654779062613096,0.134448499249395,7.359448929540278e-05,649.74672566,2,0
North|65+|female|secondary|Q1|informal,0.9999214514946188,2.5865122414877145e-05,5.2683382966343476e-05,907.68410957,2,0
North|65+|female|secondary|Q2|inactive,0.9999373971313572,2.0614407022937072e-05,4.1988461619992406e-05,1138.9066711199998,3,0
North|65+|female|secondary|Q2|informal,0.725158437406651,0.27483323510783597,8.327485512920767e-06,5742.94666409,5,0
North|65+|female|secondary|Q3|inactive,0.4326396451786957,0.17897967610999246,0.388380678711312,2885.03394571,7,0
North|65+|female|secondary|Q3|informal,0.47718100057138824,0.16827256942352276,0.35454643000508895,12407.02127829,8,0
North|65+|female|secondary|Q4|inactive,0.16509762068209408,0.3851263330926631,0.44977604622524275,2175.58976961,4,0
North|65+|female|secondary|Q4|informal,0.40324571364864314,0.15061394340448656,0.44614034294687027,4958.76648895,8,0
North|65+|female|secondary|Q5|inactive,6.423162967242878e-05,0.5596758965858493,0.44025987178447823,446.64119481,2,0
North|65+|female|secondary|Q5|informal,5.2354255098454185e-06,0.05233562567743098,0.9476591388970592,5480.8136202,5,0
North|65+|female|tertiary|Q1|inactive,0.9996153967900141,0.0001266454283141373,0.00025795778167176276,185.29908967,1,0
North|65+|female|tertiary|Q1|informal,3.825052244169881e-05,0.9998979982341296,6.37512434286764e-05,750.08360934,2,0
North|65+|female|tertiary|Q2|inactive,0.9999468830306669,1.7490809117771407e-05,3.562616021537744e-05,1342.31629202,1,0
North|65+|female|tertiary|Q2|informal,0.9412280973313962,8.342894622258726e-06,0.058763559773981566,2814.26458009,3,0
North|65+|female|tertiary|Q3|informal,0.11817033551969515,0.635691769134267,0.246137895346038,3445.4739167899997,6,0
North|65+|female|tertiary|Q4|inactive,0.00014159621909879487,0.00011586274915525837,0.999742541031746,202.55311579,1,0
North|65+|female|tertiary|Q4|informal,9.209567187042854e-06,0.26724610545546346,0.7327446849773496,3115.67237037,4,0
North|65+|female|tertiary|Q5|inactive,0.19272235661625503,0.5071646883691251,0.3001129550146199,4320.53649,8,0
North|65+|female|tertiary|Q5|informal,3.1321259138562566e-06,0.45238641363932963,0.5476104542347565,9161.38193708,17,0
North|65+|male|no_education|Q1|inactive,0.6996713853126102,0.10745545913444805,0.19287315555294154,4152.71917207,11,0
North|65+|male|no_education|Q1|informal,0.7620009155246769,0.21393856398957659,0.024060520485746632,22898.955869729998,36,0
North|65+|male|no_education|Q2|inactive,0.8714137208538805,1.348772432174991e-06,0.1285849303736874,17408.28303052,30,0
North|65+|male|no_education|Q2|informal,0.7469640555113448,0.13414016550700608,0.11889577898164905,11306.96940568,23,0
North|65+|male|no_education|Q3|inactive,0.4876922471696158,0.12356255263094533,0.38874520019943887,31296.885818490002,64,0
North|65+|male|no_education|Q3|informal,0.679315839328557,0.1745836267878903,0.1461005338835528,15813.51234196,31,0
North|65+|male|no_education|Q4|inactive,0.503729227577506,0.03484817932175106,0.46142259310074263,8248.129412310001,10,0
North|65+|male|no_education|Q4|informal,0.388355552777635,0.39017828300436985,0.22146616421799514,9035.73809637,23,0
North|65+|male|no_education|Q5|inactive,1.0698838565897412e-05,8.754448790389533e-06,0.9999805467126438,2681.9588802900003,7,0
North|65+|male|no_education|Q5|informal,0.5154583366772882,0.12669691403126018,0.3578447492914515,5554.87482767,9,0
North|65+|male|primary|Q1|inactive,0.6488653651543235,0.07290471326758123,0.27822992157809534,11133.3204023,17,0
North|65+|male|primary|Q1|informal,0.7609066105413789,0.22485244956600292,0.01424093989261824,16148.86279754,29,0
North|65+|male|primary|Q2|inactive,0.4640369135354997,0.1777002351585498,0.3582628513059505,12416.29624218,29,0
North|65+|male|primary|Q2|informal,0.6044919838292429,0.17318188761161457,0.22232612855914263,33697.97267995,55,0
North|65+|male|primary|Q2|self_employed,2.314183811193238e-05,0.9999382882062199,3.856995566817412e-05,1239.85833199,1,0
North|65+|male|primary|Q3|formal,0.9996696407984873,0.00010878349812686744,0.00022157570338580154,215.74107447,1,0
North|65+|male|primary|Q3|inactive,0.6356999309932454,0.13726302404520677,0.2270370449615479,39122.93954675,68,0
North|65+|male|primary|Q3|informal,0.3484700015061562,0.2733485192176041,0.3781814792762398,29356.15284452,48,0
North|65+|male|primary|Q3|self_employed,0.00021754692653231468,0.9994198727429203,0.00036258033054740205,131.80218516,1,0
North|65+|male|primary|Q4|inactive,0.616135340426039,0.11992251091881523,0.2639421486551458,14200.74841961,22,0
North|65+|male|primary|Q4|informal,0.10972678976999592,0.3355608886708925,0.5547123215591115,22099.20475819,31,0
North|65+|male|primary|Q4|self_employed,5.101324671160532e-05,0.9998639641783901,8.502257489830614e-05,562.3992886,1,0
North|65+|male|primary|Q5|formal,8.83533581087404e-05,0.9997643901841757,0.0001472564577154876,324.67446923,1,0
North|65+|male|primary|Q5|inactive,4.77495784198057e-06,3.907164655903141e-06,0.9999913178775021,6009.35933641,18,0
North|65+|male|primary|Q5|informal,0.06055579129828483,0.23967586223709664,0.6997683464646186,17471.38673747,22,0
North|65+|male|primary|Q5|self_employed,0.00018232100371438965,0.00014918627667845016,0.9996684927196072,157.28677607,1,0
North|65+|male|secondary|Q1|inactive,0.00015923437231581358,0.9995753734556638,0.000265392172020411,180.10553331,1,0
North|65+|male|secondary|Q1|informal,0.9999860609027783,4.589984930174141e-06,9.349112291346494e-06,5115.37368401,2,0
North|65+|male|secondary|Q2|inactive,0.6851013716486712,0.3148681989805751,3.0429370753662864e-05,1571.57686057,3,0
North|65+|male|secondary|Q2|informal,0.22419232243178888,0.7291820692647244,0.04662560830348673,3546.9224892600005,6,0
North|65+|male|secondary|Q3|formal,0.0002905547180717689,0.9992251845874665,0.00048426069446180135,98.65907428,1,0
North|65+|male|secondary|Q3|inactive,0.474357535366991,0.04567448380090092,0.47996798083210807,3415.1838223,6,0
North|65+|male|secondary|Q3|informal,5.066835925335104e-06,0.9999864883881638,8.44477591074845e-06,5663.18087337,2,0
North|65+|male|secondary|Q4|informal,0.374294757822781,0.03682168202305199,0.588883560154167,10257.85769163,8,0
North|65+|male|secondary|Q5|inactive,5.922665246069342e-06,0.7356221623403919,0.264371914994362,4844.83277811,8,0
North|65+|male|secondary|Q5|informal,4.79547072786635e-06,0.06274968737860658,0.9372455171506655,5983.65354847,7,0
North|65+|male|tertiary|Q1|informal,0.04579883832584509,0.9541818427232238,1.9318950931185687e-05,2475.45563786,2,0
North|65+|male|tertiary|Q3|inactive,5.147448873669113e-05,0.10993029644721568,0.8900182290640476,557.35896052,2,0
North|65+|male|tertiary|Q4|inactive,5.796835307877003e-05,4.7433277487605916e-05,0.9998945983694336,494.91000909,1,0
North|65+|male|tertiary|Q4|informal,0.2414782319990707,0.27209961131232974,0.48642215668859956,1126.0368784,3,0
North|65+|male|tertiary|Q5|inactive,1.6365704734138247e-05,0.1711359825754892,0.8288476517197767,1753.25651294,4,0
North|65+|male|tertiary|Q5|informal,4.319479851046801e-06,0.6671554645553133,0.33284021596483565,6643.04129802,12,0
North|65+|male|tertiary|Q5|self_employed,4.72576559344215e-05,0.9998739791237217,7.87632203438771e-05,607.10140297,1,0
Southeast|15-24|female|no_education|Q1|informal,0.999960878890297,1.2882132977141629e-05,2.623897672596182e-05,1822.57541889,1,0
Southeast|15-24|female|primary|Q1|formal,0.9999873345056034,4.170602119289129e-06,8.49489227719151e-06,5629.76984822,3,0
Southeast|15-24|female|primary|Q1|informal,0.871373862634487,0.12861973138845578,6.405977057179375e-06,7465.60546044,4,0
Southeast|15-24|female|primary|Q1|unemployed,0.9999947576652222,1.7262407490746643e-06,3.516094028741141e-06,13601.68012997,7,0
Southeast|15-24|female|primary|Q2|formal,0.9522492085271017,4.307324218806928e-06,0.04774648414867928,5451.06780803,3,0
Southeast|15-24|female|primary|Q2|informal,0.6455292532579874,2.268555165659429e-06,0.354468478186847,10350.07683314,7,0
Southeast|15-24|female|primary|Q3|formal,6.962979844873757e-05,0.9998143198590348,0.00011605034251652422,412.00682242,1,0
Southeast|15-24|female|primary|Q3|informal,0.467907803297844,8.350376967268332e-06,0.5320838463251889,2811.7427721699996,2,0
Southeast|15-24|female|primary|Q4|formal,2.0409175954912655e-05,1.6700045023657707e-05,0.9999628907790215,1405.88106694,1,0
Southeast|15-24|female|primary|Q4|informal,5.553655050858034e-06,4.544342681942943e-06,0.9999899020022671,5166.75223005,3,0
Southeast|15-24|female|primary|Q5|informal,8.844350632767206e-06,7.2369925223107816e-06,0.999983918656845,3244.33434865,1,0
Southeast|15-24|female|secondary|Q1|formal,0.9999392787871331,1.9994799345498133e-05,4.072641352156058e-05,1174.20271315,2,0
Southeast|15-24|female|secondary|Q1|informal,0.9126487226256911,0.03279892474353935,0.05455235263076961,25400.0638112,18,0
Southeast|15-24|female|secondary|Q1|self_employed,0.9998883978591528,3.6749305677633653e-05,7.485283516958721e-05,638.82219696,1,0
Southeast|15-24|female|secondary|Q1|unemployed,0.9999906609303428,3.0752485836505153e-06,6.263821073430438e-06,7635.03793491,4,0
Southeast|15-24|female|secondary|Q2|informal,0.5164417953719915,0.08523563197893927,0.3983225726490692,47456.27178858,23,0
Southeast|15-24|female|secondary|Q2|self_employed,1.8469461479365662e-05,1.5112851148400924e-05,0.9999664176873723,1553.54112898,1,0
Southeast|15-24|female|secondary|Q3|informal,0.017776675804231985,0.1850205103826109,0.7972028138131572,36082.63801181,15,0
Southeast|15-24|female|secondary|Q4|informal,0.17821091005782674,4.462880183656313e-07,0.821788643654155,52611.54574011,19,0
Southeast|15-24|female|secondary|Q4|unemployed,5.480365980214661e-06,0.9999853856373215,9.133996698095417e-06,5235.84867351,1,0
Southeast|15-24|female|secondary|Q5|informal,8.755131399564985e-07,0.15735959422386525,0.8426395302629948,32774.86781588,10,0
Southeast|15-24|female|secondary|Q5|self_employed,1.3301027023301892e-05,1.0883719687690846e-05,0.9999758152532892,2157.24581504,1,0
Southeast|15-24|female|tertiary|Q1|formal,0.999970052700819,9.861302332308083e-06,2.0085996848832258e-05,2380.91888869,1,0
Southeast|15-24|female|tertiary|Q1|informal,0.9999947939127051,1.7143048684778298e-06,3.491782426482422e-06,13696.382785560001,2,0
Southeast|15-24|female|tertiary|Q2|informal,0.9999560246289203,1.4480585603741606e-05,2.949478547606026e-05,1621.37773321,1,0
Southeast|15-24|female|tertiary|Q4|informal,0.15795761807114306,0.14804599950579364,0.6939963824230633,10285.2284825,5,0
Southeast|15-24|female|tertiary|Q5|informal,1.1082343120828036e-06,0.203255028152466,0.796743863613222,25892.36215498,6,0
Southeast|15-24|male|no_education|Q1|informal,0.9997253691889815,9.043277795563527e-05,0.0001841980330627276,259.53978605,1,0
Southeast|15-24|male|primary|Q1|informal,0.6451638415714326,0.29614467078539797,0.058691487643169504,40211.75599344,20,0
Southeast|15-24|male|primary|Q2|formal,2.218203982234411e-05,1.815071145293089e-05,0.9999596672487248,1293.51029077,1,0
Southeast|15-24|male|primary|Q2|informal,0.562972885957549,0.08239626868229465,0.3546308453601564,50355.739764,29,0
Southeast|15-24|male|primary|Q2|unemployed,0.9999511893970121,1.6072772044480238e-05,3.273783094345791e-05,1460.75236917,1,0
Southeast|15-24|male|primary|Q3|informal,0.3508163138952825,0.10271283412519847,0.5464708519795191,21287.46903185,12,0
Southeast|15-24|male|primary|Q4|formal,0.00022989470496610838,0.0001881140097040702,0.9995819912853298,124.71764201,1,0
Southeast|15-24|male|primary|Q4|informal,1.2799827519931159e-06,1.0473607378863824e-06,0.9999976726565102,22418.10441703,10,0
Southeast|15-24|male|primary|Q5|informal,0.511188682316716,6.928742861342395e-06,0.4888043889404228,3388.67449924,3,0
Southeast|15-24|male|secondary|Q1|informal,0.5682670857900913,0.4317305986497167,2.3155601921642553e-06,20653.70898198,18,0
Southeast|15-24|male|secondary|Q2|informal,0.4203865164339793,0.31639221099491766,0.26322127257110295,85483.42537358,30,0
Southeast|15-24|male|secondary|Q2|self_employed,0.9999821529014113,5.876844982669084e-06,1.1970253605979701e-05,3995.23205139,1,0
Southeast|15-24|male|secondary|Q3|formal,7.668839873509137e-06,6.275117204621708e-06,0.9999860560429219,3741.65435369,1,0
Southeast|15-24|male|secondary|Q3|informal,0.5996159899743824,0.1637728317895327,0.23661117823608493,61048.8248225,31,0
Southeast|15-24|male|secondary|Q3|unemployed,0.9999537223822063,1.523868905585376e-05,3.10389287379827e-05,1540.71148544,1,0
Southeast|15-24|male|secondary|Q4|formal,4.208545086114124e-05,3.443690846581271e-05,0.9999234776406729,681.72505824,1,0
Southeast|15-24|male|secondary|Q4|informal,0.16876045854956515,0.0663162326585915,0.7649233087918433,68472.21637138,36,0
Southeast|15-24|male|secondary|Q4|self_employed,0.9997150733387369,9.382308341914898e-05,0.00019110357784392855,250.15767929,1,0
Southeast|15-24|male|secondary|Q5|informal,5.88558629074596e-07,0.006666496050978703,0.9933329153903923,48754.4565844,23,0
Southeast|15-24|male|secondary|Q5|self_employed,1.3363791622327496e-05,1.0935077549073147e-05,0.9999757011308287,2147.11358993,2,0
Southeast|15-24|male|tertiary|Q1|unemployed,7.708944266551943e-06,0.9999794427401775,1.2848315556058725e-05,3722.1885511,1,0
Southeast|15-24|male|tertiary|Q2|informal,1.1123288352073708e-05,0.9999703377893485,1.853892229946017e-05,2579.6151054800002,2,0
Southeast|15-24|male|tertiary|Q3|informal,0.30083554863212536,2.1020404903656536e-06,0.6991623493273843,11169.97366315,4,0
Southeast|15-24|male|tertiary|Q3|unemployed,3.8028419937819156e-06,0.9999898590509636,6.3381070424829675e-06,7545.55007733,1,0
Southeast|15-24|male|tertiary|Q4|informal,0.05166488907939804,0.29006243471337717,0.6582726762072248,11677.0515986,7,0
Southeast|15-24|male|tertiary|Q4|self_employed,8.826527348597526e-05,7.222408413243338e-05,0.9998395106423815,324.99857899,1,0
Southeast|15-24|male|tertiary|Q5|informal,0.18144091287436268,1.0833303650540062e-06,0.8185580037952724,21673.756727109998,7,0
Southeast|25-34|female|no_education|Q1|formal,0.9999886473507189,3.738297272007454e-06,7.614352009017595e-06,6280.820272479999,2,0
Southeast|25-34|female|no_education|Q1|informal,0.9999707488411427,9.632071303599307e-06,1.9619087553777575e-05,2437.58410555,2,0
Southeast|25-34|female|no_education|Q2|formal,0.999957659444518,1.3942259567444044e-05,2.8398295914707727e-05,1683.98477885,1,0
Southeast|25-34|female|no_education|Q5|informal,1.1481745770389742e-05,9.395071694187898e-06,0.9999791231825356,2499.07700307,1,0
Southeast|25-34|female|primary|Q1|formal,0.917981651843357,0.046311522984633056,0.03570682517200996,45567.43611725,26,0
Southeast|25-34|female|primary|Q1|informal,0.7400254879802929,0.20470183257125682,0.05527267944845029,40735.64758191,29,0
Southeast|25-34|female|primary|Q1|unemployed,0.9622510978268449,0.03774657632097617,2.3258521789485905e-06,20562.3150701,15,0
Southeast|25-34|female|primary|Q2|formal,0.9798770164374725,0.020119688901984338,3.2946605431525867e-06,14515.853091019999,8,0
Southeast|25-34|female|primary|Q2|informal,0.31549912892100357,0.11423856401791528,0.5702623070610812,53976.85934352,27,0
Southeast|25-34|female|primary|Q2|unemployed,0.9999130058703768,2.8646169664972985e-05,5.834795995825529e-05,819.55398498,1,0
Southeast|25-34|female|primary|Q3|formal,0.2826930493582109,0.05352109191742355,0.6637858587243656,30064.52953801,9,0
Southeast|25-34|female|primary|Q3|informal,0.1406987314886643,0.13123720436450634,0.7280640641468294,17836.31159755,13,0
Southeast|25-34|female|primary|Q4|formal,1.2736542889560678e-05,1.0421823995799887e-05,0.9999768416331147,2252.8594752100003,2,0
Southeast|25-34|female|primary|Q4|informal,1.6192534224132235e-06,1.324972900363649e-06,0.9999970557736774,17720.9772491,10,0
Southeast|25-34|female|primary|Q5|formal,2.5726534732457953e-05,2.1051035538322416e-05,0.9999532224297293,1115.28204748,1,0
Southeast|25-34|female|primary|Q5|informal,0.7857905520353112,4.770140230685809e-06,0.2142046778244579,4922.1760725700005,4,0
Southeast|25-34|female|secondary|Q1|formal,0.7325468988389532,0.2493005734531679,0.018152527707878844,23493.07336796,17,0
Southeast|25-34|female|secondary|Q1|informal,0.7666739821726445,0.19619790958508476,0.037128108242270766,124860.8612361,55,0
Southeast|25-34|female|secondary|Q1|unemployed,0.8546183557840997,0.14537851748277084,3.126733129474752e-06,15295.46118634,12,0
Southeast|25-34|female|secondary|Q2|formal,0.7417025100665968,0.16204773542282783,0.09624975451057541,17221.4391217,8,0
Southeast|25-34|female|secondary|Q2|informal,0.4694908534081484,0.24948424657536739,0.2810249000164842,112333.36852548,61,0
Southeast|25-34|female|secondary|Q2|self_employed,0.00011615801590058903,0.9996902441591505,0.00019359782494886177,246.93344631,1,0
Southeast|25-34|female|secondary|Q2|unemployed,0.45625541720584945,0.5437244017002654,2.01810938851775e-05,2369.69908856,2,0
Southeast|25-34|female|secondary|Q3|formal,0.4255101852293332,0.3808722157091007,0.19361759906156625,17063.77275238,6,0
Southeast|25-34|female|secondary|Q3|informal,0.18116031089015794,0.2722649128794188,0.5465747762304233,102595.17227619,55,0
Southeast|25-34|female|secondary|Q3|self_employed,1.5000440487687013e-05,0.9999599986792099,2.500088030236683e-05,1912.83815725,1,0
Southeast|25-34|female|secondary|Q3|unemployed,6.099494480857863e-06,4.990982128671346e-06,0.9999889095233905,4704.37429283,1,0
Southeast|25-34|female|secondary|Q4|formal,0.07878837697444668,1.1130351802982878e-06,0.9212105099903731,21095.322261510002,4,0
Southeast|25-34|female|secondary|Q4|informal,0.09806778719595514,0.12345478276265064,0.7784774300413941,128464.40103653,59,0
Southeast|25-34|female|secondary|Q5|formal,4.324041775354764e-06,3.538197352608909e-06,0.999992137760872,6636.032691410001,2,0
Southeast|25-34|female|secondary|Q5|informal,5.428862102246331e-07,0.02996090019177759,0.9700385569220122,52856.12372427,28,0
Southeast|25-34|female|secondary|Q5|self_employed,1.01678989690426e-05,8.320001305008148e-06,0.9999815120997261,2822.00858623,2,0
Southeast|25-34|female|secondary|Q5|unemployed,1.5565934193399315e-05,1.2737006258329067e-05,0.9999716970595482,1843.34316428,2,0
Southeast|25-34|female|tertiary|Q1|formal,6.950041525160355e-06,5.686952116189217e-06,0.9999873630063586,4128.64007739,1,0
Southeast|25-34|female|tertiary|Q1|informal,0.18276549789100086,0.8172300504035301,4.451705469043827e-06,10743.00468826,4,0
Southeast|25-34|female|tertiary|Q1|unemployed,0.9999899280071955,3.3165917745074246e-06,6.755401029878686e-06,7079.44090123,2,0
Southeast|25-34|female|tertiary|Q2|informal,0.5672117465581579,0.22769468526483638,0.20509356817700583,29119.0311147,17,0
Southeast|25-34|female|tertiary|Q2|self_employed,7.160005937392313e-06,0.41614681640773576,0.5838460235863269,4007.56636723,2,0
Southeast|25-34|female|tertiary|Q3|informal,0.10939508702074897,0.2198119167410171,0.670792996238234,40487.02594337,23,0
Southeast|25-34|female|tertiary|Q3|self_employed,0.5803324460991689,2.049537519396853e-05,0.4196470585256372,1145.52172676,2,0
Southeast|25-34|female|tertiary|Q3|unemployed,0.21411991973899375,0.5037670505492409,0.2821130297117654,5726.08748545,3,0
Southeast|25-34|female|tertiary|Q4|informal,0.2220656194790429,0.2427508356578492,0.5351835448631078,100742.51004665,47,0
Southeast|25-34|female|tertiary|Q4|self_employed,0.03757780368217986,0.04868651105505802,0.9137356852627622,8446.03930791,7,0
Southeast|25-34|female|tertiary|Q5|informal,0.07618886355441722,0.17881588405957208,0.7449952523860107,272832.67817654,81,0
Southeast|25-34|female|tertiary|Q5|self_employed,2.8280027961762115e-06,0.04049294567056049,0.9595042263266435,10146.60672294,8,0
Southeast|25-34|male|no_education|Q1|informal,0.9999895953105569,3.4261449638950325e-06,6.978544479158167e-06,6853.06802638,4,0
Southeast|25-34|male|no_education|Q2|informal,0.9999659808294752,1.1202122889641919e-05,2.2817047635219965e-05,2095.92656136,1,0
Southeast|25-34|male|no_education|Q3|informal,0.9551438521760549,5.566320720080896e-06,0.04485058150322497,4218.1167182,2,0
Southeast|25-34|male|no_education|Q4|informal,1.5984365574295023e-05,1.3079392590619352e-05,0.9999709362418351,1795.08635576,1,0
Southeast|25-34|male|primary|Q1|formal,0.11675806393934893,0.7931098755316855,0.09013206052896557,1222.04305788,5,0
Southeast|25-34|male|primary|Q1|informal,0.6536403148510943,0.26125820435560015,0.08510148079330557,154780.20133001,105,0
Southeast|25-34|male|primary|Q1|unemployed,0.9999785806041829,7.053161510527645e-06,1.4366234306661273e-05,3328.8960942,3,0
Southeast|25-34|male|primary|Q2|formal,1.9883433088828823e-05,1.6269849823525024e-05,0.9999638467170877,1443.05696672,2,0
Southeast|25-34|male|primary|Q2|informal,0.3624527573571629,0.31498926144906114,0.32255798119377593,220324.99768845,103,0
Southeast|25-34|male|primary|Q3|formal,0.5588409438292474,6.6518308518120935e-06,0.44115240433990077,3529.74729218,2,0
Southeast|25-34|male|primary|Q3|informal,0.14643725021546597,0.04874073801532963,0.8048220117692044,108276.4762627,65,0
Southeast|25-34|male|primary|Q3|unemployed,2.516501250291191e-05,2.059156345890481e-05,0.9999542434240383,1140.17024549,1,0
Southeast|25-34|male|primary|Q4|formal,8.364955551780248e-06,6.844721935086256e-06,0.9999847903225132,3430.2726788299997,2,0
Southeast|25-34|male|primary|Q4|informal,0.09555204184518998,0.12418420827234039,0.7802637498824696,106607.70641725,63,0
Southeast|25-34|male|primary|Q4|self_employed,1.863250951940521e-05,1.524626709893685e-05,0.9999661212233817,1539.94563661,1,0
Southeast|25-34|male|primary|Q4|unemployed,0.9998125736418769,6.171735124810022e-05,0.00012570900687490307,380.34320836,1,0
Southeast|25-34|male|primary|Q5|informal,6.522215238402151e-07,0.01649783182600817,0.9835015159524682,43995.557818069996,28,0
Southeast|25-34|male|primary|Q5|unemployed,2.1450821614598618e-05,1.7552383670444963e-05,0.999960996794715,1337.60703519,1,0
Southeast|25-34|male|secondary|Q1|formal,0.6071504135648462,0.39282601931496436,2.3567120189529824e-05,2029.2161621199998,2,0
Southeast|25-34|male|secondary|Q1|informal,0.6058686340216557,0.3322789541447508,0.06185241183359358,154606.59725031,84,0
Southeast|25-34|male|secondary|Q1|self_employed,0.9998927602403389,3.5312823559337287e-05,7.1926936101776e-05,664.81276408,1,0
Southeast|25-34|male|secondary|Q1|unemployed,0.8853758826042898,0.11461399224600224,1.0125149707811305e-05,4723.30056941,4,0
Southeast|25-34|male|secondary|Q2|formal,1.2094292790603555e-05,0.6507438955794153,0.34924401012779416,2372.4996617799998,2,0
Southeast|25-34|male|secondary|Q2|informal,0.23670371860625666,0.39052056472479996,0.37277571666894355,263405.23620893,127,0
Southeast|25-34|male|secondary|Q2|self_employed,8.67753036441282e-05,7.100489902188761e-05,0.9998422197973339,330.5806635,1,0
Southeast|25-34|male|secondary|Q2|unemployed,0.9195424143958425,4.385052934252457e-06,0.08045320055122303,5354.44131851,3,0
Southeast|25-34|male|secondary|Q3|formal,1.8732100325190876e-05,0.7256870377056381,0.2742942301940366,1531.7578529,2,0
Southeast|25-34|male|secondary|Q3|informal,0.1773681721944098,0.3000559124837041,0.5225759153218863,276994.26936298,139,0
Southeast|25-34|male|secondary|Q3|self_employed,1.283310323327595e-05,1.0500835617391438e-05,0.9999766660611494,2235.90749272,2,0
Southeast|25-34|male|secondary|Q3|unemployed,1.0694351073862445e-05,8.750776847965556e-06,0.9999805548720783,2683.08430789,1,0
Southeast|25-34|male|secondary|Q4|formal,0.00023631259014521725,0.00019336551871573045,0.999570321891139,121.32778752,1,0
Southeast|25-34|male|secondary|Q4|informal,0.08229386914574346,0.19962378653474266,0.718082344319514,383212.16065704,168,0
Southeast|25-34|male|secondary|Q4|self_employed,4.435134134198874e-06,3.6290999641881095e-06,0.9999919357659016,6469.80916536,4,0
Southeast|25-34|male|secondary|Q4|unemployed,7.951416856124123e-06,6.506339099260903e-06,0.9999855422440447,3608.68010846,1,0
Southeast|25-34|male|secondary|Q5|informal,0.007979557058204922,0.11608063086019406,0.8759398120816009,261179.16699478,119,0
Southeast|25-34|male|secondary|Q5|self_employed,2.4163583157397045e-06,0.5267378207338717,0.4732597629078125,11875.17313211,4,0
Southeast|25-34|male|tertiary|Q1|informal,0.44235929832480686,0.5576366748155944,4.026859598588109e-06,11876.43473491,8,0
Southeast|25-34|male|tertiary|Q2|informal,0.24575426328050037,0.4417936108785939,0.31245212584090587,35187.52381894,12,0
Southeast|25-34|male|tertiary|Q3|informal,0.10796236519983889,0.4426264293174323,0.44941120548272884,62147.28487579,26,0
Southeast|25-34|male|tertiary|Q3|self_employed,6.217607693736338e-06,0.6307861591199985,0.36920762327230766,4615.00542284,2,0
Southeast|25-34|male|tertiary|Q4|informal,0.15682177554771173,0.3925175574927964,0.45066066695949186,131446.12181754,57,0
Southeast|25-34|male|tertiary|Q4|self_employed,8.623459340751576e-06,0.42792238951807254,0.5720689870225867,3327.44105407,2,0
Southeast|25-34|male|tertiary|Q5|informal,0.05101861914249151,0.21998831089437898,0.7289930699631295,377489.96231462003,123,0
Southeast|25-34|male|tertiary|Q5|self_employed,1.825294524489735e-06,0.14465154713783,0.8553466275676456,15720.60402856,6,0
Southeast|25-34|male|tertiary|Q5|unemployed,0.0001169555133701471,9.570020579769245e-05,0.9997873442808323,245.24897208,1,0
Southeast|35-44|female|no_education|Q1|formal,0.9998339507174204,5.467812531855964e-05,0.0001113711572608879,429.32121705,1,0
Southeast|35-44|female|no_education|Q1|informal,0.34205439584431946,0.10594706212309453,0.551998542032586,3176.01160606,3,0
Southeast|35-44|female|no_education|Q1|unemployed,0.9602789153806177,1.9831457013831407e-06,0.03971910147368101,11839.64889184,6,0
Southeast|35-44|female|no_education|Q2|formal,2.8468967163888618e-05,2.3295062694558827e-05,0.9999482359701415,1007.83663568,1,0
Southeast|35-44|female|no_education|Q2|informal,0.9999719906209471,9.223167448616636e-06,1.8786211604345553e-05,2545.65743649,2,0
Southeast|35-44|female|no_education|Q3|informal,0.9996232061709069,0.00012407388870561587,0.00025271994038743415,189.14164758,1,0
Southeast|35-44|female|no_education|Q5|formal,1.1880771362822023e-05,9.72157901491129e-06,0.9999783976496224,2415.14006381,1,0
Southeast|35-44|female|no_education|Q5|informal,0.00011762118135775382,9.624489635199993e-05,0.9997861339222903,243.86043853,1,0
Southeast|35-44|female|primary|Q1|formal,0.8990838142497534,0.05983523244642802,0.04108095330381858,83420.57763163,47,0
Southeast|35-44|female|primary|Q1|informal,0.716108408765303,0.24863966309850682,0.03525192813619012,117274.81342789,60,0
Southeast|35-44|female|primary|Q1|self_employed,0.9996597320146229,0.00011204634706832524,0.0002282216383087802,209.45566812,1,0
Southeast|35-44|female|primary|Q1|unemployed,0.7222950703792945,0.07077086124509892,0.20693406837560663,25168.886824510002,16,0
Southeast|35-44|female|primary|Q2|formal,0.7020125983973617,0.09771047019779465,0.20027693140484368,54149.2240767,30,0
Southeast|35-44|female|primary|Q2|informal,0.4622359337411793,0.20467664393727253,0.3330874223215482,111754.21563343,58,0
Southeast|35-44|female|primary|Q2|self_employed,0.4207934685060514,0.48591404879926564,0.09329248269468297,2978.56580609,4,0
Southeast|35-44|female|primary|Q2|unemployed,0.08013603381381769,0.491790293340924,0.42807367284525827,6755.57513689,5,0
Southeast|35-44|female|primary|Q3|formal,0.1443822499021957,7.504518445245547e-07,0.8556169996459598,31287.64656445,22,0
Southeast|35-44|female|primary|Q3|informal,0.11937336780798641,0.3255592191128889,0.5550674130791247,65068.55454964,43,0
Southeast|35-44|female|primary|Q3|unemployed,0.5206084656752896,7.059320480073355e-06,0.47938447500423037,3325.9916807199997,2,0
Southeast|35-44|female|primary|Q4|formal,0.22348053366915652,0.2002994000132493,0.5762200663175941,28937.71622483,14,0
Southeast|35-44|female|primary|Q4|informal,0.01565915736737469,0.09300755756861157,0.8913332850640137,71875.45133394,36,0
Southeast|35-44|female|primary|Q4|unemployed,0.9999795293644466,6.7407456314056065e-06,1.372988992210556e-05,3483.18633125,1,0
Southeast|35-44|female|primary|Q5|formal,7.199268958883351e-06,5.890885355507626e-06,0.9999869098456857,3985.7095521,2,0
Southeast|35-44|female|primary|Q5|informal,0.2742132269805158,1.5803284137897686e-06,0.7257851926910703,14857.53776404,11,0
Southeast|35-44|female|secondary|Q1|formal,0.6536094707325321,0.12487227878488688,0.22151825048258117,37034.45868659,19,0
Southeast|35-44|female|secondary|Q1|informal,0.7687079202063692,0.19030596191372598,0.040986117879904645,74608.51307353,47,0
Southeast|35-44|female|secondary|Q1|unemployed,0.8668120465298821,0.11871841157614668,0.014469541893971193,40621.15097912,21,0
Southeast|35-44|female|secondary|Q2|formal,0.8221314823788939,0.07248990023607361,0.1053786173850326,29266.10636224,14,0
Southeast|35-44|female|secondary|Q2|informal,0.32118878690435154,0.3317201250956386,0.3470910880000098,125779.39859478,64,0
Southeast|35-44|female|secondary|Q2|self_employed,0.3614207509157913,4.988636487724702e-06,0.6385742604477208,4706.5863216200005,4,0
Southeast|35-44|female|secondary|Q2|unemployed,0.38392535253337906,5.593400979245505e-06,0.6160690540656417,4197.69436651,3,0
Southeast|35-44|female|secondary|Q3|formal,0.39270133220433506,9.816595074393897e-07,0.6072976861361576,23918.52651191,9,0
Southeast|35-44|female|secondary|Q3|informal,0.15685513845574786,0.27024793991080126,0.5728969216334509,177035.39692208,76,0
Southeast|35-44|female|secondary|Q3|self_employed,7.57544441403678e-06,0.43557433770589316,0.5644180868496929,3787.7853590799996,3,0
Southeast|35-44|female|secondary|Q3|unemployed,1.6695932440157393e-05,1.3661640434603673e-05,0.9999696424271253,1718.57699437,1,0
Southeast|35-44|female|secondary|Q4|formal,0.12272378556629884,0.08219871031797368,0.7950775041157274,53837.96361095,15,0
Southeast|35-44|female|secondary|Q4|informal,0.10509325905277273,0.1283952368629486,0.7665115040842786,180773.50711856,82,0
Southeast|35-44|female|secondary|Q4|self_employed,3.354819118885025e-06,2.745119668495081e-06,0.9999939000612126,8553.2419143,3,0
Southeast|35-44|female|secondary|Q5|formal,4.451049483626971e-06,0.5221032288476413,0.4778923201028752,6446.67510102,6,0
Southeast|35-44|female|secondary|Q5|informal,2.9954923317968674e-07,0.09158278593246444,0.9084169145183023,95793.55194783,37,0
Southeast|35-44|female|secondary|Q5|unemployed,8.182760529474913e-06,6.695638744157471e-06,0.9999851216007264,3506.65238278,2,0
Southeast|35-44|female|tertiary|Q1|informal,0.16403574339963012,0.8191677858332806,0.016796470767089497,23344.615009189998,9,0
Southeast|35-44|female|tertiary|Q2|formal,0.9999761968047891,7.83811932521631e-06,1.5965075885693617e-05,2995.50980716,1,0
Southeast|35-44|female|tertiary|Q2|informal,0.2879925961046732,0.6423689642436882,0.06963843965163874,57768.83691433,19,0
Southeast|35-44|female|tertiary|Q2|self_employed,0.9999515494891494,1.5954197831428265e-05,3.249631301920649e-05,1471.6096634,2,0
Southeast|35-44|female|tertiary|Q2|unemployed,2.808597102070667e-06,0.1412803239791226,0.8587168674237753,10216.71428187,3,0
Southeast|35-44|female|tertiary|Q3|formal,0.9999556066978881,1.4618205501877406e-05,2.977509661014201e-05,1606.11268577,1,0
Southeast|35-44|female|tertiary|Q3|informal,0.15016715738560696,0.5031747967421153,0.34665804587227783,100730.38575357,47,0
Southeast|35-44|female|tertiary|Q3|self_employed,1.9025867210229525e-05,0.9999492641687282,3.170996406152997e-05,1508.10536417,2,0
Southeast|35-44|female|tertiary|Q3|unemployed,1.1768352662645575e-05,0.9999686176115685,1.961403576890621e-05,2438.2119547,1,0
Southeast|35-44|female|tertiary|Q4|informal,0.12192394871753853,0.36017481790037126,0.5179012333820902,136709.71472016,60,0
Southeast|35-44|female|tertiary|Q4|self_employed,5.876954613030598e-06,4.808886299791023e-06,0.9999893141590871,4882.5164015,2,0
Southeast|35-44|female|tertiary|Q5|informal,0.007875585393166561,0.18394233169323682,0.8081820829135966,323269.87268978,126,0
Southeast|35-44|female|tertiary|Q5|self_employed,0.02197635404720085,0.03562589022802189,0.9423977557247772,19244.374040900002,10,0
Southeast|35-44|male|no_education|Q1|formal,0.9999823722627276,5.804611815809443e-06,1.1823125456671217e-05,4044.95036088,1,0
Southeast|35-44|male|no_education|Q1|informal,0.8384733256030884,5.701031843142974e-06,0.16152097336506832,4118.44340869,5,0
Southeast|35-44|male|no_education|Q1|unemployed,0.9999744052550411,8.42805612058439e-06,1.7166688838371446e-05,2785.82676465,2,0
Southeast|35-44|male|no_education|Q2|formal,0.00018481048966125345,0.00015122332743886468,0.9996639661829,155.1667007,1,0
Southeast|35-44|male|no_education|Q2|informal,0.9171553069269118,1.2530365890219661e-05,0.08283216270719794,1873.74369507,2,0
Southeast|35-44|male|no_education|Q3|informal,0.7959744951891269,3.764825331818091e-06,0.20402173998554116,6236.56307222,4,0
Southeast|35-44|male|no_education|Q4|informal,5.213818475098692e-06,4.266267460855902e-06,0.999990519914064,5503.52754697,2,0
Southeast|35-44|male|no_education|Q5|informal,0.20996464939094872,1.1835457555303583e-05,0.790023515151496,1983.76475644,2,0
Southeast|35-44|male|primary|Q1|formal,0.4573505364611127,0.0902700064686825,0.4523794570702048,6047.37094204,9,0
Southeast|35-44|male|primary|Q1|informal,0.5007015148463162,0.37415508002385245,0.1251434051298314,305000.01213383,211,0
Southeast|35-44|male|primary|Q1|self_employed,0.3794216351320745,0.6205636693757604,1.4695492165174696e-05,3254.30872328,3,0
Southeast|35-44|male|primary|Q1|unemployed,0.8187691299594455,0.1394629107675978,0.04176795927295679,8706.663781809999,9,0
Southeast|35-44|male|primary|Q2|formal,0.4590692710825551,0.3899196832130651,0.1510110457043797,2817.6424784600003,5,0
Southeast|35-44|male|primary|Q2|informal,0.2865575816265782,0.2664085233998095,0.4470338949736124,273010.78136664,170,0
Southeast|35-44|male|primary|Q2|unemployed,0.9999606118529766,1.2970065305668487e-05,2.6418081717795854e-05,1810.21834204,1,0
Southeast|35-44|male|primary|Q3|formal,9.452179539708782e-06,7.734355577782975e-06,0.9999828134648826,3035.6987661900002,4,0
Southeast|35-44|male|primary|Q3|informal,0.16470676806419846,0.285277487875272,0.5500157440605297,301505.17695625,175,0
Southeast|35-44|male|primary|Q3|self_employed,1.7832140124574106e-05,1.459135555528779e-05,0.9999675765043201,1609.06832102,1,0
Southeast|35-44|male|primary|Q3|unemployed,0.3362908420395052,1.9261361421074585e-06,0.6637072318243527,12190.08043793,4,0
Southeast|35-44|male|primary|Q4|formal,7.545126080185297e-06,6.173886957838603e-06,0.9999862809869621,3803.00609518,2,0
Southeast|35-44|male|primary|Q4|informal,0.13073618160949682,0.17959516408114914,0.689668654309354,231958.99401772,128,0
Southeast|35-44|male|primary|Q4|self_employed,3.59926063181453e-05,2.9451367725953135e-05,0.9999345560259558,797.14470995,1,0
Southeast|35-44|male|primary|Q4|unemployed,0.00013352508831424148,0.000109258452745073,0.9997572164589408,214.80279727,1,0
Southeast|35-44|male|primary|Q5|formal,0.23673623195975046,2.2056282734531456e-05,0.7632417117575151,1064.44688684,2,0
Southeast|35-44|male|primary|Q5|informal,0.031690814710413955,0.008818911640769374,0.9594902736488167,131930.93021334,72,0
Southeast|35-44|male|primary|Q5|self_employed,1.0273791132805747e-05,8.40664879662681e-06,0.9999813195600706,2792.92105849,2,0
Southeast|35-44|male|primary|Q5|unemployed,3.48582051997308e-06,0.2753456508593156,0.7246508633201644,8231.79685758,2,0
Southeast|35-44|male|secondary|Q1|formal,0.0004906332271302194,0.000401466330697437,0.9991079004421723,58.3854702,1,0
Southeast|35-44|male|secondary|Q1|informal,0.4920061404698963,0.46072825796395306,0.04726560156615062,169827.85816496,70,0
Southeast|35-44|male|secondary|Q1|unemployed,0.44113363254985305,0.5588560058508152,1.036159933186325e-05,4615.51351327,4,0
Southeast|35-44|male|secondary|Q2|formal,0.33365676853149584,0.6662117413276849,0.00013149014081919363,363.61653112,2,0
Southeast|35-44|male|secondary|Q2|informal,0.20329360173535554,0.42086258815808614,0.3758438101065582,257702.75481628,123,0
Southeast|35-44|male|secondary|Q2|self_employed,0.5538247302698138,7.214574348671275e-06,0.4461680551558375,3254.41592645,3,0
Southeast|35-44|male|secondary|Q2|unemployed,0.3010586491355739,0.33829687976424716,0.3606444711001789,4562.1376505,4,0
Southeast|35-44|male|secondary|Q3|formal,0.5773992491615231,0.25175512654612414,0.17084562429235267,5137.96327785,3,0
Southeast|35-44|male|secondary|Q3|informal,0.12866075324473641,0.357756194569897,0.5135830521853665,379150.55918146,167,0
Southeast|35-44|male|secondary|Q3|unemployed,4.318578755362173e-06,3.5337271731149923e-06,0.9999921476940715,6644.42742672,2,0
Southeast|35-44|male|secondary|Q4|formal,0.00011382890454983706,9.314182185382849e-05,0.9997930292735964,251.98812382,1,0
Southeast|35-44|male|secondary|Q4|informal,0.04299343478324546,0.24251819652274278,0.7144883686940119,462811.64991510997,211,0
Southeast|35-44|male|secondary|Q4|self_employed,0.5161106060836497,0.4838823836914076,7.0102249425719584e-06,6822.09733133,3,0
Southeast|35-44|male|secondary|Q5|formal,1.2659371350909628e-05,0.9999662415530516,2.109907559761969e-05,2266.59351811,1,0
Southeast|35-44|male|secondary|Q5|informal,0.006317400477048783,0.15344249989209813,0.8402400996308532,351996.06005408,150,0
Southeast|35-44|male|secondary|Q5|self_employed,1.937931387670253e-06,0.015077512893273623,0.9849205491753387,14806.881901949999,6,0
Southeast|35-44|male|tertiary|Q1|informal,0.13128009581962422,0.8167915758756512,0.051928328304724734,31224.19724356,12,0
Southeast|35-44|male|tertiary|Q2|informal,0.13490201011883995,0.6803235748458851,0.184774415035275,52206.85154135,21,0
Southeast|35-44|male|tertiary|Q2|self_employed,6.908611280796971e-05,5.653051338042263e-05,0.9998743833738116,415.24997148,1,0
Southeast|35-44|male|tertiary|Q3|informal,0.14250302691673125,0.5697216467718533,0.2877753263114153,89036.5749935,37,0
Southeast|35-44|male|tertiary|Q4|informal,0.04545011501332027,0.337697082841756,0.6168528021449238,189755.52570496,85,0
Southeast|35-44|male|tertiary|Q4|self_employed,3.177522252189979e-06,0.09184278395761264,0.9081540385201351,9030.49450321,5,0
Southeast|35-44|male|tertiary|Q5|informal,0.004706343439806737,0.22211743283818403,0.7731762237220094,595941.34837848,204,0
Southeast|35-44|male|tertiary|Q5|self_employed,0.015122322249995362,0.35087781731061596,0.6339998604393887,22330.11133676,13,0
Southeast|35-44|male|tertiary|Q5|unemployed,6.4008422514375195e-06,0.9999829310249629,1.0668132785425749e-05,4482.89049676,1,0
Southeast|45-54|female|no_education|Q1|formal,0.9999874564955731,4.130432220643072e-06,8.413072206126541e-06,5684.52230247,3,0
Southeast|45-54|female|no_education|Q1|informal,0.999990299340296,3.19431604113767e-06,6.506343662769376e-06,7350.439776880001,4,0
Southeast|45-54|female|no_education|Q1|unemployed,0.9999470008929885,1.7451998406365675e-05,3.5547108605283055e-05,1345.30163101,2,0
Southeast|45-54|female|no_education|Q2|formal,0.9999827030656112,5.69568221817307e-06,1.160125217045217e-05,4122.31171837,3,0
Southeast|45-54|female|no_education|Q2|informal,0.5587710688287599,2.7601477454625176e-06,0.44122617102349465,8506.6718418,6,0
Southeast|45-54|female|no_education|Q2|unemployed,0.5501454612501364,1.9509154085454884e-05,0.44983502959577826,1203.43486458,3,0
Southeast|45-54|female|no_education|Q3|formal,0.20013902097375533,1.2354365789675035e-05,0.7998486246604549,1900.43844285,2,0
Southeast|45-54|female|no_education|Q3|informal,0.08643095108414818,0.1408200043941294,0.7727490445217224,2836.56379543,3,0
Southeast|45-54|female|no_education|Q3|unemployed,0.00010581810322715836,8.658689072579788e-05,0.999807595006047,271.0720784,1,0
Southeast|45-54|female|no_education|Q4|formal,4.6742755957126384e-06,0.9999875352195343,7.790504869814354e-06,6138.80096912,1,0
Southeast|45-54|female|no_education|Q4|informal,9.208111083183824e-05,7.534643731414168e-05,0.999832572451854,311.5265076,1,0
Southeast|45-54|female|no_education|Q5|informal,4.6449732287648795e-06,3.8008032379860085e-06,0.9999915542235333,6177.52763556,2,0
Southeast|45-54|female|primary|Q1|formal,0.8830069781976998,0.04147646230838179,0.07551655949391842,90403.90121708,41,0
Southeast|45-54|female|primary|Q1|informal,0.8153704148733232,0.08997335522777085,0.09465622989890592,110691.967754,73,0
Southeast|45-54|female|primary|Q1|self_employed,0.9999556047737113,1.4618839111236044e-05,2.977638717756933e-05,1606.04306934,1,0
Southeast|45-54|female|primary|Q1|unemployed,0.9293279445346787,0.010137424546666695,0.06053463091865463,41238.35256383,26,0
Southeast|45-54|female|primary|Q2|formal,0.2936570706319035,0.474303411527179,0.23203951784091753,83924.54871996,49,0
Southeast|45-54|female|primary|Q2|informal,0.4367129719136758,0.2804806945103201,0.28280633357600404,152644.13155292,78,0
Southeast|45-54|female|primary|Q2|self_employed,1.4645579829186714e-05,0.8197193081531722,0.18026604626699871,1959.18842143,2,0
Southeast|45-54|female|primary|Q2|unemployed,0.4450203727093331,0.11355311519615219,0.4414265120945148,48439.01630276,25,0
Southeast|45-54|female|primary|Q3|formal,0.541573993759246,0.17156853266457392,0.28685747357617997,69641.97883206,28,0
Southeast|45-54|female|primary|Q3|informal,0.31817472655797957,0.24357615973757343,0.4382491137044469,173107.17931968,78,0
Southeast|45-54|female|primary|Q3|self_employed,0.9107013353373049,3.046685641381974e-06,0.08929561797705372,7706.618015599999,4,0
Southeast|45-54|female|primary|Q3|unemployed,0.6533923347988485,0.10984584998212812,0.23676181521902362,25264.64667435,18,0
Southeast|45-54|female|primary|Q4|formal,0.024113935088489954,0.39464743964273347,0.5812386252687766,47883.76652024,36,0
Southeast|45-54|female|primary|Q4|informal,0.04005077892770299,0.14326299871518328,0.8166862223571136,135722.42479402001,63,0
Southeast|45-54|female|primary|Q4|self_employed,3.5022030021937658e-06,2.8657182410418095e-06,0.9999936320787567,8193.28997953,4,0
Southeast|45-54|female|primary|Q4|unemployed,0.3025167636493057,0.34090512682490914,0.3565781095257852,11766.40137376,6,0
Southeast|45-54|female|primary|Q5|formal,6.862588451337633e-07,5.615392623854832e-07,0.9999987522018925,41813.44482777,12,0
Southeast|45-54|female|primary|Q5|informal,0.10294082600521409,0.0522307049445272,0.8448284690502587,59046.63072195,25,0
Southeast|45-54|female|primary|Q5|unemployed,1.6015603377162746e-05,0.8326084854383337,0.1673754989582892,1791.58491556,2,0
Southeast|45-54|female|secondary|Q1|formal,0.4819916801213615,0.37033732372740374,0.14767099615123477,23802.53905038,12,0
Southeast|45-54|female|secondary|Q1|informal,0.6330122888708788,0.3141499252867392,0.05283778584238205,42914.9288084,24,0
Southeast|45-54|female|secondary|Q1|self_employed,9.608075461182056e-06,0.999974378371821,1.60135527178882e-05,2986.4413839,1,0
Southeast|45-54|female|secondary|Q1|unemployed,0.2537739439736279,0.686562265555588,0.05966379047078401,16298.8176389,7,0
Southeast|45-54|female|secondary|Q2|formal,0.42265381875551106,0.27420517964471525,0.3031410015997737,31213.233265720002,16,0
Southeast|45-54|female|secondary|Q2|informal,0.33030184325067236,0.4113361097032035,0.2583620470461241,118147.67415577,59,0
Southeast|45-54|female|secondary|Q2|self_employed,0.9998871476332457,3.716099073742577e-05,7.569137601693596e-05,631.74394857,1,0
Southeast|45-54|female|secondary|Q2|unemployed,0.11687334522890307,0.43300079476628145,0.45012586000481547,16835.48406026,12,0
Southeast|45-54|female|secondary|Q3|formal,0.14494180152901023,0.2916848112685529,0.5633733872024369,27988.13018481,11,0
Southeast|45-54|female|secondary|Q3|informal,0.18781752240308702,0.508458247680516,0.30372422991639697,94016.69655633,58,0
Southeast|45-54|female|secondary|Q3|self_employed,0.24664748019247595,0.17584048660695847,0.5775120332005654,8018.025582640001,5,0
Southeast|45-54|female|secondary|Q3|unemployed,1.6816121127811507e-06,0.418262821067236,0.5817354973206511,17063.83214366,5,0
Southeast|45-54|female|secondary|Q4|formal,0.36208563841060787,0.2107852555140954,0.4271291060752969,24489.470605529998,12,0
Southeast|45-54|female|secondary|Q4|informal,0.06596625513365337,0.36357445088666884,0.5704592939796778,160436.07372143,77,0
Southeast|45-54|female|secondary|Q4|self_employed,0.01667276740177612,0.16639076186223,0.816936470735994,16828.900081,7,0
Southeast|45-54|female|secondary|Q4|unemployed,0.14775560395478032,0.5076771054230598,0.3445672906221598,9730.96474124,6,0
Southeast|45-54|female|secondary|Q5|formal,1.5734437743273526e-06,0.030612667560671308,0.9693857589955546,18236.9132652,9,0
Southeast|45-54|female|secondary|Q5|informal,0.038716625902989264,0.18206682800307658,0.7792165460939341,101899.24023074,53,0
Southeast|45-54|female|secondary|Q5|self_employed,4.098718719172909e-06,3.3538241475653534e-06,0.9999925474571333,7000.84760107,4,0
Southeast|45-54|female|secondary|Q5|unemployed,3.7328130016885274e-06,0.6216160616416253,0.3783802055453729,7687.10934359,5,0
Southeast|45-54|female|tertiary|Q1|informal,0.9999492844628622,1.6700045023657707e-05,3.4015492114218034e-05,1405.88106694,1,0
Southeast|45-54|female|tertiary|Q1|unemployed,0.7755892296706618,0.2243872993736547,2.3470955683621667e-05,2037.53061632,2,0
Southeast|45-54|female|tertiary|Q2|informal,0.28680436513188345,0.4708115307423823,0.24238410412573425,26917.57332978,13,0
Southeast|45-54|female|tertiary|Q2|unemployed,6.564889817411328e-06,0.9999824935631887,1.094154699377332e-05,4370.86673098,2,0
Southeast|45-54|female|tertiary|Q3|informal,0.124930099114118,0.6941615749181957,0.18090832596768638,63630.52302635,26,0
Southeast|45-54|female|tertiary|Q3|self_employed,1.3439450807710827e-05,1.0996986555352783e-05,0.9999755635626371,2135.02556391,2,0
Southeast|45-54|female|tertiary|Q3|unemployed,0.15550685704317027,0.8444774003828007,1.5742574029031945e-05,3037.8490550300003,3,0
Southeast|45-54|female|tertiary|Q4|informal,0.04522144915815077,0.3644115330134149,0.5903670178284344,156733.33208988,68,0
Southeast|45-54|female|tertiary|Q4|self_employed,6.8578443141359075e-06,0.5285481511910336,0.47144499096465214,4184.14707095,3,0
Southeast|45-54|female|tertiary|Q4|unemployed,0.11171447768386036,0.506535738021834,0.38174978429430567,18601.239851899998,9,0
Southeast|45-54|female|tertiary|Q5|formal,4.180094901039522e-06,3.4204111525491904e-06,0.9999923994939464,6864.55634484,1,0
Southeast|45-54|female|tertiary|Q5|informal,0.011012767619300779,0.21858935819695352,0.7703978741837458,317045.05276848,139,0
Southeast|45-54|female|tertiary|Q5|self_employed,1.8445268705650535e-06,1.5093055130610576e-06,0.9999966461676164,15556.688812549999,7,0
Southeast|45-54|female|tertiary|Q5|unemployed,2.284762865098063e-06,0.10771016598569692,0.8922875492514379,12559.15305107,7,0
Southeast|45-54|male|no_education|Q1|informal,0.6638647923269636,0.12600561417021316,0.21012959350282323,13433.0702205,14,0
Southeast|45-54|male|no_education|Q1|unemployed,0.4823399224799078,0.5176446141036483,1.5463416443818636e-05,3092.69246724,2,0
Southeast|45-54|male|no_education|Q2|formal,0.9994287259087155,0.0001881140097040702,0.0003831600815805014,124.71764201,1,0
Southeast|45-54|male|no_education|Q2|informal,0.26062691081585804,0.25552336605964954,0.4838497231244925,30935.82065315,14,0
Southeast|45-54|male|no_education|Q2|unemployed,0.9999516622046808,1.591708189903852e-05,3.242071342029962e-05,1475.04144045,1,0
Southeast|45-54|male|no_education|Q3|informal,0.5573471692550949,0.2660800011646551,0.1765728295802499,12000.76531889,7,0
Southeast|45-54|male|no_education|Q3|unemployed,2.2556487491780117e-05,1.845710760299592e-05,0.9999589864049052,1272.03578776,1,0
Southeast|45-54|male|no_education|Q4|informal,0.1032860454636966,0.11741815849502356,0.7792957960412799,13465.10778176,7,0
Southeast|45-54|male|no_education|Q4|unemployed,0.9999868712645977,4.3231420722968566e-06,8.805593329870535e-06,5431.12264493,1,0
Southeast|45-54|male|no_education|Q5|informal,4.1536633154402985e-06,3.3987832009587477e-06,0.9999924475534836,6908.239170819999,6,0
Southeast|45-54|male|no_education|Q5|unemployed,7.524491642072929e-05,6.157002589440992e-05,0.9998631850576848,381.25353655,1,0
Southeast|45-54|male|primary|Q1|formal,0.15466798829909126,2.9111846295342256e-05,0.8453028998546134,806.4427002499999,2,0
Southeast|45-54|male|primary|Q1|informal,0.6020217394367238,0.3601731322491492,0.03780512831412698,242211.42790417,183,0
Southeast|45-54|male|primary|Q1|self_employed,0.9999320081793422,2.2388927147505772e-05,4.560289351034232e-05,1048.63033735,1,0
Southeast|45-54|male|primary|Q1|unemployed,0.7132470230047016,0.15242798536077606,0.1343249916345224,22727.56639766,16,0
Southeast|45-54|male|primary|Q2|formal,0.4125661388755081,0.3038769666366412,0.2835568944878506,7061.6132911,11,0
Southeast|45-54|male|primary|Q2|informal,0.3254817342219122,0.42676335264556553,0.24775491313252238,379532.07866328,233,0
Southeast|45-54|male|primary|Q2|self_employed,0.5994129803575607,0.4005707540615782,1.6265580860946267e-05,2940.16621638,4,0
Southeast|45-54|male|primary|Q2|unemployed,0.37012973111897673,0.5273739212847971,0.10249634759622633,18300.23551095,13,0
Southeast|45-54|male|primary|Q3|formal,0.4316962894625635,0.1845965105079598,0.3837072000294766,4487.48954694,8,0
Southeast|45-54|male|primary|Q3|informal,0.18196014446135508,0.3401882461773323,0.4778516093613126,437782.70203192,241,0
Southeast|45-54|male|primary|Q3|self_employed,4.613869759533591e-06,3.7753524634078493e-06,0.999991610777777,6219.17286204,3,0
Southeast|45-54|male|primary|Q3|unemployed,0.3830826505862404,0.3097471952246035,0.30717015418915616,21841.03601026,12,0
Southeast|45-54|male|primary|Q4|formal,1.915652686217916e-06,0.820738048791218,0.17926003555609582,14979.08447895,9,0
Southeast|45-54|male|primary|Q4|informal,0.09387949196214915,0.15972206890114776,0.7463984391367032,438177.42986478,221,0
Southeast|45-54|male|primary|Q4|self_employed,0.026124245941077776,0.571797528377184,0.40207822568173823,17687.86809168,5,0
Southeast|45-54|male|primary|Q4|unemployed,0.07148800622195683,0.4852666188589875,0.44324537491905586,17467.15775535,11,0
Southeast|45-54|male|primary|Q5|formal,0.39916413887690566,0.28811957090091095,0.3127162902221834,7382.99564413,5,0
Southeast|45-54|male|primary|Q5|informal,0.014380454108524897,0.10652184570590474,0.8790977001855704,297913.65463069,149,0
Southeast|45-54|male|primary|Q5|self_employed,0.00011594896873576443,9.487658897212113e-05,0.9997891744422922,247.37882881,1,0
Southeast|45-54|male|primary|Q5|unemployed,3.389012082012424e-06,2.7730984572997497e-06,0.9999938378894606,8466.94416805,6,0
Southeast|45-54|male|secondary|Q1|informal,0.4683266038978992,0.43881219534184496,0.0928612007602559,50420.97392027,35,0
Southeast|45-54|male|secondary|Q1|unemployed,0.999986049908111,4.593605348086807e-06,9.356486540744264e-06,5111.34195922,2,0
Southeast|45-54|male|secondary|Q2|informal,0.22452300596278596,0.5782460823614172,0.1972309116757968,148531.73378051,77,0
Southeast|45-54|male|secondary|Q2|self_employed,0.6572531373637007,0.342736633244095,1.0229392204276715e-05,4675.16681353,2,0
Southeast|45-54|male|secondary|Q2|unemployed,0.5585118364435846,0.14128719471421475,0.30020096884220066,6193.1975991,3,0
Southeast|45-54|male|secondary|Q3|informal,0.13568721085503369,0.33777042938417107,0.5265423597607952,243591.86281835,117,0
Southeast|45-54|male|secondary|Q3|self_employed,0.1891233656288092,0.11526287197080352,0.6956137624003873,12130.02360703,5,0
Southeast|45-54|male|secondary|Q3|unemployed,5.4028863491596495e-06,0.5783878040519178,0.421606793061733,5310.93434906,3,0
Southeast|45-54|male|secondary|Q4|informal,0.03576892491005894,0.2927343144970671,0.6714967605928741,397671.39956567,172,0
Southeast|45-54|male|secondary|Q4|self_employed,1.2169377715838734e-05,0.1935126482523946,0.8064751823698895,2357.8607482400002,3,0
Southeast|45-54|male|secondary|Q4|unemployed,3.637487009313698e-06,2.976415949507588e-06,0.9999933860970411,7888.56459481,4,0
Southeast|45-54|male|secondary|Q5|informal,0.01584762710207692,0.17492158070924985,0.8092307921886733,348617.5753049,151,0
Southeast|45-54|male|secondary|Q5|self_employed,3.8050511853283583e-06,3.1135272807038554e-06,0.999993081421534,7541.16911488,2,0
Southeast|45-54|male|secondary|Q5|unemployed,2.7999477214579258e-06,0.26702527595316117,0.7329719240991173,10248.275269490001,6,0
Southeast|45-54|male|tertiary|Q1|informal,0.3636426653652881,0.6363524030904399,4.931544271833408e-06,9697.70159298,4,0
Southeast|45-54|male|tertiary|Q1|unemployed,2.5593622041149466e-05,0.9999317500918531,4.2656286105732794e-05,1121.07444488,1,0
Southeast|45-54|male|tertiary|Q2|informal,1.0331628850917178e-06,0.9999972448889066,1.721948208402836e-06,27773.753860329998,8,0
Southeast|45-54|male|tertiary|Q2|self_employed,0.5776631849181145,8.030579429026707e-06,0.4223287845024564,2923.71730706,2,0
Southeast|45-54|male|tertiary|Q2|unemployed,0.9998066171669087,6.367875017564729e-05,0.00012970408291561428,368.6249994,1,0
Southeast|45-54|male|tertiary|Q3|informal,0.08491629529956024,0.7480624503716293,0.16702125432881054,59813.602041959995,25,0
Southeast|45-54|male|tertiary|Q3|unemployed,9.865992713586174e-05,0.9997369058996818,0.00016443417318235342,290.74670765,1,0
Southeast|45-54|male|tertiary|Q4|informal,0.0025867417960741134,0.6381493010983607,0.35926395710556525,154663.17848886,52,0
Southeast|45-54|male|tertiary|Q4|self_employed,9.817312569741793e-05,8.033129916082903e-05,0.9998214955751417,292.18890066,1,0
Southeast|45-54|male|tertiary|Q4|unemployed,0.26345440391663993,0.1479860818993421,0.5885595141840181,3298.55033226,3,0
Southeast|45-54|male|tertiary|Q5|informal,0.017716174896554006,0.2547396554251187,0.7275441696783272,503142.89944334,170,0
Southeast|45-54|male|tertiary|Q5|self_employed,6.141637677550606e-07,0.07226489221891032,0.927734493617322,46721.82742555,14,0
Southeast|45-54|male|tertiary|Q5|unemployed,1.6216088041414022e-06,0.718817200200278,0.2811811781909179,17695.23743969,3,0
Southeast|55-64|female|no_education|Q1|informal,0.9484364787007505,0.020095743693508923,0.0314677776057406,11593.87419128,9,0
Southeast|55-64|female|no_education|Q1|unemployed,0.8709057557083633,2.343204355423993e-06,0.1290919010872813,10020.3436143,4,0
Southeast|55-64|female|no_education|Q2|formal,0.999990855854707,3.011062224936092e-06,6.133083067898246e-06,7797.7950172,4,0
Southeast|55-64|female|no_education|Q2|informal,0.8840783465728109,0.11591558732192286,6.0661052661720244e-06,7883.89406155,9,0
Southeast|55-64|female|no_education|Q2|unemployed,0.9999884268192613,3.8109157530232075e-06,7.762264985589728e-06,6161.1348952299995,3,0
Southeast|55-64|female|no_education|Q3|formal,0.9999496746959016,1.6571545757077657e-05,3.375375834147404e-05,1416.78334115,2,0
Southeast|55-64|female|no_education|Q3|informal,0.3265972445138123,0.13592266089992783,0.5374800945862599,12425.91043538,10,0
Southeast|55-64|female|no_education|Q3|unemployed,0.40338147871956004,0.17050995147099507,0.4261085698094448,11002.627223380001,11,0
Southeast|55-64|female|no_education|Q4|formal,9.208111083183824e-05,7.534643731414168e-05,0.999832572451854,311.5265076,1,0
Southeast|55-64|female|no_education|Q4|informal,0.9999773594766428,7.455264811608989e-06,1.5185258545677232e-05,3149.34508527,3,0
Southeast|55-64|female|no_education|Q4|unemployed,0.918600718022132,5.238311709302438e-06,0.08139404366615853,4482.25012029,6,0
Southeast|55-64|female|no_education|Q5|formal,6.685413582817846e-05,0.9998217216530675,0.00011142421110436246,429.1167512,1,0
Southeast|55-64|female|no_education|Q5|informal,2.985903084082852e-06,2.443249842650271e-06,0.9999945708470732,9610.02939014,4,0
Southeast|55-64|female|no_education|Q5|unemployed,0.9998294659834558,5.615489680428825e-05,0.0001143791197397999,418.02822134,1,0
Southeast|55-64|female|primary|Q1|formal,0.9100289844619018,0.08997007509125232,9.404468457138663e-07,50853.532093300004,24,0
Southeast|55-64|female|primary|Q1|informal,0.8783912035400097,0.09971051401323337,0.021898282446756862,91196.45712787,46,0
Southeast|55-64|female|primary|Q1|unemployed,0.8263051743247073,0.08385860362048454,0.08983622205480817,53373.434775789996,32,0
Southeast|55-64|female|primary|Q2|formal,0.5131245094190913,0.2858268153544481,0.20104867522646067,35430.23210701,23,0
Southeast|55-64|female|primary|Q2|informal,0.47686473218629355,0.2861242784856677,0.2370109893280388,147078.91568851,78,0
Southeast|55-64|female|primary|Q2|unemployed,0.40755319417447694,0.14665426675539603,0.44579253907012684,90211.45310444,43,0
Southeast|55-64|female|primary|Q3|formal,0.4855702624768768,0.07775750491714079,0.43667223260598254,53583.69096612,28,0
Southeast|55-64|female|primary|Q3|informal,0.3686857444404832,0.23940366988555,0.39191058567396675,175556.99344418,91,0
Southeast|55-64|female|primary|Q3|unemployed,0.42966637855974454,0.05446449955610216,0.5158691218841531,90256.25728138,50,0
Southeast|55-64|female|primary|Q4|formal,0.24810607244736244,0.1720538894759649,0.5798400380766726,75048.89689118,28,0
Southeast|55-64|female|primary|Q4|informal,0.186583582307932,0.24621720501526173,0.5671992126768062,190671.749226,89,0
Southeast|55-64|female|primary|Q4|self_employed,0.3465976090196116,0.41318780031352714,0.2402145906668612,9985.51697784,4,0
Southeast|55-64|female|primary|Q4|unemployed,0.39717970070388836,0.2661039069010689,0.3367163923950428,58974.68879576,32,0
Southeast|55-64|female|primary|Q5|formal,1.8656135347652853e-06,0.18536016885713372,0.8146379655293314,15380.85347709,13,0
Southeast|55-64|female|primary|Q5|informal,0.04994475515055636,0.10512024226985806,0.8449350025795854,100891.31174514,49,0
Southeast|55-64|female|primary|Q5|unemployed,0.0012195442757730662,0.23405152154886613,0.7647289341753608,31793.29274944,18,0
Southeast|55-64|female|secondary|Q1|formal,0.999994935085154,1.6678183993046389e-06,3.3970964466938365e-06,14078.13965133,4,0
Southeast|55-64|female|secondary|Q1|informal,0.7361272397546967,0.12256557362664952,0.14130718661865388,22678.02515188,9,0
Southeast|55-64|female|secondary|Q1|unemployed,0.8645424252669878,0.10791244892316731,0.027545125809844757,10081.157481810002,7,0
Southeast|55-64|female|secondary|Q2|formal,0.9846632428630786,0.015334246107260193,2.511029661278638e-06,19045.92666895,7,0
Southeast|55-64|female|secondary|Q2|informal,0.322578874401883,0.44382788503717074,0.23359324056094635,61221.82822299,28,0
Southeast|55-64|female|secondary|Q2|self_employed,0.9999703374557776,9.767535788605692e-06,1.9895008433928715e-05,2403.77623127,2,0
Southeast|55-64|female|secondary|Q2|unemployed,0.2763736844053804,0.2889209666498777,0.4347053489447419,18831.32004682,13,0
Southeast|55-64|female|secondary|Q3|formal,0.6648588284372445,1.2738148906771815e-06,0.3351398977478647,18432.678021480002,6,0
Southeast|55-64|female|secondary|Q3|informal,0.23635817827838038,0.43420961008527875,0.32943221163634095,79214.16121373,37,0
Southeast|55-64|female|secondary|Q3|self_employed,0.9998078221017817,6.328197893420988e-05,0.00012889591928401064,370.93686572,1,0
Southeast|55-64|female|secondary|Q3|unemployed,0.38086153582863236,0.2739264577479691,0.3452120064233986,44460.22639338,25,0
Southeast|55-64|female|secondary|Q4|formal,0.4001143848832578,0.15611560725049636,0.44377000786624576,40795.34922442,10,0
Southeast|55-64|female|secondary|Q4|informal,0.07487253417099927,0.3876534297444378,0.5374740360845629,113738.40504226,50,0
Southeast|55-64|female|secondary|Q4|self_employed,1.333285540707111e-05,0.7917066766615649,0.20827999048302806,2152.09576815,2,0
Southeast|55-64|female|secondary|Q4|unemployed,0.033528115766215276,0.23374746700801552,0.7327244172257692,36220.44356716,15,0
Southeast|55-64|female|secondary|Q5|formal,2.864713960949976e-06,0.47263056583420304,0.5273665694518359,10016.57718858,5,0
Southeast|55-64|female|secondary|Q5|informal,0.020631360942377983,0.07904034528033871,0.9003282937772833,126336.81988351,49,0
Southeast|55-64|female|secondary|Q5|self_employed,1.368139418433104e-05,1.1194959530433178e-05,0.9999751236462854,2097.26775345,2,0
Southeast|55-64|female|secondary|Q5|unemployed,1.3040610542106123e-06,0.21300637260579586,0.7869923233331501,22004.172646439998,10,0
Southeast|55-64|female|tertiary|Q1|informal,0.661630610954514,0.3383587095953017,1.0679450184182166e-05,4478.13970995,3,0
Southeast|55-64|female|tertiary|Q1|self_employed,2.2319044396281804e-05,0.9999404823308118,3.719862479189719e-05,1285.56951501,1,0
Southeast|55-64|female|tertiary|Q1|unemployed,0.9998446076460458,5.116892088337968e-05,0.00010422343307074683,458.77125847,1,0
Southeast|55-64|female|tertiary|Q2|informal,0.7326349001642437,0.26735964144522917,5.458390527163665e-06,8761.665516269999,5,0
Southeast|55-64|female|tertiary|Q2|unemployed,0.45716914160033034,0.5193275724884506,0.023503285911219,10106.88751635,6,0
Southeast|55-64|female|tertiary|Q3|formal,0.9999822875099277,5.832519941261979e-06,1.187997013103638e-05,4025.59512951,1,0
Southeast|55-64|female|tertiary|Q3|informal,0.13711606964031364,0.21806422749881943,0.644819702860867,14157.589714759999,8,0
Southeast|55-64|female|tertiary|Q3|unemployed,0.6200679953045686,1.2386603195808872e-06,0.3799307660351119,18955.82096488,9,0
Southeast|55-64|female|tertiary|Q4|informal,0.04830609089689348,0.4702685403288829,0.4814253687742235,94539.13781998001,36,0
Southeast|55-64|female|tertiary|Q4|self_employed,5.594394020955969e-06,0.2389474757667934,0.7610469298391855,5129.126664580001,5,0
Southeast|55-64|female|tertiary|Q4|unemployed,7.526211328146515e-07,0.3684211108421625,0.6315781365367047,38126.53999633,14,0
Southeast|55-64|female|tertiary|Q5|informal,0.015780995240551123,0.2557518808825869,0.728467123876862,289410.52217477,105,0
Southeast|55-64|female|tertiary|Q5|self_employed,3.448626520081417e-06,0.647132560221979,0.352863991151501,8320.57920877,7,0
Southeast|55-64|female|tertiary|Q5|unemployed,3.918775061344187e-07,0.09463588788790143,0.9053637202345923,73224.09515095,26,0
Southeast|55-64|male|no_education|Q1|formal,0.3733764583836496,0.6265615762643967,6.196535195367288e-05,771.70450667,2,0
Southeast|55-64|male|no_education|Q1|informal,0.9545757516515402,0.035898573007264664,0.009525675341195238,27566.48410898,21,0
Southeast|55-64|male|no_education|Q1|unemployed,0.8754585934821387,7.538037083706951e-06,0.12453386848077753,3114.76224591,5,0
Southeast|55-64|male|no_education|Q2|formal,4.403279577792682e-05,3.6030346038145565e-05,0.9999199368581838,651.57142984,1,0
Southeast|55-64|male|no_education|Q2|informal,0.15458065521949998,0.31216629974522264,0.5332530450352774,21041.53925516,17,0
Southeast|55-64|male|no_education|Q2|unemployed,0.6430185409868961,1.079852224693274e-05,0.35697066049085696,2174.2666942,2,0
Southeast|55-64|male|no_education|Q3|formal,0.999948242076604,1.7043290869525368e-05,3.471463252652287e-05,1377.56510588,1,0
Southeast|55-64|male|no_education|Q3|informal,0.0634136133730228,0.22065898597699074,0.7159274006499865,8990.58040503,8,0
Southeast|55-64|male|no_education|Q3|unemployed,0.31762454658154454,0.13299337929643823,0.549382074122017,10122.987737520001,6,0
Southeast|55-64|male|no_education|Q4|formal,8.414149028464698e-06,6.884975068153241e-06,0.9999847008759034,3410.21694202,2,0
Southeast|55-64|male|no_education|Q4|informal,0.01357971160538509,0.2617369373478353,0.7246833510467797,19335.45055476,9,0
Southeast|55-64|male|no_education|Q4|unemployed,1.7978235177797344e-05,0.03464954899196048,0.9653324727728618,1595.9918688999999,2,0
Southeast|55-64|male|no_education|Q5|informal,3.2352174669605595e-06,0.20841433920087168,0.7915824255816614,8869.44749642,7,0
Southeast|55-64|male|primary|Q1|formal,0.4102173005200067,0.5897686377265661,1.4061753427168191e-05,3400.97925679,2,0
Southeast|55-64|male|primary|Q1|informal,0.584044267720023,0.36164091041586466,0.05431482186411235,186259.35832812,131,0
Southeast|55-64|male|primary|Q1|unemployed,0.828321189409352,0.02672063550319904,0.144958175087449,37034.98593868,20,0
Southeast|55-64|male|primary|Q2|formal,0.7966876527467743,3.895487362685137e-06,0.2033084517658629,6027.373569859999,7,0
Southeast|55-64|male|primary|Q2|informal,0.41926277797638417,0.4051072847315515,0.17562993729206436,280272.95750198,186,0
Southeast|55-64|male|primary|Q2|self_employed,0.19164441892897743,0.8083520677903776,3.5132806448254624e-06,13612.57223718,4,0
Southeast|55-64|male|primary|Q2|unemployed,0.47297620655927486,0.22346311271156807,0.3035606807291571,59410.39324576,43,0
Southeast|55-64|male|primary|Q3|formal,0.22334976301151138,0.16778586659916778,0.6088643703893208,12837.83586818,9,0
Southeast|55-64|male|primary|Q3|informal,0.2510977277994299,0.3837182034291696,0.3651840687714005,353292.63201781,220,0
Southeast|55-64|male|primary|Q3|self_employed,3.5876088285087585e-06,0.3709155507048547,0.6290808616863168,7998.23994064,4,0
Southeast|55-64|male|primary|Q3|unemployed,0.2686160449669171,0.18505468880699238,0.5463292662260905,104327.31484034,57,0
Southeast|55-64|male|primary|Q4|formal,0.038609598410424786,0.11206087364228383,0.8493295279472913,5571.30775147,5,0
Southeast|55-64|male|primary|Q4|informal,0.04329057489574081,0.38862711517856313,0.5680823099256961,368056.87796595,197,0
Southeast|55-64|male|primary|Q4|self_employed,2.303020651228495e-06,0.17003871604831441,0.8299589809310344,12459.58635546,6,0
Southeast|55-64|male|primary|Q4|unemployed,0.16640736134943307,0.10430657967767569,0.7292860589728913,50904.42503701,28,0
Southeast|55-64|male|primary|Q5|formal,6.342571054418955e-06,5.189882355296593e-06,0.9999884675465902,4524.07714177,2,0
Southeast|55-64|male|primary|Q5|informal,0.018072531043106074,0.12776022353840905,0.8541672454184849,239199.36519356,142,0
Southeast|55-64|male|primary|Q5|self_employed,2.2489438826557982e-06,1.8402244254742202e-06,0.9999959108316918,12759.184571639998,3,0
Southeast|55-64|male|primary|Q5|unemployed,0.012041286144904526,0.40849202292686665,0.5794666909282289,35774.38880054,19,0
Southeast|55-64|male|secondary|Q1|informal,0.40849230373800505,0.591506249425098,1.4468368970204747e-06,33054.8614775,18,0
Southeast|55-64|male|secondary|Q1|unemployed,0.999992019239632,2.6279729051494564e-06,5.3527874628394896e-06,8934.52298424,5,0
Southeast|55-64|male|secondary|Q2|formal,4.781183568219378e-05,3.912258928632366e-05,0.9999130655750313,600.06342345,1,0
Southeast|55-64|male|secondary|Q2|informal,0.19671949830460042,0.6302934381544675,0.17298706354093213,76354.88019534,36,0
Southeast|55-64|male|secondary|Q2|unemployed,0.02964143270616574,0.5678064161734961,0.40255215112033804,15772.75492505,9,0
Southeast|55-64|male|secondary|Q3|informal,0.1746949963890458,0.530016110958389,0.2952888926525653,112953.51715221,64,0
Southeast|55-64|male|secondary|Q3|self_employed,7.317605498237313e-06,0.9999804863140392,1.2196080462539926e-05,3921.25309718,1,0
Southeast|55-64|male|secondary|Q3|unemployed,0.40422470904372454,0.09756846861218418,0.4982068223440913,49318.75809568,17,0
Southeast|55-64|male|secondary|Q4|informal,0.037169030072772266,0.47117770630704425,0.4916532636201835,223952.96342935,107,0
Southeast|55-64|male|secondary|Q4|self_employed,3.396681130724369e-06,0.2198996218817088,0.7800969814371604,8447.82722075,3,0
Southeast|55-64|male|secondary|Q4|unemployed,0.05295642035867766,0.5076130043808135,0.439430575260509,26717.14590488,15,0
Southeast|55-64|male|secondary|Q5|informal,0.037673850647349384,0.29704972802385227,0.6652764213287984,240477.36542448,114,0
Southeast|55-64|male|secondary|Q5|self_employed,2.4662143748970194e-06,0.22752469228721983,0.7724728414984052,11635.1070917,5,0
Southeast|55-64|male|secondary|Q5|unemployed,7.405480619323652e-07,0.27047128274748533,0.7295279767044528,38748.11427468,19,0
Southeast|55-64|male|tertiary|Q1|informal,6.510471730697123e-06,0.9999826386786168,1.085084965236242e-05,4407.40166369,3,0
Southeast|55-64|male|tertiary|Q2|informal,0.22779937072901613,0.6304851105881483,0.1417155186828356,15235.92871179,9,0
Southeast|55-64|male|tertiary|Q2|self_employed,7.63190364629791e-05,0.9997964818258205,0.0001271991377165965,375.88633728,1,0
Southeast|55-64|male|tertiary|Q2|unemployed,1.5183853782616812e-05,0.9999595095753031,2.5306570914330295e-05,1889.7308292,1,0
Southeast|55-64|male|tertiary|Q3|informal,0.08275781858458398,0.8782015300753309,0.039040651340085275,19345.17281599,8,0
Southeast|55-64|male|tertiary|Q3|self_employed,2.3457855815489445e-05,0.9999374454892647,3.909665491987571e-05,1223.15395851,1,0
Southeast|55-64|male|tertiary|Q3|unemployed,4.736681187290461e-06,0.06485954702799974,0.9351357162908129,6057.92118611,2,0
Southeast|55-64|male|tertiary|Q4|informal,0.02217448190123967,0.5333921936314115,0.44443332446734873,103251.34477477,43,0
Southeast|55-64|male|tertiary|Q4|self_employed,5.487795961805764e-06,4.490452718192337e-06,0.99999002175132,5228.75967047,1,0
Southeast|55-64|male|tertiary|Q4|unemployed,1.1470555054997669e-06,0.662427992006142,0.3375708609383528,25016.05209279,5,0
Southeast|55-64|male|tertiary|Q5|informal,0.01629038694854516,0.306618479333377,0.6770911337180778,507469.48544243,169,0
Southeast|55-64|male|tertiary|Q5|self_employed,7.774473513862937e-07,0.21047430035566486,0.7895249221969839,36909.04237895,13,0
Southeast|55-64|male|tertiary|Q5|unemployed,4.747024414855861e-07,0.24546606342037872,0.7545334618771797,60448.11445336,33,0
Southeast|65+|female|no_education|Q1|inactive,0.608272533845192,2.2738420088765966e-06,0.39172519231279906,10326.01194122,6,0
Southeast|65+|female|no_education|Q1|informal,0.33572296325400436,0.6642740407667607,2.995979234861998e-06,15963.00726681,8,0
Southeast|65+|female|no_education|Q2|formal,0.9997463561560261,8.35220102829398e-05,0.00017012183369076453,281.02286858,1,0
Southeast|65+|female|no_education|Q2|inactive,0.9235125180384665,5.127741421637039e-07,0.0764869691873912,45789.937347110004,32,0
Southeast|65+|female|no_education|Q2|informal,0.9088118425811298,0.06395599556299068,0.027232161855879494,52188.00419126,33,0
Southeast|65+|female|no_education|Q3|formal,5.088233098334747e-06,4.163505769207785e-06,0.9999907482611324,5639.36549419,1,0
Southeast|65+|female|no_education|Q3|inactive,0.44991281505199354,0.07121365420086605,0.4788735307471404,103962.0286962,68,0
Southeast|65+|female|no_education|Q3|informal,0.4513318419598728,0.0810255842246579,0.4676425738154694,49385.99025974,29,0
Southeast|65+|female|no_education|Q4|inactive,0.45596978871441574,0.2641015673728347,0.2799286439127496,44222.444386870004,32,0
Southeast|65+|female|no_education|Q4|informal,0.32746407228598656,0.23241024841582852,0.44012567929818497,41162.78786943,17,0
Southeast|65+|female|no_education|Q5|formal,0.8405750192517819,4.844349054467241e-06,0.15942013639916355,4846.7735131,2,0
Southeast|65+|female|no_education|Q5|inactive,0.18019761794685948,0.41035366451684174,0.40944871753629875,19216.68163818,14,0
Southeast|65+|female|no_education|Q5|informal,5.852519855213921e-06,4.788892275701949e-06,0.9999893585878691,4902.90173162,7,0
Southeast|65+|female|primary|Q1|inactive,0.8024859510649308,0.04344260645809529,0.15407144247697388,44116.07187808,24,0
Southeast|65+|female|primary|Q1|informal,0.9611157010663594,0.038882615020436676,1.683913204079087e-06,28401.08943149,11,0
Southeast|65+|female|primary|Q2|formal,0.6757422655843209,0.1915486405934494,0.13270909382222965,12315.70691175,7,0
Southeast|65+|female|primary|Q2|inactive,0.6497367620514521,0.13039773321981646,0.21986550472873134,155781.10065986,89,0
Southeast|65+|female|primary|Q2|informal,0.3009807280682304,0.4521534288129155,0.24686584311885412,137283.77362658,65,0
Southeast|65+|female|primary|Q3|formal,0.6924795082980351,0.14728560021512302,0.160234891486842,52389.869597209996,17,0
Southeast|65+|female|primary|Q3|inactive,0.3832321771564629,0.1538540073163586,0.46291381552717853,336696.25692108,169,0
Southeast|65+|female|primary|Q3|informal,0.2818278021646155,0.4484710769027536,0.2697011209326309,158057.48276895,91,0
Southeast|65+|female|primary|Q4|formal,0.7362965587696721,0.15460112688319289,0.109102314347135,26705.16173109,7,0
Southeast|65+|female|primary|Q4|inactive,0.3281987281694411,0.1281093977758736,0.5436918740546854,345780.96987214,162,0
Southeast|65+|female|primary|Q4|informal,0.21599156219362883,0.27982901175358016,0.5041794260527909,196604.54335508,94,0
Southeast|65+|female|primary|Q5|formal,2.5422089946596034e-06,0.09235015690036355,0.9076473008906417,11287.29416969,4,0
Southeast|65+|female|primary|Q5|inactive,0.17109701086796314,0.11882590697694824,0.7100770821550887,135820.73158623,61,0
Southeast|65+|female|primary|Q5|informal,0.10168496825928458,0.30648659863304173,0.5918284331076736,112238.79945457,56,0
Southeast|65+|female|secondary|Q1|inactive,0.9999538543939787,1.5195219092472344e-05,3.0950386928992895e-05,1545.11938627,1,0
Southeast|65+|female|secondary|Q1|informal,0.9999658520465987,1.1244529614640034e-05,2.2903423786764447e-05,2088.02177343,1,0
Southeast|65+|female|secondary|Q2|inactive,0.40646329214725396,0.3975892124175495,0.19594749543519663,17363.40235981,10,0
Southeast|65+|female|secondary|Q2|informal,0.09865470119371941,0.7258410851788375,0.175504213627443,8093.02268857,6,0
Southeast|65+|female|secondary|Q3|formal,1.531790811676022e-05,0.9999591520957726,2.5529996110722616e-05,1873.19201649,2,0
Southeast|65+|female|secondary|Q3|inactive,0.30927317748135735,0.4524543467425984,0.2382724757760444,42353.69278177,15,0
Southeast|65+|female|secondary|Q3|informal,0.3185696917824379,0.3901182434538948,0.29131206476366744,30539.45198682,14,0
Southeast|65+|female|secondary|Q4|formal,0.46090140028036836,0.5390857936999617,1.2806019670037858e-05,3734.48257347,2,0
Southeast|65+|female|secondary|Q4|inactive,0.16107420064844655,0.3800410516635032,0.45888474768805027,87975.03036326,30,0
Southeast|65+|female|secondary|Q4|informal,0.1723438781800798,0.4498146045611053,0.3778415172588149,70719.21909731,32,0
Southeast|65+|female|secondary|Q4|self_employed,1.5206588720970755e-05,1.2442967656189425e-05,0.9999723504436229,1886.90539687,1,0
Southeast|65+|female|secondary|Q5|inactive,0.06197185767268704,0.28842481097977474,0.6496033313475382,122080.305249,44,0
Southeast|65+|female|secondary|Q5|informal,0.020570380546884176,0.28904481080159933,0.6903848086515165,78158.43707618999,29,0
Southeast|65+|female|secondary|Q5|self_employed,7.524491642072929e-05,6.157002589440992e-05,0.9998631850576848,381.25353655,1,0
Southeast|65+|female|tertiary|Q1|inactive,1.4811447860930683e-05,1.2119639062818774e-05,0.9999730689130762,1937.24706113,1,0
Southeast|65+|female|tertiary|Q2|inactive,0.28136220885780727,0.5695389151895822,0.14909887595261045,10599.46676528,7,0
Southeast|65+|female|tertiary|Q3|inactive,0.8360535887793064,4.101858658234846e-06,0.1639423093620353,5724.121402209999,4,0
Southeast|65+|female|tertiary|Q3|informal,0.830385021645784,0.12581358961655006,0.0438013887376658,11003.86889753,5,0
Southeast|65+|female|tertiary|Q4|inactive,0.020792153537960774,0.5948032571560339,0.3844045893060055,29423.62636091,10,0
Southeast|65+|female|tertiary|Q4|informal,0.012404918001000438,0.5197760220234999,0.4678190599754998,32201.98493702,15,0
Southeast|65+|female|tertiary|Q5|inactive,0.037077391212759166,0.25795707801309964,0.7049655307741411,155177.92040169,63,0
Southeast|65+|female|tertiary|Q5|informal,2.192736385024234e-07,0.2512665047237187,0.7487332760026427,130863.39631644,50,0
Southeast|65+|female|tertiary|Q5|self_employed,4.190923526633683e-05,3.429271801081318e-05,0.9999237980467227,684.59192535,1,0
Southeast|65+|male|no_education|Q1|formal,4.858534512242271e-06,0.9999870438606283,8.09760485935016e-06,5905.98441952,1,0
Southeast|65+|male|no_education|Q1|inactive,0.6347398441840966,0.05010094759922418,0.31515920821667937,15527.25472331,10,0
Southeast|65+|male|no_education|Q1|informal,0.9128906004785237,6.302887301039679e-06,0.08710309663417533,3725.16843633,4,0
Southeast|65+|male|no_education|Q2|inactive,0.5328280369612424,0.0713319891930328,0.3958399738457247,40298.24415676,30,0
Southeast|65+|male|no_education|Q2|informal,0.556461985112271,0.26896249040564335,0.1745755244820856,37979.57341807,24,0
Southeast|65+|male|no_education|Q3|formal,0.9999729485274438,8.907739819798767e-06,1.8143732736446628e-05,2635.80401104,1,0
Southeast|65+|male|no_education|Q3|inactive,0.5264945103778456,0.13220276573480907,0.34130272388734534,84463.74595566,71,0
Southeast|65+|male|no_education|Q3|informal,0.322612303018213,0.5690765078939969,0.10831118908779029,55565.51195381,33,0
Southeast|65+|male|no_education|Q4|formal,1.6059133001782707e-05,1.3140571905654203e-05,0.9999708002950926,1786.72840358,2,0
Southeast|65+|male|no_education|Q4|inactive,0.5024981531545581,0.042680182754046565,0.45482166409139535,21412.127950230002,15,0
Southeast|65+|male|no_education|Q4|informal,0.2919223663984826,0.23071013616037167,0.47736749744114576,31006.516270879998,23,0
Southeast|65+|male|no_education|Q5|inactive,1.3497179774815618e-06,1.1044223952489692e-06,0.9999975458596273,21259.83389967,10,0
Southeast|65+|male|no_education|Q5|informal,1.778992917537796e-06,1.4556815956353259e-06,0.9999967653254869,16129.764656329999,9,0
Southeast|65+|male|primary|Q1|formal,1.1410092253410063e-05,0.9999695729761505,1.9016931596150342e-05,2514.77142673,2,0
Southeast|65+|male|primary|Q1|inactive,0.38202963983398425,0.20086762499432648,0.4171027351716894,32789.0496593,24,0
Southeast|65+|male|primary|Q1|informal,0.7745533918530627,0.184563041568077,0.0408835665788603,37794.23500322,23,0
Southeast|65+|male|primary|Q2|formal,0.9997355964766322,8.706504936837752e-05,0.00017733847399923938,269.58280947,1,0
Southeast|65+|male|primary|Q2|inactive,0.331424899135604,0.15475065763783338,0.5138244432265625,190532.67027366,115,0
Southeast|65+|male|primary|Q2|informal,0.2899769646790027,0.5824800867751784,0.1275429485458189,162938.36774118,105,0
Southeast|65+|male|primary|Q3|formal,0.4589704364828144,0.09621460284586153,0.44481496067132403,8085.31699843,3,0
Southeast|65+|male|primary|Q3|inactive,0.30287486426501786,0.252738631614449,0.4443865041205332,350012.39319635,198,0
Southeast|65+|male|primary|Q3|informal,0.2517633178511987,0.4543851917849678,0.29385149036383373,265347.84699913,151,0
Southeast|65+|male|primary|Q4|formal,0.010712226052590687,0.59883903496593,0.3904487389814792,11645.1300682,7,0
Southeast|65+|male|primary|Q4|inactive,0.15471171785762772,0.2316659297241848,0.6136223524181875,251940.90325739,119,0
Southeast|65+|male|primary|Q4|informal,0.12204176041421302,0.40794531876601436,0.4700129208197727,316079.49660112,163,0
Southeast|65+|male|primary|Q4|self_employed,0.5840856220063548,2.715291151634302e-06,0.4159116627024934,8647.20366251,3,0
Southeast|65+|male|primary|Q5|formal,5.864325279651632e-06,4.798552201221173e-06,0.9999893371225191,4893.03153962,3,0
Southeast|65+|male|primary|Q5|inactive,0.0739138151545178,0.33672226404602534,0.5893639207994569,137492.96693762,81,0
Southeast|65+|male|primary|Q5|informal,0.02555795477221612,0.25240750361209874,0.7220345416156851,215724.00960554,107,0
Southeast|65+|male|primary|Q5|self_employed,4.613240328970661e-06,0.10475597915555594,0.8952394076041151,6220.0214197000005,3,0
Southeast|65+|male|secondary|Q1|inactive,7.892997246512995e-06,6.458536575879967e-06,0.9999856484661777,3635.3903072000003,2,0
Southeast|65+|male|secondary|Q1|informal,7.5409314208141885e-06,0.9999798907760697,1.2568292509469024e-05,3805.12158115,2,0
Southeast|65+|male|secondary|Q2|inactive,0.30900194567333106,1.7548688017690063e-06,0.6909962994578671,13379.78748597,6,0
Southeast|65+|male|secondary|Q2|informal,0.19970499872435346,0.5642498291372465,0.2360451721384,16078.92012837,12,0
Southeast|65+|male|secondary|Q3|inactive,0.13014527433540618,0.2566465576409367,0.6132081680236571,29156.491482190002,13,0
Southeast|65+|male|secondary|Q3|informal,0.18885643735560986,0.5403157010213546,0.2708278616230357,21560.234668909998,16,0
Southeast|65+|male|secondary|Q4|inactive,0.14015111221177431,0.43795180867260053,0.4218970791156252,64678.89066279,27,0
Southeast|65+|male|secondary|Q4|informal,0.035642788477841976,0.51425333232015,0.450103879202008,74784.94021233,33,0
Southeast|65+|male|secondary|Q5|inactive,0.0026322957335185777,0.3950958579940181,0.6022718462724633,110460.56994392,43,0
Southeast|65+|male|secondary|Q5|informal,0.013711083959223937,0.364644664007292,0.6216442520334841,89423.23140409,37,0
Southeast|65+|male|tertiary|Q2|inactive,3.7355751021454745e-06,0.46335119564247507,0.5366450687824227,7681.42538761,4,0
Southeast|65+|male|tertiary|Q2|informal,0.06831739977259847,0.9316746991106026,7.901116798790443e-06,6052.85923515,2,0
Southeast|65+|male|tertiary|Q3|inactive,0.04641787175818742,0.16520422096622114,0.7883779072755914,13477.57741408,6,0
Southeast|65+|male|tertiary|Q3|informal,0.22792155128794356,0.7720761462331402,2.302478916280214e-06,20771.05128268,6,0
Southeast|65+|male|tertiary|Q4|inactive,0.011585468597336229,0.586359437608852,0.4020550937938119,25587.543119859998,12,0
Southeast|65+|male|tertiary|Q4|informal,6.24606366106049e-07,0.5510264851293456,0.4489728902642884,45940.69814355,17,0
Southeast|65+|male|tertiary|Q5|inactive,2.1266943164766673e-07,0.4116821584526425,0.5883176288779258,134927.21307052,54,0
Southeast|65+|male|tertiary|Q5|informal,0.016956476473550825,0.47481759885218494,0.5082259246742642,221869.73897116,82,0
Southeast|65+|male|tertiary|Q5|self_employed,3.892516661988428e-06,0.5253976801520281,0.47459842733130975,7371.7155826200005,3,0
South|15-24|female|no_education|Q1|unemployed,0.9999463003990725,1.7682663023069093e-05,3.601693790450884e-05,1327.75130213,1,0
South|15-24|female|no_education|Q2|informal,5.817282589726095e-05,4.760058974374287e-05,0.999894226584359,493.1700886,1,0
South|15-24|female|no_education|Q4|self_employed,2.4759913220980808e-05,2.02600862712787e-05,0.9999549800005078,1158.82631482,1,0
South|15-24|female|primary|Q1|formal,0.49125819220259737,0.5087197059849105,2.2101812492190763e-05,2163.75592413,2,0
South|15-24|female|primary|Q1|informal,0.8236411621075915,0.1763549788206184,3.859071790020473e-06,12392.81220726,12,0
South|15-24|female|primary|Q1|unemployed,0.9999918058300958,2.698246219095845e-06,5.495923685106979e-06,8701.82903603,2,0
South|15-24|female|primary|Q2|formal,0.8585684569217817,0.14141003985258976,2.1503225628560974e-05,2223.99133966,2,0
South|15-24|female|primary|Q2|informal,0.1254738401792339,0.08534703754754557,0.7891791222732205,8471.88067706,7,0
South|15-24|female|primary|Q3|informal,0.20584600968122532,1.928805175518394e-06,0.7941520615135992,12173.21196449,9,0
South|15-24|female|primary|Q4|informal,0.03047765584278054,4.575261361583493e-06,0.969517768895858,5131.83570043,4,0
South|15-24|female|primary|Q5|informal,4.641638498769093e-06,3.7980745564755736e-06,0.9999915602869447,6181.96587869,3,0
South|15-24|female|primary|Q5|unemployed,2.33769985930068e-05,1.912850033159838e-05,0.9999574945010754,1227.38499429,1,0
South|15-24|female|secondary|Q1|formal,0.9999929548865883,2.319875087836247e-06,4.725238323877356e-06,10121.11180292,3,0
South|15-24|female|secondary|Q1|informal,0.7093885656300306,0.07863463041960574,0.21197680395036353,9227.56233128,8,0
South|15-24|female|secondary|Q1|unemployed,0.9999797771045805,6.659167645126962e-06,1.3563727774337453e-05,3525.8582535799997,3,0
South|15-24|female|secondary|Q2|informal,0.32669081680002987,0.1466221317992553,0.5266870514007149,16108.739996889999,14,0
South|15-24|female|secondary|Q3|formal,0.3079633708183095,5.225608534753817e-06,0.6920314035731557,4493.14647343,2,0
South|15-24|female|secondary|Q3|informal,0.07397489664878787,0.36173685799494987,0.5642882453562623,12312.74290466,12,0
South|15-24|female|secondary|Q4|formal,1.2193519840270829e-05,9.977489085264632e-06,0.9999778289910746,2353.19218801,2,0
South|15-24|female|secondary|Q4|informal,0.1062796174799667,0.1298319382786901,0.7638884442413432,26942.99452793,17,0
South|15-24|female|secondary|Q4|unemployed,2.0181503658601952e-05,1.651374952562154e-05,0.9999633047468158,1421.74227052,1,0
South|15-24|female|secondary|Q5|formal,6.955705972040392e-06,5.6915871155708534e-06,0.9999873527069123,4125.2777977099995,3,0
South|15-24|female|secondary|Q5|informal,1.2862768374504293e-06,1.0525109463392907e-06,0.9999976612122163,22308.40634093,15,0
South|15-24|female|secondary|Q5|self_employed,8.088876249844427e-06,6.618816843052475e-06,0.9999852923069071,3547.35382401,1,0
South|15-24|female|secondary|Q5|unemployed,1.8823533040959993e-05,1.540257431180963e-05,0.9999657738926473,1524.31706464,1,0
South|15-24|female|tertiary|Q1|informal,3.909701510763224e-05,0.9998957409121061,6.516207278633457e-05,733.84132277,1,0
South|15-24|female|tertiary|Q2|formal,0.9999053611712929,3.1163481441563604e-05,6.347534726555561e-05,753.34428909,1,0
South|15-24|female|tertiary|Q2|informal,0.32821107412704387,0.4446378064295996,0.22715111944335645,4300.88545084,3,0
South|15-24|female|tertiary|Q3|informal,0.3583734546604436,0.2440190296989234,0.3976075156406331,2732.20319459,3,0
South|15-24|female|tertiary|Q3|self_employed,0.9999643379866139,1.1743092211846338e-05,2.3918921174327824e-05,1999.3688534100002,2,0
South|15-24|female|tertiary|Q4|formal,2.9302764495257113e-05,2.397732703512902e-05,0.9999467199084695,979.15624011,1,0
South|15-24|female|tertiary|Q4|informal,2.7659479778909837e-06,0.7280588277345961,0.271938406317426,10374.25093278,7,0
South|15-24|female|tertiary|Q4|self_employed,0.29038121872320904,6.682865715641965e-06,0.7096120984110754,3513.3548739099997,3,0
South|15-24|female|tertiary|Q4|unemployed,1.141292448214801e-05,0.999969565423513,1.9021652004975966e-05,2514.14733681,1,0
South|15-24|female|tertiary|Q5|formal,2.812365015428579e-05,2.3012503044892328e-05,0.9999488638468007,1020.2126133,1,0
South|15-24|female|tertiary|Q5|informal,0.06300152547323147,0.10421551453883891,0.8327829599879296,12904.06397902,9,0
South|15-24|female|tertiary|Q5|self_employed,1.3169796149028028e-05,1.077633850220305e-05,0.9999760538653489,2178.74275958,1,0
South|15-24|male|no_education|Q2|informal,1.9802697900364972e-05,0.9999471926126522,3.3004689447442684e-05,1448.94068773,1,0
South|15-24|male|primary|Q1|informal,0.8068456672426945,0.19314984199872667,4.490758578866337e-06,10649.57912555,9,0
South|15-24|male|primary|Q2|informal,0.3838640500293655,0.13259812427942033,0.4835378256912141,12219.85336301,11,0
South|15-24|male|primary|Q2|self_employed,0.9998373874763951,5.354643998403037e-05,0.00010906608362079147,438.39688471,1,0
South|15-24|male|primary|Q3|informal,0.21429436349133826,0.1513374525141862,0.6343681839944755,14380.29296395,11,0
South|15-24|male|primary|Q4|informal,0.06425562937806174,0.25032255725532104,0.6854218133666171,10424.171332150001,10,0
South|15-24|male|primary|Q5|informal,0.08935569328537397,1.7157697384805788e-06,0.9106425909448875,13684.68916122,7,0
South|15-24|male|secondary|Q1|informal,0.8352146840985615,0.1647784272260188,6.8886754196284956e-06,6942.47385955,3,0
South|15-24|male|secondary|Q1|unemployed,0.4877863184624068,0.5121961224347904,1.7559102802838195e-05,2723.56637591,2,0
South|15-24|male|secondary|Q2|informal,0.5478057494501788,0.3821638797920915,0.07003037075772968,13699.40486578,12,0
South|15-24|male|secondary|Q3|informal,0.22794795658455846,0.24297265626552253,0.5290793871499191,40617.08072577,20,0
South|15-24|male|secondary|Q4|informal,0.022558010932460328,0.2796156685419349,0.6978263205256049,29561.19073399,21,0
South|15-24|male|secondary|Q5|informal,1.7170361413538954e-06,0.04847338780631179,0.9515248951575469,16711.78759127,14,0
South|15-24|male|tertiary|Q1|unemployed,1.998017111076705e-05,0.9999467193490286,3.330047986064963e-05,1436.06963165,1,0
South|15-24|male|tertiary|Q2|informal,2.0005235516681853e-05,1.6369516073334917e-05,0.99996362524841,1434.27026575,1,0
South|15-24|male|tertiary|Q3|informal,0.4206887592971418,0.3028743389556076,0.27643690174725055,2901.29902006,3,0
South|15-24|male|tertiary|Q3|unemployed,0.9999766132155465,7.70100003614296e-06,1.5685784417342824e-05,3048.8478003,2,0
South|15-24|male|tertiary|Q4|informal,0.2740578752385358,0.3666399958065432,0.3593021289549209,13713.70594852,10,0
South|15-24|male|tertiary|Q4|self_employed,8.323200847116163e-06,0.36801518722818766,0.6319764895709653,3447.48170703,2,0
South|15-24|male|tertiary|Q5|informal,3.1004686135289295e-06,0.4020991860496735,0.597897713481713,9254.9251466,9,0
South|15-24|male|tertiary|Q5|self_employed,1.6101765644298684e-05,1.3175456560040408e-05,0.9999707227777956,1781.99741828,1,0
South|25-34|female|no_education|Q3|informal,0.9999507915232339,1.6203787318830154e-05,3.3004689447442684e-05,1448.94068773,1,0
South|25-34|female|no_education|Q5|informal,3.808604016528469e-05,3.116434426055259e-05,0.999930749615574,753.32342916,1,0
South|25-34|female|primary|Q1|formal,0.9223442094953468,0.07764843008744189,7.360417211206279e-06,6497.512366649999,7,0
South|25-34|female|primary|Q1|informal,0.5624012374186924,0.4043213022507544,0.033277460330553184,38131.7365357,30,0
South|25-34|female|primary|Q1|unemployed,0.6186714290586691,5.525565267348789e-06,0.3813230453760634,4249.22943224,3,0
South|25-34|female|primary|Q2|formal,0.5440226370488048,0.4559750689553535,2.293995841673776e-06,20847.861895320002,8,0
South|25-34|female|primary|Q2|informal,0.39256699663680594,0.22540320398754016,0.382029799375654,46002.7131735,37,0
South|25-34|female|primary|Q2|self_employed,4.467857258173866e-05,0.999880856704458,7.446472296020507e-05,642.15227724,1,0
South|25-34|female|primary|Q3|formal,6.136423304774449e-06,0.712399427009573,0.2875944365671222,4676.06289804,4,0
South|25-34|female|primary|Q3|informal,0.0944587690135904,0.33687683290950204,0.5686643980769075,30110.99143478,21,0
South|25-34|female|primary|Q4|formal,0.3402177673286134,4.267523530581773e-06,0.659777965147856,5501.90765199,3,0
South|25-34|female|primary|Q4|informal,0.0719873294446058,1.3504465161618032e-06,0.9280113201088781,17386.7026903,15,0
South|25-34|female|primary|Q5|formal,3.0775582228503565e-05,2.518247723380408e-05,0.9999440419405377,932.29227032,1,0
South|25-34|female|primary|Q5|informal,3.5545275651155293e-06,2.908533421751069e-06,0.9999935369390132,8072.67885986,8,0
South|25-34|female|secondary|Q1|formal,0.9999871949446362,4.216557946000851e-06,8.588497417710623e-06,5568.41048201,4,0
South|25-34|female|secondary|Q1|informal,0.07647524009440047,0.8060044690703659,0.11752029083523371,21954.36659118,17,0
South|25-34|female|secondary|Q1|unemployed,0.45416925965617855,6.064917238979473e-06,0.5458246754265825,3871.3373494499997,2,0
South|25-34|female|secondary|Q2|formal,0.2557376218251349,0.10861718289372711,0.6356451952811379,10594.3143397,9,0
South|25-34|female|secondary|Q2|informal,0.40383564817906,0.2767494356174305,0.3194149162035095,39682.29366424,32,0
South|25-34|female|secondary|Q2|self_employed,1.3713967713707284e-05,0.40967209524967985,0.5903141907826065,2092.28606824,2,0
South|25-34|female|secondary|Q2|unemployed,0.999932271872584,2.2302095985713322e-05,4.5426031430327845e-05,1052.71347257,1,0
South|25-34|female|secondary|Q3|formal,3.974770334423764e-05,3.252401943626633e-05,0.9999277282772194,721.8263648,1,0
South|25-34|female|secondary|Q3|informal,0.22583057930287395,0.2059860463089163,0.5681833743882098,45114.52916464,37,0
South|25-34|female|secondary|Q4|formal,4.366500038209979e-06,0.18016074285996642,0.8198348906399954,6571.50534372,4,0
South|25-34|female|secondary|Q4|informal,0.013461594975269204,0.1860345406893016,0.8005038643354292,88941.56302467,66,0
South|25-34|female|secondary|Q4|self_employed,7.2692340364235055e-06,0.3861585990345728,0.6138341317313908,3947.346848,3,0
South|25-34|female|secondary|Q5|formal,4.691212859210052e-06,3.838639352095544e-06,0.9999914701477887,6116.63693896,4,0
South|25-34|female|secondary|Q5|informal,0.014506644706899073,5.085190186016782e-07,0.9854928467740823,46173.09364942,34,0
South|25-34|female|secondary|Q5|self_employed,1.7937903951582154e-05,1.4677898033867557e-05,0.9999673841980146,1599.58049009,1,0
South|25-34|female|tertiary|Q1|informal,0.5338047312178438,0.4661774696443337,1.7799137822555052e-05,2686.83564666,2,0
South|25-34|female|tertiary|Q1|self_employed,2.0326462435289092e-05,0.9999457959021224,3.3877635442262734e-05,1411.60235971,1,0
South|25-34|female|tertiary|Q1|unemployed,0.9999343094562071,2.1631143055627687e-05,4.4059400737416056e-05,1085.36955008,1,0
South|25-34|female|tertiary|Q2|informal,0.09111907430628906,0.5508682815945426,0.35801264409916833,12690.54778279,10,0
South|25-34|female|tertiary|Q2|self_employed,1.2801068347057973e-05,0.9999658636930145,2.133523863848623e-05,2241.50313862,1,0
South|25-34|female|tertiary|Q2|unemployed,1.7939144012362682e-05,0.9999521621078443,2.989874814330572e-05,1599.46991062,2,0
South|25-34|female|tertiary|Q3|informal,0.2638598367865906,0.22564702281778687,0.5104931403956225,21307.780614670002,15,0
South|25-34|female|tertiary|Q3|self_employed,7.153015164773368e-06,0.9999809252231988,1.1921761636420358e-05,4011.4831329099998,2,0
South|25-34|female|tertiary|Q4|formal,1.6549653875782292e-05,1.3541946302098918e-05,0.9999699083998221,1733.76798297,1,0
South|25-34|female|tertiary|Q4|informal,0.08660782861136675,0.318011839379996,0.5953803320086373,51088.69005534,35,0
South|25-34|female|tertiary|Q4|self_employed,6.1200574607285054e-06,0.9999836797871406,1.0200155398428121e-05,4688.56757683,2,0
South|25-34|female|tertiary|Q5|informal,0.01713475825123183,0.11511795827662435,0.8677472834721437,98430.91963074,62,0
South|25-34|female|tertiary|Q5|self_employed,2.4559285854463032e-06,0.11582372846372738,0.8841738156076873,11683.83704707,7,0
South|25-34|female|tertiary|Q5|unemployed,1.1997532012983273e-05,0.9999680064644013,1.999600358580266e-05,2391.63481291,1,0
South|25-34|male|no_education|Q1|informal,4.252767116094526e-06,0.9999886592462537,7.087986630165648e-06,6747.25159512,1,0
South|25-34|male|no_education|Q2|informal,0.4355019184070413,0.5644831753272052,1.4906265753668789e-05,3208.29160428,2,0
South|25-34|male|no_education|Q3|informal,1.977292914020434e-05,0.9999472719963026,3.2955074557124186e-05,1451.12226358,1,0
South|25-34|male|no_education|Q4|informal,1.058958353902642e-05,8.66504959701508e-06,0.9999807453668641,2709.63026264,2,0
South|25-34|male|primary|Q1|formal,0.9999163872970566,2.7532704620869935e-05,5.607999832261359e-05,852.70205645,1,0
South|25-34|male|primary|Q1|informal,0.5709698455244626,0.3985789683217083,0.0304511861538291,45885.791663770004,43,0
South|25-34|male|primary|Q1|self_employed,6.543926760946471e-05,0.9998254946487698,0.00010906608362079147,438.39688471,1,0
South|25-34|male|primary|Q1|unemployed,0.9999729839088759,8.89608911978837e-06,1.812000200435774e-05,2639.2561040299997,2,0
South|25-34|male|primary|Q2|informal,0.21047711148450463,0.3964609268244981,0.3930619616909973,49573.77416495,52,0
South|25-34|male|primary|Q3|formal,2.8116976045181303e-05,2.3007041877680877e-05,0.999948875982077,1020.45480427,1,0
South|25-34|male|primary|Q3|informal,0.07120262512344717,0.24071459054937658,0.6880827843271763,52521.75284491,47,0
South|25-34|male|primary|Q4|informal,0.02654974670686721,0.2033111350676426,0.7701391182254903,42942.67956784,38,0
South|25-34|male|primary|Q5|formal,8.9025894393254e-05,7.284647101495877e-05,0.9998381276345918,322.22099638,1,0
South|25-34|male|primary|Q5|informal,1.5976404080995738e-06,0.15499312831280074,0.8450052740467913,17960.70947814,20,0
South|25-34|male|secondary|Q1|informal,0.6829519073049429,0.3170464058482387,1.6868468185141777e-06,28351.69660081,22,0
South|25-34|male|secondary|Q2|informal,0.2759628558315216,0.55636225730249,0.16767488686598847,57044.39272581,47,0
South|25-34|male|secondary|Q2|self_employed,2.9711641326615797e-05,0.9999207686669681,4.9519691705274416e-05,965.68020275,1,0
South|25-34|male|secondary|Q3|informal,0.11463836883552102,0.39038124883785474,0.49498038232662417,84716.02176015,66,0
South|25-34|male|secondary|Q3|unemployed,3.417315662434208e-05,0.9999088712493702,5.695559400542298e-05,839.59167086,1,0
South|25-34|male|secondary|Q4|informal,0.030516663800454227,0.20138268595079176,0.768100650248754,123796.03427988,92,0
South|25-34|male|secondary|Q4|unemployed,3.1707623210436e-05,0.9999154460291635,5.2846347626081724e-05,904.88473487,1,0
South|25-34|male|secondary|Q5|informal,0.014602459590785133,0.13379659016474338,0.8516009502444715,160075.85868165,106,0
South|25-34|male|secondary|Q5|unemployed,1.6101765644298684e-05,1.3175456560040408e-05,0.9999707227777956,1781.99741828,1,0
South|25-34|male|tertiary|Q1|informal,4.470827506290531e-06,0.9999880777497551,7.451422738488781e-06,6418.15589202,3,0
South|25-34|male|tertiary|Q2|informal,0.2968934413950575,0.7030966999148022,9.85869014029759e-06,4850.96410838,4,0
South|25-34|male|tertiary|Q2|unemployed,1.8228260256640544e-05,0.9999513911283759,3.038061136742863e-05,1574.09932459,1,0
South|25-34|male|tertiary|Q3|informal,0.15208319269651838,0.6927608125200819,0.15515599478339975,17101.90354174,12,0
South|25-34|male|tertiary|Q3|self_employed,2.5166756542851755e-05,2.05929905398209e-05,0.9999542402529173,1140.0912255,1,0
South|25-34|male|tertiary|Q3|unemployed,0.9999751702709193,8.176145161335712e-06,1.6653583919452383e-05,2871.6625062900002,2,0
South|25-34|male|tertiary|Q4|informal,0.05689245267163502,0.17330356910858044,0.7698039782197846,58121.94321266,39,0
South|25-34|male|tertiary|Q4|self_employed,2.0326462435289092e-05,0.9999457959021224,3.3877635442262734e-05,1411.60235971,1,0
South|25-34|male|tertiary|Q4|unemployed,9.1215034690879e-05,0.9997567590187407,0.00015202594656835557,314.48536503,1,0
South|25-34|male|tertiary|Q5|informal,0.0020708431943552478,0.2578116843301178,0.7401174724755268,156570.76936316,101,0
South|25-34|male|tertiary|Q5|self_employed,3.6739642336083853e-06,0.475481722359521,0.5245146036762454,7810.2414077799995,4,0
South|35-44|female|no_education|Q1|informal,0.999923036612835,2.5343161156605043e-05,5.162022600841132e-05,926.38059866,1,0
South|35-44|female|no_education|Q1|unemployed,0.999968085244632,1.0509163101557964e-05,2.1405592266468073e-05,2234.13567542,1,0
South|35-44|female|no_education|Q2|informal,3.054953128642921e-05,2.4997508427683653e-05,0.9999444529602858,939.19149732,1,0
South|35-44|female|no_education|Q3|informal,2.3464930864120412e-05,1.9200451932675953e-05,0.9999573346172033,1222.78512805,1,0
South|35-44|female|no_education|Q5|informal,1.8228260256640544e-05,1.4915485449356073e-05,0.999966856254294,1574.09932459,1,0
South|35-44|female|primary|Q1|formal,0.8387960941857173,0.16120232140216864,1.5844121142104912e-06,30184.68429084,22,0
South|35-44|female|primary|Q1|informal,0.6505555160587415,0.30286877199786655,0.04657571194339198,40222.69086694,33,0
South|35-44|female|primary|Q1|unemployed,0.7764949949983316,0.18929369729757248,0.03421130770409595,12063.21818057,8,0
South|35-44|female|primary|Q2|formal,0.4003243848721459,0.4484791007809604,0.15119651434689368,19532.82940287,18,0
South|35-44|female|primary|Q2|informal,0.24009888665773893,0.3821103159338821,0.37779079740837895,40658.503671290004,36,0
South|35-44|female|primary|Q2|unemployed,0.2960083492612981,0.45311921321379584,0.2508724375249061,3464.1380962699996,4,0
South|35-44|female|primary|Q3|formal,0.22927182972460458,0.2335879094491585,0.5371402608262369,23850.52848272,19,0
South|35-44|female|primary|Q3|informal,0.10767187818069775,0.3795498680391136,0.5127782537801888,60543.35649265,41,0
South|35-44|female|primary|Q3|unemployed,0.9999499839450792,1.6469713547832953e-05,3.354634137309882e-05,1425.5439283,1,0
South|35-44|female|primary|Q4|formal,2.84381526930008e-06,0.16565565845537217,0.8343414977293585,10090.18796428,8,0
South|35-44|female|primary|Q4|informal,0.03982571248952793,0.10191377121192825,0.8582605162985438,39030.13059421,31,0
South|35-44|female|primary|Q5|formal,1.1647963629907435e-05,9.531081386289813e-06,0.9999788209549839,2463.41344288,2,0
South|35-44|female|primary|Q5|informal,1.708208162412827e-06,0.15193721802172522,0.8480610737701125,16798.15422677,19,0
South|35-44|female|primary|Q5|unemployed,1.6650283717419443e-05,1.362428783758161e-05,0.999969725428445,1723.28895069,2,0
South|35-44|female|secondary|Q1|formal,0.24560477971937172,0.7543887087717042,6.511508924090548e-06,7344.60895345,3,0
South|35-44|female|secondary|Q1|informal,0.5210784063916372,0.4789187560805572,2.837527805811971e-06,16854.40898394,13,0
South|35-44|female|secondary|Q1|unemployed,0.6771108252178527,3.2999630847986226e-06,0.32288587481906245,7115.1150848199995,6,0
South|35-44|female|secondary|Q2|formal,0.523416633983439,0.25770588318471105,0.21887748283185,10349.24398861,6,0
South|35-44|female|secondary|Q2|informal,0.3104168974974526,0.20643174169091108,0.48315136081163623,37382.20173343,36,0
South|35-44|female|secondary|Q2|self_employed,1.828369570525686e-05,1.4960846148379113e-05,0.9999667554581464,1569.32641395,1,0
South|35-44|female|secondary|Q2|unemployed,1.0142582859439457e-05,0.5108771652233284,0.48911269219381226,2829.0526312499996,2,0
South|35-44|female|secondary|Q3|formal,0.18333222876414454,5.142461613348424e-06,0.8166626287742421,4565.79642971,4,0
South|35-44|female|secondary|Q3|informal,0.06419825906741676,0.41520986901361695,0.5205918719189665,41766.59695948,32,0
South|35-44|female|secondary|Q3|self_employed,5.847043421436518e-06,0.17901749739032072,0.8209766555662579,4907.49396095,4,0
South|35-44|female|secondary|Q3|unemployed,0.9999355223194292,2.1231761099747402e-05,4.3245919471254096e-05,1105.78787289,1,0
South|35-44|female|secondary|Q4|formal,4.014829449302864e-06,0.2174297880566033,0.7825661971139474,7147.131369799999,2,0
South|35-44|female|secondary|Q4|informal,0.009522881338478626,0.22832839340309116,0.7621487252584301,80575.91475769,58,0
South|35-44|female|secondary|Q4|self_employed,5.1349982689597426e-06,0.19210255718124458,0.8078923078204864,5588.00606771,4,0
South|35-44|female|secondary|Q5|formal,1.024896235096335e-05,8.386332357807007e-06,0.9999813647052913,2799.68733474,2,0
South|35-44|female|secondary|Q5|informal,4.815930601564118e-07,0.2735239544154977,0.7264755639914422,59583.22326287,38,0
South|35-44|female|secondary|Q5|unemployed,1.754427955091117e-05,1.4355810300970464e-05,0.9999680999101481,1635.4710077,1,0
South|35-44|female|tertiary|Q1|unemployed,0.9999527523380929,1.5558113462694392e-05,3.168954844449152e-05,1509.07700765,1,0
South|35-44|female|tertiary|Q2|informal,0.5146520758335453,0.18852445616924654,0.29682346799720816,15470.65529537,10,0
South|35-44|female|tertiary|Q3|informal,0.1193158671676459,0.44488575627501054,0.4357983765573436,32171.79514276,18,0
South|35-44|female|tertiary|Q4|formal,1.2928422856901201e-05,1.0578832005373804e-05,0.9999764927451379,2219.42169279,1,0
South|35-44|female|tertiary|Q4|informal,0.0512859699754183,0.3454481789468344,0.6032658510777474,54467.16749604,42,0
South|35-44|female|tertiary|Q4|self_employed,7.863970687038446e-06,0.917888648019864,0.08210348800944897,3648.80919949,3,0
South|35-44|female|tertiary|Q4|unemployed,2.6407213539254858e-05,0.9999295805065976,4.401227986310629e-05,1086.53168652,1,0
South|35-44|female|tertiary|Q5|informal,0.01267111912133659,0.1570389515803218,0.8302899292983416,127203.96759975,88,0
South|35-44|female|tertiary|Q5|self_employed,2.410320842543757e-06,0.32252927386916935,0.677468315809988,11904.91881657,7,0
South|35-44|male|no_education|Q1|informal,0.47293213329984995,0.2414579196318473,0.2856099470683027,3150.66373675,4,0
South|35-44|male|no_education|Q1|unemployed,0.9999286371025297,2.3498984098977354e-05,4.786391337140401e-05,999.08988078,1,0
South|35-44|male|no_education|Q3|informal,1.5774504930010592e-05,1.2907671683514317e-05,0.9999713178233866,1818.9691316,1,0
South|35-44|male|no_education|Q4|informal,3.304524341142657e-05,2.7039653830595517e-05,0.9999399151027579,868.25235641,1,0
South|35-44|male|no_education|Q5|informal,4.3026330670354336e-05,3.5206794286309394e-05,0.9999217668750432,666.81522464,1,0
South|35-44|male|primary|Q1|formal,0.999959771909623,1.3246649023680688e-05,2.6981441353391888e-05,1772.41975789,1,0
South|35-44|male|primary|Q1|informal,0.3050211014489126,0.5331244565901685,0.1618544419609189,72301.96946,70,0
South|35-44|male|primary|Q1|self_employed,4.514527611575573e-05,0.9998796121571534,7.524256673087499e-05,635.51279171,1,0
South|35-44|male|primary|Q1|unemployed,0.7082070374684251,0.29178424813875614,8.714392818805558e-06,5487.9631260999995,5,0
South|35-44|male|primary|Q2|informal,0.1665321322118225,0.5507399423507092,0.2827279254374682,111280.51963029,97,0
South|35-44|male|primary|Q3|informal,0.15391769985695833,0.40614447984913427,0.4399378202939074,105051.06901605,91,0
South|35-44|male|primary|Q3|self_employed,1.8836307224329158e-05,0.999949769663871,3.139402890472551e-05,1523.28325356,1,0
South|35-44|male|primary|Q3|unemployed,1.3498195274041078e-05,0.5220050488990173,0.47798145290570865,2125.73344676,2,0
South|35-44|male|primary|Q4|formal,0.0001250359492576589,0.9996665695836966,0.0002083944670457845,229.39331896,1,0
South|35-44|male|primary|Q4|informal,0.12167919111430009,0.2569729437477456,0.6213478651379543,99998.02676175,89,0
South|35-44|male|primary|Q4|self_employed,2.3230660312463344e-05,1.900875733564601e-05,0.999957760582352,1235.11736354,1,0
South|35-44|male|primary|Q4|unemployed,4.0703526749309596e-05,3.3306133027458396e-05,0.9999259903402231,704.8736786,1,0
South|35-44|male|primary|Q5|formal,1.7876771736926093e-05,1.462787588993546e-05,0.9999674953523732,1605.05082962,1,0
South|35-44|male|primary|Q5|informal,0.022172976954990493,0.03913505364411036,0.938691969400899,93018.1816715,80,0
South|35-44|male|primary|Q5|self_employed,2.3464930864120412e-05,1.9200451932675953e-05,0.9999573346172033,1222.78512805,1,0
South|35-44|male|primary|Q5|unemployed,2.2006812618307255e-05,1.800732976014477e-05,0.9999599858576216,1303.81054271,1,0
South|35-44|male|secondary|Q1|informal,0.12447924257851815,0.7869277756849782,0.08859298173650369,18818.78696541,17,0
South|35-44|male|secondary|Q1|unemployed,2.6065607565371293e-05,0.9999304914591898,4.3442933244875525e-05,1100.77266957,1,0
South|35-44|male|secondary|Q2|informal,0.17236644556058703,0.5455552903804531,0.28207826405896,34445.75145418,33,0
South|35-44|male|secondary|Q2|unemployed,1.22577147742161e-05,0.9999673126411696,2.0429644056271555e-05,2340.86775076,1,0
South|35-44|male|secondary|Q3|informal,0.13252483362420706,0.5837008042152282,0.28377436216056484,89120.24242892,64,0
South|35-44|male|secondary|Q3|self_employed,1.7411968433620497e-05,1.424754519410059e-05,0.9999683404863723,1647.89948345,1,0
South|35-44|male|secondary|Q3|unemployed,6.73556404912458e-06,5.511453432936612e-06,0.9999877529825179,4260.10965359,1,0
South|35-44|male|secondary|Q4|informal,0.02583475500874689,0.2349452887753423,0.7392199562159107,132061.5718796,89,0
South|35-44|male|secondary|Q4|self_employed,2.560824362517263e-05,2.095424246730733e-05,0.9999534375139075,1120.43428593,1,0
South|35-44|male|secondary|Q5|informal,1.9423127672874552e-07,0.19968853550930168,0.8003112702594216,147735.70994645,115,0
South|35-44|male|secondary|Q5|self_employed,8.856587111503932e-06,7.247005163011503e-06,0.9999838964077256,3239.8517583000003,2,0
South|35-44|male|secondary|Q5|unemployed,4.303308844674499e-05,3.521232391524851e-05,0.9999217545876379,666.71049444,1,0
South|35-44|male|tertiary|Q1|informal,9.749082918410307e-06,0.9999740023505612,1.624856652050275e-05,2943.2450535400003,2,0
South|35-44|male|tertiary|Q2|informal,0.1805499300566498,0.819442121579706,7.948363644167644e-06,6016.87909611,6,0
South|35-44|male|tertiary|Q3|informal,0.15042878768857176,0.41981856526699884,0.42975264704442934,21632.51299288,14,0
South|35-44|male|tertiary|Q4|informal,4.716097669874646e-07,0.29436550449134463,0.7056340238988884,60844.51559766,44,0
South|35-44|male|tertiary|Q5|informal,0.015611562407526291,0.2904595701187367,0.6939288674737372,145946.24942346,94,0
South|35-44|male|tertiary|Q5|self_employed,1.8516407973163787e-06,0.20372945425472633,0.7962686941044763,15496.920278470001,9,0
South|35-44|male|tertiary|Q5|unemployed,1.462811530169448e-05,1.1969625069097973e-05,0.9999734022596293,1961.52761864,1,0
South|45-54|female|no_education|Q1|formal,0.5475778768405923,6.767176525645415e-06,0.45241535598288196,3469.58148848,2,0
South|45-54|female|no_education|Q1|informal,4.120811031686593e-05,0.999890111304312,6.86805853711e-05,696.24144259,1,0
South|45-54|female|no_education|Q1|unemployed,0.9999521845920861,1.5745065714615714e-05,3.207034219935604e-05,1491.15748637,1,0
South|45-54|female|no_education|Q3|informal,0.9999240863084368,2.4997508427683653e-05,5.0916183135579094e-05,939.19149732,1,0
South|45-54|female|no_education|Q3|unemployed,0.4163992114238089,0.5835829054752739,1.7883100917194626e-05,2674.22019294,2,0
South|45-54|female|no_education|Q4|unemployed,1.098679840542629e-05,8.990075270153405e-06,0.9999800231263245,2611.66312931,1,0
South|45-54|female|no_education|Q5|informal,0.9999421170148121,1.9060203505609286e-05,3.882278168244371e-05,1231.78333815,1,0
South|45-54|female|primary|Q1|formal,0.6441949075190906,0.26254861002531477,0.0932564824555947,12087.84954211,11,0
South|45-54|female|primary|Q1|informal,0.5002111205083101,0.42470218088837625,0.07508669860331371,38455.61856079,37,0
South|45-54|female|primary|Q1|unemployed,0.7181994457043195,0.13344801921406432,0.1483525350816162,12581.81766289,11,0
South|45-54|female|primary|Q2|formal,0.7007717836570284,0.1353716590675663,0.16385655727540543,17335.62081521,15,0
South|45-54|female|primary|Q2|informal,0.40001724736536043,0.36403973217981817,0.23594302045482152,46829.28919125,44,0
South|45-54|female|primary|Q2|self_employed,1.7599316857087364e-05,0.9999530683169028,2.9332366240087214e-05,1630.3561829,1,0
South|45-54|female|primary|Q2|unemployed,0.6969203226982607,1.1242788591863282e-06,0.3030785530228802,20884.351333810002,12,0
South|45-54|female|primary|Q3|formal,0.24594672903433762,0.4762256517651951,0.2778276192004674,25210.7809652,15,0
South|45-54|female|primary|Q3|informal,0.20004432112399453,0.35810702737530387,0.44184865150070146,78775.55490923,61,0
South|45-54|female|primary|Q3|unemployed,0.3673123595450464,0.0838366510531357,0.5488509894018178,11533.99479649,11,0
South|45-54|female|primary|Q4|formal,1.7567481976428638e-06,0.17520670492530935,0.824791538326493,16334.0081112,12,0
South|45-54|female|primary|Q4|informal,0.12043941656571835,0.18233285871582672,0.6972277247184548,79093.90232321,62,0
South|45-54|female|primary|Q4|unemployed,0.3614090959085883,5.934011255637376e-06,0.638584970080156,3956.7423632500004,4,0
South|45-54|female|primary|Q5|formal,2.255325524706766e-06,1.8454462781257663e-06,0.9999958992281972,12723.08105307,10,0
South|45-54|female|primary|Q5|informal,0.046348620779658886,0.07767468970846882,0.8759766895118724,54064.67367272,38,0
South|45-54|female|primary|Q5|unemployed,6.565564757994262e-06,5.372349540543405e-06,0.9999880620857015,4370.4173952500005,4,0
South|45-54|female|secondary|Q1|formal,0.9999541180112529,1.5108412945922237e-05,3.0773575801282886e-05,1553.99752198,1,0
South|45-54|female|secondary|Q1|informal,0.6052837547786813,0.36047600100320276,0.03424024421811601,20335.30600039,12,0
South|45-54|female|secondary|Q1|unemployed,0.912360183129205,0.08763540176339106,4.415107403893578e-06,10832.05729997,4,0
South|45-54|female|secondary|Q2|formal,0.6250683184543562,0.3749196082819408,1.2073263703055636e-05,3961.14354371,3,0
South|45-54|female|secondary|Q2|informal,0.28630977918450484,0.3804717962388587,0.33321842457663653,25326.10723689,16,0
South|45-54|female|secondary|Q2|unemployed,0.4037354367213134,0.36401957103212207,0.23224499224656453,7119.81909734,5,0
South|45-54|female|secondary|Q3|formal,2.793219479485557e-06,0.4563415217353109,0.5436556850452096,10272.961316949999,8,0
South|45-54|female|secondary|Q3|informal,0.1402640153643698,0.45255489641305013,0.40718108822258015,46361.98291287,32,0
South|45-54|female|secondary|Q3|self_employed,5.49365303694038e-05,0.9998535020504096,9.156141922100215e-05,522.22849056,1,0
South|45-54|female|secondary|Q3|unemployed,2.9672431683498636e-05,2.4279811500990875e-05,0.9999460477568154,966.95640072,1,0
South|45-54|female|secondary|Q4|formal,0.064578761404521,0.1612182427994304,0.7742029957960485,7537.64273783,5,0
South|45-54|female|secondary|Q4|informal,0.043601199743874684,0.3735244135849771,0.5828743866711481,68461.71191297,48,0
South|45-54|female|secondary|Q4|self_employed,2.0735917534412628e-05,0.9999447040178686,3.4560064596978816e-05,1383.72663496,1,0
South|45-54|female|secondary|Q4|unemployed,7.85439235872519e-06,0.9999790548771812,1.3090730460182098e-05,3653.2589963299997,3,0
South|45-54|female|secondary|Q5|formal,3.525852848765205e-06,2.8850700023974934e-06,0.9999935890771489,8138.332378,6,0
South|45-54|female|secondary|Q5|informal,0.013560830651150596,0.08411419625169839,0.9023249730971509,81204.72493464,61,0
South|45-54|female|secondary|Q5|self_employed,2.4429904377026456e-05,1.9990052705767874e-05,0.9999555800429173,1174.48155143,1,0
South|45-54|female|secondary|Q5|unemployed,6.071830774186739e-06,0.5526316817878657,0.4473622463813601,4725.80822301,2,0
South|45-54|female|tertiary|Q1|self_employed,0.9999373406672347,2.0633000011217952e-05,4.202633275419307e-05,1137.88027953,1,0
South|45-54|female|tertiary|Q2|informal,0.27554557376160604,0.5543264814756904,0.17012794476270351,6166.88930009,5,0
South|45-54|female|tertiary|Q2|self_employed,0.9999772861679149,7.47940453533293e-06,1.5234427549761227e-05,3139.18027417,1,0
South|45-54|female|tertiary|Q2|unemployed,1.3709282120541245e-05,1.1217779157808444e-05,0.9999750729387218,2093.00120925,1,0
South|45-54|female|tertiary|Q3|informal,0.40983118709514166,0.46318536984444875,0.12698344306040962,26607.030356440002,14,0
South|45-54|female|tertiary|Q3|self_employed,0.7365573107131417,0.2634150854808558,2.7603806002618106e-05,1732.45593416,2,0
South|45-54|female|tertiary|Q4|informal,7.796680701428709e-07,0.32640205058325505,0.6735971697486748,36803.914533,22,0
South|45-54|female|tertiary|Q4|self_employed,1.1818593025036901e-05,0.6306978932849215,0.3692902881220533,2427.8467889000003,3,0
South|45-54|female|tertiary|Q4|unemployed,2.7393370434645388e-05,0.999926950745268,4.5655884297339404e-05,1047.41312194,1,0
South|45-54|female|tertiary|Q5|informal,2.7532584540802406e-07,0.3410853640559269,0.6589143606182277,104221.55395308,67,0
South|45-54|female|tertiary|Q5|self_employed,4.249132253172838e-06,0.13437964875490102,0.8656161021128458,6753.02352611,4,0
South|45-54|female|tertiary|Q5|unemployed,0.13751070823898487,0.18781635912173675,0.6746729326392785,8803.93186442,7,0
South|45-54|male|no_education|Q1|informal,0.8847050148538795,0.11528846614519166,6.519000928675986e-06,7336.1679985,8,0
South|45-54|male|no_education|Q2|informal,0.08278508874380727,0.7661418991824186,0.15107301207377408,8175.8486471,8,0
South|45-54|male|no_education|Q3|informal,0.8204122695081629,1.9163165796235186e-05,0.17956856732604104,1225.1645189199999,2,0
South|45-54|male|no_education|Q3|self_employed,5.49365303694038e-05,4.495245337878262e-05,0.9999001110162516,522.22849056,1,0
South|45-54|male|no_education|Q3|unemployed,0.9999251747430072,2.463909940043099e-05,5.018615759236009e-05,952.85476262,1,0
South|45-54|male|no_education|Q4|informal,4.192392786350877e-05,3.430474039892076e-05,0.9999237713317375,684.35196924,1,0
South|45-54|male|no_education|Q5|informal,1.344024927422613e-05,0.9999641592043143,2.2400546411601565e-05,2134.89871907,2,0
South|45-54|male|primary|Q1|formal,0.9998990282342365,3.3248845019327844e-05,6.772292074420367e-05,706.08835351,1,0
South|45-54|male|primary|Q1|informal,0.5301774123600366,0.4483840445447403,0.021438543095222994,84847.87444763,81,0
South|45-54|male|primary|Q1|unemployed,0.5095050190220111,0.3462230809967148,0.1442718999812741,7889.0185069,7,0
South|45-54|male|primary|Q2|formal,8.9025894393254e-05,7.284647101495877e-05,0.9998381276345918,322.22099638,1,0
South|45-54|male|primary|Q2|informal,0.217285865739009,0.5839689188943616,0.1987452153666294,105096.12822832,104,0
South|45-54|male|primary|Q2|self_employed,2.2961086665186074e-05,0.9999387702118391,3.8268701495785424e-05,1249.6193797,1,0
South|45-54|male|primary|Q2|unemployed,6.121889756805183e-06,0.6566517962098005,0.3433420819004426,4687.16424754,6,0
South|45-54|male|primary|Q3|formal,2.1444264302934173e-05,0.9999428150862508,3.574064944626455e-05,1338.01608452,1,0
South|45-54|male|primary|Q3|informal,0.15254143607867107,0.45120385393805906,0.39625470998326984,134069.23807505,132,0
South|45-54|male|primary|Q3|unemployed,0.6853753588658551,0.2753914002880739,0.039233240846071035,12399.22392041,12,0
South|45-54|male|primary|Q4|informal,0.03535295447076658,0.30399114469325017,0.6606559008359832,139236.37038228,138,0
South|45-54|male|primary|Q4|self_employed,2.426099333169141e-05,0.5886784697537922,0.4112972692528762,1182.65927915,2,0
South|45-54|male|primary|Q4|unemployed,4.370476626387167e-06,0.8623475196490751,0.13764810987429846,6565.52600317,6,0
South|45-54|male|primary|Q5|formal,0.0002749468853475338,0.00022497847902149264,0.999500074635631,104.26530295,1,0
South|45-54|male|primary|Q5|informal,0.0212045957467682,0.19127439098679086,0.7875210132664409,164049.65672574,167,0
South|45-54|male|primary|Q5|self_employed,5.295735072492961e-05,0.9998587798820789,8.82627671961502e-05,541.74951837,1,0
South|45-54|male|primary|Q5|unemployed,0.2199968069276871,7.990330002715051e-06,0.7799952027423103,2938.44535574,3,0
South|45-54|male|secondary|Q1|informal,0.28070544642842493,0.7192890699103608,5.483661214194167e-06,8721.28814328,8,0
South|45-54|male|secondary|Q1|unemployed,0.5618429579239967,0.4381424929950404,1.4549080962929397e-05,3287.05868838,2,0
South|45-54|male|secondary|Q2|informal,0.15453713188820578,0.7508519655335673,0.09461090257822699,43474.13459085,26,0
South|45-54|male|secondary|Q2|self_employed,0.25430836574436533,0.7456773714503587,1.4262805276071299e-05,3353.0368457699997,3,0
South|45-54|male|secondary|Q3|informal,0.07234362138406032,0.5172229203524603,0.4104334582634794,58194.235048350005,48,0
South|45-54|male|secondary|Q3|self_employed,8.583771186957684e-06,0.11885960065071897,0.8811318155780942,3342.82636179,2,0
South|45-54|male|secondary|Q3|unemployed,1.0733984164834318e-05,0.9999713759376411,1.7890078194223967e-05,2673.17718616,2,0
South|45-54|male|secondary|Q4|informal,2.2962893925826322e-07,0.287023477385895,0.7129762929851656,124962.00223826,91,0
South|45-54|male|secondary|Q4|self_employed,1.1088652160022955e-05,9.073418286615735e-06,0.9999798379295535,2587.67302871,1,0
South|45-54|male|secondary|Q4|unemployed,0.22754713524776404,0.21819091384788014,0.5542619509043558,5904.824832,4,0
South|45-54|male|secondary|Q5|informal,1.6390667853564115e-07,0.11870694430508895,0.8812928917882323,175068.51368199,107,0
South|45-54|male|secondary|Q5|self_employed,5.542097656395234e-06,4.534885709828473e-06,0.9999899230166337,5177.5270942,3,0
South|45-54|male|secondary|Q5|unemployed,0.3165598880328691,4.756855476622403e-06,0.6834353551116542,4935.9228066000005,4,0
South|45-54|male|tertiary|Q1|informal,0.7272835173733759,0.27270322313924683,1.3259487377333532e-05,3606.76175372,2,0
South|45-54|male|tertiary|Q2|informal,0.10688767707895187,0.8199894926095033,0.07312283031154482,14427.17631826,12,0
South|45-54|male|tertiary|Q2|unemployed,1.7478488702552158e-05,0.9999533905264922,2.913098480524401e-05,1641.62746699,1,0
South|45-54|male|tertiary|Q3|informal,0.11102047465019473,0.7887424629781481,0.1002370623716572,14178.61815505,10,0
South|45-54|male|tertiary|Q3|unemployed,8.560008528666098e-06,0.9999771732271862,1.4266764285227944e-05,3352.1063545099996,2,0
South|45-54|male|tertiary|Q4|informal,0.029795918789698214,0.38883706735335,0.5813670138569519,53446.3795308,35,0
South|45-54|male|tertiary|Q4|self_employed,7.994820381806696e-06,0.4304965100060688,0.5694954951735494,3589.08820112,3,0
South|45-54|male|tertiary|Q5|informal,0.01589731412961718,0.33084693737727705,0.6532557484931057,143322.88673838,96,0
South|45-54|male|tertiary|Q5|self_employed,2.2937784961980976e-06,0.26069728320642754,0.7393004230150761,12509.78926438,9,0
South|45-54|male|tertiary|Q5|unemployed,2.4885988537489624e-06,2.036324886180761e-06,0.9999954750762601,11530.45059124,3,0
South|55-64|female|no_education|Q1|formal,0.7028201906600017,0.297144773073283,3.50362667153106e-05,1364.91809065,2,0
South|55-64|female|no_education|Q1|unemployed,0.9999623664885245,1.2392283933240454e-05,2.5241227542269614e-05,1894.62313956,1,0
South|55-64|female|no_education|Q2|formal,0.9997017745532436,9.820222103716677e-05,0.00020002322571923317,238.99792337,1,0
South|55-64|female|no_education|Q2|informal,0.7403026999954617,5.02371031295998e-06,0.25969227629422514,4673.72584934,4,0
South|55-64|female|no_education|Q2|unemployed,0.6950077676528048,3.912749078552606e-06,0.30498831959811645,6000.7824100200005,7,0
South|55-64|female|no_education|Q3|formal,8.93721842903384e-06,7.312982674109504e-06,0.9999837497988969,3210.62101038,2,0
South|55-64|female|no_education|Q3|informal,3.0885061269680505e-05,2.5272059729483513e-05,0.9999438428790007,928.98719636,1,0
South|55-64|female|no_education|Q3|unemployed,0.8465497255662369,3.4539802256267007e-06,0.15344682045353739,6797.83906928,5,0
South|55-64|female|no_education|Q4|informal,2.5210113639207288e-05,2.0628467986966836e-05,0.9999541614183739,1138.13029103,1,0
South|55-64|female|no_education|Q5|formal,2.2174163260528802e-05,1.814426636483729e-05,0.9999596815703746,1293.96979859,1,0
South|55-64|female|no_education|Q5|informal,8.148111259534884e-05,6.667286577009044e-05,0.9998518460216346,352.06646006,1,0
South|55-64|female|primary|Q1|formal,0.8090605988254848,0.1909355217786255,3.879395889785371e-06,12327.88591687,12,0
South|55-64|female|primary|Q1|informal,0.7691155694271167,0.23087989451936095,4.536053522340377e-06,10543.23632963,12,0
South|55-64|female|primary|Q1|unemployed,0.8238266053784304,1.374131263236368e-06,0.17617202049030645,17087.02096762,14,0
South|55-64|female|primary|Q2|formal,0.5762162319785397,0.28039070129485244,0.14339306672660782,12808.30665811,9,0
South|55-64|female|primary|Q2|informal,0.5514356193302032,0.2456054968839851,0.20295888378581164,54161.8968707,42,0
South|55-64|female|primary|Q2|unemployed,0.6531052617566656,0.056669897122111165,0.29022484112122343,19289.53457039,16,0
South|55-64|female|primary|Q3|formal,0.7930995389709702,0.10900326214021544,0.09789719888881449,11491.197015,9,0
South|55-64|female|primary|Q3|informal,0.23431597200466503,0.4629151116690786,0.30276891632625647,63911.30930797,49,0
South|55-64|female|primary|Q3|unemployed,0.4772150157651813,0.12136653293465828,0.4014184513001605,48058.16491342,45,0
South|55-64|female|primary|Q4|formal,0.13150941441635228,0.0800383977011082,0.7884521878825396,16521.04574601,11,0
South|55-64|female|primary|Q4|informal,0.15114486400840413,0.3052400316495756,0.5436151043420203,81062.41174657,70,0
South|55-64|female|primary|Q4|unemployed,0.40671910748115914,0.15956095578468588,0.43371993673415493,42286.43611208,35,0
South|55-64|female|primary|Q5|formal,2.5961766160841922e-06,2.1243516383882766e-06,0.9999952794717455,11052.65920239,8,0
South|55-64|female|primary|Q5|informal,0.051998913402837674,0.1162762952203459,0.8317247913768164,56867.47035453,45,0
South|55-64|female|primary|Q5|self_employed,2.625363677470114e-05,2.1482342900117404e-05,0.9999522640203252,1092.88819172,1,0
South|55-64|female|primary|Q5|unemployed,0.1402542001930098,0.10156570365803641,0.7581800961489538,20289.57108371,20,0
South|55-64|female|secondary|Q1|informal,0.9999615290031846,1.2668058255544141e-05,2.580293855995466e-05,1853.37640867,1,0
South|55-64|female|secondary|Q1|unemployed,0.9999731291944136,8.848248257645788e-06,1.8022557328810873e-05,2653.52662039,2,0
South|55-64|female|secondary|Q2|formal,0.9999907844830593,3.034564090405811e-06,6.180952850190578e-06,7737.4024619,4,0
South|55-64|female|secondary|Q2|informal,0.22766424709540972,0.36272874243460845,0.4096070104699819,9771.70996203,7,0
South|55-64|female|secondary|Q2|unemployed,0.5145021713447432,0.19642660892110866,0.28907121973414807,9219.11954904,6,0
South|55-64|female|secondary|Q3|formal,0.4928574378838064,0.5071250348730434,1.7527243150081558e-05,2728.51724378,2,0
South|55-64|female|secondary|Q3|informal,0.11568068024636445,0.7620327223038927,0.12228659744974275,14053.611477859999,10,0
South|55-64|female|secondary|Q3|unemployed,0.5014450721053004,2.3230344186640973e-06,0.4985526048602808,10107.34693736,8,0
South|55-64|female|secondary|Q4|formal,5.351525547529245e-06,0.6676479364465407,0.3323467120279117,5361.90653993,3,0
South|55-64|female|secondary|Q4|informal,0.15217305481453147,0.1311109803745711,0.7167159648108975,61811.83815258,34,0
South|55-64|female|secondary|Q4|unemployed,0.31044739341397853,0.4126037497593249,0.27694885682669657,12954.09055177,11,0
South|55-64|female|secondary|Q5|informal,0.09660484017377402,0.041918325598370304,0.8614768342278557,35461.53898147,29,0
South|55-64|female|secondary|Q5|self_employed,7.490764531406025e-06,0.1766884376614696,0.8233040715739991,3830.60577965,3,0
South|55-64|female|secondary|Q5|unemployed,0.2541235557030974,0.35220581950478125,0.39367062479212145,8884.747449729999,9,0
South|55-64|female|tertiary|Q2|informal,7.177104108336913e-06,0.9999808609857813,1.1961910110402639e-05,3998.0188166299995,2,0
South|55-64|female|tertiary|Q2|unemployed,0.9999691733994853,1.0150846181972052e-05,2.067575433277992e-05,2313.0024448,1,0
South|55-64|female|tertiary|Q3|informal,0.24717399037046262,0.49146037298646583,0.26136563664307144,4529.8361496200005,4,0
South|55-64|female|tertiary|Q3|unemployed,0.9999375716424479,2.0556942521186492e-05,4.1871415030993675e-05,1142.09062957,1,0
South|55-64|female|tertiary|Q4|informal,0.16867828606213955,0.2987369284344774,0.5325847855033831,25274.9450919,17,0
South|55-64|female|tertiary|Q4|self_employed,9.568248937541473e-06,0.47895665040015895,0.5210337813509035,2998.87245272,3,0
South|55-64|female|tertiary|Q4|unemployed,0.28809236596388493,0.7118954073241638,1.2226711951342742e-05,3911.42896098,3,0
South|55-64|female|tertiary|Q5|formal,1.8169989601665074e-05,0.999951546517357,3.0283493041378267e-05,1579.14773836,1,0
South|55-64|female|tertiary|Q5|informal,0.02719790714024719,0.24734913255563862,0.7254529603041142,57762.07625143,40,0
South|55-64|female|tertiary|Q5|self_employed,3.7176066787874667e-06,0.4852444882440534,0.5147517941492677,7718.55274188,5,0
South|55-64|female|tertiary|Q5|unemployed,8.572234981656617e-07,0.39899234879701273,0.6010067939794892,33474.15151767,16,0
South|55-64|male|no_education|Q1|informal,0.7823503512695908,0.21764263918540797,7.009545001162524e-06,6822.7590996,7,0
South|55-64|male|no_education|Q1|unemployed,0.9999062827515075,3.0860015641033945e-05,6.285723285147897e-05,760.75337718,1,0
South|55-64|male|no_education|Q2|informal,0.582334520496056,0.31400551079428796,0.10365996870965598,3533.9010101100002,4,0
South|55-64|male|no_education|Q3|informal,0.0779555110764382,0.1964705067083667,0.7255739822151951,7135.75911456,6,0
South|55-64|male|no_education|Q4|informal,0.1292752877846366,0.20158217264728565,0.6691425395680777,4646.84363269,4,0
South|55-64|male|no_education|Q4|unemployed,0.9998980069461462,3.358514348037709e-05,6.840791037349143e-05,699.01707044,1,0
South|55-64|male|no_education|Q5|formal,5.029511065494316e-05,4.1154557845105896e-05,0.9999085503314998,570.43090471,1,0
South|55-64|male|no_education|Q5|informal,2.4934494931263062e-05,2.040293978131074e-05,0.9999546625652874,1150.71196004,1,0
South|55-64|male|primary|Q1|formal,0.00016044079204760117,0.0001312825396157799,0.9997082766683367,178.75049443,1,0
South|55-64|male|primary|Q1|informal,0.4848703002574899,0.4574692100325916,0.05766048970991857,58000.75817694,55,0
South|55-64|male|primary|Q1|unemployed,0.3573084773875784,0.4190397983406371,0.22365172427178454,8866.78388263,8,0
South|55-64|male|primary|Q2|informal,0.2654475766112867,0.5620136949923159,0.17253872839639725,89769.45815916,85,0
South|55-64|male|primary|Q2|unemployed,0.3703851562302559,0.3422167973132601,0.2873980464564841,24853.82638495,26,0
South|55-64|male|primary|Q3|formal,0.9999380592897392,2.0396365858102297e-05,4.154434440279297e-05,1151.08287658,1,0
South|55-64|male|primary|Q3|informal,0.2239977941625203,0.4431748268762772,0.33282737896120257,123701.46724843,107,0
South|55-64|male|primary|Q3|self_employed,0.6741988590739973,0.32577533873892384,2.5802187078918124e-05,1853.43039062,2,0
South|55-64|male|primary|Q3|unemployed,0.13399381749400674,0.6849398271416159,0.18106635536437732,63702.5453424,35,0
South|55-64|male|primary|Q4|formal,3.087572428277366e-05,0.43643413814669285,0.5635349861290243,929.26815738,2,0
South|55-64|male|primary|Q4|informal,0.05197688209328773,0.3502765391022318,0.5977465788044805,187288.43762858,156,0
South|55-64|male|primary|Q4|self_employed,2.8343679341375376e-05,0.9999244165789241,4.723974173452144e-05,1012.29202712,1,0
South|55-64|male|primary|Q4|unemployed,0.20120822637389174,0.34146245770044864,0.4573293159256597,42318.39189179,40,0
South|55-64|male|primary|Q5|formal,1.0364782427892883e-05,8.481103479563205e-06,0.9999811541140926,2768.4014310800003,3,0
South|55-64|male|primary|Q5|informal,0.011199524597144687,0.2737583767861526,0.7150420986167026,176696.16163324,173,0
South|55-64|male|primary|Q5|self_employed,4.417685146835762e-06,0.6383327235998651,0.3616628587149881,6495.36403392,6,0
South|55-64|male|primary|Q5|unemployed,0.022742565019515715,0.43713067316067655,0.5401267618198078,29321.30323586,21,0
South|55-64|male|secondary|Q1|informal,0.7715995214379119,0.22839105298022905,9.425581858961244e-06,5073.8719426200005,4,0
South|55-64|male|secondary|Q2|informal,0.41049770617083536,0.4382818624739308,0.15122043135523383,20228.20136863,14,0
South|55-64|male|secondary|Q2|unemployed,0.4042061494422042,0.5957847197271627,9.13083063318499e-06,5237.66420969,4,0
South|55-64|male|secondary|Q3|informal,0.032735324684225596,0.5662385599638623,0.4010261153519122,35659.09968521,25,0
South|55-64|male|secondary|Q3|unemployed,9.404423576589636e-06,0.5978841458294293,0.4021064497469941,3051.11464923,2,0
South|55-64|male|secondary|Q4|informal,0.02627673539425811,0.338709912220051,0.6350133523856909,72778.5737059,49,0
South|55-64|male|secondary|Q4|self_employed,1.3044751418395111e-05,0.6353721140907073,0.3646148411578744,2199.62876938,2,0
South|55-64|male|secondary|Q4|unemployed,3.0854260152592537e-06,0.5588767195051862,0.4411201950687985,9300.04683306,6,0
South|55-64|male|secondary|Q5|informal,0.024079382893169025,0.28699271897726997,0.688927898129561,77388.89688304,53,0
South|55-64|male|secondary|Q5|self_employed,4.3272189192766685e-06,3.5407970874859896e-06,0.9999921319839932,6631.16028975,4,0
South|55-64|male|secondary|Q5|unemployed,2.620748154499185e-06,0.23552230298899426,0.7644750762628512,10949.03104687,8,0
South|55-64|male|tertiary|Q1|informal,1.462811530169448e-05,0.9999609915500003,2.4380334697976308e-05,1961.52761864,1,0
South|55-64|male|tertiary|Q1|unemployed,0.99993625706291,2.0989818493905924e-05,4.2753118596200435e-05,1118.53507191,1,0
South|55-64|male|tertiary|Q2|informal,5.012687996718586e-06,0.9999866327831677,8.354528835465968e-06,5724.35661953,4,0
South|55-64|male|tertiary|Q2|unemployed,1.965354046435399e-05,0.9999475903672682,3.27560922674479e-05,1459.93795278,1,0
South|55-64|male|tertiary|Q3|informal,2.697243581625707e-06,0.750059414268269,0.2499378884881493,10638.50719882,8,0
South|55-64|male|tertiary|Q3|unemployed,1.1773760320481292e-05,0.9999686031910949,1.9623048584655045e-05,2437.09204429,2,0
South|55-64|male|tertiary|Q4|informal,1.1122149304338275e-06,0.5396853873581666,0.46031350042690306,25799.69300697,17,0
South|55-64|male|tertiary|Q4|unemployed,0.3395872343474618,0.5292882711230725,0.13112449452946565,7450.63346802,5,0
South|55-64|male|tertiary|Q5|informal,2.8278346547576545e-07,0.3230097232799768,0.6769899939365577,101473.00040273,72,0
South|55-64|male|tertiary|Q5|self_employed,3.7079279993760353e-06,0.19697374914408336,0.8030225429279173,7738.70048083,5,0
South|55-64|male|tertiary|Q5|unemployed,0.09883397911856914,1.962387241796321e-06,0.901164058494189,11964.89173059,9,0
South|65+|female|no_education|Q1|inactive,1.1295426253119282e-05,9.242613587399228e-06,0.9999794619601596,2540.30125104,2,0
South|65+|female|no_education|Q1|informal,0.9999240863084368,2.4997508427683653e-05,5.0916183135579094e-05,939.19149732,1,0
South|65+|female|no_education|Q2|formal,2.8343679341375376e-05,2.319254448012874e-05,0.9999484637761784,1012.29202712,1,0
South|65+|female|no_education|Q2|inactive,0.489556613170962,0.2766023926973229,0.233840994131715,10687.760307890001,9,0
South|65+|female|no_education|Q2|informal,0.17848468355926012,5.710562948158625e-06,0.8215096058777916,4111.5694332,3,0
South|65+|female|no_education|Q3|inactive,0.45680742850384454,0.08587582924111586,0.45731674225503954,19299.4827618,20,0
South|65+|female|no_education|Q3|informal,0.22690887485344127,0.571745631582119,0.2013454935644397,16276.72606941,6,0
South|65+|female|no_education|Q4|formal,0.9999084199758074,3.015625217823646e-05,6.142377201438841e-05,778.5095892,1,0
South|65+|female|no_education|Q4|inactive,0.3296921531685906,0.12343850465950978,0.5468693421718996,21164.61182921,21,0
South|65+|female|no_education|Q4|informal,0.16365101214551228,0.6083181515237185,0.22803083633076923,8209.07116987,6,0
South|65+|female|no_education|Q5|inactive,0.400037492542206,3.3971768772985555e-06,0.5999591102809168,6911.50571509,5,0
South|65+|female|no_education|Q5|informal,4.404944358817766e-06,0.04285358294334702,0.9571420121122941,6514.1514063800005,7,0
South|65+|female|primary|Q1|formal,0.9999764885230039,7.742059861088974e-06,1.5769417135080035e-05,3032.6777802799998,2,0
South|65+|female|primary|Q1|inactive,0.5624637782449265,0.3541262322047405,0.08340998955033291,10713.77438238,9,0
South|65+|female|primary|Q1|informal,0.8362631235786788,0.1637316347039378,5.241717383196133e-06,9123.84438673,6,0
South|65+|female|primary|Q2|inactive,0.4652132452056886,0.15804690292311194,0.3767398518711996,48621.654206189996,32,0
South|65+|female|primary|Q2|informal,0.2972240248250385,0.5484226088596963,0.15435336631526536,28943.76683704,23,0
South|65+|female|primary|Q3|formal,0.6734655935375159,6.39503337625414e-06,0.3265280114291079,3671.49102054,3,0
South|65+|female|primary|Q3|inactive,0.4025913708823055,0.15118416437956855,0.4462244647381259,130002.01456851,106,0
South|65+|female|primary|Q3|informal,0.26223349614965064,0.294058690717487,0.44370781313286245,58842.25873124,43,0
South|65+|female|primary|Q4|formal,7.47803987301857e-06,0.40069211330556354,0.5993004086545636,3837.12412179,3,0
South|65+|female|primary|Q4|inactive,0.43446824555437674,0.21014993600966914,0.3553818184359541,125854.41829393,101,0
South|65+|female|primary|Q4|informal,0.1296861976652044,0.29075757532457275,0.5795562270102228,72834.04167936,73,0
South|65+|female|primary|Q5|formal,0.23489093353800766,0.2602504999527004,0.5048585665092921,10717.48830682,7,0
South|65+|female|primary|Q5|inactive,0.10456777904422555,0.2983765507963765,0.5970556701593979,96856.71304775,83,0
South|65+|female|primary|Q5|informal,0.009702502221700418,0.26605170465572797,0.7242457931225718,83790.86413054,69,0
South|65+|female|secondary|Q1|inactive,0.9999683456558505,1.0423412672430838e-05,2.1230931477132922e-05,2252.51609208,1,0
South|65+|female|secondary|Q2|inactive,2.4759913220980808e-05,2.02600862712787e-05,0.9999549800005078,1158.82631482,1,0
South|65+|female|secondary|Q2|informal,0.776667715373771,0.22332135225306907,1.0932373159997312e-05,4374.53460086,4,0
South|65+|female|secondary|Q3|formal,0.9999452840449427,1.8017336787485196e-05,3.6698618269933283e-05,1303.08633643,1,0
South|65+|female|secondary|Q3|inactive,0.10485424264274834,0.5986118893101303,0.2965338680471214,12663.00226062,10,0
South|65+|female|secondary|Q3|informal,8.923064788052369e-06,0.9999762050736237,1.4871861588296594e-05,3215.71381129,2,0
South|65+|female|secondary|Q4|formal,1.3553187777050216e-05,0.999963858033873,2.2588778350053716e-05,2117.10780797,1,0
South|65+|female|secondary|Q4|inactive,0.5754605362831154,0.0833789929635096,0.34116047075337486,7996.32632622,7,0
South|65+|female|secondary|Q4|informal,0.20505922739864763,0.36260979635842083,0.43233097624293154,13249.8351804,9,0
South|65+|female|secondary|Q5|formal,1.206359024763369e-05,9.871172688574279e-06,0.9999780652370639,2378.53806673,2,0
South|65+|female|secondary|Q5|inactive,0.05915199241414487,0.20718755652707724,0.7336604510587779,39574.16200094,27,0
South|65+|female|secondary|Q5|informal,2.872355948271293e-06,0.38777525265702717,0.6122218749870245,9989.92752487,8,0
South|65+|female|tertiary|Q2|informal,1.0046485482668901e-05,0.9999732092741588,1.6744240358664325e-05,2856.11424865,1,0
South|65+|female|tertiary|Q3|inactive,0.704244302958564,7.05975045251099e-06,0.29574863729098355,3325.78910589,2,0
South|65+|female|tertiary|Q3|informal,6.430541476058441e-06,0.9999828518267413,1.0717631782500552e-05,4462.18596632,3,0
South|65+|female|tertiary|Q4|inactive,0.2776975418928799,0.4102903966398573,0.31201206146726285,3911.94454872,3,0
South|65+|female|tertiary|Q4|informal,2.0879033337380677e-06,0.535599262574203,0.46439864952246324,13743.31164209,9,0
South|65+|female|tertiary|Q5|inactive,0.020406406721251213,0.5023181978408539,0.477275395437895,48200.84267751,27,0
South|65+|female|tertiary|Q5|informal,1.0461932817792103e-06,0.43724912830825485,0.5627498254984635,27427.82893456,18,0
South|65+|female|tertiary|Q5|self_employed,7.726666158929504e-06,0.9999793954816251,1.2877852216027245e-05,3713.65110484,1,0
South|65+|male|no_education|Q1|inactive,0.18159370620580242,0.06825031952293828,0.7501559742712592,10170.224727840001,3,0
South|65+|male|no_education|Q1|informal,0.6495052135383197,0.08379426896974673,0.26670051749193346,5885.66730379,4,0
South|65+|male|no_education|Q2|inactive,0.8778331054288209,1.7288052717810993e-06,0.12216516576590736,13581.50314731,10,0
South|65+|male|no_education|Q2|informal,0.4166101517415908,0.5833840908908896,5.757367519729505e-06,8306.671754859999,7,0
South|65+|male|no_education|Q3|inactive,0.4011065432215234,0.3095960610457013,0.2892973957327753,21835.34764182,28,0
South|65+|male|no_education|Q3|informal,0.535349366707284,0.4250117578678982,0.039638875424817636,10411.443864070001,10,0
South|65+|male|no_education|Q4|inactive,0.43865836401169056,0.12825242101538767,0.43308921497292163,10102.82046153,8,0
South|65+|male|no_education|Q4|informal,0.23981908265015298,0.055293020358995616,0.7048878969908514,5827.8412887,6,0
South|65+|male|no_education|Q5|formal,2.0735917534412628e-05,1.696740511212013e-05,0.9999622966773535,1383.72663496,1,0
South|65+|male|no_education|Q5|inactive,2.4484354811253384e-06,0.12217426162816923,0.8778232899363496,11719.59414986,12,0
South|65+|male|no_education|Q5|informal,9.012860866819978e-06,0.346757820463266,0.6532331666758673,3183.6743207699997,3,0
South|65+|male|primary|Q1|formal,0.9999376260382821,2.053903059656523e-05,4.1834931121528655e-05,1143.0867249,1,0
South|65+|male|primary|Q1|inactive,0.8115849357034672,0.18840623456023398,8.829736298679063e-06,5416.27216305,4,0
South|65+|male|primary|Q1|informal,0.21441776066788587,0.728319997930563,0.05726224140155095,11719.83578721,10,0
South|65+|male|primary|Q2|formal,1.1569776588817474e-05,0.0720815846486676,0.9279068455747438,2480.0615454,2,0
South|65+|male|primary|Q2|inactive,0.30069434197760364,0.4809099308716829,0.2183957271507135,47057.31815258,41,0
South|65+|male|primary|Q2|informal,0.34599157942536524,0.576441231698903,0.07756718887573176,41867.95757884,36,0
South|65+|male|primary|Q3|formal,2.823854801528321e-05,2.3106519552762014e-05,0.9999486549324319,1016.06113438,1,0
South|65+|male|primary|Q3|inactive,0.2566570791313705,0.25711660938531716,0.4862263114833122,136690.45110663,132,0
South|65+|male|primary|Q3|informal,0.2729292940427051,0.42179626137385645,0.3052744445834385,65785.14609101,64,0
South|65+|male|primary|Q4|formal,4.7560021219428475e-05,3.891653918047524e-05,0.9999135234395999,603.24108877,1,0
South|65+|male|primary|Q4|inactive,0.19489942713745168,0.3530004446732663,0.45210012818928197,120993.32485673,107,0
South|65+|male|primary|Q4|informal,0.11321051435972848,0.47986151700274743,0.406927968637524,107911.13567919,103,0
South|65+|male|primary|Q5|formal,1.5858948073152025e-05,0.5574484111372341,0.4425357299146929,1809.28324863,2,0
South|65+|male|primary|Q5|inactive,0.10796372369820142,0.2466933843441954,0.6453428919576031,87622.49150962,83,0
South|65+|male|primary|Q5|informal,0.006751048641835228,0.27098846761500334,0.7222604837431614,106739.13658608,92,0
South|65+|male|secondary|Q2|informal,1.6727712731400172e-05,1.3687645026645599e-05,0.999969584642242,1715.31175086,1,0
South|65+|male|secondary|Q3|inactive,0.31639121931144354,0.6836022754340092,6.5052545473000536e-06,7351.67041075,5,0
South|65+|male|secondary|Q3|informal,0.17434466189740658,0.5759580356317805,0.24969730247081298,9562.579813999999,7,0
South|65+|male|secondary|Q4|inactive,1.4114246198376656e-06,0.2790882528898265,0.7209103356855536,20330.36227276,12,0
South|65+|male|secondary|Q4|informal,2.036038601731341e-06,0.7309204956311056,0.26907746833029256,14093.40243166,11,0
South|65+|male|secondary|Q5|inactive,1.2270000971829317e-06,0.35237200285599024,0.6476267701439127,23386.13692886,18,0
South|65+|male|secondary|Q5|informal,1.7095640720372322e-06,0.4044430944455784,0.5955551959903497,16784.83099721,11,0
South|65+|male|secondary|Q5|self_employed,3.054953128642921e-05,2.4997508427683653e-05,0.9999444529602858,939.19149732,1,0
South|65+|male|tertiary|Q2|informal,2.9672431683498636e-05,2.4279811500990875e-05,0.9999460477568154,966.95640072,1,0
South|65+|male|tertiary|Q3|inactive,2.8617117562934282e-05,2.3416288477500833e-05,0.9999479665939595,1002.61856246,1,0
South|65+|male|tertiary|Q3|informal,2.6407213539254858e-05,0.9999295805065976,4.401227986310629e-05,1086.53168652,1,0
South|65+|male|tertiary|Q4|inactive,3.422304700240497e-06,0.7352911074975249,0.2647054701977749,8384.57567848,6,0
South|65+|male|tertiary|Q4|informal,5.620926259342683e-06,0.7409647226774934,0.25902965639624714,5104.91537656,4,0
South|65+|male|tertiary|Q5|inactive,6.334724582281797e-07,0.3528679591686484,0.6471314073588934,45297.70989171,34,0
South|65+|male|tertiary|Q5|informal,0.014073260840255024,0.6455010267547349,0.34042571240501024,76492.71941153,45,0
South|65+|male|tertiary|Q5|self_employed,8.327451325172132e-06,6.8140336665193805e-06,0.9999848585150084,3445.72200051,2,0
