UF,ref_month_yyyymm,mean_income,n_obs,total_weight,uf_code,year,month,mean_income_sa,mean_income_trend
11,201201,2743.16449776177,1349,690205.474924038,11,2012,1,2723.08540670562,2639.62327305407
11,201202,2563.83989932422,1115,597267.478642403,11,2012,2,2593.55967980755,2631.94694823605
11,201203,2602.24451308619,1327,667173.165724804,11,2012,3,2601.93085434108,2624.27062341802
11,201204,2657.3336958909,1484,707503.706015223,11,2012,4,2650.84812609628,2616.5942986
11,201205,2442.70508245785,1327,655318.876620942,11,2012,5,2561.09959982007,2609.38176004071
11,201206,2598.69359778029,1391,662423.295427428,11,2012,6,2581.28973114211,2602.16922148142
11,201207,2742.04526299771,1416,698270.784022359,11,2012,7,2676.1152005943,2594.95668292214
11,201208,2348.1635181597,1282,662161.324332093,11,2012,8,2380.84663543364,2588.28813853101
11,201209,2669.66293654405,1372,688304.354656144,11,2012,9,2641.34922305693,2581.61959413988
11,201210,2679.30471013553,1386,706404.382443474,11,2012,10,2646.35096302629,2574.95104974876
11,201211,2365.91483352129,1326,710114.12206207,11,2012,11,2400.21483425663,2570.67061639098
11,201212,2604.44213206063,1301,684765.913384326,11,2012,12,2557.77717092206,2566.3901830332
11,201301,2696.8838446076,1415,729464.713593396,11,2013,1,2679.70072199468,2562.10974967542
11,201302,2393.62403075127,1274,640170.072294583,11,2013,2,2420.38448097436,2559.66534362071
11,201303,2657.03585103327,1372,711186.863942414,11,2013,3,2661.54291930154,2557.22093756601
11,201304,2605.28268202122,1477,729661.434341861,11,2013,4,2600.77499983412,2554.7765315113
11,201305,2331.73443884115,1401,677714.638058142,11,2013,5,2447.93157547648,2554.54722307758
11,201306,2530.96096836488,1501,704910.480747031,11,2013,6,2512.40018619724,2554.31791464386
11,201307,2779.07900836913,1535,730904.878501599,11,2013,7,2716.83570208636,2554.08860621014
11,201308,2423.89606573283,1326,649890.742632571,11,2013,8,2453.25677711164,2557.97395481518
11,201309,2485.29200655844,1458,705063.206464985,11,2013,9,2455.12826023843,2561.85930342022
11,201310,2750.99256160022,1459,718126.343594969,11,2013,10,2720.82369116708,2565.74465202526
11,201311,2442.79911710419,1381,707776.263689507,11,2013,11,2470.31718605933,2571.48842546325
11,201312,2613.45805037368,1340,682122.441076083,11,2013,12,2568.64843109296,2577.23219890123
11,201401,2602.97510055935,1468,738791.50556499,11,2014,1,2588.70890382119,2582.97597233921
11,201402,2476.68135295952,1307,709184.319964836,11,2014,2,2500.48905904287,2587.83069856398
11,201403,2741.66790121763,1347,672398.331099914,11,2014,3,2750.98791130876,2592.68542478874
11,201404,2722.81400383422,1426,717171.415715692,11,2014,4,2720.25724081389,2597.5401510135
11,201405,2435.40135317481,1303,681627.205711665,11,2014,5,2549.35495739228,2601.61585361551
11,201406,2602.39755767702,1328,666613.532386632,11,2014,6,2582.61336566602,2605.69155621752
11,201407,2667.53958570594,1434,743259.537310498,11,2014,7,2608.89619860696,2609.76725881954
11,201408,2625.70277603153,1276,677167.714090644,11,2014,8,2651.63715209357,2612.76812672909
11,201409,2617.98460318962,1347,676222.274586014,11,2014,9,2585.84980213028,2615.76899463865
11,201410,2608.12740198261,1466,761612.774090561,11,2014,10,2580.61587006881,2618.76986254821
11,201411,2527.15648066179,1343,722433.076996937,11,2014,11,2547.75856342968,2618.71213470256
11,201412,2750.77762447879,1346,666217.128082244,11,2014,12,2707.69829836958,2618.65440685692
11,201501,2510.15534849161,1450,767752.304452816,11,2015,1,2501.98049674011,2618.59667901127
11,201502,2756.76129537469,1281,670200.104089877,11,2015,2,2774.99763394874,2613.93535451056
11,201503,2720.02118324274,1287,643946.085958233,11,2015,3,2735.99236686209,2609.27403000985
11,201504,2472.30201457368,1394,738495.910148655,11,2015,4,2473.4052029988,2604.61270550915
11,201505,2772.51375302385,1222,634175.859255024,11,2015,5,2881.694476222,2598.03554934601
11,201506,2613.37898912117,1337,672789.232089302,11,2015,6,2591.68551033723,2591.45839318288
11,201507,2585.99232616201,1432,755804.46382431,11,2015,7,2534.86036206294,2584.88123701975
11,201508,2635.01182143566,1343,659325.585658149,11,2015,8,2653.63743954311,2572.95085276855
11,201509,2535.08948897242,1323,666760.542805797,11,2015,9,2500.70028787821,2561.02046851734
11,201510,2448.57025079685,1328,750107.60664327,11,2015,10,2426.96949550356,2549.09008426614
11,201511,2486.76267278409,1283,674255.219748793,11,2015,11,2495.81978009288,2535.75620519201
11,201512,2707.02460752684,1295,689014.334400162,11,2015,12,2666.24644497349,2522.42232611788
11,201601,2545.16824399457,1318,730471.018503898,11,2016,1,2543.20289614567,2509.08844704374
11,201602,2492.98866736128,1268,668636.881782861,11,2016,2,2505.70520308937,2499.82589819516
11,201603,2434.93101435245,1310,656509.127885904,11,2016,3,2457.53834191074,2490.56334934658
11,201604,2484.48125873271,1291,729777.208133135,11,2016,4,2489.12739113849,2481.30080049799
11,201605,2329.73702922068,1319,663476.659076062,11,2016,5,2433.92588605923,2474.20158292826
11,201606,2496.01512615359,1371,677856.982394883,11,2016,6,2472.07733182783,2467.10236535854
11,201607,2432.95841910237,1273,754259.584599705,11,2016,7,2388.88680580574,2460.00314778881
11,201608,2424.50987206093,1284,620387.24467674,11,2016,8,2435.27653116382,2459.34370000644
11,201609,2499.27852027899,1348,639300.995347556,11,2016,9,2461.98558924744,2458.68425222407
11,201610,2543.81140969321,1256,744242.12158676,11,2016,10,2527.41817186661,2458.0248044417
11,201611,2349.4918087894,1234,613660.824940817,11,2016,11,2346.24675223392,2467.83585230859
11,201612,2434.21031625246,1305,652564.215049639,11,2016,12,2394.98986003404,2477.64690017549
11,201701,2515.45091871758,1224,711577.896050732,11,2017,1,2530.43310194042,2487.45794804238
11,201702,2360.32269351287,1184,577169.190671029,11,2017,2,2355.82834262091,2501.53582646843
11,201703,2543.68118734161,1294,648123.494307934,11,2017,3,2587.97406256648,2515.61370489448
11,201704,2508.23939289622,1217,707609.205638157,11,2017,4,2524.6561114616,2529.69158332053
11,201705,2435.66575814488,1233,597289.480374201,11,2017,5,2522.86397609911,2546.02286779116
11,201706,2610.78916289905,1336,677413.072025937,11,2017,6,2580.73711818144,2562.35415226179
11,201707,2766.36706590078,1262,749033.327253291,11,2017,7,2743.27161027753,2578.68543673243
11,201708,2564.71811146562,1228,608402.486837421,11,2017,8,2557.52526313002,2594.14053464302
11,201709,2593.88914753737,1306,677421.338684601,11,2017,9,2547.12281426867,2609.59563255361
11,201710,2678.27884981707,1295,807688.490660838,11,2017,10,2676.24842444888,2625.05073046419
11,201711,2654.61856886952,1215,603406.752586965,11,2017,11,2620.33795728606,2636.61812281621
11,201712,2661.88075516559,1283,662701.53278924,11,2017,12,2631.97091842942,2648.18551516822
11,201801,3079.82259154878,1235,767605.17140883,11,2018,1,3112.4648049063,2659.75290752023
11,201802,2713.60498983031,1196,586261.806851772,11,2018,2,2692.63013863373,2669.43298028267
11,201803,2523.16115762462,1264,652868.095326672,11,2018,3,2589.88785408401,2679.11305304511
11,201804,2765.43439592327,1270,786862.996594457,11,2018,4,2794.37933147193,2688.79312580755
11,201805,2689.13122535113,1232,588052.244090608,11,2018,5,2760.10579250051,2694.1456879489
11,201806,2673.80820132193,1259,657791.273087664,11,2018,6,2638.4163057258,2699.49825009024
11,201807,2771.14284256048,1315,821939.279959581,11,2018,7,2769.80535555782,2704.85081223159
11,201808,2634.87110824279,1225,609851.911127018,11,2018,8,2610.50682983251,2702.15020736316
11,201809,2846.48124350832,1271,669135.508945386,11,2018,9,2791.03585178288,2699.44960249473
11,201810,2797.12571484752,1383,829235.879282035,11,2018,10,2810.24186865284,2696.7489976263
11,201811,2781.64043349348,1224,631376.045618725,11,2018,11,2717.09745653184,2696.07766954891
11,201812,2659.06535378373,1221,662917.973062531,11,2018,12,2639.19270813217,2695.40634147153
11,201901,2590.44715688203,1357,845422.362659154,11,2019,1,2622.62370209534,2694.73501339414
11,201902,2725.08320609742,1185,612976.335135276,11,2019,2,2713.14087926544,2699.57701304715
11,201903,2552.44842729063,1246,659307.692947802,11,2019,3,2624.67781143721,2704.41901270016
11,201904,2578.42626352445,1269,796230.143284492,11,2019,4,2607.66638040829,2709.26101235316
11,201905,2498.19892338539,1193,634616.401804471,11,2019,5,2557.82654799309,2720.06422354191
11,201906,2903.33946368702,1333,699286.945771201,11,2019,6,2873.81282128791,2730.86743473067
11,201907,2759.47892748907,1329,800480.957867536,11,2019,7,2763.38439548911,2741.67064591942
11,201908,2782.28161113904,1265,669487.527694777,11,2019,8,2757.35260530005,2753.73523882138
11,201909,2891.91717528663,1316,707880.901913925,11,2019,9,2837.07150981665,2765.79983172334
11,201910,2654.62513833585,1360,844395.357807706,11,2019,10,2657.84339898781,2777.86442462531
11,201911,3001.25745752173,1290,680842.42731177,11,2019,11,2930.2383434531,2774.88392117134
11,201912,2895.38055698726,1258,689013.596893249,11,2019,12,2882.75052153867,2771.90341771738
11,202001,2761.92630069366,1370,859921.468901075,11,2020,1,2792.9145503963,2768.92291426341
11,202002,2935.04508569198,1295,686999.080133205,11,2020,2,2931.4970616013,2751.4201017704
11,202003,2593.10948278781,815,707913.211661445,11,2020,3,2670.28773874148,2733.9172892774
11,202004,2768.30899248667,883,698377.32461434,11,2020,4,2797.43924045001,2716.41447678439
11,202005,3136.89806691107,742,617669.23722732,11,2020,5,3184.92246434587,2693.09658013489
11,202006,2647.59774229118,756,658276.915216839,11,2020,6,2623.84754248945,2669.77868348539
11,202007,2486.58040916542,863,719353.148069219,11,2020,7,2495.8074956001,2646.46078683589
11,202008,2898.56615139664,722,602961.133655499,11,2020,8,2873.29093362741,2622.34241628721
11,202009,2565.25091579952,836,658307.801010485,11,2020,9,2511.36334415,2598.22404573852
11,202010,2421.91573556885,902,731567.765636457,11,2020,10,2415.67397402204,2574.10567518984
11,202011,2803.02432931649,698,675708.402248659,11,2020,11,2726.04645248503,2565.07183466366
11,202012,2516.51208012538,707,680621.205151799,11,2020,12,2511.64676623744,2556.03799413747
11,202101,2443.80193414733,817,751792.384050757,11,2021,1,2466.68419360449,2547.00415361128
11,202102,2538.07723475914,729,628176.154584521,11,2021,2,2545.20235753192,2550.61814570253
11,202103,2358.89521698084,791,644136.276304562,11,2021,3,2434.22424279611,2554.23213779377
11,202104,2343.0919966403,904,809608.680234172,11,2021,4,2365.17503488536,2557.84612988501
11,202105,2599.72763088676,735,650464.312921544,11,2021,5,2651.08692005181,2565.67484516955
11,202106,2715.331483874,936,665806.658116138,11,2021,6,2692.50919772279,2573.50356045408
11,202107,2448.98322120408,1004,813389.645297588,11,2021,7,2456.87674634882,2581.33227573862
11,202108,2727.49850690479,893,702013.158971299,11,2021,8,2706.73408390577,2595.89732662968
11,202109,2779.49202755294,1052,722423.5264549,11,2021,9,2732.64785217307,2610.46237752074
11,202110,2433.46340952202,1090,804022.399794763,11,2021,10,2423.33258556295,2625.02742841179
11,202111,2797.59532686576,905,736613.717444981,11,2021,11,2719.97048115905,2636.51283182679
11,202112,2561.79288169367,1083,750543.055477511,11,2021,12,2554.43669957386,2647.99823524179
11,202201,2381.45221724466,1018,743452.904398368,11,2022,1,2395.90197987528,2659.48363865679
11,202202,2829.04606153114,888,749003.500220553,11,2022,2,2846.53869636752,2673.72383605502
11,202203,2654.97282092005,1160,770193.468026815,11,2022,3,2728.16785357832,2687.96403345325
11,202204,2613.44119314641,1109,792308.016956297,11,2022,4,2628.21715370167,2702.20423085148
11,202205,2862.49379741964,1014,739119.314302287,11,2022,5,2916.9530053905,2723.65070421158
11,202206,2629.7830976431,1240,806940.427849204,11,2022,6,2607.67997379757,2745.09717757169
11,202207,2599.29104281119,1154,803206.75219008,11,2022,7,2605.66847690077,2766.5436509318
11,202208,2736.72821099934,1115,802375.635067889,11,2022,8,2720.30789207574,2785.64484704051
11,202209,2911.70171586457,1218,793871.853878363,11,2022,9,2871.75008512999,2804.74604314921
11,202210,3018.08677533362,1037,779125.303789979,11,2022,10,3003.92121348493,2823.84723925792
11,202211,2896.71099849796,1039,749160.614295909,11,2022,11,2818.29868458563,2840.90203336806
11,202212,2908.5582619306,1170,776743.94310214,11,2022,12,2898.57190327775,2857.95682747819
11,202301,2966.13323056232,1044,780892.685279703,11,2023,1,2978.61218751889,2875.01162158832
11,202302,2726.71046043076,989,679748.240792693,11,2023,2,2747.21151707883,2888.16723652264
11,202303,2958.59635023866,1144,740113.737224659,11,2023,3,3030.99150242458,2901.32285145697
11,202304,2888.06310842792,1049,820695.048306539,11,2023,4,2901.15562044602,2914.47846639129
11,202305,2859.05745638634,1021,716176.164385301,11,2023,5,2913.08490825201,2919.81901943434
11,202306,2796.99569133145,1149,728710.453413465,11,2023,6,2775.84137519297,2925.15957247739
11,202307,3001.57071114464,1121,820059.04419134,11,2023,7,3009.06485297691,2930.50012552044
11,202308,3048.39750203259,1035,708063.726039053,11,2023,8,3032.68083389394,2940.51676385025
11,202309,2909.5436613641,1117,766218.466972046,11,2023,9,2871.65651151329,2950.53340218005
11,202310,3068.46214181621,1007,788237.935231347,11,2023,10,3052.49449060063,2960.55004050986
11,202311,2926.10054642262,941,663891.713275767,11,2023,11,2847.31723055118,2976.04231230803
11,202312,2930.31901082932,1038,752277.141280542,11,2023,12,2919.88086343552,2991.53458410619
11,202401,3016.43667513173,1043,797830.595979072,11,2024,1,3026.93495381586,3007.02685590436
11,202402,2850.12679927268,1046,764064.873619263,11,2024,2,2873.62106442342,3017.16254760049
11,202403,2980.83787008274,1102,755247.666820885,11,2024,3,3052.41258777668,3027.29823929663
11,202404,3306.02493944614,1107,795453.246197218,11,2024,4,3317.41014060752,3037.43393099276
11,202405,3032.51983602532,1065,790380.053271675,11,2024,5,3086.08836116633,3044.20726040769
11,202406,3174.62749744131,1095,749864.957012674,11,2024,6,3154.39559327022,3050.98058982262
11,202407,3227.07439524657,1182,820999.25446228,11,2024,7,3235.65962396167,3057.75391923756
11,202408,2941.94427880256,1027,793198.084746733,11,2024,8,2926.91336945124,3058.15568469202
11,202409,3042.68752917649,1051,728785.04654198,11,2024,9,3006.85469707403,3058.55745014648
11,202410,3451.12014556648,1109,813756.335938824,11,2024,10,3433.35385256403,3058.95921560094
11,202411,2873.6580992289,1095,840013.191738191,11,2024,11,2794.52083969377,3049.28504726501
11,202412,3069.38276107854,959,684971.448320841,11,2024,12,3058.52490627194,3039.61087892907
11,202501,3248.71261267774,1114,797569.468404853,11,2025,1,3257.5757536335,3029.93671059313
11,202502,2900.26288662069,1025,813167.855379748,11,2025,2,2926.64438790386,3027.7994851907
11,202503,2983.54686024814,1071,750305.29895842,11,2025,3,3053.96130234031,3025.66225978826
11,202504,3369.43911646794,1075,789030.740978907,11,2025,4,3379.3149437787,3023.52503438582
11,202505,2772.91565061452,949,780884.551217744,11,2025,5,2825.90765566994,3028.15388264122
11,202506,3045.71909441811,1100,793695.761641081,11,2025,6,3026.48459688493,3032.78273089661
11,202507,3630.21447801051,1132,790810.643115579,11,2025,7,3639.01392633521,3037.411579152
11,202508,2975.92929599919,944,701599.441589373,11,2025,8,2961.76009418568,3041.81461725
11,202509,2972.44365617706,1158,789267.676029575,11,2025,9,2938.50442803942,3046.21765534799
11,202510,3781.48569989209,1054,739015.794609372,11,2025,10,3761.29837127133,3050.62069344599
11,202511,3217.55944917042,942,739636.470115714,11,2025,11,3139.35591525296,3055.88260736658
11,202512,3164.23426477794,1166,812695.031171839,11,2025,12,3153.18044383858,3061.14452128717
12,201201,2673.49921263032,1127,245884.687776496,12,2012,1,2778.86071031647,2771.12041808816
12,201202,2754.49620148284,1251,272795.717375841,12,2012,2,2707.35359504149,2769.40911166273
12,201203,2917.58734962128,1155,261458.296738221,12,2012,3,2873.64813854187,2767.6978052373
12,201204,2643.84133283552,1267,263907.771558615,12,2012,4,2639.03161105838,2765.98649881187
12,201205,2818.47730595816,1290,262317.701248805,12,2012,5,2805.66811606896,2763.45430025526
12,201206,2792.16859774701,1256,281694.394546063,12,2012,6,2785.79916542318,2760.92210169864
12,201207,2679.43144328448,1195,273384.751250185,12,2012,7,2704.70992704706,2758.38990314203
12,201208,2762.72487104336,1288,267183.323627259,12,2012,8,2706.09147398016,2754.91977902246
12,201209,2926.09788619538,1231,273202.989385292,12,2012,9,2931.46111331607,2751.44965490288
12,201210,2670.38044013927,1271,273597.25853937,12,2012,10,2712.82685521561,2747.9795307833
12,201211,2844.61342192766,1337,279450.754436405,12,2012,11,2830.9715360574,2743.14370342657
12,201212,2860.06097144208,1293,282510.369363927,12,2012,12,2869.21906588481,2738.30787606983
12,201301,2506.30550514337,1211,256612.850116754,12,2013,1,2609.65858662399,2733.4720487131
12,201302,2871.74578579503,1317,273098.738044747,12,2013,2,2825.09152322013,2729.86217420655
12,201303,2667.27463213914,1301,283973.970896811,12,2013,3,2626.08031644014,2726.25229970001
12,201304,2582.91476092028,1233,259920.822593879,12,2013,4,2572.88754819134,2722.64242519346
12,201305,2742.45279013128,1360,275385.585002609,12,2013,5,2730.99675698561,2714.43712853741
12,201306,2734.36722855229,1417,303628.177130076,12,2013,6,2729.65851802625,2706.23183188135
12,201307,2433.35625528236,1342,269829.129647223,12,2013,7,2454.63151969219,2698.02653522529
12,201308,2983.77853749828,1421,284009.132581626,12,2013,8,2928.48830803485,2691.15791183299
12,201309,2823.83149128498,1413,300205.446697235,12,2013,9,2831.1794039383,2684.28928844069
12,201310,2674.05317750727,1289,274902.235452876,12,2013,10,2714.53545248094,2677.42066504839
12,201311,2647.2810199107,1316,274457.187830464,12,2013,11,2633.77130903384,2671.30368503623
12,201312,2694.67703600869,1408,310680.464174515,12,2013,12,2707.33691704147,2665.18670502407
12,201401,2484.7744980148,1255,257217.006491258,12,2014,1,2586.13106108384,2659.06972501191
12,201402,2599.96804396069,1321,284155.392483305,12,2014,2,2553.81713623174,2648.33613166834
12,201403,2754.64543599801,1330,294389.307620987,12,2014,3,2716.21413984448,2637.60253832477
12,201404,2528.80581005689,1230,255343.835863292,12,2014,4,2513.58633754376,2626.8689449812
12,201405,2656.64889073668,1407,281409.690562687,12,2014,5,2646.57835250471,2624.83969565538
12,201406,2706.99936756529,1452,310405.251615443,12,2014,6,2703.99331547302,2622.81044632955
12,201407,2466.43900991809,1324,268492.937315369,12,2014,7,2483.76259007693,2620.78119700372
12,201408,2750.97612068637,1443,305904.108010916,12,2014,8,2697.08945066539,2626.42142973028
12,201409,2567.32530100098,1437,309368.776359979,12,2014,9,2576.72714777052,2632.06166245685
12,201410,2457.23516339412,1330,263083.178838768,12,2014,10,2495.82429669251,2637.70189518342
12,201411,2532.50918888572,1465,310773.664519256,12,2014,11,2519.20440127347,2637.41241712848
12,201412,2730.76816745323,1354,309433.690488892,12,2014,12,2746.99287714456,2637.12293907354
12,201501,2645.00831147634,1251,253233.620350807,12,2015,1,2743.06433116282,2636.83346101861
12,201502,2827.30051516621,1398,303998.009864467,12,2015,2,2782.04760860622,2630.7511686677
12,201503,2724.38167854949,1352,303192.089066963,12,2015,3,2690.64771570151,2624.66887631679
12,201504,2689.2767001192,1281,249985.579872934,12,2015,4,2665.07761469712,2618.58658396588
12,201505,2662.964991235,1384,297846.093994858,12,2015,5,2655.45633347739,2604.7565372771
12,201506,2524.36500150861,1400,306458.854500658,12,2015,6,2523.6798474296,2590.92649058832
12,201507,2607.22485266342,1264,250587.838872256,12,2015,7,2617.9031829718,2577.09644389954
12,201508,2393.57701734133,1392,292540.562251551,12,2015,8,2342.03393897358,2558.61703549666
12,201509,2506.73199971821,1445,310544.993098286,12,2015,9,2519.79796061179,2540.13762709378
12,201510,2494.67826828627,1370,276084.589962163,12,2015,10,2530.19988336167,2521.6582186909
12,201511,2504.3149847127,1386,295486.993692349,12,2015,11,2492.80279500962,2514.45639276164
12,201512,2433.36412691943,1323,286389.46262466,12,2015,12,2455.13314990382,2507.25456683239
12,201601,2391.83652275611,1368,276077.58864282,12,2016,1,2486.36398144577,2500.05274090313
12,201602,2347.63867149158,1286,276068.643333839,12,2016,2,2303.09459851852,2506.40839392926
12,201603,2580.67438484041,1304,280998.112945166,12,2016,3,2551.48743774818,2512.76404695538
12,201604,2536.67309774784,1298,261932.932387756,12,2016,4,2503.40827024672,2519.11969998151
12,201605,2374.4001900219,1301,281733.278975899,12,2016,5,2369.43147194827,2531.96636299576
12,201606,2754.17217596968,1352,268036.841380729,12,2016,6,2755.86258840497,2544.81302601
12,201607,2540.08464284955,1253,248215.416277387,12,2016,7,2544.2490010999,2557.65968902425
12,201608,2311.9282087866,1302,283202.758525253,12,2016,8,2262.93419000383,2570.6954714631
12,201609,2619.73986238847,1310,257866.884980038,12,2016,9,2636.74959547718,2583.73125390195
12,201610,2544.06179145067,1297,268081.200656007,12,2016,10,2576.84365877427,2596.7670363408
12,201611,2642.02593089399,1269,280203.615265234,12,2016,11,2632.68222197136,2602.29367542257
12,201612,2718.80889413721,1302,264024.439383947,12,2016,12,2746.50281242944,2607.82031450434
12,201701,2487.15659629454,1193,247995.362756016,12,2017,1,2570.91075068599,2613.34695358611
12,201702,2786.20836395602,1210,273282.626685273,12,2017,2,2745.94396074199,2606.5173009613
12,201703,2673.4786490846,1291,261825.81940474,12,2017,3,2655.69283460268,2599.68764833649
12,201704,2580.71833983407,1245,254918.435684379,12,2017,4,2522.9578573327,2592.85799571168
12,201705,2648.35373708275,1273,297694.943326669,12,2017,5,2651.83224812847,2577.38687135402
12,201706,2544.79462505271,1298,270023.613994104,12,2017,6,2553.52906140224,2561.91574699636
12,201707,2540.33797321971,1294,283673.696562082,12,2017,7,2525.27547874563,2546.44462263869
12,201708,2813.94433619807,1259,279781.115219676,12,2017,8,2775.9168956023,2532.36031625225
12,201709,2387.06848357257,1335,260018.424039051,12,2017,9,2412.90989941247,2518.27600986581
12,201710,2409.35209640974,1320,288533.045992567,12,2017,10,2433.44889198477,2504.19170347937
12,201711,2768.07581497677,1266,292251.536643566,12,2017,11,2759.3046280376,2496.93751558826
12,201712,2276.76208131192,1319,268971.886308871,12,2017,12,2320.03820022314,2489.68332769715
12,201801,2357.56871883238,1227,278563.040203095,12,2018,1,2429.98408173847,2482.42913980605
12,201802,2555.73636432156,1187,280459.342535205,12,2018,2,2519.15978255282,2486.00882905126
12,201803,2323.20053458057,1236,268178.39762287,12,2018,3,2316.19764326864,2489.58851829648
12,201804,2656.63241769138,1184,269018.402825568,12,2018,4,2573.73258175424,2493.16820754169
12,201805,2470.97596367727,1266,286699.763608178,12,2018,5,2482.23251641168,2505.96840577401
12,201806,2330.39285839838,1217,275335.565294166,12,2018,6,2345.46368773564,2518.76860400632
12,201807,2610.13366819885,1245,287754.638844095,12,2018,7,2575.09824657798,2531.56880223864
12,201808,2743.19982154237,1304,289133.208989523,12,2018,8,2715.34841891226,2545.03129919657
12,201809,2315.66259190914,1194,276026.275591148,12,2018,9,2349.50068447986,2558.49379615451
12,201810,2655.14920916524,1246,277381.944185598,12,2018,10,2669.69392977188,2571.95629311244
12,201811,2641.79346393116,1274,295520.415433775,12,2018,11,2632.69579855614,2580.19404857765
12,201812,2366.06043888223,1169,284207.239925322,12,2018,12,2424.02145002411,2588.43180404286
12,201901,2646.04275820148,1120,252274.779437573,12,2019,1,2706.91637773816,2596.66955950807
12,201902,2691.63399020639,1148,276540.275770468,12,2019,2,2665.60799223551,2599.36253633864
12,201903,2599.66671710173,1082,262783.943322248,12,2019,3,2592.98157275774,2602.0555131692
12,201904,2700.23220960129,1218,275955.344147022,12,2019,4,2608.06133772521,2604.74848999976
12,201905,2644.99954660619,1270,295792.332623087,12,2019,5,2670.82723412246,2606.82788311751
12,201906,2493.83899657898,1211,287254.56789869,12,2019,6,2505.12550058649,2608.90727623525
12,201907,2653.3007905042,1173,271802.615662265,12,2019,7,2608.34014743817,2610.986669353
12,201908,2536.80962855478,1207,302131.724250021,12,2019,8,2520.76336764606,2615.6887331271
12,201909,2529.97087823271,1154,278858.313169699,12,2019,9,2556.05488085652,2620.39079690121
12,201910,2785.62328192552,1115,268314.211880576,12,2019,10,2787.90734926228,2625.09286067532
12,201911,2594.37473026938,1068,281484.392896799,12,2019,11,2600.71272402162,2637.82935038809
12,201912,2610.47005775484,1163,296890.093930135,12,2019,12,2664.03635827206,2650.56584010086
12,202001,2591.15468847458,1103,259935.566369278,12,2020,1,2641.29336169803,2663.30232981363
12,202002,2606.74898792205,1130,282370.388186708,12,2020,2,2592.11301816962,2676.6319306097
12,202003,2397.05032934013,700,266955.24789734,12,2020,3,2391.5550237491,2689.96153140576
12,202004,2968.19682410947,673,252038.926023208,12,2020,4,2867.60066365781,2703.29113220182
12,202005,2689.5960963855,676,272678.607036011,12,2020,5,2730.81432162533,2706.32667465766
12,202006,2758.06442239371,683,292659.641527675,12,2020,6,2766.32050316675,2709.36221711349
12,202007,2807.87283427886,554,226216.506384226,12,2020,7,2753.67537101651,2712.39775956932
12,202008,2773.13032309715,648,279701.717369021,12,2020,8,2769.50061741356,2707.80570926054
12,202009,2753.49455597828,663,285307.053188075,12,2020,9,2772.35889441378,2703.21365895176
12,202010,2425.08528225477,662,268656.612033868,12,2020,10,2415.58350334524,2698.62160864298
12,202011,2945.40153484241,727,296195.544150405,12,2020,11,2967.5903760105,2688.01566284342
12,202012,2576.35433026151,714,303216.870656388,12,2020,12,2625.90609766357,2677.40971704387
12,202101,2633.87464204728,669,263338.364671934,12,2021,1,2675.03699902345,2666.80377124431
12,202102,2599.58734996431,720,300790.734819798,12,2021,2,2590.86754167369,2657.78024956687
12,202103,2525.31042178401,658,321657.542005231,12,2021,3,2513.71748635247,2648.75672788942
12,202104,2775.8867977255,632,313390.955470847,12,2021,4,2675.91782626909,2639.73320621197
12,202105,2578.46789848851,736,325304.5004008,12,2021,5,2629.32341154031,2635.36126587538
12,202106,2656.5605484622,848,314633.257622535,12,2021,6,2666.68991292369,2630.98932553878
12,202107,2970.31092599361,880,295207.983416073,12,2021,7,2916.30847664341,2626.61738520219
12,202108,2395.59202251278,957,311357.187006691,12,2021,8,2395.60796610207,2625.18898032934
12,202109,2807.73837700177,1059,313604.66306432,12,2021,9,2822.57193581189,2623.76057545648
12,202110,2631.86716458144,989,304821.325845874,12,2021,10,2613.29461492865,2622.33217058363
12,202111,2511.4814431233,1008,302226.162502876,12,2021,11,2539.40883373004,2618.63522580509
12,202112,2585.79929264589,1108,318958.921132746,12,2021,12,2634.51594774116,2614.93828102655
12,202201,2544.4909965717,938,274246.407675165,12,2022,1,2576.84633762445,2611.24133624801
12,202202,2644.3793673138,963,293992.001090245,12,2022,2,2641.71129149894,2606.96664246499
12,202203,2699.66098312879,1130,319737.625322989,12,2022,3,2682.0722595608,2602.69194868198
12,202204,2636.30123939661,1073,300241.585254015,12,2022,4,2537.03121607845,2598.41725489896
12,202205,2491.80256597762,1063,312014.867972498,12,2022,5,2552.33704342332,2595.06508392535
12,202206,2905.65643220082,1130,325447.780189262,12,2022,6,2917.6794615911,2591.71291295173
12,202207,2621.7735682557,1003,285957.564728525,12,2022,7,2567.96521871641,2588.36074197811
12,202208,2613.94640731362,1080,307181.574481903,12,2022,8,2617.59028082071,2585.95341648906
12,202209,2634.56259158082,1175,323613.578204036,12,2022,9,2645.33084615661,2583.54609100001
12,202210,2496.41503663854,1010,294362.780672579,12,2022,10,2468.72999079987,2581.13876551096
12,202211,2483.8173905179,1020,304141.872342587,12,2022,11,2517.43440428698,2581.77895187115
12,202212,2692.9536311478,1029,300927.429436387,12,2022,12,2740.79833279266,2582.41913823135
12,202301,2531.10717457577,900,268563.194819916,12,2023,1,2560.43087800805,2583.05932459155
12,202302,2466.94369592835,915,277957.771725534,12,2023,2,2467.10176156038,2584.25699560346
12,202303,2609.29094963407,1018,292811.52200795,12,2023,3,2589.77563837783,2585.45466661536
12,202304,2738.37249683422,931,271194.575878777,12,2023,4,2639.1313778156,2586.65233762727
12,202305,2497.62986168961,891,261371.10766945,12,2023,5,2562.15471551563,2593.23522542547
12,202306,2646.96459383522,1086,308355.643254816,12,2023,6,2658.7872503302,2599.81811322367
12,202307,2694.06380815029,1007,286852.355851254,12,2023,7,2639.9950805775,2606.40100102188
12,202308,2468.16330609474,1011,275462.489369953,12,2023,8,2473.87594253668,2613.19743149953
12,202309,2561.26611997867,1129,326129.784586477,12,2023,9,2569.67803727093,2619.99386197718
12,202310,2710.15009197868,975,289220.345106085,12,2023,10,2679.74709713523,2626.79029245484
12,202311,2372.87210446247,978,280185.017027772,12,2023,11,2409.81721158178,2630.70106795975
12,202312,2710.75746071705,1023,301013.051245026,12,2023,12,2756.877855277,2634.61184346466
12,202401,2678.78861253757,941,274991.444418558,12,2024,1,2705.11060354626,2638.52261896957
12,202402,2691.76205788995,954,277314.862772729,12,2024,2,2694.76172073596,2642.38120706788
12,202403,2687.58146604304,1126,314270.334386852,12,2024,3,2666.14055343587,2646.23979516619
12,202404,2690.70557110832,1031,292675.052036782,12,2024,4,2591.48230425115,2650.09838326449
12,202405,2540.03635832533,1081,295868.662249831,12,2024,5,2608.52849791812,2648.97569126566
12,202406,2679.73207332732,1097,327301.069086962,12,2024,6,2691.32898399176,2647.85299926682
12,202407,2678.00465090754,1054,292277.809650759,12,2024,7,2623.64789004436,2646.73030726799
12,202408,2674.19641816688,1129,311657.699576507,12,2024,8,2681.9558618296,2644.36772338296
12,202409,2618.99036211247,1151,336408.135827464,12,2024,9,2625.02968594994,2642.00513949794
12,202410,3029.74650999573,1034,295824.80582346,12,2024,10,2996.61589676882,2639.64255561292
12,202411,2602.25717768338,1125,314961.501328538,12,2024,11,2642.52729556683,2637.09161188921
12,202412,2484.24296568893,1028,329739.379248085,12,2024,12,2528.63812013091,2634.5406681655
12,202501,2743.32006465102,999,287091.805439399,12,2025,1,2767.4872186393,2631.9897244418
12,202502,2570.47850602935,1030,319404.272131644,12,2025,2,2575.56116037341,2637.71121160062
12,202503,2808.34639907633,1030,321133.906012615,12,2025,3,2785.18202771691,2643.43269875944
12,202504,2709.21546701058,953,276502.728174593,12,2025,4,2610.28714402585,2649.15418591827
12,202505,2398.0465950502,1094,335259.72719695,12,2025,5,2469.69374013954,2657.52426600592
12,202506,2507.09213297148,1159,344932.243378182,12,2025,6,2518.09062333056,2665.89434609356
12,202507,2683.20262090801,1071,305200.018597213,12,2025,7,2628.7555150142,2674.26442618121
12,202508,2668.26926435985,1088,346766.816446599,12,2025,8,2677.6350248972,2683.47164951973
12,202509,2718.01822844492,1076,316941.485124673,12,2025,9,2722.50113704944,2692.67887285826
12,202510,2857.52274633982,958,300462.853348467,12,2025,10,2822.49008862312,2701.88609619678
12,202511,2692.09776544141,884,314674.266200909,12,2025,11,2735.0563076437,2712.79979350523
12,202512,3161.98382176469,955,309626.569393046,12,2025,12,3204.80870007092,2723.71349081369
13,201201,2814.51002395423,1785,1291198.82646727,13,2012,1,2849.61343814736,2768.0065703336
13,201202,2691.85094843289,1749,1283156.38725833,13,2012,2,2788.07847471921,2764.81050524468
13,201203,2809.0295268805,1888,1260639.62702909,13,2012,3,2702.40991668197,2761.61444015576
13,201204,2590.1566270815,1901,1318317.28588414,13,2012,4,2599.18862252406,2758.41837506684
13,201205,2862.41243105826,1816,1219033.37421788,13,2012,5,2938.20721028706,2755.54484764762
13,201206,2808.63554664001,2010,1248806.89194702,13,2012,6,2711.35885066385,2752.6713202284
13,201207,2612.54900007063,1923,1311046.56382836,13,2012,7,2725.52178527363,2749.79779280918
13,201208,2767.91661100823,1943,1251563.57282432,13,2012,8,2835.58022929846,2747.51985884293
13,201209,2898.58454694385,2075,1278874.2019703,13,2012,9,2735.28144973922,2745.24192487668
13,201210,2536.34008440549,1972,1346679.75619415,13,2012,10,2606.83580889673,2742.96399091043
13,201211,2562.90719144945,1924,1318119.17295377,13,2012,11,2676.83365656688,2741.29362469594
13,201212,3045.59875235667,1992,1283011.63682578,13,2012,12,2831.59954291322,2739.62325848146
13,201301,2670.06374541024,1892,1299758.15687992,13,2013,1,2704.68244247274,2737.95289226697
13,201302,2725.43594732189,1940,1293464.68746653,13,2013,2,2824.00854342785,2735.45763631275
13,201303,2866.03969927887,2058,1309861.5618592,13,2013,3,2761.70960524157,2732.96238035852
13,201304,2784.57152734048,1996,1356843.55144157,13,2013,4,2790.1914805731,2730.4671244043
13,201305,2610.29191750122,1993,1342672.99286904,13,2013,5,2687.24897502777,2730.82107066583
13,201306,2810.80449955079,2062,1322404.40465105,13,2013,6,2713.71599055416,2731.17501692736
13,201307,2455.05582014327,1964,1378053.29822514,13,2013,7,2564.44318889466,2731.52896318889
13,201308,2742.67263425678,1975,1365944.1728041,13,2013,8,2811.33705654869,2730.6352846527
13,201309,2736.58600864748,2066,1340290.10832677,13,2013,9,2572.93161203856,2729.74160611651
13,201310,2611.18792863841,1946,1392492.53194431,13,2013,10,2678.571817491,2728.84792758032
13,201311,2731.25209367426,2009,1397996.84226822,13,2013,11,2845.59848299997,2731.92429447738
13,201312,3044.78025129191,2080,1376465.59194711,13,2013,12,2834.22661391408,2735.00066137445
13,201401,2621.59612570063,1881,1315844.10330329,13,2014,1,2655.74851827312,2738.07702827151
13,201402,2603.278451715,1963,1344658.87802813,13,2014,2,2704.20328169758,2741.40868991999
13,201403,3012.24037262444,2057,1362319.71192052,13,2014,3,2910.19571022169,2744.74035156847
13,201404,2612.54773278727,1899,1320904.96714794,13,2014,4,2614.74197468582,2748.07201321696
13,201405,2683.53113723696,2030,1390982.58710583,13,2014,5,2761.62721933969,2746.67161549027
13,201406,2987.40034518402,2156,1433153.6133207,13,2014,6,2890.47290158762,2745.27121776358
13,201407,2633.55927829725,1982,1366975.3615647,13,2014,7,2739.33024115995,2743.87082003688
13,201408,2595.24240574529,2046,1434198.01175156,13,2014,8,2664.88426152928,2736.81268866027
13,201409,3024.14953856979,2175,1441400.15290319,13,2014,9,2860.1280909744,2729.75455728366
13,201410,2693.22709094417,1892,1335626.8884251,13,2014,10,2757.50128148493,2722.69642590705
13,201411,2494.15284170669,2041,1419150.70273684,13,2014,11,2608.93918147646,2705.85816231037
13,201412,2954.11208365491,2086,1397706.43531847,13,2014,12,2747.05032737196,2689.01989871369
13,201501,2920.27405274745,1827,1306239.09232373,13,2015,1,2954.37428080231,2672.18163511702
13,201502,2635.59894632438,1921,1361135.67968871,13,2015,2,2741.09148604768,2651.02002227674
13,201503,2711.11191500551,2100,1390030.54416748,13,2015,3,2612.27780431108,2629.85840943646
13,201504,2675.15547007897,1881,1332646.83433355,13,2015,4,2670.46926239287,2608.69679659618
13,201505,2468.6704639776,1892,1387738.28763481,13,2015,5,2549.58214349381,2586.14708056205
13,201506,2542.33029919944,2006,1335305.91435544,13,2015,6,2445.39228071875,2563.59736452793
13,201507,2708.70426643344,1886,1376619.65069644,13,2015,7,2807.63825353424,2541.04764849381
13,201508,2363.90839584012,1863,1389337.87557107,13,2015,8,2436.68794302771,2518.38900335219
13,201509,2608.09555527046,1921,1342295.26602611,13,2015,9,2443.21757188132,2495.73035821056
13,201510,2476.47377916622,1869,1414579.19778051,13,2015,10,2534.1390937308,2473.07171306894
13,201511,2411.51551755898,1859,1426054.97724721,13,2015,11,2527.08215599606,2458.45554236456
13,201512,2600.40464457819,1905,1308534.98286284,13,2015,12,2399.90366595935,2443.83937166018
13,201601,2356.01629661836,1897,1401642.5455016,13,2016,1,2390.15848514163,2429.2232009558
13,201602,2259.91086280569,1837,1374776.06722844,13,2016,2,2370.02337372679,2419.6920115312
13,201603,2544.47215434924,1923,1306976.24097539,13,2016,3,2448.85899329125,2410.16082210659
13,201604,2277.52336157762,1925,1394384.84457166,13,2016,4,2265.93214898295,2400.62963268199
13,201605,2320.73714253931,1965,1451550.56570475,13,2016,5,2404.40491089306,2395.60132707025
13,201606,2569.37465729691,1965,1320706.56539309,13,2016,6,2472.35661856829,2390.57302145852
13,201607,2226.25810637333,1869,1356575.35760112,13,2016,7,2318.27573556089,2385.54471584679
13,201608,2301.20409704321,1908,1394437.44475751,13,2016,8,2377.07136795578,2391.86281857564
13,201609,2606.88087796722,1962,1359761.08476702,13,2016,9,2441.12580557844,2398.18092130449
13,201610,2194.55123924439,1786,1320602.47030283,13,2016,10,2245.64341344733,2404.49902403333
13,201611,2233.89515854596,1827,1390739.1235583,13,2016,11,2350.33412008535,2416.03203786784
13,201612,2566.89540577797,1859,1299681.57919038,13,2016,12,2373.11861977136,2427.56505170235
13,201701,2420.8520239619,1738,1279567.06025458,13,2017,1,2450.53483854571,2439.09806553686
13,201702,2278.12815033467,1781,1341308.70706038,13,2017,2,2403.45768047813,2454.86446817242
13,201703,2743.24025558292,1923,1292208.62392374,13,2017,3,2659.35698769367,2470.63087080798
13,201704,2558.96342628811,1764,1305042.89128688,13,2017,4,2527.84594541344,2486.39727344354
13,201705,2425.34529459616,1885,1445490.46695967,13,2017,5,2514.42275183996,2506.05601031077
13,201706,2599.3597087544,1979,1330104.32453521,13,2017,6,2504.47436725409,2525.71474717801
13,201707,2421.06293473963,1767,1285744.26075244,13,2017,7,2492.74311258996,2545.37348404525
13,201708,2507.51314281625,1845,1456825.46535038,13,2017,8,2590.31342926742,2551.11018159587
13,201709,2753.78136289548,1886,1269405.02666921,13,2017,9,2585.27307576669,2556.8468791465
13,201710,2472.46165974126,1728,1310170.90512247,13,2017,10,2507.67065548187,2562.58357669713
13,201711,2647.67330166782,1863,1491930.78451124,13,2017,11,2767.26269986091,2559.0753225102
13,201712,2986.43931351106,1894,1322056.71877831,13,2017,12,2812.77519025104,2555.56706832328
13,201801,2159.82002914236,1784,1375000.14756162,13,2018,1,2185.17160377529,2552.05881413635
13,201802,2605.42495549722,1838,1468239.30498649,13,2018,2,2746.0726733813,2545.92969202982
13,201803,2472.56326177243,1863,1332716.98350039,13,2018,3,2400.48409009985,2539.8005699233
13,201804,2219.78724812398,1714,1350549.92950636,13,2018,4,2169.22192108619,2533.67144781677
13,201805,2453.50219859728,1806,1437795.37498631,13,2018,5,2548.07198591699,2519.48726201534
13,201806,2586.98166011823,1857,1383846.53997761,13,2018,6,2494.32104772536,2505.30307621391
13,201807,2095.99567465196,1859,1398018.9449386,13,2018,7,2147.43982373747,2491.11889041248
13,201808,2409.81720805809,1789,1488789.56101746,13,2018,8,2499.65913875768,2475.1700668322
13,201809,2585.74537593555,1893,1362713.58678094,13,2018,9,2414.59970891399,2459.22124325191
13,201810,2011.41279720588,1874,1427790.02796506,13,2018,10,2030.84946569558,2443.27241967163
13,201811,2355.13128708529,1816,1487557.39755302,13,2018,11,2477.97698950769,2429.66015118888
13,201812,2556.51519779526,1817,1315001.5323967,13,2018,12,2403.03038405191,2416.04788270613
13,201901,2178.55277607266,1737,1357186.8706399,13,2019,1,2189.22906941497,2402.43561422338
13,201902,2328.55559899731,1696,1416432.66634658,13,2019,2,2480.30862462218,2390.97453417926
13,201903,2490.44025579958,1938,1386296.86767063,13,2019,3,2432.21893443043,2379.51345413514
13,201904,2236.49947920924,1928,1486024.86061644,13,2019,4,2170.18978362669,2368.05237409102
13,201905,2208.05835448304,1801,1445537.04115731,13,2019,5,2305.81972515171,2359.21507174163
13,201906,2456.18670040818,1991,1376399.36823613,13,2019,6,2380.78907457554,2350.37776939225
13,201907,2274.89496615278,1945,1507906.89632834,13,2019,7,2301.99322607451,2341.54046704287
13,201908,2304.08661330734,1811,1426902.91114029,13,2019,8,2392.71307718512,2338.96127391604
13,201909,2459.45799215085,2044,1428742.66678143,13,2019,9,2309.68666405684,2336.38208078922
13,201910,2360.5418609961,1927,1521070.02092379,13,2019,10,2355.86603281224,2333.8028876624
13,201911,1972.33179876287,1714,1416975.94327577,13,2019,11,2094.20477798335,2339.28557884574
13,201912,2446.87384158437,1953,1412402.41114028,13,2019,12,2305.7375220868,2344.76827002908
13,202001,2374.83526904399,1800,1490379.98319688,13,2020,1,2370.83703937845,2350.25096121242
13,202002,2078.74170276009,1691,1414894.2030747,13,2020,2,2241.64799295605,2357.1320488252
13,202003,2369.18191241056,1255,1399502.78191462,13,2020,3,2324.91359672266,2364.01313643799
13,202004,2630.09368471009,1049,1338387.00061998,13,2020,4,2548.14616523708,2370.89422405078
13,202005,2284.61167008325,1097,1267303.18019893,13,2020,5,2385.68255803168,2375.26415663301
13,202006,2999.5316560626,1088,1288043.33842546,13,2020,6,2941.48320586793,2379.63408921524
13,202007,2588.45923792735,1148,1366461.11336321,13,2020,7,2591.26605291001,2384.00402179746
13,202008,2217.07179097898,1143,1383736.25273831,13,2020,8,2304.45282407251,2384.30682386908
13,202009,2685.95878061088,1252,1397952.36926331,13,2020,9,2557.44741929482,2384.6096259407
13,202010,2469.87081606975,1191,1360622.32567279,13,2020,10,2440.85854449032,2384.91242801232
13,202011,2210.69046461821,1132,1514123.09507322,13,2020,11,2331.25719934236,2377.66968031511
13,202012,2498.17144897087,1129,1407030.72030824,13,2020,12,2368.94229727808,2370.42693261791
13,202101,2425.14758382756,1130,1280713.4641458,13,2021,1,2415.85576848427,2363.1841849207
13,202102,2069.70514047477,1161,1570128.73586707,13,2021,2,2233.54772145797,2352.67306604318
13,202103,2243.9542755516,1212,1359289.13369846,13,2021,3,2203.31050481333,2342.16194716567
13,202104,2538.57161728651,1207,1393904.52851322,13,2021,4,2459.32109101281,2331.65082828816
13,202105,2263.49929367212,1237,1650175.32519588,13,2021,5,2362.66905678216,2325.30667995339
13,202106,1991.6499836855,1506,1474475.31028676,13,2021,6,1945.51024065369,2318.96253161862
13,202107,2303.24933907835,1515,1499433.89090908,13,2021,7,2292.8364129135,2312.61838328385
13,202108,2219.02439388581,1570,1771643.96101045,13,2021,8,2301.97632709761,2311.79748108584
13,202109,1947.16910078806,1781,1461025.87120168,13,2021,9,1833.05145333728,2310.97657888782
13,202110,2266.81533763545,1605,1465271.28755105,13,2021,10,2228.25820985246,2310.1556766898
13,202111,2196.06116891112,1661,1722374.16201012,13,2021,11,2311.80474308452,2311.15823874371
13,202112,2031.83889387238,1786,1487377.76704575,13,2021,12,1909.90945660043,2312.16080079762
13,202201,2324.98711541375,1622,1448473.52077715,13,2022,1,2309.91888049349,2313.16336285153
13,202202,2129.56479800962,1685,1762228.41672826,13,2022,2,2293.93927985758,2321.11640135832
13,202203,2374.90794491456,1788,1579969.46900012,13,2022,3,2337.56277318016,2329.0694398651
13,202204,2458.43231491964,1701,1521474.86495758,13,2022,4,2381.62018990165,2337.02247837189
13,202205,2171.44793235993,1752,1765497.29756662,13,2022,5,2268.5253326901,2345.89618495548
13,202206,2366.65926071041,1880,1600348.9505386,13,2022,6,2332.29164803716,2354.76989153906
13,202207,2463.87692243948,1809,1605156.18279772,13,2022,7,2440.16233946004,2363.64359812265
13,202208,2262.66059861957,1775,1706508.59370594,13,2022,8,2341.13710826091,2371.29660304979
13,202209,2514.24361937139,1949,1634453.46752779,13,2022,9,2414.5089540755,2378.94960797693
13,202210,2653.76455716012,1760,1630136.88359134,13,2022,10,2605.67271410009,2386.60261290407
13,202211,2201.80862802006,1670,1681022.31100152,13,2022,11,2312.7600552061,2392.27993597754
13,202212,2512.18265914825,1810,1568114.23211316,13,2022,12,2397.60266006239,2397.95725905101
13,202301,2435.17952548662,1589,1541913.75084291,13,2023,1,2417.61183835826,2403.63458212448
13,202302,2194.66689891854,1595,1589954.27958382,13,2023,2,2360.34626193633,2407.54106161914
13,202303,2488.30790265649,1853,1572514.54303519,13,2023,3,2452.33800197094,2411.4475411138
13,202304,2538.66935927899,1650,1601324.92271883,13,2023,4,2461.03754015047,2415.35402060846
13,202305,2274.0625658868,1618,1619123.8048314,13,2023,5,2370.68562660005,2424.50843927303
13,202306,2502.08957821706,1867,1554552.92874876,13,2023,6,2471.97407753887,2433.66285793759
13,202307,2416.91791622689,1748,1668803.90099164,13,2023,7,2388.1162196277,2442.81727660216
13,202308,2308.09979570684,1660,1628911.86521341,13,2023,8,2385.49458582062,2449.31534121533
13,202309,2393.07504032242,1799,1564307.73403217,13,2023,9,2298.6516582934,2455.8134058285
13,202310,2659.3654877145,1650,1640935.59940891,13,2023,10,2607.09487391153,2462.31147044168
13,202311,2394.42408967793,1626,1675024.79880072,13,2023,11,2504.14384844561,2465.24065379596
13,202312,2649.59787203645,1736,1589007.38437536,13,2023,12,2537.27294409964,2468.16983715025
13,202401,2554.3498562322,1569,1578548.29306188,13,2024,1,2534.41293311597,2471.09902050453
13,202402,2407.3193242236,1595,1653250.50916222,13,2024,2,2574.42336665735,2470.28984590195
13,202403,2460.22944770989,1748,1547279.30477616,13,2024,3,2425.74419834517,2469.48067129937
13,202404,2489.81973740753,1684,1646000.13470986,13,2024,4,2411.46669100987,2468.67149669679
13,202405,2416.6374971973,1646,1674288.39372205,13,2024,5,2512.89377170439,2460.48607071285
13,202406,2355.52112859446,1829,1657113.2715311,13,2024,6,2329.73745045115,2452.30064472892
13,202407,2538.00169316186,1710,1700698.86601435,13,2024,7,2504.1847506118,2444.11521874498
13,202408,2414.39282241435,1712,1721381.38739106,13,2024,8,2490.77224312303,2440.30096413737
13,202409,2412.40032665144,1825,1667372.76041408,13,2024,9,2323.34906046534,2436.48670952976
13,202410,2481.55583294124,1681,1759366.2597417,13,2024,10,2425.16035612828,2432.67245492216
13,202411,2624.1188554859,1590,1669816.08384214,13,2024,11,2732.65392872509,2437.57564467905
13,202412,2459.20169797465,1728,1640657.89782501,13,2024,12,2349.17206000582,2442.47883443595
13,202501,2467.35369916082,1608,1616724.67613324,13,2025,1,2445.54330595467,2447.38202419285
13,202502,2650.75605210234,1651,1743988.35564961,13,2025,2,2818.69777335697,2458.60780652808
13,202503,2512.84775001589,1836,1771111.87976087,13,2025,3,2479.24057595866,2469.83358886331
13,202504,2378.13228938386,1695,1690967.24752169,13,2025,4,2299.36330505864,2481.05937119854
13,202505,2438.9648317055,1685,1756513.51575667,13,2025,5,2534.95842478511,2493.38196238285
13,202506,2441.52483881625,1846,1795903.08090008,13,2025,6,2419.00528679017,2505.70455356715
13,202507,2662.70522812648,1764,1766823.24567887,13,2025,7,2625.38392763867,2518.02714475146
13,202508,2556.31644605595,1656,1783772.66482804,13,2025,8,2631.97056721214,2531.17208842573
13,202509,2528.79298719671,1833,1723574.24314254,13,2025,9,2444.22108286939,2544.31703210001
13,202510,2626.53395203161,1810,1781427.24636066,13,2025,10,2566.94551765668,2557.46197577428
13,202511,2540.46887885798,1523,1795704.25922114,13,2025,11,2647.89066815907,2571.01947366944
13,202512,2626.87498560109,1657,1587789.78750744,13,2025,12,2518.41858041314,2584.5769715646
14,201201,3067.5092669926,630,173421.563894751,14,2012,1,3211.85338473592,3032.88876954438
14,201202,3118.76545112067,768,191732.2419852,14,2012,2,2893.18241381526,3053.75294287648
14,201203,3079.49140974702,627,154272.081539356,14,2012,3,3079.68590477272,3074.61711620859
14,201204,2965.33125180229,723,178102.359166578,14,2012,4,3190.81873021254,3095.4812895407
14,201205,3047.02595227701,771,178530.481367593,14,2012,5,2842.09168952251,3116.99918061391
14,201206,3418.29192461067,776,178588.249384377,14,2012,6,3445.38333055521,3138.51707168711
14,201207,2794.0709022249,731,177069.728603143,14,2012,7,2862.34129629059,3160.03496276032
14,201208,3538.20714851755,754,187446.571450977,14,2012,8,3231.6976790278,3182.76087156299
14,201209,3421.5099851199,742,181155.913113046,14,2012,9,3520.6740026011,3205.48678036565
14,201210,2736.56085593605,665,178589.765338702,14,2012,10,2957.6683581295,3228.21268916832
14,201211,3316.31075998059,648,180170.276250736,14,2012,11,3099.47146380716,3253.86192566988
14,201212,3370.22556487779,685,175660.745115208,14,2012,12,3539.49140474598,3279.51116217144
14,201301,2911.2494540189,765,172302.142776549,14,2013,1,3046.16463487307,3305.16039867301
14,201302,3597.95524928036,792,186329.103354482,14,2013,2,3376.70493021746,3324.6682621924
14,201303,3665.12109314208,729,173395.832960483,14,2013,3,3674.42546440435,3344.17612571179
14,201304,2954.17548045391,752,170710.642784524,14,2013,4,3171.77988051021,3363.68398923118
14,201305,3691.28281462378,866,194307.384895357,14,2013,5,3489.99519621805,3371.98611070576
14,201306,3602.30957973536,781,179153.484081568,14,2013,6,3636.88445359971,3380.28823218034
14,201307,2982.83346972282,795,179387.532262456,14,2013,7,3039.46078603429,3388.59035365492
14,201308,3964.38644637342,871,196491.289580458,14,2013,8,3663.58304956821,3384.6827388531
14,201309,3441.56653818351,835,194365.044000879,14,2013,9,3546.0640724658,3380.77512405128
14,201310,2896.31166184495,826,186525.838565754,14,2013,10,3105.78213880371,3376.86750924946
14,201311,3704.23206734185,802,185864.05233499,14,2013,11,3489.73583103523,3365.37896803697
14,201312,3169.98083008404,753,183751.551976846,14,2013,12,3341.60058144947,3353.89042682448
14,201401,2840.05933147137,888,193097.197614353,14,2014,1,2965.60654036225,3342.40188561199
14,201402,3835.52146488735,942,196050.622290745,14,2014,2,3618.66472566429,3334.71990197096
14,201403,3304.57846565451,856,189426.483033887,14,2014,3,3323.05347142218,3327.03791832993
14,201404,2865.82345641343,931,211131.830917134,14,2014,4,3075.60038765801,3319.3559346889
14,201405,3768.52231937962,978,200768.778794502,14,2014,5,3570.93180613828,3318.5594339277
14,201406,3135.69291607534,844,187314.72112805,14,2014,6,3177.78952927133,3317.76293316651
14,201407,2977.78130167024,891,197150.826676737,14,2014,7,3022.79162223552,3316.96643240532
14,201408,3826.3440595501,982,207269.943802681,14,2014,8,3531.25608156833,3315.69672213637
14,201409,3347.58695603021,879,187430.40690449,14,2014,9,3457.41061738334,3314.42701186743
14,201410,2865.0008583994,868,197633.114449213,14,2014,10,3062.80917016418,3313.15730159849
14,201411,3849.7135406612,1011,216125.917943124,14,2014,11,3637.51747403304,3301.2494669924
14,201412,3080.0722885629,905,204058.741781616,14,2014,12,3253.98606568314,3289.34163238632
14,201501,3070.23718468919,867,190744.89036062,14,2015,1,3183.34495828269,3277.43379778023
14,201502,4011.44861130183,945,204031.972161317,14,2015,2,3798.68188058021,3253.640281564
14,201503,3915.26792340682,892,199280.378316975,14,2015,3,3947.95554959555,3229.84676534777
14,201504,2815.95495027237,875,194636.981995928,14,2015,4,3015.94959172989,3206.05324913154
14,201505,3523.95814178438,943,199161.442294885,14,2015,5,3329.28314379454,3175.85080217497
14,201506,3207.92362179491,891,205001.99504495,14,2015,6,3263.20293647643,3145.64835521841
14,201507,2899.00334317422,842,191663.72589005,14,2015,7,2926.04889372449,3115.44590826185
14,201508,3347.42926470516,965,201816.855192451,14,2015,8,3061.69353083832,3090.76754875898
14,201509,2956.66236071503,881,197408.402203641,14,2015,9,3075.34745103417,3066.08918925611
14,201510,2702.9405164818,873,203611.643540266,14,2015,10,2882.49959241993,3041.41082975324
14,201511,3126.45736393214,925,206486.784205768,14,2015,11,2915.57002935447,3037.68375514306
14,201512,2944.66269723415,831,195170.13027013,14,2015,12,3123.11574855641,3033.95668053287
14,201601,2725.30995323272,869,197529.694174481,14,2016,1,2826.11506791843,3030.22960592269
14,201602,3073.74908445688,894,205212.386387864,14,2016,2,2865.27763393798,3038.00764714145
14,201603,3314.99007139318,891,205617.154645966,14,2016,3,3362.16408501593,3045.78568836022
14,201604,2675.25194730519,886,206355.749757192,14,2016,4,2865.80629650815,3053.56372957898
14,201605,3200.37817773343,901,199303.282779687,14,2016,5,3009.0289230471,3067.8220672287
14,201606,3254.40137061154,904,206686.8304787,14,2016,6,3323.31900377865,3082.08040487842
14,201607,3298.16313824733,891,199227.604019256,14,2016,7,3307.74492473068,3096.33874252814
14,201608,3250.40374667058,867,184119.661634312,14,2016,8,2974.54343153377,3109.63779897017
14,201609,2884.55472074642,865,207901.513257991,14,2016,9,3012.64658331364,3122.9368554122
14,201610,2956.18246195149,831,192471.247123843,14,2016,10,3118.0217116382,3136.23591185424
14,201611,3482.0681373155,833,189720.869205216,14,2016,11,3273.00301065675,3137.1696146924
14,201612,2952.00689244131,825,195726.660787791,14,2016,12,3135.45018958819,3138.10331753057
14,201701,3027.17356840086,848,189350.742981188,14,2017,1,3083.67063748491,3139.03702036873
14,201702,3420.49520768894,862,193373.696143807,14,2017,2,3232.29163871791,3134.10765710174
14,201703,3035.76006865541,839,201132.672927019,14,2017,3,3123.08709321104,3129.17829383475
14,201704,3122.83556137348,802,189846.305899779,14,2017,4,3272.0898318806,3124.24893056775
14,201705,3426.23676964652,834,184901.013588971,14,2017,5,3252.19009038914,3120.88918775174
14,201706,2629.10784153777,869,216990.86078313,14,2017,6,2731.46893884717,3117.52944493573
14,201707,3242.35663069352,844,202682.931487795,14,2017,7,3198.81142753884,3114.16970211972
14,201708,3232.93855680631,921,192421.683656356,14,2017,8,2991.56068636351,3112.31833776615
14,201709,2663.26465947242,873,216662.900527035,14,2017,9,2820.30292539656,3110.46697341258
14,201710,3369.99352029718,872,208287.807613721,14,2017,10,3476.45389963956,3108.61560905901
14,201711,3264.88992688502,961,218081.622392226,14,2017,11,3066.65503165699,3108.92383800107
14,201712,2785.00933077526,859,202566.730840836,14,2017,12,2978.09998733535,3109.23206694312
14,201801,3749.16199536276,872,206643.962663767,14,2018,1,3761.00900756421,3109.54029588518
14,201802,3328.20781020564,980,221432.569075412,14,2018,2,3159.92398749516,3113.81819544591
14,201803,2882.92422953363,844,206399.105222325,14,2018,3,3010.05000572847,3118.09609500663
14,201804,3532.18910090027,859,205288.712768588,14,2018,4,3639.79426969296,3122.37399456736
14,201805,3208.32493056338,969,225591.885838481,14,2018,5,3051.23703999144,3120.0069284037
14,201806,2748.08821425037,818,202513.445904533,14,2018,6,2883.54078180175,3117.63986224005
14,201807,3378.91334725429,835,198499.738419347,14,2018,7,3281.88095340443,3115.2727960764
14,201808,3401.8669764335,926,223791.255566913,14,2018,8,3194.57844517706,3113.59593407299
14,201809,2629.27815729168,869,210821.064690168,14,2018,9,2814.8368166146,3111.91907206959
14,201810,3406.33426300935,846,210735.375997181,14,2018,10,3456.97423537823,3110.24221006619
14,201811,3237.56913806447,941,236385.274627525,14,2018,11,3049.707410967,3116.36183249072
14,201812,2663.13765721315,782,203079.776388981,14,2018,12,2865.45318956388,3122.48145491526
14,201901,3285.62348645197,786,196623.405764147,14,2019,1,3286.58889376586,3128.60107733979
14,201902,3094.19256051816,907,233977.838825674,14,2019,2,2927.18098246316,3132.94142679335
14,201903,2956.4901476127,827,214675.50029763,14,2019,3,3089.71771256369,3137.2817762469
14,201904,3568.88606490874,799,194755.543677808,14,2019,4,3657.37364662288,3141.62212570046
14,201905,3241.21540475481,903,237201.424009604,14,2019,5,3097.38895173794,3143.90566408896
14,201906,3001.52702442803,790,197471.758695311,14,2019,6,3139.98643861676,3146.18920247745
14,201907,3346.68256524392,793,195878.095862541,14,2019,7,3265.63542240614,3148.47274086594
14,201908,3490.24005216266,864,223874.89774586,14,2019,8,3298.09522093815,3145.01890745851
14,201909,2992.02523283674,804,211233.022921252,14,2019,9,3159.75142311159,3141.56507405108
14,201910,2991.43486438663,755,200120.733085746,14,2019,10,3043.71993886182,3138.11124064365
14,201911,3143.910808429,831,226060.451617987,14,2019,11,2963.57487401242,3135.29140435655
14,201912,2939.36324370564,787,218073.039021948,14,2019,12,3118.21042035456,3132.47156806945
14,202001,3343.4674104941,802,198759.979547682,14,2020,1,3334.26523853494,3129.65173178236
14,202002,3229.79769413073,826,224554.709134591,14,2020,2,3064.72963407942,3134.17650817071
14,202003,2776.17818607798,478,210865.172209693,14,2020,3,2916.13606086699,3138.70128455906
14,202004,3905.87870716409,621,179071.272576367,14,2020,4,3975.76899368351,3143.22606094742
14,202005,3155.99858079284,646,205110.113253179,14,2020,5,3025.84562801687,3144.79222755269
14,202006,3071.91051180959,602,194442.459756197,14,2020,6,3213.67390162465,3146.35839415795
14,202007,3585.98209805568,559,169101.810355414,14,2020,7,3521.10240152216,3147.92456076322
14,202008,3209.87605345076,587,212270.592850657,14,2020,8,3032.9477744456,3127.06604095795
14,202009,3161.55215966798,570,208983.219562328,14,2020,9,3311.4093899774,3106.20752115267
14,202010,3294.43334083127,520,191473.932120048,14,2020,10,3348.23251644392,3085.3490013474
14,202011,3143.30616695684,519,242909.048924335,14,2020,11,2970.27051420079,3041.71625945492
14,202012,3036.99805945179,494,224252.793450488,14,2020,12,3192.10364294938,2998.08351756245
14,202101,3373.51836630426,479,203852.297119586,14,2021,1,3371.08418046814,2954.45077566997
14,202102,2798.8335284059,499,250299.064249499,14,2021,2,2632.1360893618,2905.01355388315
14,202103,2599.21286452192,503,228188.893137808,14,2021,3,2732.09036205538,2855.57633209632
14,202104,2643.90261962891,526,219472.758290435,14,2021,4,2719.05613235167,2806.1391103095
14,202105,2659.7239924212,528,273147.7584486,14,2021,5,2527.81194850943,2770.09992936317
14,202106,2607.36523365541,502,232127.698145181,14,2021,6,2745.82244057479,2734.06074841683
14,202107,2563.68231701304,629,224371.747457093,14,2021,7,2521.05063160282,2698.0215674705
14,202108,2802.55925223032,709,270724.316149269,14,2021,8,2626.13783410567,2691.01132777628
14,202109,2694.62401518011,662,234946.7879744,14,2021,9,2824.0195298511,2684.00108808205
14,202110,2428.80873502418,683,222645.119177513,14,2021,10,2495.12929541499,2676.99084838783
14,202111,3502.46200887085,703,274515.393501167,14,2021,11,3332.9699983435,2683.26528542619
14,202112,2448.17818335673,748,242994.357709158,14,2021,12,2590.72847045866,2689.53972246456
14,202201,2521.65461683963,708,218588.499887327,14,2022,1,2525.57217083,2695.81415950292
14,202202,3161.83048944782,687,265380.168216193,14,2022,2,2993.08513428309,2706.27834995519
14,202203,2542.79948894531,660,227697.226576423,14,2022,3,2668.17578126408,2716.74254040745
14,202204,2552.84857363779,710,221116.103614411,14,2022,4,2632.86838096487,2727.20673085972
14,202205,3091.99646168887,755,275330.203992067,14,2022,5,2957.9522914024,2749.42634173928
14,202206,2651.13138038526,717,261328.986444382,14,2022,6,2785.9617610849,2771.64595261885
14,202207,2546.88732786728,734,218631.690558329,14,2022,7,2526.23540217117,2793.86556349841
14,202208,2814.38210208804,827,287711.528571296,14,2022,8,2638.2779412164,2820.05533056485
14,202209,2596.50725501446,849,273311.233732281,14,2022,9,2705.33009820125,2846.24509763129
14,202210,2834.65177971827,715,233008.761423817,14,2022,10,2913.4648702882,2872.43486469773
14,202211,3360.75787882632,787,275352.110637781,14,2022,11,3194.86275717542,2901.84580746974
14,202212,2845.55847564333,837,287305.478865431,14,2022,12,2975.66330314985,2931.25675024175
14,202301,2870.65943519908,736,245637.84263595,14,2023,1,2876.37620960221,2960.66769301376
14,202302,3235.92626583853,777,281662.379181383,14,2023,2,3066.01622165818,2983.7337305248
14,202303,2949.37503915618,781,261775.15755027,14,2023,3,3073.05974021565,3006.79976803584
14,202304,2939.33806228034,769,244009.470437462,14,2023,4,3022.29319494895,3029.86580554687
14,202305,3242.79565759717,794,278268.303301102,14,2023,5,3108.02861375984,3030.33450473407
14,202306,2871.57643906141,731,241244.194917895,14,2023,6,3004.57438349433,3030.80320392127
14,202307,3159.82099661017,721,234064.65992062,14,2023,7,3148.71757597564,3031.27190310847
14,202308,3465.21839883842,803,277220.585109323,14,2023,8,3290.04914380129,3025.7522375723
14,202309,2913.41214583834,768,257725.628950805,14,2023,9,3014.21240528403,3020.23257203612
14,202310,2802.3703192202,814,259088.041244353,14,2023,10,2886.4022744058,3014.71290649994
14,202311,3040.30163036557,799,287765.674877184,14,2023,11,2874.01026581862,2999.0585040491
14,202312,2992.21451377995,773,260641.404473347,14,2023,12,3116.44596817923,2983.40410159825
14,202401,2613.30122246322,797,249445.512147346,14,2024,1,2620.7848958174,2967.74969914741
14,202402,3193.47544295768,773,275002.567845337,14,2024,2,3022.34808413079,2956.53018420009
14,202403,3168.83618039474,784,263708.255089035,14,2024,3,3290.75636039479,2945.31066925278
14,202404,2849.96636458194,870,278842.046071768,14,2024,4,2935.77750489095,2934.09115430547
14,202405,2825.38697414875,867,290760.880288655,14,2024,5,2689.81135115842,2943.06802282915
14,202406,2979.30531571478,824,268205.019094966,14,2024,6,3110.39100557838,2952.04489135284
14,202407,2581.5137703797,880,285686.73021245,14,2024,7,2579.88492380367,2961.02175987652
14,202408,2725.009313012,834,304070.881389363,14,2024,8,2550.71550496079,2978.10788463144
14,202409,3084.8020974452,806,263303.208408958,14,2024,9,3177.5347864557,2995.19400938636
14,202410,2823.0831502479,859,291616.510611631,14,2024,10,2912.30886473216,3012.28013414127
14,202411,3108.14214920556,813,306265.06298785,14,2024,11,2941.44931782265,3040.51154512551
14,202412,3462.10367427681,790,264644.182160666,14,2024,12,3580.47216852807,3068.74295610974
14,202501,3077.52533987752,812,286345.149013896,14,2025,1,3088.0716266642,3096.97436709397
14,202502,3269.87020905754,766,289958.423307711,14,2025,2,3096.914188505,3128.3584386319
14,202503,3085.19946875985,806,272033.524309346,14,2025,3,3204.59263670959,3159.74251016982
14,202504,3005.16132066337,841,298895.240491747,14,2025,4,3093.55440665306,3191.12658170775
14,202505,3606.58263137616,767,324694.650348822,14,2025,5,3470.26512409297,3216.78953996821
14,202506,3065.98721898769,827,279565.335024327,14,2025,6,3195.21510382387,3242.45249822867
14,202507,3085.51238563906,706,253629.88984243,14,2025,7,3091.71223048151,3268.11545648914
14,202508,3627.2114860954,763,309733.908366197,14,2025,8,3453.82910999366,3292.56690568107
14,202509,3378.6177450765,843,310695.483846045,14,2025,9,3465.43049806302,3317.01835487299
14,202510,3153.41792028178,815,299607.537124916,14,2025,10,3247.07795487877,3341.46980406492
14,202511,3534.31895146608,623,278764.143148224,14,2025,11,3367.40937330684,3364.99943260941
14,202512,3182.95956231326,900,352242.897869048,14,2025,12,3296.05593755117,3388.5290611539
15,201201,2010.81179782804,2325,2964327.25377224,15,2012,1,2124.55809151083,2187.1839587092
15,201202,2326.91698519743,2584,3040025.58622798,15,2012,2,2245.72411119896,2183.491864107
15,201203,2156.04397001161,2508,3060198.51430284,15,2012,3,2138.60461928919,2179.7997695048
15,201204,2059.11476640625,2508,3062671.17026073,15,2012,4,2163.91011990579,2176.10767490259
15,201205,2315.90497747428,2661,2972394.60962628,15,2012,5,2235.80432781677,2172.54320480062
15,201206,2202.79585906862,2473,3034588.16010249,15,2012,6,2198.83351270501,2168.97873469865
15,201207,2156.81791162461,2544,3116804.87336136,15,2012,7,2214.21249826855,2165.41426459667
15,201208,2224.67812406985,2431,2823827.61983453,15,2012,8,2112.08082900618,2161.98199975075
15,201209,2140.21123779857,2471,2979766.99785907,15,2012,9,2120.13880348955,2158.54973490482
15,201210,2368.2651820298,2624,3161182.02013542,15,2012,10,2471.49691389669,2155.1174700589
15,201211,2131.31441674235,2644,3005636.72587406,15,2012,11,2075.02747854844,2151.80036277782
15,201212,2202.74955162312,2410,2979543.28033516,15,2012,12,2196.89322692546,2148.48325549673
15,201301,2060.24647347699,2587,3195328.33827397,15,2013,1,2172.31424932116,2145.16614821565
15,201302,2152.85823755321,2675,2999150.28863559,15,2013,2,2072.18472234597,2147.80591321045
15,201303,2111.51327837497,2565,2936329.79222625,15,2013,3,2093.2616563533,2150.44567820525
15,201304,2159.13368098514,2685,3206252.09949577,15,2013,4,2264.29107748359,2153.08544320005
15,201305,2189.40315329818,2794,3002025.90062397,15,2013,5,2108.05094090432,2158.66918941794
15,201306,2105.30081374052,2543,2930640.99018192,15,2013,6,2102.16171302473,2164.25293563583
15,201307,2077.79323445755,2698,3106766.9989002,15,2013,7,2133.59299144312,2169.83668185371
15,201308,2336.54220108665,2708,2996015.88063412,15,2013,8,2224.96212670157,2175.094889505
15,201309,2319.845774125,2524,2920056.83223246,15,2013,9,2302.36239696734,2180.35309715629
15,201310,2067.15725345173,2782,3096380.91630484,15,2013,10,2169.85448613211,2185.61130480758
15,201311,2242.44338483552,2750,3091715.70431804,15,2013,11,2184.07431053533,2189.04669023698
15,201312,2199.99783544085,2554,3020062.81235176,15,2013,12,2196.97744933564,2192.48207566639
15,201401,2084.64810467965,2679,2992186.0133101,15,2014,1,2195.01657917785,2195.91746109579
15,201402,2314.34539179038,2859,3094149.7777744,15,2014,2,2234.17644644557,2195.85910109423
15,201403,2149.45396584397,2734,3080859.05738944,15,2014,3,2130.3812781728,2195.80074109267
15,201404,2145.73705743958,2720,3037310.97201681,15,2014,4,2251.25610200019,2195.74238109111
15,201405,2299.09398354104,2792,3111532.16857543,15,2014,5,2216.49821288761,2193.22986376244
15,201406,2180.24731259962,2648,3066248.63914409,15,2014,6,2177.94812314839,2190.71734643377
15,201407,2042.8753711734,2624,3010261.96464967,15,2014,7,2097.1056252573,2188.2048291051
15,201408,2407.26024536366,2714,3029233.93231281,15,2014,8,2296.72991307084,2181.14011210658
15,201409,2211.20196452373,2805,3205641.0095498,15,2014,9,2196.34736058806,2174.07539510807
15,201410,2035.57464297346,2783,3103867.35379018,15,2014,10,2137.78005215367,2167.01067810955
15,201411,2255.64970604044,2774,3021998.34084284,15,2014,11,2195.24413093604,2156.08985494719
15,201412,2252.75609333005,2719,3142425.09521015,15,2014,12,2252.6136787029,2145.16903178483
15,201501,1965.45534060743,2711,3050640.08838239,15,2015,1,2073.13356558555,2134.24820862247
15,201502,2206.13674945529,2770,3049925.93612565,15,2015,2,2126.8286898184,2122.24144042819
15,201503,2219.13464621101,2717,3092593.42285625,15,2015,3,2198.77035202026,2110.2346722339
15,201504,1862.02864771531,2759,3107478.47892656,15,2015,4,1968.28610651857,2098.22790403961
15,201505,2120.53594746319,2735,3042808.96955451,15,2015,5,2035.6940186329,2086.7217880491
15,201506,2085.44337910658,2583,3046678.03143265,15,2015,6,2085.18226130155,2075.2156720586
15,201507,1982.98569140135,2806,3238159.16984109,15,2015,7,2035.6041137156,2063.70955606809
15,201508,2187.75780849637,2807,3112590.30769776,15,2015,8,2077.48684115376,2057.56192415275
15,201509,2084.4263213517,2584,3063169.20852325,15,2015,9,2073.67660999724,2051.41429223741
15,201510,1858.72141290814,2730,3209768.60298826,15,2015,10,1960.7302987839,2045.26666032206
15,201511,2130.2581065865,2783,3192692.80361575,15,2015,11,2065.42210415603,2044.20517940423
15,201512,2051.44413268199,2631,3213052.30701338,15,2015,12,2056.37011195254,2043.14369848641
15,201601,1823.43778232013,2692,3258803.83365179,15,2016,1,1928.36693059048,2042.08221756858
15,201602,2183.98141971239,2707,3056873.88932398,15,2016,2,2105.50094231285,2042.87624830424
15,201603,2054.84944279795,2706,3228827.76863617,15,2016,3,2033.18576233415,2043.6702790399
15,201604,1913.86457833316,2680,3277452.93967607,15,2016,4,2020.89511862864,2044.46430977557
15,201605,2142.58000398972,2636,2979946.06981446,15,2016,5,2055.56903123521,2046.19076022527
15,201606,2098.892861275,2665,3116912.83450723,15,2016,6,2100.79579692545,2047.91721067498
15,201607,1917.99769514234,2641,3214096.16764399,15,2016,7,1969.17913505285,2049.64366112468
15,201608,2196.21071580157,2735,2992916.83829172,15,2016,8,2086.41459286971,2050.57934606988
15,201609,2086.48485643366,2660,3117221.07534884,15,2016,9,2080.09614721558,2051.51503101508
15,201610,2005.50940598899,2714,3206397.5485039,15,2016,10,2107.59319810644,2052.45071596029
15,201611,2012.04599181756,2721,2970846.61322635,15,2016,11,1943.0663115981,2054.96521324027
15,201612,2042.5770868948,2610,3103523.01432028,15,2016,12,2052.83317408179,2057.47971052026
15,201701,2035.20804670782,2575,3040010.95514256,15,2017,1,2134.24933855089,2059.99420780024
15,201702,1995.26614481626,2703,2891415.82724673,15,2017,2,1917.73149921962,2064.98124052804
15,201703,2164.44814158322,2642,3032370.48412616,15,2017,3,2138.07880899211,2069.96827325584
15,201704,1902.50995988937,2631,3291202.96505699,15,2017,4,2015.21468193405,2074.95530598364
15,201705,2054.26291102122,2696,2984118.10235409,15,2017,5,1958.90314202766,2082.33296016688
15,201706,2181.66670264269,2662,3045007.46145953,15,2017,6,2187.56128223932,2089.71061435011
15,201707,2105.00761301278,2606,3296645.65147683,15,2017,7,2148.79415918613,2097.08826853335
15,201708,2106.74176778472,2711,2981216.83987374,15,2017,8,2001.11754424918,2107.11035384052
15,201709,2177.78552993054,2778,3268200.06085181,15,2017,9,2184.52798007789,2117.1324391477
15,201710,2055.82408540886,2712,3467718.93277508,15,2017,10,2154.80037747685,2127.15452445488
15,201711,2150.44971864497,2744,3103188.36195617,15,2017,11,2072.08878270908,2134.21856750119
15,201712,2090.79516890743,2542,3122610.61518393,15,2017,12,2116.86750290518,2141.28261054751
15,201801,2096.44301994821,2626,3368555.87870034,15,2018,1,2188.9635428857,2148.34665359382
15,201802,2275.7778531078,2472,2838031.50742514,15,2018,2,2198.64674882993,2151.26528522359
15,201803,2220.559715205,2549,3058803.32616162,15,2018,3,2189.03306199662,2154.18391685336
15,201804,2108.18387944753,2526,3338507.07821458,15,2018,4,2226.26231018366,2157.10254848312
15,201805,2204.83221324519,2536,2981615.33330945,15,2018,5,2100.97437038705,2158.14384483005
15,201806,2117.97366483643,2612,3208227.80985975,15,2018,6,2127.88892041657,2159.18514117697
15,201807,2194.68820796126,2568,3356090.43352344,15,2018,7,2231.28720209764,2160.22643752389
15,201808,2171.94804937081,2569,3039430.3219985,15,2018,8,2070.8856196013,2157.04548507336
15,201809,2142.55442083408,2660,3180517.28807555,15,2018,9,2163.00047738604,2153.86453262283
15,201810,2103.68661922084,2638,3388077.72592989,15,2018,10,2200.28159703207,2150.6835801723
15,201811,2185.01876434459,2653,3140863.32268303,15,2018,11,2098.15649723847,2147.74757740202
15,201812,2156.23218411407,2540,3203392.58017135,15,2018,12,2199.09747409834,2144.81157463174
15,201901,2112.52278289254,2600,3387178.5112331,15,2019,1,2188.99964598993,2141.87557186147
15,201902,2158.42132468197,2446,2968408.413162,15,2019,2,2071.83489577926,2141.56774994042
15,201903,2179.93720329386,2530,3118541.77300063,15,2019,3,2171.28473737366,2141.25992801937
15,201904,2002.10721786106,2503,3290430.46082584,15,2019,4,2106.9730845533,2140.95210609832
15,201905,2183.2589604125,2554,3049797.2882596,15,2019,5,2052.16347822435,2144.2432036666
15,201906,2130.49187854003,2595,3194553.43929966,15,2019,6,2172.4293191254,2147.53430123487
15,201907,2127.75013861009,2480,3324847.14370697,15,2019,7,2152.54423616782,2150.82539880315
15,201908,2186.58027638458,2577,3121204.95532403,15,2019,8,2084.22545397621,2160.14094594167
15,201909,2123.1951398027,2559,3138080.49623224,15,2019,9,2169.81746643613,2169.45649308018
15,201910,2046.67026784382,2557,3444966.49998652,15,2019,10,2129.39032339684,2178.7720402187
15,201911,2334.63175950944,2469,3089798.94079348,15,2019,11,2230.01294258578,2194.93514901146
15,201912,2253.41823679549,2437,3235041.66028761,15,2019,12,2325.53314036888,2211.09825780421
15,202001,2085.54754077597,2512,3392010.82620451,15,2020,1,2146.15947731228,2227.26136659697
15,202002,2249.86521683406,2473,3010540.10418314,15,2020,2,2153.8815747304,2237.97283608656
15,202003,2176.94491909864,1659,3126678.00885389,15,2020,3,2191.10413003539,2248.68430557615
15,202004,2404.2491744735,1433,3285862.51716151,15,2020,4,2495.73095623731,2259.39577506575
15,202005,2610.21237806235,1331,2785263.93456384,15,2020,5,2451.59872520631,2266.31566316092
15,202006,2345.23930162789,1380,2894332.89044679,15,2020,6,2418.81558974046,2273.23555125609
15,202007,2249.59556532261,1490,3174036.1942463,15,2020,7,2262.09862268353,2280.15543935127
15,202008,2425.35306331167,1498,2837195.06190642,15,2020,8,2321.12797579209,2283.1826416877
15,202009,2124.28258257621,1462,3117522.77678812,15,2020,9,2196.41157796456,2286.20984402414
15,202010,2165.55806318042,1457,3381634.40525604,15,2020,10,2233.67282661367,2289.23704636057
15,202011,2518.36907017211,1411,3093462.56522967,15,2020,11,2395.20256503436,2280.34783087765
15,202012,2135.12092296887,1370,3116272.37473102,15,2020,12,2235.68719426307,2271.45861539473
15,202101,2150.31236317039,1320,3128567.97916058,15,2021,1,2202.27412800517,2262.5693999118
15,202102,2498.61061258349,1184,2913933.56415365,15,2021,2,2395.92158404452,2252.43565519548
15,202103,2374.40134742928,1356,3097712.80255516,15,2021,3,2404.37700230597,2242.30191047915
15,202104,2040.68218932363,1332,3199076.58171126,15,2021,4,2120.54596102112,2232.16816576283
15,202105,2604.80204943952,1334,3017011.10203985,15,2021,5,2433.99086525442,2219.93068436607
15,202106,2027.70364488619,1544,3316819.013679,15,2021,6,2117.19086377362,2207.69320296932
15,202107,2087.82618149638,1671,3118061.25607173,15,2021,7,2097.60931689422,2195.45572157257
15,202108,2466.43463541695,1802,3285642.09651284,15,2021,8,2361.21625702242,2183.33126979525
15,202109,2135.29102253424,2113,3601061.27981154,15,2021,9,2217.5640522858,2171.20681801792
15,202110,1995.27440507365,1958,3342222.21527065,15,2021,10,2056.76064140918,2159.08236624059
15,202111,2250.55992295193,2000,3277226.66353508,15,2021,11,2118.44833881036,2158.65261611781
15,202112,1959.78309882613,2207,3698144.12623779,15,2021,12,2072.61730348877,2158.22286599504
15,202201,2117.95343037561,1994,3215816.9050849,15,2022,1,2161.73671007712,2157.79311587226
15,202202,2244.18538380884,2136,3302199.29098139,15,2022,2,2135.24754852168,2168.49065947156
15,202203,2027.66909626964,2345,3664603.68458327,15,2022,3,2073.90266789225,2179.18820307087
15,202204,2040.23188669371,2167,3302825.68913595,15,2022,4,2108.84262176104,2189.88574667017
15,202205,2520.18012772995,2334,3546855.61394725,15,2022,5,2337.45988628211,2207.72405192169
15,202206,2013.09355188253,2344,3742407.0138523,15,2022,6,2118.67709923112,2225.56235717321
15,202207,2345.78234371506,2196,3581454.31580307,15,2022,7,2352.92787845612,2243.40066242474
15,202208,2420.27172228085,2370,3460979.80307498,15,2022,8,2314.03811146447,2262.96440687813
15,202209,2108.63865052457,2368,3756662.7245892,15,2022,9,2200.92951023925,2282.52815133153
15,202210,2293.52047902334,2360,3985307.18259578,15,2022,10,2348.17009932178,2302.09189578493
15,202211,2486.46567776323,2393,3479484.4776366,15,2022,11,2345.1190411392,2316.12840690542
15,202212,2171.40689352302,2285,3541647.61051294,15,2022,12,2296.17768102946,2330.16491802591
15,202301,2364.01389486582,2150,3736868.88606365,15,2023,1,2404.97950773203,2344.20142914641
15,202302,2499.12803785798,2219,3359145.06228036,15,2023,2,2387.16175017956,2355.14824940249
15,202303,2089.02578478622,2288,3439859.71928345,15,2023,3,2141.95671793375,2366.09506965858
15,202304,2511.05787696925,2144,3718177.75306979,15,2023,4,2575.85874876306,2377.04188991466
15,202305,2557.55613329105,2275,3442410.87096849,15,2023,5,2367.95019090103,2388.8654803077
15,202306,2196.29053384791,2334,3557417.95717019,15,2023,6,2308.92369541345,2400.68907070074
15,202307,2498.1826685223,2190,3815434.15414249,15,2023,7,2504.0469414489,2412.51266109378
15,202308,2460.94314649778,2326,3483691.28221994,15,2023,8,2353.41890602356,2424.58788031776
15,202309,2240.07888155928,2405,3576328.31013749,15,2023,9,2337.07715875364,2436.66309954174
15,202310,2570.90241115084,2193,3842891.51994919,15,2023,10,2623.0298667489,2448.73831876572
15,202311,2635.78471955626,2454,3660369.41880746,15,2023,11,2490.66503600565,2458.01809912253
15,202312,2181.55092811562,2204,3428716.47029922,15,2023,12,2312.86732622456,2467.29787947934
15,202401,2535.88942931347,2125,3802080.20936851,15,2024,1,2574.06338332852,2476.57765983615
15,202402,2735.8485260665,2343,3424051.86284062,15,2024,2,2620.88942767049,2482.19697963394
15,202403,2346.18645539923,2298,3434066.48041256,15,2024,3,2405.86002543485,2487.81629943172
15,202404,2502.25778727581,2299,3878822.76744448,15,2024,4,2563.28756235266,2493.4356192295
15,202405,2803.78909056129,2440,3510499.52675788,15,2024,5,2607.32970497906,2493.11644907995
15,202406,2242.12538331385,2314,3524015.41647761,15,2024,6,2361.82810798127,2492.7972789304
15,202407,2409.98422054712,2307,3888117.46082135,15,2024,7,2414.57487167919,2492.47810878085
15,202408,2780.71399673177,2364,3571292.74774584,15,2024,8,2671.89546501401,2487.03488419368
15,202409,2162.01072200132,2374,3549180.53990077,15,2024,9,2263.70145348399,2481.59165960652
15,202410,2482.91311228254,2303,3986951.9557101,15,2024,10,2532.4957758338,2476.14843501935
15,202411,2754.29929364993,2300,3556161.61751088,15,2024,11,2605.37627167124,2470.24077820862
15,202412,2142.09799500203,2135,3499971.97102861,15,2024,12,2279.92523927917,2464.33312139788
15,202501,2477.76655647616,2126,3570643.97187721,15,2025,1,2513.59788564426,2458.42546458714
15,202502,2897.59674945454,2160,3468164.28358371,15,2025,2,2779.92397917319,2453.5427159011
15,202503,2247.52815552222,2287,3608315.06135604,15,2025,3,2312.71602203544,2448.65996721506
15,202504,2475.45085409435,2327,3815523.28308034,15,2025,4,2533.4355007374,2443.77721852902
15,202505,3129.30813031394,2291,3663702.99053313,15,2025,5,2927.47293233358,2438.78084249073
15,202506,2247.49749774633,2323,3700806.55094205,15,2025,6,2372.87858809302,2433.78446645243
15,202507,2461.03843828711,2454,3728515.91971202,15,2025,7,2464.6425600656,2428.78809041414
15,202508,2453.28742368779,2308,3888973.53981437,15,2025,8,2343.32211877306,2423.92990185366
15,202509,2339.02463148699,2354,3680330.60771419,15,2025,9,2444.55883409294,2419.07171329318
15,202510,2403.49238449625,2609,3949922.06103212,15,2025,10,2450.69563348645,2414.2135247327
15,202511,2565.53200671244,2340,3993604.06861879,15,2025,11,2413.66479476199,2409.78441011722
15,202512,2715.27820014592,2190,3644351.36790239,15,2025,12,2858.73263392206,2405.35529550174
16,201201,2779.53933423463,520,249679.714861327,16,2012,1,3010.74977291076,2658.70107662765
16,201202,2677.93650268197,708,269756.151426197,16,2012,2,2432.88215707346,2659.68552601297
16,201203,2536.48019660596,582,266383.273155673,16,2012,3,2569.38303462687,2660.6699753983
16,201204,2897.49361407604,577,265680.53646548,16,2012,4,3180.16795375903,2661.65442478362
16,201205,2628.42617482229,668,254315.198048217,16,2012,5,2402.11992650579,2663.07279831102
16,201206,2519.41055124602,544,242923.478897872,16,2012,6,2589.02208532341,2664.49117183842
16,201207,2856.10398495305,558,275539.522366867,16,2012,7,3068.51224656455,2665.90954536582
16,201208,2595.70358233744,620,267115.291245518,16,2012,8,2337.97614945074,2667.88752093427
16,201209,2459.15841793484,554,265312.951380503,16,2012,9,2506.40324617213,2669.86549650273
16,201210,2847.85538487428,579,280660.17256576,16,2012,10,3048.27646418128,2671.84347207118
16,201211,2824.98315309679,640,263525.874708437,16,2012,11,2421.92011455281,2678.33716076668
16,201212,2868.21157362776,551,273426.555827366,16,2012,12,2923.92251411301,2684.83084946217
16,201301,2701.21509535863,585,281629.693460512,16,2013,1,2944.79760364933,2691.32453815767
16,201302,2484.54954165339,621,248189.163274347,16,2013,2,2228.6406188836,2698.56672188181
16,201303,2583.08058981729,595,273553.246653512,16,2013,3,2613.24412249106,2705.80890560596
16,201304,2670.24227844276,554,270186.210211764,16,2013,4,2963.01173638103,2713.0510893301
16,201305,2721.19620758905,601,246655.834847501,16,2013,5,2482.21189568295,2714.52893705667
16,201306,2655.28811655418,579,279776.274419108,16,2013,6,2721.4058294598,2716.00678478324
16,201307,3025.68182206394,583,276420.316245016,16,2013,7,3249.23480301424,2717.48463250981
16,201308,2728.13441730789,683,275334.973563395,16,2013,8,2461.25167787746,2722.07458277936
16,201309,2754.14360075727,627,282168.887072928,16,2013,9,2799.09777310262,2726.66453304891
16,201310,3193.66318249894,605,284091.435254758,16,2013,10,3402.3119293305,2731.25448331846
16,201311,2993.7209372842,709,291090.082622547,16,2013,11,2587.95430010213,2743.98625917164
16,201312,2705.66951701788,616,285214.195679568,16,2013,12,2763.2823145958,2756.71803502482
16,201401,3280.17141153981,574,267099.77630392,16,2014,1,3536.1432057425,2769.449810878
16,201402,2730.86306942751,688,274075.025433706,16,2014,2,2464.10126573064,2786.43456285743
16,201403,2855.23294947618,635,297915.821506671,16,2014,3,2882.64335297381,2803.41931483685
16,201404,3212.07663089856,589,278990.188442325,16,2014,4,3514.91886398594,2820.40406681627
16,201405,2873.83821938766,646,268831.406633197,16,2014,5,2622.14498150868,2840.68203747306
16,201406,2739.49838131876,601,303754.27126287,16,2014,6,2802.0957292346,2860.96000812985
16,201407,3068.7907791942,608,296907.923848681,16,2014,7,3303.46625423056,2881.23797878664
16,201408,3151.29012670653,658,280427.128319556,16,2014,8,2875.25155437609,2895.05172212133
16,201409,2869.83045532811,587,296557.431428401,16,2014,9,2912.51514432171,2908.86546545603
16,201410,2795.56110547347,584,272766.524883488,16,2014,10,3012.49383494314,2922.67920879072
16,201411,3390.20536121567,701,310663.389841553,16,2014,11,2981.82658308243,2919.80481541317
16,201412,2840.83574775681,542,295613.976232392,16,2014,12,2900.48446544404,2916.93042203562
16,201501,2835.70688666511,576,267265.841070374,16,2015,1,3111.51281695173,2914.05602865807
16,201502,3191.75393158439,658,288421.427735893,16,2015,2,2908.15354805607,2903.15641090176
16,201503,2836.30632195613,546,293328.540860163,16,2015,3,2859.08946102202,2892.25679314545
16,201504,2517.02347334482,550,274255.581436748,16,2015,4,2836.24507608132,2881.35717538914
16,201505,3087.38669011508,681,289072.753359666,16,2015,5,2815.23923838178,2876.50950260643
16,201506,2737.35811511024,575,298005.483277919,16,2015,6,2794.86854411876,2871.66182982372
16,201507,2659.49486277243,550,266364.616415295,16,2015,7,2911.3874232812,2866.81415704101
16,201508,2984.62637124396,648,278314.025678121,16,2015,8,2692.95701721535,2871.92651650213
16,201509,2753.08678333435,581,303496.017148013,16,2015,9,2791.92879547761,2877.03887596325
16,201510,2722.39322219854,525,265929.247069897,16,2015,10,2952.7768913809,2882.15123542437
16,201511,3139.06308563577,696,282957.408635627,16,2015,11,2725.95512220261,2896.72442501252
16,201512,3011.16172884062,604,303549.724931619,16,2015,12,3075.06598947888,2911.29761460067
16,201601,2703.55700297417,516,260069.07833162,16,2016,1,2999.242491414,2925.87080418882
16,201602,3265.25244588603,638,260973.813417233,16,2016,2,2964.83864100896,2944.65735316573
16,201603,2694.8373757558,550,281990.787248623,16,2016,3,2712.99814528605,2963.44390214264
16,201604,2821.57743648688,533,261141.577035064,16,2016,4,3157.23395757055,2982.23045111955
16,201605,3989.3389702195,695,278940.796219078,16,2016,5,3696.8435071319,2996.84253795412
16,201606,2776.99165488998,567,278890.504273636,16,2016,6,2829.66304557837,3011.45462478869
16,201607,2679.83240139785,554,289892.400019448,16,2016,7,2949.3316060534,3026.06671162326
16,201608,3577.28463616039,679,264616.300155892,16,2016,8,3270.59161241716,3038.68986545161
16,201609,2883.3328681155,582,269362.296492689,16,2016,9,2919.15686870117,3051.31301927995
16,201610,2877.24953750021,585,281718.49045809,16,2016,10,3122.17312914708,3063.9361731083
16,201611,3730.80065605974,716,277305.539737482,16,2016,11,3314.31680753759,3069.4729782235
16,201612,2706.23715775239,608,278761.636683914,16,2016,12,2776.01426367425,3075.0097833387
16,201701,2615.70330056704,566,270078.209824371,16,2017,1,2961.53573009952,3080.5465884539
16,201702,3934.56763949408,654,259637.768564531,16,2017,2,3584.51631323861,3076.43952750726
16,201703,3304.95004089347,610,292386.493194256,16,2017,3,3313.48637772556,3072.33246656062
16,201704,2447.93227257667,600,287482.842235352,16,2017,4,2825.33624128698,3068.22540561399
16,201705,4381.58291857105,653,256924.355150656,16,2017,5,4027.88344828327,3053.84889098859
16,201706,3254.56135269034,615,287741.235728731,16,2017,6,3295.56599016174,3039.4723763632
16,201707,2425.32494283824,565,283689.73847294,16,2017,7,2744.47733419692,3025.09586173781
16,201708,4176.04374819869,636,254781.828100637,16,2017,8,3826.6244870712,3007.02809278568
16,201709,3282.45104431174,633,301556.418343096,16,2017,9,3313.2955885776,2988.96032383355
16,201710,2319.58491412432,569,281595.646687222,16,2017,10,2599.88719694861,2970.89255488142
16,201711,3791.17802431191,645,256074.857921544,16,2017,11,3361.89669246794,2950.49612720639
16,201712,2677.12657366959,581,287900.675980683,16,2017,12,2761.77601200339,2930.09969953135
16,201801,2277.71273347426,524,265478.370990852,16,2018,1,2674.56951515534,2909.70327185632
16,201802,3928.6726440523,624,253626.44065211,16,2018,2,3529.62901474554,2886.38999568153
16,201803,2945.63961997962,547,281640.401509472,16,2018,3,2944.96454971185,2863.07671950673
16,201804,2291.3467349951,517,282358.604837701,16,2018,4,2710.62843966377,2839.76344333194
16,201805,3574.09049225012,633,248019.124780059,16,2018,5,3159.03456582733,2820.22544670744
16,201806,2707.1830373534,551,266701.068322204,16,2018,6,2736.0137307876,2800.68745008293
16,201807,2223.18969125801,539,340721.935472286,16,2018,7,2591.13333661429,2781.14945345843
16,201808,3286.44064184883,670,254070.502125059,16,2018,8,2893.02575305843,2765.42843975569
16,201809,2623.25431244259,549,275135.278737222,16,2018,9,2647.44255253688,2749.70742605295
16,201810,2298.76903577421,566,334647.564017383,16,2018,10,2612.31917003452,2733.98641235021
16,201811,3266.04122448705,649,240756.046287255,16,2018,11,2821.37757769025,2721.7687644052
16,201812,2593.35414674856,534,259200.886478185,16,2018,12,2689.8400993316,2709.55111646019
16,201901,2171.51725513047,528,295398.769310938,16,2019,1,2546.87012310885,2697.33346851518
16,201902,3237.8636294274,638,240984.24063462,16,2019,2,2862.75238174515,2691.3038944218
16,201903,2650.61280268059,595,290881.748489066,16,2019,3,2660.85351297643,2685.27432032841
16,201904,2224.01582630752,584,305876.831783324,16,2019,4,2623.73464940041,2679.24474623503
16,201905,3107.60414137162,709,265557.19226394,16,2019,5,2730.70369281757,2677.00643067051
16,201906,2696.49064230078,639,320510.675579665,16,2019,6,2723.21027821878,2674.768115106
16,201907,2194.32943886194,619,307999.750935078,16,2019,7,2535.29942855809,2672.52979954148
16,201908,3046.41855404433,686,245289.929512136,16,2019,8,2667.95309961694,2675.29436203724
16,201909,2708.18368075872,681,310811.343589367,16,2019,9,2732.88783262148,2678.05892453299
16,201910,2274.91734674887,620,332316.161755417,16,2019,10,2554.84839937033,2680.82348702875
16,201911,3060.54583805778,691,251928.742464057,16,2019,11,2640.11994157545,2696.85435755396
16,201912,2704.33116702725,645,305176.757978764,16,2019,12,2791.48541274722,2712.88522807918
16,202001,2280.72748098495,601,325508.615734515,16,2020,1,2633.69865381706,2728.91609860439
16,202002,3076.08697853237,634,254793.509779807,16,2020,2,2724.42610045879,2748.62697667961
16,202003,2636.40065066253,517,291794.052635421,16,2020,3,2657.47089893382,2768.33785475483
16,202004,2278.39932630574,502,327011.976653227,16,2020,4,2658.73433736398,2788.04873283005
16,202005,3499.19015612994,439,217730.062490343,16,2020,5,3160.88956711504,2799.72563553942
16,202006,2831.84623346328,444,281665.369838928,16,2020,6,2857.01883561061,2811.40253824879
16,202007,2574.735162184,455,307455.799591423,16,2020,7,2889.41516204067,2823.07944095816
16,202008,3406.02617347227,423,231336.198076122,16,2020,8,3043.21970409565,2828.22560710385
16,202009,2872.85930000217,404,266770.339850454,16,2020,9,2898.81479918827,2833.37177324954
16,202010,2575.90581350925,477,333483.683225558,16,2020,10,2822.95897724036,2838.51793939524
16,202011,3042.63806190511,388,232873.740608815,16,2020,11,2647.19686567937,2828.99341936311
16,202012,2869.55572182488,407,275543.328474281,16,2020,12,2948.14390456526,2819.46889933099
16,202101,2302.6085050682,429,304110.086895531,16,2021,1,2629.75400519572,2809.94437929887
16,202102,3079.06568471698,413,254811.07059316,16,2021,2,2754.99570743533,2791.16462814305
16,202103,3175.21290075969,386,280509.95593588,16,2021,3,3203.03633687801,2772.38487698723
16,202104,2376.40226323601,388,307563.457397856,16,2021,4,2734.63470852338,2753.60512583141
16,202105,2897.21369761386,402,248627.145869063,16,2021,5,2591.95876236813,2739.84801672249
16,202106,2932.01783450626,413,290778.538310053,16,2021,6,2959.50442753018,2726.09090761356
16,202107,2455.20233007217,437,300046.392746378,16,2021,7,2744.77711606774,2712.33379850464
16,202108,2851.86971068844,494,283519.135109051,16,2021,8,2508.67128249718,2698.6419068934
16,202109,2626.22426152173,504,310176.060346603,16,2021,9,2656.80235236098,2684.95001528216
16,202110,2449.43048158282,514,327321.261567903,16,2021,10,2664.64379891699,2671.25812367092
16,202111,2955.07344641359,527,299720.096994034,16,2021,11,2569.56219140053,2659.2153604865
16,202112,2528.45580490383,513,301541.867916,16,2021,12,2606.49758932447,2647.17259730208
16,202201,2528.09932728361,447,293167.21071902,16,2022,1,2829.74189165783,2635.12983411765
16,202202,2879.78413391019,524,300696.297634835,16,2022,2,2583.57078797948,2636.6083784685
16,202203,2541.04812646714,469,285547.983855298,16,2022,3,2575.83347459922,2638.08692281936
16,202204,2343.43262784172,475,313381.590347791,16,2022,4,2679.7584571919,2639.56546717021
16,202205,2927.02423957806,610,334655.806818495,16,2022,5,2654.99813360212,2652.16852813129
16,202206,2181.21824746944,571,327409.739235718,16,2022,6,2211.23475601321,2664.77158909238
16,202207,2308.22762032659,501,312813.559915082,16,2022,7,2572.94586624693,2677.37465005346
16,202208,3182.99637414055,692,337586.449170613,16,2022,8,2859.71091608044,2694.06063102143
16,202209,2611.56836107233,563,337330.451922747,16,2022,9,2647.13022767042,2710.7466119894
16,202210,2454.77997311793,511,311817.683599637,16,2022,10,2638.57984177869,2727.43259295737
16,202211,3223.81038387926,690,330567.236268325,16,2022,11,2848.72068142023,2748.11683187974
16,202212,2739.0078077068,560,340592.875683775,16,2022,12,2817.05471509392,2768.80107080211
16,202301,2646.91999829662,523,325930.121877,16,2023,1,2938.36513846611,2789.48530972448
16,202302,3081.1388056919,673,332279.129059892,16,2023,2,2795.75061174975,2803.21635074099
16,202303,2629.03220991407,546,334525.203417243,16,2023,3,2666.84889398917,2816.9473917575
16,202304,2798.31626283272,522,355167.481646898,16,2023,4,3125.3261091896,2830.67843277401
16,202305,2939.01858570243,639,305579.83651046,16,2023,5,2679.40656602898,2831.90748275107
16,202306,2775.3020941909,554,350304.291393564,16,2023,6,2807.09749592532,2833.13653272814
16,202307,2935.98879291407,550,367930.897352808,16,2023,7,3190.98686537502,2834.36558270521
16,202308,3023.67481809162,644,319710.856222552,16,2023,8,2707.58824514622,2822.42995400746
16,202309,2737.08225216417,547,334243.713802079,16,2023,9,2775.07693094374,2810.49432530972
16,202310,3062.34801922571,526,345704.80109729,16,2023,10,3233.992103288,2798.55869661198
16,202311,2977.82325884138,637,316454.368220986,16,2023,11,2608.11691204906,2793.05693866673
16,202312,2722.22048560823,545,323455.237466326,16,2023,12,2799.62962419222,2787.55518072148
16,202401,3076.34367328639,529,344374.051299396,16,2024,1,3357.54410635929,2782.05342277622
16,202402,2803.8858320786,667,318023.019815924,16,2024,2,2529.23725647188,2787.66304589902
16,202403,2562.98712786219,594,365897.764264902,16,2024,3,2603.7113634659,2793.27266902182
16,202404,3539.68687915751,586,376856.548120222,16,2024,4,3857.2496386702,2798.88229214462
16,202405,2745.36782824536,658,303485.64384388,16,2024,5,2498.03147158705,2814.69149296174
16,202406,2831.37145310599,590,351073.475995041,16,2024,6,2864.83009340597,2830.50069377885
16,202407,2863.84437580755,580,366706.414271121,16,2024,7,3109.02938884635,2846.30989459597
16,202408,2940.06623125743,637,288784.056009457,16,2024,8,2631.12149194082,2874.07379172348
16,202409,2949.74518506435,590,345299.778641074,16,2024,9,2990.15145901635,2901.83768885099
16,202410,3047.61832324133,579,363990.035464265,16,2024,10,3207.11509327167,2929.6015859785
16,202411,2758.47578413677,636,306298.178509706,16,2024,11,2394.19095115325,2950.5134874361
16,202412,3005.6483009017,564,336416.132319546,16,2024,12,3082.47367065525,2971.4253888937
16,202501,2985.9213378053,574,360632.614724833,16,2025,1,3258.07680171543,2992.33729035131
16,202502,2972.3263501144,616,294496.948472429,16,2025,2,2706.18972915564,3004.09603285652
16,202503,3027.23058555677,580,340576.975844395,16,2025,3,3071.10179313729,3015.85477536173
16,202504,3086.55295734997,575,363011.602465566,16,2025,4,3396.10427922343,3027.61351786694
16,202505,2993.95905804574,604,289466.175068378,16,2025,5,2756.83364176007,3036.95001410413
16,202506,2947.82773137107,598,357299.500710774,16,2025,6,2983.01468297673,3046.28651034132
16,202507,2931.36377631642,582,340690.414085682,16,2025,7,3168.30762098407,3055.62300657851
16,202508,3218.04435537429,726,315683.576570826,16,2025,8,2915.14121483811,3063.96546225341
16,202509,2888.0588703293,587,388223.74735255,16,2025,9,2930.30647425538,3072.30791792832
16,202510,3230.13424917088,575,332821.72060196,16,2025,10,3379.44580457665,3080.65037360322
16,202511,3624.655872246,696,356750.156934725,16,2025,11,3265.06919964992,3089.35207362585
16,202512,2833.92304160287,571,408866.939989562,16,2025,12,2910.26658736365,3098.05377364848
17,201201,2388.08127580921,1135,571313.688036776,17,2012,1,2360.91034678797,2498.00864318009
17,201202,2332.76733480286,993,576739.958821647,17,2012,2,2440.47900141757,2502.44041898883
17,201203,2847.56506104593,982,547308.801710218,17,2012,3,2735.93567955147,2506.87219479756
17,201204,2580.6388212527,1161,573753.406066189,17,2012,4,2562.67632544189,2511.30397060629
17,201205,2336.44557585379,1000,567511.039207056,17,2012,5,2442.15419418653,2515.37180822016
17,201206,2748.58504974589,1000,556951.140843026,17,2012,6,2615.93806072833,2519.43964583402
17,201207,2411.00565547803,1140,588133.052185849,17,2012,7,2420.15368498175,2523.50748344788
17,201208,2550.57695752855,984,578617.360192129,17,2012,8,2633.7071312745,2527.06884876428
17,201209,2782.70969521276,996,562965.673998904,17,2012,9,2707.34292134547,2530.63021408067
17,201210,2427.3078620108,1143,590363.72164536,17,2012,10,2379.00527025399,2534.19157939707
17,201211,2361.03085132346,1098,636164.100585584,17,2012,11,2464.63372087993,2531.86609866823
17,201212,2697.84034553352,966,553772.165283352,17,2012,12,2701.54408277886,2529.5406179394
17,201301,2378.00387965845,1127,561092.054412316,17,2013,1,2346.83054083859,2527.21513721056
17,201302,2410.38879246568,1114,593441.467098321,17,2013,2,2520.10613430908,2518.76724130264
17,201303,2726.69819835043,1037,558592.078495578,17,2013,3,2618.36735171538,2510.31934539472
17,201304,2502.13634412004,1145,552024.093605841,17,2013,4,2483.07307200979,2501.8714494868
17,201305,2518.24749820803,1193,635685.945526543,17,2013,5,2624.03702943527,2494.89792874936
17,201306,2686.33996125462,1012,556765.236034658,17,2013,6,2558.38984377927,2487.92440801192
17,201307,2417.69716965557,1164,574383.792559318,17,2013,7,2422.17747294671,2480.95088727448
17,201308,2307.5377943971,1114,612264.067935362,17,2013,8,2391.64462842437,2474.00913782664
17,201309,2485.01667777966,1046,557476.138189221,17,2013,9,2409.32290776486,2467.0673883788
17,201310,2408.49106467572,1188,574618.299575867,17,2013,10,2356.55030049139,2460.12563893096
17,201311,2409.36675925893,1164,622750.971577966,17,2013,11,2516.4166210969,2457.15758103939
17,201312,2437.03959174665,990,554231.117976516,17,2013,12,2439.87209177873,2454.18952314782
17,201401,2512.59173836339,1191,567938.563801616,17,2014,1,2477.45424784187,2451.22146525624
17,201402,2328.08458474149,1151,638444.784433188,17,2014,2,2439.84813949652,2458.68968915841
17,201403,2504.17438682888,1069,555551.707495494,17,2014,3,2399.18489232219,2466.15791306058
17,201404,2499.34277921438,1245,589446.820387007,17,2014,4,2479.22077049551,2473.62613696275
17,201405,2303.213172722,1164,646167.999115788,17,2014,5,2409.12487895644,2488.35307380711
17,201406,2761.13127664297,1035,551487.484018469,17,2014,6,2637.91473374634,2503.08001065146
17,201407,2422.42180712175,1183,590072.775753348,17,2014,7,2422.26652816067,2517.80694749582
17,201408,2357.86318235329,1153,636696.838576934,17,2014,8,2442.97326120115,2536.49114898948
17,201409,2632.8144802798,1128,591796.556875683,17,2014,9,2556.81473923565,2555.17535048314
17,201410,2607.5908242141,1200,584399.697547586,17,2014,10,2552.02478101299,2573.85955197679
17,201411,2559.70594857377,1173,635358.446663352,17,2014,11,2670.20756439656,2592.22338760907
17,201412,2572.40703043118,1089,585885.741939215,17,2014,12,2574.36035809579,2610.58722324135
17,201501,2678.04231124838,1218,608349.208918523,17,2015,1,2635.42710669526,2628.95105887363
17,201502,2723.11203976658,1087,577958.654816115,17,2015,2,2837.35337777941,2639.47809624247
17,201503,2842.5410533922,1093,566662.912166443,17,2015,3,2743.97229746225,2650.00513361131
17,201504,2440.62960347506,1196,589144.307627185,17,2015,4,2420.10049127012,2660.53217098016
17,201505,2616.19750809274,1107,604326.852801466,17,2015,5,2722.02506145796,2656.89559033517
17,201506,2843.30939561561,1102,572068.471640532,17,2015,6,2727.18457729336,2653.25900969019
17,201507,2708.51319963973,1162,554516.966440097,17,2015,7,2699.89983795813,2649.6224290452
17,201508,2767.74401850597,1078,584428.618089234,17,2015,8,2854.58056228264,2635.0423601452
17,201509,2642.91238005534,1030,564202.095592323,17,2015,9,2567.85741204447,2620.46229124519
17,201510,2646.15921077773,1104,570164.380634593,17,2015,10,2583.96842534903,2605.88222234518
17,201511,2526.36790048696,1057,593416.905344968,17,2015,11,2641.26558165937,2587.11765143215
17,201512,2323.45685786366,1038,580602.7117349,17,2015,12,2325.81926984542,2568.35308051911
17,201601,2635.65809868289,1149,583463.039147862,17,2016,1,2585.55191365285,2549.58850960608
17,201602,2534.78224493076,1074,581582.394668144,17,2016,2,2651.50095293016,2535.61892399794
17,201603,2465.55321766459,1096,574266.31195851,17,2016,3,2373.41764021425,2521.6493383898
17,201604,2486.39512104828,1199,565415.378006651,17,2016,4,2465.4686434149,2507.67975278166
17,201605,2342.16586884844,1121,593709.79690918,17,2016,5,2447.91630555684,2504.54490694001
17,201606,2598.3289394506,1081,592489.18576866,17,2016,6,2489.28618361882,2501.41006109837
17,201607,2433.00372161023,1154,563168.933431867,17,2016,7,2415.90591682791,2498.27521525673
17,201608,2478.36027947383,1089,600893.78829846,17,2016,8,2566.88237053386,2503.08596595013
17,201609,2409.63100333888,1032,566388.024681019,17,2016,9,2335.46533345061,2507.89671664353
17,201610,2658.38132347919,1066,551506.457088967,17,2016,10,2589.50371051468,2512.70746733693
17,201611,2628.03609533961,1058,565429.059668649,17,2016,11,2747.26114615586,2519.76950247207
17,201612,2462.54148118188,1092,609766.46268525,17,2016,12,2465.24513383319,2526.83153760721
17,201701,2457.11584604428,1103,557640.125691895,17,2017,1,2387.65225896485,2533.89357274235
17,201702,2457.41553937842,1018,524523.960839359,17,2017,2,2581.53709975935,2538.04837188939
17,201703,2712.54650486971,1081,605541.776404499,17,2017,3,2637.26503036561,2542.20317103644
17,201704,2602.50942026856,1039,547127.665568733,17,2017,4,2579.30152071533,2546.35797018348
17,201705,2480.60013914685,976,520940.069008366,17,2017,5,2588.58169912871,2551.99346943178
17,201706,2626.57925525998,1032,600644.190572908,17,2017,6,2539.03098436134,2557.62896868007
17,201707,2519.9783164621,1076,590215.149320505,17,2017,7,2479.05972407636,2563.26446792837
17,201708,2393.14005895809,935,511335.061245776,17,2017,8,2482.3015521099,2569.13629674507
17,201709,2668.23909861401,943,538045.682823572,17,2017,9,2594.59381447712,2575.00812556177
17,201710,2604.37578076759,1175,633910.792805152,17,2017,10,2517.81972928406,2580.87995437848
17,201711,2473.27703835662,1008,545290.977740068,17,2017,11,2606.80127181456,2588.996727396
17,201712,2676.49971969109,917,549886.428620607,17,2017,12,2676.30368463112,2597.11350041352
17,201801,2906.88419205729,1149,643903.245189096,17,2018,1,2818.28391395305,2605.23027343104
17,201802,2314.33494213501,1008,577557.821645632,17,2018,2,2445.94931512452,2616.50263352271
17,201803,2554.5825230547,935,532220.680556994,17,2018,3,2496.11436092631,2627.77499361439
17,201804,2882.56067647564,1114,635665.617698139,17,2018,4,2856.85464486725,2639.04735370606
17,201805,2503.43476475715,1033,579535.158175448,17,2018,5,2613.25481831236,2643.83128713077
17,201806,2594.89030632216,953,584062.647378709,17,2018,6,2528.2538400809,2648.61522055548
17,201807,2904.38303255398,1083,622949.849845247,17,2018,7,2838.87092171344,2653.39915398019
17,201808,2540.39624504491,1051,588222.483242752,17,2018,8,2629.26009182319,2654.1683171386
17,201809,2785.83875808194,1041,626132.247143069,17,2018,9,2711.61249361719,2654.93748029701
17,201810,2861.1583949469,1182,656267.569783543,17,2018,10,2755.73782722322,2655.70664345541
17,201811,2465.15624112133,1041,583863.25083051,17,2018,11,2611.70886785796,2650.72614979091
17,201812,2610.20022074526,987,618053.854879348,17,2018,12,2605.87714349586,2645.7456561264
17,201901,2768.40802627836,1081,604798.616599026,17,2019,1,2684.49659353792,2640.76516246189
17,201902,2541.16664907515,1045,564507.761644552,17,2019,2,2681.89607589522,2632.55548569775
17,201903,2593.12447071909,1047,624438.394157604,17,2019,3,2548.97209530522,2624.34580893362
17,201904,2615.77989229555,1109,623553.321939287,17,2019,4,2587.39557425613,2616.13613216948
17,201905,2624.03343211616,1034,555426.622738657,17,2019,5,2728.96149447082,2609.84170486652
17,201906,2610.01658592455,1054,638770.972616459,17,2019,6,2549.9062710238,2603.54727756355
17,201907,2583.57700658608,1082,620976.725903264,17,2019,7,2514.68481809806,2597.25285026058
17,201908,2431.94875811574,1012,570408.367724072,17,2019,8,2508.88484329411,2592.04690519152
17,201909,2775.06385181458,1075,641713.91172846,17,2019,9,2696.65283346159,2586.84096012246
17,201910,2774.11155357362,1082,607648.226152332,17,2019,10,2666.08120304357,2581.63501505339
17,201911,2268.04442374476,956,571898.457017567,17,2019,11,2417.10857262128,2571.79181982585
17,201912,2645.27380432711,1024,668038.163034262,17,2019,12,2627.02633160452,2561.9486245983
17,202001,2690.5417527706,1075,596656.33664682,17,2020,1,2612.31688859569,2552.10542937075
17,202002,2374.62232322186,953,575867.246861986,17,2020,2,2525.49322161389,2535.48712210274
17,202003,2700.56477318665,678,626360.28053713,17,2020,3,2671.78329676837,2518.86881483472
17,202004,2646.86133992723,643,573796.650755209,17,2020,4,2616.86569793504,2502.2505075667
17,202005,2273.98822380025,636,538447.309731238,17,2020,5,2375.10310762978,2480.16395893491
17,202006,2337.99242214801,626,576215.002770952,17,2020,6,2285.51012206758,2458.07741030313
17,202007,2741.68436050648,616,493659.725550648,17,2020,7,2670.53700865516,2435.99086167135
17,202008,2327.17625801426,555,543977.295202521,17,2020,8,2393.3313965326,2419.22599313418
17,202009,2425.76193104245,579,567267.926041228,17,2020,9,2344.33487439683,2402.46112459702
17,202010,2434.72843863821,532,565537.93130536,17,2020,10,2325.25002517723,2385.69625605986
17,202011,2170.64967765074,434,561817.176230086,17,2020,11,2323.38007282243,2390.56036848176
17,202012,3007.04004519904,442,531933.759045806,17,2020,12,2975.95555868724,2395.42448090366
17,202101,2419.24410942015,435,533168.177422057,17,2021,1,2351.02638946903,2400.28859332556
17,202102,2135.47681708824,359,545580.400004443,17,2021,2,2282.41018269108,2414.42627642295
17,202103,3957.05076101813,356,498671.451065399,17,2021,3,3936.37102426199,2428.56395952033
17,202104,2336.47310477682,334,542135.753784591,17,2021,4,2304.64957710187,2442.70164261772
17,202105,2386.64197047408,441,516401.182645492,17,2021,5,2479.44688321307,2462.72392358306
17,202106,2693.84584160193,636,543918.341312675,17,2021,6,2645.50732826705,2482.7462045484
17,202107,2661.71481334348,708,536318.468105505,17,2021,7,2592.90268762753,2502.76848551374
17,202108,2524.5230862377,640,615077.881742704,17,2021,8,2585.88917094901,2524.50994328228
17,202109,3241.32568569828,811,626065.965199148,17,2021,9,3165.42551702497,2546.25140105082
17,202110,2654.82047875462,791,569608.14283156,17,2021,10,2546.58516036261,2567.99285881936
17,202111,2238.36769025872,770,639308.872956351,17,2021,11,2390.3406155042,2585.354914044
17,202112,2692.13769168902,907,650186.180990983,17,2021,12,2657.07091688482,2602.71696926865
17,202201,2764.14780980355,890,629407.723686273,17,2022,1,2704.77743730342,2620.07902449329
17,202202,2342.72454108033,746,593862.692469569,17,2022,2,2484.62574189298,2640.34292177801
17,202203,2772.60493160357,955,650164.495573127,17,2022,3,2758.99746728038,2660.60681906273
17,202204,2612.86588988393,956,680431.72380343,17,2022,4,2578.32032056654,2680.87071634745
17,202205,2438.1192579392,867,659908.976313307,17,2022,5,2521.85535489752,2701.91432822326
17,202206,2982.38591185393,1048,690292.42052847,17,2022,6,2937.59532297871,2722.95794009907
17,202207,2896.21374007766,999,687412.987370958,17,2022,7,2829.30396061545,2744.00155197488
17,202208,2620.32920978553,930,689260.645283928,17,2022,8,2676.61970951367,2758.66233991133
17,202209,3242.54421729236,1041,690964.772447382,17,2022,9,3172.03075412072,2773.32312784778
17,202210,2936.53497020855,1051,714923.926917763,17,2022,10,2829.50197937172,2787.98391578423
17,202211,2791.60618935443,931,673118.791343903,17,2022,11,2942.88029211675,2796.80092205612
17,202212,2851.05628015494,998,664045.932806043,17,2022,12,2812.10933190445,2805.61792832802
17,202301,2825.18138474205,1067,731406.256347467,17,2023,1,2768.84201287839,2814.43493459991
17,202302,2680.65039638408,910,717849.43183613,17,2023,2,2822.13412130079,2815.79726513933
17,202303,2726.54312573589,1005,650647.328426676,17,2023,3,2715.05127119374,2817.15959567876
17,202304,2932.47320861509,1063,722370.559377448,17,2023,4,2897.9290301961,2818.52192621818
17,202305,2721.63121359815,975,732621.006978085,17,2023,5,2803.11358001686,2818.00423840352
17,202306,2868.11954279887,1002,629125.753878374,17,2023,6,2823.30306132951,2817.48655058887
17,202307,2682.56367913805,1127,698001.303418605,17,2023,7,2615.75607036683,2816.96886277421
17,202308,2974.10790071975,1038,765834.540035943,17,2023,8,3028.06157315539,2816.76245089571
17,202309,2934.72903445967,999,644112.580294825,17,2023,9,2865.71410995859,2816.5560390172
17,202310,2849.41975526199,1171,708523.730206245,17,2023,10,2743.08438054971,2816.3496271387
17,202311,3026.58136725434,1061,781862.870285594,17,2023,11,3177.36203187454,2816.73595584644
17,202312,2819.48574519562,977,663190.536931454,17,2023,12,2778.77571091366,2817.12228455418
17,202401,2766.88762498475,1150,706800.831221214,17,2024,1,2713.59261758959,2817.50861326193
17,202402,2921.18761377215,1013,738661.543691778,17,2024,2,3062.2613993423,2823.48828986524
17,202403,2680.99551741828,1008,686420.620024389,17,2024,3,2671.62098192391,2829.46796646856
17,202404,2744.43940955992,1152,711615.699498929,17,2024,4,2709.8975789302,2835.44764307188
17,202405,2954.34414849933,1104,787368.130308202,17,2024,5,3033.57298889345,2850.60042673353
17,202406,2778.44136878561,1048,717174.05550272,17,2024,6,2733.59755728187,2865.75321039517
17,202407,2763.33811229914,1153,730672.796009902,17,2024,7,2696.62959482346,2880.90599405682
17,202408,3060.19516738467,1115,781865.197938206,17,2024,8,3111.80622250856,2906.02409315861
17,202409,2711.82558666168,1086,746383.155302563,17,2024,9,2644.30070018815,2931.1421922604
17,202410,3106.14520955448,1175,737181.428660761,17,2024,10,3000.49781006892,2956.26029136218
17,202411,2881.45551644462,1136,815816.534351936,17,2024,11,3031.73196177005,2982.53120025596
17,202412,3087.78911020423,1027,742937.847779793,17,2024,12,3045.30468328993,3008.80210914974
17,202501,2974.40853693077,1056,682634.879049796,17,2025,1,2923.71357341742,3035.07301804352
17,202502,3295.59748947389,1092,816495.818219382,17,2025,2,3435.82340820599,3050.14229397587
17,202503,3086.49295319262,1050,711419.4048985,17,2025,3,3079.18960795322,3065.21156990823
17,202504,3254.20545184476,1073,670648.654471095,17,2025,4,3220.00523236177,3080.28084584058
17,202505,3127.09150581215,1116,829430.561634775,17,2025,5,3204.4768677325,3092.03435399889
17,202506,3142.28043670738,1085,769286.351828103,17,2025,6,3097.31970414655,3103.7878621572
17,202507,3228.76481194641,1295,738329.739593195,17,2025,7,3163.09564559162,3115.54137031552
17,202508,2993.25921970013,1070,866724.498804249,17,2025,8,3042.31362049125,3125.29497548853
17,202509,3169.41188145405,1085,780649.019929602,17,2025,9,3103.39364866128,3135.04858066154
17,202510,3215.1757156667,1223,723218.783779563,17,2025,10,3110.0986665535,3144.80218583456
17,202511,2986.99944673259,1044,928929.808434636,17,2025,11,3135.97570579183,3152.65837131106
17,202512,3900.05502652421,934,744429.938940476,17,2025,12,3856.43298251268,3160.51455678756
21,201201,1623.52970942494,3724,2149857.15390301,21,2012,1,1652.30787532483,1595.54303272757
21,201202,1602.69428326948,3604,2200182.17208346,21,2012,2,1593.99342253821,1602.78871642043
21,201203,1596.15073485484,3771,2270953.55283538,21,2012,3,1525.42459330783,1610.03440011329
21,201204,1644.53019122553,3768,2166358.22121679,21,2012,4,1698.17739012228,1617.28008380616
21,201205,1627.45750387087,3623,2133879.6691848,21,2012,5,1608.95738596728,1624.67505955974
21,201206,1521.12836267441,3720,2218328.76284271,21,2012,6,1482.10967632321,1632.07003531333
21,201207,1670.46936402094,3906,2249486.48230176,21,2012,7,1697.71765589249,1639.46501106691
21,201208,1705.41894124536,3886,2265422.46875451,21,2012,8,1716.35186751357,1647.31404875029
21,201209,1624.60546533246,3819,2227254.80939018,21,2012,9,1595.75196646661,1655.16308643366
21,201210,1635.42453140247,4006,2252104.05080497,21,2012,10,1673.21708432188,1663.01212411704
21,201211,1605.28755329397,3906,2296272.3804475,21,2012,11,1655.40255991928,1671.77494739107
21,201212,1668.37414104722,3720,2245555.91482206,21,2012,12,1625.2378755463,1680.53777066511
21,201301,1707.49903842469,3830,2170189.48924752,21,2013,1,1738.30230035299,1689.30059393915
21,201302,1790.50241546382,3826,2197213.53396483,21,2013,2,1782.48163896597,1693.63119702436
21,201303,1592.74595664057,3963,2269437.85036884,21,2013,3,1518.29540936097,1697.96180010957
21,201304,1653.06899597543,3903,2156844.02879477,21,2013,4,1708.23465664332,1702.29240319478
21,201305,1857.48101572348,3843,2208369.67414079,21,2013,5,1838.42756856825,1701.21888647638
21,201306,1780.29608275477,3789,2171123.81324794,21,2013,6,1739.5062820337,1700.14536975798
21,201307,1694.02606033213,3901,2201144.85342403,21,2013,7,1722.45604784497,1699.07185303959
21,201308,1707.17204221986,3777,2194137.9001488,21,2013,8,1719.42548259222,1692.55121717819
21,201309,1736.24375857877,3671,2120506.90849138,21,2013,9,1706.49047934657,1686.0305813168
21,201310,1643.81341720117,4035,2237423.49690981,21,2013,10,1683.14893215779,1679.50994545541
21,201311,1585.94495135756,3887,2251466.6178117,21,2013,11,1635.83498681948,1668.37891543225
21,201312,1650.02565404073,4054,2347718.29462528,21,2013,12,1605.88693462524,1657.24788540908
21,201401,1594.63296630482,4265,2313043.91470046,21,2014,1,1627.4410547572,1646.11685538592
21,201402,1700.44832372305,4171,2358044.28774523,21,2014,2,1693.08509552051,1640.06770889788
21,201403,1706.68858162271,4276,2373327.61466009,21,2014,3,1628.48882623866,1634.01856240984
21,201404,1564.97451372043,4293,2294426.65050726,21,2014,4,1621.63231100627,1627.9694159218
21,201405,1610.02702309042,4126,2370947.77140419,21,2014,5,1590.39239874902,1628.55577436815
21,201406,1580.49233067807,4154,2355545.93343843,21,2014,6,1537.90251407605,1629.1421328145
21,201407,1527.91289555105,4228,2311227.6356149,21,2014,7,1557.49462361754,1629.72849126085
21,201408,1642.33608386076,4274,2379385.91766673,21,2014,8,1655.87982086383,1630.67425993128
21,201409,1656.3405799573,4322,2437918.83977352,21,2014,9,1625.65704049952,1631.62002860171
21,201410,1659.26154505514,4256,2301086.22765436,21,2014,10,1700.11088687205,1632.56579727214
21,201411,1615.91333825875,4393,2433541.26569895,21,2014,11,1665.55061206265,1635.48280238769
21,201412,1722.61353248204,4219,2408184.09513779,21,2014,12,1677.44879100135,1638.39980750324
21,201501,1646.34459959052,4161,2251082.60959115,21,2015,1,1682.39737491237,1641.31681261879
21,201502,1607.92853412134,4107,2362629.28503114,21,2015,2,1601.62314118461,1642.68365183187
21,201503,1688.13201507929,4233,2330674.39687252,21,2015,3,1603.8773980796,1644.05049104494
21,201504,1606.16832000532,4136,2251746.46373346,21,2015,4,1665.39909017093,1645.41733025802
21,201505,1598.90288282398,4225,2390843.81242442,21,2015,5,1578.58488984167,1643.99861520142
21,201506,1694.34070521029,4191,2327510.4852049,21,2015,6,1648.90476494715,1642.57990014483
21,201507,1679.41498427303,4242,2308952.21967495,21,2015,7,1711.03755577353,1641.16118508823
21,201508,1572.96025490474,4347,2418193.74849451,21,2015,8,1588.8764226539,1640.3215328506
21,201509,1674.30980479119,4271,2419493.49961245,21,2015,9,1641.98670163171,1639.48188061296
21,201510,1677.91809007762,4157,2343178.0410306,21,2015,10,1720.54291189153,1638.64222837533
21,201511,1561.15992614341,4200,2389007.50911796,21,2015,11,1610.40290090419,1640.63962561075
21,201512,1671.26353893514,4228,2355180.80052481,21,2015,12,1624.25474733704,1642.63702284617
21,201601,1687.51765914199,4208,2355647.14054159,21,2016,1,1726.82444916742,1644.63442008159
21,201602,1477.97785143197,4274,2318748.75197197,21,2016,2,1472.7187347099,1648.73950132455
21,201603,1659.2440535728,4140,2266094.70192792,21,2016,3,1568.90212902107,1652.84458256752
21,201604,1664.85598826771,4156,2285571.50484994,21,2016,4,1726.60336386572,1656.94966381049
21,201605,1597.14930255626,4183,2263645.03784297,21,2016,5,1576.06765197471,1663.56160422907
21,201606,1689.53089773993,3989,2208924.04304337,21,2016,6,1641.14577555656,1670.17354464764
21,201607,1718.5867252281,3957,2204677.2687021,21,2016,7,1752.12431260268,1676.78548506622
21,201608,1714.85237593541,3928,2173641.29429646,21,2016,8,1732.99141734199,1688.83443137298
21,201609,1686.7074715554,4034,2196696.95923791,21,2016,9,1652.57151807678,1700.88337767974
21,201610,1651.0388935341,3931,2175666.00684349,21,2016,10,1695.24616847119,1712.9323239865
21,201611,1698.45440551108,3933,2193020.45792129,21,2016,11,1747.09031409853,1725.08356913355
21,201612,1779.99098473853,3877,2137804.86336588,21,2016,12,1730.91904149862,1737.2348142806
21,201701,1618.14307224773,3838,2154734.53172472,21,2017,1,1665.59859136955,1749.38605942766
21,201702,1795.92004452028,3836,2167745.1359289,21,2017,2,1796.95976487858,1756.86705574224
21,201703,1935.4696468883,3880,2159998.87307732,21,2017,3,1828.33788166399,1764.34805205682
21,201704,1656.07552044429,3822,2104822.59409392,21,2017,4,1723.18869348758,1771.8290483714
21,201705,1899.9743242126,3730,2168989.76540301,21,2017,5,1877.56855825367,1776.80851855546
21,201706,2056.81532300929,3787,2121405.58323047,21,2017,6,2001.37046661779,1781.78798873953
21,201707,1671.04236652113,3800,2115297.78111434,21,2017,7,1708.12972634549,1786.7674589236
21,201708,1765.08039821377,3875,2216124.4211045,21,2017,8,1788.46259008631,1789.67555805676
21,201709,2215.12082653276,4027,2261542.53783586,21,2017,9,2178.0239620717,1792.58365718992
21,201710,1721.73340181244,3845,2076152.62590384,21,2017,10,1771.77772599546,1795.49175632309
21,201711,1752.37053657719,3804,2235271.50797986,21,2017,11,1799.53251886564,1796.32355792229
21,201712,2257.78518965977,3640,2216961.44778409,21,2017,12,2204.12009019613,1797.1553595215
21,201801,1715.28130824514,3758,2014032.95900733,21,2018,1,1770.92737459896,1797.98716112071
21,201802,1774.82807660539,3515,2065945.52179441,21,2018,2,1782.28042693737,1802.00017867141
21,201803,2065.7781630159,3465,2160419.03223218,21,2018,3,1942.04232476998,1806.01319622212
21,201804,1648.61699235648,3436,1911566.34801315,21,2018,4,1721.36296162181,1810.02621377282
21,201805,1822.9528254157,3383,2000423.43096594,21,2018,5,1799.57117398194,1816.75740854817
21,201806,1966.24154671613,3321,2057680.72012942,21,2018,6,1904.17413033946,1823.48860332352
21,201807,1726.68010962939,3531,1932965.49724609,21,2018,7,1767.84336044692,1830.21979809886
21,201808,1747.37203787303,3457,1984955.67370266,21,2018,8,1776.61277658607,1835.2561553488
21,201809,1950.1298651966,3428,2069087.38427658,21,2018,9,1910.77676395878,1840.29251259874
21,201810,1722.02575707608,3625,1977217.39837607,21,2018,10,1778.66268485378,1845.32886984867
21,201811,1862.99183198435,3453,2040401.75958065,21,2018,11,1909.48632246562,1846.2662058263
21,201812,2038.96177493916,3213,1988902.0038742,21,2018,12,1981.48833703421,1847.20354180394
21,201901,1684.29368547088,3345,1852716.40584837,21,2019,1,1733.37387563693,1848.14087778157
21,201902,1969.57690680398,3205,1892762.13912355,21,2019,2,1974.06532944416,1847.89860934355
21,201903,2026.25863932675,3146,1952143.93092992,21,2019,3,1913.81579902911,1847.65634090554
21,201904,1730.040134977,3339,1915198.50723961,21,2019,4,1795.09208038276,1847.41407246752
21,201905,1813.52507519527,3396,1992891.41699258,21,2019,5,1783.50462185768,1846.89997257139
21,201906,1894.40292638021,3510,2177333.55426565,21,2019,6,1843.09769136191,1846.38587267526
21,201907,1782.60862615397,3472,1964878.26767917,21,2019,7,1818.52728517948,1845.87177277912
21,201908,1720.40527832969,3535,2086868.14842614,21,2019,8,1745.50250489331,1849.10692908819
21,201909,2081.93232585408,3514,2257827.85896103,21,2019,9,2050.12440388681,1852.34208539726
21,201910,1731.02368912428,3689,2103046.20142765,21,2019,10,1779.05379592728,1855.57724170633
21,201911,1793.06591188343,3553,2166426.82214128,21,2019,11,1843.70608441577,1862.51518215952
21,201912,2080.65412836402,3398,2335341.71672279,21,2019,12,2038.37292088976,1869.45312261271
21,202001,1806.75659994908,3562,2041071.2639679,21,2020,1,1848.364164109,1876.39106306589
21,202002,1754.71666887213,3336,2057258.96931123,21,2020,2,1755.31638727583,1878.49133007912
21,202003,2120.77573781198,2227,2183947.70447233,21,2020,3,2018.6830921916,1880.59159709235
21,202004,1852.34765282342,1962,1879050.41434727,21,2020,4,1908.79771735439,1882.69186410558
21,202005,1953.94066168016,1721,1913267.65799989,21,2020,5,1916.40849567931,1877.43089044055
21,202006,1990.84383410549,1629,1951495.08043965,21,2020,6,1949.47952222132,1872.16991677553
21,202007,1871.63475047729,2039,1767665.32442681,21,2020,7,1901.53921202173,1866.9089431105
21,202008,1866.47991563614,1969,1891878.13228768,21,2020,8,1886.72867507945,1856.61091238952
21,202009,1790.87367338238,2150,2050791.12949057,21,2020,9,1765.97062643294,1846.31288166854
21,202010,1823.99143235969,1951,1860828.92684705,21,2020,10,1862.85300169101,1836.01485094756
21,202011,1728.00017589037,1824,2022837.11074571,21,2020,11,1782.30290173253,1824.84276895553
21,202012,1722.56097555239,1947,2251852.47994672,21,2020,12,1695.07924447412,1813.6706869635
21,202101,1884.35781487212,1870,1864974.27572311,21,2021,1,1917.2971939924,1802.49860497147
21,202102,2119.59778808611,1764,1996714.03152699,21,2021,2,2123.36258443339,1794.86615988769
21,202103,1679.5902221155,1763,2230591.20072151,21,2021,3,1586.17130491746,1787.23371480391
21,202104,1742.40302614919,1789,1959635.54451589,21,2021,4,1790.24854033696,1779.60126972012
21,202105,1939.78894338549,1936,2222232.29008393,21,2021,5,1902.11670588387,1775.01587809374
21,202106,1730.39419143947,2270,2121455.03858577,21,2021,6,1689.97470573327,1770.43048646735
21,202107,1676.61756150968,2667,2103700.55630907,21,2021,7,1701.808459151,1765.84509484096
21,202108,1824.87175947345,2564,2259926.47682527,21,2021,8,1845.70332995604,1762.20538001507
21,202109,1804.50409539717,2648,2220589.45471329,21,2021,9,1780.45800767696,1758.56566518919
21,202110,1673.46912047696,2831,2174658.52605553,21,2021,10,1704.05308156657,1754.9259503633
21,202111,1756.99375331128,2700,2282543.09010354,21,2021,11,1814.0347277597,1754.38024064128
21,202112,1728.57561036809,2747,2303939.25468839,21,2021,12,1709.97628819879,1753.83453091925
21,202201,1645.1548252789,2967,2121732.00926539,21,2022,1,1670.09812774455,1753.28882119722
21,202202,1799.73090831093,2850,2309987.56248561,21,2022,2,1807.2908266262,1758.53438213903
21,202203,1833.59936586503,2702,2272609.58516008,21,2022,3,1749.44215675313,1763.77994308084
21,202204,1686.08155836625,3022,2232671.34958035,21,2022,4,1725.83404265205,1769.02550402264
21,202205,1766.39976034967,3168,2399052.69900483,21,2022,5,1729.02251256598,1781.13400154042
21,202206,1723.8347806983,3211,2463384.6980449,21,2022,6,1684.70355866513,1793.2424990582
21,202207,1890.50191332891,3460,2378413.75895973,21,2022,7,1911.23106083852,1805.35099657598
21,202208,1783.01628981156,3296,2438768.78636325,21,2022,8,1804.59046455837,1820.80090278342
21,202209,1816.38044581015,3358,2577695.32815328,21,2022,9,1793.25908999765,1836.25080899086
21,202210,1889.34482267378,3449,2485488.66819324,21,2022,10,1911.64630359096,1851.7007151983
21,202211,1732.63809147807,3240,2429596.30274873,21,2022,11,1792.33979799282,1864.30069904769
21,202212,1963.29210640774,3184,2461229.81994119,21,2022,12,1953.45399837398,1876.90068289708
21,202301,1916.36786105983,3225,2389185.38357831,21,2023,1,1938.08395824708,1889.50066674647
21,202302,2001.66444857633,2967,2230941.02514492,21,2023,2,2009.86414295571,1897.67028313381
21,202303,1919.473108825,2936,2330459.79698588,21,2023,3,1839.22996155627,1905.83989952115
21,202304,1942.09463043418,3122,2396459.9432367,21,2023,4,1978.59271207111,1914.00951590849
21,202305,1952.96608129153,3005,2314360.37164517,21,2023,5,1915.23475010124,1919.06884576478
21,202306,1892.05891282369,3081,2259507.80790624,21,2023,6,1854.52060492176,1924.12817562108
21,202307,1880.91424996104,3243,2410593.65274266,21,2023,7,1899.60947306468,1929.18750547738
21,202308,1981.14032925355,3197,2486635.34891882,21,2023,8,2002.21375192222,1934.74160817642
21,202309,1884.1483142282,3158,2276647.74292752,21,2023,9,1861.93917651743,1940.29571087547
21,202310,1946.48632240706,3178,2432536.8019809,21,2023,10,1965.38156902731,1945.84981357452
21,202311,1899.56004965017,3220,2459508.78591562,21,2023,11,1960.4213271717,1957.43817260662
21,202312,1880.54326952684,3026,2278451.47993319,21,2023,12,1874.03415811507,1969.02653163872
21,202401,2065.6224846707,3072,2231612.36961721,21,2024,1,2084.20253560863,1980.61489067082
21,202402,1928.24952592306,3024,2258239.15441228,21,2024,2,1937.19772639911,1993.49070102226
21,202403,1961.6182361869,3052,2268011.82175026,21,2024,3,1885.41545179738,2006.3665113737
21,202404,2044.02098300819,3213,2335201.26751498,21,2024,4,2077.39223043273,2019.24232172514
21,202405,2179.1497591054,3125,2360247.43937159,21,2024,5,2141.19318034547,2028.67198455574
21,202406,2014.765675178,3190,2338015.49696511,21,2024,6,1978.94090274549,2038.10164738635
21,202407,2108.12950927946,3391,2408798.5696006,21,2024,7,2124.90321481654,2047.53131021695
21,202408,2075.32395664915,3193,2353134.64862489,21,2024,8,2095.9921903249,2052.13888017171
21,202409,2050.40094228259,3284,2441580.10286672,21,2024,9,2029.18274200459,2056.74645012648
21,202410,2167.86479130948,3447,2492356.66732525,21,2024,10,2183.41263351302,2061.35402008124
21,202411,1998.81745612425,3171,2431545.41065676,21,2024,11,2060.87724508196,2061.54649720921
21,202412,1987.80940983506,3026,2318122.53167614,21,2024,12,1984.65254388441,2061.73897433718
21,202501,2108.13347617662,3389,2456658.69388232,21,2025,1,2124.05549020482,2061.93145146515
21,202502,1963.29328276585,3051,2379266.21055639,21,2025,2,1972.62912119814,2060.93887463368
21,202503,2096.8907185322,3239,2400987.16362967,21,2025,3,2024.23743670569,2059.94629780221
21,202504,2117.12550072539,3388,2443580.10024192,21,2025,4,2147.91657507661,2058.95372097074
21,202505,1963.29713308272,3204,2527959.51618402,21,2025,5,1925.03079002927,2057.59355030312
21,202506,2250.71485967373,3344,2528988.46443316,21,2025,6,2216.62109164654,2056.23337963549
21,202507,2058.42997436288,3644,2653062.19456664,21,2025,7,2073.55961336578,2054.87320896787
21,202508,1918.79300246118,3308,2721142.08845876,21,2025,8,1938.85267396913,2053.80788301194
21,202509,2130.80149443525,3586,2606834.47903825,21,2025,9,2110.64749050825,2052.74255705601
21,202510,2090.89209475019,3829,2802062.91666861,21,2025,10,2103.59701029977,2051.67723110008
21,202511,1960.13678307853,3014,2766277.62098944,21,2025,11,2023.09778760685,2050.74464809883
21,202512,2026.62592042488,3265,2656918.19633744,21,2025,12,2026.18216147277,2049.81206509758
22,201201,1671.91243893988,1704,1230108.80424769,22,2012,1,1792.17612988983,1794.06442444007
22,201202,1939.68271103847,1618,1251021.00567027,22,2012,2,1899.73131040185,1797.7651174187
22,201203,1798.46594083443,1602,1179549.5292619,22,2012,3,1699.30447996173,1801.46581039732
22,201204,1665.36077666079,1808,1282117.8608854,22,2012,4,1755.64710570078,1805.16650337595
22,201205,1893.25630783869,1652,1226198.95101239,22,2012,5,1871.7747311489,1808.94481054525
22,201206,1854.27445891197,1725,1228355.50079965,22,2012,6,1792.93685773085,1812.72311771456
22,201207,1639.61224619168,1844,1284732.62548667,22,2012,7,1765.58475529523,1816.50142488387
22,201208,1959.2002750477,1668,1236722.1308521,22,2012,8,1899.96281520905,1820.90732803887
22,201209,1964.83091937699,1714,1251866.44914788,22,2012,9,1890.12804669484,1825.31323119386
22,201210,1689.9516705535,1812,1248360.66708513,22,2012,10,1770.91621561637,1829.71913434886
22,201211,1805.2934717703,1678,1287083.7444444,22,2012,11,1806.24336055941,1839.52370487615
22,201212,1899.42044214259,1637,1199663.57145243,22,2012,12,1839.51224959927,1849.32827540344
22,201301,1690.29202837866,1736,1209611.97518515,22,2013,1,1807.89216410722,1859.13284593073
22,201302,1895.03143203061,1611,1252998.06675745,22,2013,2,1855.77761993459,1874.76577034548
22,201303,1901.21292479292,1700,1232177.0482317,22,2013,3,1802.17763042443,1890.39869476023
22,201304,1797.56725502139,1732,1209954.60527264,22,2013,4,1884.61127654947,1906.03161917498
22,201305,1939.95116485623,1625,1257106.50718672,22,2013,5,1919.68679338291,1922.46498553005
22,201306,1951.40706422697,1734,1273727.76973037,22,2013,6,1891.86272473236,1938.89835188511
22,201307,1963.64068694849,1747,1217445.31935175,22,2013,7,2086.08929657435,1955.33171824018
22,201308,2148.91469012973,1614,1234609.79137475,22,2013,8,2091.46848552347,1969.2399983192
22,201309,2059.07750503546,1709,1270575.57518566,22,2013,9,1987.65553132492,1983.14827839823
22,201310,1943.4017175841,1748,1234734.79492418,22,2013,10,2023.1268749793,1997.05655847726
22,201311,2025.17990196202,1646,1280559.99996503,22,2013,11,2023.49971728408,2002.80702755296
22,201312,2120.45187487307,1717,1268907.38760773,22,2013,12,2065.27260909315,2008.55749662867
22,201401,1707.63801937377,1812,1271063.85680783,22,2014,1,1822.53637504523,2014.30796570437
22,201402,2101.46462202568,1690,1318046.76975269,22,2014,2,2062.87525682459,2012.53344111841
22,201403,2204.69177531996,1699,1255511.12320077,22,2014,3,2105.75458900004,2010.75891653244
22,201404,1814.03079034477,1818,1277627.69581237,22,2014,4,1897.8142500437,2008.98439194648
22,201405,2143.04825688458,1747,1379559.95859806,22,2014,5,2123.99264044893,2007.59208267191
22,201406,2059.42715626588,1713,1245113.48394034,22,2014,6,2001.67875370764,2006.19977339734
22,201407,1753.2647840721,1804,1258903.06490367,22,2014,7,1872.20329489874,2004.80746412277
22,201408,2165.43774753995,1770,1434112.68376144,22,2014,8,2109.80597968212,2002.48962868909
22,201409,2003.41918151318,1749,1272480.0182896,22,2014,9,1935.31066912784,2000.17179325542
22,201410,1923.3153081494,1839,1262652.66370204,22,2014,10,2001.83762535001,1997.85395782175
22,201411,2023.66088697625,1744,1378796.11979032,22,2014,11,2019.39116142382,1995.58442492104
22,201412,2044.08898109392,1719,1302948.36459295,22,2014,12,1993.67479913875,1993.31489202033
22,201501,1931.68625409358,1738,1224529.02156682,22,2015,1,2042.96631374021,1991.04535911962
22,201502,1985.64916167641,1715,1337746.37597712,22,2015,2,1948.6491621456,1990.30875729778
22,201503,2031.78811333539,1757,1284794.88620862,22,2015,3,1932.68531758737,1989.57215547594
22,201504,1956.73142383777,1774,1241614.58563001,22,2015,4,2035.43095299583,1988.8355536541
22,201505,1964.56801437329,1665,1322389.27527511,22,2015,5,1947.10663163635,1988.47768357071
22,201506,2118.81110416255,1749,1323406.36670052,22,2015,6,2063.82206456317,1988.11981348732
22,201507,1797.42537859232,1787,1278875.41445291,22,2015,7,1910.90932082912,1987.76194340394
22,201508,1991.11855432497,1642,1289435.84142806,22,2015,8,1938.52353934194,1989.12675650238
22,201509,2174.62255437813,1657,1241803.01340838,22,2015,9,2112.42355875357,1990.49156960082
22,201510,1893.83030183144,1711,1274793.89812955,22,2015,10,1969.79916783317,1991.85638269925
22,201511,1902.67552241766,1575,1294055.0711764,22,2015,11,1893.93207843109,1994.15898556176
22,201512,2257.32866785462,1663,1226207.39911662,22,2015,12,2214.45701839341,1996.46158842427
22,201601,1804.00606928526,1669,1203714.55656204,22,2016,1,1911.57379859389,1998.76419128678
22,201602,1986.72342068071,1547,1297539.52813214,22,2016,2,1951.2707330149,2000.8970233311
22,201603,2258.42176000717,1582,1181821.46720617,22,2016,3,2159.16328153366,2003.02985537541
22,201604,1773.22972114277,1665,1170646.2418414,22,2016,4,1846.93172772998,2005.16268741973
22,201605,2067.18051462493,1479,1233680.27822107,22,2016,5,2051.47625482414,2008.93057339316
22,201606,2323.90432927605,1571,1216734.93480286,22,2016,6,2271.91543763407,2012.69845936658
22,201607,1790.30659080174,1541,1120685.09282155,22,2016,7,1898.65464520832,2016.46634534
22,201608,1968.89725291995,1532,1313417.4477974,22,2016,8,1919.71216755787,2020.61639380928
22,201609,2195.2222113827,1605,1187737.0017867,22,2016,9,2139.36040525156,2024.76644227855
22,201610,1966.65084409835,1570,1112530.87664237,22,2016,10,2040.49919896247,2028.91649074782
22,201611,1847.51896015965,1577,1324938.37760016,22,2016,11,1834.74000512881,2027.15550181972
22,201612,2150.53102162365,1630,1224765.36142774,22,2016,12,2115.57717584166,2025.39451289161
22,201701,1994.14968539655,1545,1100081.82629295,22,2017,1,2089.21621835067,2023.63352396351
22,201702,2063.2923766673,1450,1229251.09988118,22,2017,2,2031.44002029283,2019.28124144535
22,201703,2350.87900006529,1574,1179930.51566056,22,2017,3,2251.69914941086,2014.92895892719
22,201704,1934.32942036084,1603,1205323.33391043,22,2017,4,1993.93584060565,2010.57667640902
22,201705,1899.68345533191,1447,1214150.06175148,22,2017,5,1889.17552256075,2008.64417470393
22,201706,2404.34236410928,1567,1185342.79161507,22,2017,6,2359.16193210288,2006.71167299883
22,201707,1828.99588343759,1612,1211229.92976024,22,2017,7,1923.80518679795,2004.77917129374
22,201708,1897.43102612423,1551,1279282.42090446,22,2017,8,1862.04149996555,2000.492300654
22,201709,2394.05792434052,1580,1167966.95519414,22,2017,9,2352.08259828506,1996.20543001426
22,201710,1837.8617089729,1603,1217638.04443069,22,2017,10,1906.03837324764,1991.91855937452
22,201711,2043.1541451676,1512,1201410.72667727,22,2017,11,2018.79394114132,1992.03436340596
22,201712,2201.39045166196,1511,1155085.61702702,22,2017,12,2187.30419909233,1992.15016743739
22,201801,1928.35988142806,1565,1203094.57394615,22,2018,1,2009.80280175894,1992.26597146883
22,201802,1975.57434923482,1463,1146221.42056461,22,2018,2,1946.24540891535,1993.73055017532
22,201803,2079.92413905864,1504,1160643.80974169,22,2018,3,1979.79150201931,1995.19512888182
22,201804,2056.60248523353,1569,1183215.21631892,22,2018,4,2101.15761670916,1996.65970758831
22,201805,1909.21012459724,1483,1151858.90082366,22,2018,5,1903.01852820616,1997.60498097647
22,201806,1972.63901574002,1546,1190748.33250192,22,2018,6,1933.47825037087,1998.55025436463
22,201807,2000.53425581281,1653,1229639.02753052,22,2018,7,2081.10721277983,1999.49552775279
22,201808,1975.8129179285,1540,1195485.36176419,22,2018,8,1953.61856888517,2004.56780792968
22,201809,1896.86748559907,1573,1209509.68675217,22,2018,9,1868.2754707903,2009.64008810656
22,201810,2015.89596108048,1707,1254284.04588081,22,2018,10,2077.99124795314,2014.71236828345
22,201811,2081.11232089284,1493,1187745.22954158,22,2018,11,2044.85466307471,2018.5771999634
22,201812,1935.17924921785,1509,1201608.77309581,22,2018,12,1941.72894335898,2022.44203164335
22,201901,2247.90890669306,1620,1195001.16392741,22,2019,1,2319.49514062653,2026.3068633233
22,201902,2085.21681684282,1438,1143229.81128874,22,2019,2,2040.60598145919,2024.7659838467
22,201903,2098.03417185336,1556,1246556.28326429,22,2019,3,2029.75984396548,2023.2251043701
22,201904,2170.84271911499,1585,1200009.15447733,22,2019,4,2201.39862737885,2021.6842248935
22,201905,2058.25527876221,1497,1184920.43556357,22,2019,5,2036.15550068767,2012.06931750658
22,201906,1925.89303865487,1561,1258714.87097654,22,2019,6,1919.67987361402,2002.45441011966
22,201907,1992.06737469924,1665,1310067.98976326,22,2019,7,2032.82550267175,1992.83950273274
22,201908,2089.08009256604,1485,1191764.63595594,22,2019,8,2058.21535573477,1980.86375036473
22,201909,1922.59324391036,1566,1276765.63214029,22,2019,9,1929.79973189704,1968.88799799671
22,201910,1823.24481952165,1555,1215027.91733743,22,2019,10,1882.39428796524,1956.9122456287
22,201911,1998.19860317924,1467,1160415.99041042,22,2019,11,1933.65728015896,1954.44648609184
22,201912,1827.53278802113,1518,1297224.87152774,22,2019,12,1867.45181302464,1951.98072655498
22,202001,1840.04721820893,1488,1161788.31402311,22,2020,1,1902.08697931629,1949.51496701812
22,202002,1905.62349842751,1433,1153053.75361584,22,2020,2,1845.97318858381,1957.299096097
22,202003,2048.86292712898,952,1206588.22465927,22,2020,3,2012.62153602943,1965.08322517588
22,202004,1926.28826555477,850,1085399.28782735,22,2020,4,1942.94744113006,1972.86735425476
22,202005,1908.58939219566,882,964546.522146401,22,2020,5,1870.61178584714,1981.14847687015
22,202006,2193.73285344527,829,1010956.59139755,22,2020,6,2220.44088773996,1989.42959948553
22,202007,2035.13599430661,903,1083367.38494027,22,2020,7,2035.99613788961,1997.71072210091
22,202008,2076.38845406481,867,1034965.59478265,22,2020,8,2036.7517028104,1998.55693903656
22,202009,2066.15471139075,912,1220585.35503431,22,2020,9,2109.03960429749,1999.40315597221
22,202010,2065.94546506568,845,1176676.53911188,22,2020,10,2122.06971495123,2000.24937290787
22,202011,2053.21933473392,728,1101454.38973184,22,2020,11,1960.35564412892,1989.91285602662
22,202012,1925.87622535601,809,1272296.74638154,22,2020,12,1999.22017607702,1979.57633914538
22,202101,1899.51478672549,830,1167439.78123788,22,2021,1,1953.92876501932,1969.23982226413
22,202102,2071.24699378439,663,1095259.84628996,22,2021,2,2002.72407471408,1958.80577791311
22,202103,1891.61314641161,754,1273369.9935185,22,2021,3,1874.59509591969,1948.37173356209
22,202104,1727.39970309524,869,1207242.95144568,22,2021,4,1739.14716996858,1937.93768921106
22,202105,2066.42498757082,799,1144688.11460807,22,2021,5,2018.24003547029,1933.61183070171
22,202106,1825.78077278387,1000,1302940.55743179,22,2021,6,1865.48038565238,1929.28597219237
22,202107,1756.97202936845,1089,1217469.14611905,22,2021,7,1742.77028065123,1924.96011368302
22,202108,2359.68538826251,1035,1263007.46783881,22,2021,8,2311.88642690316,1929.60392652472
22,202109,1906.84723537024,1151,1289206.6399594,22,2021,9,1964.61900881835,1934.24773936642
22,202110,1867.738702212,1141,1234696.66076053,22,2021,10,1926.68134380829,1938.89155220811
22,202111,2259.72427246106,1146,1331173.71046552,22,2021,11,2151.83608093282,1953.18276081501
22,202112,1771.65478371867,1342,1312422.65743047,22,2021,12,1856.0007181686,1967.47396942191
22,202201,1754.31082558471,1312,1207499.58357688,22,2022,1,1802.41406985452,1981.76517802881
22,202202,2154.61543648217,1216,1330118.87689563,22,2022,2,2078.43592572248,1996.25794677111
22,202203,1816.0720801707,1387,1294284.6364293,22,2022,3,1819.39435657132,2010.75071551341
22,202204,2105.8156434418,1280,1211564.5551768,22,2022,4,2113.61973950678,2025.24348425572
22,202205,2220.73301575495,1278,1347769.04468239,22,2022,5,2163.16040740467,2040.36171863483
22,202206,1853.53339662432,1411,1366722.50604304,22,2022,6,1906.88103008692,2055.47995301395
22,202207,2301.00968105972,1352,1259093.56180196,22,2022,7,2272.23923458056,2070.59818739306
22,202208,2639.80452635441,1318,1382985.68628973,22,2022,8,2584.18415641439,2086.81075481353
22,202209,1937.34457598581,1372,1291916.78853504,22,2022,9,2010.19163848555,2103.023322234
22,202210,2093.35414269872,1314,1250845.30664072,22,2022,10,2155.18445216153,2119.23588965447
22,202211,2830.22527871417,1296,1439197.63933083,22,2022,11,2707.26273006399,2134.40154417121
22,202212,1943.25282463258,1301,1219442.7947697,22,2022,12,2038.48571321734,2149.56719868794
22,202301,2205.70418216663,1285,1234202.63539875,22,2023,1,2252.47845314207,2164.73285320468
22,202302,3240.4542145895,1212,1385410.52402448,22,2023,2,3160.3674201224,2178.64819834025
22,202303,2194.22121301074,1301,1225136.30047729,22,2023,3,2206.60029897787,2192.56354347583
22,202304,2133.22074560833,1238,1204059.27697719,22,2023,4,2140.22968324719,2206.47888861141
22,202305,3219.89875588985,1171,1344911.37807074,22,2023,5,3157.13506198058,2219.90450701018
22,202306,2206.03275342393,1310,1241492.58471868,22,2023,6,2265.11545492753,2233.33012540895
22,202307,2462.69030491387,1363,1307491.1194477,22,2023,7,2427.93116707264,2246.75574380772
22,202308,2776.44617389939,1285,1362503.75057007,22,2023,8,2716.62985527582,2259.02600424231
22,202309,2089.80033087028,1314,1257434.20017338,22,2023,9,2168.77987234263,2271.2962646769
22,202310,2192.25849939205,1230,1276410.08157078,22,2023,10,2255.05712007648,2283.56652511148
22,202311,2427.96366373273,1206,1272382.0374361,22,2023,11,2298.52134491838,2292.61411179432
22,202312,2223.19013776414,1201,1218804.85036581,22,2023,12,2323.852025249,2301.66169847715
22,202401,2208.01664379459,1329,1387939.9624265,22,2024,1,2253.50404097806,2310.70928515999
22,202402,2546.12795364645,1194,1187818.95028369,22,2024,2,2462.18443501604,2315.11510732554
22,202403,2016.85679705067,1342,1296843.81389971,22,2024,3,2038.35171217011,2319.52092949109
22,202404,2425.46831205739,1401,1420686.66174578,22,2024,4,2431.74145289993,2323.92675165664
22,202405,2513.97888888347,1235,1252755.56323416,22,2024,5,2446.08381308902,2326.17505136738
22,202406,1996.43533418186,1354,1280877.0379978,22,2024,6,2061.30795108089,2328.42335107812
22,202407,2467.12876063158,1437,1432257.0359688,22,2024,7,2426.43092246336,2330.67165078887
22,202408,2439.93918686566,1247,1253950.44382271,22,2024,8,2375.96917359297,2325.99517032179
22,202409,1959.51619998718,1413,1293502.96339553,22,2024,9,2044.66273746592,2321.31868985472
22,202410,2285.38077937467,1416,1410215.31103915,22,2024,10,2349.172370914,2316.64220938765
22,202411,2517.93321731835,1209,1255959.73058996,22,2024,11,2382.02593057259,2311.94227173557
22,202412,1948.84904044264,1397,1330086.46905016,22,2024,12,2054.94779514372,2307.24233408349
22,202501,2459.74556632311,1346,1362548.08103679,22,2025,1,2504.62408081586,2302.54239643142
22,202502,3146.62431021409,1208,1280282.48935985,22,2025,2,3059.22784820878,2303.88596978992
22,202503,2096.00004585947,1309,1247506.59341956,22,2025,3,2124.64756440401,2305.22954314843
22,202504,2292.39366994123,1400,1349779.39965067,22,2025,4,2298.25015712667,2306.57311650693
22,202505,2810.46409792305,1264,1371344.07333424,22,2025,5,2738.12103971541,2311.46100198266
22,202506,2226.28224276011,1345,1287347.38468753,22,2025,6,2295.67719073976,2316.34888745838
22,202507,2368.37673617588,1514,1416691.43176547,22,2025,7,2322.95142752491,2321.2367729341
22,202508,2863.64822785558,1459,1477043.02418574,22,2025,8,2796.40882071628,2326.77651316767
22,202509,2215.50722670041,1369,1285739.90998598,22,2025,9,2305.74987035372,2332.31625340124
22,202510,2166.91594263326,1438,1294741.75992734,22,2025,10,2231.56087101627,2337.85599363481
22,202511,2800.37960813139,1348,1501950.75791527,22,2025,11,2659.63909343597,2344.30931122328
22,202512,2291.39154910906,1329,1263159.6111523,22,2025,12,2401.6375617332,2350.76262881174
23,201201,1803.66508944034,3586,3492226.11192034,23,2012,1,1812.38474478977,1929.62942369478
23,201202,1968.27901329899,3113,3029978.07559522,23,2012,2,1928.89089000086,1940.65376533174
23,201203,2062.42005001973,3267,3181048.66041428,23,2012,3,2069.77487858676,1951.67810696871
23,201204,2021.62214502455,3528,3333223.47738372,23,2012,4,1957.46191928018,1962.70244860568
23,201205,2082.11142665556,3476,3161056.23210681,23,2012,5,2053.91887570327,1973.99031219891
23,201206,1926.48620455399,3266,3144354.70646119,23,2012,6,1986.43897258207,1985.27817579214
23,201207,1944.10310017437,3332,3200642.10360012,23,2012,7,1920.79522924375,1996.56603938537
23,201208,2203.96075878466,3488,3174237.32447515,23,2012,8,2216.51064737352,2007.62622830953
23,201209,1934.34492457873,3415,3152956.54159978,23,2012,9,1986.17479129913,2018.68641723369
23,201210,1980.02673603605,3361,3192885.52552543,23,2012,10,1960.24139881575,2029.74660615784
23,201211,2093.94640087652,3527,3289687.84426693,23,2012,11,2064.11962728442,2039.88239432986
23,201212,1968.29006102126,3282,3098054.4522475,23,2012,12,2032.853859422,2050.01818250187
23,201301,1938.0835333356,3339,3172079.51208108,23,2013,1,1942.74686526023,2060.15397067388
23,201302,2331.35550911949,3465,3140949.44440966,23,2013,2,2292.47000970646,2069.73274246831
23,201303,2109.97857163866,3396,3065719.61357752,23,2013,3,2121.6251925845,2079.31151426274
23,201304,2040.17779013626,3585,3273767.40599898,23,2013,4,1972.24966071786,2088.89028605717
23,201305,2347.36054728,3491,3121828.86031065,23,2013,5,2321.03789234758,2094.80866738409
23,201306,2067.870572929,3602,3218787.80843544,23,2013,6,2130.06657869095,2100.72704871102
23,201307,2153.65137616527,3608,3362430.74481432,23,2013,7,2128.58491041587,2106.64543003794
23,201308,2403.26050948889,3514,3193006.05330859,23,2013,8,2419.73468142559,2109.52502084834
23,201309,2074.11923168498,3562,3231751.24755818,23,2013,9,2126.55416531073,2112.40461165874
23,201310,2074.8612234164,3699,3418655.00090178,23,2013,10,2051.35169380158,2115.28420246913
23,201311,2233.91650469012,3499,3255355.76098776,23,2013,11,2203.33408665123,2114.9754606025
23,201312,1930.60177179094,3492,3235943.56309199,23,2013,12,1995.88997904673,2114.66671873588
23,201401,2039.84662093014,3559,3344767.07493577,23,2014,1,2040.45724905956,2114.35797686925
23,201402,2206.40045816437,3329,3132107.90989822,23,2014,2,2168.03058296171,2112.33678703983
23,201403,2246.34418799997,3504,3319606.96894057,23,2014,3,2262.30498234555,2110.3155972104
23,201404,2081.60701192283,3645,3401727.42574605,23,2014,4,2009.94128445869,2108.29440738098
23,201405,2156.0992916488,3635,3300660.72377624,23,2014,5,2131.68476297192,2106.7534033358
23,201406,2042.22722942699,3550,3208408.55315167,23,2014,6,2106.70665348891,2105.21239929063
23,201407,2142.09026631634,3794,3490747.13222127,23,2014,7,2115.30733664466,2103.67139524545
23,201408,2232.38262866869,3740,3288916.67038663,23,2014,8,2252.81746039027,2100.59045523352
23,201409,1988.56692869477,3647,3256404.83041855,23,2014,9,2041.63755120346,2097.50951522159
23,201410,2022.32352852983,3815,3540656.06414007,23,2014,10,1995.10652247932,2094.42857520965
23,201411,2107.25952134758,3721,3281780.55490649,23,2014,11,2075.92426880198,2091.25873324285
23,201412,2085.53112066579,3448,3139362.27630803,23,2014,12,2151.52488266524,2088.08889127604
23,201501,2085.18474398483,3603,3377640.42542358,23,2015,1,2078.59280469109,2084.91904930923
23,201502,2127.91795994573,3673,3303782.91260256,23,2015,2,2089.80012430034,2083.61381777579
23,201503,2003.47003765906,3401,3102801.37409452,23,2015,3,2026.79202782218,2082.30858624235
23,201504,2161.63551606501,3570,3422479.07742815,23,2015,4,2083.90226045518,2081.0033547089
23,201505,2101.25100646125,3765,3356496.99058379,23,2015,5,2080.62847737614,2081.24573441773
23,201506,2041.37704147542,3376,3083838.1410618,23,2015,6,2109.62419073126,2081.48811412655
23,201507,2062.89972663233,3562,3449238.85712963,23,2015,7,2032.90987802508,2081.73049383538
23,201508,2081.16094257808,3665,3304514.57308022,23,2015,8,2108.04771659223,2080.14476200598
23,201509,2115.61642015158,3440,3303927.46365053,23,2015,9,2169.65142823521,2078.55903017658
23,201510,2081.40731863538,3519,3422750.74692374,23,2015,10,2048.01231770835,2076.97329834719
23,201511,1953.539644082,3579,3178812.53809348,23,2015,11,1922.27639317151,2071.40645432437
23,201512,2142.83356296336,3428,3368567.97422896,23,2015,12,2209.12173131823,2065.83961030155
23,201601,2137.92460112166,3396,3290003.5057861,23,2016,1,2124.11091271675,2060.27276627873
23,201602,2026.30225341048,3417,3066631.12853251,23,2016,2,1988.45902895139,2051.8135062578
23,201603,2123.78370534288,3494,3400735.07125256,23,2016,3,2154.53121626962,2043.35424623687
23,201604,2105.05452244097,3665,3528415.0504055,23,2016,4,2021.34422158045,2034.89498621594
23,201605,1931.07939851269,3657,3215232.47240122,23,2016,5,1914.36550986324,2026.79354950819
23,201606,2081.99531781157,3554,3373011.08297898,23,2016,6,2154.11565705973,2018.69211280045
23,201607,1977.08606224299,3621,3418121.67116273,23,2016,7,1943.98358345308,2010.5906760927
23,201608,1886.29069932939,3455,3064237.04994018,23,2016,8,1919.6750731144,2003.82220970116
23,201609,1975.94643225068,3503,3389058.04958656,23,2016,9,2030.9428521129,1997.05374330963
23,201610,2050.8645762338,3540,3458959.5596094,23,2016,10,2011.20553214432,1990.28527691809
23,201611,1838.37186493797,3378,3011270.24924615,23,2016,11,1807.01149288714,1990.38710158146
23,201612,1981.80698203552,3459,3392348.63627832,23,2016,12,2048.11354946504,1990.48892624483
23,201701,2094.73193564713,3444,3408053.52843833,23,2017,1,2058.73958744417,1990.5907509082
23,201702,1878.20976919455,3422,3160000.18947131,23,2017,2,1845.68317303746,1997.33078212176
23,201703,1953.90871869814,3287,3170383.55470672,23,2017,3,2003.86216951914,2004.07081333532
23,201704,2101.2941890322,3365,3415064.7582108,23,2017,4,1998.25601585457,2010.81084454888
23,201705,1892.2955089762,3444,3110804.14176126,23,2017,5,1888.86718979397,2018.82590761172
23,201706,1995.75152573821,3392,3306131.17397105,23,2017,6,2077.72610883089,2026.84097067456
23,201707,2145.08849559572,3378,3541680.92869581,23,2017,7,2104.21151791354,2034.8560337374
23,201708,1918.06121544547,3446,3133841.62165655,23,2017,8,1969.14858148402,2043.79046045
23,201709,2057.30565917425,3443,3396784.4348333,23,2017,9,2114.57717554974,2052.72488716261
23,201710,2150.45585089916,3464,3558190.62557485,23,2017,10,2091.3212045716,2061.65931387521
23,201711,2151.16663371132,3682,3363086.34914095,23,2017,11,2121.81883442722,2071.78320192811
23,201712,2011.08256610988,3553,3569216.96201538,23,2017,12,2077.58415361466,2081.90708998102
23,201801,2058.79732834611,3523,3596321.57069004,23,2018,1,2000.2087936504,2092.03097803392
23,201802,2113.45342996502,3519,3236996.72780561,23,2018,2,2085.91458677699,2100.01795133163
23,201803,2028.09129363722,3350,3404848.08424046,23,2018,3,2097.0104603813,2108.00492462934
23,201804,2178.38647870521,3336,3536657.79817443,23,2018,4,2055.88544963839,2115.99189792705
23,201805,2262.76608141984,3490,3279128.47634028,23,2018,5,2272.59358853184,2123.93348419637
23,201806,2010.81727087116,3343,3466400.45507955,23,2018,6,2102.73373844791,2131.87507046569
23,201807,2190.21130997767,3413,3672309.42377983,23,2018,7,2141.7648578553,2139.81665673502
23,201808,2173.22035082507,3485,3315773.5633984,23,2018,8,2242.33174176273,2149.08628685131
23,201809,2027.3132298239,3499,3569293.00520116,23,2018,9,2087.29688355171,2158.35591696759
23,201810,2248.00378167013,3587,3761633.1877251,23,2018,10,2169.93640999554,2167.62554708388
23,201811,2253.19337762078,3618,3480655.85982829,23,2018,11,2226.50686404647,2175.37280810179
23,201812,2030.49835195076,3280,3466271.59089837,23,2018,12,2097.93168005091,2183.12006911969
23,201901,2284.39814049814,3406,3633101.83618521,23,2019,1,2211.9954550613,2190.8673301376
23,201902,2230.10564011059,3345,3284348.23098665,23,2019,2,2207.13005022719,2199.86642145999
23,201903,2071.55629857305,3347,3479851.31096942,23,2019,3,2147.67295416111,2208.86551278238
23,201904,2393.64760406397,3399,3694577.583694,23,2019,4,2259.319722067,2217.86460410477
23,201905,2220.69684669348,3399,3284235.63732458,23,2019,5,2230.20893584244,2225.57322723415
23,201906,2127.99537997804,3455,3528591.39250362,23,2019,6,2224.02000055103,2233.28185036354
23,201907,2306.3513530039,3498,3636311.94423563,23,2019,7,2259.91229105492,2240.99047349292
23,201908,2128.50825889146,3440,3345972.08997353,23,2019,8,2200.15169568486,2243.78196625858
23,201909,2358.43866899458,3549,3611039.69089774,23,2019,9,2424.45147713628,2246.57345902424
23,201910,2311.20882612121,3553,3797401.12412737,23,2019,10,2227.58925752549,2249.36495178991
23,201911,2471.80022292324,3459,3400341.51747047,23,2019,11,2450.59324104414,2242.96580113931
23,201912,2170.09705611902,3448,3670572.23746441,23,2019,12,2240.07006137783,2236.56665048872
23,202001,2252.51815696797,3332,3661404.93400665,23,2020,1,2166.01045346319,2230.16749983813
23,202002,2424.03233179164,3187,3217498.26291144,23,2020,2,2405.2350504528,2218.52153489244
23,202003,2044.01224010116,2086,3291403.93379851,23,2020,3,2126.84736233984,2206.87556994675
23,202004,2459.05426909648,1722,3127619.52677624,23,2020,4,2312.36685797456,2195.22960500106
23,202005,2592.75920760261,1616,2653088.9034592,23,2020,5,2601.36954859232,2184.75115204076
23,202006,1948.70300685781,1426,2862615.25247957,23,2020,6,2048.23910948107,2174.27269908046
23,202007,2200.27240921663,1690,3041282.41762679,23,2020,7,2155.23372574532,2163.79424612015
23,202008,2551.3986783646,1602,2611701.36646288,23,2020,8,2624.98719163353,2151.66970063286
23,202009,1927.46551888199,1664,3010649.73202438,23,2020,9,1998.94055437287,2139.54515514556
23,202010,2371.81608594808,1713,3255040.91362381,23,2020,10,2282.11773588985,2127.42060965827
23,202011,2417.23137170132,1473,2803711.57467012,23,2020,11,2401.01767949935,2113.85388977587
23,202012,1977.57204025,1594,3031726.91556354,23,2020,12,2049.65452765815,2100.28716989347
23,202101,2234.9418649079,1638,3148092.19836738,23,2021,1,2148.50049888579,2086.72045001107
23,202102,2209.18525816953,1246,2608081.8950998,23,2021,2,2186.50341196311,2068.82164447717
23,202103,1936.49709057766,1307,2633881.4994101,23,2021,3,2017.29642015524,2050.92283894327
23,202104,2241.143513854,1595,3033541.84845533,23,2021,4,2094.86750140217,2033.02403340936
23,202105,1977.5244505411,1521,2823601.66861437,23,2021,5,1980.71352855611,2014.09696808095
23,202106,1758.42291761654,1729,2901621.42140577,23,2021,6,1858.96558276906,1995.16990275254
23,202107,2103.97875173896,2112,3151651.68658307,23,2021,7,2065.14208384837,1976.24283742413
23,202108,1761.0372790241,2094,3081981.19999653,23,2021,8,1834.51818376783,1964.22975392122
23,202109,1791.74788433801,2236,3082975.8432205,23,2021,9,1864.05609663448,1952.21667041831
23,202110,1989.82867176577,2314,3219397.93301596,23,2021,10,1901.84920355991,1940.2035869154
23,202111,1906.47205231762,2320,3171468.08435397,23,2021,11,1893.51379968797,1938.49022534136
23,202112,1878.12854899568,2395,3233127.41723144,23,2021,12,1944.68828659954,1936.77686376731
23,202201,2136.2880960772,2513,3329048.39156299,23,2022,1,2050.40644381078,1935.06350219326
23,202202,1862.52428154443,2278,3081252.03866346,23,2022,2,1836.43410987135,1943.25785514097
23,202203,1865.71488505043,2313,3087010.76844995,23,2022,3,1944.93752449574,1951.45220808868
23,202204,2073.01761609904,2626,3496005.46623915,23,2022,4,1927.56542163907,1959.64656103638
23,202205,1994.70478093664,2557,3330185.53177903,23,2022,5,1992.83833209165,1969.18186509283
23,202206,1841.5225979702,2492,3354936.38114301,23,2022,6,1943.38703536561,1978.71716914927
23,202207,2410.22370709603,2599,3462817.72598638,23,2022,7,2377.85373809871,1988.25247320572
23,202208,1989.61467176422,2695,3475924.20528351,23,2022,8,2063.21181821352,2000.18180408975
23,202209,1898.65517839778,2676,3448780.20630836,23,2022,9,1971.97958464882,2012.11113497379
23,202210,2213.73916484127,2616,3502664.22490996,23,2022,10,2127.63685554393,2024.04046585783
23,202211,1917.24748899191,2724,3704053.08678007,23,2022,11,1907.67821289789,2036.90029139472
23,202212,1920.32197432276,2610,3425685.28562151,23,2022,12,1981.48533727046,2049.76011693162
23,202301,2301.95424686218,2535,3350746.54095884,23,2023,1,2214.77008894201,2062.61994246851
23,202302,2008.81353053944,2486,3492180.76954529,23,2023,2,1981.48674935697,2072.7114637911
23,202303,2030.01223486085,2402,3221857.17513774,23,2023,3,2108.89322839852,2082.80298511369
23,202304,2341.62699267682,2383,3243312.04602944,23,2023,4,2195.60960152428,2092.89450643628
23,202305,2015.58216351322,2612,3513015.02343022,23,2023,5,2012.25479513698,2099.32030057028
23,202306,2146.17231310521,2548,3516461.33419312,23,2023,6,2249.05150519418,2105.74609470427
23,202307,2121.50573134577,2640,3514069.89694931,23,2023,7,2091.17845635196,2112.17188883826
23,202308,2074.27027121226,2603,3476499.42238797,23,2023,8,2147.88030815828,2114.80544066964
23,202309,2076.49201200862,2625,3610066.11435556,23,2023,9,2150.85747048236,2117.43899250102
23,202310,2181.12468897944,2565,3410683.03948305,23,2023,10,2095.22895937287,2120.0725443324
23,202311,2153.53825747109,2625,3625017.2941379,23,2023,11,2145.94255011203,2125.10467762298
23,202312,2058.48046013379,2610,3699229.68592685,23,2023,12,2118.0642144995,2130.13681091356
23,202401,2084.85290129387,2597,3385021.65546984,23,2024,1,1996.47137666766,2135.16894420414
23,202402,2125.99057105495,2674,3546917.81022998,23,2024,2,2097.50424592018,2142.93098452935
23,202403,2054.35974480941,2468,3537250.25211279,23,2024,3,2132.94808460594,2150.69302485455
23,202404,2267.31042182325,2383,3366251.24683345,23,2024,4,2120.75198214658,2158.45506517976
23,202405,2192.28867392767,2659,3593144.93271804,23,2024,5,2187.49969019056,2171.9092343476
23,202406,2266.28708541068,2419,3661245.70694761,23,2024,6,2370.16172464509,2185.36340351544
23,202407,2165.17584800748,2509,3377137.71186623,23,2024,7,2136.85334775056,2198.81757268328
23,202408,2161.59041690304,2875,3770671.6033475,23,2024,8,2235.16747538677,2217.75784419632
23,202409,2219.96114450061,2801,3767223.62505379,23,2024,9,2295.31383654561,2236.69811570936
23,202410,2146.6509415164,2659,3491903.77605772,23,2024,10,2060.91144143676,2255.6383872224
23,202411,2192.94069370247,2759,3704544.2540058,23,2024,11,2187.2716734021,2270.72748808912
23,202412,2290.16194323881,2580,3630272.61324655,23,2024,12,2348.12937532467,2285.81658895584
23,202501,2101.86093865998,2491,3417532.70743304,23,2025,1,2012.37538109417,2300.90568982256
23,202502,2448.81325840516,2566,3505043.50586063,23,2025,2,2420.03894803038,2319.88209883684
23,202503,2343.15960613904,2579,3497403.02284496,23,2025,3,2421.28658781698,2338.85850785112
23,202504,2373.30263217928,2628,3503201.86472713,23,2025,4,2226.3839994913,2357.83491686539
23,202505,2468.64568407784,2663,3564655.55228738,23,2025,5,2463.01616478231,2381.51958589737
23,202506,2219.40402701013,2758,3675749.78585984,23,2025,6,2323.15301067795,2405.20425492934
23,202507,2358.61205305351,2820,3571803.62082363,23,2025,7,2332.05293605839,2428.88892396131
23,202508,2347.26019707001,2536,3415973.23800409,23,2025,8,2420.52523179731,2452.51622821477
23,202509,2382.6619586894,2735,3735711.01542396,23,2025,9,2458.37437033524,2476.14353246822
23,202510,2228.45301359685,2816,3548307.82722654,23,2025,10,2143.25800883591,2499.77083672167
23,202511,2536.46220798989,2387,3547277.33450587,23,2025,11,2532.60344595982,2524.01274567798
23,202512,2604.28894267908,2326,3577075.70609411,23,2025,12,2660.87948072989,2548.25465463429
24,201201,2002.86320293966,1357,1199654.38118511,24,2012,1,2132.50641227665,2087.66307195926
24,201202,1912.17756186696,1216,1166862.17398621,24,2012,2,2007.43438568919,2092.22222963728
24,201203,2461.64833156799,1412,1154088.61722255,24,2012,3,2125.18409325885,2096.7813873153
24,201204,2030.40180355389,1576,1268696.43204881,24,2012,4,2152.04407291281,2101.34054499332
24,201205,1980.76639495515,1424,1222356.72468539,24,2012,5,2069.33721208001,2106.06714904871
24,201206,2365.50357007124,1504,1195269.06578178,24,2012,6,2045.95904980795,2110.7937531041
24,201207,2080.54801269153,1597,1245707.23954085,24,2012,7,2242.1336003406,2115.5203571595
24,201208,1948.42242311836,1418,1200344.02324041,24,2012,8,2109.73851491036,2120.57185808838
24,201209,2242.75605643953,1521,1185830.30610815,24,2012,9,2010.85074738146,2125.62335901726
24,201210,2139.46994415721,1562,1261868.09431136,24,2012,10,2247.98683647703,2130.67485994614
24,201211,1863.74949134252,1402,1225142.27534828,24,2012,11,2023.66811543211,2137.13112796314
24,201212,2321.5276976772,1491,1199562.29774528,24,2012,12,2184.09468409698,2143.58739598014
24,201301,2044.34522048729,1483,1211030.71749887,24,2013,1,2175.30691395511,2150.04366399713
24,201302,2023.45774315533,1383,1219578.82223465,24,2013,2,2118.85044623597,2158.73423164774
24,201303,2452.03962383306,1476,1158011.71163716,24,2013,3,2113.3256659905,2167.42479929835
24,201304,2091.1243789204,1562,1242309.92854013,24,2013,4,2214.20609488664,2176.11536694896
24,201305,2084.58867955984,1424,1248232.25888577,24,2013,5,2173.08563155957,2190.01195360487
24,201306,2519.01158346371,1472,1155806.10928781,24,2013,6,2194.96697253737,2203.90854026078
24,201307,2084.50356537282,1585,1278006.62397485,24,2013,7,2246.72080140938,2217.80512691669
24,201308,2040.03952683471,1493,1302767.78688129,24,2013,8,2201.99168289198,2233.46103809609
24,201309,2423.77518222313,1542,1180855.44947624,24,2013,9,2191.91829182192,2249.11694927549
24,201310,2135.25014403083,1613,1297616.5989577,24,2013,10,2242.51955116379,2264.77286045489
24,201311,2130.12966638907,1469,1317729.55681377,24,2013,11,2289.21947056561,2275.68115965257
24,201312,2406.23469521927,1574,1254114.20932009,24,2013,12,2274.44780796861,2286.58945885024
24,201401,2325.35966148592,1572,1241747.85006093,24,2014,1,2457.50447039066,2297.49775804792
24,201402,2349.96048281321,1470,1358982.25062924,24,2014,2,2445.3607031537,2303.20543934849
24,201403,2545.89163694031,1526,1246684.48638138,24,2014,3,2204.80660426112,2308.91312064906
24,201404,2197.77174201171,1587,1275531.16389835,24,2014,4,2322.1855300286,2314.62080194964
24,201405,2390.41826249735,1314,1238695.4258907,24,2014,5,2478.74795556184,2316.3216495898
24,201406,2262.46268304565,1427,1273066.53798163,24,2014,6,1933.84253527805,2318.02249722996
24,201407,2076.77343592557,1502,1244759.05325097,24,2014,7,2239.56482180333,2319.72334487012
24,201408,2236.88769274451,1335,1306177.21827611,24,2014,8,2399.43837030454,2319.07280980293
24,201409,2535.1578112245,1498,1264713.19870743,24,2014,9,2303.33175250142,2318.42227473574
24,201410,2124.07847999251,1621,1255886.62235534,24,2014,10,2230.09702749575,2317.77173966854
24,201411,2195.22701403985,1410,1319534.59661949,24,2014,11,2353.49883639632,2321.75669720541
24,201412,2394.29743492121,1504,1262640.91861857,24,2014,12,2268.16941809622,2325.74165474228
24,201501,2270.00180325007,1539,1227560.75664837,24,2015,1,2403.15115111226,2329.72661227915
24,201502,2223.20804275384,1400,1329521.11951368,24,2015,2,2318.41664966157,2340.11441181156
24,201503,2617.69077589879,1464,1264662.0786038,24,2015,3,2274.56109803464,2350.50221134397
24,201504,2330.64841414816,1551,1206509.39274535,24,2015,4,2457.17743808703,2360.89001087638
24,201505,2241.75893274111,1441,1407503.26459147,24,2015,5,2329.5161943061,2367.97280486589
24,201506,2554.35542746845,1514,1234493.97498805,24,2015,6,2218.54583226624,2375.05559885539
24,201507,2327.95767227658,1553,1217401.3414127,24,2015,7,2491.8971229197,2382.1383928449
24,201508,2224.68675941731,1433,1431423.08465919,24,2015,8,2387.83327707715,2378.43050945491
24,201509,2714.96452345003,1518,1248578.06619257,24,2015,9,2483.20529370295,2374.72262606491
24,201510,2342.75454864188,1527,1222129.11047155,24,2015,10,2447.12103430341,2371.01474267492
24,201511,2291.45956201535,1398,1393129.93977133,24,2015,11,2446.94068264787,2365.55470078681
24,201512,2690.1849248764,1496,1247114.48408943,24,2015,12,2575.51723006436,2360.0946588987
24,201601,2013.77439019192,1466,1155311.65843334,24,2016,1,2147.61918718361,2354.6346170106
24,201602,2145.86033367601,1313,1342958.20200212,24,2016,2,2240.54708150708,2345.61461749555
24,201603,2635.00190645483,1471,1231721.90854118,24,2016,3,2289.47618194585,2336.5946179805
24,201604,2153.49426996434,1491,1167296.94978063,24,2016,4,2281.77911473097,2327.57461846545
24,201605,2139.46147241222,1367,1386878.25601233,24,2016,5,2226.27887374914,2323.34039215827
24,201606,2745.06797986517,1458,1229302.04126667,24,2016,6,2401.70843947794,2319.10616585109
24,201607,2145.45979355852,1469,1187750.58180134,24,2016,7,2310.19374219478,2314.87193954391
24,201608,2173.16495670664,1299,1350303.72845602,24,2016,8,2336.56912755438,2323.05678206655
24,201609,2554.3027270047,1428,1233988.8292888,24,2016,9,2322.28751918206,2331.24162458918
24,201610,2183.52968943613,1451,1193530.52570142,24,2016,10,2285.92453489343,2339.42646711182
24,201611,2157.70711121748,1262,1303767.67570681,24,2016,11,2310.08118045254,2341.47384704972
24,201612,2895.75693637524,1459,1246317.96265928,24,2016,12,2792.20756624874,2343.52122698762
24,201701,2128.16753119896,1440,1169364.51304772,24,2017,1,2268.95345126959,2345.56860692552
24,201702,2430.1975991239,1259,1291426.40053123,24,2017,2,2526.80137119209,2344.52271603159
24,201703,2873.04876179997,1447,1216984.1292373,24,2017,3,2516.66318038695,2343.47682513766
24,201704,2151.83157224167,1440,1217237.06113872,24,2017,4,2287.45312215556,2342.43093424373
24,201705,2291.40254811916,1259,1312817.01627581,24,2017,5,2380.0188740479,2340.98727519168
24,201706,2676.14715465371,1436,1167410.68745988,24,2017,6,2309.02974883615,2339.54361613963
24,201707,1986.01640908746,1441,1176909.97010982,24,2017,7,2152.23389510542,2338.09995708758
24,201708,2144.12711675463,1269,1306754.26279488,24,2017,8,2309.32570963412,2334.09766431489
24,201709,2712.78696152143,1486,1253876.39751653,24,2017,9,2481.89476216572,2330.0953715422
24,201710,2032.87907790826,1454,1218021.56367226,24,2017,10,2128.13229888379,2326.09307876951
24,201711,2167.27305817245,1305,1274626.79503314,24,2017,11,2313.76343755661,2324.53803205442
24,201712,2525.6173526546,1503,1289157.02916375,24,2017,12,2457.85881479258,2322.98298533933
24,201801,2050.95700995461,1454,1168728.50904682,24,2018,1,2197.50173554714,2321.42793862424
24,201802,2430.2323924021,1229,1250134.81606423,24,2018,2,2527.76650561541,2321.3300931938
24,201803,2719.85619854389,1460,1277119.82451555,24,2018,3,2351.81971159985,2321.23224776335
24,201804,2077.92967814094,1437,1207816.92749075,24,2018,4,2220.41799887808,2321.13440233291
24,201805,2249.97163379826,1182,1231933.07814383,24,2018,5,2340.2380642978,2317.28684352511
24,201806,2751.01590615512,1459,1342918.69502026,24,2018,6,2360.38280139304,2313.4392847173
24,201807,1932.4618303554,1517,1247749.71199692,24,2018,7,2100.79600674774,2309.59172590949
24,201808,2218.1362657035,1254,1356343.19160777,24,2018,8,2386.15676937693,2309.02440500571
24,201809,2687.57110248828,1435,1303654.35503329,24,2018,9,2459.22373613119,2308.45708410193
24,201810,2050.37454444079,1449,1242517.23003045,24,2018,10,2140.19755858049,2307.88976319814
24,201811,2126.91876682125,1190,1345061.12541527,24,2018,11,2269.52646711464,2309.20185010172
24,201812,2829.35128691973,1363,1242188.48500256,24,2018,12,2799.46086861689,2310.51393700529
24,201901,2153.63852343474,1460,1243150.36372869,24,2019,1,2270.55882898104,2311.82602390887
24,201902,2130.64552911185,1161,1294092.58264087,24,2019,2,2231.70260192765,2317.82872085194
24,201903,2974.1445523714,1357,1191562.69954713,24,2019,3,2615.32780783085,2323.83141779502
24,201904,2229.81623208569,1498,1273388.56406788,24,2019,4,2362.53442018338,2329.83411473809
24,201905,2208.75538187815,1213,1329080.9619409,24,2019,5,2309.88261715239,2342.90925517232
24,201906,2677.37899019991,1383,1231038.30707703,24,2019,6,2270.07629784615,2355.98439560656
24,201907,2184.45777567486,1472,1236563.30852611,24,2019,7,2309.29588964807,2369.0595360408
24,201908,2169.46185009889,1252,1367334.35469467,24,2019,8,2341.53616153403,2384.35910003372
24,201909,3157.95683319908,1381,1185578.6709696,24,2019,9,2984.1038255001,2399.65866402664
24,201910,2470.60446969176,1345,1244436.51498764,24,2019,10,2534.08559791421,2414.95822801956
24,201911,2305.20016719071,1267,1385724.88217124,24,2019,11,2439.65457239559,2437.14727280708
24,201912,3160.69725009477,1298,1158730.91363083,24,2019,12,3195.68627033494,2459.3363175946
24,202001,2368.51992918331,1363,1273791.82846527,24,2020,1,2454.0863681261,2481.52536238213
24,202002,2316.65245793252,1203,1255144.47100717,24,2020,2,2419.49217366089,2494.1533513972
24,202003,3434.4590145968,801,1077533.69266921,24,2020,3,3083.11082563721,2506.78134041227
24,202004,2353.95924641288,776,1116541.54097329,24,2020,4,2475.26639490627,2519.40932942734
24,202005,2613.99897355681,669,1049616.9072461,24,2020,5,2724.45638649857,2516.36885687281
24,202006,3175.50585306444,668,1037160.40311687,24,2020,6,2750.16853271001,2513.32838431827
24,202007,2717.7597864555,740,1083554.36581631,24,2020,7,2797.90238429879,2510.28791176374
24,202008,2135.2359112407,661,1019303.71589153,24,2020,8,2310.34746711987,2491.81108756766
24,202009,2646.43117901311,687,1065590.71162303,24,2020,9,2526.23885704766,2473.33426337159
24,202010,2644.45467715239,625,1204936.76775916,24,2020,10,2680.96920314661,2454.85743917551
24,202011,2192.12887103934,556,1255861.29903655,24,2020,11,2318.0142214583,2418.76273730086
24,202012,2256.76117045458,504,1122907.17079727,24,2020,12,2356.45433126692,2382.66803542621
24,202101,2480.85629275011,550,1184493.73972626,24,2021,1,2540.59835008234,2346.57333355156
24,202102,2062.15031769322,445,1238416.66756932,24,2021,2,2165.46908350065,2313.45919902672
24,202103,2511.26138715048,623,1028074.94577252,24,2021,3,2166.72596997605,2280.34506450187
24,202104,2593.456851801,657,1102627.0500638,24,2021,4,2706.93628868064,2247.23092997703
24,202105,2040.50409343378,636,1216357.33015025,24,2021,5,2148.90529458736,2216.91099294236
24,202106,3093.15922034892,733,1195549.86005749,24,2021,6,2661.1717366813,2186.59105590769
24,202107,2839.10905976148,891,1047705.40306603,24,2021,7,2893.3046147076,2156.27111887302
24,202108,2043.36303212706,905,1368308.09859814,24,2021,8,2217.15939699646,2132.5235689796
24,202109,2084.05730013706,972,1138185.77910298,24,2021,9,1999.37870648806,2108.77601908618
24,202110,2556.54266233071,1007,1116350.04676423,24,2021,10,2581.85797610545,2085.02846919276
24,202111,1994.45361302046,947,1341414.87559408,24,2021,11,2117.98053714112,2077.81777377837
24,202112,1834.81343744567,1075,1210131.87951616,24,2021,12,1954.07259268596,2070.60707836398
24,202201,2583.87486992439,1079,1099795.88547223,24,2022,1,2620.69539930251,2063.39638294959
24,202202,1939.37987351671,947,1333488.23746436,24,2022,2,2045.86844504853,2073.28082564002
24,202203,2035.71926538211,1130,1224575.02280085,24,2022,3,1700.47527762706,2083.16526833044
24,202204,2631.19626303935,1160,1241150.97668317,24,2022,4,2738.95766613525,2093.04971102087
24,202205,1928.96533042655,1023,1396801.49970111,24,2022,5,2037.05101781775,2115.37686889568
24,202206,2023.18665737251,1131,1221725.02372287,24,2022,6,1585.85152634589,2137.70402677048
24,202207,2540.78333602377,1216,1290360.50501725,24,2022,7,2569.89618195526,2160.03118464528
24,202208,2064.56524121578,1059,1422054.14061337,24,2022,8,2237.4727124912,2194.56693539969
24,202209,2065.04935640766,1192,1270544.44850269,24,2022,9,2015.87275202418,2229.10268615409
24,202210,2889.24140348867,1234,1286060.48873945,24,2022,10,2902.98682248267,2263.63843690849
24,202211,2279.11101550511,1072,1548429.81537373,24,2022,11,2399.5498872559,2299.52957951293
24,202212,2115.13534117661,1139,1237172.65665903,24,2022,12,2253.02836666674,2335.42072211737
24,202301,2426.38564552393,1154,1192338.8684665,24,2023,1,2452.66163251091,2371.3118647218
24,202302,2345.50117301515,1011,1477155.03413617,24,2023,2,2453.59029917892,2401.18710849617
24,202303,2310.54634941572,1046,1151443.95816919,24,2023,3,1983.22038535681,2431.06235227053
24,202304,2508.05791179418,1141,1233480.25003216,24,2023,4,2611.01826066791,2460.93759604489
24,202305,2238.29482161781,1031,1449150.94260685,24,2023,5,2346.96668455334,2490.56962141108
24,202306,2235.85614615805,1036,1157207.61879644,24,2023,6,1793.75864312115,2520.20164677726
24,202307,2706.22693512833,1143,1284675.0048374,24,2023,7,2722.94009012495,2549.83367214344
24,202308,2326.12182279249,1113,1455209.56957452,24,2023,8,2498.7660288584,2576.55858860111
24,202309,2266.99237165426,1084,1185798.03700164,24,2023,9,2234.9919295378,2603.28350505877
24,202310,2638.01039563769,1099,1264504.37904926,24,2023,10,2646.77891768768,2630.00842151643
24,202311,2619.82986953,1109,1496616.3622699,24,2023,11,2738.59623979347,2649.37720449893
24,202312,2481.22901820678,1086,1216260.99940647,24,2023,12,2626.80533322656,2668.74598748142
24,202401,2776.74221156458,1188,1319965.89346939,24,2024,1,2792.93017719417,2688.11477046391
24,202402,2670.76348753179,1075,1391568.86132397,24,2024,2,2780.94579832963,2694.7855480287
24,202403,2303.73833228681,1135,1225288.98604041,24,2024,3,1984.85913089452,2701.45632559349
24,202404,3274.93573112147,1247,1468024.16777154,24,2024,4,3373.5913948681,2708.12710315829
24,202405,2569.59932283424,1090,1434476.2159769,24,2024,5,2679.32136053379,2715.16241059788
24,202406,2267.0946207537,1170,1204493.53071523,24,2024,6,1820.62339422391,2722.19771803747
24,202407,3104.64902771795,1256,1448215.58000734,24,2024,7,3109.27578959479,2729.23302547707
24,202408,2462.71385635155,1097,1453092.88281493,24,2024,8,2635.31742922587,2735.30238851067
24,202409,2347.95430980628,1214,1263697.11661287,24,2024,9,2333.26199617764,2741.37175154428
24,202410,2810.14279830748,1272,1497626.27943452,24,2024,10,2813.98571677251,2747.44111457789
24,202411,2436.1684498553,1104,1485983.02014163,24,2024,11,2553.23293912872,2767.55953174603
24,202412,2597.03488119884,1104,1197824.52415162,24,2024,12,2750.21687832694,2787.67794891416
24,202501,3065.60961633079,1230,1468654.9503633,24,2025,1,3073.74861102564,2807.7963660823
24,202502,2649.63254546647,1020,1413211.11025412,24,2025,2,2760.84100204066,2825.34285655808
24,202503,2466.99922612899,1100,1212479.34006654,24,2025,3,2156.03221082094,2842.88934703386
24,202504,3319.21075541411,1250,1510438.93286982,24,2025,4,3413.50955132421,2860.43583750964
24,202505,2899.00894184121,1022,1407869.71279415,24,2025,5,3010.05765626372,2878.65731809846
24,202506,2484.97621328551,1126,1253000.15519572,24,2025,6,2035.01866321618,2896.87879868728
24,202507,2915.67166388217,1229,1414470.54030845,24,2025,7,2910.34557697382,2915.1002792761
24,202508,2905.76360326768,1074,1431814.77473588,24,2025,8,3078.62506627534,2932.67923553252
24,202509,2691.843321369,1214,1263029.97948828,24,2025,9,2690.89030282195,2950.25819178894
24,202510,2927.9251078285,1203,1355232.16218661,24,2025,10,2928.30636451013,2967.83714804536
24,202511,2953.18030994543,1049,1555640.10949845,24,2025,11,3069.11180695462,2984.31339297267
24,202512,2793.57018722947,1098,1194758.6792899,24,2025,12,2951.96326722162,3000.78963789998
25,201201,1799.51675647733,1786,1461808.77992903,25,2012,1,1907.2125056558,1924.43909989985
25,201202,2089.50773227977,1663,1467641.00055832,25,2012,2,2029.76378861512,1917.64042493324
25,201203,1851.78702598994,1545,1385433.32394175,25,2012,3,1816.64815998075,1910.84174996662
25,201204,1837.53060339013,1851,1460118.70817491,25,2012,4,1917.69331892735,1904.043075
25,201205,2037.30990067964,1877,1505326.82967416,25,2012,5,1986.14687434029,1898.52030236528
25,201206,1934.65948712222,1575,1385375.30038221,25,2012,6,1876.04808524375,1892.99752973055
25,201207,1730.48942596331,1780,1396286.37655783,25,2012,7,1817.10185759964,1887.47475709582
25,201208,2019.17974019076,1902,1472098.59347972,25,2012,8,1954.18568134064,1883.34900216663
25,201209,1831.69656381514,1649,1443493.45548481,25,2012,9,1817.44575416961,1879.22324723744
25,201210,1757.20995563612,1736,1374828.23623771,25,2012,10,1840.01369289733,1875.09749230825
25,201211,1823.32602267463,1852,1440430.34985681,25,2012,11,1758.37899869511,1878.79977497853
25,201212,1905.68345234132,1670,1398050.21919518,25,2012,12,1895.77319014121,1882.50205764882
25,201301,1700.32416850754,1808,1377881.2537596,25,2013,1,1806.66567800351,1886.20434031911
25,201302,1841.95331070414,1749,1373621.64362224,25,2013,2,1783.64059723663,1898.75095505203
25,201303,2142.38052657807,1747,1430873.66599312,25,2013,3,2108.88609271292,1911.29756978494
25,201304,1814.43941805353,1877,1385889.89421696,25,2013,4,1895.09118418727,1923.84418451786
25,201305,1867.36614803823,1846,1394815.26751876,25,2013,5,1814.4864833516,1941.65800070725
25,201306,2201.65835150077,1864,1524088.25734768,25,2013,6,2145.34490027291,1959.47181689664
25,201307,1898.54215683587,1885,1406287.60221053,25,2013,7,1985.34588511214,1977.28563308603
25,201308,2023.72321690261,1864,1425333.73941831,25,2013,8,1958.71841896834,1998.89486418896
25,201309,2127.93385915911,1857,1512896.32297219,25,2013,9,2114.56070171286,2020.5040952919
25,201310,1869.11203325137,1998,1453476.53103775,25,2013,10,1951.64340793403,2042.11332639483
25,201311,2058.75546606004,1831,1431261.4064441,25,2013,11,1989.2369240103,2062.10948462385
25,201312,2068.11774237524,1844,1498692.68415424,25,2013,12,2059.1059604056,2082.10564285286
25,201401,1965.06840495473,1906,1426135.73182614,25,2014,1,2070.06468815407,2102.10180108187
25,201402,2253.75831158903,1877,1439026.92551941,25,2014,2,2196.88362945426,2117.60273566384
25,201403,2230.55193565411,1885,1540982.10894952,25,2014,3,2198.70652281835,2133.10367024581
25,201404,2119.08790912288,1988,1464640.02696771,25,2014,4,2200.22789396225,2148.60460482777
25,201405,2219.04430667684,1881,1486866.29478665,25,2014,5,2164.44175097583,2161.35066911627
25,201406,2268.57234617711,1859,1539139.08442248,25,2014,6,2214.54274874869,2174.09673340477
25,201407,2190.83297033561,1949,1460962.14528093,25,2014,7,2277.80605421656,2186.84279769326
25,201408,2201.85779715451,1864,1465254.14162054,25,2014,8,2136.81308582599,2192.96199939387
25,201409,2167.52339987086,1916,1570848.55427977,25,2014,9,2154.99148703896,2199.08120109448
25,201410,2123.72651766374,2017,1461473.70407483,25,2014,10,2205.94757107114,2205.20040279509
25,201411,2227.28889344194,1903,1478253.32329655,25,2014,11,2153.15932351354,2206.54338230873
25,201412,2292.28053241085,1964,1599427.88136336,25,2014,12,2284.13563813429,2207.88636182238
25,201501,2090.12905240566,2018,1485903.75744815,25,2015,1,2193.17739129579,2209.22934133602
25,201502,2280.30383279,1968,1505697.87957069,25,2015,2,2226.59309541711,2207.20762045008
25,201503,2333.73962108788,1914,1539531.4588476,25,2015,3,2302.73289365571,2205.18589956414
25,201504,2150.17236709946,1999,1485925.11156383,25,2015,4,2232.202626435,2203.1641786782
25,201505,2088.82698659399,1923,1506884.33495215,25,2015,5,2033.17060329074,2195.9896073984
25,201506,2386.8555737864,1880,1520607.71162072,25,2015,6,2335.38087416734,2188.81503611861
25,201507,2158.7339923091,1966,1487357.11830156,25,2015,7,2245.02943375361,2181.64046483881
25,201508,2084.67424110207,1874,1505753.6479754,25,2015,8,2021.54011369605,2169.34207704158
25,201509,2447.46846702863,1834,1493564.15107691,25,2015,9,2435.20979050346,2157.04368924435
25,201510,2027.08585018609,1975,1528262.11707107,25,2015,10,2108.95457281475,2144.74530144712
25,201511,2061.59500924185,1818,1497711.69732646,25,2015,11,1980.24083041113,2134.41429050915
25,201512,2309.11642695465,1784,1460669.09061279,25,2015,12,2301.00299920282,2124.08327957117
25,201601,2029.68861880759,1900,1475056.65680151,25,2016,1,2131.03693243853,2113.7522686332
25,201602,2033.2378228337,1899,1515298.49411301,25,2016,2,1982.91274191221,2114.48932387215
25,201603,2115.0598774271,1745,1413110.19662628,25,2016,3,2085.08733972752,2115.2263791111
25,201604,1981.64536419478,1917,1496028.34829228,25,2016,4,2064.69924182062,2115.96343435005
25,201605,2100.70270461302,1771,1467986.98410987,25,2016,5,2044.06367696678,2125.81199334037
25,201606,2105.55502115798,1712,1397629.12199772,25,2016,6,2056.6091029503,2135.66055233069
25,201607,1980.23750113461,1809,1382088.14455915,25,2016,7,2065.73188408745,2145.50911132102
25,201608,2311.40861748951,1711,1427146.86863055,25,2016,8,2249.95256987046,2159.05316551617
25,201609,2238.18032196077,1706,1412824.07989145,25,2016,9,2225.85328952652,2172.59721971132
25,201610,2249.88402851555,1783,1385006.63885734,25,2016,10,2330.96724694945,2186.14127390647
25,201611,2287.23629726201,1746,1459631.29344568,25,2016,11,2198.13275491272,2198.95923337562
25,201612,2167.0042176591,1707,1431898.7124914,25,2016,12,2158.34965725109,2211.77719284477
25,201701,2142.3960510553,1770,1355730.18156926,25,2017,1,2235.72154950969,2224.59515231393
25,201702,2415.24667180422,1800,1477479.28980506,25,2017,2,2372.06370468136,2233.40484958223
25,201703,2176.31497404307,1664,1389983.31701821,25,2017,3,2154.34191454732,2242.21454685053
25,201704,2067.39532741687,1792,1344725.31021441,25,2017,4,2154.41000137408,2251.02424411884
25,201705,2498.48061644728,1836,1567548.65664219,25,2017,5,2435.24250165324,2259.45461515445
25,201706,2173.49293145095,1694,1448293.49076268,25,2017,6,2137.09878356273,2267.88498619006
25,201707,2137.43124002533,1795,1392320.88474923,25,2017,7,2224.98106548546,2276.31535722567
25,201708,2442.19316789718,1855,1584554.29709369,25,2017,8,2381.48169011711,2284.41629834183
25,201709,2118.43706545385,1713,1486579.86733813,25,2017,9,2108.64899995854,2292.51723945799
25,201710,2464.52434603212,1790,1407055.98250748,25,2017,10,2540.90518485101,2300.61818057414
25,201711,2542.90852967461,1855,1588550.83686638,25,2017,11,2429.41750073506,2307.98290546261
25,201712,2191.88432589693,1718,1501010.47925734,25,2017,12,2184.62150698654,2315.34763035108
25,201801,2347.43648040644,1755,1381863.15958563,25,2018,1,2433.38043685491,2322.71235523955
25,201802,2329.17523924844,1798,1541914.49158518,25,2018,2,2293.76820986948,2326.54149497653
25,201803,2227.68345142195,1658,1492479.40377273,25,2018,3,2214.33624484994,2330.3706347135
25,201804,2517.95588981923,1722,1343567.27156147,25,2018,4,2609.48652792347,2334.19977445047
25,201805,2416.57675555433,1805,1542930.24761353,25,2018,5,2347.22351452391,2335.92309485827
25,201806,2249.8323092776,1675,1528367.94837424,25,2018,6,2226.34483138367,2337.64641526606
25,201807,2294.79116098561,1830,1461887.77867032,25,2018,7,2384.62226739122,2339.36973567386
25,201808,2430.61359389362,1833,1533895.78142978,25,2018,8,2370.69540053961,2343.7646450021
25,201809,2299.14835051883,1722,1528025.38701526,25,2018,9,2291.77084269844,2348.15955433033
25,201810,2249.37848951038,1834,1501846.9939628,25,2018,10,2320.75051606089,2352.55446365857
25,201811,2576.74077971621,1787,1522648.38940754,25,2018,11,2438.37780814369,2354.89027080389
25,201812,2246.9351664166,1667,1510560.71012849,25,2018,12,2240.43923014207,2357.2260779492
25,201901,2334.48010448108,1782,1444655.54900324,25,2019,1,2420.88407907824,2359.56188509452
25,201902,2490.35898792111,1740,1469854.14104001,25,2019,2,2461.23965026272,2357.82238220794
25,201903,2316.49326295266,1640,1501732.35157968,25,2019,3,2289.98758835017,2356.08287932136
25,201904,2278.72920831437,1801,1489070.67434088,25,2019,4,2389.71663589804,2354.34337643477
25,201905,2581.5743775207,1725,1447439.10723153,25,2019,5,2517.49921016403,2347.92111679504
25,201906,2320.45043124244,1552,1443061.04768319,25,2019,6,2290.21961765289,2341.49885715532
25,201907,2179.60638073841,1774,1469037.41239547,25,2019,7,2283.94051019089,2335.07659751559
25,201908,2432.82098919155,1680,1441086.60444969,25,2019,8,2386.82485837117,2332.28415225502
25,201909,2368.50894713644,1645,1525797.78680394,25,2019,9,2346.20885592535,2329.49170699445
25,201910,2133.33693937033,1776,1457191.07825682,25,2019,10,2216.71932253156,2326.69926173389
25,201911,2445.90545448687,1679,1421274.06812242,25,2019,11,2298.36451143978,2334.52013253774
25,201912,2302.89797120504,1575,1497924.58657109,25,2019,12,2266.02689933664,2342.3410033416
25,202001,2102.89528055851,1706,1418803.04679044,25,2020,1,2189.65391186438,2350.16187414546
25,202002,2335.15474135561,1662,1367818.21340517,25,2020,2,2312.33170535663,2359.99729557988
25,202003,2441.32591701,1024,1458684.45830565,25,2020,3,2401.7843556947,2369.8327170143
25,202004,2320.23747796263,878,1206714.66200695,25,2020,4,2450.880546551,2379.66813844872
25,202005,2474.50542268899,958,1178876.21370574,25,2020,5,2415.98345073897,2383.4811008593
25,202006,2716.0357200597,719,1413199.49809218,25,2020,6,2679.40914926839,2387.29406326987
25,202007,2498.04599118842,806,1133026.13661719,25,2020,7,2617.30317894262,2391.10702568044
25,202008,2995.68803149545,856,1287640.85195521,25,2020,8,2964.10621459495,2384.6098587496
25,202009,2259.92330133297,721,1307314.00768139,25,2020,9,2223.26509424882,2378.11269181876
25,202010,2269.69672028325,812,1177266.79542069,25,2020,10,2365.72160306548,2371.61552488792
25,202011,2769.08979943641,860,1437525.64227063,25,2020,11,2613.07070341769,2354.35381816387
25,202012,2905.6319021515,686,1404167.85622927,25,2020,12,2839.14627479207,2337.09211143983
25,202101,2156.15021707216,737,1347874.30309528,25,2021,1,2252.20566713778,2319.83040471578
25,202102,2276.9966771651,885,1341712.9357208,25,2021,2,2255.82123457635,2301.97703527284
25,202103,2609.32173336833,876,1283235.47052244,25,2021,3,2554.7842103277,2284.12366582991
25,202104,1994.38335830427,999,1396474.2209715,25,2021,4,2139.9529273999,2266.27029638697
25,202105,2211.10804076227,837,1296045.98783746,25,2021,5,2161.06887802208,2254.80922890605
25,202106,2387.44740582553,879,1206019.06809948,25,2021,6,2344.75720083529,2243.34816142514
25,202107,2079.7531691739,1101,1453617.24968251,25,2021,7,2208.88343203617,2231.88709394422
25,202108,2126.01322511661,1117,1371526.10257104,25,2021,8,2098.68544168096,2220.78451908811
25,202109,2336.4034754098,1183,1344370.8351199,25,2021,9,2286.62746589019,2209.681944232
25,202110,2126.31158790197,1370,1412018.00327154,25,2021,10,2227.81585397159,2198.57936937588
25,202111,1940.68363679641,1268,1439134.92855264,25,2021,11,1783.94964951938,2187.31790927864
25,202112,2340.26516198909,1350,1395213.91854555,25,2021,12,2258.44447000774,2176.05644918139
25,202201,2275.05153878596,1431,1463913.54088801,25,2022,1,2380.27020474156,2164.79498908415
25,202202,2001.41592024717,1349,1421377.23189812,25,2022,2,1981.68047387554,2158.26363597504
25,202203,1992.2684144401,1368,1440089.28669657,25,2022,3,1922.45333815771,2151.73228286593
25,202204,2145.37706171383,1510,1493296.32054926,25,2022,4,2305.59397789799,2145.20092975683
25,202205,2133.38695088459,1423,1448551.9121179,25,2022,5,2091.55388203324,2146.27230140475
25,202206,2040.01612586312,1458,1488351.20614622,25,2022,6,1991.05017203837,2147.34367305267
25,202207,3085.16603011044,1553,1514989.22056834,25,2022,7,3224.0218541306,2148.41504470059
25,202208,2110.64541481576,1510,1593964.29919192,25,2022,8,2087.53096447257,2159.99154153653
25,202209,2284.02204258804,1488,1553137.73754052,25,2022,9,2221.19434383837,2171.56803837246
25,202210,2061.3213349927,1482,1497781.51083008,25,2022,10,2168.47491402237,2183.1445352084
25,202211,2056.74008496389,1507,1614429.97171652,25,2022,11,1899.5649525685,2198.1910635692
25,202212,2479.83961367351,1329,1450745.34121481,25,2022,12,2383.01826418909,2213.23759193
25,202301,2147.82116295652,1391,1464628.68517584,25,2023,1,2256.62034153654,2228.2841202908
25,202302,2270.62233249453,1465,1589978.18697289,25,2023,2,2252.89294276497,2241.19039009371
25,202303,2473.61592696557,1244,1393895.59520313,25,2023,3,2397.9173426013,2254.09665989662
25,202304,1953.22075311404,1303,1360511.06575366,25,2023,4,2119.20404566508,2267.00292969953
25,202305,2357.54425939553,1459,1626518.59578617,25,2023,5,2319.57412809803,2283.12665798211
25,202306,2441.13681096943,1383,1503079.33699761,25,2023,6,2389.66174934624,2299.25038626468
25,202307,1936.99444883845,1407,1460323.26729176,25,2023,7,2079.99621554074,2315.37411454726
25,202308,2254.48127874127,1525,1664807.77940301,25,2023,8,2234.56801813653,2330.98739744829
25,202309,2940.07983616635,1375,1460409.97519743,25,2023,9,2871.82783242598,2346.60068034932
25,202310,2184.77121230921,1458,1496317.1622667,25,2023,10,2294.20297638224,2362.21396325035
25,202311,2559.9215499749,1524,1617078.17454417,25,2023,11,2403.31609549112,2380.36768773004
25,202312,2762.58178680893,1463,1582846.98712437,25,2023,12,2658.00919917426,2398.52141220974
25,202401,2251.17621138333,1488,1487905.53313543,25,2024,1,2363.07862461462,2416.67513668944
25,202402,2592.66062435867,1508,1595158.12803072,25,2024,2,2576.46253968209,2436.18353245152
25,202403,2581.99289490164,1515,1635564.50336032,25,2024,3,2499.93857725049,2455.6919282136
25,202404,2214.01619775462,1506,1510029.25634197,25,2024,4,2385.33597251226,2475.20032397567
25,202405,2428.08996628364,1591,1657046.94760513,25,2024,5,2393.59520942446,2482.40173752506
25,202406,2630.94481232278,1531,1658641.19660696,25,2024,6,2576.63759836343,2489.60315107444
25,202407,2400.40297230706,1611,1567303.17450178,25,2024,7,2547.29215573154,2496.80456462382
25,202408,2517.90688591252,1621,1738866.83569082,25,2024,8,2501.00804565122,2499.1288160391
25,202409,2731.8943292007,1541,1658954.42358856,25,2024,9,2658.10300763952,2501.45306745437
25,202410,2348.6253220249,1620,1573723.77687469,25,2024,10,2460.28021037486,2503.77731886965
25,202411,2668.13482326101,1498,1568352.15333391,25,2024,11,2512.10393798608,2507.61382079065
25,202412,2628.78498997269,1568,1749247.15171315,25,2024,12,2516.50011392983,2511.45032271165
25,202501,2169.15670805275,1521,1452868.1013312,25,2025,1,2283.27673936851,2515.28682463265
25,202502,2490.43222827326,1488,1544092.83610999,25,2025,2,2475.2028267542,2527.89469858355
25,202503,2858.92897736547,1576,1748282.20359731,25,2025,3,2771.92574905902,2540.50257253445
25,202504,2219.25242401613,1609,1501836.52723842,25,2025,4,2395.01592439024,2553.11044648535
25,202505,2522.22009252228,1439,1527809.88501253,25,2025,5,2490.6066491314,2569.78967929091
25,202506,2618.43451301021,1582,1829138.55855637,25,2025,6,2561.88418727554,2586.46891209647
25,202507,2322.80783701773,1831,1690348.46938083,25,2025,7,2472.97017975499,2603.14814490202
25,202508,2696.44756667958,1442,1502405.9235735,25,2025,8,2682.02294174877,2621.43165425223
25,202509,2801.18189751277,1743,1770930.14703859,25,2025,9,2722.75994539156,2639.71516360243
25,202510,2564.24509098097,1890,1635080.28058728,25,2025,10,2677.61479878302,2657.99867295263
25,202511,2344.76976544243,1449,1523897.81010334,25,2025,11,2189.47118899971,2678.12610620861
25,202512,2851.83854286914,1695,1810310.93765566,25,2025,12,2733.40495512656,2698.25353946458
26,201201,2251.56856062822,2508,3257448.94380189,26,2012,1,2180.04572628364,2462.750942972
26,201202,2635.33040712979,2449,3323915.79399648,26,2012,2,2530.80989504282,2477.48080613009
26,201203,2313.55641381942,2313,3251110.83187512,26,2012,3,2478.38165060595,2492.21066928817
26,201204,2418.20498400763,2464,3305569.77171429,26,2012,4,2321.89786710243,2506.94053244625
26,201205,2809.39040205853,2355,3308782.69727328,26,2012,5,2674.54678937353,2520.98633640844
26,201206,2598.33622342047,2438,3269844.36277165,26,2012,6,2783.4243725528,2535.03214037063
26,201207,2407.55992123555,2563,3348779.02672744,26,2012,7,2318.06319271384,2549.07794433282
26,201208,2940.44360963,2522,3366222.88377334,26,2012,8,2761.9809537626,2563.39785210018
26,201209,2350.81847833357,2486,3297547.60828664,26,2012,9,2574.51795688171,2577.71775986755
26,201210,2623.89104162179,2529,3268358.37844239,26,2012,10,2563.91210435932,2592.03766763491
26,201211,2861.78679113228,2441,3288914.29253385,26,2012,11,2804.72563043578,2603.92750505817
26,201212,2314.29802364824,2495,3350319.18652179,26,2012,12,2532.95955586405,2615.81734248143
26,201301,2645.25071740415,2391,3093008.77755372,26,2013,1,2572.62692758014,2627.70717990469
26,201302,2736.96972228581,2535,3263086.64639022,26,2013,2,2633.92070148101,2642.78833432377
26,201303,2425.13478430758,2572,3326738.50089095,26,2013,3,2589.48105966374,2657.86948874286
26,201304,2767.54183509197,2481,3126843.98716987,26,2013,4,2670.07142131828,2672.95064316194
26,201305,2873.15090755789,2564,3259620.37410887,26,2013,5,2743.48582095985,2689.17788288964
26,201306,2454.79348615722,2408,3309476.71844638,26,2013,6,2635.81337864823,2705.40512261733
26,201307,2767.87097391819,2537,3227358.16129276,26,2013,7,2674.87839152651,2721.63236234502
26,201308,3045.07521775392,2638,3277306.25326361,26,2013,8,2870.45215648281,2732.88887761259
26,201309,2538.24449799384,2581,3315201.4129605,26,2013,9,2760.26480275076,2744.14539288016
26,201310,2957.78438070827,2605,3258236.75785722,26,2013,10,2899.4562936693,2755.40190814773
26,201311,3092.83690885261,2617,3290551.57705734,26,2013,11,3039.40570712766,2752.48343887471
26,201312,2500.19524326714,2628,3537639.66531681,26,2013,12,2714.74248622683,2749.56496960169
26,201401,2793.37568123635,2590,3265781.30900429,26,2014,1,2719.70278351356,2746.64650032867
26,201402,3272.69866904799,2532,3206111.59605495,26,2014,2,3171.16947221138,2733.98622757947
26,201403,2713.07731170187,2502,3279960.69901982,26,2014,3,2876.98944341904,2721.32595483028
26,201404,2837.53469506521,2601,3304848.18417607,26,2014,4,2738.93803101712,2708.66568208109
26,201405,3449.97566128273,2495,3215139.15892828,26,2014,5,3325.51837616843,2696.35708825685
26,201406,2441.65776959766,2524,3392660.70380348,26,2014,6,2618.62542147819,2684.04849443262
26,201407,2705.63430010944,2630,3369726.90078054,26,2014,7,2609.14862051268,2671.73990060839
26,201408,3213.57418223561,2555,3309047.99888121,26,2014,8,3042.7728775975,2658.70552649318
26,201409,2216.09033425965,2624,3466928.05587287,26,2014,9,2436.39303263388,2645.67115237797
26,201410,2797.9278398263,2693,3454599.7879916,26,2014,10,2741.18547425685,2632.63677826276
26,201411,3290.82481799356,2639,3403396.31923906,26,2014,11,3240.93175032365,2618.31789326447
26,201412,2423.27282442975,2542,3426585.75088361,26,2014,12,2633.58384859669,2603.99900826618
26,201501,2675.98828114437,2664,3403452.47151709,26,2015,1,2600.37724719642,2589.68012326789
26,201502,2953.85403891154,2519,3345523.3275153,26,2015,2,2855.20819360941,2573.83090768108
26,201503,2455.91278142587,2558,3410055.61121525,26,2015,3,2617.77620168332,2557.98169209428
26,201504,2553.31395938333,2605,3348118.9796209,26,2015,4,2452.52439735217,2542.13247650747
26,201505,2755.88044909293,2447,3226670.77934349,26,2015,5,2640.99105512351,2519.45507557134
26,201506,2285.70163334065,2597,3564230.17404844,26,2015,6,2456.73116212828,2496.77767463521
26,201507,2498.86274198186,2558,3298738.29803386,26,2015,7,2396.39445215313,2474.10027369908
26,201508,2604.86844886198,2435,3197502.69098101,26,2015,8,2441.66161608887,2454.82978117472
26,201509,2267.1010867479,2642,3641270.2698814,26,2015,9,2484.79716990538,2435.55928865036
26,201510,2342.25555025258,2429,3210962.74862532,26,2015,10,2287.96168517712,2416.28879612601
26,201511,2416.01372411159,2296,3064461.48828405,26,2015,11,2372.70126179579,2403.0652578895
26,201512,2132.1672170389,2554,3561844.0754661,26,2015,12,2334.67010652592,2389.84171965299
26,201601,2559.82886471622,2441,3151044.49852536,26,2016,1,2482.1274448501,2376.61818141648
26,201602,2445.62741772792,2330,3092143.21300096,26,2016,2,2349.73891017341,2370.04193012182
26,201603,2142.0858505938,2470,3349976.09484844,26,2016,3,2301.80078151083,2363.46567882717
26,201604,2563.20537945587,2380,3077067.70450001,26,2016,4,2460.13890250765,2356.88942753251
26,201605,2402.18345812916,2329,3135604.0314204,26,2016,5,2296.79369931734,2357.26994451731
26,201606,2085.69215924553,2385,3292147.59940719,26,2016,6,2250.72156252241,2357.65046150212
26,201607,2594.35536311366,2341,3008686.26962882,26,2016,7,2485.84871420453,2358.03097848693
26,201608,2398.86482425713,2341,3083259.10166076,26,2016,8,2243.18919355224,2364.49710120894
26,201609,2102.26552814152,2275,3096882.74595959,26,2016,9,2317.28420533712,2370.96322393095
26,201610,2413.30273807116,2326,2958491.24475435,26,2016,10,2361.36701018208,2377.42934665296
26,201611,2430.71294198464,2336,3108965.67028424,26,2016,11,2393.87114915282,2389.18720352
26,201612,2150.98564482936,2283,3157077.59434007,26,2016,12,2345.54407696919,2400.94506038704
26,201701,2705.28136704756,2338,2950522.14360476,26,2017,1,2620.74418756125,2412.70291725409
26,201702,2449.67113618675,2222,3026746.8581576,26,2017,2,2362.33356673643,2424.97209183325
26,201703,2260.85865700687,2056,2935650.10306844,26,2017,3,2417.16938219684,2437.24126641241
26,201704,2666.02363598718,2184,2834378.17825393,26,2017,4,2558.3110953702,2449.51044099158
26,201705,2584.2207611846,2174,2987882.37011778,26,2017,5,2505.32631972566,2453.16370927346
26,201706,2232.67661748713,2115,2984643.0073814,26,2017,6,2379.32759079932,2456.81697755534
26,201707,2705.17859402377,2217,2915211.67304284,26,2017,7,2578.13202311571,2460.47024583722
26,201708,2628.48969916205,2162,3065200.6787012,26,2017,8,2492.53364942405,2452.06708796844
26,201709,2261.59749766712,2184,3058577.98868741,26,2017,9,2468.58998974472,2443.66393009966
26,201710,2585.10897042991,2311,3088142.77741466,26,2017,10,2543.41973351082,2435.26077223087
26,201711,2487.14329581162,2271,3089893.91771506,26,2017,11,2463.31356453094,2425.03862183921
26,201712,2125.07484702302,2235,3098499.30440363,26,2017,12,2300.61266657186,2414.81647144755
26,201801,2474.38178281814,2364,3081079.64196492,26,2018,1,2382.9087381142,2404.59432105589
26,201802,2865.48005879365,2254,3042413.52659871,26,2018,2,2786.54494002908,2398.74171230393
26,201803,2099.61191060708,2257,3052191.32207957,26,2018,3,2252.32156083055,2392.88910355197
26,201804,2512.42719730379,2399,3189623.80224314,26,2018,4,2399.77122052951,2387.0364948
26,201805,2835.12429178159,2183,2863186.79150861,26,2018,5,2782.3272919379,2384.23174434878
26,201806,2126.40290406564,2303,3069196.80926937,26,2018,6,2254.14527171047,2381.42699389755
26,201807,2536.90717866563,2402,3160032.58036028,26,2018,7,2390.65821009096,2378.62224344633
26,201808,2660.2719757805,2213,2782699.25364647,26,2018,8,2543.24046415523,2383.05724385945
26,201809,2170.20248158592,2281,3084577.38646141,26,2018,9,2368.2411785049,2387.49224427257
26,201810,2452.08614383939,2402,3256255.61827794,26,2018,10,2419.6313529603,2391.92724468569
26,201811,2434.516448486,2257,2898673.37760745,26,2018,11,2422.60229893709,2393.81650081253
26,201812,2197.35875992315,2261,3069040.93461086,26,2018,12,2352.78935058162,2395.70575693937
26,201901,2466.98961160421,2361,3294929.42944601,26,2019,1,2378.62679118584,2397.5950130662
26,201902,2549.10866886719,2224,2991556.33547257,26,2019,2,2489.79705008245,2393.88150964554
26,201903,2209.61587745594,2243,3014460.19478158,26,2019,3,2346.63483468432,2390.16800622488
26,201904,2541.47600650428,2341,3289069.23047137,26,2019,4,2430.04253759084,2386.45450280421
26,201905,2341.86920050821,2242,3064769.71792258,26,2019,5,2317.33630892159,2381.98713986396
26,201906,2423.24968168097,2311,3178709.98288179,26,2019,6,2519.9538258343,2377.51977692372
26,201907,2250.95582741872,2283,3171339.42912427,26,2019,7,2104.58519950697,2373.05241398347
26,201908,2470.49521822992,2313,3163302.33202918,26,2019,8,2369.80318130466,2367.33216744273
26,201909,2212.26896601764,2445,3267658.06753387,26,2019,9,2399.5571040113,2361.61192090199
26,201910,2319.23520764203,2306,3282888.06803381,26,2019,10,2290.23421266386,2355.89167436125
26,201911,2354.00607980141,2336,3274199.37799164,26,2019,11,2347.62711758329,2351.33215266141
26,201912,2308.25304104084,2407,3352610.68894917,26,2019,12,2435.28604515074,2346.77263096158
26,202001,2381.41544017009,2322,3076060.64403802,26,2020,1,2297.42017490017,2342.21310926175
26,202002,2352.73264869224,2327,3260817.77662856,26,2020,2,2314.33330919364,2334.29887118482
26,202003,2247.25267194754,1457,3269732.34586629,26,2020,3,2369.90116393056,2326.3846331079
26,202004,2348.90010963274,1442,2686711.82929192,26,2020,4,2240.00350689486,2318.47039503098
26,202005,2326.99514571959,1486,2862673.40660501,26,2020,5,2332.03485126973,2307.07767743891
26,202006,2401.21327004368,1201,2510335.96148065,26,2020,6,2468.17487852826,2295.68495984685
26,202007,2465.18014429265,1391,2396495.0286325,26,2020,7,2319.97074380957,2284.29224225479
26,202008,2370.01864520273,1286,2549894.20135772,26,2020,8,2286.94232996453,2274.22923157681
26,202009,2481.3210981111,1133,2630615.32811138,26,2020,9,2659.12828438778,2264.16622089882
26,202010,2102.48105448589,1515,2801667.32870031,26,2020,10,2078.19482745928,2254.10321022084
26,202011,2143.33748656899,1293,2615520.64434494,26,2020,11,2143.74604857458,2239.97676182054
26,202012,2280.05612077204,1249,2728198.08498412,26,2020,12,2379.91115623505,2225.85031342024
26,202101,2141.6291137293,1425,2941753.40458703,26,2021,1,2061.66638675919,2211.72386501994
26,202102,2380.64649737576,1207,2560559.65039655,26,2021,2,2350.6074231275,2196.31952920654
26,202103,2323.1532851606,1210,2573207.18518248,26,2021,3,2435.60318159927,2180.91519339313
26,202104,2038.34654603817,1371,3073835.14136305,26,2021,4,1928.89137483083,2165.51085757973
26,202105,2642.8023300798,1129,2417661.49945309,26,2021,5,2660.65810896653,2152.0358758264
26,202106,2277.95168736607,1358,2607672.35075495,26,2021,6,2332.09376754515,2138.56089407308
26,202107,2231.53960672886,1645,3225636.6370082,26,2021,7,2093.03122028137,2125.08591231975
26,202108,2093.15807239878,1508,2611014.2674288,26,2021,8,2016.46551416377,2105.70889356148
26,202109,1928.52408027975,1792,2864682.42579649,26,2021,9,2105.28814980334,2086.33187480322
26,202110,2123.45038904165,1814,3389485.66496307,26,2021,10,2098.77335242363,2066.95485604495
26,202111,2016.19240034698,1687,2817379.80969118,26,2021,11,2019.22150736276,2055.60091032711
26,202112,1897.85908404123,1897,3048057.70881569,26,2021,12,1988.0461351825,2044.24696460926
26,202201,2165.88999629308,1977,3418498.34699949,26,2022,1,2089.22679938878,2032.89301889142
26,202202,1925.76773672271,1686,2882963.20385205,26,2022,2,1903.34876188948,2037.52177280294
26,202203,1907.37769781744,1912,2985995.85343584,26,2022,3,2008.88167527512,2042.15052671447
26,202204,2042.93210532287,2105,3658935.20264736,26,2022,4,1932.24325646592,2046.77928062599
26,202205,1924.62985778353,1899,3092358.73206325,26,2022,5,1954.69881508321,2064.96924402831
26,202206,2004.59811999241,2021,3293915.95550777,26,2022,6,2045.43026475035,2083.15920743063
26,202207,2342.82036883305,2033,3526427.80333824,26,2022,7,2210.63507711351,2101.34917083296
26,202208,1927.69413921293,2013,3241929.22894372,26,2022,8,1857.12878568062,2124.71176559371
26,202209,1935.96896395955,2193,3436573.66057978,26,2022,9,2111.55473143671,2148.07436035447
26,202210,2464.41980169481,2122,3583218.60577808,26,2022,10,2439.3161730922,2171.43695511523
26,202211,2234.73414319797,2028,3351515.3256688,26,2022,11,2240.44741573089,2191.75738236375
26,202212,2204.44776349546,2121,3521583.03133802,26,2022,12,2285.08976654458,2212.07780961227
26,202301,2379.0726936298,2043,3464962.73888401,26,2023,1,2303.83475101962,2232.39823686079
26,202302,2168.32036226293,2019,3371554.38948387,26,2023,2,2148.93378016843,2240.48318626438
26,202303,2290.24327735776,2126,3581562.80043658,26,2023,3,2386.68522538579,2248.56813566798
26,202304,2427.33530812472,2099,3474600.25846914,26,2023,4,2317.39634572579,2256.65308507157
26,202305,2168.5018528985,2011,3366879.22072556,26,2023,5,2203.94228310902,2255.19279552425
26,202306,2266.54842461511,2145,3564528.11364043,26,2023,6,2301.34373555978,2253.73250597692
26,202307,2369.69737719943,2169,3476232.42778787,26,2023,7,2239.39264772933,2252.27221642959
26,202308,2237.0869370284,2090,3360093.06735091,26,2023,8,2170.53284036189,2253.41192702353
26,202309,2150.29283662323,2264,3609600.78971827,26,2023,9,2325.17241499979,2254.55163761746
26,202310,2202.38157889459,2166,3460100.91198249,26,2023,10,2177.12289310854,2255.6913482114
26,202311,2201.76710654215,2230,3647004.11090135,26,2023,11,2208.82164301753,2263.89866060568
26,202312,2251.73605981025,2219,3651460.86308608,26,2023,12,2327.81161121691,2272.10597299997
26,202401,2155.37723348304,2292,3629704.73702422,26,2024,1,2081.44536824056,2280.31328539425
26,202402,2264.79180459267,2224,3439762.87549986,26,2024,2,2248.308259764,2299.04911746242
26,202403,2175.47081822974,2259,3611413.47201984,26,2024,3,2266.71120280872,2317.7849495306
26,202404,2488.15054129194,2374,3535066.78466898,26,2024,4,2378.82792332649,2336.52078159877
26,202405,2386.75116174644,2307,3541386.15864432,26,2024,5,2427.43551483813,2367.14208894918
26,202406,2286.14213547132,2361,3810222.2250896,26,2024,6,2314.78734857474,2397.76339629958
26,202407,2416.09261194703,2309,3528753.37303363,26,2024,7,2287.56946670009,2428.38470364999
26,202408,2523.95159576781,2359,3707032.61547745,26,2024,8,2461.32893221776,2464.20585030444
26,202409,2354.29847741243,2414,4059587.20980987,26,2024,9,2528.41119721601,2500.0269969589
26,202410,2516.49982873325,2335,3640977.30556856,26,2024,10,2491.04496063671,2535.84814361335
26,202411,2560.85929694635,2381,3875619.62669821,26,2024,11,2569.23351658245,2568.20215119029
26,202412,2740.22207751563,2321,4053433.22607163,26,2024,12,2811.72371595688,2600.55615876723
26,202501,2739.84847440145,2157,3494404.32465892,26,2025,1,2666.73646444192,2632.91016634417
26,202502,2650.00515385274,2234,3689241.83511326,26,2025,2,2636.06234641233,2656.20349126996
26,202503,2807.85044458954,2228,3908310.69041398,26,2025,3,2895.15023744523,2679.49681619574
26,202504,2846.45680446991,2180,3558191.85114458,26,2025,4,2737.28475377844,2702.79014112152
26,202505,2463.91734816457,2226,3837654.14723412,26,2025,5,2508.22321496728,2722.00805150903
26,202506,2930.70377979615,2261,3998950.10603439,26,2025,6,2955.40701437181,2741.22596189655
26,202507,2855.67218942462,2226,3579694.61108565,26,2025,7,2728.56966063479,2760.44387228406
26,202508,2402.30304358808,2159,3846034.49267275,26,2025,8,2342.96559132882,2778.49797683509
26,202509,2561.20954858599,2243,3942282.22041798,26,2025,9,2734.57427622628,2796.55208138611
26,202510,2923.00197152982,2200,3903636.29111138,26,2025,10,2897.47799858665,2814.60618593714
26,202511,2357.58447930935,1936,3730410.92146444,26,2025,11,2366.87557421665,2831.71141671371
26,202512,2714.58039837144,2119,3871564.09289829,26,2025,12,2782.48291114781,2848.81664749027
27,201201,1981.18944978468,2140,1053543.21519141,27,2012,1,1896.76157844683,1931.83251501198
27,201202,1763.69111121992,2062,989990.467109235,27,2012,2,1908.57469383182,1934.49104398935
27,201203,1930.72949529138,1921,921208.755171663,27,2012,3,1831.55201953655,1937.14957296671
27,201204,2058.89828427948,2180,982415.412106027,27,2012,4,1998.15517316123,1939.80810194408
27,201205,1908.40330228828,2037,940908.116954405,27,2012,5,2020.24242020069,1942.01515415083
27,201206,1982.75184602317,2039,926818.754251305,27,2012,6,1911.21539125609,1944.22220635758
27,201207,2173.56619516826,2131,991694.998883814,27,2012,7,2085.68482349322,1946.42925856433
27,201208,1854.52836474734,2233,958349.9971318,27,2012,8,2019.51741033694,1949.29587469545
27,201209,1991.34808756954,2162,977281.942589061,27,2012,9,1961.72171945458,1952.16249082656
27,201210,1978.60631024914,2140,987538.945055303,27,2012,10,1941.86352063491,1955.02910695767
27,201211,1764.49605320684,2284,1018039.3738731,27,2012,11,1880.64987803376,1956.02418149658
27,201212,1854.82896225653,2278,1019501.34262614,27,2012,12,1787.71507308118,1957.01925603548
27,201301,2079.41719938144,2173,999989.886330804,27,2013,1,1996.56326438137,1958.01433057439
27,201302,1789.9237999347,2292,986936.649328547,27,2013,2,1930.74345749452,1964.08013470258
27,201303,2106.52456430929,2238,990578.858641927,27,2013,3,2008.75806544545,1970.14593883077
27,201304,2030.66115392881,2228,969646.901791247,27,2013,4,1971.84720954544,1976.21174295896
27,201305,1763.11489733579,2393,999918.279115216,27,2013,5,1871.48608280099,1987.55952250233
27,201306,2124.56843513411,2265,971129.528235617,27,2013,6,2053.8458217342,1998.90730204571
27,201307,2068.0297518108,2183,972593.784844033,27,2013,7,1979.99545347497,2010.25508158908
27,201308,1859.70639309951,2273,984436.14875922,27,2013,8,2022.99159156081,2022.84493819352
27,201309,2143.99170544092,2409,1042198.18658642,27,2013,9,2118.65335532368,2035.43479479795
27,201310,2147.90110311307,2370,1028521.24917369,27,2013,10,2113.66673420333,2048.02465140239
27,201311,1879.0122145351,2321,988868.36075115,27,2013,11,1990.72777443986,2058.20163260823
27,201312,2099.95109054429,2328,1031856.6134398,27,2013,12,2034.40569371172,2068.37861381408
27,201401,2191.85521374563,2307,1013230.11556035,27,2014,1,2110.5510494849,2078.55559501993
27,201402,1804.82727737688,2320,1016517.49295323,27,2014,2,1941.56555451208,2085.92582378917
27,201403,2415.68251912481,2282,1007295.71105262,27,2014,3,2319.31625200531,2093.29605255841
27,201404,2244.28311142621,2305,1019655.48308486,27,2014,4,2187.39855328587,2100.66628132765
27,201405,1688.94016705484,2181,980431.921322703,27,2014,5,1793.85460423579,2109.56223591014
27,201406,2217.46885949852,2351,1040107.5245977,27,2014,6,2147.58243273404,2118.45819049263
27,201407,2196.36143282509,2196,1013217.45229823,27,2014,7,2108.20771420206,2127.35414507512
27,201408,1831.65108141778,2181,993066.705637534,27,2014,8,1993.27559520434,2131.43638706609
27,201409,2229.86088213907,2354,1040447.41522497,27,2014,9,2208.8633685531,2135.51862905707
27,201410,2240.02909849214,2445,1069111.57223068,27,2014,10,2208.3627404951,2139.60087104805
27,201411,1930.22830828605,2270,1013786.05841505,27,2014,11,2037.57196515155,2137.80542100287
27,201412,2370.34918792371,2347,1050007.89489593,27,2014,12,2306.44040968051,2136.00997095769
27,201501,2366.30857409864,2274,1009567.7733941,27,2015,1,2286.47802568996,2134.21452091251
27,201502,1932.04501841413,2307,1031311.85125757,27,2015,2,2063.15925891851,2131.1348749099
27,201503,2174.93934309364,2336,1029142.79008204,27,2015,3,2079.58368691632,2128.05522890728
27,201504,2285.0079966237,2206,995963.208952675,27,2015,4,2230.79271504341,2124.97558290466
27,201505,1941.9152844586,2181,942994.088256859,27,2015,5,2042.91964690494,2115.28454492471
27,201506,2132.77545495089,2266,1004456.1166297,27,2015,6,2064.32462191994,2105.59350694476
27,201507,2180.41187828094,2206,1001510.46301832,27,2015,7,2092.69031852304,2095.90246896481
27,201508,1907.54159944831,2176,945170.198901612,27,2015,8,2067.24957060004,2082.66925175713
27,201509,2222.15175174728,2347,1055031.45024461,27,2015,9,2207.37601991728,2069.43603454945
27,201510,2149.81040100374,2200,1060838.10276221,27,2015,10,2121.59532029793,2056.20281734177
27,201511,1844.85951934241,2266,990654.597423061,27,2015,11,1945.56032010052,2043.16007468645
27,201512,2171.93635526028,2261,1036253.68050151,27,2015,12,2108.97569513746,2030.11733203113
27,201601,2106.28064370682,2135,1021899.26815028,27,2016,1,2027.97312607874,2017.0745893758
27,201602,1750.04092293674,2217,970299.780819069,27,2016,2,1875.58670008387,2007.16241694831
27,201603,2211.55314660652,2242,1017861.89753705,27,2016,3,2117.26983298997,1997.25024452082
27,201604,1931.81450616251,2144,1024246.53816699,27,2016,4,1880.34055342725,1987.33807209333
27,201605,1714.40706967042,2132,934765.81475007,27,2016,5,1811.58373033354,1982.81973523461
27,201606,2097.75958156107,2233,1023011.30376354,27,2016,6,2030.83690706234,1978.3013983759
27,201607,2001.00778749626,2080,981560.749542633,27,2016,7,1913.82114324952,1973.78306151718
27,201608,1757.40246117641,2090,908632.109249169,27,2016,8,1915.29585200124,1975.25774067585
27,201609,2070.42724845929,2213,986890.430222032,27,2016,9,2061.97446635512,1976.73241983453
27,201610,2013.60018663077,2090,975767.03296545,27,2016,10,1988.9238521692,1978.2070989932
27,201611,1850.46349163615,2031,883745.467887534,27,2016,11,1944.59520622306,1980.26141677514
27,201612,2184.46273749871,2023,895476.460314302,27,2016,12,2122.49438141013,1982.31573455707
27,201701,1966.63521681656,1841,832143.324764905,27,2017,1,1894.53870199876,1984.37005233901
27,201702,1951.9320518881,1824,810441.06000833,27,2017,2,2059.62599041741,1982.74216790476
27,201703,2098.8086955214,1907,861841.642873434,27,2017,3,2011.07858955189,1981.11428347051
27,201704,1970.96137551867,1760,792446.994238276,27,2017,4,1928.25977493827,1979.48639903626
27,201705,2001.38699868675,1821,815645.827710434,27,2017,5,2084.31090905099,1979.10799102434
27,201706,1968.09128805602,1884,854069.871953525,27,2017,6,1907.12141209987,1978.72958301242
27,201707,1979.50027356591,1729,812123.696789568,27,2017,7,1891.16939194244,1978.3511750005
27,201708,1873.30490383665,1786,816826.932180438,27,2017,8,2022.3665243229,1982.06178471593
27,201709,1885.0238634014,1760,805627.434529315,27,2017,9,1896.03012962166,1985.77239443137
27,201710,1914.91934510004,1605,768808.555635083,27,2017,10,1902.19106485641,1989.4830041468
27,201711,2011.12604622661,1703,793054.801140711,27,2017,11,2084.1464144773,1999.06530323158
27,201712,2038.49990323564,1592,774805.105868255,27,2017,12,1982.70847942187,2008.64760231636
27,201801,2057.58784338558,1631,772039.266007136,27,2018,1,1991.42516071434,2018.22990140114
27,201802,2023.49600642676,1569,728091.41802566,27,2018,2,2113.1065039597,2032.03316485948
27,201803,2057.76411445289,1455,719774.359266248,27,2018,3,1976.40118203701,2045.83642831783
27,201804,2080.26255586534,1522,750624.311576903,27,2018,4,2046.19878374575,2059.63969177617
27,201805,2018.96797602388,1535,717230.566779346,27,2018,5,2087.55612279458,2073.73432568052
27,201806,2224.60205221572,1565,791969.847780759,27,2018,6,2169.56560972299,2087.82895958486
27,201807,2218.33202503366,1593,773004.18597723,27,2018,7,2128.90118916982,2101.92359348921
27,201808,1801.5299735896,1623,722451.112532012,27,2018,8,1941.8746684739,2111.49538451669
27,201809,2031.86183324937,1633,799628.589166361,27,2018,9,2062.51255413096,2121.06717554416
27,201810,2233.97169578245,1685,827997.431980419,27,2018,10,2233.41781076791,2130.63896657163
27,201811,2252.36026183805,1602,757866.641659951,27,2018,11,2304.53655943792,2137.72708882513
27,201812,2167.80322214218,1721,851263.918470713,27,2018,12,2118.44031959079,2144.81521107863
27,201901,2198.64466158547,1624,794681.280392818,27,2019,1,2122.27565286484,2151.90333333213
27,201902,2249.48547937846,1696,814945.545464401,27,2019,2,2328.93537154118,2152.18361206495
27,201903,2084.04565479563,1756,924227.171062628,27,2019,3,2032.54328233846,2152.46389079778
27,201904,2105.15175415231,1643,823311.43089607,27,2019,4,2057.99145606985,2152.74416953061
27,201905,2263.57354072104,1809,859205.434314196,27,2019,5,2322.74830762025,2144.86189905055
27,201906,2256.00088674851,1913,1000274.26499745,27,2019,6,2220.22009846031,2136.97962857049
27,201907,2214.11407061053,1796,888217.308366767,27,2019,7,2102.7901620974,2129.09735809043
27,201908,2128.75080586048,1852,902565.456361144,27,2019,8,2254.18257474182,2123.04467690346
27,201909,2021.40241780598,1935,1000753.24266712,27,2019,9,2077.48355909332,2116.9919957165
27,201910,1946.07630512283,1820,912528.704022499,27,2019,10,1940.71850223386,2110.93931452953
27,201911,2084.3814354696,1823,920889.341373638,27,2019,11,2123.70204738974,2102.88711114349
27,201912,2080.41852676016,1917,1031366.41248698,27,2019,12,2063.54831713196,2094.83490775744
27,202001,2079.24785965134,1779,914913.872167604,27,2020,1,1991.46755342548,2086.78270437139
27,202002,2056.43845302183,1859,947662.68011314,27,2020,2,2124.52083460741,2078.65664197629
27,202003,2379.16185158536,1063,990394.582373884,27,2020,3,2356.31120012891,2070.53057958118
27,202004,2156.61772741817,1023,787757.545657571,27,2020,4,2095.21198814357,2062.40451718608
27,202005,1980.14246797064,1106,859654.977065665,27,2020,5,2028.81486349782,2059.54991154178
27,202006,2066.77091443931,1180,896189.906647081,27,2020,6,2049.233588512,2056.69530589748
27,202007,2200.21825830984,1083,721378.45261568,27,2020,7,2066.06588496071,2053.84070025318
27,202008,1915.99161695713,1026,834421.135006204,27,2020,8,2025.66628266868,2052.93436176303
27,202009,1965.39191835646,1238,945569.783433065,27,2020,9,2046.15051790261,2052.02802327288
27,202010,1900.20357210896,1082,847822.505335436,27,2020,10,1889.39710450604,2051.12168478273
27,202011,1953.94531157679,970,884934.963287464,27,2020,11,1979.87370628508,2053.67662406698
27,202012,2230.27773768433,1168,1022324.69065099,27,2020,12,2245.48192070726,2056.23156335123
27,202101,2176.98727157349,950,854698.280920081,27,2021,1,2079.46955753371,2058.78650263548
27,202102,1789.90047263351,947,933186.122114452,27,2021,2,1852.24004484167,2067.26436302568
27,202103,2217.20736972095,1121,1013721.86115118,27,2021,3,2211.5742600055,2075.74222341588
27,202104,2142.16558455791,1102,888603.363645704,27,2021,4,2069.09591551493,2084.22008380608
27,202105,2036.64781451437,953,892087.842597152,27,2021,5,2082.12688113011,2088.90144810606
27,202106,2051.14272436341,1253,1036935.32146894,27,2021,6,2045.46994034214,2093.58281240604
27,202107,2196.54857323964,1453,981502.319915186,27,2021,7,2049.14840380814,2098.26417670602
27,202108,2150.71375776603,1504,969174.915692594,27,2021,8,2255.33128954902,2095.11961582912
27,202109,2121.2679058548,1769,1039383.2395577,27,2021,9,2211.52583986339,2091.97505495222
27,202110,2110.45488542801,1757,1049541.98472765,27,2021,10,2096.3054304924,2088.83049407532
27,202111,2157.00836037584,1805,1034992.82572927,27,2021,11,2176.55781528085,2086.33562806738
27,202112,1946.4824518964,1868,1104602.37770872,27,2021,12,1973.30300692889,2083.84076205944
27,202201,2177.98839023976,1830,1035231.62722642,27,2022,1,2071.79803822846,2081.3458960515
27,202202,2020.64517322994,1701,979161.796278465,27,2022,2,2078.26521500108,2077.12154732112
27,202203,1836.74172140007,1919,1092989.17019701,27,2022,3,1849.30794146406,2072.89719859074
27,202204,2122.10068050534,1958,1101721.69881962,27,2022,4,2038.25089589114,2068.67284986036
27,202205,2022.88015090684,1840,1008836.62873667,27,2022,5,2065.95172896707,2067.60410119353
27,202206,2075.55521954008,1953,1117146.48761213,27,2022,6,2082.41057557658,2066.5353525267
27,202207,2341.00702819444,1980,1054803.84265026,27,2022,7,2180.90041862811,2065.46660385987
27,202208,1944.62571555927,1961,1056859.04901078,27,2022,8,2044.60210264226,2071.12895565965
27,202209,1918.25567532275,2140,1221547.74785675,27,2022,9,2018.30356630335,2076.79130745943
27,202210,2336.08158372002,2096,1120729.68647198,27,2022,10,2318.77835251748,2082.45365925921
27,202211,1924.40194974804,2008,1089605.66011029,27,2022,11,1937.6602644717,2087.88175738296
27,202212,1977.59539566616,2117,1214138.90244394,27,2022,12,2016.06890526674,2093.3098555067
27,202301,2451.03078833828,2003,1078694.14320058,27,2023,1,2340.39459997647,2098.73795363045
27,202302,1946.4388475424,1824,994145.399887794,27,2023,2,2003.0762750804,2103.10395365728
27,202303,2091.513062089,2068,1219812.30969051,27,2023,3,2110.93219567294,2107.46995368411
27,202304,2329.92336637148,2045,1117889.5503409,27,2023,4,2241.11089855665,2111.83595371095
27,202305,2051.71007783403,1953,1059103.00152358,27,2023,5,2093.98354927505,2118.00725998202
27,202306,2027.72500425914,2084,1190967.11797285,27,2023,6,2039.57707640383,2124.17856625309
27,202307,2404.35731356312,2058,1114447.38160394,27,2023,7,2238.24749226645,2130.34987252416
27,202308,2045.67345846645,2071,1093565.91308664,27,2023,8,2143.36971801946,2135.64294044797
27,202309,1974.16143826873,2114,1256848.64965351,27,2023,9,2078.04962763597,2140.93600837178
27,202310,2225.85623573837,2084,1139883.16007551,27,2023,10,2206.42324715594,2146.22907629558
27,202311,2065.62311340956,2121,1110854.00023141,27,2023,11,2077.38698594865,2149.52020920881
27,202312,2025.27054753769,2116,1250425.89582916,27,2023,12,2069.66360735313,2152.81134212204
27,202401,2479.87126810341,2050,1103124.59692697,27,2024,1,2365.00084950358,2156.10247503526
27,202402,2155.69328523622,2103,1081812.89161734,27,2024,2,2211.55084332728,2161.09610459281
27,202403,1931.39205185135,2160,1250483.48224171,27,2024,3,1957.85798241515,2166.08973415036
27,202404,2435.70301662823,2201,1155244.83799865,27,2024,4,2342.10383407562,2171.08336370791
27,202405,2100.61644009104,2212,1120101.34778363,27,2024,5,2142.24985837868,2180.65521506792
27,202406,2103.85466391277,2227,1299373.19182777,27,2024,6,2120.84161172054,2190.22706642792
27,202407,2884.84507442729,2212,1182691.44205293,27,2024,7,2712.85030704426,2199.79891778793
27,202408,2118.03139999958,2166,1117200.14724964,27,2024,8,2213.54678418852,2213.75483483611
27,202409,2017.34042659776,2229,1273894.53665993,27,2024,9,2125.14915303945,2227.71075188429
27,202410,2756.2768832128,2324,1211459.47732894,27,2024,10,2734.77745769515,2241.66666893247
27,202411,2392.53684161982,2234,1164222.15728183,27,2024,11,2402.85267417584,2265.45431692778
27,202412,2101.2928460622,2212,1306914.66767163,27,2024,12,2151.64042665428,2289.24196492309
27,202501,2953.74330302056,2188,1181194.74492311,27,2025,1,2834.67490367172,2313.0296129184
27,202502,2339.67199704886,2122,1117653.82255459,27,2025,2,2395.28765753956,2345.4609042909
27,202503,2125.40891744735,2130,1257123.99021384,27,2025,3,2157.46423648133,2377.8921956634
27,202504,2870.1712579047,2251,1197521.81038754,27,2025,4,2772.26110854123,2410.32348703589
27,202505,2440.5825603655,2243,1191275.58011041,27,2025,5,2482.04526884318,2445.26714370023
27,202506,2254.23427728555,2240,1320401.55402245,27,2025,6,2275.30692343994,2480.21080036456
27,202507,2793.75897063655,2250,1218986.91244625,27,2025,7,2617.04675933521,2515.15445702889
27,202508,2457.04015071141,2143,1244983.67221716,27,2025,8,2551.10194939098,2551.09445663552
27,202509,2123.22440406379,2192,1272884.30607109,27,2025,9,2234.25136300914,2587.03445624214
27,202510,2648.07350223139,2122,1258277.03457463,27,2025,10,2624.44949662877,2622.97445584876
27,202511,2694.58031619097,2108,1296096.22412751,27,2025,11,2703.93888096502,2659.7590184992
27,202512,2206.92781312323,2020,1250114.2087213,27,2025,12,2262.28400352347,2696.54358114964
28,201201,2448.73938423003,1499,902248.726353147,28,2012,1,2434.09217422024,2336.62828677161
28,201202,2254.46807783472,1347,856422.588341071,28,2012,2,2342.10871081363,2332.76659677903
28,201203,2331.55624788952,1376,787333.97066109,28,2012,3,2281.495362576,2328.90490678645
28,201204,2417.69784341627,1543,866655.170377369,28,2012,4,2366.20584414103,2325.04321679387
28,201205,2351.88408973811,1426,813363.292105193,28,2012,5,2442.48990969937,2323.43132391993
28,201206,2149.27549118671,1415,797612.483714027,28,2012,6,2142.27115506246,2321.81943104599
28,201207,2358.81676899742,1581,884286.622150574,28,2012,7,2379.30023897151,2320.20753817205
28,201208,2189.05474044108,1421,813259.132786313,28,2012,8,2218.48088693688,2320.29321276954
28,201209,2329.63978684965,1476,832627.368988598,28,2012,9,2190.19290386981,2320.37888736703
28,201210,2230.90166681091,1627,921975.477488714,28,2012,10,2259.6683753909,2320.46456196452
28,201211,2100.9784169215,1462,851217.83837533,28,2012,11,2227.53006010822,2329.73378936626
28,201212,2538.35525783286,1515,868714.227265211,28,2012,12,2417.23685563566,2339.003016768
28,201301,2287.94977949689,1514,859372.107137392,28,2013,1,2269.98461381984,2348.27224416974
28,201302,2335.81110704467,1424,828880.174843217,28,2013,2,2422.45964248958,2364.0304149857
28,201303,2515.92642252517,1507,864615.581106244,28,2013,3,2468.75103066899,2379.78858580166
28,201304,2220.01411029448,1521,857658.519260104,28,2013,4,2170.12789434617,2395.54675661761
28,201305,2490.41158634855,1460,843329.408126952,28,2013,5,2583.53138588699,2404.82489163589
28,201306,2659.57961369739,1410,842090.712120233,28,2013,6,2652.70520400386,2414.10302665417
28,201307,2204.13784325561,1446,843813.973367489,28,2013,7,2223.49943375044,2423.38116167245
28,201308,2457.78063110572,1448,858822.7320618,28,2013,8,2488.25621844463,2422.87224717618
28,201309,2706.69298016039,1528,882782.349403029,28,2013,9,2568.3065427093,2422.36333267991
28,201310,2323.2340044514,1493,836801.89757703,28,2013,10,2350.18087776865,2421.85441818365
28,201311,2308.83930499652,1431,838882.568505923,28,2013,11,2432.4731444154,2418.59283915125
28,201312,2671.40091441858,1545,897131.83589163,28,2013,12,2550.70284836246,2415.33126011885
28,201401,2225.43319079348,1508,831258.306791236,28,2014,1,2204.20992494695,2412.06968108645
28,201402,2238.78206772408,1361,808020.958014622,28,2014,2,2324.48653556179,2412.98908280171
28,201403,3304.6205706539,1486,897338.953334439,28,2014,3,3260.36687661085,2413.90848451697
28,201404,2471.60652080714,1481,823992.340040874,28,2014,4,2423.33983318669,2414.82788623222
28,201405,2324.60230160186,1392,813919.780846258,28,2014,5,2420.22736636354,2413.47083519294
28,201406,3605.19121202023,1462,869645.358288876,28,2014,6,3598.41056438275,2412.11378415366
28,201407,2274.79846570111,1563,854631.048631569,28,2014,7,2292.97456232126,2410.75673311438
28,201408,2612.33972114032,1391,784132.457629917,28,2014,8,2643.77535805481,2412.79856049795
28,201409,2916.44461524632,1595,923865.595734867,28,2014,9,2779.00345518436,2414.84038788152
28,201410,2266.95943560731,1564,873444.625037516,28,2014,10,2291.95666673666,2416.88221526508
28,201411,2348.68311271985,1418,789523.561565401,28,2014,11,2469.2547026602,2414.59002115346
28,201412,3086.50907070004,1553,900360.844086978,28,2014,12,2966.08817101695,2412.29782704184
28,201501,2258.9349729192,1528,890232.102599208,28,2015,1,2234.8108215242,2410.00563293023
28,201502,2271.79899350877,1440,829734.851247979,28,2015,2,2356.75241034079,2398.53202451666
28,201503,2778.33245812286,1542,891319.176141999,28,2015,3,2737.6912767535,2387.0584161031
28,201504,2487.72400395197,1551,909293.606677952,28,2015,4,2442.7383866584,2375.58480768954
28,201505,2164.53005525858,1423,797020.287439497,28,2015,5,2265.31933338798,2361.92058100588
28,201506,2452.69888531215,1586,904635.75246831,28,2015,6,2443.93738504941,2348.25635432222
28,201507,2434.54522258239,1513,932980.059008098,28,2015,7,2451.71167805219,2334.59212763857
28,201508,2268.54864589903,1410,771443.681875644,28,2015,8,2299.92594974234,2322.97265601471
28,201509,2344.18041045746,1536,885256.75304038,28,2015,9,2206.89640101134,2311.35318439085
28,201510,2296.10893048383,1453,923724.648241793,28,2015,10,2318.35921622418,2299.73371276699
28,201511,2091.46759559496,1329,741506.231500859,28,2015,11,2206.46432839706,2298.74459868216
28,201512,2267.87440568402,1433,861848.436034966,28,2015,12,2149.1181363226,2297.75548459732
28,201601,2333.54269860534,1425,904747.55466919,28,2016,1,2306.79754397462,2296.76637051249
28,201602,2067.53471554196,1333,778482.710667886,28,2016,2,2152.03225572853,2311.90151767667
28,201603,2353.03261658085,1418,849844.195269181,28,2016,3,2316.31441429287,2327.03666484085
28,201604,2822.05735739667,1421,907660.484835403,28,2016,4,2780.6518037457,2342.17181200503
28,201605,2160.70313354263,1207,706000.234892113,28,2016,5,2266.94414526348,2364.01447631405
28,201606,2379.41191880516,1450,869847.278112432,28,2016,6,2368.9084577672,2385.85714062306
28,201607,2480.49209214424,1378,880410.740590545,28,2016,7,2496.83916994006,2407.69980493208
28,201608,1921.47766025239,1211,727728.706961022,28,2016,8,1952.91137926579,2427.55850823749
28,201609,2691.79664571826,1378,852246.281805835,28,2016,9,2554.70901989416,2447.4172115429
28,201610,2630.58126913274,1361,817420.657644134,28,2016,10,2650.03216095127,2467.27591484832
28,201611,2259.51128904223,1208,774430.313994023,28,2016,11,2368.78903463429,2469.16492409356
28,201612,2607.32946210984,1336,845400.373894892,28,2016,12,2489.98608215209,2471.05393333881
28,201701,2545.76394844698,1274,786145.469752138,28,2017,1,2503.51773472418,2472.94294258406
28,201702,2613.08941039915,1163,754762.083752465,28,2017,2,2694.0577170295,2456.21946893094
28,201703,2446.49593180583,1303,817122.424610292,28,2017,3,2423.55825263117,2439.49599527782
28,201704,2607.42606866866,1309,833502.553369212,28,2017,4,2570.14295081014,2422.7725216247
28,201705,2417.69276024529,1211,789708.614100538,28,2017,5,2538.3447277129,2402.46839572531
28,201706,2216.07563578107,1306,831731.820518996,28,2017,6,2208.3083029084,2382.16426982592
28,201707,2213.04059880357,1267,815723.727713898,28,2017,7,2221.6122045924,2361.86014392652
28,201708,2314.81658291793,1217,789317.231592059,28,2017,8,2351.45640104295,2343.79078368046
28,201709,2343.98136893152,1327,845218.87431868,28,2017,9,2212.74896281663,2325.72142343441
28,201710,2269.36805712689,1356,826456.990718633,28,2017,10,2277.11088061876,2307.65206318835
28,201711,2216.07709117073,1301,843703.420108906,28,2017,11,2311.82375251949,2298.59498835135
28,201712,2178.72852725486,1377,877491.697402852,28,2017,12,2067.62151321599,2289.53791351435
28,201801,2523.90523388446,1307,784126.171636857,28,2018,1,2465.85574861927,2280.48083867734
28,201802,2265.09935765705,1213,810308.965026231,28,2018,2,2342.29656006248,2281.72404881448
28,201803,2230.14241931485,1313,827008.763164988,28,2018,3,2220.80373436644,2282.96725895161
28,201804,2368.53668060056,1327,810111.602258953,28,2018,4,2335.26231791341,2284.21046908874
28,201805,2027.0352859827,1212,781217.066144847,28,2018,5,2162.05237684197,2283.64847228248
28,201806,2237.23086057378,1246,800126.473540668,28,2018,6,2232.21637912853,2283.08647547622
28,201807,2436.06170938,1226,759307.852752969,28,2018,7,2436.93712204119,2282.52447866995
28,201808,2236.63386065858,1233,807399.494196241,28,2018,8,2278.5993075323,2276.59627875231
28,201809,2338.82962680684,1340,864289.496694042,28,2018,9,2213.61222079596,2270.66807883466
28,201810,2445.75898898898,1297,807214.602435039,28,2018,10,2441.98167063397,2264.73987891702
28,201811,2165.95188179133,1291,857941.288172135,28,2018,11,2248.38353146153,2255.27362509262
28,201812,2241.75046590857,1374,896508.731926507,28,2018,12,2137.127637541,2245.80737126822
28,201901,2513.50987965581,1280,792239.261481284,28,2019,1,2452.48531167233,2236.34111744383
28,201902,2109.70116357363,1285,856734.373347487,28,2019,2,2179.55381586929,2220.61981331622
28,201903,2239.38921244221,1346,876482.820375813,28,2019,3,2234.0644541406,2204.89850918861
28,201904,2167.54582081629,1343,862445.541136976,28,2019,4,2152.55318473515,2189.177205061
28,201905,2004.79511382832,1275,859565.946648877,28,2019,5,2122.26505938798,2175.12897633824
28,201906,2272.62884040082,1352,910798.502242644,28,2019,6,2264.78219265455,2161.08074761548
28,201907,2113.30576669735,1286,838366.651383536,28,2019,7,2123.7832454539,2147.03251889271
28,201908,1974.91103787667,1247,855117.025610334,28,2019,8,2022.23526045526,2141.00579234629
28,201909,2291.92716840623,1404,944510.229300963,28,2019,9,2169.91924734885,2134.97906579987
28,201910,1930.08788045826,1369,898371.970374746,28,2019,10,1934.5993262373,2128.95233925344
28,201911,2033.63643391878,1212,846431.225825039,28,2019,11,2105.82673630759,2140.03011123314
28,201912,2492.499858252,1381,949635.439795406,28,2019,12,2380.46850940882,2151.10788321284
28,202001,1958.48230709862,1318,847863.281262129,28,2020,1,1894.27370298275,2162.18565519254
28,202002,2065.50091934437,1244,875663.765154702,28,2020,2,2127.76252868219,2184.97183586975
28,202003,2774.0940836514,958,867317.720340915,28,2020,3,2772.49921971454,2207.75801654696
28,202004,2155.42438598396,758,738518.921107095,28,2020,4,2158.40195850975,2230.54419722417
28,202005,2154.09353774741,751,779302.92526649,28,2020,5,2253.67733429138,2255.09242682958
28,202006,2902.95211729607,767,810216.118225288,28,2020,6,2891.9482404059,2279.64065643499
28,202007,2466.12382201858,695,706409.615286749,28,2020,7,2485.89224490082,2304.1888860404
28,202008,2256.54355615628,658,726571.782436255,28,2020,8,2308.96664706443,2317.17610311781
28,202009,2410.14071525165,648,794660.056141864,28,2020,9,2291.13358636678,2330.16332019522
28,202010,2506.57868893963,598,743776.870439703,28,2020,10,2519.2390129463,2343.15053727262
28,202011,2381.24521028388,618,884062.907315938,28,2020,11,2443.12308635942,2334.86077871517
28,202012,2645.21585578555,563,776322.529745226,28,2020,12,2525.79423078808,2326.57102015772
28,202101,2444.77639918976,543,812549.053320432,28,2021,1,2385.23334992627,2318.28126160027
28,202102,2234.35893090327,684,843301.719231013,28,2021,2,2302.55015612634,2304.35366147653
28,202103,2022.94504890187,628,791333.91985407,28,2021,3,2016.75108040603,2290.4260613528
28,202104,2160.81673276134,692,813689.369492569,28,2021,4,2162.82705856063,2276.49846122906
28,202105,2773.56216166817,698,809145.087103206,28,2021,5,2869.62185798188,2259.49323009196
28,202106,2256.21730110322,647,850455.708611537,28,2021,6,2245.09628907029,2242.48799895486
28,202107,1923.69305120889,819,869824.271957424,28,2021,7,1941.70865751825,2225.48276781776
28,202108,2354.33586343778,776,823378.059663432,28,2021,8,2410.57618880316,2217.33751309812
28,202109,2426.88040407759,927,887107.306892646,28,2021,9,2307.6341474307,2209.19225837848
28,202110,2093.71746720171,1004,916833.54886275,28,2021,10,2104.37383479416,2201.04700365884
28,202111,2175.32893940075,1010,938872.747491574,28,2021,11,2241.5931595274,2199.42615719885
28,202112,2286.88045963256,1065,950930.415738256,28,2021,12,2161.39396073151,2197.80531073885
28,202201,1745.13010682062,1120,926889.59472563,28,2022,1,1690.61706315552,2196.18446427885
28,202202,2176.68372951478,974,910073.0712109,28,2022,2,2251.09732580565,2194.64154230963
28,202203,2238.92944768437,1126,957036.539491344,28,2022,3,2228.35743424865,2193.09862034042
28,202204,1924.89684007796,1067,878593.339747324,28,2022,4,1926.10375435309,2191.5556983712
28,202205,2146.14282063688,1020,873760.130398284,28,2022,5,2238.78502750591,2194.98625650078
28,202206,2243.16333190521,1179,993708.245578009,28,2022,6,2231.99662501746,2198.41681463036
28,202207,2054.33343832297,1108,882245.905801824,28,2022,7,2070.63249784972,2201.84737275994
28,202208,2176.73905036429,1039,908894.1746707,28,2022,8,2236.82534230002,2212.48265255964
28,202209,2377.61033383698,1114,930467.846114766,28,2022,9,2258.14614386403,2223.11793235935
28,202210,2092.25700738166,1117,907533.770758187,28,2022,10,2100.93454021523,2233.75321215905
28,202211,2409.14063311898,1038,908928.657362753,28,2022,11,2479.82024617142,2245.73614380326
28,202212,2329.54402423228,1088,938501.003131426,28,2022,12,2198.01780815026,2257.71907544747
28,202301,2170.32120183066,1121,926435.454351806,28,2023,1,2118.59111395948,2269.70200709168
28,202302,2328.13447507066,978,865806.700355393,28,2023,2,2404.23427923335,2273.10364351983
28,202303,2346.03123444739,1054,871778.689559904,28,2023,3,2334.33726298053,2276.50527994799
28,202304,2262.96622838365,1068,919961.828620343,28,2023,4,2265.89356549313,2279.90691637615
28,202305,2440.72408353293,1004,882499.121728809,28,2023,5,2530.68417270108,2280.4421079709
28,202306,2304.32252419761,1097,898504.032110859,28,2023,6,2292.54700522882,2280.97729956565
28,202307,2254.95859125813,1176,957222.495045954,28,2023,7,2272.04426650069,2281.5124911604
28,202308,2251.77615606316,1096,920034.125175721,28,2023,8,2312.16421365129,2284.83766797454
28,202309,2190.3371946059,1146,911413.860729259,28,2023,9,2070.54101536683,2288.16284478867
28,202310,2160.38267040301,1093,918822.829664972,28,2023,10,2169.71572386792,2291.48802160281
28,202311,2225.79238681867,1086,921746.712346359,28,2023,11,2296.48482606599,2299.90828984995
28,202312,2347.43339118022,1059,849728.2878659,28,2023,12,2213.71963924113,2308.32855809709
28,202401,2435.55075978638,1142,948628.36592045,28,2024,1,2386.44346785235,2316.74882634423
28,202402,2204.46911733156,1078,920690.672695067,28,2024,2,2282.11410161725,2337.76934543897
28,202403,2335.61051981081,1156,942725.942021836,28,2024,3,2322.67269467192,2358.78986453372
28,202404,2416.31888542715,1170,979161.796579128,28,2024,4,2420.87151771051,2379.81038362846
28,202405,2364.51828771669,1081,940592.797393313,28,2024,5,2451.72789950389,2406.07941109469
28,202406,2488.90550663897,1152,901168.503076593,28,2024,6,2476.47885732642,2432.34843856092
28,202407,2384.94651971659,1229,988546.726601096,28,2024,7,2402.80253382961,2458.61746602715
28,202408,2182.73381149318,1072,910067.245102906,28,2024,8,2243.42829531861,2484.45762928816
28,202409,2775.37541279449,1176,943039.179548283,28,2024,9,2655.27284230445,2510.29779254917
28,202410,2599.1096521799,1200,967343.063928415,28,2024,10,2609.13929151433,2536.13795581019
28,202411,2379.06223551799,1056,931370.851896862,28,2024,11,2449.82403342143,2562.87984078013
28,202412,2855.20060403557,1154,934013.669669966,28,2024,12,2719.36355521275,2589.62172575007
28,202501,2600.63162379951,1156,950786.70527306,28,2025,1,2553.83213686102,2616.36361072001
28,202502,2387.79518847632,966,891241.768540584,28,2025,2,2466.36793773116,2641.48578811685
28,202503,2789.40233587904,1082,904270.704769839,28,2025,3,2775.40557196108,2666.60796551369
28,202504,2848.6678391319,1129,907271.070520111,28,2025,4,2854.29750113277,2691.73014291053
28,202505,2210.37187896322,979,885916.187346999,28,2025,5,2294.72334234759,2714.91805066442
28,202506,2669.04081219626,1093,922812.00560347,28,2025,6,2656.02842443812,2738.10595841831
28,202507,3097.53738464744,1018,848276.870522924,28,2025,7,3116.34718952043,2761.29386617219
28,202508,2732.08784387644,889,810134.460006262,28,2025,8,2793.30183478632,2784.34013874609
28,202509,2880.64952957251,1042,870966.173458009,28,2025,9,2760.32686904473,2807.38641131999
28,202510,2933.61172974879,998,846053.300233715,28,2025,10,2944.30330249174,2830.43268389389
28,202511,2648.38610230005,804,782521.91901132,28,2025,11,2719.4438940655,2853.02026434263
28,202512,2415.63470568474,1021,892743.177127874,28,2025,12,2278.4959983686,2875.60784479138
29,201201,2356.630237381,3584,5834766.62666571,29,2012,1,2165.85616583956,2090.03241558657
29,201202,2017.36444326435,3350,5475112.08890271,29,2012,2,2037.05812972518,2084.35275345348
29,201203,1958.75340028071,3569,5921405.72975426,29,2012,3,2054.78970212253,2078.67309132039
29,201204,2349.09343524006,3680,5696314.76250858,29,2012,4,2184.31409411523,2072.9934291873
29,201205,1926.78511503051,3590,5688907.4671142,29,2012,5,1957.64721008058,2067.85269181101
29,201206,1915.04797357083,3596,5821370.38632686,29,2012,6,2027.43319062801,2062.71195443472
29,201207,2387.31704408178,3433,5503731.33928381,29,2012,7,2255.81166453016,2057.57121705843
29,201208,1833.26060990631,3689,6067297.54808671,29,2012,8,1871.09954872812,2052.96067764706
29,201209,1893.3928053799,3625,5879633.13415929,29,2012,9,2038.39906062572,2048.35013823569
29,201210,2261.94800494216,3426,5648866.37072233,29,2012,10,2113.08375900904,2043.73959882432
29,201211,1938.31763752357,3497,5763243.8602676,29,2012,11,1986.18846886155,2043.6565123711
29,201212,1868.36286535496,3391,5740051.6876718,29,2012,12,2012.63276958128,2043.57342591787
29,201301,2247.33170946463,3240,5366136.09916538,29,2013,1,2058.90480695356,2043.49033946464
29,201302,1933.69496590097,3399,5649881.06208386,29,2013,2,1952.59246384437,2046.75444927856
29,201303,1999.08135633156,3374,5596256.88353102,29,2013,3,2093.7741985948,2050.01855909248
29,201304,2244.99456935808,3384,5466278.06814209,29,2013,4,2084.48132071138,2053.2826689064
29,201305,1936.9698552014,3502,5693804.33609576,29,2013,5,1965.53946847726,2056.01335205312
29,201306,2003.78156388076,3437,5601521.41983116,29,2013,6,2112.21537377738,2058.74403519984
29,201307,2281.77394011085,3542,5632749.81230909,29,2013,7,2154.58343036452,2061.47471834657
29,201308,2034.80479969241,3570,5692285.75669484,29,2013,8,2073.96360983686,2065.27414965005
29,201309,1847.70578940153,3579,5790306.57345397,29,2013,9,1990.70139569791,2069.07358095352
29,201310,2307.44447569527,3726,5917584.59746661,29,2013,10,2161.34365832639,2072.873012257
29,201311,1978.70112112459,3716,5927454.51864996,29,2013,11,2025.95069039605,2075.41906944755
29,201312,1899.40084444647,3611,5843170.05396899,29,2013,12,2039.16281450678,2077.96512663809
29,201401,2174.28002983392,3599,5672832.53706799,29,2014,1,1988.25799460695,2080.51118382863
29,201402,2161.70877383946,3640,6060007.48025369,29,2014,2,2179.85418393211,2084.51209657084
29,201403,1998.94287155594,3617,5646787.62207754,29,2014,3,2092.32275732019,2088.51300931305
29,201404,2269.60139033379,3654,5737086.26621102,29,2014,4,2113.3663502576,2092.51392205525
29,201405,2064.80551442719,3701,6063172.45460415,29,2014,5,2091.07637503399,2097.12408800022
29,201406,1907.4494132173,3682,5810867.87560575,29,2014,6,2011.90663410585,2101.7342539452
29,201407,2252.94948586342,3670,5722485.99211967,29,2014,7,2130.02975312223,2106.34441989017
29,201408,2119.0697846523,3655,6006906.20713844,29,2014,8,2159.48959361172,2109.72966052368
29,201409,2025.64611457546,3715,5992803.08842598,29,2014,9,2166.55741970722,2113.11490115719
29,201410,2269.38113201289,3782,6006491.67714639,29,2014,10,2125.96574990232,2116.5001417907
29,201411,2014.31836713463,3689,6132856.52813035,29,2014,11,2060.86433994286,2119.16769497813
29,201412,2008.01319366053,3698,5943323.2221889,29,2014,12,2143.19654233436,2121.83524816556
29,201501,2312.38601397491,3717,5961989.23827423,29,2015,1,2131.41514420027,2124.50280135299
29,201502,2034.97661829108,3492,5843827.8714017,29,2015,2,2051.74391181595,2126.37599260602
29,201503,2029.65487565103,3666,5903760.30841588,29,2015,3,2120.45130914655,2128.24918385904
29,201504,2387.93218108948,3744,6225515.53146272,29,2015,4,2239.17793085259,2130.12237511207
29,201505,2108.57927538154,3519,5637137.15349929,29,2015,5,2130.35646143157,2129.67153681658
29,201506,1948.29414169398,3610,5781407.26608198,29,2015,6,2046.43786335855,2129.22069852108
29,201507,2244.21048798995,3878,6240566.91738747,29,2015,7,2129.12322853148,2128.76986022559
29,201508,2206.96195883481,3555,5610748.23121106,29,2015,8,2248.00918879939,2121.57719035697
29,201509,1982.65832020555,3678,5939527.85317768,29,2015,9,2119.73277312449,2114.38452048835
29,201510,2299.52072564062,3736,6185252.25678435,29,2015,10,2160.99304848581,2107.19185061974
29,201511,2130.8148739527,3426,5360250.79292347,29,2015,11,2175.90547253215,2097.40960102381
29,201512,1786.14724134623,3536,5874849.51004802,29,2015,12,1913.7308110479,2087.62735142789
29,201601,2396.84158820569,3486,5781637.9434925,29,2016,1,2221.15457812668,2077.84510183196
29,201602,2022.59658337412,3348,5323104.86236779,29,2016,2,2038.18362232179,2068.13587071717
29,201603,1794.49168094864,3520,5672260.25520354,29,2016,3,1882.86769191333,2058.42663960237
29,201604,2165.245452247,3498,5837295.07566154,29,2016,4,2024.08401484339,2048.71740848758
29,201605,2059.74862851003,3411,5346244.11035941,29,2016,5,2077.09315625332,2043.57707767354
29,201606,1751.89337892184,3528,5661088.21104867,29,2016,6,1843.72606529585,2038.43674685951
29,201607,2199.14901392591,3409,5673480.89258831,29,2016,7,2091.83813936694,2033.29641604547
29,201608,2059.06374738493,3263,5254006.65543825,29,2016,8,2100.62612647939,2037.36409304742
29,201609,1777.28438722091,3467,5533024.50513744,29,2016,9,1910.3535325597,2041.43177004937
29,201610,2150.7252590117,3341,5452001.68943457,29,2016,10,2016.88405773182,2045.49944705132
29,201611,2058.56655169819,3325,5493620.49731002,29,2016,11,2101.96777325457,2050.13376646791
29,201612,1827.67115718066,3306,5395089.86137459,29,2016,12,1947.43217149616,2054.7680858845
29,201701,2271.43996631824,3278,5557301.16065453,29,2017,1,2106.36618281691,2059.40240530109
29,201702,2192.16812293452,3222,5400972.51580686,29,2017,2,2203.82640772309,2062.33240574634
29,201703,1896.83173402637,3240,5164880.79394846,29,2017,3,1980.3177732628,2065.2624061916
29,201704,2297.46078765978,3356,5596878.56829042,29,2017,4,2176.9770217756,2068.19240663686
29,201705,2122.60325945701,3229,5415756.70777089,29,2017,5,2126.76163313325,2074.6772870613
29,201706,1904.32926265305,3307,5332658.80359871,29,2017,6,1977.85420029711,2081.16216748574
29,201707,2141.23379126754,3317,5511122.05098127,29,2017,7,2056.01043722638,2087.64704791018
29,201708,2049.93481479652,3249,5377724.9807888,29,2017,8,2095.36249645397,2094.35522958881
29,201709,1874.6604219656,3189,5326299.19301075,29,2017,9,1997.44599260809,2101.06341126744
29,201710,2159.88623920107,3442,5850983.14135068,29,2017,10,2041.40899173047,2107.77159294607
29,201711,2146.28109316512,3189,5342060.5131554,29,2017,11,2183.70617754599,2115.25098624615
29,201712,2446.73604665121,3238,5520506.4424434,29,2017,12,2544.05188637099,2122.73037954623
29,201801,2330.24006545963,3326,5684975.74015532,29,2018,1,2176.57833440443,2130.20977284631
29,201802,2231.64205210906,3093,5245799.88251383,29,2018,2,2240.11138628798,2138.47468887922
29,201803,2102.87443480368,3140,5320955.83309058,29,2018,3,2182.15128354234,2146.73960491213
29,201804,2152.557316857,3316,5583927.89681813,29,2018,4,2053.31821823919,2155.00452094504
29,201805,2139.10178462567,3141,5351382.65994157,29,2018,5,2130.52721449823,2154.57229689593
29,201806,2248.44303342197,3164,5353384.18803872,29,2018,6,2303.99281884094,2154.14007284681
29,201807,2167.92749662812,3362,5704675.88909589,29,2018,7,2105.00364585111,2153.70784879769
29,201808,2098.80368840719,3231,5450748.53682932,29,2018,8,2148.2060639336,2147.92437200754
29,201809,2275.30961683732,3276,5642089.77300177,29,2018,9,2387.81841264912,2142.1408952174
29,201810,2233.72987241929,3368,5769738.24543337,29,2018,10,2130.55184819816,2136.35741842726
29,201811,2043.0620125875,3153,5301798.47817899,29,2018,11,2074.37469880766,2131.80170358064
29,201812,2373.68264522021,3101,5512315.53994611,29,2018,12,2448.38535889944,2127.24598873402
29,201901,2223.90028022719,3231,5584479.96844316,29,2019,1,2086.75949585847,2122.6902738874
29,201902,2089.91941667397,3201,5359554.83101817,29,2019,2,2101.87704357151,2118.79497290068
29,201903,2115.48422373775,3166,5577854.16327214,29,2019,3,2183.28831442518,2114.89967191395
29,201904,2081.91559493673,3189,5585601.02687209,29,2019,4,2004.16078485592,2111.00437092723
29,201905,2055.23507248706,3191,5495511.31102787,29,2019,5,2046.10499639896,2111.79730536818
29,201906,2188.01251297621,3139,5542073.36932508,29,2019,6,2213.19533033303,2112.59023980913
29,201907,2145.94129830675,3163,5677142.59828718,29,2019,7,2098.91290821363,2113.38317425008
29,201908,1985.16735902049,3109,5391927.97320826,29,2019,8,2041.24985416244,2117.4198139831
29,201909,2071.98936141844,3146,5514440.18198279,29,2019,9,2168.04292570409,2121.45645371612
29,201910,2201.17162589529,3202,5818284.29414501,29,2019,10,2109.05016516305,2125.49309344913
29,201911,2066.10356623622,3042,5351535.66363697,29,2019,11,2098.89437961934,2128.28965262268
29,201912,2229.29673906691,3023,5562201.22104648,29,2019,12,2289.2578390115,2131.08621179623
29,202001,2239.35032902006,3140,5718179.64781324,29,2020,1,2118.5444983868,2133.88277096977
29,202002,2035.55144749385,3043,5534618.20204917,29,2020,2,2050.84563500186,2126.1690802373
29,202003,2468.25137201907,1785,5013392.31810999,29,2020,3,2524.46523338998,2118.45538950484
29,202004,2300.74734673257,1580,4798598.8038309,29,2020,4,2244.42174794509,2110.74169877237
29,202005,2172.64099691119,1681,4464010.29255867,29,2020,5,2162.96273164036,2098.10742982343
29,202006,2523.67536765599,1442,4499688.45403074,29,2020,6,2518.57383959905,2085.4731608745
29,202007,2447.71631727526,1592,4468718.73686573,29,2020,7,2416.74131638488,2072.83889192556
29,202008,1870.6298483298,1525,4547589.3031514,29,2020,8,1933.63062855124,2057.76779435119
29,202009,2569.99247592764,1488,4394467.50743418,29,2020,9,2649.9092110962,2042.69669677682
29,202010,2235.59511848829,1689,4864698.81951935,29,2020,10,2154.90075313977,2027.62559920245
29,202011,1881.20511293446,1538,4975629.92025636,29,2020,11,1915.89671486112,2009.62872636944
29,202012,2022.53341907626,1462,4792429.81729555,29,2020,12,2068.15866231463,1991.63185353643
29,202101,2001.66482275788,1530,4597717.57439358,29,2021,1,1885.20430085529,1973.63498070342
29,202102,1858.9245627567,1303,4681260.70038555,29,2021,2,1874.95261110353,1961.62624011396
29,202103,1998.10050681038,1406,4689107.41912835,29,2021,3,2054.13642069607,1949.6174995245
29,202104,1943.08386678766,1573,4708144.88299745,29,2021,4,1892.10959982058,1937.60875893503
29,202105,1927.40964332103,1324,4485253.19621891,29,2021,5,1920.59539165934,1926.70167278367
29,202106,2032.35833016046,1922,5275424.01252356,29,2021,6,2020.62166405207,1915.7945866323
29,202107,1866.29268295121,2283,5289229.69902937,29,2021,7,1838.94200831213,1904.88750048094
29,202108,1826.78203067967,2029,4895497.94830807,29,2021,8,1888.32068853518,1898.65803515966
29,202109,1851.55321579985,2326,5522118.82296488,29,2021,9,1926.85150518507,1892.42856983838
29,202110,1792.99295037901,2525,5505145.86791847,29,2021,10,1712.63611657161,1886.1991045171
29,202111,2043.63805749732,2315,5193487.49759416,29,2021,11,2079.06082772701,1884.9794183574
29,202112,1755.51780596943,2499,5527421.92924564,29,2021,12,1802.22571242203,1883.7597321977
29,202201,1880.41570654454,2504,5403061.9586566,29,2022,1,1767.40266799125,1882.54004603801
29,202202,2153.60063635782,2288,4997682.33394131,29,2022,2,2169.51334520396,1886.61375940125
29,202203,1824.53840961225,2554,5432532.4281531,29,2022,3,1879.59580071508,1890.68747276449
29,202204,1833.33350185057,2619,5796479.70445097,29,2022,4,1787.00609476642,1894.76118612773
29,202205,2095.37040076394,2481,5094633.45611363,29,2022,5,2090.81179413409,1900.98523330268
29,202206,1871.71195311372,2626,5715761.38029084,29,2022,6,1852.8341736994,1907.20928047764
29,202207,1906.98369302246,2565,5726048.47512737,29,2022,7,1882.85376270303,1913.43332765259
29,202208,2059.63578922317,2533,5235117.19161601,29,2022,8,2119.39501249187,1918.20977032963
29,202209,1839.98081578644,2592,5612603.37420512,29,2022,9,1910.42961687819,1922.98621300668
29,202210,2049.03939348136,2711,5877656.60237139,29,2022,10,1968.8507158112,1927.76265568372
29,202211,1876.63201601211,2343,5038612.6962625,29,2022,11,1912.67824624719,1931.3746774297
29,202212,1952.36800848581,2556,5898761.46453095,29,2022,12,2000.08607272679,1934.98669917568
29,202301,1957.58054694055,2575,5732914.40210438,29,2023,1,1847.21433540224,1938.59872092165
29,202302,1874.78387186475,2297,4867257.06427663,29,2023,2,1891.2128724999,1945.53887537281
29,202303,1975.94717764855,2493,5695632.29528907,29,2023,3,2029.78605190606,1952.47902982396
29,202304,1920.37974337205,2594,5752138.52652285,29,2023,4,1876.50724069633,1959.41918427511
29,202305,1775.48886610298,2529,5377603.70890307,29,2023,5,1771.26753926509,1972.89687372944
29,202306,2046.16191721498,2632,5737407.6880442,29,2023,6,2024.2444603976,1986.37456318378
29,202307,2034.36292282593,2793,6111387.45985515,29,2023,7,2011.71448125843,1999.85225263811
29,202308,1867.42574102864,2601,5317994.40437891,29,2023,8,1926.40467633544,2020.7954414755
29,202309,2062.64665210044,2760,5831382.65765972,29,2023,9,2130.82238657109,2041.73863031288
29,202310,2114.1077762382,2834,6256198.75401285,29,2023,10,2034.10998909212,2062.68181915026
29,202311,1990.75610945052,2521,5339713.72691773,29,2023,11,2026.82093826584,2085.45458987639
29,202312,2051.27994657362,2687,5810115.1973165,29,2023,12,2099.03559210638,2108.22736060252
29,202401,2377.1024924345,2690,5963379.39464668,29,2024,1,2269.291910398,2131.00013132865
29,202402,2118.73573040271,2586,5463212.62321129,29,2024,2,2135.60793788911,2146.55071128623
29,202403,2057.7281958715,2696,5786463.31152196,29,2024,3,2110.29358092136,2162.10129124381
29,202404,2341.7659705677,2785,6063872.2580645,29,2024,4,2300.31381545639,2177.65187120139
29,202405,2228.98300104939,2621,5694270.59005703,29,2024,5,2225.08481267777,2187.2818363972
29,202406,2331.22307439922,2731,6015536.527236,29,2024,6,2306.27110018064,2196.911801593
29,202407,2214.68264175338,2718,5984108.79995193,29,2024,7,2193.54015026726,2206.54176678881
29,202408,2176.61031827451,2723,6035926.22024172,29,2024,8,2234.84656314295,2209.33743678799
29,202409,2106.05104414468,2823,6241458.77014534,29,2024,9,2172.00444571186,2212.13310678718
29,202410,2147.45958720434,2987,6294961.64497803,29,2024,10,2067.7079429518,2214.92877678637
29,202411,2292.82623406783,2718,6022296.80490938,29,2024,11,2328.9694324847,2214.58525582644
29,202412,2136.42383294485,2659,6231083.93882813,29,2024,12,2184.27445060196,2214.2417348665
29,202501,2328.55031753906,2808,6075921.17091252,29,2025,1,2222.48530415837,2213.89821390657
29,202502,2268.97283686183,2613,5947492.77064411,29,2025,2,2286.23174921237,2219.85540202366
29,202503,2126.13558571517,2779,6240754.40329947,29,2025,3,2177.94608068721,2225.81259014075
29,202504,2238.47966983467,2954,6258851.11147998,29,2025,4,2198.64405687989,2231.76977825784
29,202505,2188.8175999193,2625,5995954.0627804,29,2025,5,2185.21809401388,2237.19992727187
29,202506,2193.61123606135,2901,6603421.83683624,29,2025,6,2166.50579712606,2242.63007628591
29,202507,2282.33362495139,3044,6092770.03575205,29,2025,7,2262.15120287799,2248.06022529994
29,202508,2276.77203055202,2574,5866310.94212144,29,2025,8,2334.26496469231,2253.80096123408
29,202509,2200.5333258682,2961,6599677.57262422,29,2025,9,2265.00417831568,2259.54169716821
29,202510,2479.05816001927,2912,6049972.09260434,29,2025,10,2399.80440292079,2265.28243310235
29,202511,2196.40367801494,2355,5702883.25349586,29,2025,11,2232.34752898767,2271.52725732361
29,202512,2178.94722067229,2747,6622395.58833583,29,2025,12,2227.1547649345,2277.77208154487
31,201201,2727.87387250566,5483,8805902.47802025,31,2012,1,2592.58484690987,2641.16770743623
31,201202,2656.80914715347,5521,8988185.3400914,31,2012,2,2683.79986598426,2649.76469925668
31,201203,2660.59115119109,5865,9074642.64021174,31,2012,3,2744.28512281491,2658.36169107713
31,201204,2738.84614369304,6042,9259342.5014722,31,2012,4,2621.46833116147,2666.95868289758
31,201205,2603.95668554968,6136,9324694.5130435,31,2012,5,2680.88025894999,2675.93125622745
31,201206,2718.95282348993,6316,9433918.73235923,31,2012,6,2763.65090306139,2684.90382955731
31,201207,2784.37389708902,6290,9539413.94035688,31,2012,7,2661.02701130097,2693.87640288718
31,201208,2569.91086322817,6327,9500118.47930279,31,2012,8,2626.30210489275,2702.45148489551
31,201209,2855.63678823901,6368,9298955.24051823,31,2012,9,2926.06732567879,2711.02656690385
31,201210,2766.9239638918,6359,9663628.07867832,31,2012,10,2676.38264115806,2719.60164891218
31,201211,2650.93284007136,6243,9318634.26693868,31,2012,11,2701.12990740595,2727.83572377513
31,201212,2741.86672608532,6365,9333364.6615865,31,2012,12,2797.92114673138,2736.06979863808
31,201301,2951.85019863038,6170,9251295.82316641,31,2013,1,2818.07757816844,2744.30387350103
31,201302,2739.52392914512,6051,9057690.05127601,31,2013,2,2767.44288230181,2755.72089238374
31,201303,2696.39339536289,6383,9341613.75698832,31,2013,3,2780.03816090778,2767.13791126645
31,201304,2841.53714322954,6282,9345696.72494504,31,2013,4,2724.23702671057,2778.55493014916
31,201305,2687.57796392291,6319,9469660.48817936,31,2013,5,2763.51149938166,2788.48629405786
31,201306,2732.34836108775,6571,9544489.6199167,31,2013,6,2776.24574438517,2798.41765796657
31,201307,2923.55573973789,6382,9396708.64869685,31,2013,7,2800.5414785713,2808.34902187527
31,201308,2820.62369492943,6437,9592419.97371663,31,2013,8,2877.10482165634,2817.21936978611
31,201309,2716.61208412944,6543,9518826.31329733,31,2013,9,2785.45366942807,2826.08971769694
31,201310,2950.80904821749,6362,9498241.11893202,31,2013,10,2861.73932173959,2834.96006560778
31,201311,2856.01718039919,6433,9724185.38044623,31,2013,11,2906.00642064878,2844.98917785387
31,201312,2725.42691878163,6376,9305305.88412868,31,2013,12,2780.62637072271,2855.01829009996
31,201401,3012.81238570252,6181,9370592.24709771,31,2014,1,2880.56177279637,2865.04740234606
31,201402,2916.58237959677,6397,9667248.52732032,31,2014,2,2945.42892698629,2870.89729688617
31,201403,2698.2278185018,6278,9240904.83171375,31,2014,3,2781.81649535965,2876.74719142628
31,201404,3019.77232907673,6186,9338759.86208244,31,2014,4,2902.53502175526,2882.5970859664
31,201405,2804.39742394668,6512,9877041.6744161,31,2014,5,2879.31803044176,2883.85964761121
31,201406,2645.12473655131,6358,9325310.19749069,31,2014,6,2688.19108954517,2885.12220925602
31,201407,3124.87196043356,6181,9392684.45745631,31,2014,7,3002.15254685148,2886.38477090083
31,201408,2900.70547386946,6408,9850494.85227506,31,2014,8,2957.234561525,2884.81821704792
31,201409,2749.47108863259,6303,9263984.76492853,31,2014,9,2816.67765055962,2883.25166319502
31,201410,3046.57097560657,6219,9483811.68387802,31,2014,10,2958.92684167134,2881.68510934211
31,201411,2812.90325437254,6222,9812676.09651846,31,2014,11,2862.63873134128,2875.13811041731
31,201412,2750.85988730537,6315,9522972.45991644,31,2014,12,2805.16409001827,2868.59111149251
31,201501,3058.07490324129,6022,9408911.81240152,31,2015,1,2927.85938028689,2862.04411256771
31,201502,2837.70026102992,6078,9489008.95581581,31,2015,2,2867.99495291903,2853.05961802979
31,201503,2724.56431554548,6181,9342228.31123049,31,2015,3,2808.7196223551,2844.07512349188
31,201504,3015.33758363782,6138,9543216.92092529,31,2015,4,2897.79378238032,2835.09062895397
31,201505,2711.94181648866,6139,9327095.73044149,31,2015,5,2785.47167679408,2827.85882031767
31,201506,2722.91004619992,6403,9782245.99773468,31,2015,6,2765.35634921161,2820.62701168138
31,201507,2960.58211775178,6219,9619746.70477939,31,2015,7,2837.77874277249,2813.39520304508
31,201508,2708.64262608005,6142,9456493.03916163,31,2015,8,2764.94743424941,2807.46108955927
31,201509,2764.8013411302,6348,9739162.51361628,31,2015,9,2829.58342176599,2801.52697607345
31,201510,2910.42021413363,6080,9423684.80598678,31,2015,10,2824.5438249071,2795.59286258764
31,201511,2674.11436927154,5989,9334017.90175004,31,2015,11,2723.79491361472,2790.44761295245
31,201512,2778.37484578184,6053,9829687.49198564,31,2015,12,2831.60811155437,2785.30236331726
31,201601,2913.4082809016,5937,9239337.90720963,31,2016,1,2785.23333308072,2780.15711368207
31,201602,2645.14594738619,5848,9119437.217846,31,2016,2,2676.85388661748,2774.90213970411
31,201603,2782.30862749833,5991,9696903.10880706,31,2016,3,2866.95528476312,2769.64716572614
31,201604,2898.73099856153,5960,9311646.39661369,31,2016,4,2780.75493721969,2764.39219174818
31,201605,2681.75712044223,5937,9181434.98092298,31,2016,5,2753.71998175796,2760.04094267511
31,201606,2711.49793064545,6140,9995974.21908358,31,2016,6,2753.09749773486,2755.68969360205
31,201607,2844.17161921638,5973,9356451.65025555,31,2016,7,2721.0071637597,2751.33844452899
31,201608,2654.53921363585,5955,9342341.82234943,31,2016,8,2710.29965596461,2748.54330931387
31,201609,2679.66508792476,6136,9798445.41396812,31,2016,9,2741.65963364068,2745.74817409874
31,201610,2837.10624213495,5946,9327202.96516297,31,2016,10,2752.60803748197,2742.95303888362
31,201611,2688.830560859,6068,9438149.7746139,31,2016,11,2738.04010593497,2744.36195551781
31,201612,2695.47769473542,6105,9806627.97164347,31,2016,12,2747.22876263503,2745.770872152
31,201701,2872.85093088991,5845,9296365.16220965,31,2017,1,2752.11542202349,2747.17978878618
31,201702,2662.46410639028,5882,9157859.82910065,31,2017,2,2700.00258614989,2754.28372687569
31,201703,2623.6139941321,6096,9413704.34899122,31,2017,3,2706.65675301742,2761.38766496519
31,201704,2920.1427749803,5972,9564323.72152183,31,2017,4,2801.12575869224,2768.4916030547
31,201705,2710.29028349421,5975,9391459.50654157,31,2017,5,2777.22342287115,2777.24929895596
31,201706,2639.59076292648,6127,9587168.7082365,31,2017,6,2678.04850231547,2786.00699485722
31,201707,2928.95831312014,6133,9730608.08192587,31,2017,7,2807.14139138067,2794.76469075849
31,201708,2767.62493818243,5946,9483842.6448427,31,2017,8,2825.40481832092,2803.34212513227
31,201709,2752.8987745172,6028,9349894.32482906,31,2017,9,2806.94646643434,2811.91955950605
31,201710,2984.42654080686,6118,9866999.45291371,31,2017,10,2906.28577354103,2820.49699387983
31,201711,2829.15127075021,6219,9958460.04496535,31,2017,11,2878.68245747286,2825.90809547972
31,201712,2710.95368087061,6036,9460547.26193327,31,2017,12,2757.15089376167,2831.31919707961
31,201801,3004.03123665566,5913,9562686.02352215,31,2018,1,2890.88856552687,2836.7302986795
31,201802,2795.86070004381,6032,9791180.64280356,31,2018,2,2839.40080874274,2836.06360531099
31,201803,2752.95329042804,5932,9278032.49218277,31,2018,3,2834.58092897274,2835.39691194247
31,201804,2985.99251484407,5934,9786284.12565528,31,2018,4,2866.12739667121,2834.73021857396
31,201805,2779.10183014147,6119,10034336.5206014,31,2018,5,2841.20217566363,2830.23306193568
31,201806,2798.05772304885,6081,9590301.14155638,31,2018,6,2833.57003847675,2825.7359052974
31,201807,2936.63913892023,6093,9951958.36531788,31,2018,7,2816.36563029262,2821.23874865912
31,201808,2791.99039850773,6181,10287556.3512846,31,2018,8,2851.98192972807,2816.27013672223
31,201809,2737.52020882493,6052,9565079.34570497,31,2018,9,2783.80959409286,2811.30152478534
31,201810,2799.78824660133,5970,9756140.08927706,31,2018,10,2728.18099985487,2806.33291284845
31,201811,2778.86690570549,6108,10393398.5621086,31,2018,11,2828.88335318968,2802.94789874312
31,201812,2769.99460444344,5914,9432220.09822836,31,2018,12,2810.77015386929,2799.56288463778
31,201901,2826.06855508554,5773,9383362.09750189,31,2019,1,2720.87292945771,2796.17787053245
31,201902,2826.87907965576,5891,9926123.96634704,31,2019,2,2871.59467616847,2795.79852781096
31,201903,2688.60249308596,6130,9676648.17445221,31,2019,3,2762.58139467483,2795.41918508946
31,201904,2769.54980856402,6013,9829039.36959436,31,2019,4,2656.7576188403,2795.03984236797
31,201905,2759.65171698546,6100,10215542.19041,31,2019,5,2821.60555408706,2797.62206837963
31,201906,2794.26321812333,6102,9776042.41805092,31,2019,6,2822.60811609773,2800.20429439128
31,201907,2754.07807208184,6063,9888977.08808271,31,2019,7,2638.57728344192,2802.78652040294
31,201908,2754.59008931921,6013,10217813.603542,31,2019,8,2814.28524412651,2808.26174603275
31,201909,2764.83574480418,6022,9772393.47601212,31,2019,9,2798.94392597006,2813.73697166256
31,201910,2846.3324703816,5925,9769920.30170985,31,2019,10,2783.44054759514,2819.21219729236
31,201911,2777.74522552204,6093,10481650.9345368,31,2019,11,2834.21254480807,2828.39632082776
31,201912,2798.13094381058,5888,9824701.76693834,31,2019,12,2831.99798414457,2837.58044436316
31,202001,2941.2821675922,5765,9588074.66259436,31,2020,1,2843.78679721025,2846.76456789856
31,202002,2782.41222684921,5801,10118488.951523,31,2020,2,2828.1082375581,2854.40501832241
31,202003,2786.53891871269,4773,9516861.24283499,31,2020,3,2852.72572636565,2862.04546874626
31,202004,2994.23535902287,4458,8715700.62079288,31,2020,4,2888.44055504301,2869.68591917011
31,202005,2947.78877739149,4863,9379341.04123882,31,2020,5,3009.58837764206,2872.96567887772
31,202006,2965.76580256132,4789,9014804.61587314,31,2020,6,2987.00130021127,2876.24543858533
31,202007,2999.85982859752,4623,8845922.17702185,31,2020,7,2889.25552263389,2879.52519829294
31,202008,2821.81528255,4638,9412976.71791015,31,2020,8,2881.3934218103,2877.07531492839
31,202009,2889.90530051721,4876,9297678.61821804,31,2020,9,2912.06723662454,2874.62543156385
31,202010,2933.86153582533,4512,9270949.66719075,31,2020,10,2879.95773784445,2872.1755481993
31,202011,2809.84346363174,4494,9887698.04446553,31,2020,11,2873.07229736733,2862.25923658468
31,202012,2841.98962342305,4580,9684216.1190319,31,2020,12,2869.27048586227,2852.34292497005
31,202101,2896.27986278701,4344,9490812.41877835,31,2021,1,2799.36607260638,2842.42661335543
31,202102,2803.0792247639,4130,10023302.4971655,31,2021,2,2849.16658024777,2830.88096584707
31,202103,2792.99608794184,4509,9467425.7029573,31,2021,3,2857.72960168496,2819.33531833871
31,202104,2859.67508386427,4425,9842160.02900945,31,2021,4,2756.44958353413,2807.78967083035
31,202105,2720.57886203405,4484,10193646.5586719,31,2021,5,2782.51626233092,2798.28795042274
31,202106,2764.36775230882,4888,9780891.45405678,31,2021,6,2781.68308582129,2788.78623001513
31,202107,2940.1257547968,4894,10228032.8837474,31,2021,7,2833.80796630212,2779.28450960752
31,202108,2611.39049389853,4812,10486585.3456853,31,2021,8,2671.04721102681,2774.30955113616
31,202109,2719.78923722239,5189,9987599.14196213,31,2021,9,2736.28221984093,2769.3345926648
31,202110,2830.09559318115,5043,10331616.1615266,31,2021,10,2778.34403901475,2764.35963419344
31,202111,2471.8811167981,4995,10652432.919797,31,2021,11,2537.17016142354,2764.36813248093
31,202112,2753.04953236292,5242,10132363.3800917,31,2021,12,2779.27272382772,2764.37663076843
31,202201,2741.6377711761,5086,10284811.9008067,31,2022,1,2645.30991738957,2764.38512905592
31,202202,2415.56097485712,5053,10587002.9229609,31,2022,2,2462.03518319966,2768.41707763317
31,202203,2782.85015977244,5384,10287842.8942613,31,2022,3,2846.11703958031,2772.44902621042
31,202204,2784.07798074127,5345,10697420.0286371,31,2022,4,2683.41107600847,2776.48097478766
31,202205,2481.17340389143,5346,10919266.150431,31,2022,5,2543.24052815528,2784.77652279058
31,202206,2772.33413546322,5428,10242300.5260607,31,2022,6,2785.72615900265,2793.0720707935
31,202207,2847.1257527316,5430,10836859.718995,31,2022,7,2745.09626611405,2801.36761879642
31,202208,2762.30458568116,5447,10969222.0475246,31,2022,8,2822.0443948543,2816.32173027082
31,202209,2876.02405436295,5374,10209775.8134403,31,2022,9,2886.85532743822,2831.27584174522
31,202210,2832.09162160318,5283,10789137.5084887,31,2022,10,2782.50248204688,2846.22995321962
31,202211,2744.9241847164,5256,10938643.8443314,31,2022,11,2812.28653787739,2865.86996460381
31,202212,3015.49664211918,5260,9931239.23750745,31,2022,12,3040.67905624517,2885.50997598801
31,202301,2997.14296261679,5086,10468502.8257998,31,2023,1,2901.61732487404,2905.1499873722
31,202302,2877.48046083535,5170,10849133.5948139,31,2023,2,2923.94301868065,2925.22257698417
31,202303,3082.7037231967,5191,10068491.279137,31,2023,3,3144.75813075656,2945.29516659615
31,202304,3092.6840235665,5251,10896933.3705969,31,2023,4,2993.40155488881,2965.36775620812
31,202305,2793.14398571172,5211,10741901.5710584,31,2023,5,2855.52231715616,2983.70082143088
31,202306,3008.81893523416,5409,10208656.7617215,31,2023,6,3020.61007210232,3002.03388665364
31,202307,3183.36644038958,5347,10758976.1275762,31,2023,7,3082.66326887013,3020.36695187639
31,202308,2967.82160296706,5151,10334774.125823,31,2023,8,3027.83885943084,3034.44177437471
31,202309,3118.95923799727,5559,10543707.3270825,31,2023,9,3127.19353027376,3048.51659687302
31,202310,3108.54028643068,5415,10894942.5504312,31,2023,10,3059.91455143664,3062.59141937133
31,202311,2912.07114546921,5200,10382944.1855619,31,2023,11,2980.80944293951,3070.18393555806
31,202312,3111.00523315906,5585,10657930.3953526,31,2023,12,3134.95172433155,3077.77645174478
31,202401,3236.66399987282,5384,10707930.9054579,31,2024,1,3141.97304953726,3085.36896793151
31,202402,3031.35353622677,5265,10422547.2446593,31,2024,2,3077.83698911756,3089.43109864838
31,202403,3035.90097707833,5561,10617341.180036,31,2024,3,3096.7755321122,3093.49322936524
31,202404,3228.14301105334,5550,11188123.8104836,31,2024,4,3130.2773426898,3097.5553600821
31,202405,3241.05057267302,5511,10654603.126251,31,2024,5,3303.77222009411,3100.21349737585
31,202406,3030.89031090834,5663,10720616.4360925,31,2024,6,3041.11270274527,3102.87163466959
31,202407,3172.23523471266,5532,11213068.1556366,31,2024,7,3072.89055277536,3105.52977196334
31,202408,3120.21157244641,5449,10694661.6084629,31,2024,8,3180.53772733409,3108.75500367321
31,202409,3077.60975327541,5563,10703150.5844581,31,2024,9,3083.27779253557,3111.98023538308
31,202410,3182.61153778223,5358,11047915.1687599,31,2024,10,3134.97840574777,3115.20546709295
31,202411,3045.00897198561,5547,10992373.3826787,31,2024,11,3115.15088277745,3122.72987765714
31,202412,2978.72714096126,5331,10666637.4973113,31,2024,12,3001.46303030834,3130.25428822133
31,202501,3239.3264553521,5306,10657721.7417635,31,2025,1,3145.07238074328,3137.77869878552
31,202502,3088.64431502036,5333,10643566.472244,31,2025,2,3135.23143998445,3149.8479754399
31,202503,3082.61315914178,5364,10822933.2844883,31,2025,3,3142.51818304178,3161.91725209428
31,202504,3241.47951169248,5540,11301220.9917426,31,2025,4,3144.44452895216,3173.98652874867
31,202505,3131.71022697537,5529,11145651.5941533,31,2025,5,3195.04089761969,3187.55899468745
31,202506,3273.59804062939,5562,11115349.1777358,31,2025,6,3282.91333019655,3201.13146062624
31,202507,3215.30419521581,5718,10949816.7598129,31,2025,7,3116.8971206071,3214.70392656503
31,202508,3129.93196589124,5399,11197145.3341454,31,2025,8,3190.34238923768,3228.81806084901
31,202509,3301.54573137003,5587,10855173.7925847,31,2025,9,3305.23824982616,3242.93219513298
31,202510,3288.76373007444,5683,10753008.2353686,31,2025,10,3241.74466565202,3257.04632941696
31,202511,3225.00490799069,5088,11778035.1473993,31,2025,11,3296.43989653679,3271.64154047351
31,202512,3513.1869517656,5308,10813243.3141153,31,2025,12,3534.99913160345,3286.23675153006
32,201201,2759.45836822481,2980,1724846.34105197,32,2012,1,2759.61804845368,2865.64023994526
32,201202,3088.25943049657,2649,1653001.14573919,32,2012,2,3171.42962208676,2871.89885514752
32,201203,2919.22616351114,2776,1655442.24381774,32,2012,3,2832.79919827301,2878.15747034979
32,201204,2871.4625643112,3173,1700712.90684993,32,2012,4,2854.98845883409,2884.41608555205
32,201205,2996.57374251536,2877,1661430.03121309,32,2012,5,3157.24068176763,2891.35242489994
32,201206,3043.44013899621,2914,1672978.03332654,32,2012,6,2952.34372795364,2898.28876424782
32,201207,2904.12852195962,3075,1708148.99886129,32,2012,7,2898.5921861361,2905.2251035957
32,201208,2735.32559422517,2849,1657799.52043167,32,2012,8,2875.90481887944,2912.20105270922
32,201209,3035.69171248653,2947,1706860.67030409,32,2012,9,2824.99532959446,2919.17700182273
32,201210,2809.8167749521,3203,1746365.68769664,32,2012,10,2821.27203372269,2926.15295093625
32,201211,2931.11173858438,2910,1686930.4152482,32,2012,11,3027.52556628379,2932.05847992131
32,201212,3023.80064708277,3142,1788569.94733539,32,2012,12,2941.49285981127,2937.96400890638
32,201301,2862.03695565122,3266,1720056.63288624,32,2013,1,2860.28774221239,2943.86953789144
32,201302,2933.13520727285,3087,1637075.32588391,32,2013,2,3019.83222729488,2955.04286552933
32,201303,3107.0523667822,3181,1713299.67826483,32,2013,3,3017.99656871804,2966.21619316722
32,201304,2978.28112204366,3386,1740831.25089308,32,2013,4,2962.19350644886,2977.38952080511
32,201305,2852.79035505817,3123,1686495.118315,32,2013,5,3017.36768991796,2988.42631027926
32,201306,2991.12469604511,3172,1723219.92891761,32,2013,6,2896.43314558647,2999.4630997534
32,201307,2972.68032912057,3333,1739614.0735434,32,2013,7,2967.41087997904,3010.49988922754
32,201308,3094.80016097041,3165,1727542.98548892,32,2013,8,3236.86362842074,3017.34073356344
32,201309,3106.38559522253,3264,1765405.07872702,32,2013,9,2892.94715156463,3024.18157789934
32,201310,3097.92571201339,3415,1745698.36500609,32,2013,10,3109.10336196722,3031.02242223525
32,201311,3020.59065971157,3064,1707204.47026223,32,2013,11,3119.58894057305,3034.51686899767
32,201312,3067.76503435898,3081,1691103.7334512,32,2013,12,2984.56596044215,3038.0113157601
32,201401,3105.50787232718,3341,1690271.56147904,32,2014,1,3101.84324579627,3041.50576252253
32,201402,2970.21999428682,3043,1719122.57243568,32,2014,2,3060.44046900805,3041.98629617552
32,201403,3146.90472364282,3074,1739594.56178145,32,2014,3,3055.21986471176,3042.46682982852
32,201404,3013.8997797671,3352,1697889.39929841,32,2014,4,2998.20151767588,3042.94736348152
32,201405,2928.9295992834,3125,1791480.74394559,32,2014,5,3097.42328503414,3041.85973649266
32,201406,3046.63541966961,2994,1721323.76706455,32,2014,6,2948.35777673396,3040.7721095038
32,201407,3035.66920544357,3252,1690796.14425173,32,2014,7,3030.67878157872,3039.68448251495
32,201408,2899.14595504939,3089,1785742.08128244,32,2014,8,3042.7102658731,3041.3569586664
32,201409,3175.37083682685,3136,1764854.56001437,32,2014,9,2959.21139496307,3043.02943481784
32,201410,3105.07146067397,3313,1711027.672213,32,2014,10,3115.99659775025,3044.70191096929
32,201411,3010.68831818078,3111,1777917.37353081,32,2014,11,3112.3001815228,3054.35816406757
32,201412,3106.5358734441,2970,1688676.68469521,32,2014,12,3022.47623823023,3064.01441716585
32,201501,3020.88450934283,3141,1684407.56398024,32,2015,1,3013.17238211111,3073.67067026413
32,201502,2945.54538900881,3016,1747621.23963446,32,2015,2,3042.05022663555,3085.96820358345
32,201503,3038.69707310377,3094,1718108.16488786,32,2015,3,2942.94549980813,3098.26573690277
32,201504,3269.38192748709,3219,1766435.99344753,32,2015,4,3253.4262515507,3110.56327022209
32,201505,3012.92377403428,3044,1750298.00947729,32,2015,5,3187.71391631379,3115.25576902341
32,201506,2983.3559504451,3047,1708746.4570961,32,2015,6,2881.56969790035,3119.94826782472
32,201507,3340.10058664152,3162,1743096.6799844,32,2015,7,3334.80844354174,3124.64076662604
32,201508,3089.473201316,2864,1641278.63006689,32,2015,8,3234.41676123408,3124.7665402238
32,201509,2809.40890667074,3073,1705058.98056445,32,2015,9,2589.42439303901,3124.89231382155
32,201510,3217.2404928659,3084,1755987.28308154,32,2015,10,3225.95952740701,3125.01808741931
32,201511,3001.52801043286,2696,1571889.22163497,32,2015,11,3107.42642712769,3112.81206454914
32,201512,2994.97036420047,2973,1739660.64735672,32,2015,12,2911.15108186079,3100.60604167896
32,201601,3207.03292404025,3033,1729446.55297728,32,2016,1,3195.28060200394,3088.40001880879
32,201602,3041.84227382409,2730,1517870.77375576,32,2016,2,3144.64692440407,3068.32348737338
32,201603,3025.39359261466,2908,1688490.23577518,32,2016,3,2925.59889915368,3048.24695593798
32,201604,3153.55459932183,3086,1715403.60452094,32,2016,4,3137.38048120795,3028.17042450258
32,201605,2793.85376073914,2848,1555245.31333153,32,2016,5,2974.99470868356,3015.12344275835
32,201606,3010.60340000767,3006,1726985.58615381,32,2016,6,2905.38519969297,3002.07646101412
32,201607,2984.70821096064,3038,1675689.41574905,32,2016,7,2979.21332316809,2989.02947926989
32,201608,2760.4129979717,2715,1518614.11810794,32,2016,8,2906.86394851326,2983.06140055995
32,201609,3256.48807841426,2898,1666943.91276943,32,2016,9,3032.83580153067,2977.09332185
32,201610,2778.78423563781,3077,1645058.20770524,32,2016,10,2785.48323777822,2971.12524314005
32,201611,2828.0999705331,2740,1586102.53392197,32,2016,11,2938.49977233358,2971.73737572463
32,201612,3311.86341098351,2953,1708872.13591597,32,2016,12,3228.5198925537,2972.34950830921
32,201701,2955.18377512096,2944,1595875.74741298,32,2017,1,2932.69495012041,2972.96164089379
32,201702,2893.77031749224,2635,1565294.78616409,32,2017,2,3011.68666852223,2974.7993505484
32,201703,3546.93213675289,2835,1657245.63620547,32,2017,3,3438.09021265861,2976.637060203
32,201704,2923.25439423548,3011,1632066.51665874,32,2017,4,2906.18385761796,2978.47476985761
32,201705,2814.50306109215,2835,1745673.76108062,32,2017,5,3011.86213093923,2978.89713742663
32,201706,3358.0425660381,2864,1713521.34697675,32,2017,6,3238.91222556716,2979.31950499566
32,201707,2921.77359833962,3083,1680549.59339852,32,2017,7,2915.81129321265,2979.74187256468
32,201708,2737.27793183497,2854,1741560.15814562,32,2017,8,2891.55074256174,2976.70475060728
32,201709,3354.62300172598,2892,1735579.40790122,32,2017,9,3117.16858569761,2973.66762864988
32,201710,2862.98551842791,3123,1699062.52522472,32,2017,10,2869.44723233741,2970.63050669247
32,201711,2808.13903898254,2874,1738928.95061747,32,2017,11,2931.74384428258,2968.18943757644
32,201712,3387.40582828931,2890,1727101.91952688,32,2017,12,3300.85437130053,2965.74836846041
32,201801,3036.74042993568,2958,1631467.40610936,32,2018,1,3003.64630695068,2963.30729934438
32,201802,2698.73290705696,2843,1698510.33667673,32,2018,2,2831.92780125358,2964.20291529207
32,201803,3312.47066565516,2903,1755573.28299336,32,2018,3,3194.78399138106,2965.09853123977
32,201804,2816.1446226475,3006,1670918.82851425,32,2018,4,2798.44886836206,2965.99414718747
32,201805,2628.72881793407,2939,1761640.08469669,32,2018,5,2842.6459309018,2965.84870553249
32,201806,3255.64192514622,2973,1801028.85591553,32,2018,6,3123.01873213185,2965.70326387751
32,201807,2932.65564832176,3127,1755420.05254591,32,2018,7,2926.72457986801,2965.55782222254
32,201808,2805.90345646761,2992,1805958.56533335,32,2018,8,2968.56077037336,2967.08905067518
32,201809,3354.94199931492,3046,1798350.65952691,32,2018,9,3104.3120761217,2968.62027912781
32,201810,2964.14153510574,3186,1764258.52987042,32,2018,10,2970.99326303487,2970.15150758045
32,201811,2734.4295326172,3009,1842781.18323986,32,2018,11,2871.86731393796,2973.37021733955
32,201812,3463.71025380634,2918,1830005.70936926,32,2018,12,3374.4764859735,2976.58892709865
32,201901,2948.06968788125,3063,1725307.19407893,32,2019,1,2897.11976127197,2979.80763685775
32,201902,2860.24594648826,3071,1872606.83232338,32,2019,2,2996.59367198912,2983.72639229131
32,201903,3452.2350847625,2994,1815055.44203202,32,2019,3,3345.38188042196,2987.64514772486
32,201904,2983.48083899151,3184,1812369.35118757,32,2019,4,2954.03181589202,2991.56390315842
32,201905,2647.05705501186,3124,1957275.14255205,32,2019,5,2856.48477795664,3000.26738807896
32,201906,3289.70620281352,2989,1848045.58832158,32,2019,6,3169.58652532098,3008.9708729995
32,201907,3001.62962456399,3194,1813573.13083841,32,2019,7,2981.84395872154,3017.67435792004
32,201908,2731.91034042466,3025,1866498.99062144,32,2019,8,2895.59522895663,3028.37512652631
32,201909,3370.76999149389,2912,1846808.13230817,32,2019,9,3142.47365978918,3039.07589513258
32,201910,3066.87879281767,3143,1811510.85986679,32,2019,10,3051.85188275791,3049.77666373885
32,201911,2890.80569901729,3000,1827648.57742156,32,2019,11,3031.25408084092,3059.82868389645
32,201912,3215.56979825604,2860,1893088.92422398,32,2019,12,3158.24923176511,3069.88070405405
32,202001,3174.61693221173,3054,1767251.57303624,32,2020,1,3103.54374218803,3079.93272421165
32,202002,2839.69320805664,2822,1781533.18580845,32,2020,2,2977.01599182403,3083.24642859595
32,202003,3188.66211116491,1924,1764480.76663746,32,2020,3,3090.55429047268,3086.56013298025
32,202004,3308.22221318229,1830,1712768.41524355,32,2020,4,3265.11207487276,3089.87383736455
32,202005,2869.37996907522,1784,1622527.05668335,32,2020,5,3072.59069549032,3087.85244282023
32,202006,3239.91402991295,1496,1600245.67353903,32,2020,6,3130.77587124216,3085.8310482759
32,202007,3138.46258179062,1688,1589935.81236586,32,2020,7,3103.50593166603,3083.80965373157
32,202008,2986.7155804515,1626,1619833.30320294,32,2020,8,3150.30539766976,3078.62880274764
32,202009,3188.80645132121,1568,1773595.02245306,32,2020,9,2981.91480611858,3073.44795176372
32,202010,3009.09876701586,1702,1652768.65532894,32,2020,10,2971.44222177911,3068.26710077979
32,202011,2967.15307200345,1416,1641710.45280414,32,2020,11,3110.03896494016,3059.28439360051
32,202012,3156.31590317967,1424,1796783.58717573,32,2020,12,3130.50603549418,3050.30168642124
32,202101,2985.06696189106,1717,1718047.15278417,32,2021,1,2901.24908030209,3041.31897924196
32,202102,2967.31350949731,1487,1750165.33413255,32,2021,2,3100.3518973835,3035.55506605485
32,202103,3213.61131690772,1316,1729844.48062198,32,2021,3,3127.83927461158,3029.79115286775
32,202104,2857.97965537981,1716,1751339.30448759,32,2021,4,2800.98482170828,3024.02723968065
32,202105,2911.54552663455,1542,1867914.60078468,32,2021,5,3110.00666687904,3020.72423507798
32,202106,3046.68599587324,1844,1819295.56862423,32,2021,6,2944.79712361799,3017.42123047532
32,202107,2995.02229114718,1976,1753297.99662047,32,2021,7,2949.93547997482,3014.11822587265
32,202108,2942.43204194438,2120,2044916.22920209,32,2021,8,3109.02416673884,3012.12241539889
32,202109,2914.48965270488,2197,1879745.10793897,32,2021,9,2719.28591964114,3010.12660492513
32,202110,3114.45296768846,2141,1840874.99647693,32,2021,10,3068.37154402357,3008.13079445136
32,202111,2937.61574543967,2220,2011122.82304753,32,2021,11,3082.29154977423,3010.78859358956
32,202112,2912.13358050143,2353,1865149.0817536,32,2021,12,2893.76077540405,3013.44639272775
32,202201,3153.50059008014,2468,1848322.96409321,32,2022,1,3058.41736932136,3016.10419186594
32,202202,2841.86928279164,2195,1923390.89994892,32,2022,2,2972.00769534623,3025.2071663741
32,202203,3117.51951036559,2375,1852252.00512526,32,2022,3,3045.37273516927,3034.31014088226
32,202204,3082.08531150775,2535,1881141.37720577,32,2022,4,3012.3200430049,3043.41311539042
32,202205,2840.60691589701,2486,2052282.94585511,32,2022,5,3035.2575023285,3058.38385448761
32,202206,3056.53248653366,2437,1893007.83412231,32,2022,6,2962.6313037034,3073.3545935848
32,202207,3127.83882420565,2635,1945911.9321901,32,2022,7,3073.15962564676,3088.32533268199
32,202208,3050.39202669229,2437,1997740.55546254,32,2022,8,3220.332385444,3105.91267482003
32,202209,3129.39694472141,2468,1903051.31144461,32,2022,9,2946.03520289742,3123.50001695806
32,202210,3358.99245126909,2642,1941239.72832439,32,2022,10,3304.49393663287,3141.0873590961
32,202211,3089.10980256583,2458,1995014.25442959,32,2022,11,3235.43701411099,3157.75620289524
32,202212,2960.65893364719,2380,1865242.72043649,32,2022,12,2949.51139663637,3174.42504669438
32,202301,3448.3014673237,2497,1896499.15938148,32,2023,1,3348.52168305017,3191.09389049353
32,202302,3076.36210277358,2345,1928706.37196069,32,2023,2,3205.22194266655,3201.48085899077
32,202303,2988.86004953624,2470,1923977.4807702,32,2023,3,2920.6994975638,3211.86782748801
32,202304,3393.52566533558,2493,1881127.20494589,32,2023,4,3318.90426978115,3222.25479598525
32,202305,3131.93392817145,2384,1948724.32559354,32,2023,5,3324.24667475728,3228.76512356201
32,202306,3035.95509308116,2541,1948517.30156323,32,2023,6,2946.23246611657,3235.27545113876
32,202307,3430.98160284614,2589,1937140.03403801,32,2023,7,3372.39913279556,3241.78577871552
32,202308,2956.98826041261,2452,1957622.96089771,32,2023,8,3127.03680900175,3251.16926258957
32,202309,2944.87435275127,2555,1949561.02376038,32,2023,9,2768.02414946539,3260.55274646362
32,202310,3399.55086213505,2580,1955522.79920103,32,2023,10,3340.6838075693,3269.93623033767
32,202311,3075.69959923162,2497,2018086.14803749,32,2023,11,3221.87748139549,3282.35383870291
32,202312,3119.78827921708,2451,1955058.48117144,32,2023,12,3113.1835096811,3294.77144706816
32,202401,3453.61944203292,2596,1972103.05032522,32,2024,1,3349.46450289177,3307.1890554334
32,202402,3232.97708429217,2521,1992982.02264813,32,2024,2,3360.86812530276,3322.39680009301
32,202403,3313.84898337209,2598,1936063.12550024,32,2024,3,3249.97279353486,3337.60454475262
32,202404,3528.42784368946,2717,2040013.02044874,32,2024,4,3449.21371735393,3352.81228941223
32,202405,3239.50681393248,2651,2060504.96509093,32,2024,5,3429.71037430231,3366.06303392283
32,202406,3367.76634809253,2599,1931720.62198809,32,2024,6,3282.40796768028,3379.31377843343
32,202407,3605.83522790037,2701,1988097.94684278,32,2024,7,3543.49221410181,3392.56452294404
32,202408,3301.22263822869,2554,2048679.18586777,32,2024,8,3471.48206999817,3402.22691266399
32,202409,3475.96793781244,2553,1932760.59125995,32,2024,9,3305.69193200677,3411.88930238395
32,202410,3560.57956300967,2601,1963411.68870013,32,2024,10,3497.37804938984,3421.5516921039
32,202411,3211.10824766696,2550,2118098.0841212,32,2024,11,3357.14230325831,3426.55683590702
32,202412,3362.64978960911,2224,1906281.50371293,32,2024,12,3360.5804036385,3431.56197971014
32,202501,3638.74845331102,2553,1932519.82753844,32,2025,1,3530.85820198797,3436.56712351326
32,202502,3362.66856163558,2464,2050154.58016545,32,2025,2,3489.59969825405,3440.99978550209
32,202503,3374.27803458786,2501,1929807.59157834,32,2025,3,3314.18378188913,3445.43244749092
32,202504,3641.59792460429,2630,1985041.07549421,32,2025,4,3558.52077638554,3449.86510947976
32,202505,3237.83686135676,2596,2132003.47243076,32,2025,5,3425.96343254529,3457.08359371222
32,202506,3570.01163359518,2458,1918682.38094357,32,2025,6,3488.67931284544,3464.30207794469
32,202507,3551.46755178078,2747,1968217.16857795,32,2025,7,3485.73354031421,3471.52056217715
32,202508,3121.80185278132,2471,2087511.24286396,32,2025,8,3292.17465293403,3478.76036473697
32,202509,3682.10105212551,2576,1908868.98471506,32,2025,9,3517.07806278809,3486.00016729678
32,202510,3514.7361038985,2686,1976041.81373473,32,2025,10,3447.91215633519,3493.2399698566
32,202511,3338.12424654176,2359,2150205.65127277,32,2025,11,3484.27838250184,3500.58660625658
32,202512,3613.54638377988,2296,1879720.77514918,32,2025,12,3615.47841380243,3507.93324265655
33,201201,3290.10240737866,4848,6981635.59837537,33,2012,1,3249.56618682198,3282.27227541452
33,201202,3276.86538522954,5178,7375709.82052768,33,2012,2,3361.21821718258,3280.83838911036
33,201203,3280.56038864255,5133,7345005.88990691,33,2012,3,3263.33884927885,3279.40450280621
33,201204,3346.81974338984,5428,7138892.73785646,33,2012,4,3255.58075321758,3277.97061650206
33,201205,3250.72343842446,5634,7490918.22519246,33,2012,5,3341.5019250693,3277.41056026101
33,201206,3328.05279189088,5858,7690781.44945482,33,2012,6,3272.66085640742,3276.85050401995
33,201207,3354.67975987369,5619,7183835.28009355,33,2012,7,3257.95094539137,3276.2904477789
33,201208,3243.96354770993,5909,7517996.36534083,33,2012,8,3297.80784412337,3276.37287270018
33,201209,3181.44083298042,5935,7690335.12729852,33,2012,9,3181.68576731104,3276.45529762146
33,201210,3329.71388146946,5767,7400103.83101521,33,2012,10,3255.39101028415,3276.53772254274
33,201211,3143.88145422538,5766,7460157.60922512,33,2012,11,3238.3966659217,3281.12163319689
33,201212,3180.83115696294,5943,7817960.83105007,33,2012,12,3231.81909406798,3285.70554385105
33,201301,3364.6658026623,5847,7523511.33926369,33,2013,1,3324.20578171718,3290.2894545052
33,201302,3203.90120107351,5568,7444000.11690664,33,2013,2,3288.95288450803,3301.76228617469
33,201303,3369.64844728052,5884,7703540.2023692,33,2013,3,3354.52474470531,3313.23511784418
33,201304,3381.02853866009,5865,7597640.63622283,33,2013,4,3288.46729303151,3324.70794951367
33,201305,3045.69881244579,5642,7443380.53930653,33,2013,5,3135.35711747152,3338.54849737158
33,201306,3471.13011974334,5751,7628101.88128678,33,2013,6,3417.57502321611,3352.38904522949
33,201307,3661.15483966025,5810,7554625.14171828,33,2013,7,3562.85911222267,3366.22959308739
33,201308,3236.21443141239,5854,7602497.6739712,33,2013,8,3289.19296558648,3377.11571843198
33,201309,3413.66436865775,5916,7769748.60267165,33,2013,9,3414.9313755053,3388.00184377657
33,201310,3504.27999759096,5687,7304464.92349489,33,2013,10,3428.69670080324,3398.88796912115
33,201311,3243.13874987766,5823,7521541.79145557,33,2013,11,3337.68002025883,3402.96719388572
33,201312,3617.37475461533,5966,7856888.509867,33,2013,12,3668.73999689449,3407.04641865029
33,201401,3564.98651373856,5903,7587655.6125689,33,2014,1,3524.60325732834,3411.12564341486
33,201402,3251.08670475191,5905,7641002.06926579,33,2014,2,3336.83526923215,3412.02923086624
33,201403,3657.72849710275,5911,7529387.57689977,33,2014,3,3644.69812552115,3412.93281831762
33,201404,3544.36056027648,5943,7688519.00125639,33,2014,4,3450.46829891597,3413.836405769
33,201405,3212.02303514594,5882,7562379.92747531,33,2014,5,3300.54814379623,3414.48137938587
33,201406,3517.12380633649,5811,7424315.89508045,33,2014,6,3465.38744965418,3415.12635300273
33,201407,3395.17848672569,6032,7740000.85037061,33,2014,7,3295.29266286653,3415.7713266196
33,201408,3325.93569038055,5914,7689310.01628599,33,2014,8,3378.02216713277,3414.59727066869
33,201409,3436.15439703781,5938,7551456.32756351,33,2014,9,3438.41406950356,3413.42321471779
33,201410,3489.9924140509,5939,7642301.20908753,33,2014,10,3413.12006758923,3412.24915876688
33,201411,3366.67689311727,5771,7689570.30778089,33,2014,11,3461.21638093895,3413.39695748189
33,201412,3426.34530194564,5809,7610399.37632758,33,2014,12,3478.06664470154,3414.5447561969
33,201501,3437.51697245012,5949,7780592.68994586,33,2015,1,3396.49275619965,3415.69255491192
33,201502,3339.04243137104,5668,7462871.99719256,33,2015,2,3426.72322615172,3417.15243287588
33,201503,3358.35385855407,5858,7580399.95997975,33,2015,3,3348.470471558,3418.61231083985
33,201504,3549.86532398284,5890,7836558.81769102,33,2015,4,3453.22083995603,3420.07218880382
33,201505,3328.777982384,5567,7523433.49322543,33,2015,5,3416.62968140919,3419.79651480417
33,201506,3424.16861452353,5879,7631038.4507245,33,2015,6,3375.20981117828,3419.52084080451
33,201507,3508.85429331252,5884,7696179.55354925,33,2015,7,3407.1343000084,3419.24516680486
33,201508,3404.54056266946,5695,7472260.82669818,33,2015,8,3455.38913352907,3421.71994145229
33,201509,3457.89992969328,5832,7639320.82042466,33,2015,9,3460.8221041825,3424.19471609972
33,201510,3461.56331572605,5781,7869980.40327177,33,2015,10,3383.02289401675,3426.66949074715
33,201511,3340.26011759245,5570,7202426.49126215,33,2015,11,3434.60349646282,3429.27914952607
33,201512,3358.72697272718,5713,7518134.65040204,33,2015,12,3410.03623494339,3431.88880830498
33,201601,3443.27342747645,5717,7554359.08306675,33,2016,1,3401.70505539228,3434.49846708389
33,201602,3396.89619799839,5464,7185986.20280537,33,2016,2,3486.56626634197,3433.45181015179
33,201603,3695.18603109013,5621,7563523.87487962,33,2016,3,3688.46691119794,3432.40515321969
33,201604,3446.63463061232,5607,7399796.45951587,33,2016,4,3347.1964112449,3431.35849628759
33,201605,3382.71490228792,5221,6931404.25963423,33,2016,5,3469.79288382098,3424.68803840738
33,201606,3681.88131625427,5555,7397617.53907769,33,2016,6,3635.53290322835,3418.01758052717
33,201607,3274.012327479,5407,7177590.36784671,33,2016,7,3170.22414656148,3411.34712264696
33,201608,3369.23447091367,5229,7008459.2722104,33,2016,8,3418.548206283,3401.14441172886
33,201609,3544.61762240034,5365,7351584.19184523,33,2016,9,3547.84245788611,3390.94170081077
33,201610,3250.31980752462,5371,7262067.96589421,33,2016,10,3169.70133270822,3380.73898989268
33,201611,3313.54795147602,5127,6907836.77825768,33,2016,11,3407.23510670304,3372.43543130741
33,201612,3695.88097774949,5212,7381437.55490832,33,2016,12,3746.29428390858,3364.13187272214
33,201701,3239.7764508247,5239,7048593.8896819,33,2017,1,3200.83070262406,3355.82831413687
33,201702,3279.37148287833,4957,6748126.84159981,33,2017,2,3370.92649213947,3352.90718647724
33,201703,3807.07847514281,5276,7377210.32589414,33,2017,3,3811.43346861516,3349.98605881761
33,201704,3344.94798637803,5171,7032631.93207096,33,2017,4,3239.15975032588,3347.06493115798
33,201705,3312.89448800887,5019,6743623.08547143,33,2017,5,3392.90386455319,3353.84208485521
33,201706,3363.43212007149,5314,7283032.44366801,33,2017,6,3326.32863857089,3360.61923855245
33,201707,3408.22986208661,5308,7051883.38979775,33,2017,7,3300.90049004372,3367.39639224968
33,201708,3354.59171785641,5304,7006159.27336006,33,2017,8,3397.16073505588,3383.22951548298
33,201709,3411.91176883313,5629,7617891.37372791,33,2017,9,3417.71331700807,3399.06263871629
33,201710,3472.98919258199,5356,7067767.17131986,33,2017,10,3389.28951175167,3414.89576194959
33,201711,3397.45115129091,5360,7141801.02779826,33,2017,11,3489.79295618441,3434.58964176699
33,201712,3395.17592601365,5585,7450485.39001722,33,2017,12,3447.03651850084,3454.28352158438
33,201801,3471.40730990044,5369,7098715.54730661,33,2018,1,3435.08011211796,3473.97740140178
33,201802,3343.36038500688,5393,7252852.93796047,33,2018,2,3436.89006263228,3493.12975737775
33,201803,3509.13278060405,5518,7307325.8326128,33,2018,3,3524.74541579973,3512.28211335372
33,201804,3666.27221514999,5492,7056302.23470889,33,2018,4,3554.4377772919,3531.43446932969
33,201805,3519.98774475402,5540,7427160.51226585,33,2018,5,3593.35261770835,3551.25981002254
33,201806,3579.71644657023,5680,7581443.17313224,33,2018,6,3552.41129045658,3571.08515071539
33,201807,3768.12352612604,5713,7173192.30469196,33,2018,7,3657.93564928227,3590.91049140824
33,201808,3526.14919054552,5720,7446538.33366588,33,2018,8,3562.76645213623,3609.06222489581
33,201809,3532.19438488119,5795,7873657.48568827,33,2018,9,3541.47588454298,3627.21395838339
33,201810,3802.40959666561,5848,7266952.78821686,33,2018,10,3716.58460635577,3645.36569187097
33,201811,3596.92424937763,5703,7531457.64505732,33,2018,11,3688.92925820875,3659.05198820569
33,201812,3569.37618635856,5756,7812161.06565452,33,2018,12,3623.64721065714,3672.73828454042
33,201901,3827.88429379879,5926,7514704.345573,33,2019,1,3785.93757066387,3686.42458087514
33,201902,3652.47602460863,5720,7562924.68995766,33,2019,2,3740.43213554966,3699.81994242964
33,201903,3661.00816818019,5644,7634380.66828668,33,2019,3,3684.51295201441,3713.21530398414
33,201904,3867.62249133634,5777,7409233.44331088,33,2019,4,3753.76042671806,3726.61066553864
33,201905,3623.87002713696,5434,7456778.77145349,33,2019,5,3688.39065268655,3739.75596865
33,201906,3644.41692340875,5433,7708014.41001044,33,2019,6,3626.65257903603,3752.90127176137
33,201907,4028.97099518133,5617,7493160.55814143,33,2019,7,3911.97325683751,3766.04657487273
33,201908,3715.20567122967,5317,7346963.64746969,33,2019,8,3751.92649561117,3784.1613519084
33,201909,3560.55786510493,5485,7878183.10115638,33,2019,9,3576.40698065857,3802.27612894407
33,201910,4040.12094083572,5739,7579805.39447804,33,2019,10,3954.74232352775,3820.39090597975
33,201911,3652.30584964497,5345,7459644.40695507,33,2019,11,3752.62465753313,3848.45865314041
33,201912,3751.34959567727,5426,7846790.78752444,33,2019,12,3809.26798586257,3876.52640030107
33,202001,3994.59786296428,5579,7511323.99346102,33,2020,1,3945.80846200124,3904.59414746172
33,202002,3739.23277169729,5223,7470634.23825429,33,2020,2,3820.46228927528,3937.02745690989
33,202003,3864.52594238157,3745,7559063.71456835,33,2020,3,3894.83997397267,3969.46076635806
33,202004,4271.53196438328,3304,6558574.22276817,33,2020,4,4154.70185479296,4001.89407580622
33,202005,3978.496029148,3251,6348934.94188019,33,2020,5,4033.37447175082,4027.02484743173
33,202006,4347.52214395529,2975,6750572.89127675,33,2020,6,4338.68020328359,4052.15561905723
33,202007,4507.68384741124,2885,6331998.18530065,33,2020,7,4383.4373670296,4077.28639068274
33,202008,4170.71121987117,2812,6150911.79713542,33,2020,8,4207.28080575953,4077.14311373889
33,202009,4115.2982572546,2773,6544549.75331509,33,2020,9,4137.64426666996,4076.99983679504
33,202010,4431.32541465158,2715,6599724.70486998,33,2020,10,4346.4888235005,4076.85655985119
33,202011,3998.87376672887,2557,6558101.15769807,33,2020,11,4107.76840201425,4050.54878579264
33,202012,4231.54531212696,2421,6458414.09034284,33,2020,12,4293.5101869522,4024.2410117341
33,202101,4456.65862392449,2285,6862710.0739632,33,2021,1,4401.99445848312,3997.93323767556
33,202102,3909.14190787384,2110,6288233.30549089,33,2021,2,3987.37920811194,3952.53272867971
33,202103,4295.73928718563,1871,6354627.32796994,33,2021,3,4328.18338839057,3907.13221968386
33,202104,4673.82884300039,1869,6979871.15882864,33,2021,4,4554.07373154961,3861.73171068802
33,202105,3715.68901175301,1984,7200091.15591441,33,2021,5,3763.92599771169,3818.04420203186
33,202106,3778.50271212363,2945,6945431.78341018,33,2021,6,3770.90551555077,3774.35669337571
33,202107,3850.36482779734,3040,7223664.7892539,33,2021,7,3719.14962670341,3730.66918471956
33,202108,3326.21666566359,3333,7363047.2446532,33,2021,8,3366.3872741496,3704.56837835184
33,202109,3513.28491371015,3864,6895064.46082939,33,2021,9,3539.33927532525,3678.46757198412
33,202110,3552.61927361574,4210,7305465.19685905,33,2021,10,3468.0886697629,3652.3667656164
33,202111,3434.132544457,4045,7642875.56507246,33,2021,11,3546.95304585942,3648.2266095091
33,202112,3642.46465512877,4203,7176579.50859844,33,2021,12,3712.23797949654,3644.08645340181
33,202201,3628.30993932747,4207,7022807.99981267,33,2022,1,3568.34820923145,3639.94629729451
33,202202,3465.11360110744,3861,7293891.93355211,33,2022,2,3540.81831159857,3653.90578373067
33,202203,3869.69556282328,4329,7206430.11768577,33,2022,3,3904.61178900419,3667.86527016683
33,202204,3806.18758663304,4572,7395700.11318888,33,2022,4,3683.72404992395,3681.82475660299
33,202205,3473.28670087883,4179,7619271.65165656,33,2022,5,3514.97332803554,3708.09013880521
33,202206,3927.04648541725,4490,7449264.55386538,33,2022,6,3920.66311472627,3734.35552100744
33,202207,3770.06831495573,4697,7440201.59721545,33,2022,7,3631.73145887343,3760.62090320966
33,202208,3677.68104191139,4369,7615530.20944386,33,2022,8,3721.19397582392,3785.89306286652
33,202209,3864.0039637318,4533,7376955.70212414,33,2022,9,3893.40221748045,3811.16522252338
33,202210,3927.61599178606,4592,7377735.61930076,33,2022,10,3842.95357345189,3836.43738218024
33,202211,3746.18262281605,4281,7666166.45237743,33,2022,11,3862.41784684255,3854.20090676682
33,202212,3888.57688355153,4536,7610420.5689687,33,2022,12,3965.61815472547,3871.96443135339
33,202301,3982.45900180474,4492,7273479.65058863,33,2023,1,3920.01832147023,3889.72795593997
33,202302,4003.79692663232,4185,7647565.0731389,33,2023,2,4078.32515090356,3900.24478936751
33,202303,3863.72203731816,4624,7664174.73280331,33,2023,3,3898.85076144954,3910.76162279506
33,202304,3788.72892053072,4653,7396907.64511698,33,2023,4,3664.69462193415,3921.2784562226
33,202305,4018.68082267304,4370,7751989.47492277,33,2023,5,4058.22345161016,3925.0311644816
33,202306,3808.34513081141,4814,7764787.88851166,33,2023,6,3801.89937233361,3928.78387274059
33,202307,4023.64006740135,4960,7497672.34977479,33,2023,7,3883.51941074185,3932.53658099958
33,202308,3986.89781864959,4565,8039108.86829313,33,2023,8,4031.33567633124,3932.16013341582
33,202309,3979.51734350355,4878,7533625.41799011,33,2023,9,4009.70115569068,3931.78368583206
33,202310,3925.95106823902,5070,7670888.42918131,33,2023,10,3842.18109832691,3931.4072382483
33,202311,3785.75625503078,4753,8245180.9846799,33,2023,11,3903.7426219442,3929.80492318235
33,202312,3862.5205416629,5046,7764086.9794985,33,2023,12,3941.11003159573,3928.20260811641
33,202401,4057.66337120401,5060,7718444.20285539,33,2024,1,3993.09787557909,3926.60029305046
33,202402,3939.55850704047,4873,8406876.81557183,33,2024,2,4013.27741074195,3923.5505603645
33,202403,3788.74363477948,5141,7761395.24448186,33,2024,3,3824.4650532135,3920.50082767854
33,202404,4030.22205304734,5178,7696662.10200329,33,2024,4,3904.97062383239,3917.45109499258
33,202405,3916.97627461355,5009,8584845.97955361,33,2024,5,3954.70197151711,3916.31025395149
33,202406,3846.16740143894,4993,7851607.15162442,33,2024,6,3839.93508818801,3915.16941291039
33,202407,4088.90524703358,5153,7815141.25077892,33,2024,7,3947.22538963824,3914.0285718693
33,202408,3828.13546062803,4924,8530646.0074933,33,2024,8,3873.66186036179,3923.43858225669
33,202409,3788.78881716546,5060,7967351.47162945,33,2024,9,3819.86082451573,3932.84859264409
33,202410,4050.05384253006,5043,7951018.04709216,33,2024,10,3967.22476931457,3942.25860303148
33,202411,3832.81137176617,4884,8368396.28109286,33,2024,11,3952.54314139099,3962.78459972597
33,202412,3754.94161910458,4805,8017095.93655253,33,2024,12,3835.03817337419,3983.31059642046
33,202501,4437.67633823848,5011,7956081.47645218,33,2025,1,4371.39998219416,4003.83659311495
33,202502,3916.23534487533,4824,8196091.74469875,33,2025,2,3988.8145520606,4021.1873235732
33,202503,4043.1902989544,4911,7978685.0678553,33,2025,3,4079.36935510697,4038.53805403144
33,202504,4479.42372728435,5073,7930954.17430456,33,2025,4,4353.71094844958,4055.88878448969
33,202505,4115.98355072619,4813,7973512.11929524,33,2025,5,4152.00353086028,4071.19458932602
33,202506,4167.92449705582,4986,8022796.21156474,33,2025,6,4162.07673638597,4086.50039416234
33,202507,4456.94877320271,5010,7956126.9258198,33,2025,7,4314.49367691996,4101.80619899867
33,202508,4012.79558210346,4705,7997181.96776452,33,2025,8,4059.05540260815,4116.7722522131
33,202509,4099.6649909356,4928,7797516.41424867,33,2025,9,4131.14970734374,4131.73830542754
33,202510,4569.69342806495,5039,8138386.34555221,33,2025,10,4487.93991958256,4146.70435864197
33,202511,4028.58848361092,4116,7680773.55048965,33,2025,11,4149.56248732165,4160.1605377596
33,202512,3987.64065319513,4625,8089405.61265808,33,2025,12,4068.9776449029,4173.61671687724
35,201201,3466.05890184294,6128,19417307.0663547,35,2012,1,3682.88245471069,3813.05249883065
35,201202,3766.47787261806,6260,20741337.4437727,35,2012,2,3815.54918772544,3831.06684603087
35,201203,4213.26500671281,6380,20892204.4906125,35,2012,3,3953.31826395967,3849.08119323109
35,201204,3603.7737191038,6901,20330250.0980976,35,2012,4,3844.70005377697,3867.0955404313
35,201205,3885.7173598893,6899,20757093.5611527,35,2012,5,3901.22875824365,3884.71546503871
35,201206,4310.647648557,6703,20862303.7157646,35,2012,6,3998.36833222818,3902.33538964611
35,201207,3676.80393092084,7052,20492491.2351344,35,2012,7,3908.16444806763,3919.95531425352
35,201208,3952.65673688653,6933,21177083.5655186,35,2012,8,3947.13339748723,3936.99958299527
35,201209,4258.24698503239,6815,21113400.420526,35,2012,9,3989.48239667577,3954.04385173702
35,201210,3608.24678202148,6863,20462726.4698441,35,2012,10,3838.19438763389,3971.08812047876
35,201211,4010.91976226962,6733,21409136.7466409,35,2012,11,4053.83370498333,3984.07418431473
35,201212,4255.9659200464,6472,21122242.9160228,35,2012,12,4078.32486782265,3997.06024815069
35,201301,3705.71418074738,6824,20757912.4871374,35,2013,1,3917.06379151823,4010.04631198665
35,201302,3989.3440420447,6867,21384696.195814,35,2013,2,4037.41865319581,4020.83910624781
35,201303,4305.23750354622,6679,20632140.0655055,35,2013,3,4052.33369509914,4031.63190050897
35,201304,3749.57246514186,7319,21202443.7398269,35,2013,4,3986.5519471377,4042.42469477013
35,201305,4054.88023857636,6989,21452153.8944088,35,2013,5,4068.17620719943,4050.75370418579
35,201306,4504.15918044516,6851,21110552.8217783,35,2013,6,4199.25545620298,4059.08271360144
35,201307,3823.16959820293,7339,21190186.0061842,35,2013,7,4051.53243983816,4067.41172301709
35,201308,4019.6690927397,6955,21543562.607295,35,2013,8,4010.76623999574,4076.95062396057
35,201309,4468.6037040385,6678,21212645.4159499,35,2013,9,4206.11299625521,4086.48952490405
35,201310,3832.63054533558,7226,21153288.8881828,35,2013,10,4058.63050406833,4096.02842584753
35,201311,3925.96113828585,6789,21580528.159587,35,2013,11,3963.9895149984,4105.13630419789
35,201312,4268.06538777128,6381,21172541.2906742,35,2013,12,4098.29192275725,4114.24418254824
35,201401,3878.37954011116,6965,20634911.703852,35,2014,1,4084.17325369691,4123.3520608986
35,201402,4187.74235382172,6844,21336739.2523784,35,2014,2,4234.75281765491,4134.82679004188
35,201403,4454.53950880989,6636,21357282.2932903,35,2014,3,4208.62570303373,4146.30151918515
35,201404,3834.31725293618,7186,20851890.3004871,35,2014,4,4067.3130817655,4157.77624832843
35,201405,4144.993974318,6803,21564631.7047515,35,2014,5,4156.05384386652,4167.39737322
35,201406,4562.29579562692,6754,21525612.3765025,35,2014,6,4264.75834961986,4177.01849811158
35,201407,3854.15903440056,7137,20545733.0126461,35,2014,7,4079.52624216443,4186.63962300316
35,201408,4272.83780605637,6801,21217093.9947549,35,2014,8,4260.56074533271,4189.88684074402
35,201409,4649.76807112401,6921,21599339.8040799,35,2014,9,4393.55981300375,4193.13405848488
35,201410,3937.51687075369,7235,20875385.1848399,35,2014,10,4159.56734913716,4196.38127622574
35,201411,4081.15920936966,6813,21336914.9735661,35,2014,11,4114.2897840521,4191.90606814979
35,201412,4593.70232257406,6798,21959382.4442663,35,2014,12,4431.75624183707,4187.43086007385
35,201501,3896.44566550543,7054,20532122.8753677,35,2015,1,4092.63168069065,4182.95565199791
35,201502,4104.01737719955,6821,21142237.5587524,35,2015,2,4149.35923699533,4166.02638104837
35,201503,4746.03890917693,6921,21850043.6961101,35,2015,3,4512.56178472541,4149.09711009883
35,201504,3893.91493622396,7135,20366521.1273848,35,2015,4,4120.5029634741,4132.16783914929
35,201505,4193.4625072419,6855,21469967.7555508,35,2015,5,4200.39787392556,4113.15746644758
35,201506,4867.62170764719,6928,21739285.4106508,35,2015,6,4582.97886814895,4094.14709374588
35,201507,3875.97410642631,7076,20228845.9389587,35,2015,7,4096.04864946314,4075.13672104418
35,201508,3963.5233632507,6624,21503516.1933248,35,2015,8,3945.84939557702,4059.43916485717
35,201509,4811.94451094865,6881,21427110.3848784,35,2015,9,4565.76226009006,4043.74160867016
35,201510,3796.33728663299,6885,20306938.5181156,35,2015,10,4011.24354267214,4028.04405248316
35,201511,3872.37253410365,6724,21998848.257135,35,2015,11,3898.82320202888,4022.34138108181
35,201512,4741.7308976987,6758,21716243.1412093,35,2015,12,4592.99515595403,4016.63870968046
35,201601,3917.66570552325,6802,20400199.3078567,35,2016,1,4103.97479524444,4010.93603827911
35,201602,3782.61872759132,6642,21601937.2691803,35,2016,2,3826.07743318029,4018.5064942485
35,201603,4786.53134541993,6705,21277042.2233122,35,2016,3,4565.33102901775,4026.07695021789
35,201604,3856.59316013849,6835,20429248.5054577,35,2016,4,4076.66296659059,4033.64740618729
35,201605,3843.51689743369,6759,22235111.4939928,35,2016,5,3846.26679609008,4049.47557886382
35,201606,4410.11032329352,6648,21137303.4069648,35,2016,6,4138.31831947553,4065.30375154036
35,201607,3944.12267471468,6798,20541755.6114931,35,2016,7,4158.87797652976,4081.13192421689
35,201608,4064.57325438963,6647,21729638.3339395,35,2016,8,4041.45550217321,4094.47555089755
35,201609,4358.52041378261,6589,21089545.3382358,35,2016,9,4122.29699149498,4107.81917757821
35,201610,3969.9990275467,6895,20942927.5625154,35,2016,10,4177.62221727896,4121.16280425887
35,201611,4085.22086403172,6711,22002219.167092,35,2016,11,4104.78111596532,4123.1120106154
35,201612,4464.11930827393,6521,21171009.2969103,35,2016,12,4328.25567675276,4125.06121697193
35,201701,3985.20802459533,6917,20696558.9688613,35,2017,1,4143.58958982269,4127.01042332846
35,201702,4097.54065797519,6660,21634777.7917348,35,2017,2,4140.99317787786,4124.09561219884
35,201703,4455.03535629732,6689,21238334.5248725,35,2017,3,4268.22416538574,4121.18080106922
35,201704,3804.33395216611,6948,20724083.4309433,35,2017,4,4005.27848488455,4118.2659899396
35,201705,3988.78405889202,6621,21744215.1733508,35,2017,5,3982.59929562749,4115.55560610945
35,201706,4433.15793776325,6765,22022026.1642181,35,2017,6,4197.22835690448,4112.8452222793
35,201707,3794.68356072094,7004,21018802.173189,35,2017,7,3991.78506095906,4110.13483844915
35,201708,3997.40583611641,6720,22047810.5779348,35,2017,8,3960.94010001336,4112.25300063492
35,201709,4498.64146978073,6753,21928972.473287,35,2017,9,4293.35401550519,4114.37116282068
35,201710,3875.12691751513,7021,20814468.761479,35,2017,10,4063.75016666994,4116.48932500644
35,201711,4036.7536947362,6676,22150197.1433738,35,2017,11,4033.66589865973,4124.98851118465
35,201712,4464.11493669075,6688,22274366.7566428,35,2017,12,4362.7527766842,4133.48769736286
35,201801,3951.24560656438,6856,20737057.4011981,35,2018,1,4080.5142801561,4141.98688354106
35,201802,4068.98461722243,6658,22079728.0009779,35,2018,2,4111.37408570826,4149.69231216852
35,201803,4425.0525547638,6737,21957631.7858071,35,2018,3,4271.70212502352,4157.39774079598
35,201804,3981.63219345437,6887,21033660.2022109,35,2018,4,4162.67728750989,4165.10316942345
35,201805,4127.6960424347,6645,22011706.199966,35,2018,5,4111.95665171003,4168.65839741674
35,201806,4472.50218160118,6538,21855963.8009259,35,2018,6,4271.95987508225,4172.21362541003
35,201807,3942.59293737848,7131,21230115.1131011,35,2018,7,4121.7103043401,4175.76885340332
35,201808,4300.68638543159,6735,22234703.5241329,35,2018,8,4250.67658988277,4174.01684414072
35,201809,4257.00945063589,6724,22370898.0992949,35,2018,9,4082.59614495371,4172.26483487812
35,201810,4011.00828257338,7067,21403847.3382427,35,2018,10,4180.71012695049,4170.51282561553
35,201811,4332.01166151791,6655,22573702.9555726,35,2018,11,4306.49470844963,4164.82273835992
35,201812,4210.85335660736,6495,22175930.7881613,35,2018,12,4144.36314538437,4159.13265110431
35,201901,4003.58221261017,6901,21046100.8566931,35,2019,1,4102.6048793441,4153.4425638487
35,201902,4241.41554850626,6518,22483697.6133487,35,2019,2,4280.76940046283,4148.6889326281
35,201903,4121.17135382398,6545,22126157.3533775,35,2019,3,4007.313047506,4143.93530140751
35,201904,4005.70704594111,7013,21510370.7175691,35,2019,4,4163.64257775695,4139.18167018691
35,201905,4199.44642920528,6531,22776494.1258136,35,2019,5,4174.7166411956,4139.57075412178
35,201906,4097.55512501228,6533,22172236.9326882,35,2019,6,3932.04591412881,4139.95983805665
35,201907,3954.68839539882,7102,21801755.909349,35,2019,7,4117.67043061417,4140.34892199152
35,201908,4274.99054571944,6572,22822849.1843944,35,2019,8,4217.78716669536,4152.91168056455
35,201909,4084.68184020831,6646,22430035.4836846,35,2019,9,3933.31177181312,4165.47443913759
35,201910,4041.22056656507,7040,21775195.9083553,35,2019,10,4195.94643938973,4178.03719771062
35,201911,4293.7182279242,6608,23232047.459871,35,2019,11,4242.15623893378,4202.27736035101
35,201912,4019.48312815993,6410,21949885.73414,35,2019,12,3975.39481725074,4226.51752299139
35,202001,4151.93000072549,6947,21799096.8360872,35,2020,1,4222.16106032114,4250.75768563178
35,202002,4346.99805823247,6370,22667643.1380834,35,2020,2,4384.61713954437,4274.5888940578
35,202003,4245.56838804692,4449,21189395.6195728,35,2020,3,4172.34949720095,4298.42010248382
35,202004,4290.94463368045,4721,19502440.2244233,35,2020,4,4426.7379635935,4322.25131090985
35,202005,4551.5234744911,4582,20000995.9950761,35,2020,5,4518.59071782049,4330.33577046772
35,202006,4390.34257959429,3962,18898748.5072873,35,2020,6,4260.49507592673,4338.42023002559
35,202007,4584.87443856197,4211,18574139.5074223,35,2020,7,4732.19093656785,4346.50468958346
35,202008,4696.69017156325,3842,19485949.4345881,35,2020,8,4632.64180819042,4336.3297040849
35,202009,4577.64043772105,3597,19700006.086003,35,2020,9,4449.54101032901,4326.15471858634
35,202010,4213.42318182599,3863,20027444.0065437,35,2020,10,4353.34782904766,4315.97973308778
35,202011,4466.72417248086,3474,20271488.5510039,35,2020,11,4389.239235751,4286.93798016893
35,202012,4173.25220091092,3233,19786620.3489679,35,2020,12,4151.71993040748,4257.89622725008
35,202101,4278.37899107468,3596,19955351.0672764,35,2021,1,4341.63630755083,4228.85447433123
35,202102,4027.67059187226,3190,20013653.3598197,35,2021,2,4058.08620543644,4180.91819529585
35,202103,4271.06956338367,3278,20816590.1862462,35,2021,3,4213.65292183243,4132.98191626047
35,202104,3854.19469529501,3738,19898651.4602686,35,2021,4,3985.21025520704,4085.04563722508
35,202105,4165.41009168252,3377,20206566.7305481,35,2021,5,4125.90971053583,4037.57463120993
35,202106,4116.84453457483,4274,21402035.0618788,35,2021,6,3999.828148839,3990.10362519477
35,202107,3847.13319364454,4689,20803806.9757164,35,2021,7,3996.87455412214,3942.63261917962
35,202108,4033.87973774388,4619,20569094.8089596,35,2021,8,3961.79309581618,3909.11198558026
35,202109,3835.94088403253,5121,22174613.5843273,35,2021,9,3715.65504085291,3875.59135198091
35,202110,3614.87258997474,5224,21772156.5990076,35,2021,10,3754.46828105679,3842.07071838156
35,202111,3648.84327272209,5085,21438341.1010264,35,2021,11,3561.94593841409,3820.6627486793
35,202112,3655.53819179053,5277,22550400.0200168,35,2021,12,3633.33764440413,3799.25477897704
35,202201,3826.1505555916,5588,21194118.5905069,35,2022,1,3883.20883503296,3777.84680927478
35,202202,3649.27509887158,5145,21798460.881955,35,2022,2,3673.18807205509,3772.90086380989
35,202203,3711.03134533744,5607,22879414.0835965,35,2022,3,3670.04390173031,3767.95491834501
35,202204,3732.71395081625,5802,22069607.2587484,35,2022,4,3859.48893890007,3763.00897288012
35,202205,3875.38098123205,5529,22924962.6343356,35,2022,5,3829.76042330553,3771.7153464723
35,202206,3747.23607381698,5604,22614541.9313622,35,2022,6,3643.43057241027,3780.42172006449
35,202207,3887.86549339076,5972,22264282.4960129,35,2022,7,4040.3438014386,3789.12809365667
35,202208,3700.21925092831,5673,22783387.913003,35,2022,8,3620.36386119634,3794.09024364617
35,202209,3885.65740632419,5682,22759037.3121286,35,2022,9,3773.41212375967,3799.05239363567
35,202210,3742.17989196286,5833,22143096.3667546,35,2022,10,3881.64517868822,3804.01454362517
35,202211,4041.48007155002,5597,23025865.2728959,35,2022,11,3945.34046682707,3806.65292536882
35,202212,3790.24374853308,5464,22625944.8992377,35,2022,12,3767.52797649307,3809.29130711246
35,202301,3788.22353129693,5652,21975228.5493795,35,2023,1,3841.9216432474,3811.92968885611
35,202302,3806.56780173992,5421,22917521.2620521,35,2023,2,3829.23537209029,3819.19458588982
35,202303,3731.50785661552,5626,22714099.4259043,35,2023,3,3697.45003007319,3826.45948292353
35,202304,3742.37869593572,5617,21857396.9946656,35,2023,4,3867.1434367372,3833.72437995724
35,202305,3789.14113115846,5590,23212090.8624301,35,2023,5,3740.67145011827,3847.86727780197
35,202306,3908.30157389538,5740,22891493.4205511,35,2023,6,3810.59621222458,3862.0101756467
35,202307,3717.36673342659,5890,22377350.8257159,35,2023,7,3869.309317857,3876.15307349142
35,202308,3811.00138576135,5869,23510003.9380219,35,2023,8,3729.30260756467,3898.3192836591
35,202309,4104.78320702653,5972,23288909.4352133,35,2023,9,3995.8937906094,3920.48549382678
35,202310,3858.57762459298,5990,22694945.3652166,35,2023,10,3997.57197385596,3942.65170399446
35,202311,4010.18927284888,5775,23321215.754266,35,2023,11,3910.75066293237,3964.81564315969
35,202312,4025.05740339146,6008,23996100.913601,35,2023,12,4003.64835006232,3986.97958232491
35,202401,4161.53292499684,6045,22128562.1868817,35,2024,1,4211.63288020554,4009.14352149014
35,202402,3954.26316233799,5859,22811388.5305523,35,2024,2,3975.43656793904,4028.40975373095
35,202403,4096.68885606217,6152,24171137.5367106,35,2024,3,4069.30111200315,4047.67598597176
35,202404,4171.54363410369,6123,22331476.7400316,35,2024,4,4294.04570717427,4066.94221821258
35,202405,3931.25160874745,6048,23220051.9698681,35,2024,5,3879.68749827795,4080.18560377194
35,202406,4159.14919596354,6151,24433823.6295309,35,2024,6,4067.31942712175,4093.42898933131
35,202407,3953.1539008063,6188,22671817.9397851,35,2024,7,4104.35697412112,4106.67237489067
35,202408,4261.03115364462,5969,23071973.7656874,35,2024,8,4177.31413874817,4114.69341607537
35,202409,4116.22583598324,6157,24777811.0369397,35,2024,9,4010.54637674156,4122.71445726007
35,202410,4115.86133050629,6317,23275142.0976339,35,2024,10,4254.26562376138,4130.73549844477
35,202411,4320.10151862394,5923,23734702.3452983,35,2024,11,4217.27157539478,4139.8842499695
35,202412,4163.38942055109,5856,24524987.2765519,35,2024,12,4143.21185228339,4149.03300149422
35,202501,3981.78497275601,6264,23015450.6440297,35,2025,1,4028.71774774987,4158.18175301895
35,202502,4356.2976159538,5922,23960862.1446888,35,2025,2,4376.78805681508,4169.99244541593
35,202503,4067.4752433887,5996,24284352.0180763,35,2025,3,4044.91800917935,4181.80313781291
35,202504,3911.36509441196,6322,23450336.2478529,35,2025,4,4031.77143882735,4193.6138302099
35,202505,4452.39476115787,6038,24699256.537854,35,2025,5,4399.47293803003,4209.43077036108
35,202506,4271.20867703871,6013,23805880.8477236,35,2025,6,4183.58650554887,4225.24771051226
35,202507,3879.84022923036,6368,23638196.8903394,35,2025,7,4030.44747551353,4241.06465066344
35,202508,4446.36911800563,5652,24589028.3226496,35,2025,8,4361.88748568586,4257.71080000271
35,202509,4373.1468940998,6094,24337429.1518975,35,2025,9,4269.64691535536,4274.35694934199
35,202510,3922.38420385271,6255,23703767.724741,35,2025,10,4059.90664091941,4291.00309868127
35,202511,4447.07711367714,5099,24598995.3273239,35,2025,11,4341.87343135476,4308.63545792042
35,202512,4584.92295580982,5623,24089090.2915326,35,2025,12,4565.20285622083,4326.26781715957
41,201201,3453.61073312706,3885,4974700.624086,41,2012,1,3415.53576296867,3335.4404668731
41,201202,3056.02639269862,4124,5123094.36587935,41,2012,2,3228.67022540216,3338.7649767512
41,201203,3518.26688905697,4357,4964578.48039126,41,2012,3,3339.78749886288,3342.0894866293
41,201204,3372.35251081173,4278,5053578.18480946,41,2012,4,3399.86165015738,3345.4139965074
41,201205,3131.0660710851,4489,5185657.55502461,41,2012,5,3327.11525115066,3349.20763176845
41,201206,3423.99682176798,4525,5129304.07645091,41,2012,6,3305.49689788754,3353.0012670295
41,201207,3467.84616062978,4530,5203310.09360989,41,2012,7,3464.31851705943,3356.79490229056
41,201208,3178.28864495563,4429,5062273.93593771,41,2012,8,3344.54959575876,3361.60864042849
41,201209,3553.81450124413,4740,5302434.98339941,41,2012,9,3390.41187839356,3366.42237856643
41,201210,3341.68784682566,4502,5329428.28053989,41,2012,10,3337.69586880547,3371.23611670437
41,201211,3092.98392884367,4457,5217313.49286004,41,2012,11,3225.62237688326,3378.65966298316
41,201212,3568.62644366476,4463,5107321.52323917,41,2012,12,3378.33500990261,3386.08320926194
41,201301,3430.83807346377,4585,5200567.49736162,41,2013,1,3394.44862563802,3393.50675554073
41,201302,3204.69468095387,4783,5273520.81628111,41,2013,2,3372.9083607373,3403.43378283389
41,201303,3665.36756058429,4984,5257298.22341366,41,2013,3,3489.41934355195,3413.36081012706
41,201304,3389.55518985014,4871,5312070.94219507,41,2013,4,3418.03993124715,3423.28783742022
41,201305,3148.79070337299,4851,5296866.44732236,41,2013,5,3342.63129577577,3432.86536253857
41,201306,3684.55988429863,4981,5276980.59040265,41,2013,6,3567.96914215496,3442.44288765691
41,201307,3523.02184581329,4933,5421593.03517298,41,2013,7,3523.22304641901,3452.02041277526
41,201308,3175.69412621868,4826,5325114.87182948,41,2013,8,3340.22674064587,3459.53525480524
41,201309,3766.53364442066,4935,5247666.98443538,41,2013,9,3604.67531553059,3467.05009683521
41,201310,3503.75783978555,4912,5398746.03225369,41,2013,10,3500.37280680525,3474.56493886519
41,201311,3202.53502351858,4869,5380501.23603813,41,2013,11,3330.99927726001,3480.26371605988
41,201312,3671.65623737885,4867,5264047.07992026,41,2013,12,3480.90427464451,3485.96249325457
41,201401,3561.56484628507,4806,5311925.54127797,41,2014,1,3526.85374228659,3491.66127044926
41,201402,3253.66915868098,4721,5284985.21053163,41,2014,2,3417.44858912924,3495.52375066794
41,201403,3749.02976222773,4997,5420204.82178192,41,2014,3,3575.61170403234,3499.38623088662
41,201404,3487.90937596507,4846,5397762.78694087,41,2014,4,3517.3707037478,3503.2487111053
41,201405,3277.33620084318,4613,5231622.91005525,41,2014,5,3468.97118857665,3508.18668188811
41,201406,3686.6123025488,4892,5437207.9615932,41,2014,6,3571.93301423188,3513.12465267093
41,201407,3580.22837619277,4772,5393328.47243393,41,2014,7,3584.15998216104,3518.06262345374
41,201408,3254.12821808671,4673,5350731.58266003,41,2014,8,3416.92955671766,3520.087763037
41,201409,3647.84375286805,4908,5425726.6991181,41,2014,9,3487.52227791141,3522.11290262026
41,201410,3602.27906511255,4800,5412923.31940169,41,2014,10,3599.48902847499,3524.13804220352
41,201411,3359.93045523624,4537,5271432.4830907,41,2014,11,3484.20405731231,3522.87193140155
41,201412,3780.71188952552,4774,5347650.67565815,41,2014,12,3589.48095624526,3521.60582059958
41,201501,3572.38095251668,4709,5333828.60601938,41,2015,1,3540.90770788226,3520.33970979761
41,201502,3303.97754296027,4432,5252555.88540865,41,2015,2,3460.14734865825,3513.28894177563
41,201503,3805.36539796536,4692,5182998.243006,41,2015,3,3635.53786011917,3506.23817375366
41,201504,3407.98267947682,4708,5386247.913764,41,2015,4,3439.59317669559,3499.18740573168
41,201505,3320.32892947175,4443,5228985.78624765,41,2015,5,3507.61560639785,3483.30822266944
41,201506,3678.76914065045,4777,5207966.19595214,41,2015,6,3566.70768229169,3467.42903960721
41,201507,3409.66182237603,4681,5368345.80175885,41,2015,7,3420.38620993649,3451.54985654497
41,201508,3437.9421384419,4454,5264351.97343865,41,2015,8,3597.24351708532,3433.81245308685
41,201509,3592.13974178279,4782,5286084.9160894,41,2015,9,3435.35309328559,3416.07504962872
41,201510,3312.87966874713,4813,5572418.05252398,41,2015,10,3310.90797506932,3398.3376461706
41,201511,3218.88975046696,4502,5367710.53307232,41,2015,11,3335.63871990872,3384.60422387363
41,201512,3538.60288542036,4729,5283965.29397923,41,2015,12,3346.86716292494,3370.87080157666
41,201601,3322.07517216599,4625,5392580.72672198,41,2016,1,3293.91657617782,3357.13737927969
41,201602,3155.53602741273,4411,5341403.56336694,41,2016,2,3304.16385645644,3353.23350436665
41,201603,3392.24198345048,4777,5429562.81213335,41,2016,3,3226.06347286332,3349.32962945361
41,201604,3377.1558071797,4660,5403590.62861845,41,2016,4,3410.9435710265,3345.42575454057
41,201605,3161.98658428774,4461,5362102.68234399,41,2016,5,3344.92263788061,3351.15110908391
41,201606,3324.15707375767,4606,5256685.52256903,41,2016,6,3214.6493983025,3356.87646362725
41,201607,3419.06966083523,4598,5319823.45438476,41,2016,7,3436.46104840458,3362.60181817059
41,201608,3271.23612383311,4285,5258399.8519932,41,2016,8,3426.82133544928,3369.85001452959
41,201609,3389.87990741927,4646,5316380.97975995,41,2016,9,3236.32145288533,3377.0982108886
41,201610,3526.19445844865,4574,5418169.52317311,41,2016,10,3524.63435322182,3384.3464072476
41,201611,3389.4685633318,4370,5347529.87201137,41,2016,11,3498.18602361789,3388.65666373532
41,201612,3411.22232359925,4569,5291329.12486717,41,2016,12,3218.38650330435,3392.96692022304
41,201701,3483.76596541788,4447,5301533.87041326,41,2017,1,3464.41601515531,3397.27717671075
41,201702,3281.80264542084,4230,5191761.58514249,41,2017,2,3407.77549605099,3398.50893911202
41,201703,3492.82310420814,4596,5294104.03892309,41,2017,3,3342.74210514924,3399.74070151328
41,201704,3402.75294452967,4517,5380290.22464635,41,2017,4,3440.35250019653,3400.97246391455
41,201705,3288.40532345682,4390,5356298.57975099,41,2017,5,3453.59827629328,3401.17767916034
41,201706,3429.76294371886,4700,5364941.75634595,41,2017,6,3334.50357600127,3401.38289440613
41,201707,3317.84728161408,4523,5475929.97492927,41,2017,7,3354.8669134261,3401.58810965193
41,201708,3262.05389236785,4417,5343767.34083303,41,2017,8,3402.23465863924,3403.78791019657
41,201709,3608.31106184421,4673,5376417.74215208,41,2017,9,3467.04260064262,3405.98771074121
41,201710,3347.34413651331,4522,5471960.91762975,41,2017,10,3349.61050936237,3408.18751128585
41,201711,3377.69057734384,4481,5480699.13468016,41,2017,11,3461.74775331547,3412.27095147803
41,201712,3593.41778449152,4541,5364546.42143465,41,2017,12,3401.63122701677,3416.35439167021
41,201801,3334.01321478211,4374,5382112.72089633,41,2018,1,3323.30570641046,3420.43783186239
41,201802,3393.56447939516,4336,5248446.83162348,41,2018,2,3496.77267148973,3425.82807856876
41,201803,3589.26687173726,4581,5393515.88769667,41,2018,3,3455.23022779726,3431.21832527513
41,201804,3348.95337167636,4332,5421275.948714,41,2018,4,3390.35009985026,3436.6085719815
41,201805,3278.08888300559,4316,5322399.42399507,41,2018,5,3425.56265286892,3443.81190023617
41,201806,3575.84343674941,4409,5259303.01272923,41,2018,6,3494.89484936914,3451.01522849083
41,201807,3385.24685343613,4356,5381727.97115313,41,2018,7,3441.995756907,3458.21855674549
41,201808,3309.60458353897,4280,5373031.57584655,41,2018,8,3434.51787120776,3463.89341039741
41,201809,3631.87497309106,4506,5352189.70502365,41,2018,9,3503.06941128997,3469.56826404933
41,201810,3417.75203079686,4501,5513503.87820999,41,2018,10,3424.03796258314,3475.24311770124
41,201811,3430.80293067519,4333,5358724.82860278,41,2018,11,3490.41307798684,3476.68561469252
41,201812,3754.70352756009,4452,5441344.81789612,41,2018,12,3564.17935299381,3478.12811168379
41,201901,3519.30790053912,4444,5481893.05394106,41,2019,1,3524.47375441964,3479.57060867507
41,201902,3414.15341644412,4243,5276030.34146792,41,2019,2,3485.05117028051,3481.39917034671
41,201903,3947.03419632516,4473,5388073.10936308,41,2019,3,3840.90563595425,3483.22773201834
41,201904,3411.68500576991,4469,5551719.57186174,41,2019,4,3464.41183392437,3485.05629368998
41,201905,3215.04877513278,4359,5351042.72233809,41,2019,5,3318.74823914566,3488.81222653678
41,201906,3840.05077007668,4446,5374936.40446687,41,2019,6,3779.06304267617,3492.56815938359
41,201907,3411.7208236558,4476,5647286.15936215,41,2019,7,3485.37885218622,3496.32409223039
41,201908,3195.39195155358,4233,5377535.23549219,41,2019,8,3288.58030405397,3498.18887260222
41,201909,3929.32062853473,4497,5413259.38968999,41,2019,9,3817.32341864059,3500.05365297404
41,201910,3567.28954423787,4570,5636991.62821724,41,2019,10,3591.3455715242,3501.91843334587
41,201911,3277.55287392273,4376,5567179.07165337,41,2019,11,3305.74908846148,3506.09973735306
41,201912,3840.38351380443,4386,5462432.42565902,41,2019,12,3671.48459677524,3510.28104136026
41,202001,3655.20652785301,4534,5769375.25465448,41,2020,1,3675.16112899512,3514.46234536746
41,202002,3349.588831626,4266,5541250.93138433,41,2020,2,3387.09677527862,3517.28142584242
41,202003,3574.33654923482,2923,5198098.47516122,41,2020,3,3495.04194357239,3520.10050631739
41,202004,3784.52170354725,2747,5478345.25386054,41,2020,4,3847.58235775112,3522.91958679236
41,202005,3232.16966289409,2863,5310122.93910613,41,2020,5,3291.17640205482,3520.75158109686
41,202006,3664.46829219248,2567,5041185.67958281,41,2020,6,3622.66101868984,3518.58357540136
41,202007,3861.30914012322,2489,4909110.26276251,41,2020,7,3951.23390055108,3516.41556970586
41,202008,3366.41287549981,2423,5096093.05235745,41,2020,8,3427.42402602397,3513.19449174928
41,202009,3642.49482266652,2513,5168826.58640983,41,2020,9,3547.04382422581,3509.97341379271
41,202010,3625.73948085764,2347,5268052.30062596,41,2020,10,3667.51643594433,3506.75233583613
41,202011,3485.34373773001,2191,5163901.1996728,41,2020,11,3482.28982454999,3494.85596876728
41,202012,3698.16021715464,2172,5097452.42351052,41,2020,12,3551.2483689655,3482.95960169843
41,202101,3324.77507063921,1927,5301127.15098283,41,2021,1,3353.19527102133,3471.06323462958
41,202102,3498.67326413537,1678,5105587.82063042,41,2021,2,3520.37716643232,3446.85519996871
41,202103,3694.93280448401,1918,5397066.68126774,41,2021,3,3627.24094983222,3422.64716530784
41,202104,3310.50056789866,2662,5138483.66569314,41,2021,4,3380.03863452683,3398.43913064697
41,202105,3523.26715066115,2585,5130013.13111074,41,2021,5,3561.22712893008,3375.99148581698
41,202106,3244.27587150935,3334,5279135.13752937,41,2021,6,3208.03991444209,3353.543840987
41,202107,3140.90445961131,3562,5426665.30050779,41,2021,7,3239.57895498572,3331.09619615701
41,202108,3296.50935091405,3424,5548469.96716253,41,2021,8,3338.42075903363,3316.00493607754
41,202109,3115.97665061148,3831,5614942.78306715,41,2021,9,3024.61975395941,3300.91367599807
41,202110,3118.35647236898,3790,5635471.95257336,41,2021,10,3168.16939097741,3285.82241591859
41,202111,3315.05758663126,3708,5662487.82100254,41,2021,11,3294.67341904471,3280.07031960151
41,202112,3099.54085376017,4116,5912217.60197789,41,2021,12,2966.95275804168,3274.31822328444
41,202201,3252.0864666496,3870,5744277.03066508,41,2022,1,3290.13052425984,3268.56612696736
41,202202,3341.07735693709,3621,5418815.42542437,41,2022,2,3348.02581014007,3270.68697880334
41,202203,3056.4525855651,4130,5773771.15586475,41,2022,3,3001.30240845921,3272.80783063933
41,202204,3234.92919155365,3883,5856366.40632023,41,2022,4,3311.77114771612,3274.92868247531
41,202205,3361.88245962974,3687,5499095.20321609,41,2022,5,3379.50970469161,3277.32554373397
41,202206,3124.09823918134,4072,5671345.06192809,41,2022,6,3094.04521679924,3279.72240499262
41,202207,3234.53641395708,4045,5974076.15366798,41,2022,7,3342.46985309289,3282.11926625128
41,202208,3533.38334418209,3760,5775219.03898181,41,2022,8,3556.61960120758,3285.83085533493
41,202209,3247.26931428841,4152,5814212.50982639,41,2022,9,3160.3464932311,3289.54244441859
41,202210,3210.61831696357,3862,5948470.99772329,41,2022,10,3268.7428453326,3293.25403350225
41,202211,3718.11848546715,3694,5771716.97892766,41,2022,11,3680.61538214566,3302.34023629643
41,202212,3395.88354158122,4140,5845504.91176975,41,2022,12,3277.78099099571,3311.42643909061
41,202301,3221.43042176096,3871,6071158.7888227,41,2023,1,3263.36894419656,3320.51264188479
41,202302,3628.01550961838,3612,5830398.67309459,41,2023,2,3628.1343512075,3334.37889276035
41,202303,3318.42881145561,4003,5554118.36195263,41,2023,3,3268.06234312793,3348.24514363591
41,202304,3215.059768442,3845,6025406.8995534,41,2023,4,3294.61774426133,3362.11139451147
41,202305,3508.85429580222,3670,5782479.84407398,41,2023,5,3517.36559129072,3379.34056664878
41,202306,3431.51838711995,4083,5732180.2041298,41,2023,6,3404.70796167078,3396.56973878608
41,202307,3261.22482518311,3915,5890610.17155396,41,2023,7,3372.6820693977,3413.79891092339
41,202308,3588.91856647713,3671,5914318.22873134,41,2023,8,3603.8523961494,3432.58019151284
41,202309,3505.86089729759,4048,5728730.68574825,41,2023,9,3422.1539436307,3451.3614721023
41,202310,3308.25189765198,3608,5592310.76859824,41,2023,10,3369.98564898403,3470.14275269175
41,202311,3630.64849493971,3771,6100156.33610096,41,2023,11,3586.30005555649,3490.85479320597
41,202312,3454.69413415777,4037,5919130.24264455,41,2023,12,3342.74567945234,3511.56683372018
41,202401,3448.82065545587,3898,5770095.75774628,41,2024,1,3494.55028143427,3532.27887423439
41,202402,3627.78653204167,4012,5974179.34359298,41,2024,2,3620.99978270934,3554.38665370548
41,202403,3564.18273211086,4182,5904066.74513273,41,2024,3,3518.55137522878,3576.49443317657
41,202404,3466.97837285342,3977,5932651.56080839,41,2024,4,3549.22786443614,3598.60221264765
41,202405,3772.95146121564,4026,5752655.88809175,41,2024,5,3772.34639667642,3621.26164763092
41,202406,3651.64091810345,4119,5973295.09136693,41,2024,6,3628.09008597744,3643.92108261419
41,202407,3562.43483346753,4012,5941451.88731581,41,2024,7,3677.45028599569,3666.58051759746
41,202408,3774.62302691806,3927,5757437.63192359,41,2024,8,3781.29564065148,3686.9755434849
41,202409,3741.6543533303,4217,6149816.057044,41,2024,9,3661.21128664777,3707.37056937234
41,202410,3625.30266180427,4065,6197652.42131299,41,2024,10,3690.6906721463,3727.76559525978
41,202411,3954.14969617326,3907,5801561.26074919,41,2024,11,3902.99797322823,3747.14261700996
41,202412,3801.34078235072,4132,6235034.57070063,41,2024,12,3695.581716868,3766.51963876013
41,202501,3619.93142969207,4160,6245062.92867846,41,2025,1,3668.67898706613,3785.89666051031
41,202502,4098.4654674386,3923,5766936.29274786,41,2025,2,4086.12508167757,3809.06708381102
41,202503,3817.12370346963,4362,6238126.54007179,41,2025,3,3775.37447883421,3832.23750711172
41,202504,3728.36311928777,4196,6176118.59893881,41,2025,4,3812.77606917409,3855.40793041242
41,202505,3950.55788168556,3886,5805796.10424401,41,2025,5,3942.57153975093,3878.22984163367
41,202506,3895.07752614796,4391,6313011.32696326,41,2025,6,3874.1005592635,3901.05175285492
41,202507,3692.20070015014,4529,6136386.04324723,41,2025,7,3809.66930249306,3923.87366407617
41,202508,4146.92651171803,3950,5839225.86110731,41,2025,8,4146.61780468397,3947.22128321728
41,202509,4362.63768186266,4480,6442926.05277347,41,2025,9,4285.05568002364,3970.5689023584
41,202510,3883.07459081666,4492,6289743.89998656,41,2025,10,3951.53250109108,3993.91652149952
41,202511,4178.42873822229,3777,6095955.91931786,41,2025,11,4121.65526359401,4017.730820344
41,202512,4037.52594998893,4273,6344798.35158794,41,2025,12,3937.0609835723,4041.54511918849
42,201201,3308.63448197161,4766,3112845.752474,42,2012,1,3337.76501288914,3274.155032006
42,201202,3254.02523500536,4923,3219585.33700815,42,2012,2,3234.32134178273,3279.95857457125
42,201203,3352.21600242101,4952,3297453.60079567,42,2012,3,3315.26032480297,3285.76211713651
42,201204,3220.56772057334,5050,3191631.26999801,42,2012,4,3272.57210620168,3291.56565970176
42,201205,3194.01756322778,5605,3324842.64691021,42,2012,5,3262.99926388117,3297.51090410961
42,201206,3333.90406109721,5345,3274254.73104299,42,2012,6,3298.04872749847,3303.45614851745
42,201207,3424.11957843954,5110,3227964.58533604,42,2012,7,3487.47629246032,3309.4013929253
42,201208,3314.30653519293,5530,3285874.45248622,42,2012,8,3293.51756841233,3315.62917815577
42,201209,3371.13074825066,5321,3292489.76482465,42,2012,9,3291.52721386238,3321.85696338625
42,201210,3398.60693509413,5253,3318865.33519266,42,2012,10,3424.54945159533,3328.08474861672
42,201211,3329.21624258233,5508,3342101.64201523,42,2012,11,3335.44159050538,3336.92171270889
42,201212,3355.03419603802,4999,3228657.4103231,42,2012,12,3301.59352092481,3345.75867680105
42,201301,3323.80351408901,5098,3282967.73408121,42,2013,1,3354.0056384216,3354.59564089322
42,201302,3386.86380085194,5385,3322497.80633135,42,2013,2,3367.55198833713,3364.11195096143
42,201303,3349.24397217939,5045,3242321.25136361,42,2013,3,3311.06536758735,3373.62826102964
42,201304,3346.03893813262,5204,3355375.55637088,42,2013,4,3399.04103070135,3383.14457109785
42,201305,3408.95482466657,5407,3331156.29180078,42,2013,5,3478.33667888605,3391.32340630213
42,201306,3311.81480158524,4920,3210273.94441603,42,2013,6,3274.38079979271,3399.50224150641
42,201307,3381.26222235224,4974,3305586.98648586,42,2013,7,3444.49576738725,3407.6810767107
42,201308,3472.82527673917,5109,3287750.51086801,42,2013,8,3453.56343163983,3416.06324603611
42,201309,3329.3741257528,4781,3221291.41934553,42,2013,9,3247.8653145832,3424.44541536152
42,201310,3424.14076098921,5131,3372151.40885741,42,2013,10,3451.09362351476,3432.82758468692
42,201311,3446.90741899662,5232,3337912.42130013,42,2013,11,3454.08948380483,3438.77557992988
42,201312,3454.92652587794,4695,3218091.87056801,42,2013,12,3399.88608215325,3444.72357517283
42,201401,3407.74427094844,5071,3386679.97523636,42,2014,1,3439.0241795723,3450.67157041578
42,201402,3495.00864174298,5150,3311307.65346016,42,2014,2,3476.09118960462,3456.75980824653
42,201403,3485.95762997709,4859,3225456.78817781,42,2014,3,3446.55446687209,3462.84804607728
42,201404,3484.93315315066,5094,3418856.25587784,42,2014,4,3538.92714430803,3468.93628390803
42,201405,3356.63612324478,5020,3290787.64654701,42,2014,5,3426.40814586582,3476.05433065965
42,201406,3279.79292038045,4758,3263910.52211166,42,2014,6,3240.76689945726,3483.17237741127
42,201407,3396.32220740537,4970,3371718.75937979,42,2014,7,3459.41586674541,3490.29042416289
42,201408,3565.78571582493,5267,3360029.12897716,42,2014,8,3548.03223681697,3493.5300035744
42,201409,3511.90857927594,5275,3405183.54492632,42,2014,9,3428.47369685445,3496.7695829859
42,201410,3536.00088625019,5399,3460847.76248426,42,2014,10,3563.94373468712,3500.00916239741
42,201411,3586.13809998726,5501,3471915.44328375,42,2014,11,3594.25695592524,3497.1675874991
42,201412,3525.96839594384,5201,3416150.49718097,42,2014,12,3469.31213304606,3494.32601260078
42,201501,3526.68799858256,5375,3487724.58753709,42,2015,1,3560.11487759031,3491.48443770247
42,201502,3622.61195136305,5377,3370412.90985775,42,2015,2,3603.73305297913,3480.48450733892
42,201503,3449.35405983214,5277,3406101.0964601,42,2015,3,3408.36747496022,3469.48457697537
42,201504,3431.9124070353,5369,3500212.76344048,42,2015,4,3487.19074192933,3458.48464661183
42,201505,3454.65071043219,5573,3500574.23140451,42,2015,5,3524.71661288076,3439.49625050894
42,201506,3439.71491161167,5427,3503038.04971717,42,2015,6,3398.47460810252,3420.50785440606
42,201507,3332.52916614352,5421,3530772.53388947,42,2015,7,3395.59422252051,3401.51945830318
42,201508,3451.18523511463,5407,3430290.60268227,42,2015,8,3435.45887340189,3380.28977864569
42,201509,3434.31836033907,5251,3463517.43459553,42,2015,9,3347.88724700263,3359.06009898821
42,201510,3163.82634417739,5420,3663514.08416646,42,2015,10,3193.76219305055,3337.83041933072
42,201511,3309.90762427861,5398,3447915.890039,42,2015,11,3319.51752765331,3320.72547107547
42,201512,3361.36881128096,5106,3451538.82790848,42,2015,12,3301.93788113067,3303.62052282022
42,201601,3087.92248954545,5418,3597002.20101267,42,2016,1,3123.51254305088,3286.51557456498
42,201602,3257.66763139501,5324,3388470.47051388,42,2016,2,3238.82238544856,3276.64543184576
42,201603,3316.16447903366,5182,3433349.46683414,42,2016,3,3273.56846564713,3266.77528912654
42,201604,3049.86844449051,5215,3503679.09048391,42,2016,4,3106.37471541898,3256.90514640732
42,201605,3150.91900899745,5207,3318955.18963945,42,2016,5,3221.19198261682,3257.21402169177
42,201606,3263.94155356486,5213,3458321.85593836,42,2016,6,3220.36452087953,3257.52289697623
42,201607,3173.27484932446,5250,3549472.30159189,42,2016,7,3236.15321821474,3257.83177226068
42,201608,3248.23915556028,5080,3245916.79360334,42,2016,8,3234.34207021802,3270.30227600023
42,201609,3391.83196163625,5234,3523783.45524175,42,2016,9,3302.16702005905,3282.77277973979
42,201610,3227.7419825707,5274,3575316.37948983,42,2016,10,3259.3962010917,3295.24328347934
42,201611,3251.37052992302,5196,3305924.83861136,42,2016,11,3262.15981648346,3314.31393105801
42,201612,3384.6648249861,5271,3536729.98899433,42,2016,12,3322.12270511082,3333.38457863668
42,201701,3253.42198914364,5318,3534696.58129697,42,2017,1,3295.12576632671,3352.45522621535
42,201702,3457.89246094193,5203,3347077.05928551,42,2017,2,3439.72505170312,3369.93602122052
42,201703,3487.13967122172,5293,3589847.07848587,42,2017,3,3437.49117018384,3387.41681622569
42,201704,3344.87811317709,5391,3579624.06149501,42,2017,4,3407.53898897777,3404.89761123086
42,201705,3402.11155146586,5196,3433890.92868868,42,2017,5,3473.67566896968,3418.58540219127
42,201706,3540.160816789,5239,3549709.07330235,42,2017,6,3489.7885797098,3432.27319315169
42,201707,3359.98784582786,5359,3573668.74030756,42,2017,7,3421.82726734313,3445.9609841121
42,201708,3513.36606440257,5289,3551801.64020191,42,2017,8,3507.50048272556,3451.70625779727
42,201709,3559.58750753423,5301,3662116.19530292,42,2017,9,3460.44221508355,3457.45153148243
42,201710,3389.96932428258,5440,3670047.57663142,42,2017,10,3427.17086969571,3463.1968051676
42,201711,3479.84217117228,5328,3638352.56441478,42,2017,11,3496.93630072338,3463.78033753042
42,201712,3560.85846400081,5194,3644732.07880485,42,2017,12,3488.2776119452,3464.36386989324
42,201801,3433.80952229407,5382,3635210.08643466,42,2018,1,3481.56375598686,3464.94740225606
42,201802,3475.11848306304,5265,3604027.3250482,42,2018,2,3457.580518369,3463.93315761107
42,201803,3486.12952511534,5119,3567721.96562306,42,2018,3,3429.3950192683,3462.91891296609
42,201804,3417.80843244842,5295,3627243.92404561,42,2018,4,3486.58502589643,3461.9046683211
42,201805,3356.91929706983,5115,3538369.73854559,42,2018,5,3429.73030116615,3462.41151586365
42,201806,3537.87511417953,4931,3504713.55292764,42,2018,6,3480.65016040216,3462.91836340621
42,201807,3435.38414775283,5261,3625050.78067681,42,2018,7,3496.11385457644,3463.42521094876
42,201808,3371.19941261346,5157,3563264.29252401,42,2018,8,3373.28097601529,3464.63852507861
42,201809,3564.1086497372,4909,3532502.36862671,42,2018,9,3455.38505655687,3465.85183920846
42,201810,3416.1294342679,5294,3691329.01324614,42,2018,10,3458.76618406998,3467.06515333832
42,201811,3413.15096667966,5195,3594540.79193771,42,2018,11,3436.4236440712,3468.16698023953
42,201812,3663.1491059605,4882,3555699.00891256,42,2018,12,3580.39059728087,3469.26880714074
42,201901,3485.16725277834,5125,3582223.66906317,42,2019,1,3538.56627313678,3470.37063404195
42,201902,3452.56409453945,5149,3601383.29068993,42,2019,2,3439.15512618849,3474.10321148431
42,201903,3525.00840457283,4857,3451576.52569986,42,2019,3,3460.95959993286,3477.83578892667
42,201904,3423.36481497412,5083,3597986.59328491,42,2019,4,3500.45384765595,3481.56836636903
42,201905,3365.95245507939,5215,3661726.67047084,42,2019,5,3437.20165440111,3485.09986379192
42,201906,3547.44682120638,4859,3532981.12745054,42,2019,6,3487.49820874207,3488.6313612148
42,201907,3381.22180522419,5118,3614240.43077635,42,2019,7,3431.20620768623,3492.16285863768
42,201908,3475.48236197794,5117,3678256.87301707,42,2019,8,3486.68960960324,3495.10400660211
42,201909,3674.05985681921,5056,3679589.11235014,42,2019,9,3560.02994751158,3498.04515456654
42,201910,3468.45443770483,5154,3668922.58598613,42,2019,10,3509.45090376288,3500.98630253097
42,201911,3528.65304239592,5181,3700537.71582692,42,2019,11,3559.94215426769,3504.93326574318
42,201912,3612.80390449174,4996,3787491.6072807,42,2019,12,3526.14678596991,3508.88022895538
42,202001,3429.52106099752,5059,3701373.00274697,42,2020,1,3488.3630338152,3512.82719216759
42,202002,3476.39701800507,5093,3695995.66128439,42,2020,2,3466.95136370088,3514.50441778552
42,202003,3614.13302245374,3366,3483135.25604046,42,2020,3,3542.64038863463,3516.18164340344
42,202004,3404.0820051977,3260,3401937.57980083,42,2020,4,3489.42357066033,3517.85886902136
42,202005,3747.1624873913,3557,3567567.47163402,42,2020,5,3816.85959941859,3517.94327389181
42,202006,3669.239794887,2950,3201797.66094589,42,2020,6,3606.6735891999,3518.02767876225
42,202007,3441.84727339054,3117,3368764.35933712,42,2020,7,3481.28878493912,3518.1120836327
42,202008,3738.20245936779,3044,3360967.37519296,42,2020,8,3758.85203571037,3520.13924352971
42,202009,3617.82324811276,2507,3224826.31935665,42,2020,9,3498.91789821731,3522.16640342673
42,202010,3548.34081530922,2753,3293592.58434936,42,2020,10,3588.23698746859,3524.19356332374
42,202011,3698.29825263086,2557,3317307.43646785,42,2020,11,3738.25290313405,3523.61148745795
42,202012,3497.99593602041,2026,3105717.32398928,42,2020,12,3408.16473403258,3523.02941159216
42,202101,3694.75784500041,2455,3291797.86623365,42,2021,1,3755.28957195989,3522.44733572636
42,202102,3545.33596696841,2733,3490380.3779674,42,2021,2,3539.69457038209,3519.86979219148
42,202103,3646.68559930127,2459,3088578.320524,42,2021,3,3570.76528429745,3517.2922486566
42,202104,3656.80996222993,2836,3336884.52907945,42,2021,4,3742.67420873919,3514.71470512172
42,202105,3668.24025769728,2753,3579486.02180513,42,2021,5,3736.02934476213,3511.15201967977
42,202106,3444.04858628674,3114,3256257.10339394,42,2021,6,3377.93748853152,3507.58933423782
42,202107,3542.32121997144,3703,3639246.44289187,42,2021,7,3577.37896512182,3504.02664879587
42,202108,3473.81435510273,3558,3592373.40310323,42,2021,8,3495.30120241037,3500.17203957354
42,202109,3394.55864804426,3787,3529789.66704997,42,2021,9,3275.13166307798,3496.31743035122
42,202110,3454.08064839161,4203,3943406.23761128,42,2021,10,3494.48176476111,3492.46282112889
42,202111,3354.36305580295,4151,3737782.31542106,42,2021,11,3399.06656383543,3493.46888984316
42,202112,3266.17116600955,4342,3641786.75345972,42,2021,12,3180.49282965547,3494.47495855742
42,202201,3413.44601217539,4600,3997970.94306827,42,2022,1,3475.62337745687,3495.48102727169
42,202202,3552.76620545999,4210,3922707.15879394,42,2022,2,3550.83744004908,3501.25706062023
42,202203,3432.37199764731,4546,3675773.6201015,42,2022,3,3351.88486419368,3507.03309396878
42,202204,3296.99733982255,4782,4236794.54874271,42,2022,4,3383.22753476874,3512.80912731732
42,202205,3517.17051441478,4669,3899696.20587138,42,2022,5,3582.87724856292,3522.05210537839
42,202206,3477.0949664614,4676,3924429.77897048,42,2022,6,3407.26017246743,3531.29508343945
42,202207,3580.20391452787,5000,4236483.36100321,42,2022,7,3610.69461289309,3540.53806150051
42,202208,3508.49538936793,4810,3874500.4483985,42,2022,8,3530.63523493883,3548.45103787758
42,202209,3725.98742319003,4862,4075337.06643305,42,2022,9,3605.85353813628,3556.36401425465
42,202210,3510.88888091356,4944,4287640.39208521,42,2022,10,3551.60759308433,3564.27699063171
42,202211,3536.49216599052,4677,3958721.40317651,42,2022,11,3585.7550997512,3569.082627473
42,202212,3706.73189382019,4729,4032247.4362293,42,2022,12,3625.01251383853,3573.88826431428
42,202301,3500.48820426449,4686,4039854.24542761,42,2023,1,3563.35136249128,3578.69390115556
42,202302,3592.46719485331,4633,3980885.09725537,42,2023,2,3591.37891585828,3582.83870624375
42,202303,3662.61995828226,4696,4000484.74774325,42,2023,3,3580.13757293903,3586.98351133193
42,202304,3478.57287118749,4718,4084804.11828513,42,2023,4,3565.33919359736,3591.12831642011
42,202305,3491.22082036743,4775,4037109.44857309,42,2023,5,3555.7695168092,3597.48227700441
42,202306,3673.66712228118,4733,4098665.2474048,42,2023,6,3602.87397563609,3603.83623758871
42,202307,3551.85719067206,4842,4159963.80593321,42,2023,7,3580.04534118941,3610.19019817301
42,202308,3596.20153237621,4798,4061916.12350198,42,2023,8,3618.63311573989,3620.15627759324
42,202309,3745.21857376023,4761,4176473.6742079,42,2023,9,3624.48509240945,3630.12235701348
42,202310,3577.08022987298,4666,4207795.04821913,42,2023,10,3617.79237397226,3640.08843643371
42,202311,3618.87415051114,4839,4144069.3312113,42,2023,11,3669.90958716865,3654.44262896379
42,202312,3794.21199991456,4727,4242177.75433917,42,2023,12,3713.62166155546,3668.79682149387
42,202401,3600.7213118871,4874,4219178.66221661,42,2024,1,3664.44732810594,3683.15101402394
42,202402,3584.61210379532,4856,4155107.34157147,42,2024,2,3584.55634168914,3699.12463106892
42,202403,3801.95706346291,4908,4229594.82267249,42,2024,3,3717.68642212928,3715.09824811389
42,202404,3640.3001707663,5261,4502635.47653841,42,2024,4,3727.80414768599,3731.07186515886
42,202405,3681.53436815555,5031,4244365.91532758,42,2024,5,3745.12108508404,3749.25114372744
42,202406,3847.14827120165,4760,4104765.99212968,42,2024,6,3775.57022232116,3767.43042229603
42,202407,3810.15475722846,5154,4525981.25567172,42,2024,7,3836.19120253629,3785.60970086461
42,202408,3711.22299512723,5055,4365174.97355649,42,2024,8,3734.06285647725,3811.78285086047
42,202409,3825.4608309272,4890,4176046.09604043,42,2024,9,3704.20999102817,3837.95600085633
42,202410,3893.19591848949,5014,4422772.64385155,42,2024,10,3933.94940714744,3864.12915085219
42,202411,3797.42310614414,5098,4445038.32871897,42,2024,11,3850.24463321002,3892.98003391965
42,202412,3906.27900958455,4642,4175602.57761818,42,2024,12,3826.8069628882,3921.83091698711
42,202501,4094.59332963268,5018,4404256.69548587,42,2025,1,4159.0733975001,3950.68180005457
42,202502,3952.62689991825,5008,4373682.40833275,42,2025,2,3953.27059892523,3975.92991282391
42,202503,4209.87597219196,4796,4197099.43328363,42,2025,3,4124.31587900156,4001.17802559325
42,202504,3976.69571925136,5131,4560834.47050367,42,2025,4,4064.79972906677,4026.42613836258
42,202505,4021.20253493995,4842,4266638.79900775,42,2025,5,4084.03729222828,4049.35245717267
42,202506,4265.42715506931,4637,4166498.30844605,42,2025,6,4193.33200491453,4072.27877598275
42,202507,4080.90434713411,5080,4391814.66979138,42,2025,7,4105.21509510405,4095.20509479284
42,202508,4164.0602558827,4791,4250222.00939168,42,2025,8,4187.26028327332,4117.24989869827
42,202509,4283.1582895322,4856,4428114.43087731,42,2025,9,4161.66563879072,4139.29470260369
42,202510,4026.94021392199,5096,4296626.57789538,42,2025,10,4067.67537442286,4161.33950650912
42,202511,4092.94740188192,4389,4240786.77644344,42,2025,11,4147.04709209492,4181.91310527954
42,202512,4235.71476997232,4593,4525491.08472798,42,2025,12,4157.04547507767,4202.48670404995
43,201201,3222.8134478324,4340,5262656.40394929,43,2012,1,3244.38510185436,3185.65607386239
43,201202,3081.68901267198,4321,5239019.83258542,43,2012,2,3140.5889963514,3200.99200754681
43,201203,3396.02939328994,4413,5055906.3569886,43,2012,3,3292.16108990963,3216.32794123123
43,201204,3117.63138933686,4844,5459046.49079717,43,2012,4,3188.89726023412,3231.66387491565
43,201205,3107.13592846224,4524,5170208.79316791,43,2012,5,3165.48050462112,3247.2294636106
43,201206,3414.13260388727,4391,4871614.55212565,43,2012,6,3354.12174963456,3262.79505230556
43,201207,3168.12763002362,4525,5247318.80755367,43,2012,7,3241.12800232923,3278.36064100051
43,201208,3193.0006165651,4531,5295434.03373122,43,2012,8,3223.77686017892,3294.27836924499
43,201209,3563.82534265107,4488,5031479.33933864,43,2012,9,3422.13333792881,3310.19609748947
43,201210,3261.56321675424,4577,5268429.41251525,43,2012,10,3316.34512634165,3326.11382573395
43,201211,3243.5855915723,4527,5290169.41836459,43,2012,11,3279.40087708348,3345.11520875979
43,201212,3520.35241740807,4531,5198407.79965958,43,2012,12,3423.23709250202,3364.11659178562
43,201301,3230.34684894041,4511,5280245.70546744,43,2013,1,3251.60489708372,3383.11797481146
43,201302,3405.77333602582,4428,5177829.34235444,43,2013,2,3460.14261972462,3403.76632313798
43,201303,3546.96294969083,4621,5261119.93252995,43,2013,3,3448.12876007047,3424.41467146451
43,201304,3313.42299434787,4664,5385568.4247225,43,2013,4,3384.75992876111,3445.06301979104
43,201305,3376.27277279236,4579,5277205.59325691,43,2013,5,3429.76027995093,3462.0296881218
43,201306,3605.42728535705,4552,5266612.30770122,43,2013,6,3549.53287314578,3478.99635645257
43,201307,3422.6090575472,4701,5482612.04273004,43,2013,7,3494.24452897899,3495.96302478334
43,201308,3517.64659857699,4557,5370900.22384817,43,2013,8,3545.82371205867,3505.54886074797
43,201309,3789.76263059824,4448,5195008.91690649,43,2013,9,3651.63337555318,3515.1346967126
43,201310,3529.47207355424,4840,5536095.22056961,43,2013,10,3584.49356717343,3524.72053267723
43,201311,3414.54824201922,4621,5455070.38513077,43,2013,11,3447.14158459884,3524.45296249702
43,201312,3706.14555343983,4404,5110936.30332681,43,2013,12,3612.92745266314,3524.1853923168
43,201401,3567.75876762528,4766,5629862.50797038,43,2014,1,3588.70700930048,3523.91782213658
43,201402,3359.91929311613,4414,5222882.05529297,43,2014,2,3409.76347784934,3516.10439323518
43,201403,3647.9622891119,4514,5121831.86405987,43,2014,3,3554.16961587099,3508.29096433378
43,201404,3511.18141384392,4868,5637145.35531024,43,2014,4,3582.6004437164,3500.47753543238
43,201405,3401.26106190023,4536,5376658.09998041,43,2014,5,3449.90616132551,3492.04392667628
43,201406,3474.3969443026,4402,4958550.13970059,43,2014,6,3422.63752605085,3483.61031792019
43,201407,3415.87281602875,4655,5471303.06897108,43,2014,7,3486.16582915588,3475.17670916409
43,201408,3387.89420052835,4523,5396261.87833169,43,2014,8,3413.49723237864,3467.54669213854
43,201409,3570.47663981922,4481,5003210.06097941,43,2014,9,3435.93778888372,3459.91667511299
43,201410,3407.45509503135,4736,5464865.32733147,43,2014,10,3462.74343774841,3452.28665808744
43,201411,3478.54478229288,4464,5268341.01936351,43,2014,11,3507.94305764077,3444.24799051085
43,201412,3552.47412499919,4603,5225671.54344352,43,2014,12,3463.17461680197,3436.20932293427
43,201501,3404.36180286181,4631,5464949.73580162,43,2015,1,3425.3158068128,3428.17065535768
43,201502,3308.33880612762,4438,5316272.72236761,43,2015,2,3350.61794667681,3417.60310247284
43,201503,3590.35813958315,4567,5150791.34638268,43,2015,3,3505.07787956217,3407.03554958799
43,201504,3394.17771724349,4650,5415151.50071127,43,2015,4,3465.33228017085,3396.46799670315
43,201505,3158.41444597031,4568,5318169.10608016,43,2015,5,3199.14789831523,3385.36366339797
43,201506,3630.81166992565,4587,5174845.70154945,43,2015,6,3586.11242341907,3374.25933009279
43,201507,3243.67488426444,4705,5402760.09218044,43,2015,7,3311.74862536551,3363.15499678761
43,201508,3247.47578990231,4468,5202083.15135514,43,2015,8,3268.41953513177,3356.72290782123
43,201509,3493.09166190817,4544,5130864.42666092,43,2015,9,3365.67228533128,3350.29081885485
43,201510,3255.94041302966,4814,5649099.58925971,43,2015,10,3311.78310248036,3343.85872988847
43,201511,3233.85709193732,4475,5349278.56095849,43,2015,11,3257.00359197066,3346.00331394733
43,201512,3666.41783789038,4455,5211666.55949257,43,2015,12,3583.42537407941,3348.14789800618
43,201601,3256.23993735189,4661,5548285.70879288,43,2016,1,3277.12246558283,3350.29248206504
43,201602,3200.80227375856,4422,5333777.53349269,43,2016,2,3235.45847062314,3359.083471124
43,201603,3593.82768664171,4412,5157530.8189568,43,2016,3,3517.02127883534,3367.87446018296
43,201604,3248.73531686989,4565,5478540.52809431,43,2016,4,3319.61471850346,3376.66544924192
43,201605,3298.44927248179,4378,5199372.27619043,43,2016,5,3331.28825005429,3386.79611954315
43,201606,3580.30810869806,4357,5147786.21741043,43,2016,6,3542.7145528966,3396.92678984439
43,201607,3303.60730545754,4534,5467984.1010601,43,2016,7,3369.53564014452,3407.05746014562
43,201608,3473.92049365986,4416,5301631.53293078,43,2016,8,3490.29751498179,3416.1128440973
43,201609,3551.07562629544,4317,5076743.54880331,43,2016,9,3430.88698389182,3425.16822804898
43,201610,3350.60760696417,4599,5469390.5121638,43,2016,10,3407.11087217331,3434.22361200066
43,201611,3425.58543179448,4453,5316390.06874016,43,2016,11,3442.58135474819,3438.56915371709
43,201612,3517.58430496166,4293,5089569.32793801,43,2016,12,3440.9591629286,3442.91469543352
43,201701,3488.31963821662,4527,5435900.12677889,43,2017,1,3508.7693017475,3447.26023714996
43,201702,3368.54594897836,4439,5377372.39353672,43,2017,2,3382.75184708426,3447.03000117665
43,201703,3564.07394469839,4353,5058532.17070945,43,2017,3,3510.77335871404,3446.79976520335
43,201704,3380.59104698265,4566,5495228.85094082,43,2017,4,3453.23448183164,3446.56952923004
43,201705,3445.80996135238,4429,5348918.13226779,43,2017,5,3456.61776146762,3443.91481082528
43,201706,3467.36679952781,4353,5138902.46728746,43,2017,6,3446.74629021411,3441.26009242051
43,201707,3435.7743020604,4540,5504551.45432654,43,2017,7,3495.98415245141,3438.60537401574
43,201708,3352.52439008944,4418,5354074.09663818,43,2017,8,3355.40326505589,3434.41363653572
43,201709,3546.90052211193,4344,5110929.60135845,43,2017,9,3447.54359352739,3430.2218990557
43,201710,3386.545773388,4535,5582064.39157356,43,2017,10,3445.77996490165,3426.03016157567
43,201711,3381.1755777601,4261,5301011.70423154,43,2017,11,3380.4774249188,3422.31584322257
43,201712,3495.33127918903,4315,5182294.22362952,43,2017,12,3437.3662853064,3418.60152486946
43,201801,3359.76594470973,4354,5528874.98072311,43,2018,1,3378.97903634558,3414.88720651636
43,201802,3437.75596334164,4139,5193903.66392644,43,2018,2,3430.69197764488,3413.59999841783
43,201803,3378.97706511896,4241,5038201.81626232,43,2018,3,3348.3468380636,3412.3127903193
43,201804,3376.18666242402,4325,5518231.7954798,43,2018,4,3449.72766495611,3411.02558222078
43,201805,3485.64933815063,4248,5168967.57100222,43,2018,5,3473.52849263698,3413.02693376822
43,201806,3314.96311357269,4145,4991385.19489855,43,2018,6,3310.36392604225,3415.02828531566
43,201807,3356.59625255935,4363,5555509.48763526,43,2018,7,3410.08163741701,3417.0296368631
43,201808,3467.91922896323,4206,5128596.55920921,43,2018,8,3456.22956136976,3421.76504825975
43,201809,3189.12164099179,4258,5108031.28853802,43,2018,9,3109.46161505482,3426.5004596564
43,201810,3377.0999369527,4395,5490714.46299171,43,2018,10,3437.89131773497,3431.23587105306
43,201811,3450.65525272473,4260,5297545.74383707,43,2018,11,3431.05036118815,3435.02536389265
43,201812,3379.23432076685,4373,5322954.52206409,43,2018,12,3338.72524460803,3438.81485673224
43,201901,3504.46777331235,4310,5470374.71923909,43,2019,1,3540.18733110143,3442.60434957184
43,201902,3537.9916102549,4286,5356118.80133342,43,2019,2,3488.04259256611,3446.23700658836
43,201903,3398.8974033061,4447,5310731.41676438,43,2019,3,3399.09338209913,3449.86966360488
43,201904,3496.14553407471,4453,5560308.59542132,43,2019,4,3585.64407545368,3453.5023206214
43,201905,3476.72375284444,4404,5379493.94112434,43,2019,5,3438.62603208377,3456.40141011745
43,201906,3384.18266324617,4468,5304700.38805543,43,2019,6,3396.90531422259,3459.3004996135
43,201907,3441.95627155875,4464,5578503.45023765,43,2019,7,3496.75652260908,3462.19958910955
43,201908,3450.09610663652,4352,5360228.042287,43,2019,8,3408.86681376171,3463.58248417162
43,201909,3496.711105759,4424,5228968.19117554,43,2019,9,3439.04610055751,3464.96537923369
43,201910,3497.7337809939,4477,5682220.28113691,43,2019,10,3565.96636586942,3466.34827429576
43,201911,3474.46347132883,4389,5519919.98659094,43,2019,11,3418.02718936641,3472.54168317133
43,201912,3459.9900916307,4443,5486284.90822901,43,2019,12,3437.85281215221,3478.7350920469
43,202001,3531.53494568683,4424,5658403.35209462,43,2020,1,3584.49819682349,3484.92850092247
43,202002,3542.44761111174,4205,5396005.31536437,43,2020,2,3450.37647544833,3490.92500889137
43,202003,3268.33743844576,3263,5258723.07854988,43,2020,3,3300.14822392767,3496.92151686026
43,202004,3407.96908081096,3161,5168976.69643112,43,2020,4,3514.19831321768,3502.91802482916
43,202005,3606.44609935386,2978,4961201.68746154,43,2020,5,3543.12920686742,3508.98287701294
43,202006,3527.36069838091,2789,5036317.32898544,43,2020,6,3558.13475207324,3515.04772919672
43,202007,3596.71564472859,2749,4766754.5999126,43,2020,7,3653.53218686846,3521.11258138051
43,202008,3539.59942449456,2806,4892409.77692259,43,2020,8,3469.50582569296,3525.78079918982
43,202009,3951.68184954103,2896,5259166.04545828,43,2020,9,3916.66107888726,3530.44901699913
43,202010,3414.34044822594,2814,5097178.42545842,43,2020,10,3490.65748565672,3535.11723480844
43,202011,3551.53340491529,2778,5255243.8002009,43,2020,11,3458.9030156388,3530.13085216711
43,202012,3667.20388559403,2680,5216952.4831048,43,2020,12,3664.09518098773,3525.14446952578
43,202101,3469.99194512284,2618,5123569.2558419,43,2021,1,3534.37252916639,3520.15808688445
43,202102,3801.69158448426,2413,5264315.61891182,43,2021,2,3690.10034553097,3508.19554501974
43,202103,3523.19815743621,2587,5080103.98415053,43,2021,3,3563.94556713302,3496.23300315502
43,202104,3284.84793556707,2862,5183683.18847479,43,2021,4,3399.27799350906,3484.27046129031
43,202105,3633.72703719798,2785,5544713.93136541,43,2021,5,3557.94634565442,3465.49644212861
43,202106,3430.70265223182,2906,5214785.74631525,43,2021,6,3467.71986876887,3446.72242296691
43,202107,3216.61450448246,3227,5292070.79122626,43,2021,7,3278.21367415366,3427.94840380521
43,202108,3537.83423649432,3241,5540532.31261017,43,2021,8,3453.70839606946,3408.87685937599
43,202109,3385.43645025088,3348,5338347.66376376,43,2021,9,3362.40869175502,3389.80531494677
43,202110,3007.12840678896,3304,5249549.55319114,43,2021,10,3088.93253753446,3370.73377051755
43,202111,3565.21766890613,3474,5583596.42732605,43,2021,11,3452.95542315294,3364.72669924429
43,202112,3179.80385289886,3581,5559169.08336388,43,2021,12,3184.11099692777,3358.71962797104
43,202201,3119.92327449909,3583,5435595.96601296,43,2022,1,3195.96960162281,3352.71255669778
43,202202,3582.10760117838,3581,5548135.06006664,43,2022,2,3451.21319229289,3363.35737945528
43,202203,3187.12808479067,3868,5636866.66391586,43,2022,3,3236.99757524442,3374.00220221278
43,202204,3161.86710679662,3723,5532423.58052526,43,2022,4,3284.66961789557,3384.64702497028
43,202205,3395.64114469892,3773,5614417.3587086,43,2022,5,3307.55445279959,3407.29317745647
43,202206,3329.22203368367,3930,5678058.96369798,43,2022,6,3372.64581033979,3429.93932994267
43,202207,3418.30296615088,3873,5657396.87966566,43,2022,7,3484.85375920075,3452.58548242886
43,202208,3658.03434727685,3869,5691491.02551629,43,2022,8,3560.06357362694,3474.57029310496
43,202209,3565.02024116108,4059,5719510.98529256,43,2022,9,3554.19111577219,3496.55510378105
43,202210,3526.44462632003,3902,5850631.63619561,43,2022,10,3613.95556935676,3518.53991445715
43,202211,3805.69239056536,3779,5668221.69303791,43,2022,11,3674.03210533941,3534.04261301005
43,202212,3591.5750045985,3832,5610791.21413132,43,2022,12,3603.54107153877,3549.54531156295
43,202301,3437.55092130714,3837,5830446.45187388,43,2023,1,3518.54002538981,3565.04801011586
43,202302,3728.95337042614,3641,5484560.72083452,43,2023,2,3589.58713417901,3570.37522883092
43,202303,3475.38332868004,3887,5644432.28330051,43,2023,3,3529.34389098183,3575.70244754598
43,202304,3410.8597691353,3774,5896051.92830148,43,2023,4,3537.92589979352,3581.02966626104
43,202305,3745.43680903418,3770,5443539.8239191,43,2023,5,3652.43373301375,3584.00096887745
43,202306,3425.76459841116,3944,5607689.00472462,43,2023,6,3471.91020973338,3586.97227149386
43,202307,3540.86561715691,3913,5737781.13524269,43,2023,7,3609.50088834217,3589.94357411027
43,202308,3737.22474808673,3676,5292658.80805112,43,2023,8,3633.4834899914,3598.42199844107
43,202309,3600.70416110708,3882,5556878.12840997,43,2023,9,3593.96793687317,3606.90042277186
43,202310,3447.87431918087,3942,5837431.6901098,43,2023,10,3538.02864656207,3615.37884710265
43,202311,3870.28054487835,3744,5324209.36285704,43,2023,11,3729.33177394122,3627.39100351661
43,202312,3574.33241693926,3902,5690316.90473978,43,2023,12,3589.19565213559,3639.40315993057
43,202401,3482.3999451488,4144,5927931.06477724,43,2024,1,3568.47779677084,3651.41531634452
43,202402,3895.42953995346,3921,5327536.12971825,43,2024,2,3747.71646297808,3662.30081823556
43,202403,3541.01162174369,4028,5616348.30445185,43,2024,3,3599.16725857984,3673.1863201266
43,202404,3571.62586571935,3843,5976559.14919204,43,2024,4,3703.04196065744,3684.07182201763
43,202405,4083.12404518611,3557,5309632.66462949,43,2024,5,3985.27327179944,3696.75927312967
43,202406,3739.35607275977,3925,5522900.2566323,43,2024,6,3788.27814621291,3709.44672424171
43,202407,3540.07577232395,4120,5877500.48678638,43,2024,7,3610.8360898194,3722.13417535375
43,202408,3950.49732387418,3971,5627325.30220282,43,2024,8,3841.0178981074,3738.56722141056
43,202409,3639.30935809971,4076,5694368.18011141,43,2024,9,3636.69010039397,3755.00026746736
43,202410,3572.28313700101,4177,6043049.10285502,43,2024,10,3665.10013706361,3771.43331352417
43,202411,4173.18428332404,3999,5648092.13453277,43,2024,11,4022.96153797643,3789.73384573726
43,202412,3741.41137874902,3979,5791220.79903878,43,2024,12,3759.18438105273,3808.03437795036
43,202501,3549.25921889918,4175,5907151.74956777,43,2025,1,3639.62595910955,3826.33491016345
43,202502,4182.99677757442,3963,5768603.9215684,43,2025,2,4029.04804573685,3853.14975233839
43,202503,3851.69383882459,3927,5650979.71990926,43,2025,3,3912.95006763482,3879.96459451334
43,202504,3546.62214317855,4105,5832907.93435999,43,2025,4,3681.39820702506,3906.77943668828
43,202505,4117.28568486714,3890,5680680.28688014,43,2025,5,4015.81888684876,3935.90580823291
43,202506,3831.37016567798,3818,5616747.00086648,43,2025,6,3882.22830069631,3965.03217977753
43,202507,3625.66426328813,4275,6051376.63721821,43,2025,7,3698.29582007892,3994.15855132216
43,202508,4225.94911800511,3798,5474635.67492297,43,2025,8,4111.92847193578,4023.3537984512
43,202509,3980.97500116879,3748,5579142.40936491,43,2025,9,3981.31027281823,4052.54904558023
43,202510,3584.33457979981,4210,6085783.58270506,43,2025,10,3679.60422665605,4081.74429270927
43,202511,4472.04086532064,3479,5493279.96776904,43,2025,11,4314.22877083461,4111.42658378201
43,202512,4073.92866617422,3509,5801003.66873407,43,2025,12,4093.8779371665,4141.10887485476
50,201201,2905.82144942817,1708,1145324.34038026,50,2012,1,2898.6207484273,2985.32777226085
50,201202,3146.14142941315,1563,1058469.33560267,50,2012,2,3359.25176741769,2995.52250609368
50,201203,3211.98939443736,1698,1078178.43147838,50,2012,3,3045.95103606642,3005.7172399265
50,201204,3112.49468381816,1860,1202455.61431049,50,2012,4,3057.26047249536,3015.91197375933
50,201205,2938.34733259504,1722,1109436.96284507,50,2012,5,3110.77078070715,3026.14334927339
50,201206,3075.61629347675,1780,1093143.66678799,50,2012,6,2960.79468390799,3036.37472478746
50,201207,3009.36584723149,1831,1215999.96730757,50,2012,7,2991.88030606572,3046.60610030153
50,201208,2935.62838704779,1713,1110758.69036855,50,2012,8,3119.10348673222,3055.66205877103
50,201209,3067.66316931064,1812,1125503.83222163,50,2012,9,2895.4635534432,3064.71801724053
50,201210,3202.75728708478,1852,1214606.88244718,50,2012,10,3131.8277758324,3073.77397571002
50,201211,3022.18086568761,1697,1114007.55714243,50,2012,11,3199.79999867354,3081.19789098654
50,201212,2920.32418384182,1835,1148531.86451801,50,2012,12,2778.79978303976,3088.62180626306
50,201301,3100.97643604931,1773,1194215.41285875,50,2013,1,3093.80191262103,3096.04572153958
50,201302,2930.75125722229,1691,1126715.16839145,50,2013,2,3143.74817576671,3105.38386867999
50,201303,2930.82825639097,1863,1134877.35998915,50,2013,3,2761.66440986079,3114.7220158204
50,201304,3211.5591978433,1855,1200618.93323134,50,2013,4,3158.29110921645,3124.06016296081
50,201305,2926.98033619301,1773,1151593.24142404,50,2013,5,3101.26093442985,3128.77454778953
50,201306,2989.21987035173,2003,1182902.79641017,50,2013,6,2868.99420349796,3133.48893261825
50,201307,3248.55799056855,2006,1242215.4913248,50,2013,7,3232.0707179606,3138.20331744697
50,201308,2973.85437490864,1765,1160767.35861457,50,2013,8,3158.54066358559,3140.56124411019
50,201309,3300.91394612327,1955,1184297.13592073,50,2013,9,3128.74991045258,3142.91917077341
50,201310,3308.02310472288,1958,1205369.56467443,50,2013,10,3239.21983241831,3145.27709743664
50,201311,3027.99584432897,1735,1150435.50187484,50,2013,11,3208.39780446226,3149.20208617764
50,201312,3147.32043114967,1936,1202478.26258779,50,2013,12,3003.74764872333,3153.12707491864
50,201401,3250.00687400188,1921,1189822.42234955,50,2014,1,3242.81852664993,3157.05206365964
50,201402,2793.34670492382,1721,1172431.82862595,50,2014,2,3006.19709769215,3158.21574534653
50,201403,3252.52095779964,1970,1177845.97769904,50,2014,3,3080.20541197451,3159.37942703341
50,201404,3276.91198275954,1939,1234658.86987346,50,2014,4,3225.59370535613,3160.5431087203
50,201405,2984.4839206189,1808,1244417.87388884,50,2014,5,3160.61525717117,3160.44941262869
50,201406,3306.74810452648,1955,1153151.74185573,50,2014,6,3181.12388787131,3160.35571653707
50,201407,3289.12827126676,1953,1254698.2258751,50,2014,7,3273.65669399317,3160.26202044546
50,201408,2949.97639105438,1826,1269964.07880033,50,2014,8,3135.9032708398,3159.25497115941
50,201409,3410.99795745556,1994,1157192.19396727,50,2014,9,3238.91087943698,3158.24792187336
50,201410,3201.67576143493,2030,1275708.66764477,50,2014,10,3135.04788803296,3157.24087258731
50,201411,2840.92380283848,1864,1297318.14553934,50,2014,11,3024.16553257333,3148.8422986339
50,201412,3341.67646754584,1812,1111489.84549225,50,2014,12,3196.11327783553,3140.44372468049
50,201501,3213.35524539151,1881,1217624.91941533,50,2015,1,3204.5623942687,3132.04515072707
50,201502,2921.93164201937,1733,1228688.897226,50,2015,2,3135.75083184161,3125.08803936758
50,201503,3073.97051984673,1859,1138926.35861132,50,2015,3,2897.94471094135,3118.13092800808
50,201504,3293.18217128936,1872,1206849.02673562,50,2015,4,3244.55231984379,3111.17381664859
50,201505,2919.9685047851,1760,1253568.36547651,50,2015,5,3100.07198721581,3107.03482544238
50,201506,2946.03295071084,1849,1123572.78625617,50,2015,6,2811.12747278597,3102.89583423617
50,201507,3080.35873289432,1889,1210128.17792369,50,2015,7,3065.68041533444,3098.75684302995
50,201508,2855.89431568849,1757,1253941.61769951,50,2015,8,3044.61877750579,3089.61816326789
50,201509,2863.92364104861,1884,1188570.36498987,50,2015,9,2690.49392766246,3080.47948350583
50,201510,3328.04638621088,1885,1214595.81020629,50,2015,10,3264.9421737514,3071.34080374377
50,201511,2923.03436372561,1735,1244330.88786272,50,2015,11,3112.17636458033,3066.63629083391
50,201512,2800.29704677234,1830,1232007.87259964,50,2015,12,2650.12784671419,3061.93177792406
50,201601,3082.12760873338,1809,1210317.74346855,50,2016,1,3071.71313271911,3057.2272650142
50,201602,2818.94003456879,1701,1213584.72577367,50,2016,2,3033.72076508843,3058.78433109817
50,201603,3168.84267563442,1916,1237853.52170324,50,2016,3,2989.10921205634,3060.34139718215
50,201604,2932.05124950858,1931,1258354.51839571,50,2016,4,2886.13193720124,3061.89846326613
50,201605,2901.60460266368,1756,1267658.94618048,50,2016,5,3085.72184892604,3072.18473079886
50,201606,3055.94718208463,1935,1254582.8570079,50,2016,6,2911.8270911511,3082.47099833159
50,201607,3064.15740369724,1906,1279972.8983696,50,2016,7,3050.36402441996,3092.75726586432
50,201608,2965.06761197139,1696,1249936.98867813,50,2016,8,3156.69673728106,3114.46488440483
50,201609,3398.65481285719,1967,1241674.93171652,50,2016,9,3224.00494845556,3136.17250294534
50,201610,3046.48642195896,1909,1279777.93526313,50,2016,10,2987.02529023366,3157.88012148585
50,201611,3045.62225083074,1728,1279627.71967276,50,2016,11,3240.78087803664,3180.86093081202
50,201612,3558.45658832198,1911,1238011.15325044,50,2016,12,3403.76983966211,3203.84174013818
50,201701,3005.27707451967,1917,1270514.1156708,50,2017,1,2994.33352267491,3226.82254946434
50,201702,3056.47384247296,1742,1254572.69651746,50,2017,2,3272.17863803125,3241.21064345108
50,201703,3582.4211168728,1887,1191592.52915856,50,2017,3,3388.83290886415,3255.59873743782
50,201704,3079.81806705682,1943,1289981.76045637,50,2017,4,3045.22180958469,3269.98683142456
50,201705,3191.68230574194,1749,1293152.1811408,50,2017,5,3384.59112568348,3276.18194027707
50,201706,3582.92569613686,1902,1205850.38180686,50,2017,6,3412.96205794043,3282.37704912958
50,201707,3240.72085334827,1962,1323596.83227154,50,2017,7,3232.65222708257,3288.57215798209
50,201708,3149.07919941173,1764,1266587.17836404,50,2017,8,3346.41558362191,3291.28882463189
50,201709,3472.87506768742,1868,1197750.93876048,50,2017,9,3296.65364420324,3294.00549128169
50,201710,3247.84893385572,1961,1355151.15918267,50,2017,10,3199.95792547401,3296.72215793148
50,201711,3121.74518824861,1773,1272813.4361436,50,2017,11,3329.9766780165,3300.05638847489
50,201712,3400.61417895085,1794,1202715.16978112,50,2017,12,3232.51574755624,3303.39061901831
50,201801,3209.42091462133,1880,1327970.8327812,50,2018,1,3197.57909050885,3306.72484956172
50,201802,3209.68413689833,1783,1299820.56252636,50,2018,2,3425.99404770904,3313.16876043063
50,201803,3497.94876342933,1865,1195528.96513196,50,2018,3,3290.23710785489,3319.61267129954
50,201804,3344.06044992388,1981,1348250.62127222,50,2018,4,3320.56951361848,3326.05658216846
50,201805,3140.7696904107,1829,1314894.78885163,50,2018,5,3342.3033198297,3335.04211953287
50,201806,3534.5494057137,1884,1192675.20910484,50,2018,6,3338.62972009237,3344.02765689729
50,201807,3452.00718539785,1995,1345163.37193984,50,2018,7,3449.60507602147,3353.01319426171
50,201808,3090.17547352716,1903,1368000.68910593,50,2018,8,3293.21850582523,3360.32498731524
50,201809,3585.93192135766,1961,1257411.71935221,50,2018,9,3408.19595328795,3367.63678036878
50,201810,3438.00470677955,1992,1349452.72508051,50,2018,10,3401.79781783605,3374.94857342232
50,201811,3105.68725405496,1894,1390191.9439011,50,2018,11,3327.16258407707,3374.2841180805
50,201812,3503.86992796553,1911,1254441.45002332,50,2018,12,3322.57691798857,3373.61966273868
50,201901,3491.14931408204,1947,1304535.35845077,50,2019,1,3471.07680314254,3372.95520739687
50,201902,3192.6735270718,1793,1348346.33757103,50,2019,2,3422.37245744023,3368.01444316008
50,201903,3689.37858915361,1852,1230655.82921179,50,2019,3,3457.95609957708,3363.0736789233
50,201904,3420.13482940547,2000,1353885.80453401,50,2019,4,3403.95901318618,3358.13291468652
50,201905,3055.29500560521,1892,1386885.69498357,50,2019,5,3283.48139876141,3351.43236835715
50,201906,3554.49095858863,1913,1258157.57326302,50,2019,6,3336.10665495509,3344.73182202778
50,201907,3239.1742940492,1968,1317161.78457326,50,2019,7,3225.73014277012,3338.03127569841
50,201908,3175.81005199942,1818,1385330.66288021,50,2019,8,3385.21114829611,3327.33745804587
50,201909,3421.03454289887,1922,1252033.5090782,50,2019,9,3248.87704490382,3316.64364039334
50,201910,3342.35429711652,1983,1329984.8935796,50,2019,10,3305.96291033001,3305.9498227408
50,201911,3180.34446370643,1737,1348344.81288267,50,2019,11,3406.65807323225,3299.82104115392
50,201912,3472.00964258584,1803,1246378.18418546,50,2019,12,3291.25793630348,3293.69225956704
50,202001,3348.49915346335,1880,1244281.82048722,50,2020,1,3320.52426517883,3287.56347798016
50,202002,2986.60915567744,1745,1372462.34388229,50,2020,2,3229.95390876699,3280.78234652253
50,202003,3334.09493150153,1244,1210125.23689584,50,2020,3,3079.14690476773,3274.0012150649
50,202004,3300.88670847117,1143,1208652.40663024,50,2020,4,3292.13136394753,3267.22008360727
50,202005,3132.3608301066,1117,1163520.18593498,50,2020,5,3387.22539337428,3256.17650111065
50,202006,3846.20855962822,1058,1098193.61902969,50,2020,6,3605.28932401472,3245.13291861402
50,202007,3220.09372780881,1104,1155836.27685526,50,2020,7,3195.44150031724,3234.0893361174
50,202008,3026.79372047019,970,1173498.34515828,50,2020,8,3242.289875669,3229.409783057
50,202009,4300.86535467966,1031,1150635.27643585,50,2020,9,4133.92635087608,3224.7302299966
50,202010,3335.83946481169,1139,1237237.25553508,50,2020,10,3298.82535073662,3220.0506769362
50,202011,2810.75473082963,935,1240353.68866726,50,2020,11,3041.39013685125,3210.81460348855
50,202012,3953.63417955601,996,1189575.00238372,50,2020,12,3772.86256548429,3201.57853004089
50,202101,3104.74622796909,1024,1290943.02948269,50,2021,1,3068.0368540084,3192.34245659324
50,202102,2970.78483591771,852,1198860.89956115,50,2021,2,3222.11339330257,3179.61106905616
50,202103,3694.66661539499,838,1205192.70472226,50,2021,3,3432.664583771,3166.87968151908
50,202104,3311.54241259477,1139,1264873.44206189,50,2021,4,3305.13250883328,3154.14829398201
50,202105,2857.65591515216,777,1374223.78422377,50,2021,5,3122.40990468249,3146.72200046194
50,202106,3409.21407184815,1248,1218987.66788453,50,2021,6,3164.33106704527,3139.29570694187
50,202107,3152.03058919354,1425,1283127.09914775,50,2021,7,3124.39110985975,3131.8694134218
50,202108,2783.64905786724,1302,1356223.6360955,50,2021,8,3000.64565850328,3131.03395310647
50,202109,3175.14997681065,1524,1309635.01455869,50,2021,9,3012.67233992242,3130.19849279114
50,202110,3084.5212789258,1611,1372281.23691429,50,2021,10,3045.44901772135,3129.3630324758
50,202111,2722.94010128954,1415,1428426.51004389,50,2021,11,2951.16401018505,3142.79879313594
50,202112,3408.84384938563,1588,1351570.86107866,50,2021,12,3227.18690288294,3156.23455379608
50,202201,3263.26398298709,1657,1360495.2103545,50,2022,1,3217.92239027242,3169.67031445621
50,202202,2737.07298616019,1382,1312127.35829317,50,2022,2,2996.51902378746,3198.75215533822
50,202203,3526.61353356908,1615,1341377.69908996,50,2022,3,3257.72258202692,3227.83399622022
50,202204,3185.56260726535,1714,1399995.39342317,50,2022,4,3181.66739563575,3256.91583710223
50,202205,2911.81794484386,1534,1374642.73759179,50,2022,5,3186.63477840428,3288.72642482017
50,202206,3681.07558031734,1721,1409632.95179144,50,2022,6,3432.38764895661,3320.53701253811
50,202207,3451.1681729337,1691,1395044.17679292,50,2022,7,3420.6857092533,3352.34760025605
50,202208,3192.0457343169,1590,1440756.65827488,50,2022,8,3410.66591645963,3377.26059741836
50,202209,3589.78890109574,1637,1347354.65419375,50,2022,9,3431.87463576618,3402.17359458068
50,202210,3532.63694557319,1707,1447634.21830913,50,2022,10,3491.59330550595,3427.08659174299
50,202211,3196.78258798919,1584,1484751.35792532,50,2022,11,3422.66653164845,3446.63272903167
50,202212,4306.09916575246,1614,1420465.50420111,50,2022,12,4123.63336960482,3466.17886632034
50,202301,3626.09398902263,1662,1439658.73502191,50,2023,1,3577.38725661703,3485.72500360902
50,202302,3125.41098824952,1488,1370080.24106239,50,2023,2,3388.90463842042,3498.99616851593
50,202303,3880.81245616556,1619,1395494.16948598,50,2023,3,3608.51299835529,3512.26733342285
50,202304,3483.6534887756,1726,1479207.87273563,50,2023,4,3480.49402021805,3525.53849832976
50,202305,3112.49832765579,1508,1403525.03863309,50,2023,5,3392.14745264809,3532.80223478819
50,202306,3849.27119155871,1657,1404061.29507328,50,2023,6,3598.29270217382,3540.06597124661
50,202307,3719.81179175175,1727,1439299.44722337,50,2023,7,3687.65397995438,3547.32970770504
50,202308,3312.73390519206,1520,1386192.83967745,50,2023,8,3532.39679035313,3548.66714568796
50,202309,3885.9151460437,1692,1413797.9089272,50,2023,9,3729.60188848795,3550.00458367088
50,202310,3514.80288336128,1672,1429883.10150558,50,2023,10,3473.11522188025,3551.3420216538
50,202311,3459.49705229168,1533,1398965.75073311,50,2023,11,3685.2892265244,3547.7593611923
50,202312,3677.64136085266,1629,1450882.92648281,50,2023,12,3494.50938720899,3544.17670073079
50,202401,3543.55626754576,1633,1376220.21450897,50,2024,1,3491.52739302236,3540.59404026929
50,202402,3329.17123545217,1541,1388321.88522076,50,2024,2,3596.73205531072,3535.90509516796
50,202403,3488.57867096762,1738,1411822.28657971,50,2024,3,3212.86682360416,3531.21615006663
50,202404,3576.52328563478,1739,1452793.38575001,50,2024,4,3574.07823286377,3526.5272049653
50,202405,3098.68928108354,1571,1401478.3885415,50,2024,5,3383.13192622176,3528.19247635513
50,202406,3713.89271868159,1699,1418174.46082614,50,2024,6,3460.57625631928,3529.85774774495
50,202407,3624.65271642493,1766,1448405.38532293,50,2024,7,3590.76349789,3531.52301913477
50,202408,3274.91039200288,1604,1416789.49210831,50,2024,8,3495.56104145583,3538.00657559986
50,202409,3637.46319456174,1758,1463799.76898376,50,2024,9,3482.69712594743,3544.49013206495
50,202410,3717.34312354764,1684,1422989.40903644,50,2024,10,3674.96368077346,3550.97368853003
50,202411,3248.38278081986,1581,1435098.48674162,50,2024,11,3474.04148469968,3560.3503539377
50,202412,3796.98845760204,1615,1425470.80195893,50,2024,12,3613.15638458061,3569.72701934537
50,202501,3780.89959610825,1597,1355701.61967514,50,2025,1,3726.36744817074,3579.10368475303
50,202502,3227.33951633437,1472,1415066.2120245,50,2025,2,3498.0729663446,3589.31228825493
50,202503,3912.08404378331,1642,1411878.91697484,50,2025,3,3633.83203914977,3599.52089175682
50,202504,3521.30316724553,1661,1412314.02214757,50,2025,4,3519.520418404,3609.72949525872
50,202505,3371.07252153777,1426,1461528.15825178,50,2025,5,3659.63863414038,3620.97159128706
50,202506,3881.18596511753,1631,1449324.45159772,50,2025,6,3626.27241248817,3632.2136873154
50,202507,3596.2246466306,1802,1483469.00777861,50,2025,7,3560.55021441995,3643.45578334375
50,202508,3466.78568112523,1575,1502744.63515205,50,2025,8,3688.24729551356,3654.82066043336
50,202509,3777.90006084337,1744,1387879.24351678,50,2025,9,3623.91543038831,3666.18553752298
50,202510,3682.35820552448,1819,1441308.95908087,50,2025,10,3639.41607665287,3677.55041461259
50,202511,3641.02088454528,1534,1465475.38608671,50,2025,11,3866.3866822389,3689.49209729775
50,202512,3512.36092018615,1557,1301798.98401664,50,2025,12,3327.99638223225,3701.43377998291
51,201201,3398.17009907184,2029,1497893.11979684,51,2012,1,3308.43256157166,3115.36250771031
51,201202,3712.8880680285,1949,1477771.93046707,51,2012,2,3673.25263804605,3122.06157136301
51,201203,2925.97103723879,1868,1328564.90707699,51,2012,3,3063.11213725336,3128.76063501571
51,201204,3221.60883844775,2117,1455841.96022195,51,2012,4,3129.74991198343,3135.45969866841
51,201205,3257.76008551803,2178,1519908.87181483,51,2012,5,3169.66940425025,3143.0659129382
51,201206,2870.40320691214,1946,1367146.79009138,51,2012,6,3042.52777139967,3150.67212720799
51,201207,3197.961586792,2039,1430422.0425101,51,2012,7,3060.03479992727,3158.27834147777
51,201208,3372.9367312738,2127,1488564.10770366,51,2012,8,3313.71063095584,3167.29491559114
51,201209,2930.22278056642,1965,1412085.3934562,51,2012,9,3106.34632819083,3176.31148970451
51,201210,3292.03667620265,2108,1465110.62488743,51,2012,10,3170.5117855718,3185.32806381787
51,201211,3292.74307243385,2049,1464268.40187242,51,2012,11,3239.46448657723,3194.87375420959
51,201212,2808.38019042038,1896,1430038.27523465,51,2012,12,2999.74271827371,3204.41944460131
51,201301,3520.72491099476,2111,1448484.40478436,51,2013,1,3434.71616121607,3213.96513499303
51,201302,3447.5176027904,2109,1464533.48686945,51,2013,2,3408.33656310975,3218.63843764195
51,201303,2886.18267717211,2079,1461568.02458782,51,2013,3,3019.75396825746,3223.31174029087
51,201304,3491.27780833403,2200,1469080.21908103,51,2013,4,3404.00985535509,3227.98504293979
51,201305,3395.70572459953,2217,1527555.40038286,51,2013,5,3310.28636862634,3228.20844088562
51,201306,2883.34885630999,2116,1491442.0796992,51,2013,6,3052.90953857542,3228.43183883144
51,201307,3467.53202463294,2260,1524021.23330456,51,2013,7,3332.38837590264,3228.65523677727
51,201308,3203.29944483174,2231,1532435.64137275,51,2013,8,3143.26527281571,3225.69383930544
51,201309,2898.03208289138,2208,1514831.55252839,51,2013,9,3070.51142386165,3222.73244183362
51,201310,3542.16448662951,2236,1529708.33292562,51,2013,10,3423.55571203636,3219.77104436179
51,201311,3303.10691539061,2217,1564223.23075907,51,2013,11,3247.54301007707,3224.00422007229
51,201312,2910.86266096379,2052,1464112.59139101,51,2013,12,3097.39106611146,3228.23739578279
51,201401,3292.131800728,2161,1470699.28139485,51,2014,1,3209.90296276972,3232.47057149329
51,201402,3241.60944944642,2186,1556012.42927827,51,2014,2,3202.91008600005,3238.77707032455
51,201403,3014.87309315928,2103,1588480.4925311,51,2014,3,3144.87802308147,3245.08356915582
51,201404,3506.82093957359,2189,1498512.20327318,51,2014,4,3424.11383186838,3251.39006798708
51,201405,3428.49801714145,2250,1531843.52039132,51,2014,5,3345.68628227343,3253.02318644542
51,201406,3037.70432232237,2223,1630782.37040751,51,2014,6,3204.60153619849,3254.65630490376
51,201407,3512.54152001272,2254,1497754.69704886,51,2014,7,3380.04554127182,3256.28942336209
51,201408,3366.20489384118,2269,1519736.22889395,51,2014,8,3305.19552154106,3253.73650028627
51,201409,3069.0420804828,2294,1642179.56941127,51,2014,9,3237.67842577191,3251.18357721045
51,201410,3425.58680222965,2218,1494296.84197019,51,2014,10,3309.68028845465,3248.63065413464
51,201411,3262.85887057661,2174,1470544.73370885,51,2014,11,3204.78072439406,3239.79097094666
51,201412,3003.87949604966,2205,1618419.57722817,51,2014,12,3185.35580757525,3230.95128775868
51,201501,3260.21557337075,2202,1480720.47811292,51,2015,1,3185.61945786782,3222.11160457071
51,201502,3261.10494045525,2254,1574275.44290371,51,2015,2,3223.38509995121,3209.34361886521
51,201503,3035.04751925417,2145,1507729.96363425,51,2015,3,3159.23444984938,3196.5756331597
51,201504,3287.63558389406,2224,1528911.62343553,51,2015,4,3211.94353105406,3183.8076474542
51,201505,3285.46337502395,2178,1491970.7979766,51,2015,5,3206.42904196085,3168.95156848444
51,201506,3090.14072459936,2114,1462829.30328038,51,2015,6,3251.74652180869,3154.09548951469
51,201507,3323.92497509448,2206,1518475.91392463,51,2015,7,3194.30672987791,3139.23941054493
51,201508,3125.87148422276,2174,1506910.61013193,51,2015,8,3064.74772077978,3126.25797293083
51,201509,2951.55046768261,2057,1418179.10143681,51,2015,9,3113.74091104108,3113.27653531672
51,201510,3250.38147967774,2162,1546817.80672047,51,2015,10,3138.6956114309,3100.29509770262
51,201511,2948.86424959795,2118,1559770.75177749,51,2015,11,2888.01334481864,3089.82905165298
51,201512,2880.74083185859,1959,1462883.62280275,51,2015,12,3054.00100978892,3079.36300560335
51,201601,3108.63189986752,2043,1512153.90189623,51,2016,1,3041.88641052746,3068.89695955371
51,201602,2927.83957952375,2010,1503056.19949888,51,2016,2,2891.22935881079,3062.09186237272
51,201603,3047.83661951012,1913,1390657.22337829,51,2016,3,3166.24784076834,3055.28676519172
51,201604,3095.6154968252,2083,1588676.38934386,51,2016,4,3026.82780807751,3048.48166801073
51,201605,3143.66470515349,2102,1459062.84674293,51,2016,5,3068.14410235949,3050.47485840911
51,201606,2969.5789099632,2024,1432106.78011415,51,2016,6,3125.43316562895,3052.46804880749
51,201607,3225.07446948502,2045,1568950.81763659,51,2016,7,3097.67737957499,3054.46123920587
51,201608,2869.61832652066,2005,1423575.25835491,51,2016,8,2807.51414157468,3061.54961246547
51,201609,2852.97635431638,2066,1449147.43175538,51,2016,9,3007.64541324173,3068.63798572506
51,201610,3166.93203976945,2074,1571696.42465606,51,2016,10,3058.22220757268,3075.72635898465
51,201611,2782.48685375577,2082,1473066.00679244,51,2016,11,2717.44945392604,3083.6973087527
51,201612,2891.82498812844,2048,1450809.46392683,51,2016,12,3055.37200232548,3091.66825852075
51,201701,3185.21252061845,2044,1512090.33888432,51,2017,1,3137.47667893439,3099.6392082888
51,201702,3124.77335344433,2036,1442786.81187843,51,2017,2,3092.97856599091,3112.69412255825
51,201703,3106.75851663416,2052,1448535.49615487,51,2017,3,3202.64492494282,3125.74903682771
51,201704,3212.40563948114,2110,1579208.26471757,51,2017,4,3165.35155953483,3138.80395109716
51,201705,3063.84857044941,2110,1499964.84281081,51,2017,5,3006.06148750153,3154.51549746875
51,201706,3084.42442957865,2054,1502709.3372213,51,2017,6,3222.36851152116,3170.22704384035
51,201707,3358.95382795111,2157,1618228.82365525,51,2017,7,3242.61964072676,3185.93859021195
51,201708,3164.63896239345,2097,1562727.36645427,51,2017,8,3100.11190546317,3201.23525195343
51,201709,3158.76804135206,2071,1538764.72373182,51,2017,9,3293.38208090854,3216.53191369492
51,201710,3027.22133450114,2179,1622511.38331421,51,2017,10,2934.54464565497,3231.82857543641
51,201711,3237.7452419954,2200,1640966.58415588,51,2017,11,3163.13571836621,3239.25878554751
51,201712,3211.46388816359,2003,1556270.35303715,51,2017,12,3351.12213020204,3246.6889956586
51,201801,3300.3438519459,2061,1551861.24504142,51,2018,1,3272.26853630662,3254.1192057697
51,201802,3390.37715624916,2126,1603633.47163657,51,2018,2,3364.13411515044,3258.6933708808
51,201803,3393.28963243762,2002,1576322.66078137,51,2018,3,3467.47297559828,3263.2675359919
51,201804,3359.18866865002,2007,1581345.81237837,51,2018,4,3334.70920865366,3267.841701103
51,201805,3129.59288977666,2096,1570808.1466983,51,2018,5,3090.39960117055,3267.6145207213
51,201806,3092.44434979032,2083,1658245.02224015,51,2018,6,3213.32798896011,3267.38734033959
51,201807,3241.30544257781,2069,1672013.02637151,51,2018,7,3136.87334544456,3267.16015995788
51,201808,3460.57553142709,2261,1638769.12503981,51,2018,8,3394.44561128193,3257.3461975593
51,201809,3109.41733736051,2188,1625736.3449875,51,2018,9,3224.77718768154,3247.53223516072
51,201810,3370.84001169842,2138,1721925.6240566,51,2018,10,3294.97724430781,3237.71827276214
51,201811,3316.68028976512,2181,1631607.17364518,51,2018,11,3233.25936841299,3227.14373497115
51,201812,3142.08475643496,2092,1638519.11417552,51,2018,12,3258.59262399926,3216.56919718015
51,201901,3438.55060306732,2081,1682065.98117182,51,2019,1,3427.8245771978,3205.99465938915
51,201902,3195.76225931199,2164,1602562.00563253,51,2019,2,3168.65834587769,3197.04206100343
51,201903,3061.3260968147,2119,1650447.76499561,51,2019,3,3125.13140144917,3188.08946261771
51,201904,3115.73787461953,2158,1720916.87772478,51,2019,4,3115.22203928113,3179.13686423199
51,201905,3648.75326302887,2214,1669861.61910102,51,2019,5,3608.41506078822,3170.55394348816
51,201906,3000.82190621744,2172,1683366.84017993,51,2019,6,3114.26618606866,3161.97102274433
51,201907,3093.295923013,2185,1756983.2545513,51,2019,7,2996.21475518269,3153.38810200049
51,201908,3339.57919645868,2132,1689916.12204132,51,2019,8,3269.66203066582,3151.68600500306
51,201909,3073.9656101505,2106,1646945.26731975,51,2019,9,3177.79219484177,3149.98390800562
51,201910,3081.80237206702,2094,1725792.33294188,51,2019,10,3018.77625600605,3148.28181100819
51,201911,3391.60464260071,2107,1755975.95100593,51,2019,11,3299.85005702458,3155.66588629941
51,201912,3051.26419057481,1963,1657339.14033317,51,2019,12,3153.41562708866,3163.04996159063
51,202001,3065.90317658564,2233,1713661.39872327,51,2020,1,3072.2504620927,3170.43403688184
51,202002,3516.51205412644,2151,1757958.30807322,51,2020,2,3488.31851397593,3176.29447264313
51,202003,2963.6923102044,1384,1571971.19043264,51,2020,3,3016.9380459446,3182.15490840443
51,202004,3189.38251619388,1438,1657846.97642066,51,2020,4,3212.78086899719,3188.01534416572
51,202005,3492.54422548987,1418,1692601.55088399,51,2020,5,3451.14376695029,3187.45336587166
51,202006,3047.3121928931,1152,1473052.51581975,51,2020,6,3153.5869782362,3186.89138757761
51,202007,3334.32220976944,1354,1534909.28803154,51,2020,7,3245.04904352738,3186.32940928355
51,202008,3570.02894995397,1336,1692255.90330414,51,2020,8,3496.98888873552,3175.60185978396
51,202009,3046.83151505424,1257,1568375.75759498,51,2020,9,3139.99646227464,3164.87431028438
51,202010,3351.70314804082,1229,1541141.80064573,51,2020,10,3302.55021983355,3154.14676078479
51,202011,3301.77404870946,1322,1743175.30795968,51,2020,11,3202.88724379857,3132.6459301983
51,202012,3006.62001070956,1235,1581221.04976358,51,2020,12,3095.68459420375,3111.14509961181
51,202101,3037.0038574474,1113,1465687.59424099,51,2021,1,3046.3861052563,3089.64426902532
51,202102,3498.51972656813,1105,1673387.90796848,51,2021,2,3466.91490885875,3072.92100740235
51,202103,2974.02633416567,1049,1622980.16998843,51,2021,3,3031.87317602032,3056.19774577938
51,202104,2831.63770502672,1044,1479788.03447704,51,2021,4,2866.25545437484,3039.4744841564
51,202105,3504.89035994069,1050,1686598.30716919,51,2021,5,3454.38957282808,3032.34441538086
51,202106,2922.63395462854,1550,1681521.06070127,51,2021,6,3030.84665342415,3025.21434660531
51,202107,2829.29520281056,1443,1597319.56592426,51,2021,7,2736.46771103416,3018.08427782977
51,202108,2980.63119271212,1564,1719648.54329879,51,2021,8,2912.07867071569,3028.50931921919
51,202109,3050.29208490524,1805,1809382.77694013,51,2021,9,3140.68773607015,3038.93436060861
51,202110,2784.87972079537,1690,1671838.3075946,51,2021,10,2734.85422566983,3049.35940199803
51,202111,3176.08875769731,1641,1786330.03666478,51,2021,11,3080.10446203791,3078.72692784714
51,202112,3019.41815879176,1850,1768321.01633713,51,2021,12,3105.87048617383,3108.09445369624
51,202201,2883.52000599745,1733,1714744.99257587,51,2022,1,2895.24845969324,3137.46197954535
51,202202,3127.570850317,1626,1750484.80037277,51,2022,2,3091.82905216642,3172.9832356967
51,202203,3260.64578221038,1872,1741973.50162134,51,2022,3,3322.33108082977,3208.50449184805
51,202204,3200.18029160058,1857,1828660.83053528,51,2022,4,3245.29160141804,3244.0257479994
51,202205,3240.84666246002,1826,1874551.44850062,51,2022,5,3180.55652397317,3276.07610215251
51,202206,3301.77481102499,2026,1829377.32890986,51,2022,6,3411.30786157836,3308.12645630562
51,202207,3551.22266063112,1940,1803896.88411879,51,2022,7,3454.29474273209,3340.17681045874
51,202208,3512.50876500745,1858,1855531.48828316,51,2022,8,3447.97590418469,3365.37686119578
51,202209,3299.05026802889,1986,1842523.60451116,51,2022,9,3386.28696762989,3390.57691193282
51,202210,3487.25911288408,1906,1845153.92853077,51,2022,10,3436.03289607228,3415.77696266986
51,202211,3541.55416147451,1846,1858041.19868611,51,2022,11,3448.20572103909,3434.50051710052
51,202212,3430.39818559277,1884,1815722.59775408,51,2022,12,3514.00467682359,3453.22407153119
51,202301,3339.52385465942,1772,1750691.80730277,51,2023,1,3353.78177771983,3471.94762596185
51,202302,3417.81146365176,1813,1847727.71617551,51,2023,2,3381.36857761935,3486.78686691773
51,202303,3586.35813844771,2023,1886250.50335887,51,2023,3,3648.85906339301,3501.62610787361
51,202304,3281.39236785312,1859,1799515.70737549,51,2023,4,3331.59008270923,3516.46534882949
51,202305,3641.0425170962,1941,1837702.59184251,51,2023,5,3577.40658399686,3536.40786732714
51,202306,3606.80267169343,2089,1899367.75905241,51,2023,6,3715.80026892707,3556.35038582478
51,202307,3604.07500532693,2004,2002612.44022953,51,2023,7,3505.57773612742,3576.29290432242
51,202308,3606.28684016977,1987,1800064.86571892,51,2023,8,3543.12056178861,3598.58935872439
51,202309,3606.33492589867,2028,1879251.24080165,51,2023,9,3691.76755872421,3620.88581312636
51,202310,3480.0652823633,2068,2086597.16986344,51,2023,10,3428.82844778068,3643.18226752832
51,202311,3763.18831946595,2051,1880753.13607603,51,2023,11,3670.28010460288,3657.45183062541
51,202312,3639.71684256938,2050,1918047.88368347,51,2023,12,3721.83693235699,3671.7213937225
51,202401,3732.95971115115,1995,1955511.68609069,51,2024,1,3749.59746174438,3685.99095681958
51,202402,3920.91194820261,2120,1993120.19143754,51,2024,2,3883.6413441827,3693.68519785041
51,202403,3564.04493173162,2148,1931082.69780773,51,2024,3,3627.2578646233,3701.37943888123
51,202404,3817.07595357616,2151,1992141.5268884,51,2024,4,3872.28138842146,3709.07367991206
51,202405,3823.15944951624,2128,2079162.56093094,51,2024,5,3756.12397008503,3709.39872124279
51,202406,3507.48616336879,2146,1854549.43435654,51,2024,6,3615.91831052588,3709.72376257353
51,202407,3820.71743404836,2130,1942299.21121171,51,2024,7,3720.64457175409,3710.04880390426
51,202408,3825.20384716636,2105,2184545.66938305,51,2024,8,3763.41636809128,3704.20963238718
51,202409,3479.93928984306,2088,1873044.41121235,51,2024,9,3563.59853141642,3698.3704608701
51,202410,3786.92096171659,2074,2005799.62329909,51,2024,10,3735.71496533793,3692.53128935302
51,202411,3762.04276548272,2033,2153956.4026557,51,2024,11,3669.62701261827,3690.72948965622
51,202412,3558.4405386695,1930,1796920.80790952,51,2024,12,3639.13048010962,3688.92768995941
51,202501,3733.60535162868,2052,1918305.33924046,51,2025,1,3752.1939864843,3687.12589026261
51,202502,3741.37932383411,2009,2068857.1898964,51,2025,2,3703.70399522555,3691.50836100804
51,202503,3575.31088175313,1999,1832013.88132077,51,2025,3,3638.74689838003,3695.89083175347
51,202504,3481.39062249254,2138,2037020.39161425,51,2025,4,3540.16310397268,3700.2733024989
51,202505,3833.20172836609,1949,2056236.84123149,51,2025,5,3763.71001734255,3705.19250378703
51,202506,3573.56555074377,1998,1868988.17237454,51,2025,6,3681.34064205434,3710.11170507516
51,202507,3959.93037328543,2200,1951617.16533774,51,2025,7,3858.58997667191,3715.03090636329
51,202508,3624.39078467925,2157,2162016.04372478,51,2025,8,3563.7282680809,3720.52633722719
51,202509,3715.00339737638,2097,1965418.64605965,51,2025,9,3797.58641363517,3726.02176809109
51,202510,3844.33748492683,2273,2092289.25337238,51,2025,10,3793.33777658887,3731.51719895499
51,202511,3731.5658304414,2055,2151497.23753333,51,2025,11,3639.71935435077,3737.38857347795
51,202512,3693.9508272787,2013,1910700.14169178,51,2025,12,3773.61594477365,3743.25994800091
52,201201,2810.17511701572,2794,3013770.62788807,52,2012,1,2965.10197849482,2961.36694648605
52,201202,3179.37406703834,2304,2739373.72481603,52,2012,2,3036.64241651281,2967.78160700616
52,201203,2897.61048472991,2571,2971442.55602274,52,2012,3,2865.54607518924,2974.19626752627
52,201204,2952.78442692077,2882,3114179.49329219,52,2012,4,3085.40491329481,2980.61092804638
52,201205,2980.20580227224,2586,2976650.52583038,52,2012,5,2916.23479296026,2987.10166981207
52,201206,2924.33438853896,2653,2935595.10072842,52,2012,6,2919.64638388317,2993.59241157777
52,201207,2965.53945463905,2847,3085361.09418956,52,2012,7,3083.74402160252,3000.08315334347
52,201208,3142.62759719972,2579,2909603.87849313,52,2012,8,3014.44775193843,3006.65934470109
52,201209,3027.11329043334,2790,3032086.93797739,52,2012,9,2984.94888997159,3013.23553605872
52,201210,2899.0567870251,3027,3050906.60570318,52,2012,10,3036.2668860633,3019.81172741634
52,201211,3050.9782540772,2779,3004071.49141488,52,2012,11,2952.17761316551,3028.52943211697
52,201212,3101.54677266337,2808,2980990.03026249,52,2012,12,3071.84153981204,3037.2471368176
52,201301,3040.77245966146,2980,2949359.3842639,52,2013,1,3196.06791571821,3045.96484151823
52,201302,3066.52755452847,2802,3018917.13922005,52,2013,2,2923.14417669611,3057.20323688213
52,201303,3061.03395693343,2913,3068927.57929742,52,2013,3,3027.57203112305,3068.44163224602
52,201304,3014.6315142036,3012,3011842.90999963,52,2013,4,3149.96815236533,3079.68002760992
52,201305,3035.75602491347,2794,3041722.50987627,52,2013,5,2968.39063800824,3086.81913923121
52,201306,3131.80700970506,2801,2956388.23981474,52,2013,6,3124.8425398359,3093.9582508525
52,201307,2991.20170813998,3015,3158677.82870402,52,2013,7,3112.67392876129,3101.0973624738
52,201308,3295.54841238478,2704,3006794.17570385,52,2013,8,3167.94474552142,3105.59923256516
52,201309,3185.7747102337,2823,3057251.32802246,52,2013,9,3143.34057447897,3110.10110265653
52,201310,3066.0211577519,3138,3190528.67476924,52,2013,10,3205.25049972007,3114.60297274789
52,201311,3313.29723879864,2779,3073818.60910946,52,2013,11,3214.98944843446,3116.89346111476
52,201312,2994.30434690743,2856,3115400.33238777,52,2013,12,2963.24214961905,3119.18394948162
52,201401,2879.97153946063,3171,3172398.08565914,52,2014,1,3035.61893948981,3121.47443784849
52,201402,3171.11892728543,2885,3074586.53433798,52,2014,2,3027.06677437029,3119.50778974914
52,201403,3288.85590175018,2877,3022734.0497645,52,2014,3,3253.97901472345,3117.54114164979
52,201404,3017.02703603278,3160,3215736.5037931,52,2014,4,3155.06450627901,3115.57449355043
52,201405,3201.36814735076,2823,3017119.78344344,52,2014,5,3130.5951883925,3113.68004084488
52,201406,2907.59681367341,2828,3094715.40162206,52,2014,6,2898.34705357279,3111.78558813933
52,201407,3123.49691325049,3138,3202210.86315422,52,2014,7,3248.23233195322,3109.89113543378
52,201408,3251.74367022166,2843,3055473.82038291,52,2014,8,3124.71729970783,3105.00653448943
52,201409,3037.27270613664,2919,3185277.80556226,52,2014,9,2994.57552656852,3100.12193354508
52,201410,3138.48088807979,3176,3211909.11664936,52,2014,10,3279.74085911784,3095.23733260072
52,201411,3220.93405444385,2953,3166370.62054706,52,2014,11,3123.13519542738,3084.30300599982
52,201412,3033.32912279933,2919,3227360.58057826,52,2014,12,3000.92908699268,3073.36867939892
52,201501,2951.68669551909,3117,3135150.60977521,52,2015,1,3108.2835941983,3062.43435279802
52,201502,3292.10191250513,2887,3115425.36296141,52,2015,2,3147.75756981154,3048.88859934992
52,201503,2967.22208346492,2855,3167051.85322053,52,2015,3,2929.40633576647,3035.34284590183
52,201504,2940.40594032094,3160,3197383.02249974,52,2015,4,3083.17040062464,3021.79709245374
52,201505,2959.18927844922,2850,3106877.77973959,52,2015,5,2882.68675291502,3004.23684493442
52,201506,2989.28934015355,2860,3130883.81803435,52,2015,6,2976.34057766967,2986.6765974151
52,201507,2927.8916689317,3087,3140104.97136702,52,2015,7,3057.67603252119,2969.11634989578
52,201508,3060.31525974245,2879,3180381.59400636,52,2015,8,2933.74813267984,2953.84768266959
52,201509,3092.39588582805,2842,3205142.60568682,52,2015,9,3049.22798174556,2938.57901544339
52,201510,2738.54157942957,2979,3131090.14223504,52,2015,10,2882.94554636536,2923.31034821719
52,201511,2948.72202275346,2836,3187302.42971651,52,2015,11,2851.232133918,2914.74252493655
52,201512,2908.44062344658,2827,3239985.13782889,52,2015,12,2874.83858140597,2906.17470165591
52,201601,2668.73087349249,2950,3077731.6901022,52,2016,1,2826.229509881,2897.60687837527
52,201602,3011.77630061641,2798,3175763.51166324,52,2016,2,2867.09459914007,2894.43253174516
52,201603,2943.96224756514,2842,3171226.90368105,52,2016,3,2903.16506212713,2891.25818511506
52,201604,2620.91155121853,2976,3155483.67132168,52,2016,4,2768.37398400055,2888.08383848495
52,201605,2980.29572467944,2813,3302465.56629101,52,2016,5,2898.04817447887,2894.95099969324
52,201606,3015.92153850771,2819,3082283.83140518,52,2016,6,2999.27552099053,2901.81816090153
52,201607,2676.67913184852,2974,3129223.67001226,52,2016,7,2811.53139311516,2908.68532210982
52,201608,3112.54962714196,2772,3202379.12116206,52,2016,8,2986.46731997469,2921.52046700565
52,201609,2940.9235561266,2797,3035720.3744861,52,2016,9,2897.31712762762,2934.35561190147
52,201610,2662.14303281114,2946,3036627.22219138,52,2016,10,2809.71030009368,2947.1907567973
52,201611,3096.14384387112,2779,3265287.10407489,52,2016,11,2998.96933401678,2957.87092737375
52,201612,3077.33500494927,2754,3134693.69252747,52,2016,12,3042.50532202575,2968.5510979502
52,201701,2746.08642983101,2961,3006669.00418457,52,2017,1,2907.51467452829,2979.23126852665
52,201702,3189.95067064785,2754,3188274.96700266,52,2017,2,3040.63075860937,2987.66458779906
52,201703,3150.04855773759,2812,3095696.92784883,52,2017,3,3103.78220667968,2996.09790707147
52,201704,2798.12699573391,2986,3035247.19557098,52,2017,4,2959.93200843699,3004.53122634388
52,201705,3244.75029947759,2820,3342127.97557727,52,2017,5,3144.41347747396,3010.99332770414
52,201706,2970.11242523979,2867,3276773.76526839,52,2017,6,2943.10274200297,3017.4554290644
52,201707,2886.60317873345,3111,3185122.31448342,52,2017,7,3036.49930117605,3023.91753042466
52,201708,2999.28412870175,2849,3432475.5258297,52,2017,8,2875.24362035639,3023.28613219679
52,201709,3120.50593196181,2880,3365181.45425708,52,2017,9,3075.12613188084,3022.65473396893
52,201710,2893.26832304005,2988,3066395.84497599,52,2017,10,3052.83524517622,3022.02333574107
52,201711,3125.27425460043,2782,3351484.40408826,52,2017,11,3030.76692393786,3018.48971877756
52,201712,3124.57287053586,2847,3427344.87397383,52,2017,12,3081.97383042871,3014.95610181406
52,201801,2937.02253770214,2970,3085202.99491861,52,2018,1,3102.02872910413,3011.42248485055
52,201802,3136.06587710528,2697,3256095.42625385,52,2018,2,2981.80919801802,3007.45848037628
52,201803,2936.12961351255,2822,3367314.86398948,52,2018,3,2884.1486454655,3003.49447590201
52,201804,2842.86615385891,2869,3067285.0404726,52,2018,4,3018.8047291548,2999.53047142774
52,201805,3156.44164010837,2733,3301613.25407852,52,2018,5,3037.84296301445,2996.88528849731
52,201806,3007.69272830658,2785,3460445.3092638,52,2018,6,2970.1701845822,2994.24010556688
52,201807,2751.0806170895,2899,3128311.35956052,52,2018,7,2915.89479445947,2991.59492263644
52,201808,3085.71678778664,2820,3366075.35163686,52,2018,8,2963.61881453486,2992.77507382184
52,201809,2993.59091764489,2887,3443704.72887529,52,2018,9,2946.36502477384,2993.95522500724
52,201810,2821.139319584,2906,3164891.15834279,52,2018,10,2992.65587220324,2995.13537619263
52,201811,3131.28024404544,2799,3345363.17257345,52,2018,11,3039.4127650416,2995.60341040098
52,201812,3067.35228794757,2789,3502683.10490079,52,2018,12,3016.97653666105,2996.07144460932
52,201901,2860.66623352391,3007,3313286.27825535,52,2019,1,3010.18761796393,2996.53947881766
52,201902,3218.10445101543,2678,3131166.96850437,52,2019,2,3070.10267728367,2995.19931429527
52,201903,3117.16531201018,2820,3405054.79140573,52,2019,3,3083.93951305145,2993.85914977288
52,201904,2795.96851655086,2990,3284867.04710747,52,2019,4,2967.68404915068,2992.51898525048
52,201905,2964.1527915442,2720,3225765.22496567,52,2019,5,2835.39913710758,2989.71375779628
52,201906,3121.00967613437,2818,3383072.97343597,52,2019,6,3088.74497740941,2986.90853034208
52,201907,2803.56271237052,3114,3413542.77477112,52,2019,7,2967.45164696359,2984.10330288788
52,201908,2960.42254332385,2737,3284521.47500785,52,2019,8,2832.11469769352,2985.41313820517
52,201909,3023.84756253689,2801,3296435.20447672,52,2019,9,2983.59592150047,2986.72297352247
52,201910,2844.51538475146,3078,3403171.21945343,52,2019,10,3009.46092841299,2988.03280883976
52,201911,2970.27747350615,2667,3292535.21171797,52,2019,11,2875.25827286401,2997.62329325111
52,201912,3088.95648880592,2736,3364365.32099267,52,2019,12,3046.38198126896,3007.21377766246
52,202001,2843.6253387795,2925,3297415.16240737,52,2020,1,2978.07591356777,3016.80426207381
52,202002,3108.45355321534,2599,3314446.88444087,52,2020,2,2967.04917836233,3026.23593222603
52,202003,3219.77345154526,2007,3151007.86234331,52,2020,3,3205.57381141112,3035.66760237824
52,202004,2842.50604130807,1940,3144541.71075261,52,2020,4,3010.20189805448,3045.09927253046
52,202005,3225.87935233792,1690,2947140.91108784,52,2020,5,3087.10646450766,3046.25995761613
52,202006,3261.87352216553,1664,2951898.96631038,52,2020,6,3234.94599633088,3047.4206427018
52,202007,2849.07675083555,1761,2945644.58088741,52,2020,7,3012.0633544844,3048.58132778747
52,202008,3280.52979179586,1632,3093627.80615899,52,2020,8,3146.00845534377,3043.97010203594
52,202009,3186.3097013814,1720,3137777.21094956,52,2020,9,3153.00216346051,3039.35887628441
52,202010,2664.59316960569,1706,3255864.25014268,52,2020,10,2822.95603974399,3034.74765053288
52,202011,3120.40728641117,1469,3217732.98713664,52,2020,11,3022.2431837188,3023.15061065549
52,202012,3052.94556545375,1566,3061316.30170331,52,2020,12,3018.23068131305,3011.5535707781
52,202101,2735.11832771955,1582,3144873.74355501,52,2021,1,2861.95498629129,2999.95653090071
52,202102,3185.90410558787,1364,3454685.79631209,52,2021,2,3051.32582506349,2984.91736590729
52,202103,2952.26525065373,1586,3051350.82623372,52,2021,3,2949.77514883385,2969.87820091387
52,202104,2840.89664296135,1650,3158175.36418599,52,2021,4,3001.42782432936,2954.83903592044
52,202105,3237.56227492298,1536,3617956.77914761,52,2021,5,3092.8460378406,2941.13733649192
52,202106,2855.26562652077,1787,3144000.40152118,52,2021,6,2834.31930892723,2927.43563706341
52,202107,2754.09493898933,2021,3410178.09230745,52,2021,7,2909.3034793868,2913.73393763489
52,202108,3114.63339044272,2096,3677487.21051351,52,2021,8,2974.79106169784,2899.8232809481
52,202109,2822.33101112062,2297,3296446.22603999,52,2021,9,2798.32828240966,2885.9126242613
52,202110,2749.72500085937,2491,3542672.48656401,52,2021,10,2903.66847432713,2872.00196757451
52,202111,2895.03423431174,2371,3724856.49740395,52,2021,11,2792.67221532351,2868.32957598172
52,202112,2815.58890399347,2481,3342463.03762071,52,2021,12,2789.39661773642,2864.65718438893
52,202201,2777.01083678918,2579,3497443.3537341,52,2022,1,2896.31789305373,2860.98479279614
52,202202,2903.48448313991,2359,3775795.00747456,52,2022,2,2775.78734672926,2875.73278469973
52,202203,2822.51869484464,2510,3435602.66749685,52,2022,3,2831.76391699987,2890.48077660331
52,202204,2619.75547860431,2741,3659423.8944375,52,2022,4,2773.12452731838,2905.2287685069
52,202205,2904.56770677332,2579,3919187.39667098,52,2022,5,2753.88742022691,2933.42062443652
52,202206,2971.67948818345,2605,3550825.99057421,52,2022,6,2956.67822275048,2961.61248036614
52,202207,2838.8797557357,2788,3839101.86466266,52,2022,7,2986.25862093259,2989.80433629577
52,202208,3218.86889338096,2533,3825987.40761202,52,2022,8,3073.639370615,3023.32831920339
52,202209,3080.33775272274,2638,3743100.44862331,52,2022,9,3065.55904171436,3056.85230211102
52,202210,2963.74041156622,2606,3712120.31946867,52,2022,10,3113.16924805961,3090.37628501865
52,202211,3374.90018512015,2269,3608194.1757997,52,2022,11,3268.23056073578,3118.11774695342
52,202212,3115.41297909828,2456,3689831.34426238,52,2022,12,3097.61797303664,3145.85920888819
52,202301,3224.19147788275,2506,3668318.25397358,52,2023,1,3340.62724152648,3173.60067082296
52,202302,3362.7505488142,2319,3714417.67848303,52,2023,2,3237.59927120636,3192.36805879845
52,202303,3127.07108257992,2521,3821323.59071077,52,2023,3,3140.85709234883,3211.13544677395
52,202304,3197.19419391285,2533,3801696.72220563,52,2023,4,3347.92315475764,3229.90283474945
52,202305,3352.86327807013,2371,3729480.98046516,52,2023,5,3200.23828591773,3243.39543034416
52,202306,3237.93676620692,2520,3786366.44961798,52,2023,6,3225.33564803768,3256.88802593887
52,202307,3076.44625510025,2552,3797601.5837777,52,2023,7,3221.04045361862,3270.38062153358
52,202308,3400.81989791562,2391,3823629.26440433,52,2023,8,3252.75946674259,3281.49771789223
52,202309,3411.36354989919,2508,3777933.78433791,52,2023,9,3399.72586604574,3292.61481425089
52,202310,3144.89450440527,2601,3970766.01255511,52,2023,10,3292.50015634968,3303.73191060955
52,202311,3362.26805848876,2389,3758395.03082118,52,2023,11,3253.95092374005,3316.62055480848
52,202312,3423.86624782126,2469,3825417.43008081,52,2023,12,3409.48376838342,3329.50919900741
52,202401,3286.34101076963,2659,3871934.83588724,52,2024,1,3399.89401542326,3342.39784320634
52,202402,3440.49454894735,2426,3762286.0992063,52,2024,2,3317.90192902567,3353.26297504055
52,202403,3270.86086026896,2555,3852480.82732716,52,2024,3,3289.22472178756,3364.12810687477
52,202404,3218.73345357188,2746,4019886.10306297,52,2024,4,3366.87408075204,3374.99323870898
52,202405,3621.60703337594,2483,3644094.88111485,52,2024,5,3467.10377989084,3382.67641175523
52,202406,3375.90821157755,2535,3897032.91399918,52,2024,6,3365.7782789778,3390.35958480149
52,202407,3379.90043909845,2811,4112511.82106187,52,2024,7,3521.78560327653,3398.04275784774
52,202408,3499.18136628387,2452,3608712.43211635,52,2024,8,3348.35870567277,3407.09968478001
52,202409,3211.12686110794,2464,3759754.19883419,52,2024,9,3202.69193000924,3416.15661171228
52,202410,3465.85991619927,2744,4072091.73090445,52,2024,10,3611.69043322821,3425.21353864455
52,202411,3565.75047239396,2382,3602570.99939777,52,2024,11,3455.82020094815,3438.5942615183
52,202412,3354.06298641439,2390,3729392.88216444,52,2024,12,3343.11470781938,3451.97498439204
52,202501,3374.97542991418,2670,3900366.8846959,52,2025,1,3485.97384722542,3465.35570726579
52,202502,3501.70859813034,2409,3681148.05916031,52,2025,2,3381.00028802523,3481.28477453818
52,202503,3364.52067926174,2556,3881689.33784593,52,2025,3,3386.66626412138,3497.21384181057
52,202504,3492.6161280323,2746,4053833.5726492,52,2025,4,3638.70360218496,3513.14290908296
52,202505,3739.29673647435,2365,3734789.98117429,52,2025,5,3583.48895276558,3529.43645536415
52,202506,3275.52178475768,2477,3826016.7256753,52,2025,6,3267.47785497502,3545.73000164535
52,202507,3543.03001825928,2707,4004761.77964829,52,2025,7,3682.69935027336,3562.02354792655
52,202508,3833.53017109444,2267,3639643.74309579,52,2025,8,3680.89558723297,3578.8009907816
52,202509,3453.15126724851,2502,3939408.95323551,52,2025,9,3447.10191604675,3595.57843363666
52,202510,3448.94669310149,2692,3891535.31771638,52,2025,10,3593.13268998295,3612.35587649172
52,202511,3827.42919248396,2079,3713820.7800666,52,2025,11,3716.23307789179,3628.96420569787
52,202512,3576.62026516924,2491,4113021.09330772,52,2025,12,3568.23821634627,3645.57253490402
53,201201,6373.42639003072,1462,1389809.1391246,53,2012,1,5894.46179088902,5970.95327260617
53,201202,6062.44682405345,1364,1265622.23628028,53,2012,2,6477.28567973238,5962.83125830412
53,201203,5265.42231594971,1268,1208842.22313005,53,2012,3,5399.25600974038,5954.70924400207
53,201204,6624.26268678502,1401,1284753.34902309,53,2012,4,6104.87365757618,5946.58722970001
53,201205,5743.44333693194,1541,1301331.6519845,53,2012,5,6027.57813540574,5939.7465104747
53,201206,5338.45971572034,1529,1284309.32119841,53,2012,6,5531.63291063359,5932.90579124938
53,201207,6848.4257535402,1500,1320285.97342783,53,2012,7,6403.35482950759,5926.06507202406
53,201208,5377.08237644623,1563,1286655.16086068,53,2012,8,5850.70217059192,5920.14129811526
53,201209,5251.12639838865,1549,1299413.27097957,53,2012,9,5367.78989717985,5914.21752420645
53,201210,7153.43004404561,1430,1306330.47093822,53,2012,10,6513.75980463988,5908.29375029765
53,201211,5428.90662104257,1547,1313689.7000139,53,2012,11,5745.47761185553,5905.50637834634
53,201212,5433.98948684791,1495,1293028.25126319,53,2012,12,5578.07601359609,5902.71900639503
53,201301,6629.58069616524,1473,1318055.65001848,53,2013,1,6160.00671792672,5899.93163444373
53,201302,5530.98116769865,1464,1275709.21147025,53,2013,2,5948.59999658031,5895.82552374793
53,201303,5500.9127404437,1561,1308542.4114595,53,2013,3,5618.45645293116,5891.71941305214
53,201304,6878.1061422699,1530,1328266.80067456,53,2013,4,6373.32977264637,5887.61330235634
53,201305,5722.67847410096,1591,1341899.40908059,53,2013,5,6007.31764494401,5878.42863340454
53,201306,5444.17884439745,1589,1309705.19297824,53,2013,6,5622.7831399887,5869.24396445274
53,201307,6546.3134715475,1551,1346225.10877689,53,2013,7,6119.97169511987,5860.05929550094
53,201308,5255.63402553671,1630,1395634.7261507,53,2013,8,5723.12234952688,5833.15096649231
53,201309,5495.26506619173,1678,1361266.65902401,53,2013,9,5599.10281580178,5806.24263748369
53,201310,6691.10072195926,1561,1370520.95279361,53,2013,10,6067.04664158769,5779.33430847507
53,201311,5543.89225304795,1528,1322593.71834244,53,2013,11,5857.96082178058,5742.99473532938
53,201312,5614.64141979124,1575,1386784.21870638,53,2013,12,5748.80125608173,5706.65516218368
53,201401,6238.501819592,1580,1311724.62763425,53,2014,1,5778.36683820012,5670.31558903798
53,201402,5074.68939275771,1590,1363375.02067552,53,2014,2,5495.11425298854,5638.59973023328
53,201403,5344.67544938343,1673,1354802.95459806,53,2014,3,5445.93292091711,5606.88387142857
53,201404,6150.41189703841,1495,1282883.22859914,53,2014,4,5660.21984869762,5575.16801262387
53,201405,5214.86322750135,1598,1423527.97728584,53,2014,5,5499.94635375909,5556.83865469537
53,201406,5054.97018175232,1631,1340095.42017517,53,2014,6,5218.91100571362,5538.50929676688
53,201407,6050.28463314305,1534,1355248.02829371,53,2014,7,5642.54327665907,5520.17993883838
53,201408,5020.54144713123,1539,1382563.41893641,53,2014,8,5481.73927129515,5524.25789633897
53,201409,4989.22169714946,1582,1316230.46688637,53,2014,9,5080.04436589824,5528.33585383957
53,201410,6351.23146345247,1464,1295563.55337682,53,2014,10,5742.59041522443,5532.41381134017
53,201411,5258.01191873826,1463,1352236.09192538,53,2014,11,5569.36114328943,5548.87772468056
53,201412,5020.32544731372,1525,1298485.21648815,53,2014,12,5144.35592404291,5565.34163802095
53,201501,6647.74246686898,1395,1301919.35221533,53,2015,1,6201.61775284492,5581.80555136133
53,201502,5280.73842865447,1475,1312391.32778712,53,2015,2,5707.48796136794,5602.92309681414
53,201503,5215.50732161291,1672,1301587.120359,53,2015,3,5289.01846732052,5624.04064226694
53,201504,7061.85595293251,1558,1365790.3105575,53,2015,4,6596.07231752167,5645.15818771974
53,201505,5406.3064617846,1517,1327091.38291966,53,2015,5,5691.09909555588,5655.24300978863
53,201506,5163.36871105865,1593,1242155.74019226,53,2015,6,5304.04276653164,5665.32783185751
53,201507,6439.26219794514,1558,1377877.34267578,53,2015,7,6063.68087731502,5675.4126539264
53,201508,5171.41651590146,1497,1314376.48801098,53,2015,8,5620.34219702715,5677.21481159227
53,201509,5725.19833336678,1611,1229929.82228433,53,2015,9,5793.72297366582,5679.01696925815
53,201510,6388.26586693263,1543,1363050.47566059,53,2015,10,5808.28040657255,5680.81912692402
53,201511,5285.59733852164,1470,1335747.38084,53,2015,11,5590.16651249018,5683.93655997525
53,201512,5552.04980171946,1620,1272949.63371048,53,2015,12,5660.11027859039,5687.05399302648
53,201601,6043.49268109404,1498,1336100.26068051,53,2016,1,5611.57252210581,5690.17142607771
53,201602,4883.53128790191,1493,1357045.46743235,53,2016,2,5316.66711525872,5684.42250333988
53,201603,6035.68503359106,1636,1278724.54407683,53,2016,3,6081.37881012596,5678.67358060206
53,201604,6080.35079339451,1483,1303825.49939688,53,2016,4,5638.71976020133,5672.92465786423
53,201605,5289.30358906579,1526,1365307.28183664,53,2016,5,5573.36515227263,5660.50828172575
53,201606,5744.42288761316,1654,1279981.64820628,53,2016,6,5861.20309382927,5648.09190558727
53,201607,6107.18089424586,1549,1370044.73625938,53,2016,7,5762.9460260104,5635.67552944879
53,201608,5314.10814184031,1487,1367031.83962346,53,2016,8,5749.79140690293,5617.13676306536
53,201609,5575.01252129056,1657,1294413.54330621,53,2016,9,5620.11217054941,5598.59799668193
53,201610,5864.6464770242,1502,1307949.91250366,53,2016,10,5312.12584054031,5580.05923029849
53,201611,5517.89237425348,1494,1354627.5928688,53,2016,11,5814.42693224627,5565.29248429508
53,201612,5255.4058617483,1671,1315199.75590983,53,2016,12,5346.32162455941,5550.52573829168
53,201701,5688.9267401701,1462,1324105.28307623,53,2017,1,5307.86584022072,5535.75899228827
53,201702,5308.70444543047,1486,1321280.75977813,53,2017,2,5749.91691588742,5534.76435179011
53,201703,5235.52108764305,1680,1346417.83192726,53,2017,3,5201.45637730372,5533.76971129196
53,201704,5592.11170014993,1498,1325130.83319131,53,2017,4,5226.19413492004,5532.7750707938
53,201705,5347.62453380366,1537,1333817.60076517,53,2017,5,5627.27839465229,5550.92829744165
53,201706,5782.55695398041,1627,1384449.46974589,53,2017,6,5828.25624963008,5569.0815240895
53,201707,5797.70058958829,1488,1343525.96807914,53,2017,7,5543.01854989676,5587.23475073735
53,201708,5044.12162144015,1545,1386130.6186293,53,2017,8,5441.62914661103,5617.17538003
53,201709,5774.77353536219,1565,1319568.06984146,53,2017,9,5754.28299853981,5647.11600932265
53,201710,6245.40249283457,1482,1333384.54140687,53,2017,10,5778.05834260083,5677.0566386153
53,201711,5156.59497855187,1524,1359658.46633707,53,2017,11,5436.58445851644,5685.87894358965
53,201712,5811.06966588823,1470,1293089.56005904,53,2017,12,5856.56465068071,5694.70124856399
53,201801,6313.52725996873,1466,1344604.34376059,53,2018,1,5984.7777042645,5703.52355353834
53,201802,4867.52265350106,1472,1320451.70413797,53,2018,2,5318.08648870184,5698.25393083117
53,201803,6526.72148955736,1493,1307786.43231931,53,2018,3,6413.99565042487,5692.984308124
53,201804,6490.5697399788,1465,1359615.4020349,53,2018,4,6201.17500420501,5687.71468541683
53,201805,4626.96852973678,1540,1378023.85654087,53,2018,5,4902.73605313173,5682.58692347945
53,201806,5750.08338082004,1542,1335728.15465489,53,2018,6,5724.91692104395,5677.45916154208
53,201807,5764.68061427392,1488,1411314.71348009,53,2018,7,5599.4603485031,5672.3313996047
53,201808,4966.07068933004,1522,1378369.0174441,53,2018,8,5325.03780372967,5660.11256174773
53,201809,5857.27015657673,1563,1359985.38999112,53,2018,9,5770.55114653735,5647.89372389076
53,201810,5963.37821197374,1531,1437605.97112286,53,2018,10,5580.38231854134,5635.67488603379
53,201811,5107.75167243684,1464,1375324.38114954,53,2018,11,5370.17790261136,5622.7317302558
53,201812,6066.65816985409,1529,1365216.20077897,53,2018,12,6065.64211457223,5609.7885744778
53,201901,5945.07406173955,1506,1400658.74426423,53,2019,1,5729.61387793871,5596.84541869981
53,201902,5100.90447608805,1473,1357653.57291289,53,2019,2,5476.32792389088,5586.02478852691
53,201903,6191.51697397255,1562,1356526.05351716,53,2019,3,6050.1220256481,5575.20415835401
53,201904,5676.64909831727,1559,1455371.88797912,53,2019,4,5488.35059471377,5564.3835281811
53,201905,5035.65166351606,1521,1361072.67170013,53,2019,5,5230.17548180824,5543.25073592619
53,201906,5649.20265442691,1602,1389563.42013597,53,2019,6,5596.19636918584,5522.11794367128
53,201907,5622.07375235872,1565,1465293.99143548,53,2019,7,5555.55480081908,5500.98515141636
53,201908,5056.80053187964,1553,1395613.10461086,53,2019,8,5340.16234151401,5472.54198528808
53,201909,5435.51026323197,1628,1387742.90123295,53,2019,9,5309.4400935486,5444.0988191598
53,201910,6186.12574693865,1570,1412458.55124532,53,2019,10,5904.50580679171,5415.65565303151
53,201911,5038.18548617611,1483,1364844.28453681,53,2019,11,5239.15745894152,5405.36290893662
53,201912,5452.17462530084,1524,1402877.94288815,53,2019,12,5427.6648939273,5395.07016484173
53,202001,5586.34443175591,1428,1309531.34652386,53,2020,1,5484.26635914343,5384.77742074684
53,202002,4834.70871000952,1471,1408064.23782243,53,2020,2,5135.23128740035,5387.3110334553
53,202003,5370.5090633778,1076,1379139.10791245,53,2020,3,5200.83130054833,5389.84464616376
53,202004,5337.66796847727,923,1174085.89581105,53,2020,4,5251.01890646352,5392.37825887221
53,202005,5159.4931328982,891,1391920.07539844,53,2020,5,5273.49337023961,5395.91716262647
53,202006,5640.51968172672,727,1218812.46382745,53,2020,6,5560.57792492448,5399.45606638073
53,202007,5433.7328204963,848,1193925.77935804,53,2020,7,5467.00376684343,5402.99497013499
53,202008,5253.78818760485,868,1219697.16649862,53,2020,8,5462.8132476632,5411.07310816453
53,202009,5854.7804129708,903,1314507.92770425,53,2020,9,5690.80761036633,5419.15124619407
53,202010,5649.36124608155,925,1324231.05938031,53,2020,10,5470.65296088823,5427.22938422361
53,202011,5310.40397899728,840,1243911.02640385,53,2020,11,5451.54457096702,5409.86453855991
53,202012,5290.65923204035,894,1341196.08295313,53,2020,12,5244.19686442844,5392.4996928962
53,202101,5442.541696184,897,1340014.70694082,53,2021,1,5393.89158757844,5375.1348472325
53,202102,5325.0699281162,890,1412008.84688076,53,2021,2,5578.40582093601,5328.30088856917
53,202103,5365.22059040212,881,1245330.25560338,53,2021,3,5211.72960306592,5281.46692990583
53,202104,5620.34182957946,949,1293985.38702091,53,2021,4,5584.5528253914,5234.6329712425
53,202105,5501.78873650619,875,1345962.34686075,53,2021,5,5565.77609227288,5192.47248775621
53,202106,4859.01506330535,1092,1351876.03903883,53,2021,6,4771.0741742761,5150.31200426991
53,202107,4619.76045736199,1113,1335488.0645986,53,2021,7,4673.29622228559,5108.15152078362
53,202108,5210.98562997572,1164,1438334.69902519,53,2021,8,5386.10126770482,5080.30543929147
53,202109,4784.42576789384,1260,1365859.71666126,53,2021,9,4622.92527863872,5052.45935779932
53,202110,4731.45089480041,1135,1437937.94000854,53,2021,10,4582.51896585704,5024.61327630717
53,202111,5124.46442351078,1159,1474858.04774123,53,2021,11,5237.79418168482,5033.18798362386
53,202112,4939.58584482878,1228,1463007.2473538,53,2021,12,4903.15908619857,5041.76269094055
53,202201,4645.96815584484,1278,1403365.52134547,53,2022,1,4648.7426612291,5050.33739825724
53,202202,5065.31939693142,1230,1468621.98198808,53,2022,2,5269.60112729288,5094.4395937826
53,202203,5285.82254136126,1402,1505065.05225223,53,2022,3,5146.78672376077,5138.54178930797
53,202204,4298.09849845359,1302,1454027.47553818,53,2022,4,4311.72510856781,5182.64398483333
53,202205,5454.14742458998,1360,1473171.03538595,53,2022,5,5466.96461749267,5226.58694404234
53,202206,5608.75635626985,1526,1599178.39271649,53,2022,6,5511.98298182704,5270.52990325134
53,202207,4725.30274158352,1394,1502183.70293788,53,2022,7,4798.59389999973,5314.47286246034
53,202208,5587.83282512894,1510,1496040.08196819,53,2022,8,5728.83927977523,5346.1242772645
53,202209,6283.59576910016,1616,1674207.16438062,53,2022,9,6124.67749677112,5377.77569206867
53,202210,4883.83526010918,1443,1625361.47136343,53,2022,10,4765.03667244508,5409.42710687283
53,202211,5403.15850407078,1400,1470273.62206263,53,2022,11,5489.28149493107,5418.87011710865
53,202212,6020.62288452826,1531,1609747.18972657,53,2022,12,5994.96642039345,5428.31312734447
53,202301,4849.92516676236,1356,1568886.04287815,53,2023,1,4875.05491681785,5437.75613758029
53,202302,5308.6498352282,1376,1484835.60126812,53,2023,2,5492.57362086844,5438.69216958073
53,202303,6216.49439796797,1499,1519998.19187576,53,2023,3,6081.92007673679,5439.62820158116
53,202304,5174.42951683257,1478,1645289.62393816,53,2023,4,5207.67498564917,5440.56423358159
53,202305,5409.0352714378,1452,1550375.91299164,53,2023,5,5400.36466953788,5442.62032612518
53,202306,5498.87573571979,1493,1512438.35152087,53,2023,6,5399.38166846614,5444.67641866877
53,202307,5094.03726676041,1463,1540919.06281447,53,2023,7,5179.61224182086,5446.73251121236
53,202308,5324.46710109023,1440,1533261.37514076,53,2023,8,5446.55120134975,5445.91212864106
53,202309,5935.63048284361,1465,1554041.16350773,53,2023,9,5775.50854528085,5445.09174606975
53,202310,5260.15473029262,1426,1491909.80711676,53,2023,10,5157.6113926053,5444.27136349845
53,202311,5922.35989303099,1437,1552696.48095007,53,2023,11,5993.66967418427,5452.26013187794
53,202312,5473.42269414771,1452,1605156.07721987,53,2023,12,5450.61592081477,5460.24890025742
53,202401,5067.12044004639,1388,1462087.01225913,53,2024,1,5114.82153077344,5468.23766863691
53,202402,5961.66261868656,1430,1564955.62396563,53,2024,2,6125.44080231044,5479.97557229985
53,202403,5301.91395805653,1485,1615047.70772325,53,2024,3,5172.00972260407,5491.71347596279
53,202404,5046.76941347698,1460,1502529.29442608,53,2024,4,5099.84918168304,5503.45137962574
53,202405,6052.87726363177,1431,1496505.40988341,53,2024,5,6022.941158894,5515.6060041379
53,202406,5359.53280559804,1441,1587006.64577814,53,2024,6,5257.53835134719,5527.76062865007
53,202407,5382.8899945057,1317,1472434.21315429,53,2024,7,5480.96710587291,5539.91525316224
53,202408,6127.17162304469,1388,1470869.16980952,53,2024,8,6230.53296557186,5564.29317449809
53,202409,5575.31069065397,1453,1576253.61447663,53,2024,9,5414.1659615038,5588.67109583394
53,202410,5569.21150646892,1334,1398149.48295041,53,2024,10,5483.07390976478,5613.0490171698
53,202411,5775.72238877806,1351,1510108.41506367,53,2024,11,5832.33906859082,5649.61532270239
53,202412,5585.65102977067,1378,1645824.25960085,53,2024,12,5565.78813277008,5686.18162823497
53,202501,5394.11971514388,1351,1427678.21264851,53,2025,1,5460.44658524468,5722.74793376756
53,202502,6036.55544174165,1314,1506908.46083427,53,2025,2,6184.21018405231,5746.55172455393
53,202503,5590.12431871411,1424,1645971.15625811,53,2025,3,5463.75358486258,5770.3555153403
53,202504,5477.42667552359,1369,1471653.79532452,53,2025,4,5546.60682801958,5794.15930612667
53,202505,6277.13931715356,1316,1545148.72990471,53,2025,5,6230.61832125226,5809.20410385722
53,202506,6235.90864221879,1441,1608460.36137906,53,2025,6,6132.92938692755,5824.24890158777
53,202507,5959.07665723431,1340,1478147.67917421,53,2025,7,6066.90297742423,5839.29369931831
53,202508,7049.95925714359,1280,1562099.58308246,53,2025,8,7137.75817712801,5854.86800923706
53,202509,5825.16633209914,1449,1643311.46460644,53,2025,9,5662.78962659562,5870.44231915581
53,202510,6023.69512359519,1401,1489075.91919363,53,2025,10,5950.78686987176,5886.01662907455
53,202511,7395.10082648465,1191,1669614.9385241,53,2025,11,7438.99210522812,5898.93478968588
53,202512,5693.88862422343,1218,1656037.22576566,53,2025,12,5676.3235937275,5911.85295029721
