uf_code,year,quarter,share_PH2M,share_WH2M,share_Ricardian,share_H2M,total_weight,n_obs,n_unmatched
11,2012,1,0.25178817988647206,0.2780404874955194,0.4701713326180085,0.5298286673819914,3480075.216611325,6845,2918
12,2012,1,0.24251547002118296,0.27079425376614485,0.4866902762126722,0.5133097237873279,1501647.338242842,6812,3155
13,2012,1,0.2348284963891037,0.29356673152781965,0.4716047720830767,0.5283952279169233,7188824.261590678,10461,4692
14,2012,1,0.24332150173376796,0.28664891520219493,0.4700295830640371,0.5299704169359629,902735.8503124976,3610,1607
15,2012,1,0.2427324717713762,0.3091767309574507,0.44809079727117324,0.5519092027288268,16784225.93927998,13937,6002
16,2012,1,0.23622736882861023,0.3022917673582749,0.461480863813115,0.5385191361868851,1377273.7860149203,3224,1279
17,2012,1,0.23871254627857208,0.2912493877519096,0.47003806596951836,0.5299619340304818,2931262.0653285375,5590,2290
21,2012,1,0.24468877959135968,0.2765836270880782,0.4787275933205622,0.5212724066794379,13716097.365967385,24161,10955
22,2012,1,0.24283700390843088,0.2813955471661835,0.4757674489253858,0.5242325510746144,7167550.116423551,9889,4090
23,2012,1,0.2402551917976787,0.2696715294538825,0.49007327874843876,0.5099267212515612,19124451.142565973,20615,8671
24,2012,1,0.23067218780608237,0.25208494958757083,0.5172428626063469,0.4827571373936532,7481971.903275878,8650,3587
25,2012,1,0.24211310121644705,0.2587204597001029,0.49916643908345015,0.50083356091655,8793014.842004543,10463,4253
26,2012,1,0.23209154477548782,0.2534645878157092,0.514443867408803,0.485556132591197,19871617.51035212,15516,6617
27,2012,1,0.22788641679342514,0.2545474180773808,0.5175661651291941,0.48243383487080593,6829768.051092706,14839,7062
28,2012,1,0.23754292279017658,0.2704863001124928,0.49197077709733067,0.5080292229026694,4827452.883433601,8243,3241
29,2012,1,0.23534401013612996,0.2694098104777023,0.49524617938616783,0.5047538206138322,32031843.64896491,20530,7657
31,2012,1,0.19323667887989365,0.2822919126462949,0.5244714084738116,0.47552859152618854,46172439.26416915,29992,11071
32,2012,1,0.19728737089633122,0.27350899732206435,0.5292036317816046,0.47079636821839554,8522530.101947535,14574,5352
33,2012,1,0.19130783323214007,0.2589322040342298,0.5497599627336303,0.45024003726636985,38461761.64276531,27390,10049
35,2012,1,0.1930726733746968,0.2608356255486712,0.5460917010766321,0.453908298923368,101486562.9555192,31895,11248
41,2012,1,0.19271082832672018,0.2891575319313108,0.5181316397419691,0.4818683602580309,24806698.877557967,21045,10044
42,2012,1,0.19259873536154826,0.2926160109579462,0.5147852536805057,0.48521474631949446,15312004.154536739,24024,11175
43,2012,1,0.1909497999520461,0.27988721909640163,0.5291629809515523,0.47083701904844777,26051364.94596806,22729,10533
50,2012,1,0.21106362417707986,0.24231267498049744,0.5466237008424227,0.45337629915757727,5448978.886825708,8441,3211
51,2012,1,0.21389809898460715,0.24414494448727117,0.5419569565281217,0.4580430434718783,7059035.889528824,9787,3897
52,2012,1,0.2147598969810044,0.2511424158390207,0.5340976871799749,0.4659023128200251,13975623.865447596,12579,4699
53,2012,1,0.20573462414411373,0.2193498817213367,0.5749154941345497,0.42508450586545043,6244358.972275745,6758,2753
11,2012,2,0.2519201436660184,0.2823590523660567,0.4657208039679249,0.5342791960320751,3521291.031001726,7467,3168
12,2012,2,0.24742679695636444,0.27242522044571527,0.48014798259792035,0.5198520174020798,1500103.9122057774,7179,3253
13,2012,2,0.23927881450753496,0.29271953962554637,0.4680016458669187,0.5319983541330813,7133646.126304232,11146,5177
14,2012,2,0.24046123561988345,0.29904568523279884,0.4604930791473178,0.5395069208526823,911624.6798456276,3984,1786
15,2012,2,0.24271834096859285,0.30760753956472725,0.4496741194666799,0.5503258805333201,16489602.21202826,14169,6069
16,2012,2,0.23320874145350398,0.2884619639181299,0.4783292946283661,0.5216707053716338,1387331.4702027533,3302,1325
17,2012,2,0.2378652213295998,0.2914599247807353,0.4706748538896649,0.5293251461103351,2957512.2521023303,5712,2340
21,2012,2,0.24324222751760993,0.2708457093357424,0.48591206314664764,0.5140879368533524,13769673.59731897,24584,11170
22,2012,2,0.24103509278689372,0.2821550268168763,0.47680988039623,0.52319011960377,7208003.516193688,10298,4175
23,2012,2,0.2381092811777146,0.2591385637721038,0.5027521550501817,0.49724784494981844,19402347.419414,21973,9419
24,2012,2,0.22832997325401752,0.25863676906940025,0.5130332576765824,0.48696674232341775,7458583.93894748,9392,3743
25,2012,2,0.236003518154395,0.26981868299256506,0.49417779885304003,0.5058222011469601,8723089.579422569,11023,4469
26,2012,2,0.2314936723641904,0.25973228371882645,0.5087740439169831,0.4912259560830169,20278758.104987953,15902,7008
27,2012,2,0.225844694723171,0.25514358710383406,0.519011718172995,0.48098828182700504,6810316.039831899,15619,7572
28,2012,2,0.2345140856583575,0.2697090203560713,0.49577689398557123,0.5042231060144288,4727445.707021417,8616,3363
29,2012,2,0.23599632173348736,0.27057432301708406,0.49342935524942866,0.5065706447505715,31976401.518633466,21246,7893
31,2012,2,0.19297616959441397,0.2864949228437382,0.5205289075618479,0.4794710924381521,46795374.35413729,32031,11431
32,2012,2,0.19870976024082565,0.2720065471378475,0.5292836926213268,0.47071630737867315,8468711.639877949,15403,5694
33,2012,2,0.19076309522476062,0.2569771431580857,0.5522597616171537,0.44774023838284627,38983606.43699482,30276,11236
35,2012,2,0.19321610234424796,0.2581824431009251,0.548601454554827,0.45139854544517305,101763705.1650468,34553,12057
41,2012,2,0.19045021094076922,0.28691604374829016,0.5226337453109405,0.47736625468905935,25071491.948781714,22531,10545
42,2012,2,0.19345621743351202,0.2941100048266699,0.512433777739818,0.48756622226018187,15312606.745989578,25975,11878
43,2012,2,0.18935321699277066,0.2791665088225114,0.5314802741847179,0.4685197258152821,25802921.45703927,23778,11000
50,2012,2,0.21207514302882663,0.24112420352887748,0.5468006534422959,0.4531993465577041,5534918.031554019,8945,3295
51,2012,2,0.2154250011060626,0.246087077342381,0.5384879215515566,0.4615120784484436,7096692.978972834,10444,4124
52,2012,2,0.21735261299830236,0.2482385362744623,0.5344088507272353,0.4655911492727647,14192519.507739985,13213,4969
53,2012,2,0.20863494111514533,0.2195110064679552,0.5718540524168995,0.42814594758310054,6300352.054828975,7381,3076
11,2012,3,0.24943675484283326,0.2826331258664088,0.467930119290758,0.5320698807092421,3528241.634391359,7215,3147
12,2012,3,0.2420310266169973,0.27547485579011477,0.4824941175928881,0.517505882407112,1532553.0716439579,7070,3306
13,2012,3,0.24017142104178157,0.29020397211868365,0.46962460683953483,0.5303753931604652,7262211.833242163,11618,5428
14,2012,3,0.2442621388488012,0.292802349173041,0.46293551197815785,0.5370644880218423,902797.5106351065,3796,1609
15,2012,3,0.24275030484828444,0.3067703848337562,0.4504793103179594,0.5495206896820406,16396094.955141386,13935,6052
16,2012,3,0.24256703715883177,0.2882954755504925,0.46913748729067567,0.5308625127093243,1444505.9494293681,3179,1263
17,2012,3,0.23983282119961435,0.29890977977417627,0.46125739902620944,0.5387426009737906,3015166.6895726337,5778,2435
21,2012,3,0.247098942533052,0.27133670966995893,0.48156434779698915,0.5184356522030109,13927907.163038136,25429,11465
22,2012,3,0.2383659571277637,0.2902776746222481,0.4713563682499881,0.5286436317500118,7252200.638397394,10389,4270
23,2012,3,0.233606788682895,0.261839592306993,0.504553619010112,0.495446380989888,19478920.385765634,22248,9615
24,2012,3,0.22713240556888892,0.26079656785285643,0.5120710265782548,0.48792897342174535,7346872.078477984,9457,3706
25,2012,3,0.23635944418117372,0.2722465193315298,0.4913940364872966,0.5086059635127036,8633918.98104867,11094,4510
26,2012,3,0.2296028965663246,0.25728868384595255,0.513108419587723,0.48689158041227715,20251027.45609224,16362,7054
27,2012,3,0.22522165010151368,0.25441698208732183,0.5203613678111647,0.4796386321888355,6867727.620864691,16196,7831
28,2012,3,0.2357125066718608,0.2728101276235388,0.49147736570460043,0.5085226342953996,4733145.806791892,8661,3328
29,2012,3,0.23387601659350996,0.27225504573974324,0.4938689376667469,0.5061310623332532,32009168.294229675,20793,7641
31,2012,3,0.19460580674803615,0.28666368558715694,0.5187305076648071,0.4812694923351931,47087478.65333533,32709,11706
32,2012,3,0.19623756224196362,0.27409125004167906,0.5296711877163572,0.47032881228364265,8522980.038506277,15284,5599
33,2012,3,0.19156391748575977,0.25636926891266115,0.5520668136015792,0.44793318639842095,39413616.0902313,31464,11761
35,2012,3,0.1927897352608139,0.26074624850480876,0.5464640162343773,0.45353598376562265,102225280.07705635,34865,11951
41,2012,3,0.19533051576584348,0.28501465247212027,0.5196548317620362,0.48034516823796375,25123199.699487083,22972,10745
42,2012,3,0.19556894216194526,0.28945297576083884,0.5149780820772161,0.4850219179227841,15392556.290416185,26039,12002
43,2012,3,0.1908029414423597,0.2790732775702743,0.5301237809873661,0.469876219012634,26083104.433396287,23640,10999
50,2012,3,0.2162106961227833,0.24811625490838504,0.5356730489688316,0.46432695103116833,5523552.073229985,8797,3329
51,2012,3,0.21439689766039674,0.2436222335329138,0.5419808688066896,0.4580191311933105,7038944.289750914,10252,4088
52,2012,3,0.21686820137656906,0.247589172519889,0.5355426261035422,0.464457373896458,14284090.021637816,13431,5133
53,2012,3,0.20553685702786867,0.21921455657690717,0.5752485863952242,0.42475141360477586,6287291.713181661,7504,3034
11,2012,4,0.25183858826252015,0.2883554199687317,0.4598059917687481,0.5401940082312519,3529103.9489181545,6987,2954
12,2012,4,0.2446110602229128,0.2766700304734036,0.4787189093036836,0.5212810906963163,1567653.5442019692,7461,3481
13,2012,4,0.2397926295875993,0.29247077512967484,0.46773659528272593,0.5322634047172742,7280244.393947598,11323,5197
14,2012,4,0.23732709839623775,0.2904591591030376,0.47221374250072456,0.5277862574992753,906797.6261982913,3461,1448
15,2012,4,0.2425044420515227,0.30840001243081994,0.44909554551765746,0.5509044544823426,16483748.746243197,14102,5946
16,2012,4,0.23684847529368802,0.29051031549508505,0.47264120921122704,0.5273587907887731,1451118.717903912,3241,1361
17,2012,4,0.23751795489809088,0.2973970200467301,0.46508502505517924,0.534914974944821,3081932.532863358,5850,2445
21,2012,4,0.2502034382382297,0.2718289294375115,0.4779676323242588,0.5220323676757412,13965182.149728253,25223,11204
22,2012,4,0.24089715930042432,0.2799431433519388,0.47915969734763697,0.5208403026523631,7280183.778489821,10267,4207
23,2012,4,0.2356382584269608,0.2599823563346728,0.5043793852383663,0.4956206147616336,19561527.460084803,22222,9599
24,2012,4,0.2301997614957706,0.26001976978627384,0.5097804687179556,0.49021953128204443,7359605.784523977,9256,3602
25,2012,4,0.23422612121740222,0.2715409504689466,0.4942329283136511,0.5057670716863488,8617587.1837353,11169,4584
26,2012,4,0.23042095961400214,0.249452806664133,0.5201262337218652,0.47987376627813516,20348455.10628982,16402,7110
27,2012,4,0.22838606438760417,0.2622009490018842,0.5094129866105117,0.49058701338948835,6884783.53585083,16147,7605
28,2012,4,0.24172354058926293,0.27148597680935355,0.4867904826013836,0.5132095173986164,4783286.187388087,8580,3188
29,2012,4,0.23738190280523752,0.264980959247035,0.4976371379477275,0.5023628620522725,31951013.043244608,20457,7826
31,2012,4,0.1958599032554851,0.2841098637446144,0.5200302329999006,0.4799697670000995,47395863.09587902,33036,11982
32,2012,4,0.19762177899919095,0.2738267207860282,0.5285515002147808,0.4714484997852192,8668298.385941377,15808,5798
33,2012,4,0.19275343329778458,0.25461571626969304,0.5526308504325224,0.44736914956747764,39603700.3137044,31339,11700
35,2012,4,0.19494547994984623,0.2583873020041085,0.5466672180460455,0.4533327819539547,102415532.84247103,33638,11596
41,2012,4,0.19301194765258325,0.28798426232597296,0.5190037900214438,0.4809962099785562,25334273.788473174,22558,10544
42,2012,4,0.1963439012908862,0.2866095885900045,0.5170465101191094,0.4829534898808907,15553088.31006624,25829,12046
43,2012,4,0.19036531330877798,0.2754018285999707,0.5342328580912513,0.4657671419087487,26165767.250535645,23705,11078
50,2012,4,0.21782039162295735,0.24450789792013813,0.5376717104569045,0.46232828954309546,5509411.561218428,8732,3271
51,2012,4,0.21344562538874792,0.23953477289055308,0.547019601720699,0.45298039827930103,7061281.400770369,10106,4067
52,2012,4,0.21458469036592542,0.24231204646350785,0.5431032631705668,0.45689673682943327,14413331.986572627,14163,5476
53,2012,4,0.20418586189394827,0.21363147127655255,0.5821826668294992,0.41781733317050085,6267060.104453135,7286,2927
11,2013,1,0.25310303918515226,0.27776448150170635,0.46913247931314145,0.5308675206868586,3584239.002448491,7172,3099
12,2013,1,0.24163654289446326,0.26947271385486,0.48889074325067683,0.5111092567493233,1582310.3920479666,7544,3496
13,2013,1,0.2371007488761814,0.28769152650604757,0.475207724617771,0.524792275382229,7337884.198915459,11589,5347
14,2013,1,0.2359644031066465,0.2861602964651682,0.4778753004281853,0.5221246995718147,917675.3808764628,4115,1865
15,2013,1,0.2446554534812404,0.3022810747466496,0.45306347177211004,0.54693652822789,16585844.51523157,14552,6090
16,2013,1,0.2426278317946816,0.28646179092215507,0.4709103772831634,0.5290896227168367,1479514.0933388707,3351,1427
17,2013,1,0.23669980575074506,0.2889017959895139,0.4743983982597411,0.5256016017402589,3070608.1597869634,6064,2463
21,2013,1,0.24682445810936848,0.2654263169420053,0.4877492249486264,0.5122507750513738,13979666.702415038,25892,11632
22,2013,1,0.24280883776545104,0.2690380821700135,0.4881530800645355,0.5118469199354645,7262624.831214043,10232,4201
23,2013,1,0.23081181070418452,0.25837751468370446,0.5108106746121109,0.48918932538788895,19555463.02898648,22654,9825
24,2013,1,0.22631811555855358,0.2520768809701644,0.521605003471282,0.478394996528718,7377083.350213894,9303,3748
25,2013,1,0.23046933756461602,0.265474108488502,0.504056553946882,0.495943446053118,8661955.318035292,11299,4654
26,2013,1,0.22901604606040063,0.2444392788839507,0.5265446750556488,0.47345532494435133,20289167.616222695,16781,7371
27,2013,1,0.22621383301029874,0.25258377942803745,0.5212023875616639,0.4787976124383362,6892824.3138723215,16492,7891
28,2013,1,0.2387462457705365,0.26033987461651603,0.5009138796129474,0.4990861203870525,4810336.751230028,8663,3278
29,2013,1,0.2320921021404665,0.2560551534507664,0.5118527444087672,0.4881472555912329,32010101.497081917,20444,7675
31,2013,1,0.19530510667979994,0.2748948481111709,0.5298000452090292,0.4701999547909708,47409057.65079841,33163,12062
32,2013,1,0.19825647122212162,0.2648715479668169,0.5368719808110614,0.46312801918893853,8605337.03929821,16596,6106
33,2013,1,0.19166970251867713,0.24953283312838884,0.558797464352934,0.44120253564706596,39861063.020118535,31178,11652
35,2013,1,0.19277194592827093,0.25270889705592364,0.5545191570158055,0.44548084298419455,102993806.26317935,34328,11724
41,2013,1,0.19439857527323226,0.2797724029735607,0.525829021753207,0.474170978246793,25504601.45788237,24055,11224
42,2013,1,0.19639026543757174,0.285980680171527,0.5176290543909012,0.48237094560909877,15592663.68728976,25579,11889
43,2013,1,0.19018916123776147,0.27232870762201145,0.5374821311402271,0.4625178688597729,26167712.157171674,23625,10836
50,2013,1,0.21066191884747487,0.24689622561641253,0.5424418555361126,0.45755814446388743,5560825.293691855,8774,3361
51,2013,1,0.21194941424265043,0.23396219436919205,0.5540883913881575,0.4459116086118425,7126078.901946539,10556,4227
52,2013,1,0.2145559616581329,0.2401203370474779,0.5453237012943893,0.45467629870561077,14498163.263237774,14341,5307
53,2013,1,0.20289291614215882,0.20994541032373049,0.5871616735341106,0.4128383264658893,6321023.783506937,7391,2986
11,2013,2,0.25099206014379516,0.2889804753913089,0.46002746446489606,0.539972535535104,3595166.6089096786,7686,3415
12,2013,2,0.24587122913029225,0.27126169027936897,0.4828670805903388,0.5171329194096612,1597802.095348161,7793,3647
13,2013,2,0.23888826479991754,0.2923842581494712,0.4687274770506113,0.5312725229493888,7409591.771719774,11626,5282
14,2013,2,0.2366523694892701,0.2829365588128513,0.4804110716978786,0.5195889283021213,926537.7704918152,4223,1850
15,2013,2,0.24421749696894524,0.29983285425873163,0.4559496487723232,0.5440503512276769,16640038.360153036,15008,6396
16,2013,2,0.23692950975690766,0.27719224947109283,0.4858782407719994,0.5141217592280005,1511615.8539631385,3320,1416
17,2013,2,0.24035008438478933,0.28886192911178693,0.4707879865034238,0.5292120134965763,3081216.0368614746,6149,2559
21,2013,2,0.24528460687220913,0.26305722358935085,0.49165816953844005,0.50834183046156,13970034.466856916,26089,11834
22,2013,2,0.24335755954509825,0.26764065187219216,0.4890017885827096,0.5109982114172904,7325313.889415847,10364,4307
23,2013,2,0.23434066852405067,0.25379573199713035,0.5118635994788191,0.488136400521181,19641074.140302308,23181,9881
24,2013,2,0.23082998626538717,0.24863435397212116,0.5205356597624918,0.47946434023750834,7392316.780576399,9302,3719
25,2013,2,0.2384745995182268,0.25875437919047084,0.5027710212913024,0.49722897870869764,8667201.500919007,11585,4788
26,2013,2,0.22656757635256936,0.24738869567439584,0.526043727973035,0.4739562720269652,20410952.556804664,16861,7477
27,2013,2,0.23046267169716023,0.24815383417652573,0.5213834941263141,0.478616505873686,6879561.826822569,16936,8298
28,2013,2,0.23901168856991,0.2570209895605144,0.5039673218695757,0.4960326781304244,4840543.618962027,8643,3327
29,2013,2,0.23167916379834233,0.2641057563489083,0.5042150798527494,0.4957849201472506,32029160.307683077,20892,7888
31,2013,2,0.19459475459235973,0.2827862152302542,0.5226190301773861,0.4773809698226139,47539829.215791866,33436,11894
32,2013,2,0.19649969365999895,0.2671841963283639,0.5363161100116373,0.46368388998836285,8674838.148199854,16657,6173
33,2013,2,0.19151184462795232,0.2491787040724161,0.5593094512996315,0.4406905487003684,39833641.12626446,31028,11473
35,2013,2,0.19287378330363752,0.25116749582650993,0.5559587208698525,0.44404127913014746,103517681.17416613,35364,12030
41,2013,2,0.19470830309679277,0.28249714011747146,0.5227945567857357,0.4772054432142642,25481295.771736242,24434,11469
42,2013,2,0.19685054241334268,0.28354829213808874,0.5196011654485687,0.4803988345514314,15677896.870418094,25584,11830
43,2013,2,0.1909745590112594,0.27270378783236676,0.536321653156374,0.4636783468436262,26273897.180823788,23893,11083
50,2013,2,0.21175698912298097,0.2475651346247393,0.5406778762522798,0.4593221237477203,5615109.40420271,9148,3415
51,2013,2,0.21380389644388476,0.2355805748614391,0.5506155286946762,0.4493844713053239,7195639.891130766,10746,4230
52,2013,2,0.21664718515132078,0.23876297461969453,0.5445898402289847,0.4554101597710153,14470032.151186366,14192,5247
53,2013,2,0.2080106193027854,0.2077429434802423,0.5842464372169724,0.41575356278302766,6351889.774836389,7618,3068
11,2013,3,0.24956806705487497,0.28328006804299916,0.46715186490212585,0.5328481350978741,3597596.722661592,7732,3441
12,2013,3,0.24346610928163706,0.2706605820819191,0.4858733086364437,0.5141266913635562,1620491.4101949148,8042,3795
13,2013,3,0.24333908975307358,0.2932771628950791,0.46338374735184745,0.5366162526481527,7459805.297564334,11547,5310
14,2013,3,0.24358465020705128,0.2858586761868913,0.4705566736060573,0.5294433263939426,938758.7935942095,4257,1834
15,2013,3,0.24263997116765096,0.29642587584167457,0.46093415299067453,0.5390658470093255,16842429.011609893,15048,6450
16,2013,3,0.23866446990626494,0.28656924017766244,0.4747662899160727,0.5252337100839274,1502273.257268633,3448,1477
17,2013,3,0.23764664766799423,0.2971618657916792,0.4651914865403265,0.5348085134596734,3077502.8050504564,6104,2600
21,2013,3,0.2486966562209143,0.2654319246290849,0.48587141915000087,0.5141285808499991,13928240.260510141,25856,12098
22,2013,3,0.2428654636483237,0.2724165862257353,0.4847179501259411,0.515282049874059,7315486.377806029,10308,4286
23,2013,3,0.23533993540303,0.25481649170898296,0.5098435728879871,0.49015642711201296,19764174.27484642,22802,9595
24,2013,3,0.2319218238737971,0.2570218106776513,0.5110563654485517,0.4889436345514484,7432971.085475655,9385,3643
25,2013,3,0.23306132178114836,0.26373910986653776,0.503199568352314,0.4968004316476861,8750556.7033914,11719,4853
26,2013,3,0.22801917038849218,0.24841707447242528,0.5235637551390826,0.47643624486091746,20354516.030445613,17100,7465
27,2013,3,0.22680500872067713,0.2567763765186612,0.5164186147606616,0.48358138523933836,6870616.249517423,16580,8068
28,2013,3,0.2432235936187751,0.2587816134030736,0.4979947929781513,0.5020052070218487,4825569.771829461,8583,3333
29,2013,3,0.23422468440524757,0.2627409576968379,0.5030343578979146,0.4969656421020855,32155076.025754668,21192,7943
31,2013,3,0.19648116351137226,0.2784571249865277,0.5250617115021001,0.4749382884979,47628546.25221534,33643,11948
32,2013,3,0.19899587277564784,0.26523638403754873,0.5357677431868035,0.4642322568131966,8771390.396452453,16774,6222
33,2013,3,0.19052743870024016,0.2474541393443843,0.5620184219553757,0.43798157804462445,40061833.075724564,31408,11591
35,2013,3,0.1956353707562561,0.25105310159361377,0.5533115276501304,0.44668847234986986,103571887.79844037,34892,11848
41,2013,3,0.1960220258163913,0.28114809787361583,0.522829876309993,0.4771701236900071,25606920.80313,24318,11307
42,2013,3,0.19789366749990792,0.2801505192773998,0.5219558132226924,0.47804418677730776,15739496.241995322,24792,11763
43,2013,3,0.19165833132524293,0.2721874507108974,0.5361542179638598,0.46384578203614035,26350887.07751046,23653,10893
50,2013,3,0.21706396281965917,0.2420394149087411,0.5408966222715997,0.45910337772840026,5651973.355746076,9231,3459
51,2013,3,0.2174321235781435,0.23643438283249368,0.5461334935893629,0.4538665064106372,7215475.011576186,10831,4209
52,2013,3,0.21738309244496123,0.23703088034170336,0.5455860272133354,0.4544139727866646,14630885.321145408,13994,5086
53,2013,3,0.20979260468542724,0.21080773024085006,0.5793996650737226,0.4206003349262773,6355710.902884154,7665,2959
11,2013,4,0.2510859779940763,0.28061454099054023,0.4682994810153835,0.5317005189846165,3651528.340423557,7505,3376
12,2013,4,0.24222575754166997,0.2819484883408726,0.47582575411745753,0.5241742458825426,1627798.4350056287,7721,3682
13,2013,4,0.24485743284175565,0.2933269690513378,0.4618155981069066,0.5381844018930935,7494955.060395835,11405,5262
14,2013,4,0.250842888582437,0.29141769565071496,0.45773941576684823,0.5422605842331519,933495.8696356011,4146,1866
15,2013,4,0.2489115401589504,0.29950812638838636,0.45158033345266346,0.5484196665473368,16885086.915409133,15158,6568
16,2013,4,0.23864242451120324,0.28906030116378567,0.47229727432501106,0.5277027256749889,1542784.9493278477,3491,1534
17,2013,4,0.2363351253111073,0.2993487583996842,0.46431611628920844,0.5356838837107916,3094819.3094645576,6112,2557
21,2013,4,0.2550545378582535,0.26907746680135924,0.47586799534038726,0.5241320046596127,14013515.634103876,26215,12074
22,2013,4,0.243706471723857,0.2684997009819159,0.48779382729422716,0.512206172705773,7326796.803554358,10222,4244
23,2013,4,0.23948454229946706,0.2548334551369765,0.5056820025635563,0.49431799743644356,19690161.633316483,22474,9343
24,2013,4,0.23627882332080855,0.2593130448689979,0.5044081318101936,0.4955918681898065,7483949.977087344,9361,3590
25,2013,4,0.23401680589223825,0.2662157623414611,0.49976743176630056,0.5002325682336993,8684731.006748889,11691,4763
26,2013,4,0.23343796272866674,0.2505482533955778,0.5160137838757555,0.48398621612424453,20367751.750381544,17010,7369
27,2013,4,0.23002105177178922,0.2573143240321781,0.5126646241960328,0.4873353758039673,6854957.272511981,16761,8075
28,2013,4,0.2463812010144646,0.2631128126965273,0.49050598628900816,0.5094940137109919,4793655.500911462,8614,3379
29,2013,4,0.2407606554890776,0.2650230207488005,0.494216323762122,0.5057836762378781,32314375.521870516,21327,7963
31,2013,4,0.19495437264451737,0.27770712681062176,0.527338500544861,0.47266149945513913,47934906.00169416,33531,12134
32,2013,4,0.2023626358598962,0.26443542855865476,0.5332019355814492,0.466798064418551,8727573.991351835,16644,6388
33,2013,4,0.1917424415830613,0.24463572019580015,0.5636218382211386,0.43637816177886146,40040265.38646598,31564,11983
35,2013,4,0.1947187067398142,0.2501337563165043,0.5551475369436816,0.44485246305631854,103794498.89694355,33984,11691
41,2013,4,0.1963326848232983,0.28170419989713485,0.521963115279567,0.47803688472043315,25577723.991592392,24160,11335
42,2013,4,0.19715901167239944,0.28254467180329745,0.5202963165243032,0.4797036834756969,15904886.94921627,25100,11940
43,2013,4,0.19088464731423588,0.27156800204270204,0.5375473506430621,0.4624526493569379,26383325.65967831,23814,10878
50,2013,4,0.21597085300619634,0.2378375064684351,0.5461916405253687,0.45380835947463144,5639618.738890887,9158,3460
51,2013,4,0.21498870405703707,0.23160385290484747,0.5534074430381155,0.44659255696188455,7336188.203491129,10744,4259
52,2013,4,0.2153928976517949,0.2393249196871943,0.5452821826610109,0.4547178173389892,14737113.622594198,14280,5283
53,2013,4,0.20703424147395386,0.2075562800230413,0.585409478503005,0.41459052149699516,6451174.611629153,7536,3067
11,2014,1,0.2531383360978688,0.27627950169434534,0.47058216220778587,0.5294178377922141,3697167.077435403,7511,3367
12,2014,1,0.245645476695654,0.2667169508251921,0.48763757247915385,0.512362427520846,1616330.6935184803,7706,3760
13,2014,1,0.24290654516875282,0.2872514112462669,0.46984204358498033,0.5301579564150197,7520656.284660925,11469,5419
14,2014,1,0.2571785536954728,0.27809235385427317,0.4647290924502541,0.5352709075497459,949979.0186468618,4550,1957
15,2014,1,0.2488300188568614,0.2926571893695698,0.4585127917735687,0.5414872082264313,17005048.80942272,15602,6753
16,2014,1,0.24133202063069262,0.2713450706955151,0.48732290867379235,0.5126770913262078,1545317.8689700826,3501,1544
17,2014,1,0.24018377159539092,0.2776372224308114,0.48217900597379776,0.5178209940262023,3094837.290617489,6203,2501
21,2014,1,0.25692997290353065,0.2653914195481933,0.47767860754827624,0.5223213924517239,14150991.756912999,27120,12184
22,2014,1,0.24131607598206736,0.2746810922333945,0.4840028317845383,0.5159971682154618,7253844.605615068,10270,4172
23,2014,1,0.23568995892710168,0.25375000538190096,0.5105600356909974,0.4894399643090026,19757059.763097964,22485,9468
24,2014,1,0.22745955383135258,0.2470787964990472,0.5254616496696003,0.4745383503303998,7597042.101584881,9477,3650
25,2014,1,0.23440277540669988,0.2567974406792538,0.5087997839140463,0.49120021608595366,8731133.229103193,11815,4874
26,2014,1,0.22906281730264527,0.2430413642407299,0.5278958184566247,0.4721041815433752,20249532.47615633,16915,7377
27,2014,1,0.23163776568068292,0.24750217165430324,0.5208600626650138,0.47913993733498617,6897743.366808899,16695,8142
28,2014,1,0.24561656557193384,0.2581543689898327,0.49622906543823353,0.5037709345617665,4753913.165663209,8491,3346
29,2014,1,0.23576487539063742,0.25956759326910545,0.5046675313402572,0.4953324686597429,32223315.358397122,21338,7959
31,2014,1,0.19419049455984255,0.2763715714514904,0.529437933988667,0.47056206601133294,48052788.906844705,33621,12172
32,2014,1,0.20118771267820607,0.26824251801322063,0.5305697693085732,0.4694302306914267,8752137.257236913,16578,6311
33,2014,1,0.19147095807944448,0.2501248002321811,0.5584042416883744,0.44159575831162556,40165523.1645989,32015,12023
35,2014,1,0.19327365906457292,0.24376326543138385,0.5629630755040433,0.43703692449595677,104506918.8614532,34665,12113
41,2014,1,0.19721078074244802,0.2775547435198298,0.5252344757377223,0.4747655242622778,25605209.73367876,24276,11475
42,2014,1,0.19568581376641397,0.27558178144170337,0.5287324047918827,0.47126759520811734,15898189.544745723,25224,11965
43,2014,1,0.19159728685533886,0.26675291087473274,0.5416498022699285,0.4583501977300716,26322708.504547156,23707,10781
50,2014,1,0.21817412437668016,0.2357224155245399,0.54610346009878,0.45389653990122003,5713495.734982232,9333,3586
51,2014,1,0.21545219580026223,0.22661052009098373,0.557937284108754,0.44206271589124596,7380089.992658924,10723,4248
52,2014,1,0.2137648646437803,0.23097371785448326,0.5552614175017364,0.4447385824982636,14805836.264430594,14738,5382
53,2014,1,0.2088385260170864,0.20853856323997116,0.5826229107429426,0.4173770892570576,6480372.307356952,7896,3228
11,2014,2,0.24649856015612104,0.2842573134981571,0.4692441263457218,0.5307558736542781,3675043.783550431,7441,3383
12,2014,2,0.2478130327903694,0.2639618626198765,0.4882251045897542,0.5117748954102459,1634362.36367772,8060,3836
13,2014,2,0.24061577462301537,0.2923832703566083,0.4670009550203764,0.5329990449796237,7570791.4243458165,11576,5235
14,2014,2,0.25701602204087226,0.2916336410821068,0.4513503368770209,0.5486496631229791,963255.3730538446,4572,1957
15,2014,2,0.24775774765600114,0.2961310305154667,0.45611122182853214,0.5438887781714679,17040346.8281343,15400,6643
16,2014,2,0.24463690866121923,0.27894372406953843,0.47641936726924244,0.5235806327307577,1512311.0349784326,3308,1464
17,2014,2,0.23981610441115497,0.28740730775943535,0.4727765878294098,0.5272234121705903,3138514.0802992685,6305,2534
21,2014,2,0.25448475701705764,0.26986960779802244,0.4756456351849199,0.5243543648150801,14109654.50656485,26863,11926
22,2014,2,0.2377622298428613,0.27487604922925335,0.4873617209278853,0.5126382790721147,7364069.650672775,10436,4187
23,2014,2,0.23753556718317453,0.256197624219438,0.5062668085973875,0.4937331914026125,19692206.572661225,23000,9650
24,2014,2,0.22787043024942363,0.25107326158038445,0.521056308170192,0.4789436918298081,7636667.334612092,9210,3672
25,2014,2,0.23635654578208473,0.25876599005046014,0.5048774641674552,0.49512253583254484,8750713.545868253,11707,4768
26,2014,2,0.23306927990352708,0.2433665453273893,0.5235641747690838,0.4764358252309164,20207587.629411787,16594,7197
27,2014,2,0.23194747279173247,0.25241085168057853,0.5156416755276891,0.484358324472311,6913292.300155297,16472,7972
28,2014,2,0.2420787463899742,0.25494253732998595,0.50297871628004,0.4970212837199601,4756366.882932617,8526,3456
29,2014,2,0.2358905551097477,0.2687569857871671,0.49535245910308523,0.5046475408969149,32288080.199600965,21434,7941
31,2014,2,0.19353161835028512,0.2806312373735793,0.5258371442761356,0.4741628557238644,48220393.746559046,33577,12056
32,2014,2,0.20102494098647647,0.2688345717372322,0.5301404872762914,0.4698595127237086,8815641.240547586,16553,6315
33,2014,2,0.1908962103240044,0.24922656773988702,0.5598772219361087,0.44012277806389144,40305748.94668016,32141,12237
35,2014,2,0.19259124574244127,0.24412511996452557,0.563283634293033,0.4367163657069668,104989164.44606864,35232,12411
41,2014,2,0.19296251223893898,0.2860497646174432,0.5209877231436177,0.47901227685638215,25670780.815757766,24114,11483
42,2014,2,0.19181592985262322,0.28730016311649903,0.5208839070308778,0.4791160929691223,16008974.855999492,25012,11920
43,2014,2,0.18784459774066958,0.2735935145873472,0.5385618876719831,0.4614381123280168,26369209.57867886,24005,10946
50,2014,2,0.2220377794337112,0.22980196733018413,0.5481602532361047,0.4518397467638953,5702168.443050873,9219,3480
51,2014,2,0.21980677079789532,0.23918036291674868,0.541012866285356,0.458987133714644,7440658.866460558,10982,4353
52,2014,2,0.21929244530327247,0.2410181768211019,0.5396893778756258,0.46031062212437435,14724810.963825095,14472,5322
53,2014,2,0.20669466529322547,0.21229776396225553,0.5810075707445191,0.41899242925548097,6506576.385145885,7716,3186
11,2014,3,0.2503620611095458,0.2811130801589274,0.4685248587315269,0.5314751412684732,3699855.774278996,7461,3404
12,2014,3,0.2493158167788928,0.26816456091689866,0.4825196223042085,0.5174803776957915,1657475.446103977,8057,3853
13,2014,3,0.24665817260043818,0.2916432798473958,0.4616985475521661,0.538301452447834,7650521.628040368,11703,5332
14,2014,3,0.2517516366519904,0.2864776913403838,0.4617706720076259,0.5382293279923742,984086.2814173412,4703,2042
15,2014,3,0.2444850375686672,0.2957049749599148,0.45980998747141816,0.540190012528582,17213419.44438871,15492,6744
16,2014,3,0.24070528314912526,0.2829515725676424,0.4763431442832323,0.5236568557167677,1542913.8669360657,3301,1426
17,2014,3,0.23841591437405402,0.28634697845366586,0.47523710717228024,0.5247628928277199,3155818.249323109,6257,2499
21,2014,3,0.2526028260274528,0.2765650512352365,0.4708321227373107,0.5291678772626893,14210771.158613017,27217,12008
22,2014,3,0.24306385811329548,0.275531831116151,0.48140431077055357,0.5185956892294464,7422380.154623298,10433,4234
23,2014,3,0.23870893469453208,0.2552734961288262,0.5060175691766416,0.4939824308233583,19855636.927455977,23584,9809
24,2014,3,0.2300293188487424,0.2522667908871555,0.5177038902641022,0.48229610973589787,7655443.264875166,9116,3599
25,2014,3,0.2340080660475936,0.2612897989975016,0.5047021349549048,0.4952978650450952,8799084.36111232,11842,4770
26,2014,3,0.2315874297685044,0.2531605106734902,0.5152520595580053,0.48474794044199465,20365294.833999958,16747,7075
27,2014,3,0.2276056688731653,0.2507926439608879,0.5216016871659468,0.4783983128340532,6961361.20899581,16466,8019
28,2014,3,0.24433016587618567,0.2685299872210973,0.48713984690271706,0.512860153097283,4791957.660457259,8775,3450
29,2014,3,0.237675450971649,0.2670861690287656,0.4952383799995854,0.5047616200004146,32415121.65148002,21624,8104
31,2014,3,0.1941282207049422,0.2776397521220723,0.5282320271729853,0.47176797282701455,48370096.607219145,33553,12028
32,2014,3,0.1996642365533178,0.27097221573058017,0.5293635477161021,0.47063645228389794,8855963.224678874,16630,6380
33,2014,3,0.18988593197013293,0.2518766450878541,0.5582374229420131,0.44176257705798705,40741539.731287725,32576,12401
35,2014,3,0.1912739832386042,0.2435922383251624,0.5651337784362334,0.43486622156376664,104257755.48667912,35513,12489
41,2014,3,0.19422826592514483,0.2868211431630242,0.518950590911831,0.48104940908816907,25753027.801868845,23996,11178
42,2014,3,0.19180822794777974,0.2840206968004649,0.5241710752517555,0.4758289247482446,16148796.846538423,25985,12353
43,2014,3,0.18670544029191666,0.27433086527082257,0.5389636944372608,0.4610363055627392,26336880.199295454,23923,10984
50,2014,3,0.22079003539766834,0.2335427940126307,0.545667170589701,0.45433282941029907,5775761.941626559,9315,3533
51,2014,3,0.21629643512568472,0.24157591776382065,0.5421276471104947,0.45787235288950534,7339051.405850928,11077,4290
52,2014,3,0.2184543014381326,0.24149145424613516,0.5400542443157325,0.45994575568426777,14929985.066861182,14648,5491
53,2014,3,0.20438419021984247,0.21376952808198502,0.5818462816981725,0.41815371830182746,6514060.26683617,7651,3166
11,2014,4,0.2496533515143882,0.2830961607531398,0.4672504877324722,0.532749512267528,3710580.175736131,7431,3340
12,2014,4,0.2470737607452235,0.27757190105658097,0.4753543381981956,0.5246456618018045,1665208.087762306,8046,3901
13,2014,4,0.23978819130343038,0.28911137712917995,0.47110043156738957,0.5288995684326103,7712260.026449435,11657,5374
14,2014,4,0.24897829991458184,0.29097082623601994,0.46005087384939825,0.5399491261506018,997111.023919963,4672,1955
15,2014,4,0.24598335435315963,0.29544165786375537,0.4585749877830851,0.541425012216915,17156417.70640376,15658,6699
16,2014,4,0.2509855031492529,0.27483186438599705,0.4741826324647501,0.52581736753525,1542422.4804202286,3209,1401
17,2014,4,0.24094913297228557,0.2939777069317102,0.4650731600960042,0.5349268399039958,3099872.9891144685,6163,2476
21,2014,4,0.25280524021682854,0.27395945592980675,0.4732353038533647,0.5267646961466352,14259844.33899891,27154,11863
22,2014,4,0.2402186298181208,0.2789784754616029,0.4808028947202764,0.5191971052797237,7412472.672315726,10430,4211
23,2014,4,0.23997648702425972,0.257127253218007,0.5028962597577334,0.4971037402422667,19744067.69286088,23260,9758
24,2014,4,0.22723068348300632,0.2603002825390885,0.5124690339779052,0.4875309660220948,7654929.023793829,9453,3734
25,2014,4,0.229428671290647,0.2696135660827802,0.5009577626265728,0.49904223737342723,8818439.035299998,12091,4922
26,2014,4,0.23371827241690812,0.25177990992972393,0.5145018176533681,0.48549818234663206,20528979.263291396,16778,7153
27,2014,4,0.22733279911018672,0.2553283700098599,0.5173388308799535,0.48266116912004664,6991019.058406623,16747,7983
28,2014,4,0.24475601216237147,0.265787101512072,0.4894568863255565,0.5105431136744435,4763247.210066275,8712,3413
29,2014,4,0.24024171282101137,0.2675054719321108,0.4922528152468779,0.5077471847531222,32532319.362152345,21558,8074
31,2014,4,0.19341034495580442,0.27870246851939534,0.5278871865248002,0.47211281347519973,48562674.529759586,33402,12125
32,2014,4,0.19907617495370836,0.2645862838252727,0.5363375412210188,0.46366245877898105,8870752.201600606,16669,6288
33,2014,4,0.19016256540732376,0.2457477072681833,0.5640897273244929,0.4359102726755071,40957324.521606155,32197,12279
35,2014,4,0.19442674301714322,0.2515899249809126,0.5539833320019442,0.44601666799805584,104931765.84750304,35263,12274
41,2014,4,0.19114809488244197,0.2867802060013749,0.5220716991161831,0.4779283008838169,25888243.14041623,23962,11303
42,2014,4,0.1934867941142337,0.28353484831761067,0.5229783575681557,0.47702164243184436,16246331.692983545,26641,12522
43,2014,4,0.18950823769416625,0.2747684352383757,0.5357233270674581,0.46427667293254193,26285391.33219681,24062,10935
50,2014,4,0.2199400527146086,0.23905757159951066,0.5410023756858808,0.4589976243141193,5768880.943304891,9157,3440
51,2014,4,0.21266769077519346,0.2321322153139606,0.555200093910846,0.4447999060891541,7326934.243864922,10913,4249
52,2014,4,0.21496751900773323,0.24304206430182182,0.541990416690445,0.45800958330955505,15052722.828178938,14739,5570
53,2014,4,0.2070157611409629,0.20267698998027647,0.5903072488787607,0.4096927511212394,6457618.5507393675,7455,3180
11,2015,1,0.2516107301879991,0.2688818651360301,0.4795074046759709,0.5204925953240291,3662575.260018261,7304,3360
12,2015,1,0.24621662287244908,0.2614746804815827,0.4923086966459682,0.5076913033540318,1666022.9523963223,7869,3792
13,2015,1,0.23562871873686128,0.2794478387977472,0.4849234424653915,0.5150765575346085,7698975.993352344,11573,5428
14,2015,1,0.24615425472696362,0.274035070490854,0.4798106747821825,0.5201893252178176,1007078.5389672748,4710,2020
15,2015,1,0.24352311843370417,0.28672218300080454,0.46975469856549146,0.5302453014345088,17205012.977617197,15610,6625
16,2015,1,0.25186885062341186,0.2721442153417834,0.4759869340348048,0.5240130659651953,1529814.3297436857,3227,1454
17,2015,1,0.23814866928475187,0.27084205517301135,0.4910092755422369,0.5089907244577632,3131631.220925629,6285,2586
21,2015,1,0.25157604600629585,0.26444493231449795,0.4839790216792062,0.5160209783207939,14254987.02079254,26952,11730
22,2015,1,0.24272661463610298,0.2693979055956379,0.487875479768259,0.5121245202317409,7409354.194957139,10426,4261
23,2015,1,0.2373307576308386,0.2546404474634238,0.5080287949057376,0.4919712050942624,19913056.204505168,23259,9817
24,2015,1,0.22821163791509835,0.25029165529622077,0.5214967067886809,0.4785032932113191,7707392.982554273,9316,3652
25,2015,1,0.23611420932890073,0.26013839258328697,0.5037473980878123,0.4962526019121877,8883702.498722168,12121,4910
26,2015,1,0.23650623697045647,0.24244565280052421,0.5210481102290192,0.4789518897709807,20445009.488830827,16647,7096
27,2015,1,0.2269209883897675,0.2496267591792385,0.5234522524309941,0.476547747569006,6981481.035277254,16752,7924
28,2015,1,0.24947325171522206,0.25589483044302996,0.494631917841748,0.505368082158252,4843505.270380933,8686,3404
29,2015,1,0.23692721215871063,0.2596529874440902,0.5034198003971991,0.49658019960280086,32586926.387628607,21414,7876
31,2015,1,0.1909037373311274,0.26906564223281776,0.5400306204360547,0.4599693795639451,48723825.94210121,33247,12027
32,2015,1,0.19671803853276681,0.256423897095381,0.546858064371852,0.4531419356281478,8952230.010145944,16656,6303
33,2015,1,0.18984278243439243,0.23886710971890202,0.5712901078467055,0.42870989215329447,41327737.963080116,32582,12469
35,2015,1,0.19329255369745862,0.24495236443689397,0.5617550818656475,0.4382449181343526,105310364.01129003,35721,12480
41,2015,1,0.19499536697351472,0.27763908397151893,0.5273655490549662,0.47263445094503365,25902976.387070276,23783,11132
42,2015,1,0.1931182029325326,0.2774828440366825,0.5293989530307848,0.4706010469692151,16313238.94666621,26877,12488
43,2015,1,0.18818034159740213,0.27107960480077176,0.5407400536018261,0.4592599463981739,26293304.293026865,23888,10781
50,2015,1,0.2141383467562867,0.23432760739001834,0.5515340458536949,0.4484659541463051,5836792.100773757,9093,3455
51,2015,1,0.2100360261116384,0.23290670244808648,0.5570572714402751,0.4429427285597249,7342996.828874817,11068,4225
52,2015,1,0.21501562491840293,0.23686492557838235,0.5481194495032148,0.45188055049678527,15125414.87542921,14730,5526
53,2015,1,0.20359545490508044,0.20273592389431047,0.5936686212006091,0.4063313787993909,6498053.167327668,7684,3193
11,2015,2,0.25075341938648,0.2685203843695068,0.4807261962440132,0.5192738037559868,3665913.7795924917,7343,3440
12,2015,2,0.24717213534159774,0.2645233960802395,0.48830446857816273,0.5116955314218372,1667226.0571319852,8008,3854
13,2015,2,0.23502886846442447,0.2837839334280376,0.48118719810753796,0.518812801892462,7720256.686732849,11396,5267
14,2015,2,0.24612158338685808,0.2836980283105022,0.47018038830263975,0.5298196116973604,1005337.1484683622,4668,2010
15,2015,2,0.2415001734888398,0.29222985561011916,0.46626997090104105,0.533730029098959,17300390.38110968,15500,6587
16,2015,2,0.2429933237558768,0.28651282959260355,0.4704938466515198,0.5295061533484804,1527060.7113942462,3237,1400
17,2015,2,0.23382239647401348,0.27911924172270985,0.4870583618032768,0.5129416381967233,3132508.6960845217,6251,2544
21,2015,2,0.2498076674529068,0.2653903574475482,0.4848019750995451,0.515198024900455,14234021.162726853,26922,11699
22,2015,2,0.2448710126396569,0.2669263824393392,0.4882026049210039,0.5117973950789961,7420655.761496938,10320,4188
23,2015,2,0.2360632449309357,0.25186273374767504,0.5120740213213893,0.48792597867861076,20027219.664401814,23235,9642
24,2015,2,0.22833871555869437,0.25003464305246115,0.5216266413888445,0.4783733586111555,7663718.807566284,9414,3705
25,2015,2,0.2370768306695149,0.253034235925916,0.5098889334045693,0.4901110665954309,8973880.06686657,12070,4966
26,2015,2,0.23363057720844493,0.24118875628932873,0.5251806665022263,0.47481933349777367,20371510.3958611,16592,6964
27,2015,2,0.22656664466011203,0.2400713116962862,0.5333620436436017,0.46663795635639826,6972880.681497207,16888,8224
28,2015,2,0.24646552783633863,0.2590564343311668,0.49447803783249444,0.5055219621675054,4902002.537223423,8885,3548
29,2015,2,0.23295004823115079,0.2544725061598247,0.5125774456090246,0.4874225543909755,32943110.926208645,21628,7938
31,2015,2,0.19398653035181207,0.26811420625362514,0.5378992633945628,0.4621007366054372,48777338.97677313,33418,11920
32,2015,2,0.19832751872435225,0.25826653660192095,0.5434059446737268,0.4565940553262732,9054551.902517498,16655,6296
33,2015,2,0.18816204813968193,0.23801053315851756,0.5738274187018007,0.42617258129819946,41300652.954616755,32170,12087
35,2015,2,0.19174413784329933,0.24475232517792944,0.5635035369787713,0.4364964630212288,105798033.05225636,35918,12489
41,2015,2,0.19081876225921862,0.2781603423443427,0.5310208953964388,0.46897910460356135,25966851.502249964,23871,11079
42,2015,2,0.19555733356869298,0.27840642003215316,0.526036246399154,0.47396375360084614,16578487.324472394,27244,12519
43,2015,2,0.18837164460949407,0.2685332364117365,0.5430951189787693,0.45690488102123056,26439008.33737822,24313,10938
50,2015,2,0.21386324867790166,0.23115735804299536,0.5549793932791031,0.44502060672089705,5822238.312921951,9118,3477
51,2015,2,0.21000672627645528,0.23006668922180243,0.5599265845017424,0.44007341549825774,7309445.62942878,11071,4284
52,2015,2,0.21623107823972826,0.2355229075476222,0.5482460142126495,0.4517539857873505,15172036.835603485,14756,5451
53,2015,2,0.20668214354089628,0.20454838548971935,0.5887694709693844,0.41123052903061563,6484054.694622394,7828,3262
11,2015,3,0.24242577122515843,0.2785324725760188,0.4790417561988229,0.5209582438011773,3690912.301114464,7468,3336
12,2015,3,0.24771279272550398,0.2650748592515084,0.4872123480229877,0.5127876519770124,1666191.7668301538,8174,3922
13,2015,3,0.2361425545805931,0.28549372648669996,0.47836371893270707,0.5216362810672931,7868049.69933323,11237,5220
14,2015,3,0.23878755317673078,0.2808012740676497,0.4804111727556195,0.5195888272443805,1015022.578229496,4724,2037
15,2015,3,0.24027642629434437,0.30125543519865733,0.45846813850699825,0.5415318614930017,17363446.34417346,15463,6480
16,2015,3,0.23838064479651072,0.2818157573857506,0.47980359781773885,0.5201964021822614,1538915.5479064332,3249,1378
17,2015,3,0.23313331379666172,0.2772749468044493,0.48959173939888906,0.510408260601111,3070022.424294938,6098,2511
21,2015,3,0.25225383445874444,0.270003067755261,0.47774309778599466,0.5222569022140054,14369609.98676351,27065,11617
22,2015,3,0.24163504214708517,0.26874160042279427,0.48962335743012075,0.5103766425698795,7274172.481526364,10129,4061
23,2015,3,0.23340899502153295,0.25308261948967486,0.5135083854887923,0.4864916145112078,20211405.88433264,23011,9330
24,2015,3,0.2285361930780934,0.24715192985544995,0.5243118770664567,0.47568812293354334,7737117.574939165,9433,3636
25,2015,3,0.23254674097264127,0.2515544720293189,0.51589878699804,0.4841012130019602,8955254.775011316,11907,4825
26,2015,3,0.22878974662706125,0.24637563228313847,0.5248346210898002,0.4751653789101997,20387706.969610523,16525,6733
27,2015,3,0.22893379397367564,0.24001884324720016,0.5310473627791242,0.46895263722087577,6984637.226165251,16796,8206
28,2015,3,0.24690277053044388,0.2613105775802516,0.49178665188930465,0.5082133481106955,4922953.737299067,8843,3610
29,2015,3,0.2321346476719748,0.25761577964225063,0.5102495726857745,0.48975042731422547,32901887.88260664,21813,7868
31,2015,3,0.19134285535504522,0.2693143343658389,0.5393428102791159,0.4606571897208841,49104570.34469873,33341,11769
32,2015,3,0.1943185468839317,0.25662753406476185,0.5490539190513065,0.45094608094869354,8993288.517906476,16668,6266
33,2015,3,0.18485995193956312,0.23902364196582945,0.5761164060946075,0.42388359390539254,41306713.644628555,32492,12299
35,2015,3,0.1924291248307664,0.24190370226584945,0.5656671729033842,0.43433282709661586,105784489.96094991,35637,12338
41,2015,3,0.18978420192444576,0.27667953707623383,0.5335362609993205,0.4664637390006796,26203406.09242987,24012,11130
42,2015,3,0.19442958840868957,0.27520961098319413,0.5303608006081164,0.4696391993918837,16682567.582704794,27201,12568
43,2015,3,0.18570194109045096,0.27093780496213715,0.5433602539474118,0.4566397460525881,26527386.91823583,24401,10962
50,2015,3,0.21585105868498236,0.2302353304674197,0.553913610847598,0.44608638915240206,5878421.739225403,9110,3424
51,2015,3,0.20727004428030704,0.22891778791821116,0.5638121678014818,0.4361878321985182,7352969.949651526,11049,4360
52,2015,3,0.21314681798762544,0.23376126267541528,0.5530919193369592,0.4469080806630407,15460485.802144777,14897,5634
53,2015,3,0.2050959014435604,0.19807511459791421,0.5968289839585253,0.40317101604147465,6535652.101502411,7905,3297
11,2015,4,0.2524175669864894,0.2755284867327103,0.47205394628080044,0.5279460537191997,3656474.2824533097,6992,2967
12,2015,4,0.24326784316525638,0.27081859260990904,0.48591356422483456,0.5140864357751654,1660354.6943717282,7946,3768
13,2015,4,0.23720462533163333,0.28475958055906236,0.4780357941093043,0.5219642058906957,7953089.878963034,11121,5220
14,2015,4,0.24276157496291073,0.2931626587037716,0.4640757663333176,0.5359242336666823,1016508.1706741231,4557,1932
15,2015,4,0.2427463397168601,0.29937514399047216,0.45787851629266785,0.5421214837073323,17626025.18862194,15236,6303
16,2015,4,0.2336113682327677,0.27742324063052304,0.4889653911367093,0.5110346088632908,1540534.6651259458,3294,1445
17,2015,4,0.23410162642323745,0.2822061036222491,0.48369226995451337,0.5163077300454866,3140388.1102663795,5933,2429
21,2015,4,0.24980823319700018,0.27485058659041706,0.47534118021258276,0.5246588197874172,14277049.097440409,26667,11617
22,2015,4,0.23605414850635772,0.2751724407562209,0.48877341073742153,0.5112265892625786,7304259.648399612,9980,4033
23,2015,4,0.2364797934363662,0.25065791220933004,0.512862294354304,0.48713770564569625,20213379.825395215,22674,9294
24,2015,4,0.223194492212245,0.25585898869940565,0.5209465190883492,0.4790534809116507,7770563.26508941,9347,3714
25,2015,4,0.22469323703206504,0.26646896202109294,0.5088378009468421,0.49116219905315794,8979212.38840029,11733,4831
26,2015,4,0.22663769998893693,0.24792093415330177,0.5254413658577614,0.4745586341422387,20191811.154714666,16090,6773
27,2015,4,0.2241407435707811,0.2541061838308346,0.5217530725983844,0.4782469274016157,7000333.3111388665,16413,7787
28,2015,4,0.23885611491681358,0.26409528403904775,0.49704860104413867,0.5029513989558614,4950561.332781366,8668,3518
29,2015,4,0.2299845115839146,0.26050699237299985,0.5095084960430856,0.49049150395691443,32552725.84089995,21375,7872
31,2015,4,0.18535297460096545,0.2688834404017473,0.5457635849972874,0.4542364150027127,49390427.871703975,32958,11720
32,2015,4,0.18952975272312986,0.25861747899372234,0.5518527682831478,0.4481472317168522,9036885.643129257,16104,5992
33,2015,4,0.18517349931759075,0.23831684064204622,0.5765096600403631,0.423490339959637,40959942.43151466,31927,12081
35,2015,4,0.1898063699249872,0.2430082791646059,0.567185350910407,0.4328146490895931,106892902.77288328,35197,12007
41,2015,4,0.18847131088159802,0.2831720113697303,0.5283566777486718,0.4716433222513283,26306097.69475498,23821,11027
42,2015,4,0.1924012094684783,0.28019045787301133,0.5274083326585104,0.4725916673414896,16777027.729170974,26609,12071
43,2015,4,0.18696180813614252,0.2725403540566294,0.5404978378072283,0.45950216219277196,26720415.503197722,24094,10714
50,2015,4,0.21050635454361147,0.238593775392598,0.5508998700637905,0.44910012993620946,5915316.611031972,8956,3310
51,2015,4,0.20737908723938242,0.2312465072975808,0.5613744054630369,0.43862559453696326,7469061.724649813,10600,4156
52,2015,4,0.21074693509651374,0.23298259545444,0.5562704694490462,0.44372953055095377,15565806.611957733,14545,5467
53,2015,4,0.2015026763321277,0.2048586183556246,0.5936387053122477,0.4063612946877523,6516005.067279428,7763,3233
11,2016,1,0.24824231339318137,0.2728186882077603,0.4789389983990585,0.5210610016009416,3595100.421524537,7055,3096
12,2016,1,0.24340842156321882,0.2701383659008198,0.4864532125359613,0.5135467874640386,1659328.741300289,7939,3772
13,2016,1,0.23337084221906332,0.2801528117865377,0.486476345994399,0.5135236540056011,7946127.4328085575,11279,5155
14,2016,1,0.2501529517264175,0.28234172890128895,0.4675053193722935,0.5324946806277064,1028816.3244056909,4652,2032
15,2016,1,0.24226618787012416,0.29046935157076564,0.4672644605591102,0.5327355394408898,17830414.817076195,15443,6451
16,2016,1,0.2392710229807604,0.26532433310176756,0.49540464391747213,0.5045953560825279,1555976.0146131464,3333,1522
17,2016,1,0.23538118884203868,0.2684573580988605,0.49616145305910087,0.5038385469408992,3179174.4874404697,6204,2458
21,2016,1,0.2466546456500781,0.2649837254557946,0.48836162889412743,0.5116383711058727,14349224.126159701,27114,11553
22,2016,1,0.237762059216474,0.2603995826593506,0.5018383581241755,0.49816164187582457,7317942.343352631,10034,4054
23,2016,1,0.23019256287166195,0.25064147010680776,0.5191659670215303,0.4808340329784697,20374984.41147326,22786,9353
24,2016,1,0.22163201817681913,0.24706536968952594,0.531302612133655,0.46869738786634507,7837968.542601336,9378,3710
25,2016,1,0.22819368579247146,0.2565196280481954,0.5152866861593333,0.48471331384066685,9070977.259855986,11946,4932
26,2016,1,0.22573199376549052,0.2375642578023174,0.5367037484321922,0.46329625156780796,20058107.69650199,16192,6679
27,2016,1,0.22582526839588857,0.24463496685069822,0.5295397647534132,0.47046023524658676,6918607.234979812,16337,7692
28,2016,1,0.23726146246837237,0.25014485580750256,0.512593681724125,0.48740631827587494,5064084.923589508,8746,3538
29,2016,1,0.22650369726924896,0.250016236089782,0.5234800666409691,0.476519933359031,32665636.316349365,21352,7835
31,2016,1,0.18329308881643405,0.2617215665415251,0.554985344642041,0.44501465535795914,49492891.64778716,33183,11815
32,2016,1,0.18932154907862345,0.250016781482318,0.5606616694390586,0.4393383305609414,8978386.063870741,16331,6113
33,2016,1,0.18305597460142958,0.23618578371148694,0.5807582416870836,0.41924175831291655,41015774.84812427,31856,11850
35,2016,1,0.1856461306072149,0.23879346388717404,0.5755604055056113,0.42443959449438895,106788002.62580645,35318,11935
41,2016,1,0.18546674983929987,0.27468107847113965,0.5398521716895606,0.46014782831043954,26515030.885828637,23797,10825
42,2016,1,0.1895467444280855,0.273497399102953,0.5369558564689616,0.4630441435310385,16899805.25949,27052,12128
43,2016,1,0.1859207739606007,0.26674599260538895,0.5473332334340104,0.45266676656598964,26859841.803829387,23995,10709
50,2016,1,0.20677728873835716,0.23050069558148145,0.5627220156801614,0.4372779843198386,5986815.479446717,9088,3338
51,2016,1,0.2017899288780994,0.2218344183187806,0.57637565280312,0.42362434719688,7454739.476701541,10449,4031
52,2016,1,0.20858044939627687,0.22777345189628018,0.5636460987074431,0.436353901292557,15654916.22663649,14854,5481
53,2016,1,0.20216838045376032,0.19703560591612507,0.6007960136301147,0.3992039863698854,6604364.265601949,7878,3234
11,2016,2,0.2476231057319611,0.26927111085126654,0.48310578341677235,0.5168942165832277,3622497.809000507,7214,3115
12,2016,2,0.23368226480527934,0.2589694684974883,0.5073482666972327,0.4926517333027677,1676324.4397534672,8180,3983
13,2016,2,0.2322007170054096,0.2812498178528569,0.4865494651417336,0.5134505348582665,8030232.716579316,11759,5501
14,2016,2,0.24759689229869433,0.2822937388936828,0.47010936880762305,0.5298906311923771,1040540.6290445377,4708,2087
15,2016,2,0.23932210762966002,0.2853228989393387,0.47535499343100135,0.5246450065689987,17954151.115211867,15620,6667
16,2016,2,0.2338036891292958,0.26340876772158284,0.5027875431491213,0.49721245685087867,1566478.8851179911,3485,1535
17,2016,2,0.2354483302071651,0.26303508582771895,0.5015165839651161,0.49848341603488405,3194382.387149207,6293,2494
21,2016,2,0.24067749763006716,0.2598910763740001,0.49943142599593265,0.5005685740040673,14389131.66248332,27601,11985
22,2016,2,0.2354697279854883,0.2562152044724608,0.5083150675420509,0.4916849324579491,7334642.473788305,10035,4030
23,2016,2,0.22781052338301294,0.2529559750990742,0.519233501517913,0.48076649848208713,20440824.976709545,23181,9141
24,2016,2,0.22344144312134642,0.2394485762361102,0.5371099806425434,0.46289001935745666,7869356.193538086,9399,3685
25,2016,2,0.22733268470563356,0.24908090722316747,0.5235864080711989,0.47641359192880106,9129224.410357703,11892,4929
26,2016,2,0.22731393829227306,0.23669507782876745,0.5359909838789595,0.4640090161210405,19935087.32314857,16050,6572
27,2016,2,0.22838911484673974,0.24078911109571818,0.530821774057542,0.46917822594245795,6885245.576414965,16027,7375
28,2016,2,0.2302074087489332,0.24606699619764574,0.5237255950534211,0.4762744049465789,5016016.607969428,8690,3559
29,2016,2,0.22756049766662279,0.25075956716325565,0.5216799351701216,0.47832006482987843,32772062.598909643,21284,7651
31,2016,2,0.18784841516739936,0.2639129940972565,0.5482385907353442,0.45176140926465586,49810561.4797781,33205,11796
32,2016,2,0.18634984203081387,0.25429501718389363,0.5593551407852924,0.44064485921470753,8938178.417572714,16604,5971
33,2016,2,0.1832219295293998,0.23314524312960144,0.5836328273409989,0.41636717265900125,40363478.42192434,31306,11530
35,2016,2,0.1857912759864115,0.23935144054091756,0.5748572834726708,0.42514271652732905,107763682.98151729,35621,11913
41,2016,2,0.18391908018568132,0.2776964856120722,0.5383844342022466,0.46161556579775354,26582801.704376515,23864,10856
42,2016,2,0.1876539984157137,0.27659219346648034,0.5357538081178058,0.46424619188219407,16912489.78552244,26902,12111
43,2016,2,0.1818436265767676,0.2624072313249519,0.5557491420982805,0.4442508579017195,26982519.793091174,23924,10613
50,2016,2,0.20752538328487757,0.23270605562992336,0.5597685610851991,0.44023143891480093,6044633.89242828,9195,3337
51,2016,2,0.20014493001289801,0.2252847312924152,0.5745703386946869,0.42542966130531323,7474689.5897026975,10748,4065
52,2016,2,0.20784989925150504,0.23446191126970325,0.5576881894787917,0.44231181052120827,15708149.605459327,14742,5416
53,2016,2,0.20500045339737125,0.20038588183510442,0.5946136647675245,0.4053863352324757,6582044.409985093,7985,3352
11,2016,3,0.245022542491051,0.2732351090125399,0.4817423484964092,0.5182576515035908,3588421.970456989,7173,3115
12,2016,3,0.23408506207082974,0.2598976880269235,0.506017249902247,0.4939827500977532,1688558.2427832326,8283,4090
13,2016,3,0.23109806012948197,0.2800810173743064,0.4888209224962117,0.5111790775037883,8113481.39759689,11726,5494
14,2016,3,0.23692437096457053,0.276864882191372,0.4862107468440575,0.5137892531559425,1061822.6087135947,4832,2195
15,2016,3,0.23224949040809204,0.2923832323549988,0.4753672772369092,0.5246327227630908,18052354.230103787,15848,6739
16,2016,3,0.22888613234928334,0.2709985298236581,0.5001153378270586,0.4998846621729414,1602797.1203243556,3579,1640
17,2016,3,0.22932565351446854,0.2747335611476332,0.49594078533789815,0.5040592146621017,3217593.8051447263,6219,2548
21,2016,3,0.23709051012595853,0.25428137588224464,0.5086281139917969,0.49137188600820314,14479196.044369347,27792,12517
22,2016,3,0.2330396588572768,0.254866833896226,0.5120935072464973,0.4879064927535028,7428726.895197712,10215,4199
23,2016,3,0.22432159204515423,0.24824524592070077,0.527433162034145,0.47256683796585497,20519618.9663769,23217,9227
24,2016,3,0.2205920545591145,0.2415720813159686,0.5378358641249171,0.4621641358750831,7953773.063470539,9330,3696
25,2016,3,0.2209968974739456,0.24600354047324743,0.532999562052807,0.46700043794719304,9127860.133649454,11788,4864
26,2016,3,0.22146776774117824,0.23624945372826037,0.5422827785305615,0.4577172214694386,20042516.90577012,16305,6844
27,2016,3,0.2231097956418485,0.23782609302267377,0.5390641113354777,0.4609358886645223,6865045.717006641,16175,7602
28,2016,3,0.23125831239193165,0.2432427792993328,0.5254989083087356,0.4745010916912644,5093035.310383291,8647,3549
29,2016,3,0.22264747657483436,0.24750732947767637,0.5298451939474893,0.4701548060525107,32794797.37131544,21228,7819
31,2016,3,0.18710290904433777,0.265052026665735,0.5478450642899273,0.4521549357100728,49810568.2019969,33308,11624
32,2016,3,0.1865278697007414,0.2533516839199615,0.5601204463792971,0.43987955362070286,8996380.853227993,16535,6033
33,2016,3,0.18321074965151624,0.2320235867607975,0.5847656635876861,0.4152343364123138,40420199.66020915,30773,11221
35,2016,3,0.18469303595900516,0.23645792967463344,0.5788490343663614,0.42115096563363863,107446781.59631261,35416,11724
41,2016,3,0.18391072541790912,0.2722184894043602,0.5438707851777308,0.4561292148222693,26760889.118397236,23777,10803
42,2016,3,0.1875826794451403,0.27327934181627717,0.5391379787385826,0.46086202126141745,16949371.9972593,26783,12077
43,2016,3,0.18304976627539535,0.26042979192144505,0.5565204418031597,0.4434795581968404,27014176.372977328,23775,10433
50,2016,3,0.207752141916953,0.2279036140855332,0.5643442439975138,0.4356557560024862,6130129.0464301985,9262,3315
51,2016,3,0.20366790624449804,0.22478915837918642,0.5715429353763156,0.4284570646236845,7511066.2834001,10686,4033
52,2016,3,0.20626834029876634,0.2305496710376141,0.5631819886636196,0.43681801133638043,15794520.986177512,14983,5609
53,2016,3,0.20138760370241904,0.19720143521345546,0.6014109610841256,0.3985890389158745,6661020.000373904,7975,3279
11,2016,4,0.24419874327494615,0.2673981133664533,0.4884031433586006,0.5115968566413994,3594816.745415543,7009,3060
12,2016,4,0.2313548195563113,0.26047353376480603,0.5081716466788827,0.4918283533211173,1714943.188980708,8343,4131
13,2016,4,0.23175398374823847,0.27517832409162585,0.4930676921601358,0.5069323078398643,8126697.638626,11419,5379
14,2016,4,0.23743228823011153,0.273186943103713,0.4893807686661756,0.5106192313338245,1073188.767826252,4793,2288
15,2016,4,0.22843452657319321,0.28983266451135187,0.48173280891545506,0.5182671910845451,18273558.316673074,16085,6803
16,2016,4,0.22998768433854627,0.2624716268910364,0.5075406887704172,0.4924593112295827,1636747.4016437787,3756,1691
17,2016,4,0.22247827833347628,0.2716435016131941,0.5058782200533297,0.4941217799466704,3240946.1960666934,6218,2544
21,2016,4,0.23758143585484343,0.25284190687119557,0.5095766572739611,0.490423342726039,14397308.08226518,27523,12369
22,2016,4,0.23384023512493937,0.2578399540073049,0.5083198108677556,0.4916801891322443,7615739.823110148,10381,4393
23,2016,4,0.22139284580632895,0.25357306701339033,0.5250340871802807,0.4749659128197193,20551811.33867974,23045,9349
24,2016,4,0.21873750311920942,0.24328702992528958,0.5379754669555011,0.462024533044499,7955002.828323804,9285,3693
25,2016,4,0.22808860283975582,0.2418270432837981,0.5300843538764461,0.4699156461235539,9150259.231405593,11750,4864
26,2016,4,0.22168836927876143,0.23925409973454564,0.539057530986693,0.46094246901330704,19769523.216106735,16238,6729
27,2016,4,0.2171731818216541,0.24229619914429507,0.5405306190340508,0.45946938096594914,6659783.184135186,15779,7436
28,2016,4,0.22576495050427178,0.2380846877888828,0.5361503617068454,0.4638496382931546,5121184.118710718,8606,3502
29,2016,4,0.21910020006965036,0.2445787080975972,0.5363210918327525,0.46367890816724755,32986285.402746126,21291,7888
31,2016,4,0.1864141248636944,0.2663638936126133,0.5472219815236923,0.4527780184763077,49953132.49012933,33544,11919
32,2016,4,0.18288208272461776,0.25031000072297,0.5668079165524124,0.43319208344758775,9084208.304892574,16668,5972
33,2016,4,0.1826993091714627,0.22878624300840864,0.5885144478201286,0.41148555217987137,40595968.87934433,30379,10987
35,2016,4,0.18515665298762912,0.23619364464318865,0.5786497023691822,0.42135029763081777,108172698.06521356,35322,11613
41,2016,4,0.1843194804216319,0.2724585073041127,0.5432220122742554,0.4567779877257446,26803234.85587327,23581,10666
42,2016,4,0.18830789422182612,0.27304566341484066,0.5386464423633333,0.46135355763666674,16953380.503968343,26914,12048
43,2016,4,0.18273229979338962,0.26259946271951257,0.5546682374870979,0.4453317625129022,26768636.363002867,23694,10376
50,2016,4,0.2074304935005911,0.2268402194537612,0.5657292870456476,0.43427071295435227,6197430.285520754,9284,3303
51,2016,4,0.2065128884011355,0.22401811646039657,0.569468995138468,0.43053100486153206,7562584.929593133,10734,4026
52,2016,4,0.20402980857283576,0.22883392355019555,0.5671362678769687,0.4328637321230313,15864516.836464379,14801,5380
53,2016,4,0.19974037791961377,0.19690309673850925,0.6033565253418771,0.396643474658123,6649819.253751533,8002,3204
11,2017,1,0.24677235303778755,0.2593772136440033,0.4938504333182093,0.5061495666817908,3563130.350690446,7011,3192
12,2017,1,0.2254550464891582,0.25026810827138846,0.5242768452394534,0.47572315476054666,1735484.067086999,8262,4038
13,2017,1,0.22398828485823738,0.26163446713549726,0.5143772480062655,0.4856227519937346,8176812.903303323,11698,5545
14,2017,1,0.24154027385890428,0.2629112168639756,0.49554850927712,0.5044514907228799,1085182.8571328921,4874,2235
15,2017,1,0.23004430030812245,0.2781637567100601,0.49179194298181755,0.5082080570181826,18350581.276005168,16351,7096
16,2017,1,0.23719208539431733,0.2580391668180823,0.5047687477876004,0.4952312522123996,1658523.5750272262,3735,1670
17,2017,1,0.22637601551535294,0.2611391748279168,0.5124848096567303,0.48751519034326973,3230737.9929370955,6338,2641
21,2017,1,0.23224100276179604,0.2522119397088323,0.5155470575293717,0.48445294247062837,14577472.411967415,27576,12271
22,2017,1,0.22448539991101255,0.2466946121627191,0.5288199879262683,0.4711800120737316,7606689.458428694,10381,4388
23,2017,1,0.22001409486443754,0.24539380566645708,0.5345920994691056,0.46540790053089465,20746129.79091864,23191,9415
24,2017,1,0.21582286523488994,0.23732388193585052,0.5468532528292597,0.45314674717074044,8020564.976900704,9439,3758
25,2017,1,0.22371436073412304,0.24277037982568947,0.5335152594401875,0.4664847405598125,9171098.110683136,11805,4883
26,2017,1,0.21761877889978676,0.23329671043794345,0.5490845106622696,0.4509154893377302,19743858.377799377,16009,6712
27,2017,1,0.21634222241925885,0.2300144926013073,0.5536432849794338,0.4463567150205662,6394150.304745789,15275,7335
28,2017,1,0.21854343651006297,0.23974150868493688,0.5417150548050004,0.45828494519499985,5116388.443995561,8549,3568
29,2017,1,0.21873644475728277,0.234696310988932,0.5465672442537853,0.4534327557462148,33655468.1802803,21454,7962
31,2017,1,0.18306244397348204,0.26197779554503525,0.5549597604814829,0.4450402395185173,50130172.224544376,33588,11700
32,2017,1,0.18358390403504105,0.23760637463715473,0.5788097213278043,0.4211902786721958,9149612.296013758,16506,6099
33,2017,1,0.18022309485456756,0.22808650828117757,0.591690396864255,0.40830960313574516,40392012.8442513,30362,11100
35,2017,1,0.1841870125697625,0.2364125614421553,0.5794004259880822,0.42059957401191783,107913242.02802259,35804,11623
41,2017,1,0.18201622386780958,0.2643173573202263,0.5536664188119642,0.4463335811880359,26925946.82184036,23639,10534
42,2017,1,0.18992326897269501,0.26455727767649695,0.545519453350808,0.45448054664919196,17076932.558727268,27173,11959
43,2017,1,0.18255132322682158,0.25681862649125803,0.5606300502819205,0.43936994971807963,26941459.561829112,23820,10421
50,2017,1,0.20339152158933416,0.22123066233524621,0.5753778160754197,0.4246221839245804,6167504.39535844,9386,3390
51,2017,1,0.20181685233984656,0.21869591739595826,0.5794872302641955,0.4205127697358048,7656135.6853447575,10934,4277
52,2017,1,0.20042724996845424,0.2224933329550861,0.5770794170764597,0.42292058292354034,15905683.580787104,15189,5538
53,2017,1,0.19404239973168175,0.19156621602532786,0.6143913842429906,0.3856086157570096,6707624.182076927,7971,3183
11,2017,2,0.24837128415184906,0.25590631955468357,0.49572239629346737,0.5042776037065326,3583695.521065944,7053,3063
12,2017,2,0.23027294438053034,0.25646278275380896,0.5132642728656608,0.4867357271343393,1741304.174794984,8219,3932
13,2017,2,0.2281659040132359,0.26906189023611327,0.5027722057506508,0.49722779424934915,8235169.785415417,11711,5561
14,2017,2,0.23882119937747245,0.26870467869487846,0.49247412192764917,0.5075258780723509,1082348.801563404,4722,2148
15,2017,2,0.23508037652064212,0.28572832853881713,0.4791912949405408,0.5208087050594592,18330279.624656584,15920,6822
16,2017,2,0.23636788400181438,0.26101804035025994,0.5026140756479258,0.4973859243520743,1652559.8268800925,3710,1695
17,2017,2,0.2303559340350942,0.25364708800842417,0.5159969779564818,0.48400302204351836,3221024.68711139,6180,2709
21,2017,2,0.2304708189229951,0.2497843693755859,0.5197448117014191,0.480255188298581,14676326.124730002,27576,12512
22,2017,2,0.22269554125404586,0.2509049928375793,0.5263994659083749,0.47360053409162517,7687644.296543058,10377,4323
23,2017,2,0.22003663454553493,0.25102053689130815,0.528942828563157,0.4710571714368431,20869989.169430155,23231,9526
24,2017,2,0.21326387273257183,0.24468078068962454,0.5420553465778036,0.45794465342219637,7980471.070852838,9437,3764
25,2017,2,0.22471184424099097,0.2483760171873636,0.5269121385716455,0.4730878614283546,9230993.91992227,11794,4914
26,2017,2,0.21531220567735676,0.22843743543912387,0.5562503588835195,0.44374964111648063,19682735.442378066,15703,6491
27,2017,2,0.21560610487693424,0.23074254111564166,0.5536513540074239,0.4463486459925759,6302746.829959111,14985,7137
28,2017,2,0.2266707617428298,0.2388731590482849,0.5344560792088853,0.46554392079111473,5110135.898055511,8392,3370
29,2017,2,0.2209797558156584,0.24554926082931983,0.5334709833550219,0.46652901664497826,33405681.983081825,21440,7838
31,2017,2,0.18443142110097177,0.2655377134715243,0.550030865427504,0.44996913457249604,50256164.77906809,33447,11526
32,2017,2,0.18431769477707266,0.24904674196159865,0.5666355632613286,0.4333644367386713,9162705.167661332,16262,5778
33,2017,2,0.17873940717915768,0.22262125959423856,0.5986393332266037,0.4013606667733962,40434446.13058552,30435,10902
35,2017,2,0.18613223902206796,0.23985201930158445,0.5740157416763475,0.4259842583236524,108770049.4674179,35573,11546
41,2017,2,0.18277961777204776,0.26889949501250887,0.5483208872154434,0.45167911278455664,26922682.202717826,23801,10660
42,2017,2,0.18503133641925654,0.2700563105341586,0.5449123530465849,0.4550876469534151,17109526.32429135,27059,11896
43,2017,2,0.18479391374810686,0.2563184511495328,0.5588876351023605,0.4411123648976396,26965860.233769253,23660,10304
50,2017,2,0.20220995458051558,0.2227458263371825,0.5750442190823021,0.4249557809176981,6193857.301186355,9348,3461
51,2017,2,0.20640508764753565,0.22348542352034131,0.5701094888321231,0.42989051116787697,7715122.034435948,10929,4240
52,2017,2,0.20478137589701026,0.22578723556576166,0.5694313885372281,0.4305686114627719,15939915.654883327,14942,5359
53,2017,2,0.197893892999525,0.19643443503490537,0.6056716719655696,0.3943283280344304,6807673.080652561,8026,3298
11,2017,3,0.24776085075516405,0.2561378552737645,0.4961012939710715,0.5038987060289285,3623723.9226368982,7009,3001
12,2017,3,0.23170992256520573,0.2587970778355606,0.5094929995992337,0.49050700040076634,1738618.1563370633,8334,4103
13,2017,3,0.2276532630581965,0.26110796563632543,0.511238771305478,0.48876122869452193,8259212.183821768,11565,5554
14,2017,3,0.24655046335913378,0.26983344236848394,0.4836160942723823,0.5163839057276177,1085915.5125986156,4789,2161
15,2017,3,0.23465343990064313,0.28635075596442205,0.4789958041349348,0.5210041958650652,18428457.680941004,15954,6820
16,2017,3,0.2390951749248534,0.2613962566216798,0.4995085684534668,0.5004914315465332,1665153.1599794684,3672,1660
17,2017,3,0.22684600385830414,0.24990929546187451,0.5232447006798214,0.4767552993201787,3246049.3855977645,6105,2706
21,2017,3,0.2285568073108015,0.25336255393450163,0.518080638754697,0.4819193612453031,14751193.60287277,27823,12322
22,2017,3,0.22870602108734842,0.2538608518850187,0.5174331270276329,0.4825668729723671,7632243.305106819,10350,4268
23,2017,3,0.22478407019271046,0.2539196828442351,0.5212962469630545,0.47870375303694557,20818347.619391553,22985,9318
24,2017,3,0.21673955846596493,0.2430578007135606,0.5402026408204745,0.4597973591795255,7964205.777327748,9464,3799
25,2017,3,0.22481805511285244,0.25174460809960353,0.5234373367875441,0.476562663212456,9209692.333005218,11713,4801
26,2017,3,0.2156309453274202,0.23270721659988447,0.5516618380726953,0.4483381619273047,19795051.295692634,15822,6500
27,2017,3,0.21747370385676912,0.23443204125537173,0.5480942548878591,0.4519057451121409,6134400.654435895,14280,6910
28,2017,3,0.22400799527850573,0.2415285577889115,0.5344634469325827,0.46553655306741726,5123371.72895851,8377,3425
29,2017,3,0.2181289280247064,0.24648136406733193,0.5353897079079617,0.4646102920920383,33481098.86928937,21245,7961
31,2017,3,0.18347926411038756,0.2623775432507539,0.5541431926388585,0.44585680736114147,50250965.92587707,33420,11540
32,2017,3,0.18848232379349217,0.24938231525233479,0.562135360954173,0.43786463904582695,9148084.320815273,16281,5718
33,2017,3,0.18058863029828964,0.2259331402717499,0.5934782294299605,0.4065217705700396,40699322.04344547,31239,11206
35,2017,3,0.18536059583462552,0.24051880367396575,0.5741206004914089,0.42587939950859127,109015948.75277984,35643,11626
41,2017,3,0.18750107811612454,0.266608919852805,0.5458900020310705,0.45410999796892954,27212040.141000926,23849,10663
42,2017,3,0.18725322644535825,0.2698321874432913,0.5429145861113506,0.45708541388864954,17187283.522415444,27003,11864
43,2017,3,0.18401373723774198,0.2585796673205925,0.5574065954416656,0.4425934045583345,26868267.38791304,23598,10312
50,2017,3,0.20937782766482077,0.22320352804128218,0.5674186442938971,0.43258135570610295,6158933.743096174,9374,3502
51,2017,3,0.2038062681931305,0.22348752571807728,0.5727062060887923,0.4272937939112078,7858621.998498268,10865,4125
52,2017,3,0.2057635362721017,0.23017615802901706,0.5640603056988813,0.4359396943011188,16152654.676705722,14989,5377
53,2017,3,0.1985754849934654,0.19631855989311378,0.6051059551134208,0.3948940448865792,6865936.516478633,7994,3325
11,2017,4,0.24826621657110998,0.2562452595459707,0.4954885238829194,0.5045114761170807,3690208.278576354,6983,3002
12,2017,4,0.23738000534172618,0.2625133035012579,0.5001066911570158,0.4998933088429841,1747154.1263286173,8214,3976
13,2017,4,0.23276651639205279,0.26686233713931373,0.5003711464686333,0.49962885353136655,8340623.44717825,11386,5468
14,2017,4,0.2437137614787442,0.26898125169239495,0.4873049868288609,0.5126950131711392,1090494.2224497814,4806,2137
15,2017,4,0.2373529381351708,0.28991195178342566,0.4727351100814037,0.5272648899185964,18442303.297633283,15621,6635
16,2017,4,0.2337036336556665,0.25334020940540225,0.5129561569389314,0.48704384306106874,1657453.1468760306,3617,1592
17,2017,4,0.23276537189275207,0.255413925219456,0.5118207028877919,0.4881792971122081,3259446.382353952,6042,2591
21,2017,4,0.22949819611770572,0.2526709989514816,0.5178308049308128,0.4821691950691873,14721538.301299829,27346,12461
22,2017,4,0.22683280812056764,0.2521754527275349,0.5209917391518974,0.47900826084810255,7626720.140904641,10326,4303
23,2017,4,0.2268243096968647,0.25402852809437915,0.5191471622087561,0.4808528377912439,20948951.03570816,22985,9075
24,2017,4,0.21994391944661423,0.24848896444001842,0.5315671161133673,0.4684328838866326,8029642.3561182935,9548,3877
25,2017,4,0.22758230918932545,0.24894720352678956,0.5234704872838849,0.476529512716115,9271912.330604661,11638,4793
26,2017,4,0.2145719413211912,0.23781487797453169,0.5476131807042772,0.4523868192957229,19802448.16304376,15781,6312
27,2017,4,0.21184097530433685,0.23388718710654896,0.5542718375891142,0.4457281624108858,6098939.083777297,13829,6875
28,2017,4,0.22487924673207027,0.25058029117595204,0.5245404620919778,0.4754595379080223,5125100.204408575,8424,3271
29,2017,4,0.2215054168946584,0.24898831276457775,0.529506270340764,0.4704937296592362,33582308.96546553,21181,7924
31,2017,4,0.18469027941034968,0.26832445992775983,0.5469852606618907,0.45301473933810954,50478011.33629216,33484,11568
32,2017,4,0.1864007251512336,0.25348090545523655,0.56011836939353,0.4398816306064701,9079823.322740437,16245,5870
33,2017,4,0.17788502721141583,0.22432411229754703,0.5977908604910371,0.40220913950896287,40768190.2415123,31471,11168
35,2017,4,0.18549087555980548,0.2415837971308852,0.5729253273093092,0.42707467269069066,109320470.65086976,35367,11552
41,2017,4,0.1857449430765568,0.2709691018504034,0.5432859550730398,0.4567140449269602,27276392.34570235,23674,10518
42,2017,4,0.18793200348234548,0.27055133035184764,0.541516666165807,0.45848333383419315,17316853.141941715,26773,11786
43,2017,4,0.18391084780842992,0.2601915905945484,0.5558975615970217,0.4441024384029783,27042085.307944015,23305,10046
50,2017,4,0.20812565720721315,0.22231414082983939,0.5695602019629475,0.43043979803705257,6185844.5515730595,9136,3398
51,2017,4,0.21116843840878097,0.2263317747049126,0.5624997868863065,0.4375002131136936,7914655.41899096,10927,4247
52,2017,4,0.20952349882592142,0.22503907082156802,0.5654374303525107,0.4345625696474894,16178861.197043367,14808,5411
53,2017,4,0.19572331941650822,0.19134713810330484,0.6129295424801872,0.38707045751981306,6851446.224069653,7874,3185
11,2018,1,0.24300349685859526,0.24846263999982215,0.5085338631415826,0.49146613685841745,3713917.0321068577,7042,2984
12,2018,1,0.22888220285230235,0.25610054512852276,0.515017252019175,0.4849827479808251,1754197.3905821869,7880,3777
13,2018,1,0.2270890653811332,0.27073666838101806,0.5021742662378487,0.4978257337621512,8464690.129038053,11507,5511
14,2018,1,0.24164350332527074,0.2630958039253206,0.49526069274940854,0.5047393072505914,1117978.0161966155,4858,2170
15,2018,1,0.23410578507779703,0.2788635755147624,0.48703063940744074,0.5129693605925594,18461428.94096955,15761,6926
16,2018,1,0.223864706015141,0.24829611723578388,0.5278391767490752,0.4721608232509249,1661167.223293735,3574,1610
17,2018,1,0.2326701161068894,0.25087406692293485,0.5164558169701758,0.48354418302982427,3323741.256816145,6063,2552
21,2018,1,0.22150661535261323,0.24849657110104648,0.5299968135463404,0.4700031864536597,14631952.625654895,27147,12542
22,2018,1,0.22334386714445148,0.25036707275849085,0.5262890600970577,0.47371093990294233,7666854.55363939,10271,4329
23,2018,1,0.2227704686072817,0.24849787894520972,0.5287316524475086,0.4712683475524914,21024520.795430303,22847,9179
24,2018,1,0.21239575331091362,0.24386478297561937,0.5437394637134672,0.45626053628653296,8059742.240633684,9457,3796
25,2018,1,0.22391552264838915,0.24481368838253245,0.5312707889690784,0.4687292110309216,9332517.413967334,11593,4780
26,2018,1,0.2140748845546068,0.23520470039490018,0.5507204150504931,0.449279584949507,19619450.543676957,15926,6296
27,2018,1,0.2101067201795071,0.22258285186353055,0.5673104279569625,0.43268957204303765,6143979.262417124,14052,7161
28,2018,1,0.2222028941878134,0.23925868058426397,0.5385384252279228,0.4614615747720774,5109031.938594064,8446,3400
29,2018,1,0.2143063041531259,0.24206227704567246,0.5436314188012015,0.45636858119879836,34022965.350374565,21330,8045
31,2018,1,0.18060534868969647,0.26018718745862346,0.5592074638516801,0.4407925361483199,50503580.879561946,33272,11486
32,2018,1,0.18662327109165852,0.25041746118819896,0.5629592677201426,0.4370407322798575,9116970.950776346,16186,5781
33,2018,1,0.1784451898546635,0.22334576729422692,0.5982090428511095,0.40179095714889046,41108959.118021384,31741,11480
35,2018,1,0.18533909644241592,0.235653267252893,0.579007636304691,0.4209923636953089,109077427.3152279,35402,11316
41,2018,1,0.1843161162195477,0.26571704532897117,0.5499668384514812,0.45003316154851886,27244214.98506783,23562,10342
42,2018,1,0.1878304201925766,0.26934340578820615,0.5428261740192173,0.4571738259807827,17337532.39726936,26793,11856
43,2018,1,0.18423491219973148,0.25444963661855713,0.5613154511817114,0.4386845488182886,27042218.386273123,23028,9895
50,2018,1,0.21104143898348954,0.2182272560783365,0.5707313049381739,0.4292686950618261,6242108.697300277,9230,3427
51,2018,1,0.20311096956819188,0.21899576719914385,0.5778932632326642,0.42210673676733573,7963597.733649,10828,4197
52,2018,1,0.2043584899704354,0.2247352190791973,0.5709062909503674,0.42909370904963273,16234414.805358704,14815,5410
53,2018,1,0.19540193627013142,0.18635324353935487,0.6182448201905136,0.38175517980948626,6861953.920958024,7884,3218
11,2018,2,0.24398045880117636,0.257618016779711,0.4984015244191127,0.5015984755808873,3749496.1443277188,7164,3144
12,2018,2,0.22965864611811487,0.25384476890246777,0.5164965849794173,0.48350341502058264,1752131.284925177,7818,3756
13,2018,2,0.2269516387128908,0.2652481473554038,0.5078002139317054,0.4921997860682946,8522921.005188543,11361,5306
14,2018,2,0.2367355916244473,0.26189140760035673,0.501373000775196,0.498626999224804,1142310.043157365,4899,2210
15,2018,2,0.2338744906568932,0.28353878801949334,0.48258672132361347,0.5174132786763865,18560388.935958978,15390,6679
16,2018,2,0.2227321808498641,0.24074743152359812,0.5365203876265378,0.46347961237346225,1685084.725171085,3570,1559
17,2018,2,0.23357901151889413,0.2500002752406262,0.5164207132404797,0.48357928675952033,3375898.40072794,6050,2487
21,2018,2,0.2228021664466776,0.24821075736552242,0.5289870761877999,0.47101292381220006,14357013.693388883,26408,12708
22,2018,2,0.22141748484649174,0.25423196248861135,0.5243505526648969,0.47564944733510306,7649295.9719243925,10271,4244
23,2018,2,0.2190586907124053,0.2538622348756076,0.5270790744119871,0.4729209255880129,21164471.99046275,22546,9231
24,2018,2,0.22111393982195504,0.24158896176328318,0.5372970984147619,0.4627029015852382,8066633.233672993,9262,3765
25,2018,2,0.22338789298727857,0.2453022410410614,0.5313098659716601,0.46869013402834,9408783.811803333,11666,4877
26,2018,2,0.21486113717544494,0.2356335576986256,0.5495053051259295,0.45049469487407057,19376028.57423687,15815,6327
27,2018,2,0.21184866865006835,0.217922417565667,0.5702289137842648,0.42977108621573534,6253477.348646973,14055,7084
28,2018,2,0.2219078280842385,0.24345139057468856,0.534640781341073,0.46535921865892704,5099327.831888298,8357,3302
29,2018,2,0.21790661117259372,0.2457408988343334,0.5363524899930731,0.4636475100069271,34002556.14185338,21127,8085
31,2018,2,0.1837361426844897,0.2656595611200892,0.5506042961954212,0.44939570380457894,50796169.70738463,33094,11366
32,2018,2,0.18815411017285744,0.2572480247937569,0.5545978650333856,0.44540213496661435,9213239.769098444,16194,5640
33,2018,2,0.17707259452390928,0.22059571529644967,0.6023316901796409,0.39766830982035895,41867850.21478161,32497,11705
35,2018,2,0.18506764925435348,0.23699243079329088,0.5779399199523556,0.4220600800476444,109350789.96951362,35196,11352
41,2018,2,0.18693331715161882,0.2661460144245007,0.5469206684238805,0.4530793315761195,27000255.17224413,23067,10122
42,2018,2,0.18781141378359,0.266440857722633,0.5457477284937773,0.454252271506223,17176529.038278684,26309,11723
43,2018,2,0.18254891568670017,0.25632156993175126,0.5611295143815487,0.43887048561845143,27087856.751665905,23110,9975
50,2018,2,0.21052581210544102,0.22344404375466562,0.5660301441398934,0.4339698558601066,6184154.7109156065,9305,3426
51,2018,2,0.20441565721974714,0.2178809042405518,0.5777034385397011,0.4222965614602989,7988555.673523873,10616,4063
52,2018,2,0.20363572488057483,0.22739872526495702,0.5689655498544682,0.4310344501455319,16144596.947003312,14428,5218
53,2018,2,0.19920397953666763,0.19186002381475195,0.6089359966485804,0.39106400335141955,6857029.393013273,7817,3146
11,2018,3,0.2451454690753113,0.2558674937222445,0.49898703720244425,0.5010129627975558,3786259.5568824913,7133,3083
12,2018,3,0.2303312738832791,0.25237307389500035,0.5172956522217207,0.4827043477782794,1775893.6287999982,7856,3736
13,2018,3,0.22688718545133632,0.27567316759684396,0.4974396469518197,0.5025603530481803,8540492.28978628,11563,5453
14,2018,3,0.23078720687252607,0.2663715672264705,0.5028412259010034,0.49715877409899656,1156638.4375472434,4914,2113
15,2018,3,0.23819874731338275,0.2856371907774556,0.4761640619091617,0.5238359380908384,18532894.93570525,15534,6694
16,2018,3,0.22718265317527953,0.26051407169956464,0.5123032751251558,0.48769672487484417,1715221.0718858135,3617,1560
17,2018,3,0.23886620243114268,0.2539614205617649,0.5071723770070924,0.4928276229929076,3415236.040550441,6143,2563
21,2018,3,0.22506881834932801,0.24997619835599721,0.5249549832946748,0.47504501670532523,14105524.8883818,26698,12822
22,2018,3,0.22626450928540248,0.25694449883586273,0.5167909918787348,0.4832090081212652,7648013.854258871,10276,4132
23,2018,3,0.22189091506901387,0.2565253238186454,0.5215837611123408,0.4784162388876593,21121166.519300852,22416,8953
24,2018,3,0.21824526315154513,0.24897160485354541,0.5327831319949095,0.46721686800509055,8057923.830980636,9307,3686
25,2018,3,0.22748711938613975,0.24532757215911466,0.5271853084547455,0.4728146915452544,9377938.27017245,11673,4718
26,2018,3,0.21691933767501484,0.2368307469542531,0.5462499153707321,0.4537500846292679,19191395.51442987,15838,6408
27,2018,3,0.21125789360982486,0.22612424242988396,0.5626178639602912,0.4373821360397088,6192945.702654381,14245,7023
28,2018,3,0.21931771561333044,0.2425975983585011,0.5380846860281685,0.4619153139718315,5118377.255667273,8315,3245
29,2018,3,0.21344149145758545,0.24820494022502207,0.5383535683173926,0.46164643168260755,34307141.25091019,21425,7989
31,2018,3,0.18469267758875021,0.2696122891199046,0.5456950332913452,0.45430496670865483,50814115.682698466,33084,11466
32,2018,3,0.18755835518564767,0.2599752530632606,0.5524663917510918,0.44753360824890825,9301541.009394526,16387,5651
33,2018,3,0.17958920048079746,0.22201944217271186,0.5983913573464906,0.4016086426535093,42141817.94104821,33214,11813
35,2018,3,0.1833765997138795,0.23854444202936825,0.5780789582567523,0.42192104174324774,110026459.7924997,35655,11366
41,2018,3,0.18620598837833854,0.269090298581127,0.5447037130405344,0.45529628695946556,27002175.920169283,23150,10198
42,2018,3,0.1877581096821535,0.2702568307115547,0.5419850596062918,0.4580149403937082,17181212.385371704,26222,11533
43,2018,3,0.17973804556553857,0.2603894303679905,0.559872524066471,0.4401274759335291,27110746.83063582,23276,9966
50,2018,3,0.20662615509069163,0.22869173379016625,0.5646821111191422,0.4353178888808579,6224556.832856044,9438,3455
51,2018,3,0.20718604488229936,0.22863717418016843,0.5641767809375321,0.4358232190624678,8015653.160542656,10913,4181
52,2018,3,0.20939645610575913,0.22736890224650472,0.5632346416477363,0.4367653583522638,16222271.136366643,14690,5214
53,2018,3,0.19968948656629643,0.19160155856656672,0.6087089548671369,0.39129104513286317,6940241.275159876,7850,3153
11,2018,4,0.24515285677728546,0.26029095662757806,0.49455618659513645,0.5054438134048636,3790107.8921418553,7011,3025
12,2018,4,0.22795031211789143,0.25514319675062636,0.5169064911314822,0.48309350886851776,1811925.1697869613,7813,3742
13,2018,4,0.22403870019991773,0.2745284638988299,0.5014328359012524,0.49856716409874763,8522211.80915169,11396,5219
14,2018,4,0.2346107182517533,0.2657610312669776,0.4996282504812692,0.5003717495187309,1169578.306938581,4801,2065
15,2018,4,0.23853475895652965,0.28910665494680976,0.4723585860966605,0.5276414139033394,18591419.06714179,15461,6649
16,2018,4,0.21423012477625972,0.25789254383032517,0.527877331393415,0.4721226686065849,1701633.2935556541,3655,1594
17,2018,4,0.2288931016954894,0.2599435522915809,0.5111633460129299,0.4888366539870703,3419429.0367275625,6125,2490
21,2018,4,0.2241134282507997,0.2473595447412654,0.5285270270079349,0.4714729729920651,14196596.92829002,26519,12655
22,2018,4,0.22476281359162997,0.25480113849202024,0.5204360479163498,0.4795639520836502,7641198.77826239,10136,4133
23,2018,4,0.22402122979252997,0.2564260435656842,0.5195527266417859,0.4804472733582142,21157015.408989817,22252,8772
24,2018,4,0.21507192034316466,0.24223013955357736,0.5426979401032579,0.457302059896742,8084220.603848681,9093,3647
25,2018,4,0.22406096398892386,0.24978262389327033,0.5261564121178057,0.47384358788219416,9418591.922513297,11522,4685
26,2018,4,0.21885254410277596,0.24017506553203521,0.5409723903651888,0.45902760963481115,19255667.217968494,15728,6307
27,2018,4,0.21172382828275968,0.2228283200292743,0.5654478516879661,0.434552148312034,6423306.604276678,14463,7166
28,2018,4,0.22507982491711723,0.24548252467364762,0.5294376504092351,0.4705623495907648,5188663.5120582795,8369,3234
29,2018,4,0.21419037122066617,0.24095496249194806,0.5448546662873859,0.45514533371261423,34306864.14499501,21247,7881
31,2018,4,0.18515828410220259,0.26726209045705107,0.5475796254407462,0.45242037455925366,50699625.57929221,32950,11582
32,2018,4,0.18898410450216682,0.26216895639079374,0.5488469391070394,0.4511530608929606,9296928.179295495,16074,5492
33,2018,4,0.1803188194164837,0.22334925269733769,0.5963319278861786,0.4036680721138214,42300197.388333686,33333,11941
35,2018,4,0.18483054838203858,0.23605917662963796,0.5791102749883236,0.42088972501167654,110143680.7019421,34914,11156
41,2018,4,0.186863420845804,0.270625589639144,0.5425109895150521,0.45748901048494806,27024542.268455658,23166,10287
42,2018,4,0.18899119434371736,0.26892504418063207,0.5420837614756505,0.45791623852434943,17306044.67464673,26211,11351
43,2018,4,0.1818001631301474,0.2641198909601576,0.5540799459096951,0.445920054090305,27228324.85856345,23310,9987
50,2018,4,0.21001099052595973,0.22730662714026578,0.5626823823337747,0.4373176176662255,6322177.961962901,9407,3477
51,2018,4,0.20704512274719764,0.22333928762101257,0.5696155896317899,0.4303844103682102,8005435.258442711,10649,4054
52,2018,4,0.2100935371480978,0.2289219861419059,0.5609844767099964,0.4390155232900037,16246352.366942223,14452,5257
53,2018,4,0.1982243931190384,0.1938006156489439,0.6079749912320177,0.3920250087679823,6950499.104158856,7801,3171
11,2019,1,0.24125846300333703,0.2608927368066951,0.49784880018996797,0.5021511998100321,3823675.32432405,7106,3079
12,2019,1,0.2186560840861622,0.23951685512273208,0.5418270607911057,0.45817293920889424,1815519.3849781314,7684,3716
13,2019,1,0.22107206037921598,0.2676795621465389,0.5112483774742451,0.4887516225257549,8563611.506923044,11480,5353
14,2019,1,0.2282936355724088,0.26765663126364364,0.5040497331639476,0.4959502668360525,1161405.5979618076,4723,1977
15,2019,1,0.23457884949611796,0.28079267719776035,0.4846284733061218,0.5153715266938783,18672901.289230675,15344,6703
16,2019,1,0.21904611000657095,0.2523089941561536,0.5286448958372756,0.4713551041627245,1681169.4024557502,3693,1594
17,2019,1,0.22699879000533446,0.2516266244425829,0.5213745855520827,0.47862541444791734,3407490.9936973387,6228,2599
21,2019,1,0.2189962874492084,0.24012961391143323,0.5408740986393583,0.45912590136064163,14323647.315183183,26412,12927
22,2019,1,0.22001644818718727,0.2558395077629037,0.5241440440499091,0.475855955950091,7672355.478795625,10156,4181
23,2019,1,0.2229054961134766,0.25179569055001366,0.5252988133365096,0.47470118666349026,21109326.970682472,22038,8811
24,2019,1,0.21374727990115444,0.24367718449676776,0.5425755356020778,0.45742446439792217,8006153.196239503,9061,3598
25,2019,1,0.22826841277202678,0.24062876789937543,0.5311028193285978,0.4688971806714022,9411767.091946753,11440,4760
26,2019,1,0.21520712704492095,0.23526686682118145,0.5495260061338977,0.45047399386610243,19652064.043642435,15850,6480
27,2019,1,0.215030604279909,0.2229880497927916,0.5619813459272994,0.4380186540727006,6578986.976275635,14659,7210
28,2019,1,0.2257024530487217,0.24419404269381376,0.5301035042574646,0.46989649574253545,5153511.986193425,8312,3214
29,2019,1,0.21127163986299413,0.2421103228710535,0.5466180372659525,0.4533819627340476,34477313.99839073,21176,7765
31,2019,1,0.18340799845157188,0.26323182098937814,0.5533601805590499,0.44663981944095,50663896.139551945,33018,11592
32,2019,1,0.18524202666174755,0.2567354226158201,0.5580225507224325,0.44197744927756766,9306699.411413057,16187,5455
33,2019,1,0.18104119053556378,0.22063635318762645,0.5983224562768097,0.4016775437231902,42553675.731136315,33369,11861
35,2019,1,0.183698826085259,0.23100692313899804,0.5852942507757429,0.41470574922425707,110172369.03419492,34907,11198
41,2019,1,0.18452400252242018,0.2647030367540126,0.5507729607235674,0.44922703927643276,26921487.338996522,23020,10200
42,2019,1,0.18762927652187486,0.2652937589959151,0.5470769644822102,0.45292303551779,17157766.509575404,26014,11334
43,2019,1,0.18083819431169113,0.26082129388229736,0.5583405118060116,0.4416594881939885,27281655.41776965,23334,10054
50,2019,1,0.20585920223143536,0.2277819410323629,0.5663588567362018,0.43364114326379827,6322154.615316052,9339,3359
51,2019,1,0.20222109108754768,0.22022288492709963,0.5775560239853528,0.42244397601464734,8039555.913256853,10668,3928
52,2019,1,0.20406239183345654,0.21866706349880613,0.5772705446677374,0.4227294553322627,16301130.112429723,14550,5221
53,2019,1,0.1949669825639652,0.18791666041504776,0.6171163570209872,0.38288364297901295,6936946.8615884,7873,3098
11,2019,2,0.24972356622982733,0.26225139135843517,0.4880250424117375,0.5119749575882625,3828814.182097194,7065,3094
12,2019,2,0.22576061220074276,0.25094607655399404,0.5232933112452633,0.47670668875473676,1818681.1789434562,7938,3822
13,2019,2,0.22906590551819808,0.27247051971808117,0.4984635747637208,0.5015364252362793,8469086.444128422,11738,5382
14,2019,2,0.22743316161782354,0.2590958797934848,0.5134709585886917,0.48652904141130837,1168477.509133477,4801,2061
15,2019,2,0.2350353957926985,0.28459437108962693,0.48037023311767457,0.5196297668823254,18654185.521016315,15411,6661
16,2019,2,0.22762246014381504,0.2585064775521867,0.5138710623039984,0.48612893769600174,1729224.601900731,3779,1609
17,2019,2,0.22415552115474693,0.2609758905140761,0.5148685883311771,0.485131411668823,3423448.7422421137,6217,2579
21,2019,2,0.22002724989247366,0.24887080139727685,0.5311019487102496,0.4688980512897505,14683196.420842886,26673,12798
22,2019,2,0.22137120036057123,0.25621697737996113,0.5224118222594677,0.47758817774053236,7677227.390093326,10065,4073
23,2019,2,0.22474372019910752,0.253316991142993,0.5219392886578995,0.4780607113421005,20997197.051339835,21953,8645
24,2019,2,0.21617302915307196,0.24429722552229705,0.539529745324631,0.460470254675369,8034923.104926419,9075,3594
25,2019,2,0.22873103766909797,0.2360729316500954,0.5351960306808066,0.4648039693191934,9444453.7069131,11413,4770
26,2019,2,0.21524015436985705,0.23883010239863942,0.5459297432315036,0.45407025676849644,20301348.827780116,16267,6778
27,2019,2,0.2171825203021297,0.22645159053612224,0.5563658891617481,0.44363411083825194,6736265.419206306,14891,7258
28,2019,2,0.22698681727018535,0.2538155603267985,0.5191976224030161,0.48080237759698385,5209341.068064548,8219,3047
29,2019,2,0.21117761112312067,0.2464376367002001,0.5423847521766793,0.45761524782332075,34335071.89926782,20889,7683
31,2019,2,0.18684899995082124,0.27258645618614913,0.5405645438630295,0.45943545613697034,50704108.220636934,32842,11335
32,2019,2,0.18998611003708557,0.26530638758796643,0.5447075023749479,0.455292497625052,9341331.873453405,15995,5319
33,2019,2,0.18112175759102994,0.2182664038260857,0.6006118385828845,0.39938816141711564,42535805.65585035,32266,11397
35,2019,2,0.18490520136359892,0.23642037569526478,0.5786744229411362,0.4213255770588637,109863032.8595972,34656,11054
41,2019,2,0.1842290128137549,0.26689095774344107,0.5488800294428041,0.451119970557196,27030060.775502943,23074,10093
42,2019,2,0.18736382177360475,0.2763602655239427,0.5362759127024526,0.46372408729754744,17216109.051892463,25838,11421
43,2019,2,0.18033058274182573,0.2614195050446313,0.558249912213543,0.441750087786457,27388867.73613424,23555,10088
50,2019,2,0.21131308583870026,0.22924853600658965,0.5594383781547101,0.4405616218452899,6270602.056431843,9364,3297
51,2019,2,0.20763411305373553,0.2271719728865833,0.5651939140596812,0.43480608594031883,8045068.1468101395,10683,3854
52,2019,2,0.2054851871672551,0.22761423999443184,0.5669005728383132,0.4330994271616869,16321995.057079397,14536,5202
53,2019,2,0.19405424611121608,0.19811829940609862,0.6078274544826853,0.39217254551731473,6978709.275511611,7987,3097
11,2019,3,0.24715192437840394,0.25166761569717394,0.5011804599244221,0.4988195400755779,3878209.8506687423,7251,3171
12,2019,3,0.2281814369112029,0.24706518023221535,0.5247533828565817,0.47524661714341826,1831590.8320610942,7807,3864
13,2019,3,0.22919141059364465,0.2770123680391115,0.493796221367244,0.5062037786327561,8470969.787472257,11782,5454
14,2019,3,0.2312176346075533,0.2623844422363669,0.5063979231560798,0.4936020768439202,1159130.213083348,4686,2050
15,2019,3,0.23581520589688512,0.2835187042708333,0.4806660898322817,0.5193339101677185,18683536.806980543,15239,6558
16,2019,3,0.22695563461905288,0.2597422969802523,0.513302068400695,0.4866979315993052,1701699.5499839694,3894,1710
17,2019,3,0.22545017790880723,0.25663952284153047,0.5179102992496624,0.4820897007503377,3446500.2020388264,6193,2562
21,2019,3,0.2194940304078601,0.2515870734264329,0.5289188961657071,0.471081103834293,15008139.97584297,27130,12940
22,2019,3,0.22360015193630348,0.26034194764863383,0.5160579004150627,0.4839420995849373,7695339.5130484365,9986,3866
23,2019,3,0.221813361426968,0.2539360051578495,0.5242506334151825,0.4757493665848175,21057205.991326954,22390,8613
24,2019,3,0.2151028846417708,0.2422536945326452,0.542643420825584,0.45735657917441597,7939358.829799937,9035,3520
25,2019,3,0.22604545534808126,0.24297184775632363,0.5309826968955951,0.4690173031044049,9499660.752909292,11405,4706
26,2019,3,0.21645479802308076,0.2367792801026904,0.5467659218742289,0.45323407812577116,20607806.708470963,16588,6791
27,2019,3,0.21650730693196923,0.22364728463722786,0.5598454084308031,0.4401545915691971,7039001.523276469,15374,7412
28,2019,3,0.22868107982729385,0.25503886101943724,0.516280059153269,0.4837199408467311,5200118.671005437,8131,3027
29,2019,3,0.21246251265167546,0.2449022852038165,0.5426352021445081,0.45736479785549194,34223801.04512918,20852,7794
31,2019,3,0.183584318272716,0.2717298179894875,0.5446858637377966,0.4553141362622035,50711803.50823073,32673,11258
32,2019,3,0.1894027825628011,0.26037440098571146,0.5502228164514874,0.4497771835485126,9269045.740243291,15968,5435
33,2019,3,0.18111386777335645,0.22033367308927257,0.5985524591373711,0.401447540862629,42413441.5893421,31756,11367
35,2019,3,0.18576271834109273,0.23691546565607197,0.5773218160028354,0.4226781839971647,109803471.63314989,34803,11125
41,2019,3,0.18399369751880612,0.2675608639724469,0.5484454385087469,0.451554561491253,27185988.576330576,22968,9954
42,2019,3,0.1867975656601421,0.2761949910483952,0.5370074432914628,0.4629925567085373,17499869.28149906,26023,11373
43,2019,3,0.17962517559435764,0.25945734168605766,0.5609174827195846,0.4390825172804153,27263522.02573339,23469,10038
50,2019,3,0.21397093767336955,0.22949299743824908,0.5565360648883814,0.44346393511161863,6261169.788555054,9310,3329
51,2019,3,0.20897358348844353,0.23072867310636885,0.5602977434051877,0.4397022565948124,8035013.669155067,10508,3809
52,2019,3,0.20133948764069115,0.2295688537068278,0.5690916586524811,0.430908341347519,16430598.98334444,14562,5086
53,2019,3,0.19549938127893873,0.1998511969872487,0.6046494217338124,0.39535057826618747,6997577.161773996,8055,3114
11,2019,4,0.24584379863856398,0.2604224607596361,0.4937337406018,0.5062662593982001,3944089.622007325,7229,3182
12,2019,4,0.2263611999347548,0.24483725214513205,0.528801547920113,0.47119845207988686,1854450.800546309,7594,3783
13,2019,4,0.22984453691511617,0.2741009270103649,0.49605453607451894,0.5039454639254811,8510671.158767559,11392,5308
14,2019,4,0.2290803629024226,0.26362098608541357,0.5072986510121638,0.49270134898783613,1179347.7244603226,4525,1877
15,2019,4,0.23469253612275923,0.2882148526807053,0.47709261119653534,0.5229073888034645,18834563.310099468,14859,6475
16,2019,4,0.23301291003451727,0.26384792160229376,0.503139168363189,0.49686083163681105,1693332.613364209,3793,1632
17,2019,4,0.22554094720091106,0.2642421916586764,0.5102168611404124,0.48978313885958746,3478141.927049035,5962,2507
21,2019,4,0.2242419600569749,0.2527858550037247,0.5229721849393005,0.4770278150606996,15317707.998308476,26783,12709
22,2019,4,0.22027646082219657,0.25694742188295705,0.5227761172948464,0.4772238827051536,7735579.499889657,9966,3965
23,2019,4,0.22593750677787006,0.25467860208641496,0.5193838911357151,0.480616108864285,21178538.00427507,22148,8629
24,2019,4,0.2152886505354544,0.23723117350223527,0.5474801759623105,0.45251982403768964,7930351.039813219,8741,3457
25,2019,4,0.22755999960909876,0.24079997204779766,0.5316400283431035,0.4683599716568964,9428838.658886682,11278,4676
26,2019,4,0.21891994427796713,0.24190729721626386,0.5391727585057692,0.460827241494231,20834999.583243567,16373,6672
27,2019,4,0.21642166858809206,0.2317882157894564,0.5517901156224515,0.4482098843775485,7233365.483077658,15502,7590
28,2019,4,0.22597224152232037,0.2552464733821124,0.5187812850955672,0.4812187149044328,5221073.232062511,8051,2942
29,2019,4,0.21209934869621072,0.24761409226577177,0.5402865590380175,0.4597134409619825,34296554.21032126,20487,7611
31,2019,4,0.18608846207784271,0.269342571907622,0.5445689660145353,0.4554310339854647,50954960.58954322,32320,11098
32,2019,4,0.18919416849431006,0.2590172118858695,0.5517886196198205,0.4482113803801796,9375713.720359588,16022,5473
33,2019,4,0.18217636268065546,0.22162861523145858,0.596195022087886,0.403804977912114,42424010.11871131,31563,11331
35,2019,4,0.18851754499312406,0.2433947532607707,0.5680877017461053,0.43191229825389477,108941231.18562025,34212,10945
41,2019,4,0.18587878275938557,0.2746443825982609,0.5394768346423535,0.4605231653576465,27195474.621422753,22845,10017
42,2019,4,0.18923703854881477,0.2739493079734284,0.5368136534777569,0.4631863465222432,17606110.60666323,25931,11336
43,2019,4,0.1820168516819605,0.26286504183114845,0.555118106486891,0.4448818935131089,27451283.92192717,23285,9935
50,2019,4,0.21047166569789244,0.22359456070887146,0.565933773593236,0.4340662264067639,6266778.784716893,9088,3368
51,2019,4,0.21214501061666402,0.23470617657931303,0.5531488128040228,0.44685118719597705,8081869.10982313,10098,3776
52,2019,4,0.205523866454857,0.22558725180380446,0.5688888817413384,0.43111111825866144,16427201.261842977,14210,4991
53,2019,4,0.20031235064815023,0.1971657440565893,0.6025219052952606,0.3974780947047395,6958360.740948854,7828,3090
11,2020,1,0.2501775021870835,0.25267985459082054,0.49714264322209606,0.502857356777904,3955272.0482963165,6354,2681
12,2020,1,0.2288687587918299,0.24379023438373393,0.5273410068244362,0.4726589931755638,1843894.559045332,6834,3488
13,2020,1,0.22660128635769136,0.2731869463167119,0.5002117673255968,0.4997882326744033,8624741.176754856,9965,4716
14,2020,1,0.22209714308975867,0.26526473075042023,0.5126381261598213,0.4873618738401789,1189023.7627602774,4028,1654
15,2020,1,0.23209680114055511,0.28167655865294844,0.48622664020649653,0.5137733597935036,18702000.406660233,13341,5830
16,2020,1,0.22697188863760895,0.2653492661781341,0.5076788451842569,0.492321154815743,1715524.6285281447,3464,1518
17,2020,1,0.22810468718483853,0.25149894693724645,0.520396365877915,0.47960363412208495,3457912.018166471,5373,2230
21,2020,1,0.21666003964421596,0.24816398421513566,0.5351759761406484,0.4648240238593516,15476944.473279577,24448,11755
22,2020,1,0.21590885693818979,0.2519679728535275,0.5321231702082827,0.4678768297917173,7757252.6237316225,8780,3542
23,2020,1,0.21980256761059463,0.24665041153864717,0.5335470208507582,0.4664529791492418,20893304.165659547,19107,7634
24,2020,1,0.20891023164110845,0.23778963736213146,0.5533001309967601,0.4466998690032399,7741311.4873763025,7726,3080
25,2020,1,0.22473338019003491,0.2419527444237243,0.5333138753862409,0.46668612461375925,9331720.719702283,10031,4190
26,2020,1,0.21075269381734282,0.23979232376734338,0.5494549824153139,0.45054501758468624,21159406.918190353,14497,6029
27,2020,1,0.2095497070787172,0.2277850492972166,0.5626652436240663,0.4373347563759338,7242297.460705765,13357,6481
28,2020,1,0.21754285171449833,0.2555369869186009,0.5269201613669009,0.4730798386330992,5188201.416578107,7305,2732
29,2020,1,0.2090141673674095,0.2343648373498974,0.556620995282693,0.4433790047173069,34268732.261789076,17782,6525
31,2020,1,0.1823099989251345,0.2623903211095997,0.5552996799652659,0.4447003200347342,51335161.69182567,30334,10474
32,2020,1,0.1899285080765248,0.25752917451936863,0.5525423174041065,0.44745768259589347,9258800.734870013,14204,4925
33,2020,1,0.18098677451155587,0.21465056266564347,0.6043626628228007,0.39563733717719934,42651982.65259649,28487,10239
35,2020,1,0.18593081833870603,0.23741383195292826,0.5766553497083657,0.42334465029163426,109320219.5152441,30834,9941
41,2020,1,0.18418247174653324,0.26815077309329893,0.5476667551601677,0.45233324483983217,27238556.73930604,20324,8885
42,2020,1,0.18990956717094498,0.2650148160010588,0.5450756168279963,0.4549243831720038,17659481.344940882,23318,10349
43,2020,1,0.17854719295842675,0.25796325999948017,0.5634895470420931,0.4365104529579069,27470649.098767485,21120,9028
50,2020,1,0.21124199926420076,0.2235891228587205,0.5651688778770787,0.4348311221229213,6269932.357667045,8116,3000
51,2020,1,0.21617930297492702,0.22724565883623335,0.5565750381888397,0.44342496181116037,8076669.124365691,9528,3495
52,2020,1,0.2013788543754829,0.22082402070120066,0.5777971249233165,0.4222028750766835,16483346.676734587,13101,4759
53,2020,1,0.1982331292829931,0.19332133086898703,0.6084455398480197,0.39155446015198014,7026843.766603788,7016,2855
11,2020,2,0.24904625011054934,0.23123179985614303,0.5197219500333077,0.4802780499666924,3957974.0155246947,4787,2180
12,2020,2,0.230348625521295,0.24041801099803237,0.5292333634806726,0.4707666365193274,1870149.5124820722,4798,2459
13,2020,2,0.2246397524795371,0.249838671484118,0.525521576036345,0.47447842396365514,8939801.534865849,7572,3796
14,2020,2,0.2236141539025967,0.24960521411048192,0.5267806319869214,0.4732193680130786,1212493.6828618913,3974,1866
15,2020,2,0.2327595866264596,0.2677392969675379,0.49950111640600253,0.5004988835939975,19158393.35495626,8896,4272
16,2020,2,0.22753329582918422,0.26029427994707305,0.5121724242237429,0.48782757577625724,1717381.8639381758,2981,1545
17,2020,2,0.2181625396250797,0.2504399754828703,0.5313974848920501,0.46860251510795,3444781.711295476,4092,1868
21,2020,2,0.21382126267338092,0.23988871105663093,0.5462900262699881,0.4537099737300119,15667122.045768898,15909,8355
22,2020,2,0.20957416498684936,0.23924580003122015,0.5511800349819306,0.44881996501806953,7875951.017399958,6795,3274
23,2020,2,0.21737261578842612,0.23633578476620923,0.5462915994453647,0.45370840055463535,20580707.45052721,12238,5761
24,2020,2,0.2008489338531774,0.22713541716441082,0.5720156489824118,0.42798435101758825,7982092.365032086,5626,2626
25,2020,2,0.22428065781859094,0.22718200283189496,0.5485373393495142,0.4514626606504859,9267247.135439223,6619,3181
26,2020,2,0.2104376778795949,0.22766110124863143,0.5619012208717737,0.4380987791282263,20160138.30042293,11217,5376
27,2020,2,0.2057013549950081,0.23465307692426843,0.5596455680807235,0.44035443191927653,7203136.2731944,10676,5695
28,2020,2,0.20788018564628286,0.23678745594932735,0.5553323584043898,0.44466764159561023,5326493.46778122,5401,2314
29,2020,2,0.19929228527785184,0.22824523990560341,0.5724624748165448,0.4275375251834552,33862260.09528301,12436,5515
31,2020,2,0.17918136994470227,0.25112838274888344,0.5696902473064142,0.43030975269358573,51993750.77731778,28782,10883
32,2020,2,0.18835785221675952,0.2416950513625744,0.569947096420666,0.4300529035793339,9371015.787163686,10043,3715
33,2020,2,0.17424474822603614,0.20359957493494196,0.6221556768390218,0.3778443231609781,42235356.38462598,21053,8498
35,2020,2,0.1851230522773847,0.22024870388031956,0.5946282438422957,0.40537175615770427,109152254.77330497,25538,9422
41,2020,2,0.18535400239183858,0.2568679182129345,0.5577780793952269,0.44222192060477306,27468231.643259533,14954,6799
42,2020,2,0.1872274760183916,0.25631856908836725,0.5564539548932412,0.4435460451067589,17518025.841714103,17820,8179
43,2020,2,0.17627139016218055,0.24301291850292434,0.5807156913348952,0.4192843086651049,27832568.078845784,17280,7769
50,2020,2,0.20074110129277645,0.21507084297461598,0.5841880557326077,0.41581194426739243,6261515.777280059,6166,2480
51,2020,2,0.20936312419155,0.21780287279631416,0.5728340030121358,0.42716599698786417,8170609.931137171,7102,2785
52,2020,2,0.1987669577649791,0.21441246947083054,0.5868205727641905,0.41317942723580964,16702298.59001647,10193,4066
53,2020,2,0.18479858163585625,0.1883529734761047,0.626848444888039,0.37315155511196096,7108034.8008273635,4851,2140
11,2020,3,0.2391932831277464,0.23308426280350455,0.5277224540687491,0.47227754593125093,3951426.9776548096,4804,2116
12,2020,3,0.2228182045166643,0.2286817350394437,0.5485000604438922,0.451499939556108,1933042.8832342965,4596,2322
13,2020,3,0.2219603159010386,0.2514520307119957,0.5265876533869658,0.4734123466130343,9164701.208430268,8133,4000
14,2020,3,0.22535147454200888,0.24133734140540414,0.5333111840525869,0.466688815947413,1248558.1988579668,3770,1735
15,2020,3,0.22828339932897154,0.27559004394023795,0.4961265567307906,0.5038734432692095,19162826.569468644,9625,4451
16,2020,3,0.21865097398694902,0.2564064097993832,0.524942616213668,0.4750573837863322,1707440.3060488729,2849,1437
17,2020,3,0.22291860323708484,0.2418593801550057,0.5352220166079096,0.46477798339209053,3321648.363118588,3750,1719
21,2020,3,0.21225286676041813,0.23965497840738936,0.5480921548321925,0.45190784516780746,15513702.12012349,18556,9628
22,2020,3,0.21335393975554237,0.24882444055871025,0.5378216196857475,0.4621783803142526,7955854.796364648,6939,3246
23,2020,3,0.2144278825182719,0.23426345865520176,0.5513086588265264,0.44869134117347365,21016930.398715552,13589,6478
24,2020,3,0.20521327142152876,0.2240997888618352,0.5706869397166361,0.42931306028336397,7814536.288291456,5645,2555
25,2020,3,0.20879089547576749,0.2286376696229148,0.5625714349013176,0.4374285650986823,9314452.823611245,6557,3131
26,2020,3,0.20830504742094294,0.22309101481439653,0.5686039377646606,0.43139606223533944,19371293.18291757,10650,4957
27,2020,3,0.20450440384297452,0.22782321610933312,0.5676723800476924,0.4323276199523076,7213040.8628747575,10779,5632
28,2020,3,0.2064558184129046,0.2300171532865261,0.5635270283005693,0.4364729716994307,5261888.328075395,4941,2125
29,2020,3,0.1988557969091609,0.2211445868650582,0.5799996162257809,0.4200003837742191,33962065.6003111,12507,5515
31,2020,3,0.18068708582196602,0.2482949078044119,0.571018006373622,0.4289819936263779,52702592.82715881,28912,10815
32,2020,3,0.18415737012389902,0.24067313419239497,0.575169495683706,0.424830504316294,9424182.25954832,9738,3662
33,2020,3,0.1751638629605139,0.20056570611930208,0.6242704309201842,0.375729569079816,41741041.302882224,19630,7820
35,2020,3,0.18170350315841532,0.21580204159205846,0.6024944552495263,0.3975055447504738,110340891.24454345,23219,8571
41,2020,3,0.17706514348701793,0.25788432027202307,0.5650505362409591,0.434949463759041,27196289.769844484,13916,6395
42,2020,3,0.18512486142811477,0.2541702949086122,0.5607048436632729,0.439295156336727,17241023.379616633,16186,7499
43,2020,3,0.17436498234174733,0.2422566998584845,0.5833783177997681,0.4166216822002318,27737082.17490775,16809,7632
50,2020,3,0.19906057882277733,0.21057492515946558,0.5903644960177573,0.4096355039822429,6330048.714551719,5838,2368
51,2020,3,0.20617875687021564,0.21590745636255818,0.5779137867672262,0.42208621323277384,8171498.617822751,7089,2793
52,2020,3,0.1968303587730341,0.21535598148630616,0.5878136597406596,0.41218634025934026,16964972.124460444,9900,3924
53,2020,3,0.19088100992937454,0.18593003496887217,0.6231889551017533,0.3768110448982467,6954419.160217933,5073,2176
11,2020,4,0.23785316458968156,0.24511923053982634,0.5170276048704922,0.4829723951295079,3996536.984648658,4526,1936
12,2020,4,0.22452782917591246,0.2360922091731708,0.5393799616509167,0.46062003834908327,1921738.3180541832,4707,2207
13,2020,4,0.22187245723411972,0.26228217777894225,0.5158453649869379,0.484154635013062,9010406.32334363,7603,3610
14,2020,4,0.22704805762497124,0.2566293542926025,0.5163225880824264,0.48367741191757374,1291536.5456768225,3196,1450
15,2020,4,0.22831918500550372,0.2858745413958026,0.48580627359869377,0.5141937264013063,19161404.006987832,8860,3990
16,2020,4,0.2175562834800425,0.25018150627969155,0.532262210240266,0.467737789759734,1756064.3453005739,2670,1254
17,2020,4,0.21918276006683152,0.26287046180446894,0.5179467781286996,0.48205322187130045,3228607.1860869704,2916,1315
21,2020,4,0.21900845337900912,0.25069353135477906,0.5302980152662118,0.4697019847337882,15506280.13277929,16588,8447
22,2020,4,0.22346975394915258,0.2574934225817611,0.5190368234690865,0.4809631765309137,7834529.109447235,5735,2491
23,2020,4,0.2129518208107505,0.23991563186516268,0.5471325473240869,0.4528674526759132,20660428.43662852,12268,5551
24,2020,4,0.21516756932951586,0.23133498298647054,0.5534974476840137,0.4465025523159864,8003362.02285741,4212,1796
25,2020,4,0.22040118852647303,0.2372481072784563,0.5423507041950707,0.4576492958049293,9115867.529826296,6035,2714
26,2020,4,0.21383307759512946,0.23055412980868495,0.5556127925961856,0.44438720740381443,18935967.99071973,10369,4490
27,2020,4,0.20562793868837795,0.22983794809239277,0.5645341132192293,0.4354658867807707,7183809.496485895,9330,4574
28,2020,4,0.2130431845830535,0.23249850396709468,0.5544583114498519,0.4455416885501482,5261769.152949336,4090,1654
29,2020,4,0.20137296019327872,0.23467708927890987,0.5639499505278116,0.4360500494721886,34354787.92609265,12024,5063
31,2020,4,0.18201872414077538,0.25295041796948714,0.5650308578897374,0.4349691421102625,53707598.18727464,27205,9943
32,2020,4,0.18451836871641447,0.24801067484030317,0.5674709564432824,0.4325290435567176,9425535.35914677,8866,3251
33,2020,4,0.17268768649644728,0.2017126187773912,0.6255996947261617,0.3744003052738385,41737080.670498885,17213,6649
35,2020,4,0.18100657099388467,0.22287166639012618,0.5961217626159893,0.40387823738401085,110525971.04491441,20499,7253
41,2020,4,0.17851782429540347,0.25359325040845104,0.5678889252961454,0.4321110747038545,27448315.963702887,12469,5729
42,2020,4,0.18679992250089417,0.25652282571925206,0.5566772517798536,0.4433227482201462,16636190.419693992,13543,6264
43,2020,4,0.1778425120380096,0.2492660012828365,0.572891486679154,0.4271085133208461,27758964.94321167,15956,7226
50,2020,4,0.20582523024370397,0.21557417824125613,0.57860059151504,0.4213994084849601,6344585.979292795,5554,2225
51,2020,4,0.2024686105121935,0.21287410395386824,0.5846572855339384,0.41534271446606175,8138962.07364572,6685,2519
52,2020,4,0.19578067509180658,0.21900422525442673,0.5852150996537667,0.4147849003462333,17185293.25505833,9102,3546
53,2020,4,0.19083130526576864,0.1893837213078845,0.6197849734263469,0.38021502657365314,7065960.567107083,4966,2084
11,2021,1,0.2300984195132261,0.2501773483644493,0.5197242321223247,0.48027576787767545,3967705.3181529837,4712,2106
12,2021,1,0.21624105812495192,0.2455380049843993,0.5382209368906489,0.46177906310935124,1941643.0608912446,4497,2081
13,2021,1,0.21951125901481136,0.2595027564279594,0.5209859845572294,0.4790140154427708,9206510.654435407,7976,3820
14,2021,1,0.22706095933387993,0.26634142783863085,0.5065976128274894,0.4934023871725108,1314468.2961370838,2998,1343
15,2021,1,0.22370410238794355,0.2736885714396192,0.5026073261724372,0.4973926738275628,19223619.631378997,8488,3826
16,2021,1,0.218931271452922,0.2528493412441787,0.5282193873028995,0.4717806126971007,1711463.3783066012,2520,1152
17,2021,1,0.20800172319777568,0.24233219841451967,0.5496660783877046,0.45033392161229535,3201722.693822069,2527,1107
21,2021,1,0.21389939522957951,0.24698697259402952,0.5391136321763911,0.46088636782360903,15569669.98615058,15756,7831
22,2021,1,0.21859569189436567,0.25071025676191167,0.5306940513437227,0.46930594865627734,8112851.154538291,5498,2376
23,2021,1,0.20779434302579664,0.24270864806287218,0.5494970089113314,0.4505029910886688,20296839.318599135,11287,5096
24,2021,1,0.2107367720437747,0.2374113285170541,0.5518518994391712,0.44814810056082877,7900530.753514618,4126,1756
25,2021,1,0.21991312387462233,0.24042671193887188,0.5396601641865059,0.46033983581349425,9232641.521051425,6242,2756
26,2021,1,0.2135554301916076,0.23061643525523565,0.5558281345531568,0.4441718654468433,18987240.90421503,9971,4236
27,2021,1,0.2113206383773666,0.23442424171352688,0.5542551199091066,0.44574488009089347,7074956.773012728,8728,4207
28,2021,1,0.21048299141835278,0.24807027509503293,0.5414467334866144,0.4585532665133857,5244752.013001057,4246,1707
29,2021,1,0.20081065857560002,0.23335456019789141,0.5658347812265085,0.43416521877349146,33731003.77086736,11301,4659
31,2021,1,0.17861665920757827,0.25122385024553673,0.570159490546885,0.429840509453115,53973897.06359467,26049,9314
32,2021,1,0.18659108484520123,0.2525696455150532,0.5608392696397456,0.4391607303602544,9517984.977717074,8792,3227
33,2021,1,0.16947979819422257,0.19736834475526105,0.6331518570505164,0.36684814294948365,41808785.55310409,13952,5295
35,2021,1,0.1791536964665791,0.2274171525048366,0.5934291510285844,0.4065708489714157,110714667.27629076,19517,6850
41,2021,1,0.17938754497854073,0.25346002892439623,0.5671524260970631,0.43284757390293693,27705638.256099116,10331,4669
42,2021,1,0.18300629853816264,0.2569562618094161,0.5600374396524211,0.43996256034757875,16802380.678394422,14142,6422
43,2021,1,0.17354271250730077,0.24265053796298122,0.583806749529718,0.416193250470282,27808117.915154193,14680,6488
50,2021,1,0.19787389387383297,0.20983180656735323,0.5922942995588139,0.4077057004411862,6450039.484693807,5016,1969
51,2021,1,0.19905687363438151,0.2218024657198899,0.5791406606457286,0.42085933935427144,7978911.363582572,5889,2321
52,2021,1,0.19575767596965546,0.21550225517154972,0.5887400688587948,0.4112599311412052,17564193.919938363,8725,3358
53,2021,1,0.19287893950956245,0.18615572332006383,0.6209653371703738,0.3790346628296263,7053516.870926453,5005,2011
11,2021,2,0.233385457772123,0.25062219197667795,0.515992350251199,0.48400764974880095,4052964.698444945,5153,2290
12,2021,2,0.22073225809205235,0.25241436371397835,0.5268533781939694,0.47314662180603073,2005205.619146359,4867,2236
13,2021,2,0.22327365801964785,0.26595259126059645,0.5107737507197556,0.4892262492802443,9344789.28990743,8427,3818
14,2021,2,0.23439912891411271,0.27285069253743777,0.4927501785484495,0.5072498214515505,1342931.792433718,3029,1333
15,2021,2,0.2313707379493348,0.2696687169537508,0.49896054509691445,0.5010394549030855,19796723.495757602,9098,4015
16,2021,2,0.21670414522361542,0.26201921829359065,0.5212766364827941,0.47872336351720607,1692784.7759686,2491,1129
17,2021,2,0.21559532489251276,0.2487206846221198,0.5356839904853675,0.4643160095146326,3210500.9165229974,2974,1254
21,2021,2,0.21714737380148486,0.2440310106782044,0.5388216155203108,0.4611783844796893,15638228.820821691,16647,8075
22,2021,2,0.2186295182870532,0.253382653973069,0.5279878277398778,0.47201217226012226,8150383.650360245,6450,2729
23,2021,2,0.20952926199816865,0.24721879917578188,0.5432519388260494,0.4567480611739505,20392162.94219689,12615,5542
24,2021,2,0.20915656112796366,0.24166607535450865,0.5491773635175279,0.45082263648247234,8087779.335326567,5182,2219
25,2021,2,0.21695908241538173,0.2418371546213926,0.5412037629632258,0.4587962370367743,9436060.914101094,6949,3129
26,2021,2,0.21386960285871345,0.22783598823631415,0.5582944089049725,0.4417055910950276,19059130.84766145,9879,4152
27,2021,2,0.2080965994035257,0.23406839994415443,0.5578350006523198,0.44216499934768017,7017181.645854328,9201,4321
28,2021,2,0.2128888456622587,0.24681520381368824,0.5402959505240531,0.45970404947594695,5334378.705068853,4703,1899
29,2021,2,0.2058616849350327,0.23410732922282837,0.560030985842139,0.43996901415786105,33433701.562780544,12261,4864
31,2021,2,0.18190798797828342,0.2563892920037045,0.561702720018012,0.438297279981988,54211614.78303774,27245,9680
32,2021,2,0.18471577904418046,0.2607427807996357,0.5545414401561838,0.44545855984381616,9655209.75188485,9656,3478
33,2021,2,0.17438151759746193,0.20728018172867932,0.6183383006738589,0.38166169932614125,42013963.88117395,14558,5290
35,2021,2,0.18056675866022212,0.22304456856591526,0.5963886727738628,0.40361132722613735,110023673.92045918,21659,7502
41,2021,2,0.1792740263900866,0.2646412139982603,0.5560847596116532,0.4439152403883469,27073104.91363745,16021,7334
42,2021,2,0.1847222930464931,0.26434597843096663,0.5509317285225404,0.44906827147745976,16769005.260773217,15828,7121
43,2021,2,0.1714869726695269,0.25276382130229463,0.5757492060281784,0.4242507939718215,27987499.507178202,16327,7097
50,2021,2,0.20165041104076295,0.2193764174233929,0.5789731715358442,0.42102682846415584,6565954.156343883,5666,2175
51,2021,2,0.20002162831818568,0.22143765552370562,0.5785407161581088,0.4214592838418913,8154602.558253362,6510,2564
52,2021,2,0.1961555409932397,0.2176407236716895,0.586203735335071,0.4137962646649292,17835076.84405808,9458,3651
53,2021,2,0.18983485265147543,0.19832416915320636,0.6118409781953182,0.38815902180468176,7054628.755121935,5392,2144
11,2021,3,0.2394150758309529,0.25337776091499825,0.5072071632540489,0.49279283674595115,4017158.737237339,5720,2480
12,2021,3,0.22518970729329094,0.24807963806350236,0.5267306546432068,0.4732693453567933,1904930.290483661,6253,3005
13,2021,3,0.2273380384836577,0.27444005223468154,0.49822190928166077,0.5017780907183392,9283511.448224142,9896,4420
14,2021,3,0.23304237781660633,0.27686547945633144,0.4900921427270623,0.5099078572729377,1302792.8397241551,3775,1665
15,2021,3,0.2340062360968074,0.2775227407265761,0.4884710231766166,0.5115289768233835,19636297.434530616,11348,4844
16,2021,3,0.22775898184888466,0.25575133857387644,0.516489679577239,0.4835103204227611,1787725.1614175094,2923,1306
17,2021,3,0.2322366064684579,0.25395698364563435,0.5138064098859076,0.48619359011409224,3264254.697311364,4291,1758
21,2021,3,0.21849117491305128,0.2553069647564437,0.5262018603305051,0.473798139669495,15494523.213157848,20746,9804
22,2021,3,0.22428687630141292,0.2515580610272025,0.5241550626713847,0.47584493732861544,8112657.55068999,7700,3241
23,2021,3,0.2155647346080949,0.25027396207717073,0.5341613033147344,0.4658386966852656,20471492.094846714,15702,6620
24,2021,3,0.2086733293754059,0.24596601826297268,0.5453606523616216,0.45463934763837854,8018136.530785698,6849,2860
25,2021,3,0.21293341563704066,0.2410837153381756,0.5459828690247838,0.45401713097521623,9738036.61950846,8444,3694
26,2021,3,0.21263776691828926,0.23457552065814033,0.5527867124235704,0.4472132875764296,19917677.606952973,12363,5118
27,2021,3,0.21128686598344049,0.24295666011872263,0.5457564738978369,0.4542435261021631,6994929.899896987,12294,5519
28,2021,3,0.21878083947835134,0.2508655650928291,0.5303535954288197,0.46964640457118045,5360266.48751804,5610,2206
29,2021,3,0.20683090871927792,0.24920134873481653,0.5439677425459055,0.4560322574540945,33617076.09623442,15665,5730
31,2021,3,0.18453309737290666,0.2626209209611651,0.5528459816659282,0.44715401833407176,53849431.19434733,28528,9934
32,2021,3,0.18673386928482022,0.25690288250065474,0.556363248214525,0.44363675178547496,9866101.537465617,11738,4132
33,2021,3,0.17681536284806132,0.22241799337558105,0.6007666437763576,0.39923335622364237,41456122.3104765,20824,7399
35,2021,3,0.18274387234583506,0.23164633547013344,0.5856097921840316,0.41439020781596847,109995549.57266676,26354,8779
41,2021,3,0.1795120682969211,0.275799872287912,0.544688059415167,0.45531194058483304,27874822.553717293,19437,8639
42,2021,3,0.18340676594289854,0.27653473733572037,0.5400584967213811,0.45994150327861894,17344540.396551408,19475,8783
43,2021,3,0.17632804681282715,0.25656629065297726,0.5671056625341956,0.4328943374658044,28115966.051032703,18550,8105
50,2021,3,0.2057667082392498,0.23254637135080816,0.5616869204099422,0.43831307959005794,6485604.3900587475,7389,2810
51,2021,3,0.20520592574943808,0.2380743995691077,0.5567196746814542,0.4432803253185458,8285105.041014187,8293,3223
52,2021,3,0.20261108801699398,0.23224398987181044,0.5651449221111955,0.4348550778888044,17759733.841212347,11512,4335
53,2021,3,0.19183690668387995,0.19874831657399078,0.6094147767421293,0.3905852232578707,7032875.456092539,6277,2446
11,2021,4,0.2406410277696387,0.2616875027724548,0.4976714694579066,0.5023285305420935,4015195.211665949,5883,2549
12,2021,4,0.2275331730378484,0.25648192156326594,0.5159849053988856,0.48401509460111436,1913209.0335359904,6795,3290
13,2021,4,0.2283518463045528,0.27968718190093805,0.49196097179450926,0.5080390282054909,9169360.576265715,10438,4742
14,2021,4,0.2391004200443813,0.2823071455721142,0.4785924343835045,0.5214075656164956,1301351.464241537,3981,1758
15,2021,4,0.23181381975276827,0.28724251050864213,0.48094366973858965,0.5190563302614104,19726547.809131294,12358,5240
16,2021,4,0.22348143034725715,0.26277805042393376,0.513740519228809,0.4862594807711909,1804820.131912345,3064,1306
17,2021,4,0.22181779979266666,0.27381338919363774,0.5043688110136957,0.4956311889863044,3384746.4142965944,4813,1930
21,2021,4,0.21856985677815852,0.2605935952504319,0.5208365479714095,0.47916345202859045,15650937.321405696,21515,10168
22,2021,4,0.22256557120358628,0.25766716719451666,0.5197672616018971,0.48023273839810293,8170473.836803436,8323,3402
23,2021,4,0.216780357695873,0.25107159257574546,0.5321480497283816,0.46785195027161847,20798012.332955923,16905,7088
24,2021,4,0.21188047702833546,0.25430489456515476,0.5338146284065098,0.4661853715934902,8040132.493292166,7220,2964
25,2021,4,0.2116049483212163,0.2547100861025494,0.5336849655762345,0.4663150344237657,9683703.078857888,9667,4187
26,2021,4,0.21190311411977727,0.24832283044732176,0.5397740554329009,0.46022594456709903,20375369.05024317,13215,5441
27,2021,4,0.21176531978195515,0.25826844752795436,0.5299662326900905,0.47003376730990953,7026290.6754896585,13515,5981
28,2021,4,0.22219441794512518,0.25973493431655287,0.5180706477383219,0.48192935226167805,5501443.474856624,6512,2494
29,2021,4,0.2098929418885998,0.24869569550514387,0.5414113626062563,0.45858863739374367,33773552.83533994,16603,6035
31,2021,4,0.1885687418432677,0.264785561729324,0.5466456964274085,0.45335430357259165,53510242.473225,28447,9827
32,2021,4,0.1839655751185967,0.2604857201894053,0.5555487046919981,0.444451295308002,9844235.492649516,12363,4371
33,2021,4,0.17618768575027283,0.22624322428373883,0.5975690899659882,0.40243091003401166,41609183.15441829,24712,8714
35,2021,4,0.18725137410444742,0.2427772125815171,0.5699714133140354,0.43002858668596455,109317448.64245541,27551,9176
41,2021,4,0.18352812216568173,0.27968014439033095,0.5367917334439872,0.46320826655601266,27970718.696773045,20371,8974
42,2021,4,0.1854378011564301,0.2785483731234149,0.536013825720155,0.463986174279845,17741085.455221895,21628,9691
43,2021,4,0.17834964866954686,0.26109524925715344,0.5605551020732997,0.4394448979267003,28108085.396165423,19181,8267
50,2021,4,0.20774248178230115,0.23298554128771176,0.5592719769299872,0.4407280230700129,6634990.809498397,7777,2923
51,2021,4,0.20970907143185877,0.23483515503255517,0.555455773535586,0.44454422646441394,8334500.4775910545,8749,3310
52,2021,4,0.20742740814184368,0.2331306428008004,0.5594419490573559,0.4405580509426441,17674336.284518078,12916,4891
53,2021,4,0.19621052019975666,0.2061407368278472,0.5976487429723961,0.4023512570276039,7141570.982876042,6017,2375
11,2022,1,0.24413701669957397,0.24815894320238813,0.5077040400980379,0.49229595990196207,4070785.975277588,5895,2639
12,2022,1,0.22310877794967646,0.2437597385091692,0.5331314835411544,0.46686851645884564,1919992.8200655803,6957,3432
13,2022,1,0.22972196771541836,0.2738619365511246,0.4964160957334571,0.503583904266543,9304720.85944414,10671,4918
14,2022,1,0.23336105488948253,0.26909389578717996,0.49754504932333754,0.5024549506766625,1320384.5815570117,4046,1880
15,2022,1,0.22753152685218614,0.2759110657806803,0.49655740736713355,0.5034425926328665,20078207.595172785,13211,5633
16,2022,1,0.2281756362138008,0.2597415590252967,0.5120828047609025,0.4879171952390975,1765333.6211688519,2953,1367
17,2022,1,0.22657652317152308,0.2625873426764316,0.5108361341520453,0.4891638658479547,3381187.0438075387,4970,2019
21,2022,1,0.21701849622586247,0.2555627269121217,0.5274187768620159,0.4725812231379841,15835118.813358136,22621,10794
22,2022,1,0.21989890849307728,0.2566864682374429,0.5234146232694799,0.47658537673052015,8164826.265924282,8937,3665
23,2022,1,0.21376983572619485,0.24956431526330156,0.5366658490105036,0.4633341509894964,21268111.672169257,17744,7713
24,2022,1,0.20806876550607578,0.2452620278253968,0.5466692066685275,0.4533307933314726,8036676.036469372,7537,3090
25,2022,1,0.21467545623486486,0.2425385304235799,0.5427860133415553,0.45721398665844476,9740238.566844491,9977,4210
26,2022,1,0.2140654678165244,0.23787269903246727,0.5480618331510083,0.4519381668489917,20426380.0882828,13489,5487
27,2022,1,0.2171455544289362,0.2433669376120908,0.539487507958973,0.460512492041027,7109605.042074978,14064,6456
28,2022,1,0.21879032898167783,0.26371046171196216,0.51749920930636,0.48250079069364,5574969.053645804,6913,2690
29,2022,1,0.21240086744878633,0.24221733824660738,0.5453817943046063,0.4546182056953937,33418426.910553493,17024,6386
31,2022,1,0.18730317857519752,0.26318581380139283,0.5495110076234097,0.45048899237659035,53129623.7790278,28727,9904
32,2022,1,0.18697828437440409,0.2563859906679799,0.556635724957616,0.44336427504238396,9807457.856018385,13123,4681
33,2022,1,0.17727018637200992,0.21624569534989385,0.6064841182780965,0.39351588172190377,41709351.733095855,25385,9187
35,2022,1,0.1847371232233767,0.23765928005210493,0.5776035967245183,0.42239640327548167,109806337.79593964,28756,9560
41,2022,1,0.18300085587300788,0.27682204394045207,0.5401771001865401,0.4598228998134599,27794160.567570448,20448,9038
42,2022,1,0.18939115864974296,0.2731106248958117,0.5374982164544453,0.4625017835455547,18171517.47858934,22661,10185
43,2022,1,0.17805648740215912,0.260256616755887,0.5616868958419537,0.43831310415804614,28064990.527800553,20123,8538
50,2022,1,0.20727136415935088,0.22667390812219412,0.5660547277184551,0.433945272281545,6551537.959099056,8025,3106
51,2022,1,0.21306755477067865,0.22367123887084514,0.5632612063584763,0.4367387936415238,8368241.320677355,8976,3516
52,2022,1,0.20959474768118222,0.23155691585302762,0.5588483364657901,0.44115166353420987,17724644.557464693,13038,4864
53,2022,1,0.19579049125258333,0.20264644604603055,0.6015630627013862,0.39843693729861385,7204689.566514133,6714,2614
11,2022,2,0.2499145445910599,0.24410810839528513,0.5059773470136552,0.49402265298634507,4102997.5299196197,6128,2630
12,2022,2,0.2319699352696096,0.24458098498779793,0.5234490797425925,0.47655092025740753,1937305.646092907,7146,3563
13,2022,2,0.23191444251825388,0.27739044464913376,0.4906951128326125,0.5093048871673876,9251216.373561163,10753,5011
14,2022,2,0.245327808231127,0.270445123596178,0.484227068172695,0.515772931827305,1334683.879237277,4044,1856
15,2022,2,0.23398845287910736,0.28639419823156337,0.47961734888932933,0.5203826511106707,19861728.142274752,13488,5815
16,2022,2,0.23522233307346482,0.2794961304333335,0.48528153649320155,0.5147184635067983,1746017.8659704574,3022,1288
17,2022,2,0.23492862832889952,0.2694625005794033,0.4956088710916972,0.5043911289083028,3491125.2334819874,5219,2132
21,2022,2,0.22523587859199776,0.25863349369750194,0.5161306277105003,0.48386937228949967,15748629.109159408,23135,10640
22,2022,2,0.22145922432833967,0.25841820387007275,0.5201225718015877,0.4798774281984124,8164640.008946886,8989,3809
23,2022,2,0.21563449852234273,0.24948844289857405,0.5348770585790832,0.4651229414209168,21596148.055046946,18260,7777
24,2022,2,0.21022435762878824,0.24568547064371854,0.5440901717274932,0.4559098282725068,8239677.170717787,7657,3023
25,2022,2,0.21804402033603298,0.24247493128226213,0.5394810483817047,0.46051895161829515,9740560.1007899,10219,4257
26,2022,2,0.2184157934665458,0.24627110762563906,0.5353130989078152,0.46468690109218486,21099177.628093135,14063,5781
27,2022,2,0.2215540051056658,0.24521732603044497,0.5332286688638891,0.4667713311361108,7091119.69045108,14186,6481
28,2022,2,0.22264631413339722,0.2571319297737999,0.5202217560928029,0.47977824390719714,5453576.691494855,6933,2743
29,2022,2,0.21582668218926068,0.24658529850327218,0.5375880193074671,0.46241198069253286,33515644.265524473,17076,6319
31,2022,2,0.18956101900398312,0.27112159786663825,0.5393173831293785,0.4606826168706214,52984389.96215846,28956,9921
32,2022,2,0.19196484291091845,0.2582354083507439,0.5497997487383377,0.4502002512616623,9803064.934873497,13366,4603
33,2022,2,0.18072471466729045,0.2205817466982871,0.5986935386344225,0.40130646136557757,41976789.51437351,26136,9548
35,2022,2,0.18667911922351016,0.24320682443466587,0.570114056341824,0.429885943658176,109556748.6427471,29033,9437
41,2022,2,0.18265756497739188,0.27757674373032554,0.5397656912922826,0.4602343087077174,27727571.487897124,20391,8963
42,2022,2,0.18749778752703747,0.28031977880006687,0.5321824336728956,0.46781756632710436,18392049.860286992,23339,10254
43,2022,2,0.18174292652475935,0.25887109175311107,0.5593859817221296,0.4406140182778704,28061932.2075207,20617,8695
50,2022,2,0.20551000238183736,0.23350165912406096,0.5609883384941017,0.4390116615058983,6569273.019432357,8222,3027
51,2022,2,0.2143038579196986,0.22777630003036262,0.5579198420499389,0.4420801579500612,8524917.544951595,9367,3453
52,2022,2,0.21539423803124516,0.23978374955655227,0.5448220124122027,0.45517798758779743,17570140.19052901,13279,4747
53,2022,2,0.19833434604710645,0.20173641249201305,0.5999292414608807,0.4000707585391195,7231630.090811926,6964,2674
11,2022,3,0.2512478884291573,0.24497291749527206,0.5037791940755708,0.49622080592442935,4117540.4575755936,6340,2803
12,2022,3,0.23251102767118859,0.23956189745646755,0.5279270748723439,0.47207292512765614,1926087.1308916644,7166,3606
13,2022,3,0.23758382263008263,0.2780387222024841,0.4843774551674332,0.5156225448325668,9262514.633559339,10983,5140
14,2022,3,0.24542939833961874,0.2813868941256827,0.47318370753469857,0.5268162924653015,1348399.7289425165,4307,1897
15,2022,3,0.23568205978052545,0.2849545498006219,0.47936339041885273,0.5206366095811473,19943209.8294533,13426,5796
16,2022,3,0.23376833053889495,0.2739000117973158,0.4923316576637893,0.5076683423362107,1787432.9150171028,3229,1401
17,2022,3,0.232884002202101,0.26541827004355756,0.5016977277543414,0.4983022722456586,3516581.5315167177,5343,2153
21,2022,3,0.22743084409739486,0.2599882554153437,0.5125809004872615,0.48741909951273854,15722693.469956025,23699,10573
22,2022,3,0.22143966446917862,0.25693528848816843,0.521625047042653,0.47837495295734705,8147983.699918445,8984,3785
23,2022,3,0.21655862733057474,0.2559512313437016,0.5274901413257237,0.47250985867427636,21694542.37383277,18442,7807
24,2022,3,0.2127697108768946,0.2485443097353438,0.5386859793877616,0.4613140206122384,8353660.703268822,7876,3165
25,2022,3,0.21857176858094082,0.25023410755879877,0.5311941238602603,0.46880587613973956,9787796.287060477,10227,4182
26,2022,3,0.2175451437603206,0.24115377208334124,0.5413010841563382,0.45869891584366185,21390476.910250083,14437,5843
27,2022,3,0.22323053539208515,0.24955906866987382,0.5272103959380411,0.47278960406195897,7116586.685731474,14503,6465
28,2022,3,0.22487607524082193,0.2532566246740602,0.521867300085118,0.4781326999148821,5462853.05181498,7066,2830
29,2022,3,0.2151815811621422,0.2405011117932451,0.5443173070446127,0.4556826929553873,33867285.913187504,17263,6544
31,2022,3,0.19074485936990276,0.2704289454805196,0.5388261951495776,0.46117380485042236,52722982.99645898,28764,9781
32,2022,3,0.18935165004711763,0.25783504100555427,0.5528133089473282,0.4471866910526719,9803822.220969398,13524,4714
33,2022,3,0.1795660015090566,0.22141789568697323,0.5990161028039701,0.40098389719602984,41533225.99329281,26415,9558
35,2022,3,0.1890429377620537,0.2391982317434477,0.5717588304944986,0.4282411695055014,109575522.73299086,29547,9663
41,2022,3,0.18599330123812105,0.2740436187710662,0.5399630799908128,0.4600369200091873,28070809.366066605,20471,8982
42,2022,3,0.1912840053445406,0.2714482266359204,0.537267768019539,0.462732231980461,18544057.15131896,24015,10433
43,2022,3,0.1841286223823916,0.25554415652000917,0.5603272210975994,0.43967277890240075,28141276.35088834,20996,8812
50,2022,3,0.20451386831536883,0.22266523450990452,0.5728208971747266,0.4271791028252734,6529725.546715107,8046,2904
51,2022,3,0.2176113513254264,0.2225079714246783,0.5598806772498953,0.4401193227501047,8484317.456800407,9421,3503
52,2022,3,0.21275659068689126,0.2357807221528142,0.5514626871602946,0.44853731283970544,17717392.128059056,13139,4566
53,2022,3,0.20042473755986853,0.20014412292658504,0.5994311395135467,0.40056886048645357,7289136.692413587,7366,2804
11,2022,4,0.24800602936936383,0.2388110262534844,0.5131829443771517,0.48681705562284827,4123686.90307812,6225,2924
12,2022,4,0.23420295945984984,0.23896281342155568,0.5268342271185945,0.4731657728814055,1931187.0723543589,7003,3586
13,2022,4,0.23758365498526676,0.2734339706316794,0.48898237438305386,0.5110176256169462,9349018.410343504,10686,4991
14,2022,4,0.24330658182130435,0.27979394710835875,0.476899471070337,0.5231005289296631,1379353.219590992,4268,1913
15,2022,4,0.24133560939491486,0.2836902855784235,0.4749741050266617,0.5250258949733384,20148939.705058258,13535,5864
16,2022,4,0.22855303901268306,0.2688290082118345,0.5026179527754825,0.4973820472245175,1779757.646690853,3248,1383
17,2022,4,0.23925071920003266,0.2671260372498049,0.49362324355016235,0.5063767564498376,3477052.345476431,5304,2093
21,2022,4,0.22877008459778186,0.2588864730187247,0.5123434423834935,0.48765655761650656,15841838.117115509,23505,10733
22,2022,4,0.22127487837815385,0.2536011866885358,0.5251239349333103,0.47487606506668967,8258514.659514358,8890,3750
23,2022,4,0.21754616543847985,0.25937001556034983,0.5230838190011703,0.4769161809988297,21936114.38796036,18199,7628
24,2022,4,0.21583911741048128,0.24438179564099935,0.5397790869485195,0.4602209130514806,8472020.53706011,7807,3126
25,2022,4,0.2222851142272898,0.24951894507808736,0.528195940694623,0.47180405930537717,9767135.553722499,9905,4157
26,2022,4,0.2198147527285431,0.23699214165078894,0.543193105620668,0.45680689437933203,21712333.825590253,14382,5985
27,2022,4,0.22592925631457078,0.24756165620304424,0.5265090874823851,0.473490912517615,7169319.116834741,14615,6478
28,2022,4,0.2274615931449133,0.24949124957171312,0.5230471572833736,0.4769528427166264,5427268.086187879,6863,2710
29,2022,4,0.2167328466086789,0.24739008929245296,0.5358770640988683,0.46412293590113185,33792032.27689044,16981,6493
31,2022,4,0.19154024525282617,0.26946176802230964,0.5389979867248642,0.4610020132751358,52752784.35652188,28436,9889
32,2022,4,0.1883796990589134,0.2569352177099394,0.5546850832311474,0.4453149167688528,9775091.179383608,13418,4670
33,2022,4,0.18222473254396665,0.22421731993918753,0.5935579475168458,0.4064420524831542,41587173.74754992,25987,9568
35,2022,4,0.19009836284096354,0.23863575592097322,0.5712658812380632,0.4287341187619368,109236752.98932819,28763,9342
41,2022,4,0.1866845252942498,0.26920189214072954,0.5441135825650208,0.4558864174349794,28358422.1239945,20267,8867
42,2022,4,0.1924652046500544,0.2697278421255547,0.537806953224391,0.4621930467756091,18594859.7810705,23506,10014
43,2022,4,0.18717542266266393,0.254702462723045,0.5581221146142912,0.44187788538570894,27964512.86772365,20302,8626
50,2022,4,0.20748167701127396,0.22524275868779645,0.5672755643009296,0.4327244356990704,6621313.705230391,7897,2886
51,2022,4,0.21425767446122995,0.22456560227189198,0.5611767232668781,0.43882327673312194,8565017.564776832,9239,3465
52,2022,4,0.21329051578788288,0.23127939462003375,0.5554300895920833,0.4445699104079166,17612197.532315444,12436,4393
53,2022,4,0.2003770325997004,0.19720303049905313,0.6024199369012465,0.39758006309875354,7341383.272187232,7114,2715
11,2023,1,0.24416433975572543,0.2383214302691489,0.5175142299751258,0.48248577002487436,4081688.7391493395,6212,2937
12,2023,1,0.22982079994957885,0.23827278555477815,0.5319064144956431,0.468093585504357,1949842.782375706,6963,3723
13,2023,1,0.23142588509262732,0.27018500381529637,0.4983891110920763,0.5016108889079237,9346495.948107984,10555,4983
14,2023,1,0.24135001002571138,0.2671843294524798,0.49146566052180896,0.5085343394781912,1375934.224955261,4211,1849
15,2023,1,0.2340738589758943,0.27701991700316947,0.4889062240209362,0.5110937759790638,20063098.402624138,13217,5819
16,2023,1,0.2285666873980267,0.2700138147887208,0.5014194978132527,0.4985805021867475,1810938.7593798395,3211,1351
17,2023,1,0.234781199488383,0.26433270761796046,0.5008860928936565,0.49911390710634346,3524033.767668441,5295,2031
21,2023,1,0.22464765287035698,0.2516014304444016,0.5237509166852415,0.47624908331475857,15482831.218975663,22679,10598
22,2023,1,0.21957499960912572,0.2506057641158218,0.5298192362750525,0.47018076372494755,8217307.908029534,8872,3811
23,2023,1,0.21666439796992212,0.24656239064370947,0.5367732113863687,0.4632267886136316,21848044.51539337,17835,7636
24,2023,1,0.21198701033961562,0.23316405660700398,0.5548489330533805,0.4451510669466196,8488668.187604826,7703,3183
25,2023,1,0.22190281066551493,0.24126088687134678,0.5368363024631383,0.4631636975368617,9726092.866403738,9646,4135
26,2023,1,0.2156245634891551,0.23478842461986538,0.5495870118909797,0.4504129881090205,22106914.84030046,14595,6030
27,2023,1,0.2249182443379559,0.2378775693418834,0.5372041863201608,0.4627958136798393,7136849.599484334,14407,6501
28,2023,1,0.2187302783299867,0.25883542280838506,0.5224342988616283,0.47756570113837177,5410604.382041337,6881,2752
29,2023,1,0.21400132858853846,0.24894859770694094,0.5370500737045206,0.4629499262954794,33704738.26973555,16793,6486
31,2023,1,0.18974427199209515,0.2626744307368892,0.5475812972710158,0.4524187027289843,52775167.25196423,28194,9885
32,2023,1,0.19096426256858173,0.24898747233168167,0.5600482650997367,0.4399517349002634,9898853.596512593,13456,4838
33,2023,1,0.18230892787860692,0.21610442474207303,0.6015866473793202,0.39841335262067995,41892814.56276061,26121,9709
35,2023,1,0.18865294854037296,0.23623609753764943,0.5751109539219776,0.42488904607802236,110226617.93663847,28775,9372
41,2023,1,0.1866705468783384,0.26596145382066994,0.5473679993009918,0.45263200069900833,28564132.0232749,20102,8889
42,2023,1,0.18824663584909587,0.27193247861311604,0.5398208855377882,0.46017911446221194,18627951.468558434,23408,10023
43,2023,1,0.18604458200156757,0.2576202982045936,0.556335119793839,0.4436648802061611,27664230.956974708,20189,8418
50,2023,1,0.2073470431560255,0.22343596721868733,0.5692169896252872,0.43078301037471284,6528823.434773292,7809,2882
51,2023,1,0.21044528028235698,0.21916637573078365,0.5703883439868596,0.42961165601314066,8688905.424523164,9299,3606
52,2023,1,0.2157171220264917,0.22745609686359844,0.5568267811099099,0.44317321889009015,17726699.957470145,12412,4387
53,2023,1,0.1999748551410308,0.19383450849126677,0.6061906363677025,0.39380936363229757,7322689.309470931,7062,2743
11,2023,2,0.24680082479321266,0.24378628344486183,0.5094128917619255,0.4905871082380745,4097482.819971501,6100,2783
12,2023,2,0.22701790173035244,0.23825817956770415,0.5347239187019435,0.4652760812980566,1951120.7227136407,7040,3728
13,2023,2,0.23112600841622136,0.2760719307302363,0.49280206085354233,0.5071979391464576,9308744.055331836,10566,4902
14,2023,2,0.24360115284010123,0.27695554359076907,0.4794433035691296,0.5205566964308703,1344970.9736085008,4218,1938
15,2023,2,0.23632658114356142,0.28121253741032165,0.48246088144611704,0.5175391185538831,20203182.723177686,13294,5855
16,2023,2,0.23676510793859062,0.2620667263246213,0.5011681657367881,0.4988318342632119,1823795.637941278,3192,1351
17,2023,2,0.23680950996473552,0.2604679526233792,0.5027225374118853,0.49727746258811467,3500337.057442084,5327,2071
21,2023,2,0.2311879780322563,0.2506339624105768,0.5181780595571669,0.4818219404428331,15324398.867392022,22539,10583
22,2023,2,0.2185813750590354,0.24805245992384808,0.5333661650171165,0.46663383498288347,8211181.6551034,8854,3901
23,2023,2,0.2175675137060895,0.2521485305709924,0.5302839557229181,0.4697160442770819,21793799.313330848,17604,7568
24,2023,2,0.21462250338949945,0.23398787429092946,0.5513896223195712,0.4486103776804289,8412410.129739128,7588,3161
25,2023,2,0.22310408872610907,0.2454800034787198,0.5314159077951713,0.4685840922048289,9683777.262926659,9637,4072
26,2023,2,0.21603221662018685,0.23093669865335348,0.5530310847264598,0.4469689152735403,22416683.251271643,14873,6201
27,2023,2,0.2236854892553574,0.2438782638438835,0.5324362469007591,0.4675637530992409,7232050.495345095,14561,6498
28,2023,2,0.2242281298416812,0.2541566240755149,0.5216152460828039,0.47838475391719615,5383075.793607988,6855,2829
29,2023,2,0.2164300189150456,0.24594986134048824,0.5376201197444661,0.46237988025553384,34194099.50104228,17245,6561
31,2023,2,0.19075595625998465,0.26363063150810845,0.545613412231907,0.4543865877680931,52923919.666613966,28545,9935
32,2023,2,0.19044270474957856,0.250570553376551,0.5589867418738704,0.44101325812612957,9874288.664335407,13569,4848
33,2023,2,0.17973011184056698,0.22140567960705085,0.5988642085523821,0.4011357914476178,42071510.48650207,26810,9772
35,2023,2,0.18909793137370734,0.23623337795101204,0.5746686906752807,0.4253313093247194,110170465.94096848,29031,9555
41,2023,2,0.18551846018747048,0.26980263286244865,0.5446789069500809,0.45532109304991913,28537642.97681645,20172,8895
42,2023,2,0.1922434825900412,0.26719891289668046,0.5405576045132784,0.45944239548672167,18740321.36211058,23605,10108
43,2023,2,0.18389161861265957,0.2568200708040304,0.55928831058331,0.44071168941669,27475894.990806285,20270,8508
50,2023,2,0.20797603377423923,0.22530709781103203,0.5667168684147287,0.43328313158527126,6598006.871548764,7912,2916
51,2023,2,0.21501780477104707,0.22036199608559956,0.5646201991433535,0.4353798008566466,8658183.49188077,9689,3707
52,2023,2,0.21178852389207603,0.22813667015988262,0.5600748059480414,0.4399251940519586,17643813.715891108,12411,4369
53,2023,2,0.2030586403089371,0.19884003830569905,0.598101321385364,0.40189867861463613,7401136.340651948,7281,2937
11,2023,3,0.23849086967150243,0.24086966890505931,0.5206394614234382,0.47936053857656175,4115861.6702948585,6230,2864
12,2023,3,0.23419230918576198,0.24819361807224508,0.5176140727419929,0.48238592725800705,1934553.3794682457,7091,3736
13,2023,3,0.23175432429095116,0.2728820634678574,0.49536361224119135,0.5046363877588086,9391663.68699821,10543,4937
14,2023,3,0.2390622245113958,0.2699658981091736,0.4909718773794307,0.5090281226205694,1357542.3753588828,4195,1861
15,2023,3,0.2363396820361605,0.28284049339138095,0.48081982457245853,0.5191801754275415,20180389.190232523,13533,5900
16,2023,3,0.24259175683723125,0.25343549861075665,0.5039727445520121,0.49602725544798787,1853163.4766137358,3257,1397
17,2023,3,0.23742569444115771,0.2580654535166903,0.5045088520421521,0.495491147957848,3526226.2189922165,5558,2135
21,2023,3,0.2345956366039715,0.258777875784831,0.5066264876111974,0.49337351238880256,15102332.185518108,22591,10446
22,2023,3,0.2196369602893593,0.2544469052726665,0.5259161344379744,0.4740838655620258,8207895.616718056,8899,3763
23,2023,3,0.21844405245155288,0.2503371709872564,0.5312187765611908,0.46878122343880924,21964658.51921821,17921,7494
24,2023,3,0.21548417431327566,0.23514033985859933,0.5493754858281251,0.450624514171875,8415819.438556915,7782,3270
25,2023,3,0.22130087364485693,0.248422557581617,0.5302765687735261,0.4697234312264739,9678881.208411582,9718,4034
26,2023,3,0.21768611682084676,0.23390361140486918,0.5484102717742843,0.45158972822571597,22533788.59880852,15264,6453
27,2023,3,0.2247099879854366,0.2442198226416638,0.5310701893728995,0.4689298106271004,7353806.478046225,14821,6637
28,2023,3,0.22260902560484278,0.2551975694673884,0.5221934049277687,0.4778065950722312,5466178.586562384,7100,2835
29,2023,3,0.2169728409602673,0.2473934967148499,0.5356336623248827,0.4643663376751172,34702523.61194093,17731,6692
31,2023,3,0.19030475538428637,0.25932989063513384,0.5503653539805798,0.4496346460194202,52717906.78828204,28868,9996
32,2023,3,0.1903006267668315,0.25469339657597234,0.5550059766571961,0.4449940233428038,9900591.584966235,13740,4970
33,2023,3,0.1808829018241058,0.22041907810964015,0.5986980200662542,0.40130197993374594,41867622.74662211,27563,10039
35,2023,3,0.19090997999765072,0.234744374144312,0.5743456458580373,0.42565435414196273,110727820.38064724,30107,9847
41,2023,3,0.1877180327981398,0.26428488318396903,0.5479970840178912,0.45200291598210884,28313141.16596911,20212,9042
42,2023,3,0.18961180238803887,0.27088579481353153,0.5395024027984296,0.4604975972015704,18900342.33040546,23657,10088
43,2023,3,0.18109384012632687,0.25603964770743254,0.5628665121662405,0.4371334878337594,27339925.367406763,20331,8504
50,2023,3,0.2076650483280821,0.21610933620633996,0.576225615465578,0.42377438453442207,6560176.315584028,7924,2894
51,2023,3,0.21038450510339785,0.21687935403264078,0.5727361408639613,0.4272638591360386,8827396.546567837,9813,3864
52,2023,3,0.21201755819127743,0.22507694740382017,0.5629054944049023,0.4370945055950976,17845593.96332053,12442,4399
53,2023,3,0.20008033907071818,0.19599405439087786,0.603925606538404,0.396074393461596,7381362.640883899,7260,2941
11,2023,4,0.23264550049881075,0.23240650202663665,0.5349479974745527,0.4650520025254474,4157279.0694759293,6053,2841
12,2023,4,0.2293130480068615,0.25000079099364925,0.5206861609994893,0.4793138390005107,1945172.138491067,6997,3767
13,2023,4,0.22850229396836338,0.273510444795038,0.49798726123659864,0.5020127387634014,9424010.967123998,10160,4830
14,2023,4,0.24897032909556557,0.2755538603166545,0.47547581058778,0.5245241894122201,1363085.1668140409,4221,1795
15,2023,4,0.23757683709884056,0.2814146462432694,0.48100851665789,0.51899148334211,19860489.703563474,13148,5623
16,2023,4,0.240799815839529,0.24576303842642905,0.513437145734042,0.486562854265958,1845878.6069475962,3225,1380
17,2023,4,0.24495528047328846,0.2517053273456855,0.5033393921810261,0.496660607818974,3554596.4889365076,5555,2127
21,2023,4,0.23414911054403384,0.2583896960595689,0.5074611933963974,0.4925388066036027,15117287.04364762,21971,10020
22,2023,4,0.2148831981743114,0.24718526643851524,0.5379315353871734,0.46206846461282663,8198708.596230373,8644,3705
23,2023,4,0.21724507300833557,0.25343082120641025,0.5293241057852541,0.4706758942147458,22004398.3056553,17594,7333
24,2023,4,0.21629981600588263,0.23730763630795643,0.546392547686161,0.45360745231383903,8353274.551684538,7615,3253
25,2023,4,0.21999522861466048,0.24720134899248045,0.532803422392859,0.46719657760714095,9772410.655752491,9887,4024
26,2023,4,0.2181150719642667,0.23756971645106723,0.5443152115846661,0.4556847884153339,22747374.734007988,15242,6367
27,2023,4,0.22185236475495884,0.24644954786268466,0.5316980873823566,0.46830191261764353,7370714.130979797,14861,6574
28,2023,4,0.21951731613059441,0.2504216395632995,0.5300610443061061,0.4699389556938939,5381264.940016568,6901,2818
29,2023,4,0.21512248162990352,0.24600513274051516,0.5388723856295814,0.4611276143704187,34913201.811629474,17667,6762
31,2023,4,0.19031782824227816,0.2602861382284314,0.5493960335292905,0.45060396647070955,52650856.67053179,28870,9913
32,2023,4,0.19076123978331389,0.25370497446566304,0.5555337857510231,0.4444662142489769,9896946.272333324,13515,4849
33,2023,4,0.1815229642491564,0.2239863228337737,0.59449071291707,0.4055092870829301,42254902.6774362,27932,10028
35,2023,4,0.1893698392714131,0.2374783528603497,0.5731518078682373,0.42684819213176284,110988503.55447307,29800,9692
41,2023,4,0.18952236161124797,0.26743563864762737,0.5430419997411247,0.45695800025887534,28316843.748925395,19692,8563
42,2023,4,0.18784864387802946,0.2705483191443486,0.541603036977622,0.4583969630223781,18997571.04431512,23039,9796
43,2023,4,0.18344970286739917,0.2567399231690487,0.559810373963552,0.44018962603644785,27113004.842203513,20038,8268
50,2023,4,0.20558697523144087,0.22036303259483822,0.574049992173721,0.4259500078262791,6673969.826428713,7820,2868
51,2023,4,0.2121901952991289,0.21993967650560356,0.5678701281952675,0.43212987180473245,8817884.127261609,9757,3558
52,2023,4,0.2115422798695153,0.22567043568964626,0.5627872844408386,0.4372127155591615,17963733.321891032,12333,4367
53,2023,4,0.19325381909305106,0.19288025193598496,0.6138659289709639,0.386134071029036,7438857.544636296,7211,2915
11,2024,1,0.24331842502107792,0.2310971120726246,0.5255844629062973,0.47441553709370254,4161554.481778928,6027,2692
12,2024,1,0.2291142215910608,0.2365731300005588,0.5343126484083803,0.46568735159161956,1961227.3156728912,7155,3870
13,2024,1,0.22854094091190774,0.271262950355231,0.5001961087328614,0.49980389126713876,9339947.566717163,10250,4945
14,2024,1,0.2391566833166038,0.270921483676508,0.4899218330068883,0.5100781669931118,1366658.446242079,4234,1880
15,2024,1,0.2365370328769791,0.2710582191834942,0.4924047479395267,0.5075952520604733,19882512.974818893,13334,5879
16,2024,1,0.24727996677973338,0.24764576252956425,0.5050742706907024,0.4949257293092976,1856704.67611361,3284,1451
17,2024,1,0.2374544605519782,0.2577083569993112,0.5048371824487106,0.49516281755128944,3596020.887523211,5573,2249
21,2024,1,0.23125354717032537,0.24777560021791845,0.5209708526117562,0.4790291473882438,15029141.4641286,22251,10521
22,2024,1,0.223370853064357,0.24909700437823162,0.5275321425574114,0.4724678574425886,8139507.882233406,8923,3785
23,2024,1,0.21880145093238382,0.2472433798290011,0.5339551692386151,0.4660448307613849,22187051.56842351,17730,7554
24,2024,1,0.21335268694795528,0.23149606046769933,0.5551512525843455,0.4448487474156546,8325231.069280673,7807,3288
25,2024,1,0.21905832048923643,0.24445973462863482,0.5364819448821287,0.46351805511787125,9771175.532220837,10027,4121
26,2024,1,0.21615656763972557,0.2363384326429719,0.5475049997173025,0.4524950002826975,22556072.886003222,15471,6411
27,2024,1,0.22159053270782197,0.241776825666169,0.536632641626009,0.463367358373991,7345106.219853541,14853,6633
28,2024,1,0.22451704486619212,0.2517375723976184,0.5237453827361896,0.4762546172638105,5432089.941762861,6972,2783
29,2024,1,0.21115110994572234,0.24047313630883504,0.5483757537454427,0.4516242462545574,35096795.08295441,17736,6769
31,2024,1,0.18863593740260942,0.25547248048922977,0.5558915821081607,0.4441084178918392,52675100.43410154,29067,9977
32,2024,1,0.19140754511223532,0.24926126502562526,0.5593311898621393,0.4406688101378606,9889579.25349987,13817,4886
33,2024,1,0.18158905631041314,0.2193634492404265,0.5990474944491603,0.4009525055508396,42905320.731201544,28495,10227
35,2024,1,0.19015174788582223,0.23058125489928386,0.5792669972148938,0.42073300278510606,111448012.76957464,30597,10076
41,2024,1,0.18813083563662747,0.26627914965544086,0.5455900147079318,0.45440998529206833,28121960.46273563,20714,9043
42,2024,1,0.18668476599520295,0.2647964789076581,0.548518755097139,0.45148124490286107,19153719.32903228,23726,10173
43,2024,1,0.18352227800988474,0.25331461340475436,0.563163108585361,0.4368368914146391,27197277.014850937,20878,8527
50,2024,1,0.20410361087558332,0.20799082359673707,0.5879055655276798,0.4120944344723204,6621122.175301801,8062,2984
51,2024,1,0.21268437963448694,0.21515369697733,0.5721619233881831,0.42783807661181694,8808780.935230013,9848,3542
52,2024,1,0.21085034602249936,0.22033051087417455,0.5688191431033262,0.4311808568966739,17985935.260568738,12710,4555
53,2024,1,0.19523917213353775,0.1932245754283052,0.611536252438157,0.388463747561843,7390526.838950625,7192,2860
11,2024,2,0.247181231682603,0.23121895434035136,0.5215998139770457,0.47840018602295437,4118315.9653718513,6085,2714
12,2024,2,0.2329089135184081,0.24656280627422633,0.5205282802073656,0.4794717197926344,1949713.0265922346,7177,3764
13,2024,2,0.23240902209424372,0.2711998450558362,0.4963911328499202,0.5036088671500799,9453139.698970761,10297,4890
14,2024,2,0.24775711072895515,0.2716324585202396,0.48061043075080523,0.5193895692491948,1371650.2869348307,4294,1762
15,2024,2,0.24109182498840456,0.2738790407565652,0.4850291342550303,0.5149708657449698,19861325.18688286,13490,5792
16,2024,2,0.2478325567735633,0.2543876578346062,0.49777978539183065,0.5022202146081696,1843516.027985096,3314,1471
17,2024,2,0.24574985255272924,0.2555875494687928,0.498662597978478,0.501337402021522,3646896.9698088723,5713,2246
21,2024,2,0.2327988589228262,0.24907239685051005,0.5181287442266639,0.4818712557733362,15069827.820089158,22350,10291
22,2024,2,0.22704711013975112,0.2488144704280894,0.5241384194321596,0.47586158056784056,8094750.944863021,9026,3814
23,2024,2,0.2217665453361318,0.24484153979982404,0.5333919148640442,0.46660808513595586,22189314.85751303,17044,7340
24,2024,2,0.21708771791541628,0.2349837618724447,0.547928520212139,0.452071479787861,8333034.193923174,7772,3196
25,2024,2,0.221372207482682,0.24140887362756164,0.5372189188897566,0.46278108111024363,9840220.533347132,10138,4121
26,2024,2,0.2184169474298043,0.23573146231370368,0.5458515902564921,0.454148409743508,22662183.132129468,15684,6406
27,2024,2,0.22472599895901663,0.2452844564475003,0.5299895445934831,0.4700104554065169,7490725.389624024,15178,6777
28,2024,2,0.225816047674691,0.24726870957779593,0.5269152427475132,0.4730847572524869,5362162.401356889,6945,2762
29,2024,2,0.21426341205723246,0.2371514692520155,0.5485851186907521,0.45141488130924795,35352272.88555249,17636,6680
31,2024,2,0.19053237102719225,0.2561055948136172,0.5533620341591906,0.4466379658408095,52695778.22835444,29126,9847
32,2024,2,0.19524254418778897,0.2542032183829827,0.5505542374292283,0.4494457625707717,9829787.581786906,13800,4790
33,2024,2,0.1819505993793365,0.21904388984301518,0.5990055107776484,0.4009944892223517,43040041.29682009,28447,10202
35,2024,2,0.19021224016632254,0.23235308401187654,0.577434675821801,0.4225653241781991,111467806.56130882,30708,10113
41,2024,2,0.18749726508408335,0.262475030195246,0.5500277047206706,0.44997229527932936,28167524.38255936,20778,9013
42,2024,2,0.19204762339004577,0.2642235131197267,0.5437288634902276,0.45627113650977247,19248100.834728535,24123,10309
43,2024,2,0.18462021654816238,0.24974354695616802,0.5656362364956696,0.43436376350433037,27444195.943392776,19707,8030
50,2024,2,0.2098908841236678,0.21546465267880135,0.5746444631975308,0.4253555368024692,6704495.311986374,8145,2992
51,2024,2,0.2127887436874894,0.21332632511109945,0.5738849312014112,0.42611506879858885,8704690.489347115,9907,3551
52,2024,2,0.20892260196735796,0.22263580661352877,0.5684415914191134,0.43155840858088673,17823147.37280867,12662,4492
53,2024,2,0.1932634481199975,0.19431120329096185,0.6124253485890406,0.38757465141095937,7352211.904244479,7238,2833
11,2024,3,0.2477535600245319,0.22807115278338866,0.5241752871920795,0.47582471280792055,4141594.282204008,6076,2752
12,2024,3,0.2381822702489636,0.25184909712938786,0.5099686326216486,0.49003136737835146,1940128.3629228766,7224,3634
13,2024,3,0.22877029211238759,0.2717454717308712,0.49948423615674115,0.5005157638432588,9566005.510112701,10294,4738
14,2024,3,0.24712708034669686,0.2718721925997204,0.4810007270535827,0.5189992729464172,1386454.0090631782,4254,1766
15,2024,3,0.24336176849488889,0.27741781267873455,0.47922041882637656,0.5207795811736234,19763080.20256453,13207,5555
16,2024,3,0.24376398840164343,0.2523317278055079,0.5039042837928487,0.4960957162071513,1815237.0325203687,3299,1474
17,2024,3,0.24154394908164267,0.2515598288258175,0.5068962220925398,0.4931037779074602,3706803.990230199,5740,2226
21,2024,3,0.23211573250061449,0.24974651730652675,0.5181377501928588,0.4818622498071412,15179282.337269861,22752,10242
22,2024,3,0.22619214785173664,0.25169896573307116,0.5221088864151923,0.4778911135848078,8009850.00835024,8998,3700
23,2024,3,0.2229217541529187,0.24327322137798155,0.5338050244690998,0.4661949755309003,22190754.798331354,17917,7491
24,2024,3,0.21560523036817883,0.23153941285544632,0.5528553567763749,0.4471446432236251,8428054.61724926,7840,3232
25,2024,3,0.2220836531045535,0.24550791936654368,0.5324084275289029,0.46759157247109717,9812768.773305995,10021,3986
26,2024,3,0.21828902242122156,0.2374899515581831,0.5442210260205953,0.45577897397940464,22891436.98245047,15548,6297
27,2024,3,0.2247185927051513,0.2420527033069396,0.5332287039879091,0.4667712960120909,7490378.613179535,15127,6794
28,2024,3,0.23084170585156003,0.24619765803605742,0.5229606361123826,0.4770393638876175,5362886.0990447905,6995,2772
29,2024,3,0.21897172749471666,0.2438338666877981,0.5371944058174851,0.46280559418251477,35618732.360230125,17677,6748
31,2024,3,0.1907327826069398,0.2556968428607158,0.5535703745323445,0.44642962546765563,52486653.337813556,28824,9703
32,2024,3,0.19312552561786844,0.25055636349259913,0.5563181108895325,0.4436818891104676,9880448.237332612,13710,4879
33,2024,3,0.1853200138059636,0.2210485211581821,0.5936314650358544,0.4063685349641457,43029041.11954339,28150,10168
35,2024,3,0.18979136593763787,0.23175933676424035,0.5784492972981218,0.4215507027018782,111644310.10625716,30608,10100
41,2024,3,0.18825136428512879,0.2614362992746328,0.5503123364402386,0.4496876635597616,28272655.55276171,20532,8742
42,2024,3,0.19199357729771335,0.26175012460026903,0.5462562981020176,0.4537437018979824,19449161.585355476,24057,10157
43,2024,3,0.18624189156159068,0.25156648949308524,0.5621916189453242,0.4378083810546759,27590403.80420301,20902,8405
50,2024,3,0.21297544101937654,0.2126669545649097,0.5743576044157137,0.42564239558428624,6675897.83134071,8241,2950
51,2024,3,0.2122558457450124,0.21487444561629593,0.5728697086386916,0.4271302913613083,8773827.289507607,9750,3550
52,2024,3,0.2109776021249566,0.22091176678989335,0.5681106310851501,0.43188936891484997,17757474.612123456,12655,4556
53,2024,3,0.19211053909643877,0.18852099238048164,0.6193684685230797,0.3806315314769204,7321091.022425391,6995,2803
11,2024,4,0.2499635550240033,0.22836511536030238,0.5216713296156944,0.4783286703843057,4118635.723246966,5926,2634
12,2024,4,0.23827634113691126,0.24750724243272115,0.5142164164303675,0.4857835835696324,1949949.2597347482,6829,3435
13,2024,4,0.2350850430061964,0.2639498665171996,0.5009650904766041,0.499034909523396,9628694.798590036,9996,4647
14,2024,4,0.24366456469862963,0.26921869859893627,0.4871167367024342,0.512883263297566,1407733.5824940144,4204,1766
15,2024,4,0.23893743907145817,0.2777589082771115,0.4833036526514304,0.5166963473485697,19786213.811615657,12609,5311
16,2024,4,0.24008456899279643,0.25096649850267844,0.5089489325045253,0.4910510674954749,1797309.7559320116,3212,1403
17,2024,4,0.24445909418975442,0.24670907578666945,0.5088318300235761,0.4911681699764239,3747065.6750797783,5688,2231
21,2024,4,0.2319749522945013,0.2495519613895862,0.5184730863159127,0.4815269136840875,15455511.681236438,22470,10124
22,2024,4,0.22551245917131624,0.2543218952776432,0.5201656455510406,0.47983435444895944,8034359.180179794,8945,3743
23,2024,4,0.22670840772832096,0.243991076690017,0.5293005155816622,0.470699484418338,22210588.7600049,17689,7459
24,2024,4,0.21455078250529255,0.23565148927513965,0.549797728219568,0.4502022717804322,8436985.191490848,7592,3080
25,2024,4,0.22168186027131426,0.2433975423202144,0.5349205974084714,0.4650794025915287,9721615.203073831,9892,3967
26,2024,4,0.22150923051600027,0.23864205121154175,0.5398487182724581,0.46015128172754205,22932701.986234546,15257,6170
27,2024,4,0.22367283878905392,0.24339940675606234,0.5329277544548839,0.4670722455451163,7551495.239616683,15237,6693
28,2024,4,0.22976517582049494,0.248809469066747,0.5214253551127581,0.47857464488724194,5322161.460454509,6872,2763
29,2024,4,0.2180905388102472,0.2460095064427006,0.5358999547470523,0.4641000452529478,35214106.62056789,17363,6432
31,2024,4,0.19223516372049532,0.25557641764015515,0.5521884186393495,0.44781158136065047,52589279.222952485,28399,9550
32,2024,4,0.19194309705615592,0.243165273823996,0.5648916291198481,0.4351083708801519,9883755.341833025,12902,4482
33,2024,4,0.18516851563350792,0.22401156639618952,0.5908199179703026,0.40918008202969747,42938367.445537776,27383,10024
35,2024,4,0.1911032017284514,0.22895409648594492,0.5799427017856036,0.4200572982143963,112155996.03794149,30068,9892
41,2024,4,0.1907228266131064,0.2630153909335352,0.5462617824533584,0.4537382175466416,28483570.159687206,20286,8614
42,2024,4,0.19157203766731445,0.25805223946724165,0.5503757228654439,0.4496242771345561,19377114.516232118,23480,9884
43,2024,4,0.18842968063332446,0.2525663926294916,0.5590039267371839,0.4409960732628161,27636121.670863546,20646,8369
50,2024,4,0.20516305412356123,0.2147457772070021,0.5800911686694368,0.41990883133056334,6730843.056769004,7977,2969
51,2024,4,0.21642154545594522,0.21948434590900137,0.5640941086350534,0.4359058913649466,8678820.88439169,9317,3385
52,2024,4,0.2095495685952717,0.2193759318738294,0.5710744995308988,0.4289255004691011,17651101.171818893,12327,4389
53,2024,4,0.19588335034277543,0.18926664210693928,0.6148500075502853,0.3851499924497147,7389577.430868277,6822,2728
11,2025,1,0.2491336036342316,0.22907184174144973,0.5217945546243188,0.4782054453756813,4149021.6212364836,5952,2624
12,2025,1,0.23649174807926415,0.246207920161546,0.51730033175919,0.4826996682408101,1948277.7953605866,6644,3366
13,2025,1,0.23214250435818834,0.2617441616233408,0.506113334018471,0.49388666598152914,9658084.167106409,10134,4737
14,2025,1,0.24272534475962457,0.25425574792755606,0.5030189073128194,0.4969810926871806,1423048.6537512273,4152,1743
15,2025,1,0.23316592535702954,0.26820858723272084,0.4986254874102497,0.5013745125897504,19915931.841600828,12787,5492
16,2025,1,0.24021394602566462,0.25148638364097026,0.508299670333365,0.4917003296666349,1808857.584403914,3254,1445
17,2025,1,0.23685261617305542,0.24406539262975732,0.5190819911971872,0.48091800880281277,3680096.082690349,5621,2234
21,2025,1,0.23081717449713995,0.24644785292656485,0.5227349725762952,0.4772650274237048,15588481.322680488,23011,10469
22,2025,1,0.2178803042016984,0.24483538827319365,0.537284307525108,0.4627156924748921,8117018.661709616,8927,3768
23,2025,1,0.22049959413024922,0.2368262450620772,0.5426741608076736,0.4573258391923264,22357653.353326157,17642,7558
24,2025,1,0.209430263532532,0.22953036419132494,0.5610393722761431,0.4389606277238569,8506098.51914829,7560,3135
25,2025,1,0.22265755551537836,0.24309607366055566,0.5342463708240661,0.465753629175934,9716460.719723057,9960,4076
26,2025,1,0.21574658663710308,0.22703722595714695,0.5572161874057502,0.44278381259425004,23034670.86174508,15191,6365
27,2025,1,0.22429854364777974,0.2322725039576356,0.5434289523945848,0.45657104760541534,7598865.725607526,15129,6819
28,2025,1,0.22535984023930133,0.24089449939066554,0.5337456603700332,0.4662543396299669,5417216.253523441,6817,2868
29,2025,1,0.21663775536691784,0.23854454474476885,0.5448176998883132,0.4551823001116867,35626397.4084974,17560,6565
31,2025,1,0.19110727066567937,0.2480765855901758,0.5608161437441448,0.4391838562558552,52510080.14530961,28385,9556
32,2025,1,0.19290480099008528,0.24035544297950062,0.5667397560304142,0.4332602439695859,9844291.966286704,13211,4733
33,2025,1,0.18314438103695724,0.21632600117550307,0.6005296177875395,0.39947038221246034,42905948.72043772,27533,10080
35,2025,1,0.18907722475062785,0.22471705316324508,0.5862057220861272,0.4137942779138729,112065819.75599399,30319,10129
41,2025,1,0.18979607643047214,0.2541792064565959,0.556024717112932,0.44397528288706806,28546713.451570705,20825,8824
42,2025,1,0.19204161706586823,0.2483660160280457,0.559592366906086,0.44040763309391395,19387712.930162366,23703,9990
43,2025,1,0.18665638281771066,0.24444030799769864,0.5689033091845906,0.4310966908154093,27578654.365261294,20653,8311
50,2025,1,0.20209701850537407,0.21080792537792017,0.5870950561167058,0.41290494388329424,6790146.455457556,7939,3017
51,2025,1,0.2071551943099371,0.2132342614444151,0.5796105442456478,0.42038945575435216,8623263.551437475,9535,3454
52,2025,1,0.2089706770346599,0.21542385221110924,0.575605470754231,0.42439452924576915,17792058.308621574,12575,4464
53,2025,1,0.1988656764546719,0.18831795177226607,0.612816371773062,0.38718362822693797,7417046.525170548,6903,2759
11,2025,2,0.2495031107821164,0.2309673698219167,0.5195295193959669,0.4804704806040331,4132694.1670329245,5799,2541
12,2025,2,0.23760902934825026,0.24948765245897445,0.5129033181927755,0.4870966818072247,1918771.7766600335,6676,3285
13,2025,2,0.23216746568171362,0.2700136232371018,0.49781891108118465,0.5021810889188154,9602959.982575526,10050,4569
14,2025,2,0.24728470083389562,0.262387097424234,0.4903282017418703,0.5096717982581296,1455258.8644740656,4123,1716
15,2025,2,0.2391449343045756,0.2730143013292353,0.48784076436618923,0.5121592356338109,20263082.071622632,13052,5497
16,2025,2,0.2388108950245138,0.25505506756615304,0.5061340374093333,0.49386596259066684,1827853.6187108904,3241,1511
17,2025,2,0.2434277471822151,0.24182829604907222,0.5147439567687127,0.48525604323128735,3651216.5949002686,5618,2176
21,2025,2,0.23097068252905464,0.24528551809075116,0.5237437993801943,0.4762562006198058,15802236.712603137,23060,10294
22,2025,2,0.22161502652674656,0.2422638381448066,0.5361211353284469,0.46387886467155315,8185932.6533745285,8998,3727
23,2025,2,0.22194442128662864,0.2422430026809084,0.5358125760324631,0.46418742396753704,22127564.003895514,17982,7680
24,2025,2,0.2171821489933858,0.2277776085223827,0.5550402424842314,0.44495975751576855,8399367.507996324,7507,3126
25,2025,2,0.22229340998002337,0.24612619659308244,0.5315803934268943,0.4684196065731058,9687091.598204134,9887,4015
26,2025,2,0.21489455223600556,0.22797500133180557,0.5571304464321889,0.4428695535678111,23230889.325647395,15104,6307
27,2025,2,0.22945666195948086,0.23410146072409252,0.5364418773164267,0.4635581226835734,7678712.963240545,15330,6856
28,2025,2,0.22583750704329894,0.24114878760320396,0.5330137053534972,0.4669862946465029,5280065.912750266,6658,2707
29,2025,2,0.22122599192888823,0.2392278525266171,0.5395461555444947,0.4604538444555053,35723473.244067326,17501,6376
31,2025,2,0.19299051128875575,0.2510450692132746,0.5559644194979697,0.4440355805020303,53151074.05683543,28579,9529
32,2025,2,0.19456176765992061,0.24129991677503773,0.5641383155650417,0.4358616844349583,9945840.734931132,13373,4762
33,2025,2,0.18481249481027728,0.21572456545103388,0.5994629397386888,0.4005370602613112,42094474.34366876,27435,10094
35,2025,2,0.19261795358152442,0.22454832421845075,0.5828337222000249,0.41716627779997517,112231849.95626445,30206,10202
41,2025,2,0.1895534559367138,0.24976018986028004,0.5606863542030062,0.43931364579699383,28675974.96844843,20742,8722
42,2025,2,0.194549758689846,0.24513221271668773,0.5603180285934665,0.43968197140653376,19462320.090088464,23412,9994
43,2025,2,0.18794215937592554,0.24293331732093448,0.56912452330314,0.43087547669686,27352181.40315398,20203,8234
50,2025,2,0.205049736016918,0.20713107758383922,0.5878191863992427,0.4121808136007572,6866250.379740508,7817,2954
51,2025,2,0.21232249809406867,0.21300005103941333,0.574677450866518,0.425322549133482,8715203.82707044,9373,3315
52,2025,2,0.2055979929480678,0.20784328948541458,0.5865587175665177,0.4134412824334824,17964367.30850818,12492,4476
53,2025,2,0.19634627611355998,0.1861368983204036,0.6175168255660365,0.38248317443396357,7428006.4412241075,6845,2704
11,2025,3,0.24096763708341418,0.23088480364282316,0.5281475592737627,0.47185244072623733,4081382.8764431844,6056,2756
12,2025,3,0.23576299234853698,0.24492807635628674,0.5193089312951763,0.4806910687048237,1942071.874958205,6654,3248
13,2025,3,0.23647258556347364,0.2655443520480827,0.49798306238844375,0.5020169376115563,9547662.587954717,9985,4549
14,2025,3,0.24737372423617707,0.25744548944061624,0.49518078632320667,0.5048192136767933,1459291.1720627123,4088,1815
15,2025,3,0.23793782273494862,0.27549387169364487,0.48656830557140657,0.5134316944285935,20502642.955335155,13445,5755
16,2025,3,0.23929564008543683,0.25076828571485377,0.5099360741997094,0.49006392580029057,1854009.2489971896,3456,1585
17,2025,3,0.24607044876837442,0.2516586545314341,0.5022708967001916,0.4977291032998085,3709325.9854045827,5768,2260
21,2025,3,0.2340814013612353,0.24976657354445628,0.5161520250943085,0.48384797490569154,16272451.10293363,23390,10188
22,2025,3,0.22020739551839377,0.2508931641175138,0.5288994403640924,0.4711005596359076,8269786.1183904605,9222,3702
23,2025,3,0.22400407642849865,0.24023988333333546,0.535756040238166,0.4642439597618341,21717199.775197398,17637,7376
24,2025,3,0.21662876003002007,0.2284300573246675,0.5549411826453126,0.44505881735468755,8372303.975753784,7717,3236
25,2025,3,0.22662252713982228,0.24196960700347966,0.531407865856698,0.4685921341433019,9735834.684028443,10379,4175
26,2025,3,0.21345663456393757,0.22786280213832824,0.5586805632977343,0.4413194367022658,23286506.874009874,14812,6121
27,2025,3,0.2263349133011445,0.23452906422831787,0.5391360224705377,0.4608639775294624,7796155.017566819,14967,6619
28,2025,3,0.22536153650532173,0.23457626435981016,0.5400621991348682,0.4599378008651319,5083381.609524251,6348,2686
29,2025,3,0.22134962102019654,0.24012836361662276,0.5385220153631808,0.4614779846368193,34647943.808168724,17319,6350
31,2025,3,0.19110889159668457,0.24919095990471918,0.5597001484985962,0.4402998515014037,53351755.11633183,29013,9860
32,2025,3,0.194169775024735,0.24284891873099212,0.562981306244273,0.4370186937557271,9846982.6441063,13628,4822
33,2025,3,0.18536781374433,0.21870426053901645,0.5959279257166537,0.40407207428334646,41821323.29963301,26941,9958
35,2025,3,0.19256101502607895,0.2202591109578508,0.5871798740160703,0.41282012598392975,113819374.68911141,30027,10317
41,2025,3,0.19288754574797584,0.24618561881962814,0.5609268354323961,0.439073164567604,28502108.848727684,21283,8990
42,2025,3,0.1950127126396602,0.24430306388081405,0.5606842234795258,0.43931577652047427,19659321.171708465,23556,10071
43,2025,3,0.18890140642848535,0.23864108268050754,0.572457510891007,0.4275424891089929,27585320.58195249,20204,8200
50,2025,3,0.20558487772317272,0.207161056676553,0.5872540656002743,0.41274593439972573,6854493.369008242,8404,3108
51,2025,3,0.21009321626407915,0.20999964256294154,0.5799071411729794,0.4200928588270207,8951251.089463992,9999,3614
52,2025,3,0.2068453544606312,0.20599070321824672,0.5871639423211222,0.41283605767887793,18070590.53546065,12333,4318
53,2025,3,0.193651717857871,0.18294554938576757,0.6234027327563614,0.37659726724363857,7506104.139025946,6735,2694
11,2025,4,0.24111979866645863,0.2364939736729855,0.522386227660556,0.47761377233944413,3998491.789319839,5774,2543
12,2025,4,0.23343727216766258,0.2409043471459591,0.5256583806863784,0.4743416193136217,1937328.976123984,6066,3117
13,2025,4,0.23331223789226074,0.2682165387333708,0.4984712233743684,0.5015287766256316,9578980.708347702,9605,4426
14,2025,4,0.25413267975497295,0.25941874926345077,0.48644857098157634,0.5135514290184238,1515941.7014858457,4073,1811
15,2025,4,0.23883189092037044,0.27534414252425155,0.485823966555378,0.5141760334446219,21008278.2005577,13416,5720
16,2025,4,0.2421541564469774,0.2500625722238565,0.507783271329166,0.49221672867083394,1955697.9498209187,3443,1648
17,2025,4,0.24502227117872685,0.24424768751945786,0.5107300413018154,0.4892699586981847,3764187.0332621154,5370,2160
21,2025,4,0.23551216099546168,0.24984304676069347,0.5146447922438449,0.48535520775615515,16685168.584683947,22178,9626
22,2025,4,0.21652044478641191,0.24356715739248344,0.5399123978211047,0.4600876021788953,8308318.746124998,8924,3648
23,2025,4,0.2212728314520113,0.24453795703163608,0.5341892115163527,0.4658107884836474,21373564.985408243,16300,6855
24,2025,4,0.220492447077847,0.22939410832194948,0.5501134446002035,0.4498865553997965,8178176.51869937,7106,2983
25,2025,4,0.22477400897210184,0.2445564917376905,0.5306694992902077,0.4693305007097923,9739693.19169322,10325,4246
26,2025,4,0.21339191647171923,0.23324018910414515,0.5533678944241357,0.4466321055758644,23276924.763902336,13716,5728
27,2025,4,0.2228090828731515,0.23328177851878798,0.5439091386080606,0.45609086139193944,7933730.664356511,14180,6249
28,2025,4,0.22678657198191654,0.2366687186381556,0.5365447093799279,0.4634552906200722,4985758.93301211,5930,2474
29,2025,4,0.2183374261532843,0.24606680558716726,0.5355957682595484,0.46440423174045153,34084800.39958248,15999,5821
31,2025,4,0.19006394555332348,0.24546010778308133,0.5644759466635951,0.4355240533364048,54578668.63943096,28056,9705
32,2025,4,0.19428583749084807,0.23770042331189947,0.5680137391972524,0.43198626080274755,9869279.204711445,12710,4485
33,2025,4,0.18522455160753426,0.22145773054518755,0.5933177178472783,0.40668228215272184,41801302.993530504,25062,9244
35,2025,4,0.19392397233865014,0.2201551059458981,0.5859209217154517,0.41407907828454826,112541863.65558785,27845,9579
41,2025,4,0.19367656595821542,0.24679630469100797,0.5595271293507766,0.44047287064922336,29102358.4182766,20512,8721
42,2025,4,0.19643895144514964,0.24283485935143165,0.5607261892034188,0.4392738107965813,19517649.247117277,22282,9265
43,2025,4,0.19090509494244062,0.23640277451094455,0.5726921305466149,0.42730786945338517,27570463.86371892,18871,7626
50,2025,4,0.20657981224310432,0.20842470762145351,0.5849954801354421,0.41500451986455783,6687673.494705629,8081,3015
51,2025,4,0.21210358102133034,0.2060960136162086,0.5818004053624611,0.418199594637539,9104411.681567004,9890,3536
52,2025,4,0.2076648050959971,0.21225071740906337,0.5800844774949395,0.4199155225050605,18248810.04748491,11883,4312
53,2025,4,0.19304151697961852,0.1862433185541239,0.6207151644662575,0.3792848355337424,7609025.050262347,6189,2490
