dataset,response_label,group,direction,term,model_series,linear_sign_assumption,horizon,lp_estimate_1sd,lp_ci_low_1sd,lp_ci_high_1sd,lp_shock_sd,model_cum_response_at_model_shock,model_1sd_termshock,gap_model_minus_lp,model_in_lp_ci,sign_match
lp_controls,consumption,PH2M,contractionary,mp_pos_x_ph2m,cP,1.0,0,0.003844544744185,-0.0024835451846079,0.010172634672978,0.0078032329793046,-0.001725184909961,-0.019887045265764486,-0.023731590009949486,False,False
lp_controls,consumption,PH2M,contractionary,mp_pos_x_ph2m,cP,1.0,1,0.0033056425821559,-0.0026003813347578,0.0092116664990696,0.0078032329793046,-0.0009669451069825,-0.011146446390204729,-0.014452088972360628,False,False
lp_controls,consumption,PH2M,contractionary,mp_pos_x_ph2m,cP,1.0,2,-0.0021614769470905,-0.0087987093839962,0.0044757554898151,0.0078032329793046,-0.0012518193528494,-0.014430330332091072,-0.012268853385000571,False,True
lp_controls,consumption,PH2M,contractionary,mp_pos_x_ph2m,cP,1.0,3,-0.0016789704675766,-0.0068057542996334,0.0034478133644802,0.0078032329793046,-0.0011268600411597,-0.012989863589306951,-0.01131089312173035,False,True
lp_controls,consumption,PH2M,contractionary,mp_pos_x_ph2m,cP,1.0,4,0.001903359651271,-0.0107137509039402,0.0145204702064824,0.0078032329793046,-0.0011639461440385,-0.013417373128964452,-0.015320732780235453,False,False
lp_controls,consumption,PH2M,contractionary,mp_pos_x_ph2m,cP,1.0,5,0.0023634059648987,-0.0071616979468803,0.0118885098766778,0.0078032329793046,-0.0011379289094227,-0.013117459815610624,-0.015480865780509324,False,False
lp_controls,consumption,PH2M,contractionary,mp_pos_x_ph2m,cP,1.0,6,0.0008694275382036738,-0.0086354336374228,0.0103742887138301,0.0078032329793046,-0.0011373949859549,-0.013111305020196357,-0.01398073255840003,False,False
lp_controls,consumption,PH2M,contractionary,mp_pos_x_ph2m,cP,1.0,7,0.0030769149815056,-0.0054495739235532,0.0116034038865644,0.0078032329793046,-0.0011274378833224,-0.012996524656871206,-0.016073439638376805,False,False
lp_controls,consumption,PH2M,contractionary,mp_pos_x_ph2m,cP,1.0,8,-0.0031949160140502,-0.0142494251905979,0.0078595931624974,0.0078032329793046,-0.0011217636173259,-0.012931114633823336,-0.009736198619773137,True,True
lp_controls,consumption,PH2M,contractionary,mp_pos_x_ph2m,cP,1.0,9,0.0064967812837081,-0.0060595497831265,0.0190531123505427,0.0078032329793046,-0.0011149448479192,-0.012852511363492785,-0.019349292647200884,False,False
lp_controls,consumption,PH2M,contractionary,mp_pos_x_ph2m,cP,1.0,10,-0.0019028538252309,-0.0137787007800001,0.0099729931295383,0.0078032329793046,-0.0011090874964122,-0.012784990824746687,-0.010882136999515787,True,True
lp_controls,consumption,PH2M,contractionary,mp_pos_x_ph2m,cP,1.0,11,-0.0043916601905758,-0.0188364306658442,0.0100531102846925,0.0078032329793046,-0.001103333893263,-0.012718666243764833,-0.008327006053189033,True,True
lp_controls,consumption,PH2M,contractionary,mp_pos_x_ph2m,cP,1.0,12,0.0054176416807116,-0.0136319503430391,0.0244672337044624,0.0078032329793046,-0.0010979945453227,-0.012657116983992547,-0.018074758664704146,True,False
lp_controls,consumption,PH2M,contractionary,mp_pos_x_ph2m,cP,1.0,13,0.0044074059043239,-0.0110051643165023,0.0198199761251502,0.0078032329793046,-0.0010929216618621,-0.012598639389836465,-0.017006045294160367,False,False
lp_controls,consumption,PH2M,contractionary,mp_pos_x_ph2m,cP,1.0,14,-0.0032370191730191,-0.017622863568545,0.0111488252225067,0.0078032329793046,-0.001088149295558,-0.012543626003058934,-0.009306606830039834,True,True
lp_controls,consumption,PH2M,contractionary,mp_pos_x_ph2m,cP,1.0,15,0.006782240641648,-0.0061554727185509,0.0197199540018471,0.0078032329793046,-0.0010836412832187,-0.012491659952966186,-0.019273900594614184,False,False
lp_controls,consumption,PH2M,contractionary,mp_pos_x_ph2m,cP,1.0,16,-0.0026254404203348,-0.0236405050883329,0.0183896242476632,0.0078032329793046,-0.0010793903867297,-0.012442657802293113,-0.009817217381958314,True,True
lp_controls,consumption,PH2M,contractionary,mp_pos_x_ph2m,cP,1.0,17,0.0020381056607162,-0.0187265935560304,0.0228028048774629,0.0078032329793046,-0.0010753791955885,-0.012396418851712169,-0.01443452451242837,True,False
lp_controls,consumption,PH2M,contractionary,mp_pos_x_ph2m,cP,1.0,18,0.0027597184175956,-0.0168907975376653,0.0224102343728567,0.0078032329793046,-0.0010715954478357,-0.012352801751655417,-0.015112520169251017,True,False
lp_controls,consumption,PH2M,contractionary,mp_pos_x_ph2m,cP,1.0,19,-0.0143372498578476,-0.0364098454411271,0.0077353457254317,0.0078032329793046,-0.0010680259336934,-0.012311654226590226,0.0020255956312573743,True,True
lp_controls,consumption,PH2M,contractionary,mp_pos_x_ph2m,cP,1.0,20,-0.0145744215843933,-0.0344030739336728,0.005254230764886,0.0078032329793046,-0.0010646588325277,-0.01227284001432228,0.0023015815700710204,True,True
lp_controls,consumption,PH2M,contractionary,mp_pos_x_ph2m,cP,1.0,21,-0.0073107629414719,-0.0244056695646041,0.0097841436816602,0.0078032329793046,-0.0010614827324163,-0.01223622756407459,-0.00492546462260269,True,True
lp_controls,consumption,PH2M,contractionary,mp_pos_x_ph2m,cP,1.0,22,-0.0156911987203406,-0.0360341330107109,0.0046517355700297,0.0078032329793046,-0.0010584869568501,-0.012201693802535697,0.0034895049178049024,True,True
lp_controls,consumption,PH2M,contractionary,mp_pos_x_ph2m,cP,1.0,23,-0.0250979107849428,-0.0508921986968174,0.0006963771269317025,0.0078032329793046,-0.0010556613769344,-0.012169121969011584,0.012928788815931215,True,True
lp_controls,consumption,PH2M,contractionary,mp_pos_x_ph2m,cP,1.0,24,-0.0072795213903107,-0.0269442212653894,0.0123851784847679,0.0078032329793046,-0.0010529964242343,-0.012138401763500856,-0.004858880373190156,True,True
lp_controls,consumption,PH2M,contractionary,mp_pos_x_ph2m,cP,1.0,25,-0.0125982627245454,-0.0311424557126568,0.005945930263566,0.0078032329793046,-0.0010504830198901,-0.012109428529573482,0.0004888341949719176,True,True
lp_controls,consumption,PH2M,contractionary,mp_pos_x_ph2m,cP,1.0,26,-0.0063878179897795,-0.0244455710340146,0.0116699350544554,0.0078032329793046,-0.0010481125275447,-0.012082102711742055,-0.005694284721962555,True,True
lp_controls,consumption,PH2M,contractionary,mp_pos_x_ph2m,cP,1.0,27,-0.0214328406150697,-0.040818593412364,-0.0020470878177755,0.0078032329793046,-0.0010458766809863,-0.012056329021364016,0.009376511593705686,True,True
lp_controls,consumption,PH2M,contractionary,mp_pos_x_ph2m,cP,1.0,28,-0.0250217868895295,-0.0414872561101131,-0.0085563176689458,0.0078032329793046,-0.0010437674953933,-0.012032015413518444,0.012989771476011056,True,True
lp_controls,consumption,PH2M,contractionary,mp_pos_x_ph2m,cP,1.0,29,-0.026334317606744,-0.043182241390432,-0.0094863938230561,0.0078032329793046,-0.0010417771425854,-0.012009071648964857,0.014325245957779145,True,True
lp_controls,consumption,PH2M,contractionary,mp_pos_x_ph2m,cP,1.0,30,-0.0196562041964654,-0.0381025013414578,-0.0012099070514729,0.0078032329793046,-0.0010398977732756,-0.01198740724515557,0.00766879695130983,True,True
lp_controls,consumption,PH2M,contractionary,mp_pos_x_ph2m,cP,1.0,31,-0.0207025609891652,-0.0359784822125685,-0.0054266397657619,0.0078032329793046,-0.001038121255321,-0.011966928458925418,0.008735632530239781,True,True
lp_controls,consumption,PH2M,contractionary,mp_pos_x_ph2m,cP,1.0,32,-0.0181693008394836,-0.0376692912482592,0.0013306895692919,0.0078032329793046,-0.0010364387833518,-0.011947533786495426,0.006221767052988174,True,True
lp_controls,consumption,PH2M,contractionary,mp_pos_x_ph2m,cP,1.0,33,-0.017722153520696,-0.0323566662998141,-0.003087640741578,0.0078032329793046,-0.0010348402931959,-0.011929107213260456,0.005793046307435545,True,True
lp_controls,consumption,PH2M,contractionary,mp_pos_x_ph2m,cP,1.0,34,-0.0118706323750166,-0.0271882716711255,0.0034470069210923,0.0078032329793046,-0.0010333135861387,-0.01191150811870613,-4.087574368952934e-05,True,True
lp_controls,consumption,PH2M,contractionary,mp_pos_x_ph2m,cP,1.0,35,-0.0081375433170314,-0.0229953450969291,0.0067202584628662,0.0078032329793046,-0.0010318430338317,-0.011894556347260573,-0.0037570130302291734,True,True
lp_controls,consumption,PH2M,contractionary,mp_pos_x_ph2m,cP,1.0,36,-0.0185795172833773,-0.0317410757011228,-0.0054179588656319,0.0078032329793046,-0.0010304077043942,-0.011878010606957584,0.0067015066764197165,True,True
lp_controls,consumption,PH2M,contractionary,mp_pos_x_ph2m,cP,1.0,37,-0.0201957199344957,-0.0324955076210559,-0.0078959322479356,0.0078032329793046,-0.0010289787529608,-0.011861538389008934,0.008334181545486766,True,True
lp_controls,consumption,PH2M,contractionary,mp_pos_x_ph2m,cP,1.0,38,-0.0208686352299541,-0.0350994170061397,-0.0066378534537684,0.0078032329793046,-0.0010275160327763,-0.011844676902247518,0.009023958327706583,True,True
lp_controls,consumption,PH2M,contractionary,mp_pos_x_ph2m,cP,1.0,39,-0.0170413687172411,-0.0314209333891485,-0.0026618040453337,0.0078032329793046,-0.0010259642943309,-0.011826789258710807,0.005214579458530294,True,True
lp_controls,consumption,PH2M,contractionary,mp_pos_x_ph2m,cP,1.0,40,-0.0094494410565816,-0.0235489905767616,0.0046501084635984,0.0078032329793046,-0.0010242504910289,-0.011807033414773904,-0.0023575923581923043,True,True
lp_controls,consumption,PH2M,contractionary,mp_pos_x_ph2m,cP,1.0,41,-0.0145884269638441,-0.0292861110860299,0.0001092571583415771,0.0078032329793046,-0.0010222866059256,-0.011784394756320201,0.002804032207523899,True,True
lp_controls,consumption,PH2M,contractionary,mp_pos_x_ph2m,cP,1.0,42,-0.0192408769462164,-0.0332345277654997,-0.0052472261269332,0.0078032329793046,-0.0010199893077196,-0.011757912682921638,0.007482964263294763,True,True
lp_controls,consumption,PH2M,contractionary,mp_pos_x_ph2m,cP,1.0,43,-0.0086948347307991,-0.0219719713921175,0.0045823019305192,0.0078032329793046,-0.0010173436160494,-0.011727414508667546,-0.0030325797778684455,True,True
lp_controls,consumption,PH2M,contractionary,mp_pos_x_ph2m,cP,1.0,44,-0.0085352861816689,-0.0216534799598744,0.0045829075965366,0.0078032329793046,-0.0010145733849926,-0.01169548070835135,-0.0031601945266824492,True,True
lp_controls,consumption,PH2M,contractionary,mp_pos_x_ph2m,cP,1.0,45,-0.0129565636300483,-0.0245849998885004,-0.0013281273715963,0.0078032329793046,-0.0010125572833317,-0.011672240124249783,0.001284323505798518,True,True
lp_controls,consumption,PH2M,contractionary,mp_pos_x_ph2m,cP,1.0,46,-0.0152102791746704,-0.027411583690358,-0.0030089746589828,0.0078032329793046,-0.0010137329234078,-0.011685792299019369,0.003524486875651031,True,True
lp_controls,consumption,PH2M,contractionary,mp_pos_x_ph2m,cP,1.0,47,-0.0164987052869056,-0.0318394168159991,-0.0011579937578121,0.0078032329793046,-0.0010227898593211,-0.011790196002898858,0.004708509284006741,True,True
lp_controls,consumption,PH2M,expansionary,mp_neg_x_ph2m,cP,1.0,0,-0.0001506999218977006,-0.0116472326528042,0.0113458328090088,0.0115285465340016,0.0004128287953228,0.007030797294217465,0.007181497216115165,True,False
lp_controls,consumption,PH2M,expansionary,mp_neg_x_ph2m,cP,1.0,1,0.0022003631432117,-0.0069400836183046,0.0113408099047281,0.0115285465340016,0.0002313855061878,0.003940676157423255,0.0017403130142115545,True,True
lp_controls,consumption,PH2M,expansionary,mp_neg_x_ph2m,cP,1.0,2,0.00010922945425066572,-0.0125065177314175,0.0127249766399188,0.0115285465340016,0.0002995545998662,0.00510164914383664,0.004992419689585975,True,True
lp_controls,consumption,PH2M,expansionary,mp_neg_x_ph2m,cP,1.0,3,0.0011948110312387,-0.0106865364263247,0.0130761584888021,0.0115285465340016,0.0002696524126796,0.00459239150690668,0.00339758047566798,True,True
lp_controls,consumption,PH2M,expansionary,mp_neg_x_ph2m,cP,1.0,4,-0.0054485713797103,-0.014844047846605,0.0039469050871844,0.0115285465340016,0.0002785269461202,0.004743531752956679,0.010192103132666979,False,False
lp_controls,consumption,PH2M,expansionary,mp_neg_x_ph2m,cP,1.0,5,-0.010383816968945,-0.0210051621131058,0.0002375281752158565,0.0115285465340016,0.000272301141824,0.004637501436040865,0.015021318404985865,False,False
lp_controls,consumption,PH2M,expansionary,mp_neg_x_ph2m,cP,1.0,6,-0.00030714740144542504,-0.0105276642597724,0.0099133694568816,0.0115285465340016,0.0002721733763997,0.004635325490928411,0.004942472892373836,True,False
lp_controls,consumption,PH2M,expansionary,mp_neg_x_ph2m,cP,1.0,7,-0.0038250639803339,-0.017818034999273,0.0101679070386052,0.0115285465340016,0.0002697906876451,0.0045947464377262106,0.00841981041806011,True,False
lp_controls,consumption,PH2M,expansionary,mp_neg_x_ph2m,cP,1.0,8,-0.0110191473297978,-0.0282215723953244,0.0061832777357286,0.0115285465340016,0.0002684328619522,0.0045716216041007,0.0155907689338985,True,False
lp_controls,consumption,PH2M,expansionary,mp_neg_x_ph2m,cP,1.0,9,-0.0052626262398174,-0.0152561108735119,0.0047308583938771,0.0115285465340016,0.0002668011618698,0.004543832475400648,0.009806458715218049,True,False
lp_controls,consumption,PH2M,expansionary,mp_neg_x_ph2m,cP,1.0,10,-0.00497807975441,-0.0166346659423402,0.0066785064335202,0.0115285465340016,0.0002653995246584,0.004519961497346222,0.009498041251756222,True,False
lp_controls,consumption,PH2M,expansionary,mp_neg_x_ph2m,cP,1.0,11,0.0008851632474602591,-0.011648443700018,0.0134187701949385,0.0115285465340016,0.0002640227139506,0.004496513334067106,0.003611350086606847,True,True
lp_controls,consumption,PH2M,expansionary,mp_neg_x_ph2m,cP,1.0,12,-0.0014657625493852,-0.0112763741887922,0.0083448490900217,0.0115285465340016,0.0002627450326046,0.004474753421357275,0.0059405159707424755,True,False
lp_controls,consumption,PH2M,expansionary,mp_neg_x_ph2m,cP,1.0,13,0.0031659841475238,-0.0112991616242354,0.017631129919283,0.0115285465340016,0.00026153111498,0.004454079454698124,0.0012880953071743241,True,True
lp_controls,consumption,PH2M,expansionary,mp_neg_x_ph2m,cP,1.0,14,-0.0004369783393019917,-0.0146464123540224,0.0137724556754184,0.0115285465340016,0.0002603891097255,0.004434630211950795,0.004871608551252787,True,False
lp_controls,consumption,PH2M,expansionary,mp_neg_x_ph2m,cP,1.0,15,-0.0077648256981586,-0.0208869428284024,0.0053572914320851,0.0115285465340016,0.000259310363156,0.004416258314089222,0.012181084012247823,True,False
lp_controls,consumption,PH2M,expansionary,mp_neg_x_ph2m,cP,1.0,16,0.0039661367669176,-0.0087002614289787,0.0166325349628141,0.0115285465340016,0.0002582931432241,0.0043989342629913945,0.0004327974960737944,True,True
lp_controls,consumption,PH2M,expansionary,mp_neg_x_ph2m,cP,1.0,17,-0.0035780356677492,-0.0173697873029085,0.01021371596741,0.0115285465340016,0.0002573332836769,0.004382587104111633,0.007960622771860833,True,False
lp_controls,consumption,PH2M,expansionary,mp_neg_x_ph2m,cP,1.0,18,3.239226081121944e-05,-0.0147986935327931,0.0148634780544156,0.0115285465340016,0.0002564278502838,0.004367166865207697,0.004334774604396477,True,True
lp_controls,consumption,PH2M,expansionary,mp_neg_x_ph2m,cP,1.0,19,0.0080292147036458,-0.0079560472689823,0.0240144766762741,0.0115285465340016,0.0002555736820061,0.004352619711317999,-0.0036765949923278007,True,True
lp_controls,consumption,PH2M,expansionary,mp_neg_x_ph2m,cP,1.0,20,0.0086964836476438,-0.0033640026879118,0.0207569699831996,0.0115285465340016,0.0002547679502205,0.004338897468775222,-0.004357586178868577,True,True
lp_controls,consumption,PH2M,expansionary,mp_neg_x_ph2m,cP,1.0,21,0.0084108404408762,-0.0086813671246512,0.0255030480064036,0.0115285465340016,0.0002540079241067,0.004325953629573644,-0.004084886811302556,True,True
lp_controls,consumption,PH2M,expansionary,mp_neg_x_ph2m,cP,1.0,22,0.0133858996313068,-0.0047357590124909,0.0315075582751045,0.0115285465340016,0.0002532910488251,0.004313744682796509,-0.00907215494851029,True,True
lp_controls,consumption,PH2M,expansionary,mp_neg_x_ph2m,cP,1.0,23,0.0089286996465647,-0.0079455559717873,0.0258029552649168,0.0115285465340016,0.0002526149005781,0.004302229349274825,-0.004626470297289875,True,True
lp_controls,consumption,PH2M,expansionary,mp_neg_x_ph2m,cP,1.0,24,0.0109976786246138,-0.0060656305105804,0.0280609877598081,0.0115285465340016,0.0002519771896832,0.00429136863392465,-0.00670630999068915,True,True
lp_controls,consumption,PH2M,expansionary,mp_neg_x_ph2m,cP,1.0,25,0.0187016948661841,-0.000905044338820344,0.0383084340711886,0.0115285465340016,0.0002513757436112,0.004281125536874386,-0.014420569329309716,True,True
lp_controls,consumption,PH2M,expansionary,mp_neg_x_ph2m,cP,1.0,26,0.012290786897048,-0.0072666350038343,0.0318482087979304,0.0115285465340016,0.0002508084957216,0.004271464861619813,-0.008019322035428187,True,True
lp_controls,consumption,PH2M,expansionary,mp_neg_x_ph2m,cP,1.0,27,0.0151294983485242,-0.0045316263168083,0.0347906230138567,0.0115285465340016,0.0002502734679482,0.004262352920146325,-0.010867145428377877,True,True
lp_controls,consumption,PH2M,expansionary,mp_neg_x_ph2m,cP,1.0,28,0.0197683305974875,0.00010358737667785676,0.0394330738182972,0.0115285465340016,0.0002497687495598,0.004253757171207034,-0.015514573426280466,True,True
lp_controls,consumption,PH2M,expansionary,mp_neg_x_ph2m,cP,1.0,29,-0.0038768214081178,-0.0249412170094538,0.0171875741932181,0.0115285465340016,0.000249292467309,0.004245645711933487,0.008122467120051286,True,False
lp_controls,consumption,PH2M,expansionary,mp_neg_x_ph2m,cP,1.0,30,-0.0160835695922815,-0.0489333605790073,0.0167662213944442,0.0115285465340016,0.0002488427428976,0.004237986553438154,0.020321556145719656,True,False
lp_controls,consumption,PH2M,expansionary,mp_neg_x_ph2m,cP,1.0,31,0.0170527970526313,-0.004065349175053,0.0381709432803156,0.0115285465340016,0.0002484176303414,0.004230746554087984,-0.012822050498543316,True,True
lp_controls,consumption,PH2M,expansionary,mp_neg_x_ph2m,cP,1.0,32,-0.009933127781694,-0.0397831498046938,0.0199168942413057,0.0115285465340016,0.0002480150225558,0.0042238898285840995,0.0141570176102781,True,False
lp_controls,consumption,PH2M,expansionary,mp_neg_x_ph2m,cP,1.0,33,-0.0335325648259405,-0.0777759757015112,0.0107108460496301,0.0115285465340016,0.0002476325112311,0.004217375361528561,0.03774994018746906,True,False
lp_controls,consumption,PH2M,expansionary,mp_neg_x_ph2m,cP,1.0,34,0.026955859488442,0.0084469270612017,0.0454647919156823,0.0115285465340016,0.0002472671772709,0.004211153438426391,-0.02274470605001561,False,True
lp_controls,consumption,PH2M,expansionary,mp_neg_x_ph2m,cP,1.0,35,0.0091144436961051,-0.0141023491683219,0.0323312365605321,0.0115285465340016,0.0002469152808835,0.004205160367699718,-0.004909283328405382,True,True
lp_controls,consumption,PH2M,expansionary,mp_neg_x_ph2m,cP,1.0,36,0.0159311189046975,-0.0054724687465087,0.0373347065559038,0.0115285465340016,0.0002465718131664,0.004199310843821061,-0.011731808060876437,True,True
lp_controls,consumption,PH2M,expansionary,mp_neg_x_ph2m,cP,1.0,37,0.0069190758279575,-0.0178016220277795,0.0316397736836947,0.0115285465340016,0.0002462298716763,0.004193487312782011,-0.0027255885151754883,True,True
lp_controls,consumption,PH2M,expansionary,mp_neg_x_ph2m,cP,1.0,38,-0.0243721722539013,-0.0738157969950434,0.0250714524872407,0.0115285465340016,0.0002458798494797,0.004187526160990633,0.028559698414891935,True,False
lp_controls,consumption,PH2M,expansionary,mp_neg_x_ph2m,cP,1.0,39,-0.0353061551376997,-0.1092492229845053,0.0386369127091058,0.0115285465340016,0.0002455085256237,0.004181202225277762,0.03948735736297746,True,False
lp_controls,consumption,PH2M,expansionary,mp_neg_x_ph2m,cP,1.0,40,0.0316516143945611,-0.0056627006391101,0.0689659294282323,0.0115285465340016,0.0002450984203947,0.004174217812448364,-0.027477396582112738,True,True
lp_controls,consumption,PH2M,expansionary,mp_neg_x_ph2m,cP,1.0,41,0.0209610706620849,-0.0101328516240291,0.0520549929481989,0.0115285465340016,0.0002446284717436,0.0041662142193317755,-0.016794856442753123,True,True
lp_controls,consumption,PH2M,expansionary,mp_neg_x_ph2m,cP,1.0,42,0.0169742536054742,-0.0107325285189616,0.0446810357299102,0.0115285465340016,0.0002440787388742,0.004156851838571253,-0.012817401766902946,True,True
lp_controls,consumption,PH2M,expansionary,mp_neg_x_ph2m,cP,1.0,43,0.0239975202282708,-0.0030906847449518,0.0510857252014936,0.0115285465340016,0.0002434456370549,0.004146069619383713,-0.019851450608887086,True,True
lp_controls,consumption,PH2M,expansionary,mp_neg_x_ph2m,cP,1.0,44,0.0304484716892417,0.0019396859720397,0.0589572574064437,0.0115285465340016,0.0002427827335347,0.004134779853919302,-0.026313691835322398,True,True
lp_controls,consumption,PH2M,expansionary,mp_neg_x_ph2m,cP,1.0,45,0.0219687051865799,0.0001608527534185576,0.0437765576197412,0.0115285465340016,0.0002423002897021,0.0041265634580881835,-0.017842141728491717,True,True
lp_controls,consumption,PH2M,expansionary,mp_neg_x_ph2m,cP,1.0,46,0.0444489250396069,0.0165006142903158,0.0723972357888979,0.0115285465340016,0.0002425816149522,0.004131354647146717,-0.040317570392460186,False,True
lp_controls,consumption,PH2M,expansionary,mp_neg_x_ph2m,cP,1.0,47,0.0218155959557581,-0.0044880205694698,0.0481192124809861,0.0115285465340016,0.000244748897961,0.004168265172010081,-0.01764733078374802,True,True
lp_controls,consumption,WH2M,contractionary,mp_pos_x_wh2m,cW,1.0,0,0.00042999910612112895,-0.0096131334093008,0.010473131621543,0.0091442313928424,-0.001216523449627,-0.016433411480440373,-0.016863410586561503,False,False
lp_controls,consumption,WH2M,contractionary,mp_pos_x_wh2m,cW,1.0,1,-0.0103894651221423,-0.0238872072569787,0.0031082770126939,0.0091442313928424,-0.0013049569558029,-0.017628015822915004,-0.007238550700772704,True,True
lp_controls,consumption,WH2M,contractionary,mp_pos_x_wh2m,cW,1.0,2,-0.0128259325166562,-0.0311224426722586,0.0054705776389461,0.0091442313928424,-0.0017124565596525,-0.02313272571587282,-0.010306793199216619,True,True
lp_controls,consumption,WH2M,contractionary,mp_pos_x_wh2m,cW,1.0,3,-0.016383339012677,-0.032514914637209,-0.0002517633881450373,0.0091442313928424,-0.0019694268534495,-0.026604009871974,-0.010220670859297003,True,True
lp_controls,consumption,WH2M,contractionary,mp_pos_x_wh2m,cW,1.0,4,-0.0127030560782922,-0.0252764697196485,-0.0001296424369360236,0.0091442313928424,-0.0022621175392182,-0.03055782307401634,-0.01785476699572414,False,True
lp_controls,consumption,WH2M,contractionary,mp_pos_x_wh2m,cW,1.0,5,-0.0158474508783842,-0.0319339223066094,0.00023902054984098448,0.0091442313928424,-0.0025185396274413,-0.03402170179311215,-0.018174250914727946,False,True
lp_controls,consumption,WH2M,contractionary,mp_pos_x_wh2m,cW,1.0,6,-0.016119205663651,-0.0300942788743011,-0.002144132453001,0.0091442313928424,-0.0027682796444889,-0.03739531572922966,-0.02127611006557866,False,True
lp_controls,consumption,WH2M,contractionary,mp_pos_x_wh2m,cW,1.0,7,-0.0144448088227196,-0.0300373709749448,0.0011477533295054,0.0091442313928424,-0.0030008705817545,-0.04053727125822407,-0.026092462435504466,False,True
lp_controls,consumption,WH2M,contractionary,mp_pos_x_wh2m,cW,1.0,8,-0.0158513592073013,-0.0324159379135885,0.0007132194989858258,0.0091442313928424,-0.0032215451404513,-0.043518254343622886,-0.027666895136321586,False,True
lp_controls,consumption,WH2M,contractionary,mp_pos_x_wh2m,cW,1.0,9,-0.0217506403459489,-0.0391089858334383,-0.0043922948584595,0.0091442313928424,-0.0034292933868218,-0.04632462229155936,-0.024573981945610463,False,True
lp_controls,consumption,WH2M,contractionary,mp_pos_x_wh2m,cW,1.0,10,-0.0261482229781872,-0.0448683950281304,-0.0074280509282439,0.0091442313928424,-0.0036255034217393,-0.04897512626777083,-0.022826903289583627,False,True
lp_controls,consumption,WH2M,contractionary,mp_pos_x_wh2m,cW,1.0,11,-0.0193374645695137,-0.0388069148761136,0.00013198573708612853,0.0091442313928424,-0.0038105634942937,-0.05147501093651195,-0.032137546366998254,False,True
lp_controls,consumption,WH2M,contractionary,mp_pos_x_wh2m,cW,1.0,12,-0.0185522246098412,-0.0358362829222307,-0.0012681662974517,0.0091442313928424,-0.0039852026502651,-0.053834124615376726,-0.03528190000553552,False,True
lp_controls,consumption,WH2M,contractionary,mp_pos_x_wh2m,cW,1.0,13,-0.0276619257390067,-0.045851817262269,-0.0094720342157444,0.0091442313928424,-0.0041499659790625,-0.05605983064664554,-0.02839790490763884,False,True
lp_controls,consumption,WH2M,contractionary,mp_pos_x_wh2m,cW,1.0,14,-0.0253136127656957,-0.0436577449646698,-0.0069694805667215,0.0091442313928424,-0.0043054239689821,-0.0581598354735597,-0.032846222707864,False,True
lp_controls,consumption,WH2M,contractionary,mp_pos_x_wh2m,cW,1.0,15,-0.0277655638962105,-0.0475845287030681,-0.007946599089353,0.0091442313928424,-0.0044520927381091,-0.06014111107916574,-0.03237554718295524,False,True
lp_controls,consumption,WH2M,contractionary,mp_pos_x_wh2m,cW,1.0,16,-0.0230129864643124,-0.0445807689379022,-0.0014452039907226,0.0091442313928424,-0.0045904679236207,-0.06201035278008949,-0.03899736631577709,False,True
lp_controls,consumption,WH2M,contractionary,mp_pos_x_wh2m,cW,1.0,17,-0.0239909400551995,-0.0460502368058791,-0.00193164330452,0.0091442313928424,-0.0047210136909248,-0.06377383075644569,-0.03978289070124619,False,True
lp_controls,consumption,WH2M,contractionary,mp_pos_x_wh2m,cW,1.0,18,-0.0282859385221194,-0.0509060229469998,-0.0056658540972389,0.0091442313928424,-0.0048441692758478,-0.06543747842700604,-0.037151539904886635,False,True
lp_controls,consumption,WH2M,contractionary,mp_pos_x_wh2m,cW,1.0,19,-0.025950023481569,-0.0494276579191302,-0.0024723890440079,0.0091442313928424,-0.0049603484996226,-0.06700688589741265,-0.04105686241584365,False,True
lp_controls,consumption,WH2M,contractionary,mp_pos_x_wh2m,cW,1.0,20,-0.0224822105086218,-0.0449446043070784,-1.9816710165135653e-05,0.0091442313928424,-0.0050699419312371,-0.06848732917027088,-0.04600511866164908,False,True
lp_controls,consumption,WH2M,contractionary,mp_pos_x_wh2m,cW,1.0,21,-0.0327056690173986,-0.0547845113452305,-0.0106268266895666,0.0091442313928424,-0.0051733178954443,-0.0698837837618573,-0.0371781147444587,False,True
lp_controls,consumption,WH2M,contractionary,mp_pos_x_wh2m,cW,1.0,22,-0.0313698808515347,-0.0560021910302418,-0.0067375706728276,0.0091442313928424,-0.005270823828925,-0.07120094302184864,-0.03983106217031394,False,True
lp_controls,consumption,WH2M,contractionary,mp_pos_x_wh2m,cW,1.0,23,-0.0194719228670442,-0.0458945009693006,0.0069506552352121,0.0091442313928424,-0.005362787398729,-0.07244323324178867,-0.052971310374744465,False,True
lp_controls,consumption,WH2M,contractionary,mp_pos_x_wh2m,cW,1.0,24,-0.042945453896272,-0.0674528226318251,-0.0184380851607189,0.0091442313928424,-0.0054495176186297,-0.07361482873536858,-0.030669374839096576,False,True
lp_controls,consumption,WH2M,contractionary,mp_pos_x_wh2m,cW,1.0,25,-0.0391875709465277,-0.0636038698866177,-0.0147712720064377,0.0091442313928424,-0.0055313058750347,-0.074719665696944,-0.03553209475041629,False,True
lp_controls,consumption,WH2M,contractionary,mp_pos_x_wh2m,cW,1.0,26,-0.0314425089374292,-0.0584445649374952,-0.0044404529373632,0.0091442313928424,-0.005608426900847,-0.07576145535694255,-0.04431894641951335,False,True
lp_controls,consumption,WH2M,contractionary,mp_pos_x_wh2m,cW,1.0,27,-0.0335394416470242,-0.0573133933541103,-0.009765489939938,0.0091442313928424,-0.0056811396847521,-0.07674369626497209,-0.043204254617947885,False,True
lp_controls,consumption,WH2M,contractionary,mp_pos_x_wh2m,cW,1.0,28,-0.0401747746923626,-0.0637488097004444,-0.0166007396842808,0.0091442313928424,-0.0057496883220301,-0.07766968578301897,-0.03749491109065637,False,True
lp_controls,consumption,WH2M,contractionary,mp_pos_x_wh2m,cW,1.0,29,-0.0150593301445933,-0.0510145041447436,0.0208958438555569,0.0091442313928424,-0.0058143028036377,-0.07854253074476517,-0.06348320060017186,False,True
lp_controls,consumption,WH2M,contractionary,mp_pos_x_wh2m,cW,1.0,30,-0.0212150824460297,-0.0517143784365832,0.0092842135445238,0.0091442313928424,-0.0058751997410528,-0.07936515724715425,-0.05815007480112455,False,True
lp_controls,consumption,WH2M,contractionary,mp_pos_x_wh2m,cW,1.0,31,-0.0193119431185437,-0.0468169948748226,0.0081931086377352,0.0091442313928424,-0.0059325830198063,-0.08014031947862806,-0.060828376360084355,False,True
lp_controls,consumption,WH2M,contractionary,mp_pos_x_wh2m,cW,1.0,32,-0.0198295247177624,-0.048576231749562,0.008917182314037,0.0091442313928424,-0.0059866443702591,-0.0808706074294699,-0.0610410827117075,False,True
lp_controls,consumption,WH2M,contractionary,mp_pos_x_wh2m,cW,1.0,33,-0.0194355391979437,-0.0493796252778324,0.0105085468819448,0.0091442313928424,-0.0060375638372296,-0.0815584532357694,-0.06212291403782569,False,True
lp_controls,consumption,WH2M,contractionary,mp_pos_x_wh2m,cW,1.0,34,-0.0206640794122194,-0.0563989988894719,0.0150708400650331,0.0091442313928424,-0.00608551012123,-0.08220613578901421,-0.061542056376794815,False,True
lp_controls,consumption,WH2M,contractionary,mp_pos_x_wh2m,cW,1.0,35,-0.0213613057675434,-0.0524948789638729,0.0097722674287861,0.0091442313928424,-0.006130640753592,-0.08281578310177637,-0.06145447733423297,False,True
lp_controls,consumption,WH2M,contractionary,mp_pos_x_wh2m,cW,1.0,36,-0.0220638913765131,-0.0597215478408937,0.0155937650878675,0.0091442313928424,-0.0061731020589869,-0.08338937180141466,-0.06132548042490156,False,True
lp_controls,consumption,WH2M,contractionary,mp_pos_x_wh2m,cW,1.0,37,-0.0174454402042331,-0.0570618406764692,0.0221709602680029,0.0091442313928424,-0.0062130288613619,-0.08392872315771426,-0.06648328295348116,False,True
lp_controls,consumption,WH2M,contractionary,mp_pos_x_wh2m,cW,1.0,38,-0.0066231893674791,-0.0391013085281686,0.0258549297932103,0.0091442313928424,-0.0062505439284321,-0.08443549557880482,-0.07781230621132572,False,True
lp_controls,consumption,WH2M,contractionary,mp_pos_x_wh2m,cW,1.0,39,-0.005140801909369,-0.0366537837044219,0.0263721798856837,0.0091442313928424,-0.0062857572870138,-0.0849111753623378,-0.0797703734529688,False,True
lp_controls,consumption,WH2M,contractionary,mp_pos_x_wh2m,cW,1.0,40,-0.0029757327203889,-0.0433183447413873,0.0373668793006094,0.0091442313928424,-0.0063187659200563,-0.08535707260283948,-0.08238133988245058,False,True
lp_controls,consumption,WH2M,contractionary,mp_pos_x_wh2m,cW,1.0,41,-0.0101853688607346,-0.0490871416282618,0.0287164039067925,0.0091442313928424,-0.0063496553024306,-0.08577434193791819,-0.0755889730771836,False,True
lp_controls,consumption,WH2M,contractionary,mp_pos_x_wh2m,cW,1.0,42,-0.0127655358251734,-0.0471771249969347,0.0216460533465877,0.0091442313928424,-0.006378506475973,-0.08616407812151682,-0.07339854229634342,False,True
lp_controls,consumption,WH2M,contractionary,mp_pos_x_wh2m,cW,1.0,43,-0.0022624239098873,-0.0313908257244804,0.0268659779047056,0.0091442313928424,-0.0064054175117474,-0.08652760594696166,-0.08426518203707435,False,True
lp_controls,consumption,WH2M,contractionary,mp_pos_x_wh2m,cW,1.0,44,-0.0097373902230348,-0.0405947460572377,0.0211199656111681,0.0091442313928424,-0.0064305596416464,-0.08686723850090186,-0.07712984827786706,False,True
lp_controls,consumption,WH2M,contractionary,mp_pos_x_wh2m,cW,1.0,45,-0.0093809423869822,-0.0440245713868506,0.0252626866128861,0.0091442313928424,-0.006454310751841,-0.08718808046006411,-0.07780713807308191,False,True
lp_controls,consumption,WH2M,contractionary,mp_pos_x_wh2m,cW,1.0,46,0.0060877009461838,-0.021134755174678,0.0333101570670458,0.0091442313928424,-0.0064775026608012,-0.0875013684473008,-0.0935890693934846,False,False
lp_controls,consumption,WH2M,contractionary,mp_pos_x_wh2m,cW,1.0,47,0.0059975601192482,-0.0217561221311997,0.0337512423696962,0.0091442313928424,-0.0065007766936839,-0.08781576580584574,-0.09381332592509393,False,False
lp_controls,consumption,WH2M,expansionary,mp_neg_x_wh2m,cW,1.0,0,0.0023135019679142,-0.0064994154056968,0.0111264193415254,0.0135063367525997,0.00029110845295,0.005808345313229496,0.0034948433453152955,True,True
lp_controls,consumption,WH2M,expansionary,mp_neg_x_wh2m,cW,1.0,1,1.757703656264918e-05,-0.0150468908687192,0.0150820449418445,0.0135063367525997,0.0003122701832724,0.006230575021409938,0.006212997984847289,True,True
lp_controls,consumption,WH2M,expansionary,mp_neg_x_wh2m,cW,1.0,2,0.0086453733396555,-0.0035337265990393,0.0208244732783504,0.0135063367525997,0.0004097829597756,0.008176200002899701,-0.0004691733367557984,True,True
lp_controls,consumption,WH2M,expansionary,mp_neg_x_wh2m,cW,1.0,3,0.0077340724679068,-0.0015001675915437,0.0169683125273573,0.0135063367525997,0.0004712747663695,0.009403116098987915,0.0016690436310811147,True,True
lp_controls,consumption,WH2M,expansionary,mp_neg_x_wh2m,cW,1.0,4,0.0058211721223837,-0.0095265014959512,0.0211688457407187,0.0135063367525997,0.0005413142980802,0.010800580795152222,0.004979408672768523,True,True
lp_controls,consumption,WH2M,expansionary,mp_neg_x_wh2m,cW,1.0,5,0.0068581407456099,-0.0083852341404279,0.0221015156316477,0.0135063367525997,0.0006026749216076,0.012024879459346037,0.005166738713736138,True,True
lp_controls,consumption,WH2M,expansionary,mp_neg_x_wh2m,cW,1.0,6,0.0065307005191165,-0.009463542543098,0.0225249435813311,0.0135063367525997,0.0006624365563092,0.013217274277539761,0.006686573758423261,True,True
lp_controls,consumption,WH2M,expansionary,mp_neg_x_wh2m,cW,1.0,7,0.021854251771301,0.003730074239693,0.0399784293029091,0.0135063367525997,0.0007180944952814,0.01432779005163416,-0.00752646171966684,True,True
lp_controls,consumption,WH2M,expansionary,mp_neg_x_wh2m,cW,1.0,8,0.0172649913199548,0.0011886078692424,0.0333413747706672,0.0135063367525997,0.0007709008998002,0.015381410546288615,-0.0018835807736661842,True,True
lp_controls,consumption,WH2M,expansionary,mp_neg_x_wh2m,cW,1.0,9,0.0028685248675897,-0.0133321371555125,0.019069186890692,0.0135063367525997,0.0008206140973736,0.01637331378786403,0.013504788920274331,True,True
lp_controls,consumption,WH2M,expansionary,mp_neg_x_wh2m,cW,1.0,10,0.0011666386961443,-0.0207980777022313,0.0231313550945201,0.0135063367525997,0.000867566254141,0.017310127325713395,0.016143488629569096,True,True
lp_controls,consumption,WH2M,expansionary,mp_neg_x_wh2m,cW,1.0,11,0.0012026062774655,-0.0178799258881515,0.0202851384430827,0.0135063367525997,0.0009118502763197,0.01819370487238389,0.01699109859491839,True,True
lp_controls,consumption,WH2M,expansionary,mp_neg_x_wh2m,cW,1.0,12,-0.0015814141587411,-0.0234218840887888,0.0202590557713065,0.0135063367525997,0.0009536406212037,0.0190275272893747,0.0206089414481158,True,False
lp_controls,consumption,WH2M,expansionary,mp_neg_x_wh2m,cW,1.0,13,0.0076418425725389,-0.0188615124480456,0.0341451975931236,0.0135063367525997,0.0009930677261755,0.01981419713031022,0.012172354557771319,True,True
lp_controls,consumption,WH2M,expansionary,mp_neg_x_wh2m,cW,1.0,14,0.0181096767667405,-0.0027068517939883,0.0389262053274695,0.0135063367525997,0.0010302681064543,0.020556438216933134,0.0024467614501926353,True,True
lp_controls,consumption,WH2M,expansionary,mp_neg_x_wh2m,cW,1.0,15,0.0207692790634977,-0.0014137166467313,0.0429522747737268,0.0135063367525997,0.0010653652667184,0.021256714777994255,0.000487435714496557,True,True
lp_controls,consumption,WH2M,expansionary,mp_neg_x_wh2m,cW,1.0,16,0.0056754358042406,-0.0140701340768461,0.0254210056853273,0.0135063367525997,0.0010984778106594,0.02191739325524152,0.01624195745100092,True,True
lp_controls,consumption,WH2M,expansionary,mp_neg_x_wh2m,cW,1.0,17,0.0111391215181614,-0.0116590248086472,0.0339372678449701,0.0135063367525997,0.0011297168109193,0.022540689827054674,0.011401568308893275,True,True
lp_controls,consumption,WH2M,expansionary,mp_neg_x_wh2m,cW,1.0,18,0.0167878389124388,-0.0050207963810299,0.0385964742059077,0.0135063367525997,0.0011591873746064,0.023128701644422267,0.006340862731983466,True,True
lp_controls,consumption,WH2M,expansionary,mp_neg_x_wh2m,cW,1.0,19,0.0168338348561618,-0.0043507628038295,0.0380184325161533,0.0135063367525997,0.0011869885272339,0.023683404515225034,0.006849569659063234,True,True
lp_controls,consumption,WH2M,expansionary,mp_neg_x_wh2m,cW,1.0,20,0.0227931377374094,0.0011048907992024,0.0444813846756165,0.0135063367525997,0.0012132137301599,0.02420666322846442,0.0014135254910550218,True,True
lp_controls,consumption,WH2M,expansionary,mp_neg_x_wh2m,cW,1.0,21,0.0293703930694897,0.0075413985743627,0.0511993875646166,0.0135063367525997,0.0012379511217999,0.024700236367058218,-0.004670156702431483,True,True
lp_controls,consumption,WH2M,expansionary,mp_neg_x_wh2m,cW,1.0,22,0.0146524472432821,-0.0086164127572878,0.0379213072438521,0.0135063367525997,0.0012612838421496,0.02516578278288611,0.010513335539604011,True,True
lp_controls,consumption,WH2M,expansionary,mp_neg_x_wh2m,cW,1.0,23,0.0231147052091428,-0.0054408955717152,0.051670305990001,0.0135063367525997,0.0012832903004235,0.0256048669368524,0.002490161727709602,True,True
lp_controls,consumption,WH2M,expansionary,mp_neg_x_wh2m,cW,1.0,24,0.0216347820142919,-0.0073461380058082,0.0506157020343921,0.0135063367525997,0.0013040444421928,0.026018964228958583,0.004384182214666684,True,True
lp_controls,consumption,WH2M,expansionary,mp_neg_x_wh2m,cW,1.0,25,0.0297908691553504,0.0061062547075011,0.0534754836031998,0.0135063367525997,0.0013236159948816,0.02640946589656952,-0.0033814032587808802,True,True
lp_controls,consumption,WH2M,expansionary,mp_neg_x_wh2m,cW,1.0,26,0.0268628464440135,0.0045238406885793,0.0492018521994477,0.0135063367525997,0.001342070700807,0.026777683664149208,-8.516277986429094e-05,True,True
lp_controls,consumption,WH2M,expansionary,mp_neg_x_wh2m,cW,1.0,27,0.0210126538612013,-0.006258034767922,0.0482833424903248,0.0135063367525997,0.0013594705347673,0.027124854084692233,0.006112200223490932,True,True
lp_controls,consumption,WH2M,expansionary,mp_neg_x_wh2m,cW,1.0,28,0.0268840003142986,0.0025136748615739,0.0512543257670233,0.0135063367525997,0.0013758739076377,0.027452142601969702,0.0005681422876711029,True,True
lp_controls,consumption,WH2M,expansionary,mp_neg_x_wh2m,cW,1.0,29,0.0205696765448856,-0.0058832132729422,0.0470225663627135,0.0135063367525997,0.0013913358551938,0.027760647318032683,0.0071909707731470825,True,True
lp_controls,consumption,WH2M,expansionary,mp_neg_x_wh2m,cW,1.0,30,0.0242381034292107,-0.0067686485264272,0.0552448553848487,0.0135063367525997,0.0014059082115637,0.02805140245401754,0.0038132990248068398,True,True
lp_controls,consumption,WH2M,expansionary,mp_neg_x_wh2m,cW,1.0,31,0.0113702015376487,-0.012176995534063,0.0349173986093606,0.0135063367525997,0.0014196397656149,0.028325381470457656,0.016955179932808956,True,True
lp_controls,consumption,WH2M,expansionary,mp_neg_x_wh2m,cW,1.0,32,0.0179375762539333,-0.0061302076899581,0.0420053601978248,0.0135063367525997,0.0014325763975389,0.028583499792489506,0.010645923538556205,True,True
lp_controls,consumption,WH2M,expansionary,mp_neg_x_wh2m,cW,1.0,33,0.0347678180838283,0.0095424939561497,0.0599931422115069,0.0135063367525997,0.0014447611912306,0.02882661705210412,-0.005941201031724179,True,True
lp_controls,consumption,WH2M,expansionary,mp_neg_x_wh2m,cW,1.0,34,0.0107525778992633,-0.0290749205175754,0.050580076316102,0.0135063367525997,0.0014562345159449,0.029055538717401515,0.018302960818138217,True,True
lp_controls,consumption,WH2M,expansionary,mp_neg_x_wh2m,cW,1.0,35,-0.0105521094793174,-0.0508590809113972,0.0297548619527622,0.0135063367525997,0.0014670340682031,0.029271016928728712,0.03982312640804611,True,False
lp_controls,consumption,WH2M,expansionary,mp_neg_x_wh2m,cW,1.0,36,-0.0208796407906187,-0.0544155397325098,0.0126562581512723,0.0135063367525997,0.0014771948628244,0.029473750319735578,0.05035339111035428,False,False
lp_controls,consumption,WH2M,expansionary,mp_neg_x_wh2m,cW,1.0,37,-0.0022319020901321,-0.0420132206217978,0.0375494164415335,0.0135063367525997,0.001486749162558,0.029664382613358384,0.031896284703490485,True,False
lp_controls,consumption,WH2M,expansionary,mp_neg_x_wh2m,cW,1.0,38,0.0031680068753723,-0.0366213920981258,0.0429574058488704,0.0135063367525997,0.0014957263451519,0.02984349996950826,0.02667549309413596,True,True
lp_controls,consumption,WH2M,expansionary,mp_neg_x_wh2m,cW,1.0,39,0.0141031278571456,-0.0339746295963897,0.0621808853106811,0.0135063367525997,0.0015041527395162,0.03001162771611722,0.015908499858971623,True,True
lp_controls,consumption,WH2M,expansionary,mp_neg_x_wh2m,cW,1.0,40,-0.0267521584666595,-0.097282271571151,0.043777954637832,0.0135063367525997,0.0015120515532233,0.03016922890258496,0.05692138736924446,True,False
lp_controls,consumption,WH2M,expansionary,mp_neg_x_wh2m,cW,1.0,41,-0.0289050343838246,-0.0921114260628782,0.0343013572952288,0.0135063367525997,0.001519443240016,0.03031671163248911,0.059221746016313706,True,False
lp_controls,consumption,WH2M,expansionary,mp_neg_x_wh2m,cW,1.0,42,-0.0350464642458301,-0.0997694167056936,0.0296764882140334,0.0135063367525997,0.0015263471928319,0.030454462843677328,0.06550092708950743,False,False
lp_controls,consumption,WH2M,expansionary,mp_neg_x_wh2m,cW,1.0,43,-0.0297516167362193,-0.0956665162200092,0.0361632827475704,0.0135063367525997,0.0015327868796246,0.03058295078080868,0.06033456751702798,True,False
lp_controls,consumption,WH2M,expansionary,mp_neg_x_wh2m,cW,1.0,44,-0.0252495634540723,-0.0861982555462232,0.0356991286380786,0.0135063367525997,0.0015388032753965,0.030702992998168307,0.05595255645224061,True,False
lp_controls,consumption,WH2M,expansionary,mp_neg_x_wh2m,cW,1.0,45,-0.0335806306326536,-0.1073105374694022,0.0401492762040949,0.0135063367525997,0.0015444868065662,0.03081639373008656,0.06439702436274017,True,False
lp_controls,consumption,WH2M,expansionary,mp_neg_x_wh2m,cW,1.0,46,-0.0324935986361654,-0.1122566468389976,0.0472694495666667,0.0135063367525997,0.0015500365234586,0.030927124530841624,0.06342072316700702,True,False
lp_controls,consumption,WH2M,expansionary,mp_neg_x_wh2m,cW,1.0,47,-0.0140151683338975,-0.0704861985537289,0.0424558618859339,0.0135063367525997,0.001555605892227,0.031038247435916252,0.045053415769813754,True,False
lp_income,income,PH2M,contractionary,mp_pos_x_ph2m,cP,1.0,0,-0.0160633151498368,-0.0321902686421612,6.36383424876653e-05,0.0078032329793046,-0.001725184909961,-0.019887045265764486,-0.003823730115927685,True,True
lp_income,income,PH2M,contractionary,mp_pos_x_ph2m,cP,1.0,1,-0.0125601717422333,-0.0279032222800165,0.0027828787955498,0.0078032329793046,-0.0009669451069825,-0.011146446390204729,0.0014137253520285706,True,True
lp_income,income,PH2M,contractionary,mp_pos_x_ph2m,cP,1.0,2,0.0073852675265257,-0.007831996530973,0.0226025315840245,0.0078032329793046,-0.0012518193528494,-0.014430330332091072,-0.02181559785861677,False,False
lp_income,income,PH2M,contractionary,mp_pos_x_ph2m,cP,1.0,3,-0.0039592427720342,-0.0151380564516605,0.007219570907592,0.0078032329793046,-0.0011268600411597,-0.012989863589306951,-0.00903062081727275,True,True
lp_income,income,PH2M,contractionary,mp_pos_x_ph2m,cP,1.0,4,-0.0016190290626198,-0.0104241920283681,0.0071861339031285,0.0078032329793046,-0.0011639461440385,-0.013417373128964452,-0.01179834406634465,False,True
lp_income,income,PH2M,contractionary,mp_pos_x_ph2m,cP,1.0,5,0.002699952753122,-0.0093358092792705,0.0147357147855145,0.0078032329793046,-0.0011379289094227,-0.013117459815610624,-0.015817412568732623,False,False
lp_income,income,PH2M,contractionary,mp_pos_x_ph2m,cP,1.0,6,-0.0148595738749748,-0.0257343296524696,-0.0039848180974799,0.0078032329793046,-0.0011373949859549,-0.013111305020196357,0.0017482688547784432,True,True
lp_income,income,PH2M,contractionary,mp_pos_x_ph2m,cP,1.0,7,-0.0176408810340193,-0.0364964785201555,0.0012147164521167,0.0078032329793046,-0.0011274378833224,-0.012996524656871206,0.004644356377148093,True,True
lp_income,income,PH2M,contractionary,mp_pos_x_ph2m,cP,1.0,8,-0.0239742016613012,-0.0361879510581999,-0.0117604522644025,0.0078032329793046,-0.0011217636173259,-0.012931114633823336,0.011043087027477862,True,True
lp_income,income,PH2M,contractionary,mp_pos_x_ph2m,cP,1.0,9,-0.0098658305923757,-0.020451290708355,0.0007196295236035516,0.0078032329793046,-0.0011149448479192,-0.012852511363492785,-0.0029866807711170854,True,True
lp_income,income,PH2M,contractionary,mp_pos_x_ph2m,cP,1.0,10,-0.0177131403840232,-0.0409240781762887,0.0054977974082421,0.0078032329793046,-0.0011090874964122,-0.012784990824746687,0.004928149559276514,True,True
lp_income,income,PH2M,contractionary,mp_pos_x_ph2m,cP,1.0,11,-0.0081399870511015,-0.023089284660786,0.0068093105585828,0.0078032329793046,-0.001103333893263,-0.012718666243764833,-0.004578679192663334,True,True
lp_income,income,PH2M,contractionary,mp_pos_x_ph2m,cP,1.0,12,-0.0025864066774957,-0.0121365334547079,0.0069637200997164,0.0078032329793046,-0.0010979945453227,-0.012657116983992547,-0.010070710306496847,False,True
lp_income,income,PH2M,contractionary,mp_pos_x_ph2m,cP,1.0,13,-0.0133924746173513,-0.0333357990440775,0.0065508498093748,0.0078032329793046,-0.0010929216618621,-0.012598639389836465,0.0007938352275148348,True,True
lp_income,income,PH2M,contractionary,mp_pos_x_ph2m,cP,1.0,14,-0.0260926373332507,-0.0435470037539393,-0.0086382709125621,0.0078032329793046,-0.001088149295558,-0.012543626003058934,0.013549011330191766,True,True
lp_income,income,PH2M,contractionary,mp_pos_x_ph2m,cP,1.0,15,-0.0007996539653892821,-0.0134561474806808,0.0118568395499022,0.0078032329793046,-0.0010836412832187,-0.012491659952966186,-0.011692005987576904,True,True
lp_income,income,PH2M,contractionary,mp_pos_x_ph2m,cP,1.0,16,-0.0187362210178293,-0.0345365822035892,-0.0029358598320695,0.0078032329793046,-0.0010793903867297,-0.012442657802293113,0.006293563215536188,True,True
lp_income,income,PH2M,contractionary,mp_pos_x_ph2m,cP,1.0,17,-0.0339497309833431,-0.0521471239094173,-0.0157523380572688,0.0078032329793046,-0.0010753791955885,-0.012396418851712169,0.02155331213163093,False,True
lp_income,income,PH2M,contractionary,mp_pos_x_ph2m,cP,1.0,18,-0.0063178487498963,-0.0206310191865466,0.0079953216867539,0.0078032329793046,-0.0010715954478357,-0.012352801751655417,-0.006034953001759117,True,True
lp_income,income,PH2M,contractionary,mp_pos_x_ph2m,cP,1.0,19,-0.0071202110082323,-0.0234412591208784,0.0092008371044137,0.0078032329793046,-0.0010680259336934,-0.012311654226590226,-0.005191443218357926,True,True
lp_income,income,PH2M,contractionary,mp_pos_x_ph2m,cP,1.0,20,-0.0079062052464679,-0.0272786146508664,0.0114662041579306,0.0078032329793046,-0.0010646588325277,-0.01227284001432228,-0.00436663476785438,True,True
lp_income,income,PH2M,contractionary,mp_pos_x_ph2m,cP,1.0,21,0.0042434480720853,-0.0100145681429415,0.0185014642871123,0.0078032329793046,-0.0010614827324163,-0.01223622756407459,-0.016479675636159888,False,False
lp_income,income,PH2M,contractionary,mp_pos_x_ph2m,cP,1.0,22,-0.0106597993074853,-0.0301730748506782,0.0088534762357076,0.0078032329793046,-0.0010584869568501,-0.012201693802535697,-0.0015418944950503968,True,True
lp_income,income,PH2M,contractionary,mp_pos_x_ph2m,cP,1.0,23,-0.0136291249296838,-0.0266694044318772,-0.0005888454274905553,0.0078032329793046,-0.0010556613769344,-0.012169121969011584,0.0014600029606722156,True,True
lp_income,income,PH2M,contractionary,mp_pos_x_ph2m,cP,1.0,24,0.0060631442752831,-0.0067500001162945,0.0188762886668607,0.0078032329793046,-0.0010529964242343,-0.012138401763500856,-0.018201546038783954,False,False
lp_income,income,PH2M,contractionary,mp_pos_x_ph2m,cP,1.0,25,-0.0039074645203028,-0.0135142434582033,0.0056993144175976,0.0078032329793046,-0.0010504830198901,-0.012109428529573482,-0.008201964009270682,True,True
lp_income,income,PH2M,contractionary,mp_pos_x_ph2m,cP,1.0,26,-0.0122324334814753,-0.0215500947652795,-0.0029147721976712,0.0078032329793046,-0.0010481125275447,-0.012082102711742055,0.00015033076973324476,True,True
lp_income,income,PH2M,contractionary,mp_pos_x_ph2m,cP,1.0,27,6.446101827747733e-05,-0.0154584352312321,0.0155873572677871,0.0078032329793046,-0.0010458766809863,-0.012056329021364016,-0.012120790039641493,True,False
lp_income,income,PH2M,contractionary,mp_pos_x_ph2m,cP,1.0,28,0.024608855301354,0.0154984263004578,0.0337192843022501,0.0078032329793046,-0.0010437674953933,-0.012032015413518444,-0.036640870714872445,False,False
lp_income,income,PH2M,contractionary,mp_pos_x_ph2m,cP,1.0,29,-0.000343252710925775,-0.0129951289968904,0.0123086235750388,0.0078032329793046,-0.0010417771425854,-0.012009071648964857,-0.011665818938039082,True,True
lp_income,income,PH2M,contractionary,mp_pos_x_ph2m,cP,1.0,30,0.0033129453704672,-0.0098858932106972,0.0165117839516316,0.0078032329793046,-0.0010398977732756,-0.01198740724515557,-0.01530035261562277,False,False
lp_income,income,PH2M,contractionary,mp_pos_x_ph2m,cP,1.0,31,0.0164665841893634,0.0045721941643306,0.0283609742143961,0.0078032329793046,-0.001038121255321,-0.011966928458925418,-0.02843351264828882,False,False
lp_income,income,PH2M,contractionary,mp_pos_x_ph2m,cP,1.0,32,-0.0020986650779521,-0.0121079158956598,0.0079105857397556,0.0078032329793046,-0.0010364387833518,-0.011947533786495426,-0.009848868708543325,True,True
lp_income,income,PH2M,contractionary,mp_pos_x_ph2m,cP,1.0,33,-0.0020884164584172,-0.0204346361516115,0.0162578032347771,0.0078032329793046,-0.0010348402931959,-0.011929107213260456,-0.009840690754843257,True,True
lp_income,income,PH2M,contractionary,mp_pos_x_ph2m,cP,1.0,34,0.005570516733711,-0.0098464447031383,0.0209874781705604,0.0078032329793046,-0.0010333135861387,-0.01191150811870613,-0.01748202485241713,False,False
lp_income,income,PH2M,contractionary,mp_pos_x_ph2m,cP,1.0,35,-0.0022666204062167,-0.011228546436593,0.0066953056241595,0.0078032329793046,-0.0010318430338317,-0.011894556347260573,-0.009627935941043874,False,True
lp_income,income,PH2M,contractionary,mp_pos_x_ph2m,cP,1.0,36,0.004024107454117,-0.0092100517096993,0.0172582666179334,0.0078032329793046,-0.0010304077043942,-0.011878010606957584,-0.015902118061074583,False,False
lp_income,income,PH2M,contractionary,mp_pos_x_ph2m,cP,1.0,37,0.0264941342487685,0.0139307942574547,0.0390574742400822,0.0078032329793046,-0.0010289787529608,-0.011861538389008934,-0.038355672637777435,False,False
lp_income,income,PH2M,contractionary,mp_pos_x_ph2m,cP,1.0,38,0.0006411779396640329,-0.0109285676385357,0.0122109235178638,0.0078032329793046,-0.0010275160327763,-0.011844676902247518,-0.012485854841911552,False,False
lp_income,income,PH2M,contractionary,mp_pos_x_ph2m,cP,1.0,39,0.0056452012771022,-0.0077999583354443,0.0190903608896489,0.0078032329793046,-0.0010259642943309,-0.011826789258710807,-0.01747199053581301,False,False
lp_income,income,PH2M,contractionary,mp_pos_x_ph2m,cP,1.0,40,0.0274933807845556,0.0132168925856938,0.0417698689834174,0.0078032329793046,-0.0010242504910289,-0.011807033414773904,-0.0393004141993295,False,False
lp_income,income,PH2M,contractionary,mp_pos_x_ph2m,cP,1.0,41,-0.003256755176856,-0.028626571738988,0.022113061385276,0.0078032329793046,-0.0010222866059256,-0.011784394756320201,-0.0085276395794642,True,True
lp_income,income,PH2M,contractionary,mp_pos_x_ph2m,cP,1.0,42,0.0008440405870955058,-0.0083663719112487,0.0100544530854397,0.0078032329793046,-0.0010199893077196,-0.011757912682921638,-0.012601953270017143,False,False
lp_income,income,PH2M,contractionary,mp_pos_x_ph2m,cP,1.0,43,0.0116226861895343,-0.0026950049656712,0.02594037734474,0.0078032329793046,-0.0010173436160494,-0.011727414508667546,-0.023350100698201846,False,False
lp_income,income,PH2M,contractionary,mp_pos_x_ph2m,cP,1.0,44,-0.0016238705230995,-0.0211865758235553,0.0179388347773563,0.0078032329793046,-0.0010145733849926,-0.01169548070835135,-0.010071610185251849,True,True
lp_income,income,PH2M,contractionary,mp_pos_x_ph2m,cP,1.0,45,0.0022292115006352,-0.0140643694426009,0.0185227924438714,0.0078032329793046,-0.0010125572833317,-0.011672240124249783,-0.013901451624884983,True,False
lp_income,income,PH2M,contractionary,mp_pos_x_ph2m,cP,1.0,46,0.0100634119534995,-0.0026553637120252,0.0227821876190243,0.0078032329793046,-0.0010137329234078,-0.011685792299019369,-0.021749204252518868,False,False
lp_income,income,PH2M,contractionary,mp_pos_x_ph2m,cP,1.0,47,0.0020025580022742,-0.0095554145940126,0.0135605305985612,0.0078032329793046,-0.0010227898593211,-0.011790196002898858,-0.013792754005173057,False,False
lp_income,income,PH2M,expansionary,mp_neg_x_ph2m,cP,1.0,0,0.0005420658682156112,-0.0134006886828506,0.0144848204192818,0.0115285465340016,0.0004128287953228,0.007030797294217465,0.006488731426001854,True,True
lp_income,income,PH2M,expansionary,mp_neg_x_ph2m,cP,1.0,1,0.0138577516954426,-0.0054314889963853,0.0331469923872707,0.0115285465340016,0.0002313855061878,0.003940676157423255,-0.009917075538019345,True,True
lp_income,income,PH2M,expansionary,mp_neg_x_ph2m,cP,1.0,2,-0.0087331130656931,-0.01930990842626,0.0018436822948737,0.0115285465340016,0.0002995545998662,0.00510164914383664,0.01383476220952974,False,False
lp_income,income,PH2M,expansionary,mp_neg_x_ph2m,cP,1.0,3,0.0058858552130716,-0.0068810828158335,0.0186527932419769,0.0115285465340016,0.0002696524126796,0.00459239150690668,-0.0012934637061649198,True,True
lp_income,income,PH2M,expansionary,mp_neg_x_ph2m,cP,1.0,4,0.0165300909207706,-3.0114355054934225e-05,0.0330902961965962,0.0115285465340016,0.0002785269461202,0.004743531752956679,-0.011786559167813921,True,True
lp_income,income,PH2M,expansionary,mp_neg_x_ph2m,cP,1.0,5,-0.0038429491956395,-0.0183176821029673,0.0106317837116882,0.0115285465340016,0.000272301141824,0.004637501436040865,0.008480450631680365,True,False
lp_income,income,PH2M,expansionary,mp_neg_x_ph2m,cP,1.0,6,0.0155443042253342,0.0039063160103103,0.027182292440358,0.0115285465340016,0.0002721733763997,0.004635325490928411,-0.01090897873440579,True,True
lp_income,income,PH2M,expansionary,mp_neg_x_ph2m,cP,1.0,7,0.0122172040498173,-0.0040572501170492,0.0284916582166839,0.0115285465340016,0.0002697906876451,0.0045947464377262106,-0.00762245761209109,True,True
lp_income,income,PH2M,expansionary,mp_neg_x_ph2m,cP,1.0,8,-0.0144224457417419,-0.0315958276672759,0.002750936183792,0.0115285465340016,0.0002684328619522,0.0045716216041007,0.0189940673458426,False,False
lp_income,income,PH2M,expansionary,mp_neg_x_ph2m,cP,1.0,9,0.0144514948960241,0.0042932614116213,0.0246097283804268,0.0115285465340016,0.0002668011618698,0.004543832475400648,-0.00990766242062345,True,True
lp_income,income,PH2M,expansionary,mp_neg_x_ph2m,cP,1.0,10,0.0041876970593145,-0.0126692370372356,0.0210446311558648,0.0115285465340016,0.0002653995246584,0.004519961497346222,0.00033226443803172166,True,True
lp_income,income,PH2M,expansionary,mp_neg_x_ph2m,cP,1.0,11,-0.0085159498351483,-0.028332477895453,0.0113005782251564,0.0115285465340016,0.0002640227139506,0.004496513334067106,0.013012463169215406,True,False
lp_income,income,PH2M,expansionary,mp_neg_x_ph2m,cP,1.0,12,0.0109720640420258,-0.0038975535571772,0.0258416816412289,0.0115285465340016,0.0002627450326046,0.004474753421357275,-0.0064973106206685245,True,True
lp_income,income,PH2M,expansionary,mp_neg_x_ph2m,cP,1.0,13,0.0111162958696606,-0.0077051246965999,0.0299377164359211,0.0115285465340016,0.00026153111498,0.004454079454698124,-0.006662216414962476,True,True
lp_income,income,PH2M,expansionary,mp_neg_x_ph2m,cP,1.0,14,-0.0085613696741106,-0.0220886040034863,0.0049658646552649,0.0115285465340016,0.0002603891097255,0.004434630211950795,0.012995999886061396,True,False
lp_income,income,PH2M,expansionary,mp_neg_x_ph2m,cP,1.0,15,0.0093395478582396,-0.0046513097763083,0.0233304054927877,0.0115285465340016,0.000259310363156,0.004416258314089222,-0.0049232895441503775,True,True
lp_income,income,PH2M,expansionary,mp_neg_x_ph2m,cP,1.0,16,0.0088021299679057,-0.0061505756747976,0.0237548356106091,0.0115285465340016,0.0002582931432241,0.0043989342629913945,-0.004403195704914306,True,True
lp_income,income,PH2M,expansionary,mp_neg_x_ph2m,cP,1.0,17,-0.017635450130799,-0.0305216032135364,-0.0047492970480616,0.0115285465340016,0.0002573332836769,0.004382587104111633,0.022018037234910633,False,False
lp_income,income,PH2M,expansionary,mp_neg_x_ph2m,cP,1.0,18,-0.0017245390649993,-0.0128754778968084,0.0094263997668096,0.0115285465340016,0.0002564278502838,0.004367166865207697,0.006091705930206997,True,False
lp_income,income,PH2M,expansionary,mp_neg_x_ph2m,cP,1.0,19,0.004395398225565,-0.0092322191043972,0.0180230155555273,0.0115285465340016,0.0002555736820061,0.004352619711317999,-4.2778514247001145e-05,True,True
lp_income,income,PH2M,expansionary,mp_neg_x_ph2m,cP,1.0,20,-0.0064200369316515,-0.0260273072550456,0.0131872333917425,0.0115285465340016,0.0002547679502205,0.004338897468775222,0.010758934400426723,True,False
lp_income,income,PH2M,expansionary,mp_neg_x_ph2m,cP,1.0,21,-0.0010354579195042,-0.0160817647561174,0.0140108489171088,0.0115285465340016,0.0002540079241067,0.004325953629573644,0.005361411549077844,True,False
lp_income,income,PH2M,expansionary,mp_neg_x_ph2m,cP,1.0,22,0.0061675490956172,-0.0141917531379118,0.0265268513291464,0.0115285465340016,0.0002532910488251,0.004313744682796509,-0.0018538044128206914,True,True
lp_income,income,PH2M,expansionary,mp_neg_x_ph2m,cP,1.0,23,-0.0054805172584793,-0.0191093673828822,0.0081483328659235,0.0115285465340016,0.0002526149005781,0.004302229349274825,0.009782746607754125,True,False
lp_income,income,PH2M,expansionary,mp_neg_x_ph2m,cP,1.0,24,-0.0038755995448703,-0.0242930833826078,0.0165418842928671,0.0115285465340016,0.0002519771896832,0.00429136863392465,0.00816696817879495,True,False
lp_income,income,PH2M,expansionary,mp_neg_x_ph2m,cP,1.0,25,0.0027085239533469,-0.0129780065068673,0.0183950544135612,0.0115285465340016,0.0002513757436112,0.004281125536874386,0.0015726015835274862,True,True
lp_income,income,PH2M,expansionary,mp_neg_x_ph2m,cP,1.0,26,-0.0086204874329519,-0.0274536127494513,0.0102126378835474,0.0115285465340016,0.0002508084957216,0.004271464861619813,0.012891952294571712,True,False
lp_income,income,PH2M,expansionary,mp_neg_x_ph2m,cP,1.0,27,-0.0145461676485647,-0.0420709057259384,0.0129785704288089,0.0115285465340016,0.0002502734679482,0.004262352920146325,0.018808520568711025,True,False
lp_income,income,PH2M,expansionary,mp_neg_x_ph2m,cP,1.0,28,-0.0085524675590263,-0.0263691673902522,0.0092642322721995,0.0115285465340016,0.0002497687495598,0.004253757171207034,0.012806224730233334,True,False
lp_income,income,PH2M,expansionary,mp_neg_x_ph2m,cP,1.0,29,-0.0005323766668450211,-0.0173679699203638,0.0163032165866737,0.0115285465340016,0.000249292467309,0.004245645711933487,0.004778022378778508,True,False
lp_income,income,PH2M,expansionary,mp_neg_x_ph2m,cP,1.0,30,-0.0153904277414155,-0.035446774444042,0.004665918961211,0.0115285465340016,0.0002488427428976,0.004237986553438154,0.019628414294853652,True,False
lp_income,income,PH2M,expansionary,mp_neg_x_ph2m,cP,1.0,31,-0.0073864479663867,-0.0273207225105061,0.0125478265777326,0.0115285465340016,0.0002484176303414,0.004230746554087984,0.011617194520474685,True,False
lp_income,income,PH2M,expansionary,mp_neg_x_ph2m,cP,1.0,32,0.0016505219997921,-0.018819781270364,0.0221208252699483,0.0115285465340016,0.0002480150225558,0.0042238898285840995,0.0025733678287919995,True,True
lp_income,income,PH2M,expansionary,mp_neg_x_ph2m,cP,1.0,33,-0.0081358738129407,-0.0202286867126845,0.0039569390868029,0.0115285465340016,0.0002476325112311,0.004217375361528561,0.01235324917446926,False,False
lp_income,income,PH2M,expansionary,mp_neg_x_ph2m,cP,1.0,34,-0.0022520712322706,-0.014924702670542,0.0104205602060007,0.0115285465340016,0.0002472671772709,0.004211153438426391,0.006463224670696991,True,False
lp_income,income,PH2M,expansionary,mp_neg_x_ph2m,cP,1.0,35,-0.0069123438899467,-0.0379372136504672,0.0241125258705738,0.0115285465340016,0.0002469152808835,0.004205160367699718,0.011117504257646418,True,False
lp_income,income,PH2M,expansionary,mp_neg_x_ph2m,cP,1.0,36,-0.0088438006822382,-0.0255279883352008,0.0078403869707244,0.0115285465340016,0.0002465718131664,0.004199310843821061,0.013043111526059262,True,False
lp_income,income,PH2M,expansionary,mp_neg_x_ph2m,cP,1.0,37,-0.0062532117478081,-0.0188945797601014,0.0063881562644851,0.0115285465340016,0.0002462298716763,0.004193487312782011,0.010446699060590111,True,False
lp_income,income,PH2M,expansionary,mp_neg_x_ph2m,cP,1.0,38,0.0025518860865082,-0.0301572856649556,0.0352610578379721,0.0115285465340016,0.0002458798494797,0.004187526160990633,0.0016356400744824326,True,True
lp_income,income,PH2M,expansionary,mp_neg_x_ph2m,cP,1.0,39,-0.0052817866239059,-0.0180509354789277,0.0074873622311158,0.0115285465340016,0.0002455085256237,0.004181202225277762,0.009462988849183663,True,False
lp_income,income,PH2M,expansionary,mp_neg_x_ph2m,cP,1.0,40,-0.0079118719635127,-0.0222147896344841,0.0063910457074585,0.0115285465340016,0.0002450984203947,0.004174217812448364,0.012086089775961064,True,False
lp_income,income,PH2M,expansionary,mp_neg_x_ph2m,cP,1.0,41,-0.0158806112308109,-0.04739003107704,0.0156288086154181,0.0115285465340016,0.0002446284717436,0.0041662142193317755,0.020046825450142677,True,False
lp_income,income,PH2M,expansionary,mp_neg_x_ph2m,cP,1.0,42,0.0109031485856113,-0.0145641918130543,0.0363704889842771,0.0115285465340016,0.0002440787388742,0.004156851838571253,-0.006746296747040048,True,True
lp_income,income,PH2M,expansionary,mp_neg_x_ph2m,cP,1.0,43,-0.0036737922262256,-0.0150787771592032,0.0077311927067519,0.0115285465340016,0.0002434456370549,0.004146069619383713,0.007819861845609313,True,False
lp_income,income,PH2M,expansionary,mp_neg_x_ph2m,cP,1.0,44,0.003561934988277,-0.0326565833983818,0.0397804533749358,0.0115285465340016,0.0002427827335347,0.004134779853919302,0.0005728448656423025,True,True
lp_income,income,PH2M,expansionary,mp_neg_x_ph2m,cP,1.0,45,-0.0250988904307515,-0.0595779239704289,0.0093801431089259,0.0115285465340016,0.0002423002897021,0.0041265634580881835,0.02922545388883968,True,False
lp_income,income,PH2M,expansionary,mp_neg_x_ph2m,cP,1.0,46,0.0189616226312802,-0.0024635956419423,0.0403868409045028,0.0115285465340016,0.0002425816149522,0.004131354647146717,-0.014830267984133482,True,True
lp_income,income,PH2M,expansionary,mp_neg_x_ph2m,cP,1.0,47,0.0072845172276012,-0.0334632008701218,0.0480322353253242,0.0115285465340016,0.000244748897961,0.004168265172010081,-0.0031162520555911193,True,True
lp_income,income,WH2M,contractionary,mp_pos_x_wh2m,cW,1.0,0,-0.0066295712547564,-0.0278914947814166,0.0146323522719038,0.0091442313928424,-0.001216523449627,-0.016433411480440373,-0.009803840225683973,True,True
lp_income,income,WH2M,contractionary,mp_pos_x_wh2m,cW,1.0,1,0.0118435579633652,-0.0014963585809583,0.0251834745076888,0.0091442313928424,-0.0013049569558029,-0.017628015822915004,-0.0294715737862802,False,False
lp_income,income,WH2M,contractionary,mp_pos_x_wh2m,cW,1.0,2,-0.0011629452923594,-0.0204680479146519,0.0181421573299329,0.0091442313928424,-0.0017124565596525,-0.02313272571587282,-0.02196978042351342,False,True
lp_income,income,WH2M,contractionary,mp_pos_x_wh2m,cW,1.0,3,-0.0201709367537057,-0.0578083948507379,0.0174665213433264,0.0091442313928424,-0.0019694268534495,-0.026604009871974,-0.006433073118268302,True,True
lp_income,income,WH2M,contractionary,mp_pos_x_wh2m,cW,1.0,4,-0.0007279834006027613,-0.0155812731382588,0.0141253063370532,0.0091442313928424,-0.0022621175392182,-0.03055782307401634,-0.02982983967341358,False,True
lp_income,income,WH2M,contractionary,mp_pos_x_wh2m,cW,1.0,5,0.0119991482655718,-0.0040529309583006,0.0280512274894443,0.0091442313928424,-0.0025185396274413,-0.03402170179311215,-0.04602085005868395,False,False
lp_income,income,WH2M,contractionary,mp_pos_x_wh2m,cW,1.0,6,-0.0399033150127451,-0.0756953615854124,-0.0041112684400779,0.0091442313928424,-0.0027682796444889,-0.03739531572922966,0.002507999283515437,True,True
lp_income,income,WH2M,contractionary,mp_pos_x_wh2m,cW,1.0,7,0.0057690029783828,-0.0172110777172815,0.0287490836740473,0.0091442313928424,-0.0030008705817545,-0.04053727125822407,-0.04630627423660687,False,False
lp_income,income,WH2M,contractionary,mp_pos_x_wh2m,cW,1.0,8,0.0109021764146799,-0.005132855256964,0.0269372080863239,0.0091442313928424,-0.0032215451404513,-0.043518254343622886,-0.05442043075830279,False,False
lp_income,income,WH2M,contractionary,mp_pos_x_wh2m,cW,1.0,9,-0.0140386753588628,-0.0462922983701779,0.0182149476524522,0.0091442313928424,-0.0034292933868218,-0.04632462229155936,-0.03228594693269656,False,True
lp_income,income,WH2M,contractionary,mp_pos_x_wh2m,cW,1.0,10,0.0130523630408226,-0.001959568639483,0.0280642947211284,0.0091442313928424,-0.0036255034217393,-0.04897512626777083,-0.06202748930859343,False,False
lp_income,income,WH2M,contractionary,mp_pos_x_wh2m,cW,1.0,11,0.0003498532199901388,-0.0247969079187625,0.0254966143587428,0.0091442313928424,-0.0038105634942937,-0.05147501093651195,-0.051824864156502094,False,False
lp_income,income,WH2M,contractionary,mp_pos_x_wh2m,cW,1.0,12,-0.0229794257129716,-0.05751348064849,0.0115546292225467,0.0091442313928424,-0.0039852026502651,-0.053834124615376726,-0.030854698902405126,True,True
lp_income,income,WH2M,contractionary,mp_pos_x_wh2m,cW,1.0,13,0.0212349558596919,-0.0057328648288327,0.0482027765482165,0.0091442313928424,-0.0041499659790625,-0.05605983064664554,-0.07729478650633745,False,False
lp_income,income,WH2M,contractionary,mp_pos_x_wh2m,cW,1.0,14,0.0106584336954708,-0.0203070792725095,0.0416239466634512,0.0091442313928424,-0.0043054239689821,-0.0581598354735597,-0.0688182691690305,False,False
lp_income,income,WH2M,contractionary,mp_pos_x_wh2m,cW,1.0,15,-0.0177665984903023,-0.0572474797840026,0.0217142828033979,0.0091442313928424,-0.0044520927381091,-0.06014111107916574,-0.04237451258886344,False,True
lp_income,income,WH2M,contractionary,mp_pos_x_wh2m,cW,1.0,16,0.033825818517512,0.0039605237472775,0.0636911132877465,0.0091442313928424,-0.0045904679236207,-0.06201035278008949,-0.0958361712976015,False,False
lp_income,income,WH2M,contractionary,mp_pos_x_wh2m,cW,1.0,17,-0.0152108339551477,-0.0515301554448264,0.0211084875345309,0.0091442313928424,-0.0047210136909248,-0.06377383075644569,-0.04856299680129798,False,True
lp_income,income,WH2M,contractionary,mp_pos_x_wh2m,cW,1.0,18,0.0032644132713733,-0.0249079812383803,0.031436807781127,0.0091442313928424,-0.0048441692758478,-0.06543747842700604,-0.06870189169837934,False,False
lp_income,income,WH2M,contractionary,mp_pos_x_wh2m,cW,1.0,19,0.0184149881157757,-0.0103971326755013,0.0472271089070528,0.0091442313928424,-0.0049603484996226,-0.06700688589741265,-0.08542187401318835,False,False
lp_income,income,WH2M,contractionary,mp_pos_x_wh2m,cW,1.0,20,-0.0115370551968144,-0.0401373567604135,0.0170632463667846,0.0091442313928424,-0.0050699419312371,-0.06848732917027088,-0.05695027397345648,False,True
lp_income,income,WH2M,contractionary,mp_pos_x_wh2m,cW,1.0,21,-1.7999174628691497e-05,-0.0370204889264968,0.0369844905772395,0.0091442313928424,-0.0051733178954443,-0.0698837837618573,-0.06986578458722861,False,True
lp_income,income,WH2M,contractionary,mp_pos_x_wh2m,cW,1.0,22,0.0239482136009569,-0.0154670909297194,0.0633635181316333,0.0091442313928424,-0.005270823828925,-0.07120094302184864,-0.09514915662280554,False,False
lp_income,income,WH2M,contractionary,mp_pos_x_wh2m,cW,1.0,23,-0.0244062593798177,-0.0543307597257868,0.0055182409661512,0.0091442313928424,-0.005362787398729,-0.07244323324178867,-0.048036973861970964,False,True
lp_income,income,WH2M,contractionary,mp_pos_x_wh2m,cW,1.0,24,0.0053756081866794,-0.0255671999792731,0.0363184163526321,0.0091442313928424,-0.0054495176186297,-0.07361482873536858,-0.07899043692204798,False,False
lp_income,income,WH2M,contractionary,mp_pos_x_wh2m,cW,1.0,25,0.005876606477119,-0.0275664432170827,0.0393196561713209,0.0091442313928424,-0.0055313058750347,-0.074719665696944,-0.080596272174063,False,False
lp_income,income,WH2M,contractionary,mp_pos_x_wh2m,cW,1.0,26,-0.0360922607377587,-0.0674799905919485,-0.004704530883569,0.0091442313928424,-0.005608426900847,-0.07576145535694255,-0.03966919461918385,False,True
lp_income,income,WH2M,contractionary,mp_pos_x_wh2m,cW,1.0,27,0.0104234623617711,-0.0192781653692863,0.0401250900928286,0.0091442313928424,-0.0056811396847521,-0.07674369626497209,-0.08716715862674318,False,False
lp_income,income,WH2M,contractionary,mp_pos_x_wh2m,cW,1.0,28,-0.0245269554106181,-0.0426142664553619,-0.0064396443658742,0.0091442313928424,-0.0057496883220301,-0.07766968578301897,-0.05314273037240087,False,True
lp_income,income,WH2M,contractionary,mp_pos_x_wh2m,cW,1.0,29,-0.015379541816742,-0.0317992425136716,0.0010401588801876,0.0091442313928424,-0.0058143028036377,-0.07854253074476517,-0.06316298892802316,False,True
lp_income,income,WH2M,contractionary,mp_pos_x_wh2m,cW,1.0,30,0.0113111135771875,-0.0161293437104717,0.0387515708648467,0.0091442313928424,-0.0058751997410528,-0.07936515724715425,-0.09067627082434175,False,False
lp_income,income,WH2M,contractionary,mp_pos_x_wh2m,cW,1.0,31,-0.0030406095063814,-0.0299343361939456,0.0238531171811826,0.0091442313928424,-0.0059325830198063,-0.08014031947862806,-0.07709970997224666,False,True
lp_income,income,WH2M,contractionary,mp_pos_x_wh2m,cW,1.0,32,-0.0215677503435871,-0.0465887574386805,0.0034532567515062,0.0091442313928424,-0.0059866443702591,-0.0808706074294699,-0.0593028570858828,False,True
lp_income,income,WH2M,contractionary,mp_pos_x_wh2m,cW,1.0,33,0.0149358178876359,-0.0199849622847584,0.0498565980600304,0.0091442313928424,-0.0060375638372296,-0.0815584532357694,-0.09649427112340529,False,False
lp_income,income,WH2M,contractionary,mp_pos_x_wh2m,cW,1.0,34,-0.0013438666275145,-0.0114901887034203,0.0088024554483912,0.0091442313928424,-0.00608551012123,-0.08220613578901421,-0.08086226916149972,False,True
lp_income,income,WH2M,contractionary,mp_pos_x_wh2m,cW,1.0,35,-0.0152240503391561,-0.0412170991948069,0.0107689985164945,0.0091442313928424,-0.006130640753592,-0.08281578310177637,-0.06759173276262027,False,True
lp_income,income,WH2M,contractionary,mp_pos_x_wh2m,cW,1.0,36,0.0105139662348267,-0.016622518942302,0.0376504514119556,0.0091442313928424,-0.0061731020589869,-0.08338937180141466,-0.09390333803624136,False,False
lp_income,income,WH2M,contractionary,mp_pos_x_wh2m,cW,1.0,37,-0.008334642618685,-0.0326236087813014,0.0159543235439314,0.0091442313928424,-0.0062130288613619,-0.08392872315771426,-0.07559408053902926,False,True
lp_income,income,WH2M,contractionary,mp_pos_x_wh2m,cW,1.0,38,-0.0186574932771586,-0.0392990284808599,0.0019840419265426,0.0091442313928424,-0.0062505439284321,-0.08443549557880482,-0.06577800230164622,False,True
lp_income,income,WH2M,contractionary,mp_pos_x_wh2m,cW,1.0,39,0.0073318951741783,-0.0186942641939481,0.0333580545423048,0.0091442313928424,-0.0062857572870138,-0.0849111753623378,-0.0922430705365161,False,False
lp_income,income,WH2M,contractionary,mp_pos_x_wh2m,cW,1.0,40,-0.0050233215300522,-0.0250767617281288,0.0150301186680244,0.0091442313928424,-0.0063187659200563,-0.08535707260283948,-0.08033375107278728,False,True
lp_income,income,WH2M,contractionary,mp_pos_x_wh2m,cW,1.0,41,-0.0231892738128376,-0.0637373642805053,0.0173588166548301,0.0091442313928424,-0.0063496553024306,-0.08577434193791819,-0.06258506812508059,False,True
lp_income,income,WH2M,contractionary,mp_pos_x_wh2m,cW,1.0,42,-0.0082565715369398,-0.0365363321830764,0.0200231891091968,0.0091442313928424,-0.006378506475973,-0.08616407812151682,-0.07790750658457701,False,True
lp_income,income,WH2M,contractionary,mp_pos_x_wh2m,cW,1.0,43,-0.0015749545102734,-0.0131862253673126,0.0100363163467657,0.0091442313928424,-0.0064054175117474,-0.08652760594696166,-0.08495265143668826,False,True
lp_income,income,WH2M,contractionary,mp_pos_x_wh2m,cW,1.0,44,-0.0172320787743293,-0.0535709296425874,0.0191067720939287,0.0091442313928424,-0.0064305596416464,-0.08686723850090186,-0.06963515972657255,False,True
lp_income,income,WH2M,contractionary,mp_pos_x_wh2m,cW,1.0,45,-0.0074660961547285,-0.0175964175295337,0.0026642252200765,0.0091442313928424,-0.006454310751841,-0.08718808046006411,-0.07972198430533561,False,True
lp_income,income,WH2M,contractionary,mp_pos_x_wh2m,cW,1.0,46,0.0038373657668925,-0.0315649770979684,0.0392397086317534,0.0091442313928424,-0.0064775026608012,-0.0875013684473008,-0.0913387342141933,False,False
lp_income,income,WH2M,contractionary,mp_pos_x_wh2m,cW,1.0,47,-0.0110932007333102,-0.0484459893091229,0.0262595878425024,0.0091442313928424,-0.0065007766936839,-0.08781576580584574,-0.07672256507253554,False,True
lp_income,income,WH2M,expansionary,mp_neg_x_wh2m,cW,1.0,0,0.0413165057532263,0.0078112644945945,0.0748217470118581,0.0135063367525997,0.00029110845295,0.005808345313229496,-0.0355081604399968,False,True
lp_income,income,WH2M,expansionary,mp_neg_x_wh2m,cW,1.0,1,0.0327394396529303,0.008109946387017,0.0573689329188436,0.0135063367525997,0.0003122701832724,0.006230575021409938,-0.026508864631520364,False,True
lp_income,income,WH2M,expansionary,mp_neg_x_wh2m,cW,1.0,2,0.0108948172028981,-0.0101546440165584,0.0319442784223546,0.0135063367525997,0.0004097829597756,0.008176200002899701,-0.0027186171999983993,True,True
lp_income,income,WH2M,expansionary,mp_neg_x_wh2m,cW,1.0,3,0.0441760279751689,0.0078811544863836,0.0804709014639542,0.0135063367525997,0.0004712747663695,0.009403116098987915,-0.03477291187618098,True,True
lp_income,income,WH2M,expansionary,mp_neg_x_wh2m,cW,1.0,4,0.0366700031722165,0.0178102065963504,0.0555297997480826,0.0135063367525997,0.0005413142980802,0.010800580795152222,-0.025869422377064275,False,True
lp_income,income,WH2M,expansionary,mp_neg_x_wh2m,cW,1.0,5,0.0142979443286554,-0.0025206490332271,0.0311165376905379,0.0135063367525997,0.0006026749216076,0.012024879459346037,-0.0022730648693093623,True,True
lp_income,income,WH2M,expansionary,mp_neg_x_wh2m,cW,1.0,6,0.0358402073142008,-0.0018974078360204,0.0735778224644222,0.0135063367525997,0.0006624365563092,0.013217274277539761,-0.02262293303666104,True,True
lp_income,income,WH2M,expansionary,mp_neg_x_wh2m,cW,1.0,7,0.0369928910255803,0.0134971802364158,0.0604886018147448,0.0135063367525997,0.0007180944952814,0.01432779005163416,-0.02266510097394614,True,True
lp_income,income,WH2M,expansionary,mp_neg_x_wh2m,cW,1.0,8,0.0176894983921733,-0.0042398505428336,0.0396188473271804,0.0135063367525997,0.0007709008998002,0.015381410546288615,-0.002308087845884684,True,True
lp_income,income,WH2M,expansionary,mp_neg_x_wh2m,cW,1.0,9,0.0499734507475728,0.0076475696747676,0.092299331820378,0.0135063367525997,0.0008206140973736,0.01637331378786403,-0.033600136959708767,True,True
lp_income,income,WH2M,expansionary,mp_neg_x_wh2m,cW,1.0,10,0.0466681423577208,0.025003746577323,0.0683325381381186,0.0135063367525997,0.000867566254141,0.017310127325713395,-0.029358015032007405,False,True
lp_income,income,WH2M,expansionary,mp_neg_x_wh2m,cW,1.0,11,0.0098634930364205,-0.0144139820561781,0.0341409681290192,0.0135063367525997,0.0009118502763197,0.01819370487238389,0.00833021183596339,True,True
lp_income,income,WH2M,expansionary,mp_neg_x_wh2m,cW,1.0,12,0.045690075084753,0.0122571760557093,0.0791229741137966,0.0135063367525997,0.0009536406212037,0.0190275272893747,-0.0266625477953783,True,True
lp_income,income,WH2M,expansionary,mp_neg_x_wh2m,cW,1.0,13,0.0325581811698532,0.0061318449826065,0.0589845173571,0.0135063367525997,0.0009930677261755,0.01981419713031022,-0.01274398403954298,True,True
lp_income,income,WH2M,expansionary,mp_neg_x_wh2m,cW,1.0,14,0.0216578625497844,-0.0093912588272683,0.0527069839268373,0.0135063367525997,0.0010302681064543,0.020556438216933134,-0.001101424332851264,True,True
lp_income,income,WH2M,expansionary,mp_neg_x_wh2m,cW,1.0,15,0.0342731860156284,0.0009638739954121878,0.0675824980358447,0.0135063367525997,0.0010653652667184,0.021256714777994255,-0.013016471237634143,True,True
lp_income,income,WH2M,expansionary,mp_neg_x_wh2m,cW,1.0,16,0.0394132934695722,0.0120123837946235,0.0668142031445209,0.0135063367525997,0.0010984778106594,0.02191739325524152,-0.017495900214330683,True,True
lp_income,income,WH2M,expansionary,mp_neg_x_wh2m,cW,1.0,17,0.0259674583005907,-0.001200186388736,0.0531351029899175,0.0135063367525997,0.0011297168109193,0.022540689827054674,-0.0034267684735360265,True,True
lp_income,income,WH2M,expansionary,mp_neg_x_wh2m,cW,1.0,18,0.0373938208612364,0.0035550225238948,0.071232619198578,0.0135063367525997,0.0011591873746064,0.023128701644422267,-0.014265119216814136,True,True
lp_income,income,WH2M,expansionary,mp_neg_x_wh2m,cW,1.0,19,0.0354601630710786,0.009737216676339,0.0611831094658181,0.0135063367525997,0.0011869885272339,0.023683404515225034,-0.011776758555853563,True,True
lp_income,income,WH2M,expansionary,mp_neg_x_wh2m,cW,1.0,20,0.0330746047810577,0.0090076874479938,0.0571415221141216,0.0135063367525997,0.0012132137301599,0.02420666322846442,-0.008867941552593277,True,True
lp_income,income,WH2M,expansionary,mp_neg_x_wh2m,cW,1.0,21,0.0474634218834092,0.0149275734883339,0.0799992702784845,0.0135063367525997,0.0012379511217999,0.024700236367058218,-0.02276318551635098,True,True
lp_income,income,WH2M,expansionary,mp_neg_x_wh2m,cW,1.0,22,0.0472540243064425,0.0160475297139467,0.0784605188989382,0.0135063367525997,0.0012612838421496,0.02516578278288611,-0.02208824152355639,True,True
lp_income,income,WH2M,expansionary,mp_neg_x_wh2m,cW,1.0,23,0.0519464657812035,0.0231511747487327,0.0807417568136743,0.0135063367525997,0.0012832903004235,0.0256048669368524,-0.0263415988443511,True,True
lp_income,income,WH2M,expansionary,mp_neg_x_wh2m,cW,1.0,24,0.0326105575482093,-0.0067803815261784,0.0720014966225972,0.0135063367525997,0.0013040444421928,0.026018964228958583,-0.006591593319250719,True,True
lp_income,income,WH2M,expansionary,mp_neg_x_wh2m,cW,1.0,25,0.0465276605896031,0.0196797785443781,0.0733755426348281,0.0135063367525997,0.0013236159948816,0.02640946589656952,-0.02011819469303358,True,True
lp_income,income,WH2M,expansionary,mp_neg_x_wh2m,cW,1.0,26,0.0468566130540282,0.0139467931489803,0.0797664329590761,0.0135063367525997,0.001342070700807,0.026777683664149208,-0.02007892938987899,True,True
lp_income,income,WH2M,expansionary,mp_neg_x_wh2m,cW,1.0,27,0.0503358481231255,0.0189140856756698,0.0817576105705811,0.0135063367525997,0.0013594705347673,0.027124854084692233,-0.023210994038433266,True,True
lp_income,income,WH2M,expansionary,mp_neg_x_wh2m,cW,1.0,28,0.0471016991967855,0.0235465970448338,0.0706568013487372,0.0135063367525997,0.0013758739076377,0.027452142601969702,-0.0196495565948158,True,True
lp_income,income,WH2M,expansionary,mp_neg_x_wh2m,cW,1.0,29,0.0404035679677846,0.0063254163084011,0.0744817196271682,0.0135063367525997,0.0013913358551938,0.027760647318032683,-0.012642920649751914,True,True
lp_income,income,WH2M,expansionary,mp_neg_x_wh2m,cW,1.0,30,0.0819441051470866,0.0417955129177701,0.1220926973764031,0.0135063367525997,0.0014059082115637,0.02805140245401754,-0.05389270269306906,False,True
lp_income,income,WH2M,expansionary,mp_neg_x_wh2m,cW,1.0,31,0.0467815022646795,0.0191577550730093,0.0744052494563497,0.0135063367525997,0.0014196397656149,0.028325381470457656,-0.018456120794221847,True,True
lp_income,income,WH2M,expansionary,mp_neg_x_wh2m,cW,1.0,32,0.0421723449280184,-0.0056047142337703,0.0899494040898071,0.0135063367525997,0.0014325763975389,0.028583499792489506,-0.013588845135528892,True,True
lp_income,income,WH2M,expansionary,mp_neg_x_wh2m,cW,1.0,33,0.0831989255373994,0.0391537172319616,0.1272441338428371,0.0135063367525997,0.0014447611912306,0.02882661705210412,-0.05437230848529528,False,True
lp_income,income,WH2M,expansionary,mp_neg_x_wh2m,cW,1.0,34,0.0506451778667287,0.0109016922413905,0.0903886634920669,0.0135063367525997,0.0014562345159449,0.029055538717401515,-0.021589639149327187,True,True
lp_income,income,WH2M,expansionary,mp_neg_x_wh2m,cW,1.0,35,0.0433917680126558,-0.0284837561614323,0.115267292186744,0.0135063367525997,0.0014670340682031,0.029271016928728712,-0.014120751083927085,True,True
lp_income,income,WH2M,expansionary,mp_neg_x_wh2m,cW,1.0,36,0.0824362704808738,0.007460062788013,0.1574124781737346,0.0135063367525997,0.0014771948628244,0.029473750319735578,-0.05296252016113823,True,True
lp_income,income,WH2M,expansionary,mp_neg_x_wh2m,cW,1.0,37,0.0321866741252974,0.0059839060890016,0.0583894421615933,0.0135063367525997,0.001486749162558,0.029664382613358384,-0.0025222915119390184,True,True
lp_income,income,WH2M,expansionary,mp_neg_x_wh2m,cW,1.0,38,0.0319418000835992,-0.0282531211276804,0.0921367212948789,0.0135063367525997,0.0014957263451519,0.02984349996950826,-0.0020983001140909424,True,True
lp_income,income,WH2M,expansionary,mp_neg_x_wh2m,cW,1.0,39,0.0969026949954573,0.0307354468081786,0.163069943182736,0.0135063367525997,0.0015041527395162,0.03001162771611722,-0.06689106727934008,False,True
lp_income,income,WH2M,expansionary,mp_neg_x_wh2m,cW,1.0,40,0.0279329201872747,-0.0309232477552058,0.0867890881297552,0.0135063367525997,0.0015120515532233,0.03016922890258496,0.0022363087153102618,True,True
lp_income,income,WH2M,expansionary,mp_neg_x_wh2m,cW,1.0,41,0.0515239960874221,-0.0404076463567058,0.14345563853155,0.0135063367525997,0.001519443240016,0.03031671163248911,-0.02120728445493299,True,True
lp_income,income,WH2M,expansionary,mp_neg_x_wh2m,cW,1.0,42,0.0465983455490667,-0.0011583395605316,0.094355030658665,0.0135063367525997,0.0015263471928319,0.030454462843677328,-0.016143882705389374,True,True
lp_income,income,WH2M,expansionary,mp_neg_x_wh2m,cW,1.0,43,0.0282718288589155,-0.0153964486555737,0.0719401063734047,0.0135063367525997,0.0015327868796246,0.03058295078080868,0.002311121921893179,True,True
lp_income,income,WH2M,expansionary,mp_neg_x_wh2m,cW,1.0,44,0.0302205975477705,-0.0679612006812987,0.1284023957768399,0.0135063367525997,0.0015388032753965,0.030702992998168307,0.0004823954503978059,True,True
lp_income,income,WH2M,expansionary,mp_neg_x_wh2m,cW,1.0,45,0.050682407445396,-0.0200897934690926,0.1214546083598847,0.0135063367525997,0.0015444868065662,0.03081639373008656,-0.019866013715309435,True,True
lp_income,income,WH2M,expansionary,mp_neg_x_wh2m,cW,1.0,46,0.0060388293296491,-0.0683268054738697,0.0804044641331679,0.0135063367525997,0.0015500365234586,0.030927124530841624,0.024888295201192526,True,True
lp_income,income,WH2M,expansionary,mp_neg_x_wh2m,cW,1.0,47,0.064241252039805,-0.0200527773081809,0.1485352813877911,0.0135063367525997,0.001555605892227,0.031038247435916252,-0.03320300460388875,True,True
lp_wealth,wealth,PH2M,contractionary,mp_pos_x_ph2m,cP,1.0,0,0.0483479483551631,-0.0377175793204362,0.1344134760307624,0.0078046173409711,-0.001725184909961,-0.01989057340124357,-0.06823852175640667,True,False
lp_wealth,wealth,PH2M,contractionary,mp_pos_x_ph2m,cP,1.0,1,0.0582579394699229,-0.0595371762503882,0.176053055190234,0.0078046173409711,-0.0009669451069825,-0.011148423867122463,-0.06940636333704536,True,False
lp_wealth,wealth,PH2M,contractionary,mp_pos_x_ph2m,cP,1.0,2,0.1488387073144363,-0.054839301741398,0.3525167163702707,0.0078046173409711,-0.0012518193528494,-0.014432890398694189,-0.1632715977131305,True,False
lp_wealth,wealth,PH2M,contractionary,mp_pos_x_ph2m,cP,1.0,3,0.2579885301120643,0.0095101329014907,0.5064669273226379,0.0078046173409711,-0.0011268600411597,-0.012992168104532086,-0.27098069821659637,False,False
lp_wealth,wealth,PH2M,contractionary,mp_pos_x_ph2m,cP,1.0,4,0.2884946538954518,0.0451700123409396,0.531819295449964,0.0078046173409711,-0.0011639461440385,-0.013419753488114835,-0.3019144073835667,False,False
lp_wealth,wealth,PH2M,contractionary,mp_pos_x_ph2m,cP,1.0,5,0.4900236954547981,0.1072146241416244,0.8728327667679717,0.0078046173409711,-0.0011379289094227,-0.013119786967520445,-0.5031434824223185,False,False
lp_wealth,wealth,PH2M,contractionary,mp_pos_x_ph2m,cP,1.0,6,0.5890264282021668,0.1612220236402196,1.016830832764114,0.0078046173409711,-0.0011373949859549,-0.013113631080191729,-0.6021400592823585,False,False
lp_wealth,wealth,PH2M,contractionary,mp_pos_x_ph2m,cP,1.0,7,0.6271956651435701,0.249193692994328,1.0051976372928122,0.0078046173409711,-0.0011274378833224,-0.01299883035382789,-0.6401944954973979,False,False
lp_wealth,wealth,PH2M,contractionary,mp_pos_x_ph2m,cP,1.0,8,0.6360724223308901,0.2384502962709617,1.0336945483908186,0.0078046173409711,-0.0011217636173259,-0.012933408726470788,-0.6490058310573609,False,False
lp_wealth,wealth,PH2M,contractionary,mp_pos_x_ph2m,cP,1.0,9,0.5636894494668937,0.2037439609614924,0.923634937972295,0.0078046173409711,-0.0011149448479192,-0.012854791511233733,-0.5765442409781274,False,False
lp_wealth,wealth,PH2M,contractionary,mp_pos_x_ph2m,cP,1.0,10,0.5530678612859755,0.161494316856619,0.944641405715332,0.0078046173409711,-0.0011090874964122,-0.01278725899375449,-0.56585512027973,False,False
lp_wealth,wealth,PH2M,contractionary,mp_pos_x_ph2m,cP,1.0,11,0.4555283663494874,0.0513779490904134,0.8596787836085613,0.0078046173409711,-0.001103333893263,-0.012720922646212838,-0.46824928899570023,False,False
lp_wealth,wealth,PH2M,contractionary,mp_pos_x_ph2m,cP,1.0,12,0.4768406556480044,0.0908459911026031,0.8628353201934057,0.0078046173409711,-0.0010979945453227,-0.012659362467064436,-0.4895000181150688,False,False
lp_wealth,wealth,PH2M,contractionary,mp_pos_x_ph2m,cP,1.0,13,0.3857449544806771,0.0007317121668580257,0.7707581967944961,0.0078046173409711,-0.0010929216618621,-0.012600874498472539,-0.3983458289791496,False,False
lp_wealth,wealth,PH2M,contractionary,mp_pos_x_ph2m,cP,1.0,14,0.5190904255463773,0.1284683368553719,0.9097125142373824,0.0078046173409711,-0.001088149295558,-0.012545851351839828,-0.5316362768982171,False,False
lp_wealth,wealth,PH2M,contractionary,mp_pos_x_ph2m,cP,1.0,15,0.6222962600926467,0.2483317932294524,0.996260726955841,0.0078046173409711,-0.0010836412832187,-0.01249387608251604,-0.6347901361751628,False,False
lp_wealth,wealth,PH2M,contractionary,mp_pos_x_ph2m,cP,1.0,16,0.5277763257405399,0.1730201708628732,0.8825324806182065,0.0078046173409711,-0.0010793903867297,-0.01244486523843356,-0.5402211909789735,False,False
lp_wealth,wealth,PH2M,contractionary,mp_pos_x_ph2m,cP,1.0,17,0.5551773827171279,0.2197393947304766,0.8906153707037793,0.0078046173409711,-0.0010753791955885,-0.012398618084659037,-0.5675760008017869,False,False
lp_wealth,wealth,PH2M,contractionary,mp_pos_x_ph2m,cP,1.0,18,0.4800263275214171,0.1706033360781963,0.789449318964638,0.0078046173409711,-0.0010715954478357,-0.01235499324654788,-0.492381320767965,False,False
lp_wealth,wealth,PH2M,contractionary,mp_pos_x_ph2m,cP,1.0,19,0.4225740843457808,0.1085141760693939,0.7366339926221678,0.0078046173409711,-0.0010680259336934,-0.012313838421552451,-0.43488792276733323,False,False
lp_wealth,wealth,PH2M,contractionary,mp_pos_x_ph2m,cP,1.0,20,0.2307383477975122,-0.1737411278173451,0.6352178234123695,0.0078046173409711,-0.0010646588325277,-0.012275017323304334,-0.24301336512081653,True,False
lp_wealth,wealth,PH2M,contractionary,mp_pos_x_ph2m,cP,1.0,21,0.1638475475817199,-0.2318896804794376,0.5595847756428775,0.0078046173409711,-0.0010614827324163,-0.01223839837768828,-0.17608594595940819,True,False
lp_wealth,wealth,PH2M,contractionary,mp_pos_x_ph2m,cP,1.0,22,0.2047604870229331,-0.2755838065309844,0.6851047805768506,0.0078046173409711,-0.0010584869568501,-0.012203858489558548,-0.21696434551249164,True,False
lp_wealth,wealth,PH2M,contractionary,mp_pos_x_ph2m,cP,1.0,23,0.2281345213622724,-0.3132911110009949,0.7695601537255398,0.0078046173409711,-0.0010556613769344,-0.012171280877506758,-0.24030580223977918,True,False
lp_wealth,wealth,PH2M,contractionary,mp_pos_x_ph2m,cP,1.0,24,0.3866825838109568,-0.1930222119342007,0.9663873795561144,0.0078046173409711,-0.0010529964242343,-0.012140555221963332,-0.39882313903292016,True,False
lp_wealth,wealth,PH2M,contractionary,mp_pos_x_ph2m,cP,1.0,25,0.3661434408029329,-0.1877747960271536,0.9200616776330194,0.0078046173409711,-0.0010504830198901,-0.012111576847931273,-0.37825501765086417,True,False
lp_wealth,wealth,PH2M,contractionary,mp_pos_x_ph2m,cP,1.0,26,0.3954041563314438,-0.0609211612169413,0.851729473879829,0.0078046173409711,-0.0010481125275447,-0.01208424618226116,-0.407488402513705,True,False
lp_wealth,wealth,PH2M,contractionary,mp_pos_x_ph2m,cP,1.0,27,0.3906639381647434,-0.0893774233861324,0.8707052997156194,0.0078046173409711,-0.0010458766809863,-0.012058467919405397,-0.4027224060841488,True,False
lp_wealth,wealth,PH2M,contractionary,mp_pos_x_ph2m,cP,1.0,28,0.3107101936405942,-0.1091363552997483,0.7305567425809367,0.0078046173409711,-0.0010437674953933,-0.012034149998113492,-0.3227443436387077,True,False
lp_wealth,wealth,PH2M,contractionary,mp_pos_x_ph2m,cP,1.0,29,0.1727803315251414,-0.1993633828526881,0.5449240459029712,0.0078046173409711,-0.0010417771425854,-0.012011202163135734,-0.18479153368827714,True,False
lp_wealth,wealth,PH2M,contractionary,mp_pos_x_ph2m,cP,1.0,30,0.0788088339718702,-0.2535504927932775,0.411168160737018,0.0078046173409711,-0.0010398977732756,-0.011989533915872043,-0.09079836788774225,True,False
lp_wealth,wealth,PH2M,contractionary,mp_pos_x_ph2m,cP,1.0,31,0.0531182509901066,-0.2947694806797571,0.4010059826599703,0.0078046173409711,-0.001038121255321,-0.0119690514965264,-0.065087302486633,True,False
lp_wealth,wealth,PH2M,contractionary,mp_pos_x_ph2m,cP,1.0,32,0.0414514957168864,-0.3284259441691917,0.4113289356029645,0.0078046173409711,-0.0010364387833518,-0.011949653383312168,-0.05340114910019857,True,False
lp_wealth,wealth,PH2M,contractionary,mp_pos_x_ph2m,cP,1.0,33,-0.0499861549272802,-0.3615778331483907,0.2616055232938303,0.0078046173409711,-0.0010348402931959,-0.011931223541042209,0.03805493138623799,True,True
lp_wealth,wealth,PH2M,contractionary,mp_pos_x_ph2m,cP,1.0,34,0.0026192250769975,-0.3622221428582661,0.3674605930122612,0.0078046173409711,-0.0010333135861387,-0.011913621324254837,-0.014532846401252337,True,False
lp_wealth,wealth,PH2M,contractionary,mp_pos_x_ph2m,cP,1.0,35,0.0840343830755495,-0.2905555486683512,0.4586243148194502,0.0078046173409711,-0.0010318430338317,-0.011896666545417009,-0.0959310496209665,True,False
lp_wealth,wealth,PH2M,contractionary,mp_pos_x_ph2m,cP,1.0,36,0.0367157329663674,-0.3114174217484287,0.3848488876811635,0.0078046173409711,-0.0010304077043942,-0.011880117869755217,-0.04859585083612261,True,False
lp_wealth,wealth,PH2M,contractionary,mp_pos_x_ph2m,cP,1.0,37,-0.0759519710885519,-0.3311215671069926,0.1792176249298888,0.0078046173409711,-0.0010289787529608,-0.01186364272949127,0.06408832835906063,True,True
lp_wealth,wealth,PH2M,contractionary,mp_pos_x_ph2m,cP,1.0,38,-0.0495597999020518,-0.3019731339510972,0.2028535341469935,0.0078046173409711,-0.0010275160327763,-0.011846778251354871,0.03771302165069693,True,True
lp_wealth,wealth,PH2M,contractionary,mp_pos_x_ph2m,cP,1.0,39,-0.108593109650814,-0.3532007268672858,0.1360145075656577,0.0078046173409711,-0.0010259642943309,-0.011828887434394007,0.09676422221641999,True,True
lp_wealth,wealth,PH2M,contractionary,mp_pos_x_ph2m,cP,1.0,40,-0.0513727049383789,-0.2884527178675486,0.1857073079907907,0.0078046173409711,-0.0010242504910289,-0.011809128085597887,0.039563576852781016,True,True
lp_wealth,wealth,PH2M,contractionary,mp_pos_x_ph2m,cP,1.0,41,-0.031114316363033,-0.2508742909769043,0.1886456582508382,0.0078046173409711,-0.0010222866059256,-0.011786485410848499,0.019327830952184502,True,True
lp_wealth,wealth,PH2M,contractionary,mp_pos_x_ph2m,cP,1.0,42,-0.0114618818119049,-0.2216904840612848,0.1987667204374748,0.0078046173409711,-0.0010199893077196,-0.01175999863929888,-0.00029811682739398077,True,True
lp_wealth,wealth,PH2M,contractionary,mp_pos_x_ph2m,cP,1.0,43,-0.0029819298617712,-0.2179758867195227,0.2120120269959803,0.0078046173409711,-0.0010173436160494,-0.011729495054402371,-0.00874756519263117,True,True
lp_wealth,wealth,PH2M,contractionary,mp_pos_x_ph2m,cP,1.0,44,0.0201991487951677,-0.1846471395734606,0.2250454371637962,0.0078046173409711,-0.0010145733849926,-0.01169755558875116,-0.03189670438391886,True,False
lp_wealth,wealth,PH2M,contractionary,mp_pos_x_ph2m,cP,1.0,45,-0.0087071230980493,-0.218180044180628,0.2007657979845294,0.0078046173409711,-0.0010125572833317,-0.011674310881567044,-0.0029671877835177433,True,True
lp_wealth,wealth,PH2M,contractionary,mp_pos_x_ph2m,cP,1.0,46,-0.0127959216422666,-0.2235017552038573,0.197909911919324,0.0078046173409711,-0.0010137329234078,-0.011687865460610769,0.0011080561816558306,True,True
lp_wealth,wealth,PH2M,contractionary,mp_pos_x_ph2m,cP,1.0,47,0.0383545720059893,-0.1541719627380933,0.230881106750072,0.0078046173409711,-0.0010227898593211,-0.011792287686618953,-0.05014685969260826,True,False
lp_wealth,wealth,PH2M,expansionary,mp_neg_x_ph2m,cP,1.0,0,0.0032104263575938,-0.0561320039043558,0.0625528566195435,0.0115305629408614,0.0004128287953228,0.0070320270197385525,0.0038216006621447527,True,True
lp_wealth,wealth,PH2M,expansionary,mp_neg_x_ph2m,cP,1.0,1,-0.0826709619869517,-0.1856696997487696,0.0203277757748661,0.0115305629408614,0.0002313855061878,0.003941365403583873,0.08661232739053558,True,False
lp_wealth,wealth,PH2M,expansionary,mp_neg_x_ph2m,cP,1.0,2,-0.1020204944604416,-0.2724411625788641,0.0684001736579807,0.0115305629408614,0.0002995545998662,0.005102541450624801,0.10712303591106641,True,False
lp_wealth,wealth,PH2M,expansionary,mp_neg_x_ph2m,cP,1.0,3,-0.0964882133644011,-0.2728581515252919,0.0798817247964896,0.0115305629408614,0.0002696524126796,0.004593194741703894,0.10108140810610498,True,False
lp_wealth,wealth,PH2M,expansionary,mp_neg_x_ph2m,cP,1.0,4,-0.1312418130432139,-0.3118624219346138,0.0493787958481859,0.0115305629408614,0.0002785269461202,0.004744361423022904,0.1359861744662368,True,False
lp_wealth,wealth,PH2M,expansionary,mp_neg_x_ph2m,cP,1.0,5,-0.2170350001165686,-0.4767356373255554,0.0426656370924181,0.0115305629408614,0.000272301141824,0.0046383125608153875,0.221673312677384,True,False
lp_wealth,wealth,PH2M,expansionary,mp_neg_x_ph2m,cP,1.0,6,-0.2480409016938834,-0.5309600771998801,0.0348782738121131,0.0115305629408614,0.0002721733763997,0.0046361362351180395,0.2526770379290014,True,False
lp_wealth,wealth,PH2M,expansionary,mp_neg_x_ph2m,cP,1.0,7,-0.3583886185520557,-0.6984902943034953,-0.0182869428006162,0.0115305629408614,0.0002697906876451,0.004595550084413913,0.36298416863646965,False,False
lp_wealth,wealth,PH2M,expansionary,mp_neg_x_ph2m,cP,1.0,8,-0.4019421645590655,-0.7892558828175075,-0.0146284463006235,0.0115305629408614,0.0002684328619522,0.0045724212061264815,0.406514585765192,False,False
lp_wealth,wealth,PH2M,expansionary,mp_neg_x_ph2m,cP,1.0,9,-0.297305810015799,-0.6396384679844792,0.0450268479528812,0.0115305629408614,0.0002668011618698,0.00454462721695338,0.30185043723275234,True,False
lp_wealth,wealth,PH2M,expansionary,mp_neg_x_ph2m,cP,1.0,10,-0.3046847234120572,-0.6005133746607664,-0.008856072163348,0.0115305629408614,0.0002653995246584,0.004520752063732226,0.3092054754757894,False,False
lp_wealth,wealth,PH2M,expansionary,mp_neg_x_ph2m,cP,1.0,11,-0.1989093879996498,-0.4692668660186057,0.0714480900193061,0.0115305629408614,0.0002640227139506,0.0044972997992390375,0.20340668779888885,True,False
lp_wealth,wealth,PH2M,expansionary,mp_neg_x_ph2m,cP,1.0,12,-0.2400013967351882,-0.5217288542997741,0.0417260608293977,0.0115305629408614,0.0002627450326046,0.0044755360805995405,0.24447693281578772,True,False
lp_wealth,wealth,PH2M,expansionary,mp_neg_x_ph2m,cP,1.0,13,-0.283652354940653,-0.5762941978940461,0.00898948801274,0.0115305629408614,0.00026153111498,0.004454858497948724,0.28810721343860174,True,False
lp_wealth,wealth,PH2M,expansionary,mp_neg_x_ph2m,cP,1.0,14,-0.2683947861669372,-0.5829688256160126,0.046179253282138,0.0115305629408614,0.0002603891097255,0.004435405853420747,0.2728301920203579,True,False
lp_wealth,wealth,PH2M,expansionary,mp_neg_x_ph2m,cP,1.0,15,-0.2474550957202117,-0.5805962340845814,0.0856860426441579,0.0115305629408614,0.000259310363156,0.004417030742212134,0.25187212646242385,True,False
lp_wealth,wealth,PH2M,expansionary,mp_neg_x_ph2m,cP,1.0,16,-0.3203179928092885,-0.6518916344647927,0.0112556488462156,0.0115305629408614,0.0002582931432241,0.004399703661041489,0.32471769647033,True,False
lp_wealth,wealth,PH2M,expansionary,mp_neg_x_ph2m,cP,1.0,17,-0.29999968408214,-0.6228414291072922,0.0228420609430121,0.0115305629408614,0.0002573332836769,0.0043833536429527895,0.3043830377250928,True,False
lp_wealth,wealth,PH2M,expansionary,mp_neg_x_ph2m,cP,1.0,18,-0.2748809887602158,-0.6131173915123658,0.063355413991934,0.0115305629408614,0.0002564278502838,0.00436793070696337,0.2792489194671792,True,False
lp_wealth,wealth,PH2M,expansionary,mp_neg_x_ph2m,cP,1.0,19,-0.3592769523862317,-0.6687697935013178,-0.0497841112711456,0.0115305629408614,0.0002555736820061,0.004353381008695608,0.3636303333949273,False,False
lp_wealth,wealth,PH2M,expansionary,mp_neg_x_ph2m,cP,1.0,20,-0.347558486421652,-0.6497897187791988,-0.0453272540641051,0.0115305629408614,0.0002547679502205,0.004339656366056349,0.35189814278770837,False,False
lp_wealth,wealth,PH2M,expansionary,mp_neg_x_ph2m,cP,1.0,21,-0.2866201194014908,-0.5842617865448436,0.0110215477418619,0.0115305629408614,0.0002540079241067,0.004326710262905357,0.29094682966439617,True,False
lp_wealth,wealth,PH2M,expansionary,mp_neg_x_ph2m,cP,1.0,22,-0.3292740670336594,-0.6158212279171392,-0.0427269061501797,0.0115305629408614,0.0002532910488251,0.004314499180715579,0.333588566214375,False,False
lp_wealth,wealth,PH2M,expansionary,mp_neg_x_ph2m,cP,1.0,23,-0.2031658526963586,-0.4974427883260875,0.0911110829333702,0.0115305629408614,0.0002526149005781,0.0043029818330980645,0.20746883452945666,True,False
lp_wealth,wealth,PH2M,expansionary,mp_neg_x_ph2m,cP,1.0,24,-0.1186735052688556,-0.4183395112559493,0.1809925007182381,0.0115305629408614,0.0002519771896832,0.004292119218148416,0.12296562448700402,True,False
lp_wealth,wealth,PH2M,expansionary,mp_neg_x_ph2m,cP,1.0,25,-0.1804409597940852,-0.4854020560985527,0.1245201365103823,0.0115305629408614,0.0002513757436112,0.0042818743295235506,0.18472283412360874,True,False
lp_wealth,wealth,PH2M,expansionary,mp_neg_x_ph2m,cP,1.0,26,-0.1902026374041944,-0.4793174580793686,0.0989121832709798,0.0115305629408614,0.0002508084957216,0.004272211964563185,0.19447484936875759,True,False
lp_wealth,wealth,PH2M,expansionary,mp_neg_x_ph2m,cP,1.0,27,-0.1709898650271827,-0.469801420652381,0.1278216905980156,0.0115305629408614,0.0002502734679482,0.004263098429360493,0.17525296345654318,True,False
lp_wealth,wealth,PH2M,expansionary,mp_neg_x_ph2m,cP,1.0,28,-0.2482516346982816,-0.5309325635432097,0.0344292941466465,0.0115305629408614,0.0002497687495598,0.004254501176976941,0.25250613587525855,True,False
lp_wealth,wealth,PH2M,expansionary,mp_neg_x_ph2m,cP,1.0,29,-0.2871484315475016,-0.5353133020250299,-0.0389835610699732,0.0115305629408614,0.000249292467309,0.004246388298964087,0.29139481984646565,False,False
lp_wealth,wealth,PH2M,expansionary,mp_neg_x_ph2m,cP,1.0,30,-0.364808682471798,-0.6608557232412119,-0.0687616417023841,0.0115305629408614,0.0002488427428976,0.0042387278008393665,0.3690474102726374,False,False
lp_wealth,wealth,PH2M,expansionary,mp_neg_x_ph2m,cP,1.0,31,-0.2170504884122265,-0.4711073327622531,0.0370063559377999,0.0115305629408614,0.0002484176303414,0.004231486535173073,0.22128197494739957,True,False
lp_wealth,wealth,PH2M,expansionary,mp_neg_x_ph2m,cP,1.0,32,-0.3104346083520125,-0.5564639390150643,-0.0644052776889607,0.0115305629408614,0.0002480150225558,0.004224628610389791,0.3146592369624023,False,False
lp_wealth,wealth,PH2M,expansionary,mp_neg_x_ph2m,cP,1.0,33,-0.4965071765395697,-0.8568715599388247,-0.1361427931403148,0.0115305629408614,0.0002476325112311,0.00421811300391776,0.5007252895434875,False,False
lp_wealth,wealth,PH2M,expansionary,mp_neg_x_ph2m,cP,1.0,34,-0.2388869589691294,-0.6092242915372538,0.1314503735989948,0.0115305629408614,0.0002472671772709,0.004211889992566661,0.24309884896169606,True,False
lp_wealth,wealth,PH2M,expansionary,mp_neg_x_ph2m,cP,1.0,35,-0.134760579567623,-0.5622405895215082,0.2927194303862622,0.0115305629408614,0.0002469152808835,0.00420589587361861,0.1389664754412416,True,False
lp_wealth,wealth,PH2M,expansionary,mp_neg_x_ph2m,cP,1.0,36,0.1387542711702288,-0.3248117176628966,0.6023202600033543,0.0115305629408614,0.0002465718131664,0.004200045326625717,-0.13455422584360308,True,True
lp_wealth,wealth,PH2M,expansionary,mp_neg_x_ph2m,cP,1.0,37,0.0750879316479515,-0.4968456712203391,0.6470215345162422,0.0115305629408614,0.0002462298716763,0.004194220777018725,-0.07089371087093277,True,True
lp_wealth,wealth,PH2M,expansionary,mp_neg_x_ph2m,cP,1.0,38,-0.189447014059104,-0.8023054935781041,0.423411465459896,0.0115305629408614,0.0002458798494797,0.004188258582588767,0.19363527264169275,True,False
lp_wealth,wealth,PH2M,expansionary,mp_neg_x_ph2m,cP,1.0,39,-0.362864224304491,-1.1638684461931386,0.4381399975841564,0.0115305629408614,0.0002455085256237,0.004181933540784395,0.3670461578452754,True,False
lp_wealth,wealth,PH2M,expansionary,mp_neg_x_ph2m,cP,1.0,40,0.1690706461745899,-0.6584773089558038,0.9966186013049838,0.0115305629408614,0.0002450984203947,0.004174947906342377,-0.16489569826824751,True,True
lp_wealth,wealth,PH2M,expansionary,mp_neg_x_ph2m,cP,1.0,41,0.2502573625244307,-0.6434516982147378,1.143966423263599,0.0115305629408614,0.0002446284717436,0.004166942913352871,-0.24609041961107783,True,True
lp_wealth,wealth,PH2M,expansionary,mp_neg_x_ph2m,cP,1.0,42,0.322848766158812,-0.5065309717829323,1.1522285041005562,0.0115305629408614,0.0002440787388742,0.004157578895059921,-0.31869118726375206,True,True
lp_wealth,wealth,PH2M,expansionary,mp_neg_x_ph2m,cP,1.0,43,0.3504934725531066,-0.4505423897230568,1.15152933482927,0.0115305629408614,0.0002434456370549,0.004146794790002322,-0.3463466777631043,True,True
lp_wealth,wealth,PH2M,expansionary,mp_neg_x_ph2m,cP,1.0,44,0.3596213189236291,-0.3540968462351679,1.0733394840824262,0.0115305629408614,0.0002427827335347,0.004135503049895187,-0.3554858158737339,True,True
lp_wealth,wealth,PH2M,expansionary,mp_neg_x_ph2m,cP,1.0,45,0.4548642439743403,-0.2088162945622702,1.118544782510951,0.0115305629408614,0.0002423002897021,0.004127285216970775,-0.4507369587573695,True,True
lp_wealth,wealth,PH2M,expansionary,mp_neg_x_ph2m,cP,1.0,46,0.4473710834950058,-0.2927706816980392,1.1875128486880506,0.0115305629408614,0.0002425816149522,0.004132077244034902,-0.4432390062509709,True,True
lp_wealth,wealth,PH2M,expansionary,mp_neg_x_ph2m,cP,1.0,47,0.3927469643458834,-0.270504262587387,1.0559981912791538,0.0115305629408614,0.000244748897961,0.004168994224754198,-0.3885779701211292,True,True
lp_wealth,wealth,WH2M,contractionary,mp_pos_x_wh2m,cW,1.0,0,-0.0486968576420772,-0.134112821591217,0.0367191063070626,0.009145853557827,-0.001216523449627,-0.01643632672870301,0.03226053091337419,True,True
lp_wealth,wealth,WH2M,contractionary,mp_pos_x_wh2m,cW,1.0,1,-0.0601323761495779,-0.1973079703381663,0.0770432180390105,0.009145853557827,-0.0013049569558029,-0.017631142991157738,0.042501233158420165,True,True
lp_wealth,wealth,WH2M,contractionary,mp_pos_x_wh2m,cW,1.0,2,-0.1133550868727936,-0.2995533144360509,0.0728431406904636,0.009145853557827,-0.0017124565596525,-0.02313682940660882,0.09021825746618478,True,True
lp_wealth,wealth,WH2M,contractionary,mp_pos_x_wh2m,cW,1.0,3,-0.1962138497869612,-0.4074033331436897,0.0149756335697672,0.009145853557827,-0.0019694268534495,-0.026608729360295135,0.16960512042666606,True,True
lp_wealth,wealth,WH2M,contractionary,mp_pos_x_wh2m,cW,1.0,4,-0.225115246032723,-0.4740939308555931,0.023863438790147,0.009145853557827,-0.0022621175392182,-0.030563243959432152,0.19455200207329085,True,True
lp_wealth,wealth,WH2M,contractionary,mp_pos_x_wh2m,cW,1.0,5,-0.3557162284200029,-0.6833867551648661,-0.0280457016751398,0.009145853557827,-0.0025185396274413,-0.03402773716240612,0.3216884912575968,True,True
lp_wealth,wealth,WH2M,contractionary,mp_pos_x_wh2m,cW,1.0,6,-0.3693654903114978,-0.7207493306166128,-0.0179816500063828,0.009145853557827,-0.0027682796444889,-0.03740194956964314,0.33196354074185463,True,True
lp_wealth,wealth,WH2M,contractionary,mp_pos_x_wh2m,cW,1.0,7,-0.4435586264429097,-0.7533697280731275,-0.1337475248126918,0.009145853557827,-0.0030008705817545,-0.040544462474104474,0.40301416396880524,False,True
lp_wealth,wealth,WH2M,contractionary,mp_pos_x_wh2m,cW,1.0,8,-0.3961311777401601,-0.753087293012671,-0.0391750624676493,0.009145853557827,-0.0032215451404513,-0.04352597437884011,0.35260520336132,True,True
lp_wealth,wealth,WH2M,contractionary,mp_pos_x_wh2m,cW,1.0,9,-0.3199972973719937,-0.6741927721602965,0.034198177416309,0.009145853557827,-0.0034292933868218,-0.04633284016980171,0.273664457202192,True,True
lp_wealth,wealth,WH2M,contractionary,mp_pos_x_wh2m,cW,1.0,10,-0.3359642694503913,-0.7399860462326103,0.0680575073318277,0.009145853557827,-0.0036255034217393,-0.04898381433913898,0.28698045511125236,True,True
lp_wealth,wealth,WH2M,contractionary,mp_pos_x_wh2m,cW,1.0,11,-0.2704302986813693,-0.6449140747776895,0.1040534774149507,0.009145853557827,-0.0038105634942937,-0.05148414248149762,0.21894615619987168,True,True
lp_wealth,wealth,WH2M,contractionary,mp_pos_x_wh2m,cW,1.0,12,-0.2678165978695198,-0.6165744205844179,0.0809412248453783,0.009145853557827,-0.0039852026502651,-0.053843674661539824,0.21397292320797995,True,True
lp_wealth,wealth,WH2M,contractionary,mp_pos_x_wh2m,cW,1.0,13,-0.2567071322419468,-0.6102505935594708,0.0968363290755772,0.009145853557827,-0.0041499659790625,-0.05606977552778545,0.20063735671416136,True,True
lp_wealth,wealth,WH2M,contractionary,mp_pos_x_wh2m,cW,1.0,14,-0.3272209780675253,-0.6533118980704061,-0.0011300580646444,0.009145853557827,-0.0043054239689821,-0.05817015289058057,0.26905082517694473,True,True
lp_wealth,wealth,WH2M,contractionary,mp_pos_x_wh2m,cW,1.0,15,-0.3654069532327104,-0.6385341323794909,-0.09227977408593,0.009145853557827,-0.0044520927381091,-0.06015177996978502,0.3052551732629254,False,True
lp_wealth,wealth,WH2M,contractionary,mp_pos_x_wh2m,cW,1.0,16,-0.3514931765938013,-0.6057783430233512,-0.0972080101642515,0.009145853557827,-0.0045904679236207,-0.062021353269757905,0.2894718233240434,False,True
lp_wealth,wealth,WH2M,contractionary,mp_pos_x_wh2m,cW,1.0,17,-0.3673508153937925,-0.6109550042508538,-0.1237466265367312,0.009145853557827,-0.0047210136909248,-0.06378514408292908,0.3035656713108634,False,True
lp_wealth,wealth,WH2M,contractionary,mp_pos_x_wh2m,cW,1.0,18,-0.3265812755987495,-0.5596097555104866,-0.0935527956870124,0.009145853557827,-0.0048441692758478,-0.06544908688064467,0.26113218871810484,False,True
lp_wealth,wealth,WH2M,contractionary,mp_pos_x_wh2m,cW,1.0,19,-0.2655965841349113,-0.4934550653038836,-0.0377381029659388,0.009145853557827,-0.0049603484996226,-0.06701877276021831,0.19857781137469296,True,True
lp_wealth,wealth,WH2M,contractionary,mp_pos_x_wh2m,cW,1.0,20,-0.1670554303951649,-0.4599603845951003,0.1258495238047704,0.009145853557827,-0.0050699419312371,-0.06849947866020568,0.09855595173495922,True,True
lp_wealth,wealth,WH2M,contractionary,mp_pos_x_wh2m,cW,1.0,21,-0.1338410492503798,-0.4373838354859657,0.1697017369852061,0.009145853557827,-0.0051733178954443,-0.06989618097952818,0.06394486827085161,True,True
lp_wealth,wealth,WH2M,contractionary,mp_pos_x_wh2m,cW,1.0,22,-0.197469492499872,-0.5638438802283438,0.1689048952285997,0.009145853557827,-0.005270823828925,-0.07121357390045162,0.12625591859942037,True,True
lp_wealth,wealth,WH2M,contractionary,mp_pos_x_wh2m,cW,1.0,23,-0.1188329645304053,-0.5545821684018938,0.3169162393410829,0.009145853557827,-0.005362787398729,-0.07245608449973344,0.04637688003067186,True,True
lp_wealth,wealth,WH2M,contractionary,mp_pos_x_wh2m,cW,1.0,24,-0.3094631579151077,-0.7224664632074675,0.1035401473772521,0.009145853557827,-0.0054495176186297,-0.07362788783157817,0.23583527008352953,True,True
lp_wealth,wealth,WH2M,contractionary,mp_pos_x_wh2m,cW,1.0,25,-0.3510275039334531,-0.727388864072159,0.0253338562052526,0.009145853557827,-0.0055313058750347,-0.07473292078861299,0.2762945831448401,True,True
lp_wealth,wealth,WH2M,contractionary,mp_pos_x_wh2m,cW,1.0,26,-0.3178640404353887,-0.6109711640962562,-0.0247569167745212,0.009145853557827,-0.005608426900847,-0.07577489525962902,0.24208914517575966,True,True
lp_wealth,wealth,WH2M,contractionary,mp_pos_x_wh2m,cW,1.0,27,-0.3106230762688712,-0.6126898784608321,-0.0085562740769103,0.009145853557827,-0.0056811396847521,-0.07675731041486852,0.23386576585400268,True,True
lp_wealth,wealth,WH2M,contractionary,mp_pos_x_wh2m,cW,1.0,28,-0.2896509194870559,-0.5540492138741002,-0.0252526251000118,0.009145853557827,-0.0057496883220301,-0.07768346420126206,0.21196745528579386,True,True
lp_wealth,wealth,WH2M,contractionary,mp_pos_x_wh2m,cW,1.0,29,-0.1753088570692565,-0.4306387203654172,0.0800210062269041,0.009145853557827,-0.0058143028036377,-0.07855646400363653,0.09675239306561997,True,True
lp_wealth,wealth,WH2M,contractionary,mp_pos_x_wh2m,cW,1.0,30,-0.171455563695136,-0.4685258006599278,0.1256146732696557,0.009145853557827,-0.0058751997410528,-0.07937923643801816,0.09207632725711785,True,True
lp_wealth,wealth,WH2M,contractionary,mp_pos_x_wh2m,cW,1.0,31,-0.1890134132603824,-0.4882535884820094,0.1102267619612444,0.009145853557827,-0.0059325830198063,-0.08015453618143532,0.10885887707894708,True,True
lp_wealth,wealth,WH2M,contractionary,mp_pos_x_wh2m,cW,1.0,32,-0.153777407459917,-0.4675101862361976,0.1599553713163637,0.009145853557827,-0.0059866443702591,-0.08088495368362944,0.07289245377628756,True,True
lp_wealth,wealth,WH2M,contractionary,mp_pos_x_wh2m,cW,1.0,33,-0.086062132510789,-0.3734630079362467,0.2013387429146685,0.009145853557827,-0.0060375638372296,-0.08157292151214533,0.004489210998643661,True,True
lp_wealth,wealth,WH2M,contractionary,mp_pos_x_wh2m,cW,1.0,34,-0.1762612091551294,-0.481061734906618,0.1285393165963591,0.009145853557827,-0.00608551012123,-0.08222071896274062,0.09404049019238879,True,True
lp_wealth,wealth,WH2M,contractionary,mp_pos_x_wh2m,cW,1.0,35,-0.1758288526694964,-0.4845686720289625,0.1329109666899695,0.009145853557827,-0.006130640753592,-0.08283047442549167,0.09299837824400474,True,True
lp_wealth,wealth,WH2M,contractionary,mp_pos_x_wh2m,cW,1.0,36,-0.09139480985376,-0.3613753250673961,0.1785857053598761,0.009145853557827,-0.0061731020589869,-0.08340416487840634,0.007990644975353664,True,True
lp_wealth,wealth,WH2M,contractionary,mp_pos_x_wh2m,cW,1.0,37,0.0077824259258054,-0.2355442084503501,0.251109060301961,0.009145853557827,-0.0062130288613619,-0.08394361191435872,-0.09172603784016412,True,False
lp_wealth,wealth,WH2M,contractionary,mp_pos_x_wh2m,cW,1.0,38,0.0538166145129139,-0.1910293889465587,0.2986626179723867,0.009145853557827,-0.0062505439284321,-0.08445047423567614,-0.13826708874859003,True,False
lp_wealth,wealth,WH2M,contractionary,mp_pos_x_wh2m,cW,1.0,39,0.1118502719845855,-0.1231706174727648,0.3468711614419359,0.009145853557827,-0.0062857572870138,-0.08492623840367575,-0.19677651038826124,True,False
lp_wealth,wealth,WH2M,contractionary,mp_pos_x_wh2m,cW,1.0,40,0.0455600672641971,-0.1896783304245428,0.2807984649529371,0.009145853557827,-0.0063187659200563,-0.08537221474529147,-0.13093228200948856,True,False
lp_wealth,wealth,WH2M,contractionary,mp_pos_x_wh2m,cW,1.0,41,0.0657121987960589,-0.1541716310206946,0.2855960286128125,0.009145853557827,-0.0063496553024306,-0.08578955810296163,-0.1515017568990205,True,False
lp_wealth,wealth,WH2M,contractionary,mp_pos_x_wh2m,cW,1.0,42,0.0152661236193245,-0.1684486463618096,0.1989808936004588,0.009145853557827,-0.006378506475973,-0.08617936342483586,-0.10144548704416036,True,False
lp_wealth,wealth,WH2M,contractionary,mp_pos_x_wh2m,cW,1.0,43,-0.0362730952931489,-0.2209874649271318,0.148441274340834,0.009145853557827,-0.0064054175117474,-0.08654295573925566,-0.05026986044610676,True,True
lp_wealth,wealth,WH2M,contractionary,mp_pos_x_wh2m,cW,1.0,44,-0.0363402455914119,-0.1930688967934207,0.1203884056105968,0.009145853557827,-0.0064305596416464,-0.08688264854320628,-0.05054240295179438,True,True
lp_wealth,wealth,WH2M,contractionary,mp_pos_x_wh2m,cW,1.0,45,0.0108193139187181,-0.1715958882406859,0.1932345160781222,0.009145853557827,-0.006454310751841,-0.08720354741897195,-0.09802286133769005,True,False
lp_wealth,wealth,WH2M,contractionary,mp_pos_x_wh2m,cW,1.0,46,0.015208646056758,-0.1647893972605749,0.1952066893740911,0.009145853557827,-0.0064775026608012,-0.08751689098275534,-0.10272553703951334,True,False
lp_wealth,wealth,WH2M,contractionary,mp_pos_x_wh2m,cW,1.0,47,-0.0034509023512179,-0.149711882037507,0.1428100773350711,0.009145853557827,-0.0065007766936839,-0.08783134411464681,-0.08438044176342892,True,True
lp_wealth,wealth,WH2M,expansionary,mp_neg_x_wh2m,cW,1.0,0,0.019707426734624,-0.0447290217945238,0.084143875263772,0.0135086976937041,0.00029110845295,0.005809360626371004,-0.013898066108252997,True,True
lp_wealth,wealth,WH2M,expansionary,mp_neg_x_wh2m,cW,1.0,1,-0.0108033652334974,-0.0802900314149778,0.058683300947983,0.0135086976937041,0.0003122701832724,0.0062316641413498255,0.017035029374847226,True,False
lp_wealth,wealth,WH2M,expansionary,mp_neg_x_wh2m,cW,1.0,2,0.0949061168748997,-0.0397142824931429,0.2295265162429424,0.0135086976937041,0.0004097829597756,0.008177629222903484,-0.08672848765199623,True,True
lp_wealth,wealth,WH2M,expansionary,mp_neg_x_wh2m,cW,1.0,3,0.0845166572117781,-0.0418330286071773,0.2108663430307336,0.0135086976937041,0.0004712747663695,0.009404759786962988,-0.07511189742481511,True,True
lp_wealth,wealth,WH2M,expansionary,mp_neg_x_wh2m,cW,1.0,4,0.0778504381413783,-0.0703175364008755,0.2260184126836321,0.0135086976937041,0.0005413142980802,0.010802468763416138,-0.06704796937796217,True,True
lp_wealth,wealth,WH2M,expansionary,mp_neg_x_wh2m,cW,1.0,5,0.1656949757675521,-0.0234217736115258,0.3548117251466302,0.0135086976937041,0.0006026749216076,0.012026981438047668,-0.15366799432950443,True,True
lp_wealth,wealth,WH2M,expansionary,mp_neg_x_wh2m,cW,1.0,6,0.1785247426861219,-0.0603025460515107,0.4173520314237547,0.0135086976937041,0.0006624365563092,0.013219584689807837,-0.16530515799631407,True,True
lp_wealth,wealth,WH2M,expansionary,mp_neg_x_wh2m,cW,1.0,7,0.2263938168469082,-0.0519940709521668,0.5047817046459835,0.0135086976937041,0.0007180944952814,0.014330294584809049,-0.21206352226209915,True,True
lp_wealth,wealth,WH2M,expansionary,mp_neg_x_wh2m,cW,1.0,8,0.3265765201008587,-0.0893914222795141,0.7425444624812316,0.0135086976937041,0.0007709008998002,0.015384099254934605,-0.3111924208459241,True,True
lp_wealth,wealth,WH2M,expansionary,mp_neg_x_wh2m,cW,1.0,9,0.2264993654462395,-0.1226826176624937,0.5756813485549728,0.0135086976937041,0.0008206140973736,0.01637617588365248,-0.21012318956258702,True,True
lp_wealth,wealth,WH2M,expansionary,mp_neg_x_wh2m,cW,1.0,10,0.1463023238585578,-0.1312114362972251,0.4238160840143408,0.0135086976937041,0.000867566254141,0.017313153178827697,-0.1289891706797301,True,True
lp_wealth,wealth,WH2M,expansionary,mp_neg_x_wh2m,cW,1.0,11,0.0875574307695955,-0.1560492486365596,0.3311641101757507,0.0135086976937041,0.0009118502763197,0.01819688517704098,-0.06936054559255453,True,True
lp_wealth,wealth,WH2M,expansionary,mp_neg_x_wh2m,cW,1.0,12,0.097131081581973,-0.1316369491795285,0.3258991123434746,0.0135086976937041,0.0009536406212037,0.019030853348254724,-0.07810022823371829,True,True
lp_wealth,wealth,WH2M,expansionary,mp_neg_x_wh2m,cW,1.0,13,0.0933503004000987,-0.1353910678203775,0.322091668620575,0.0135086976937041,0.0009930677261755,0.019817660701026137,-0.07353263969907256,True,True
lp_wealth,wealth,WH2M,expansionary,mp_neg_x_wh2m,cW,1.0,14,0.1088409764845205,-0.1323377349783531,0.3500196879473943,0.0135086976937041,0.0010302681064543,0.02056003153322869,-0.08828094495129181,True,True
lp_wealth,wealth,WH2M,expansionary,mp_neg_x_wh2m,cW,1.0,15,0.1020805458752452,-0.1519637410519316,0.3561248328024221,0.0135086976937041,0.0010653652667184,0.021260430504366486,-0.08082011537087871,True,True
lp_wealth,wealth,WH2M,expansionary,mp_neg_x_wh2m,cW,1.0,16,0.1320583406196498,-0.1221748477772995,0.3862915290165991,0.0135086976937041,0.0010984778106594,0.02192122446984733,-0.11013711614980247,True,True
lp_wealth,wealth,WH2M,expansionary,mp_neg_x_wh2m,cW,1.0,17,0.140489634940358,-0.1055476415401016,0.3865269114208177,0.0135086976937041,0.0011297168109193,0.022544629995444446,-0.11794500494491354,True,True
lp_wealth,wealth,WH2M,expansionary,mp_neg_x_wh2m,cW,1.0,18,0.1433180064764757,-0.1121555249916921,0.3987915379446436,0.0135086976937041,0.0011591873746064,0.023132744598733563,-0.12018526187774213,True,True
lp_wealth,wealth,WH2M,expansionary,mp_neg_x_wh2m,cW,1.0,19,0.1945754377899057,-0.0618009710677143,0.4509518466475258,0.0135086976937041,0.0011869885272339,0.02368754443297152,-0.17088789335693416,True,True
lp_wealth,wealth,WH2M,expansionary,mp_neg_x_wh2m,cW,1.0,20,0.1980076976973797,-0.0541209873357687,0.4501363827305281,0.0135086976937041,0.0012132137301599,0.024210894613129506,-0.1737968030842502,True,True
lp_wealth,wealth,WH2M,expansionary,mp_neg_x_wh2m,cW,1.0,21,0.1357591666459245,-0.1079171183566087,0.3794354516484577,0.0135086976937041,0.0012379511217999,0.024704554029529955,-0.11105461261639454,True,True
lp_wealth,wealth,WH2M,expansionary,mp_neg_x_wh2m,cW,1.0,22,0.1547406561465384,-0.1019604238018122,0.411441736094889,0.0135086976937041,0.0012612838421496,0.02517018182402397,-0.12957047432251442,True,True
lp_wealth,wealth,WH2M,expansionary,mp_neg_x_wh2m,cW,1.0,23,0.1246495596359166,-0.1390815909753987,0.3883807102472321,0.0135086976937041,0.0012832903004235,0.025609342730987493,-0.09904021690492912,True,True
lp_wealth,wealth,WH2M,expansionary,mp_neg_x_wh2m,cW,1.0,24,0.0937361319453684,-0.1542606241361144,0.3417328880268513,0.0135086976937041,0.0013040444421928,0.02602351240832559,-0.0677126195370428,True,True
lp_wealth,wealth,WH2M,expansionary,mp_neg_x_wh2m,cW,1.0,25,0.0901165383200574,-0.1552907757577917,0.3355238523979068,0.0135086976937041,0.0013236159948816,0.02641408233659486,-0.06370245598346252,True,True
lp_wealth,wealth,WH2M,expansionary,mp_neg_x_wh2m,cW,1.0,26,0.1534196157102364,-0.0696708296558335,0.3765100610763063,0.0135086976937041,0.001342070700807,0.026782364469551987,-0.12663725124068442,True,True
lp_wealth,wealth,WH2M,expansionary,mp_neg_x_wh2m,cW,1.0,27,0.1483175525788575,-0.0851515978748381,0.3817867030325531,0.0135086976937041,0.0013594705347673,0.027129595576344073,-0.12118795700251343,True,True
lp_wealth,wealth,WH2M,expansionary,mp_neg_x_wh2m,cW,1.0,28,0.1517491002867893,-0.051098536834323,0.3545967374079017,0.0135086976937041,0.0013758739076377,0.027456941304464688,-0.12429215898232462,True,True
lp_wealth,wealth,WH2M,expansionary,mp_neg_x_wh2m,cW,1.0,29,0.2425103669321699,0.058104591138337,0.4269161427260029,0.0135086976937041,0.0013913358551938,0.027765499947915856,-0.21474486698425405,False,True
lp_wealth,wealth,WH2M,expansionary,mp_neg_x_wh2m,cW,1.0,30,0.3501453931405028,0.1008920532601609,0.5993987330208447,0.0135086976937041,0.0014059082115637,0.028056305908618358,-0.32208908723188445,False,True
lp_wealth,wealth,WH2M,expansionary,mp_neg_x_wh2m,cW,1.0,31,0.1263050978702209,-0.0294969952656828,0.2821071910061248,0.0135086976937041,0.0014196397656149,0.028330332817268888,-0.09797476505295201,True,True
lp_wealth,wealth,WH2M,expansionary,mp_neg_x_wh2m,cW,1.0,32,0.2511515496098757,0.0188054985579292,0.4834976006618222,0.0135086976937041,0.0014325763975389,0.0285884962590225,-0.2225630533508532,True,True
lp_wealth,wealth,WH2M,expansionary,mp_neg_x_wh2m,cW,1.0,33,0.5802097682070637,0.0580111938176098,1.1024083425965177,0.0135086976937041,0.0014447611912306,0.02883165601613602,-0.5513781121909277,False,True
lp_wealth,wealth,WH2M,expansionary,mp_neg_x_wh2m,cW,1.0,34,0.0194153237153159,-0.2078534949974639,0.2466841424280957,0.0135086976937041,0.0014562345159449,0.029060617697507292,0.009645293982191393,True,True
lp_wealth,wealth,WH2M,expansionary,mp_neg_x_wh2m,cW,1.0,35,0.004296221096959,-0.2762333331977437,0.2848257753916618,0.0135086976937041,0.0014670340682031,0.02927613357495933,0.02497991247800033,True,True
lp_wealth,wealth,WH2M,expansionary,mp_neg_x_wh2m,cW,1.0,36,-0.1204322914538609,-0.4257277192781575,0.1848631363704356,0.0135086976937041,0.0014771948628244,0.029478902404264883,0.1499111938581258,True,False
lp_wealth,wealth,WH2M,expansionary,mp_neg_x_wh2m,cW,1.0,37,-0.0662327443969799,-0.3231303896675671,0.1906649008736071,0.0135086976937041,0.001486749162558,0.0296695680208846,0.09590231241786451,True,False
lp_wealth,wealth,WH2M,expansionary,mp_neg_x_wh2m,cW,1.0,38,0.1492669968181413,-0.2392909808703693,0.537824974506652,0.0135086976937041,0.0014957263451519,0.0298487166871918,-0.11941828013094949,True,True
lp_wealth,wealth,WH2M,expansionary,mp_neg_x_wh2m,cW,1.0,39,0.4188826251361525,-0.1959742759802714,1.0337395262525764,0.0135086976937041,0.0015041527395162,0.030016873822947134,-0.38886575131320533,True,True
lp_wealth,wealth,WH2M,expansionary,mp_neg_x_wh2m,cW,1.0,40,-0.1453231686813251,-0.6178497888381709,0.3272034514755206,0.0135086976937041,0.0015120515532233,0.03017450255849247,0.17549767123981758,True,False
lp_wealth,wealth,WH2M,expansionary,mp_neg_x_wh2m,cW,1.0,41,-0.2174491716898878,-0.7342565990843813,0.2993582557046057,0.0135086976937041,0.001519443240016,0.03032201106874295,0.24777118275863075,True,False
lp_wealth,wealth,WH2M,expansionary,mp_neg_x_wh2m,cW,1.0,42,-0.2725985432034699,-0.7674114421727413,0.2222143557658014,0.0135086976937041,0.0015263471928319,0.030459786359183942,0.3030583295626538,True,False
lp_wealth,wealth,WH2M,expansionary,mp_neg_x_wh2m,cW,1.0,43,-0.3856246064124483,-0.7879916243036397,0.016742411478743,0.0135086976937041,0.0015327868796246,0.030588296756324827,0.41621290316877313,False,False
lp_wealth,wealth,WH2M,expansionary,mp_neg_x_wh2m,cW,1.0,44,-0.4246862745610417,-0.8124229730914542,-0.0369495760306292,0.0135086976937041,0.0015388032753965,0.030708359957361257,0.45539463451840295,False,False
lp_wealth,wealth,WH2M,expansionary,mp_neg_x_wh2m,cW,1.0,45,-0.4758609170596865,-0.8031935382549208,-0.1485282958644523,0.0135086976937041,0.0015444868065662,0.030821780512008217,0.5066826975716947,False,False
lp_wealth,wealth,WH2M,expansionary,mp_neg_x_wh2m,cW,1.0,46,-0.5252933882066096,-0.9001626053023951,-0.1504241711108241,0.0135086976937041,0.0015500365234586,0.030932530668781412,0.5562259188753911,False,False
lp_wealth,wealth,WH2M,expansionary,mp_neg_x_wh2m,cW,1.0,47,-0.4470074431151954,-0.9235727779022308,0.02955789167184,0.0135086976937041,0.001555605892227,0.03104367299841497,0.4780511161136104,False,False
