uf_code,year,month,ref_month_yyyymm,share_PH2M,share_WH2M,share_Ricardian,share_H2M,total_weight,n_obs,n_unmatched
11,2012,1,201201,0.234480484606735,0.267704819356862,0.497814696036402,0.502185303963598,1218952.95607891,2434,1069
12,2012,1,201201,0.225031315797957,0.300690559860505,0.474278124341539,0.525721875658461,463438.556978443,2132,967
13,2012,1,201201,0.233874921825807,0.274412533219835,0.491712544954358,0.508287455045642,2504128.52411361,3544,1595
14,2012,1,201201,0.243029736458858,0.287335987154456,0.469634276386686,0.530365723613314,323194.162830109,1230,578
15,2012,1,201201,0.244262404997583,0.300545172929541,0.455192422072877,0.544807577927124,5727703.12187032,4586,2060
16,2012,1,201201,0.218771907663465,0.313756684978651,0.467471407357884,0.532528592642116,441384.344213403,929,365
17,2012,1,201201,0.229360095495944,0.304570953951093,0.466068950552963,0.533931049447037,979824.158095168,2015,811
21,2012,1,201201,0.243245872198119,0.270921114887156,0.485833012914725,0.514166987085275,4441494.79939875,8039,3672
22,2012,1,201201,0.251267045563364,0.272750038937735,0.475982915498901,0.524017084501099,2388479.27007533,3356,1380
23,2012,1,201201,0.235146144893968,0.28024921192954,0.484604643176492,0.515395356823508,6830069.62885275,7291,2998
24,2012,1,201201,0.218711210993995,0.260100928211544,0.521187860794461,0.478812139205539,2526099.23020284,2965,1237
25,2012,1,201201,0.257343777096312,0.253845146088574,0.488811076815114,0.511188923184886,3036685.75109005,3786,1565
26,2012,1,201201,0.229627309095984,0.252780808562646,0.51759188234137,0.48240811765863,6512373.40013038,5251,2130
27,2012,1,201201,0.234769330853197,0.254938388669488,0.510292280477314,0.489707719522686,2371110.20670652,5107,2401
28,2012,1,201201,0.230459896950722,0.27247668424861,0.497063418800668,0.502936581199332,1683912.82224495,2880,1129
29,2012,1,201201,0.241412131555566,0.270525738845363,0.488062129599071,0.511937870400929,10653115.5229308,6966,2701
31,2012,1,201201,0.186851503837261,0.277961929882597,0.535186566280142,0.464813433719858,15658703.8368572,10098,3938
32,2012,1,201201,0.206607530319433,0.282224965846069,0.511167503834498,0.488832496165502,2909169.42903457,5137,1802
33,2012,1,201201,0.189040851040877,0.265474149046389,0.545484999912734,0.454515000087266,12422616.5479588,8839,3315
35,2012,1,201201,0.195056140552245,0.253923510703501,0.551020348744254,0.448979651255746,32789563.2660162,10558,3806
41,2012,1,201201,0.189605139457331,0.281571985438931,0.528822875103738,0.471177124896262,8370233.2869768,6742,3269
42,2012,1,201201,0.180286640035064,0.287124678745705,0.532588681219231,0.467411318780769,5068794.90034211,8009,3791
43,2012,1,201201,0.203258041152027,0.282062776300442,0.514679182547531,0.485320817452469,8730983.47174142,7455,3457
50,2012,1,201201,0.212938105394975,0.255981084817352,0.531080809787673,0.468919190212327,1862514.17615682,2852,1086
51,2012,1,201201,0.216390475217801,0.249434071116005,0.534175453666194,0.465824546333806,2428012.56664641,3322,1298
52,2012,1,201201,0.217939702865428,0.258128271503185,0.523932025631387,0.476067974368613,4846761.55569362,4559,1703
53,2012,1,201201,0.20466013969661,0.214829461019625,0.580510399283765,0.419489600716235,2175724.703511,2341,921
11,2012,2,201202,0.240972977937305,0.286409030731384,0.472617991331311,0.527382008668689,1084086.87227658,2054,874
12,2012,2,201202,0.253183176842777,0.270683139370314,0.476133683786909,0.523866316213091,522553.739098664,2413,1136
13,2012,2,201202,0.22977832779705,0.315357642730675,0.454864029472275,0.545135970527725,2365255.96082151,3337,1520
14,2012,2,201202,0.241422803914945,0.307590329665759,0.450986866419296,0.549013133580704,319470.561900597,1296,541
15,2012,2,201202,0.233796177170352,0.321989561163164,0.444214261666484,0.555785738333516,5498011.75866287,4718,1992
16,2012,2,201202,0.239508233722841,0.300422496015622,0.460069270261537,0.539930729738463,448586.798471625,1209,462
17,2012,2,201202,0.230068546248398,0.2925260363214,0.477405417430203,0.522594582569798,981470.484421538,1750,719
21,2012,2,201202,0.249778315632027,0.275294205135999,0.474927479231974,0.525072520768026,4487933.23079347,7753,3466
22,2012,2,201202,0.255861783744311,0.280275911881009,0.46386230437468,0.53613769562532,2373225.86767566,3178,1292
23,2012,2,201202,0.231681932830313,0.272507735765617,0.49581033140407,0.50418966859593,6032516.09462072,6461,2695
24,2012,2,201202,0.220726234387894,0.254092736102947,0.525181029509159,0.474818970490841,2593782.15250783,2731,1141
25,2012,2,201202,0.229942411049461,0.253958116616098,0.51609947233444,0.48390052766556,2989413.80284966,3461,1383
26,2012,2,201202,0.225217468771314,0.248492325621884,0.526290205606803,0.473709794393197,6707751.91592872,5252,2298
27,2012,2,201202,0.231069787402734,0.249474774328178,0.519455438269088,0.480544561730912,2299833.84471034,5025,2378
28,2012,2,201202,0.242261707881468,0.253770315918794,0.503967976199738,0.496032023800262,1607410.32921463,2613,1006
29,2012,2,201202,0.237092266112656,0.267597210362872,0.495310523524472,0.504689476475528,10593525.8677116,6680,2466
31,2012,2,201202,0.192990689096703,0.275701861881058,0.531307449022239,0.468692550977761,15245894.9444155,9719,3467
32,2012,2,201202,0.203283574870334,0.266630501933241,0.530085923196426,0.469914076803575,2821130.00374499,4632,1738
33,2012,2,201202,0.187645320045047,0.265374407891456,0.546980272063497,0.453019727936503,13011385.1720055,9303,3474
35,2012,2,201202,0.191924695440007,0.271856143514147,0.536219161045847,0.463780838954153,34251043.2819314,10572,3701
41,2012,2,201202,0.182812357731984,0.306399977998108,0.510787664269908,0.489212335730092,8389085.15779554,6957,3274
42,2012,2,201202,0.184765037113681,0.301267453962369,0.513967508923949,0.486032491076051,5043486.96226512,7945,3637
43,2012,2,201202,0.18744862495476,0.286936434213244,0.525614940831995,0.474385059168005,8816033.23800428,7552,3513
50,2012,2,201202,0.211721836620277,0.240685914182427,0.547592249197296,0.452407750802704,1781725.0060802,2666,1031
51,2012,2,201202,0.209752740883718,0.254628599007473,0.535618660108809,0.464381339891191,2401574.76279628,3287,1314
52,2012,2,201202,0.210290031919587,0.24159576029808,0.548114207782333,0.451885792217667,4414069.38619211,3829,1480
53,2012,2,201202,0.197356049317647,0.219880352424051,0.582763598258302,0.417236401741698,2070902.41294266,2268,931
11,2012,3,201203,0.261293392412255,0.279079571047608,0.459627036540137,0.540372963459863,1177035.38825583,2357,975
12,2012,3,201203,0.247353227853911,0.253213977786676,0.499432794359413,0.500567205640587,515655.042165735,2267,1052
13,2012,3,201203,0.239029544297583,0.288709902570648,0.47226055313177,0.52773944686823,2319439.77665556,3580,1577
14,2012,3,201203,0.241238724932866,0.302865215558605,0.455896059508529,0.544103940491472,260071.125581792,1084,488
15,2012,3,201203,0.252094880464151,0.306806039410127,0.441099080125722,0.558900919874278,5558511.05874679,4633,1950
16,2012,3,201203,0.249231363710651,0.28807312456857,0.462695511720779,0.537304488279221,487302.643329893,1086,452
17,2012,3,201203,0.220562839573581,0.301270722940185,0.478166437486234,0.521833562513766,969967.422811832,1825,760
21,2012,3,201203,0.239380724312258,0.271924822887066,0.488694452800676,0.511305547199324,4786669.33577516,8369,3817
22,2012,3,201203,0.242352989879662,0.279857027234661,0.477789982885677,0.522210017114323,2405844.97867257,3355,1418
23,2012,3,201203,0.249844173737745,0.258552898284637,0.491602927977618,0.508397072022383,6261865.4190925,6863,2978
24,2012,3,201203,0.23711850555994,0.242440330843471,0.520441163596589,0.479558836403411,2362090.52056521,2954,1209
25,2012,3,201203,0.245757730333319,0.275288026232438,0.478954243434243,0.521045756565758,2766915.28806483,3216,1305
26,2012,3,201203,0.228356055793372,0.270952656197714,0.500691288008914,0.499308711991086,6651492.19429302,5013,2189
27,2012,3,201203,0.225731961018576,0.254978227570044,0.51928981141138,0.48071018858862,2158823.99967584,4707,2283
28,2012,3,201203,0.235112535144155,0.266070520675721,0.498816944180124,0.501183055819876,1536129.73197402,2750,1106
29,2012,3,201203,0.232350871734576,0.272487059993556,0.495162068271868,0.504837931728132,10785202.2583225,6884,2490
31,2012,3,201203,0.199084104679891,0.28940266171143,0.511513233608679,0.488486766391321,15267840.4828965,10175,3666
32,2012,3,201203,0.189232879678307,0.273443775135674,0.537323345186018,0.462676654813982,2792230.66916798,4805,1812
33,2012,3,201203,0.195029512827274,0.253836403782166,0.55113408339056,0.44886591660944,13027759.922801,9248,3260
35,2012,3,201203,0.198852326249116,0.252659494877328,0.548488178873556,0.451511821126444,34445956.4075716,10765,3741
41,2012,3,201203,0.19073295276966,0.293477333606055,0.515789713624286,0.484210286375715,8047380.43278563,7346,3501
42,2012,3,201203,0.188914635485119,0.293490394775595,0.517594969739286,0.482405030260715,5199722.29192951,8070,3747
43,2012,3,201203,0.191333049340751,0.277952001422448,0.530714949236801,0.469285050763199,8504348.23622237,7722,3563
50,2012,3,201203,0.219126516684869,0.225922752914667,0.554950730400464,0.445049269599536,1804739.70458868,2923,1094
51,2012,3,201203,0.197188699336277,0.244948046397019,0.557863254266704,0.442136745733296,2229448.56008613,3178,1285
52,2012,3,201203,0.212234150085418,0.254130600994578,0.533635248920004,0.466364751079996,4714792.92356186,4191,1516
53,2012,3,201203,0.197332850909717,0.224827896374904,0.577839252715379,0.422160747284621,1997731.85582209,2149,901
11,2012,4,201204,0.230761632795644,0.291131379618473,0.478106987585883,0.521893012414117,1206905.73268173,2574,1089
12,2012,4,201204,0.244498411998076,0.277738069931111,0.477763518070813,0.522236481929187,483500.915496866,2346,1041
13,2012,4,201204,0.24057508331192,0.284075791185428,0.475349125502651,0.524650874497349,2456656.86660635,3666,1666
14,2012,4,201204,0.226897041280731,0.309949733128545,0.463153225590723,0.536846774409277,308168.307986283,1282,577
15,2012,4,201204,0.254095421850442,0.294084066256247,0.45182051189331,0.54817948810669,5616623.53610514,4731,2073
16,2012,4,201204,0.222712519854868,0.302519793847966,0.474767686297166,0.525232313702834,483220.447191994,1061,435
17,2012,4,201204,0.226653371639908,0.304474155506004,0.468872472854088,0.531127527145912,990269.970450244,2063,832
21,2012,4,201204,0.231140067155152,0.266230189622774,0.502629743222074,0.497370256777926,4536178.73167932,8313,3795
22,2012,4,201204,0.253456844228698,0.280193079826356,0.466350075944946,0.533649924055054,2421578.94167647,3502,1390
23,2012,4,201204,0.222299588005842,0.266013299855378,0.51168711213878,0.48831288786122,6650133.25704367,7450,3097
24,2012,4,201204,0.229958184598241,0.260593579596175,0.509448235805585,0.490551764194415,2557325.54247495,3298,1308
25,2012,4,201204,0.23837089367794,0.282871044380557,0.478758061941502,0.521241938058498,2950733.29536672,3884,1571
26,2012,4,201204,0.235827233769063,0.254265860808334,0.509906905422603,0.490093094577397,6805397.26227941,5397,2357
27,2012,4,201204,0.228065181139544,0.251486786864443,0.520448031996013,0.479551968003988,2320250.31832052,5472,2613
28,2012,4,201204,0.233850895305809,0.281273875935804,0.484875228758388,0.515124771241612,1617124.555143,2974,1150
29,2012,4,201204,0.237149914307598,0.267395132018431,0.495454953673971,0.50454504632603,10505284.768269,7187,2705
31,2012,4,201204,0.193412627064232,0.283277295648579,0.523310077287189,0.476689922712811,15687713.5154061,10607,3950
32,2012,4,201204,0.208063352223127,0.28279297817623,0.509143669600643,0.490856330399358,2828862.97011681,5398,1987
33,2012,4,201204,0.184779558270824,0.253904490477404,0.561315951251772,0.438684048748228,12577526.7145068,9817,3694
35,2012,4,201204,0.194554000578131,0.255445775420721,0.550000224001148,0.449999775998852,33433675.212835,11595,3999
41,2012,4,201204,0.185013189759109,0.280120835666723,0.534865974574169,0.465134025425832,8346393.65336978,7322,3394
42,2012,4,201204,0.19306613966155,0.295603153381501,0.511330706956949,0.488669293043051,5045547.00347693,8297,3820
43,2012,4,201204,0.191422590004777,0.289873234813865,0.518704175181358,0.481295824818642,8895067.99542138,8184,3718
50,2012,4,201204,0.204870721175325,0.248906506024804,0.546222772799871,0.453777227200129,1946987.82991923,3096,1135
51,2012,4,201204,0.218760199695094,0.247651418426871,0.533588381878035,0.466411618121965,2399264.68679829,3558,1430
52,2012,4,201204,0.222403749314254,0.241278259343161,0.536317991342586,0.463682008657414,4850059.75534644,4663,1747
53,2012,4,201204,0.220770440151668,0.205674180659489,0.573555379188843,0.426444620811157,2060539.76396047,2298,973
11,2012,5,201205,0.253997530571433,0.278068591236715,0.467933878191853,0.532066121808148,1145970.37328568,2384,998
12,2012,5,201205,0.264895787901183,0.267355341594285,0.467748870504533,0.532251129495467,491787.605334621,2461,1133
13,2012,5,201205,0.232072851032302,0.291151304446862,0.476775844520836,0.523224155479164,2343379.608158,3557,1688
14,2012,5,201205,0.24900359465527,0.297330432025063,0.453665973319667,0.546334026680333,305502.954418568,1369,627
15,2012,5,201205,0.232951517990464,0.311933602097422,0.455114879912114,0.544885120087886,5393557.06679052,4879,2041
16,2012,5,201205,0.257863375821905,0.274606769671271,0.467529854506825,0.532470145493176,434822.000457186,1184,457
17,2012,5,201205,0.218870035855849,0.301246858304636,0.479883105839516,0.520116894160484,1001610.2282357,1827,753
21,2012,5,201205,0.25180603779899,0.264600570306049,0.483593391894962,0.516406608105038,4503502.37072763,7984,3636
22,2012,5,201205,0.24120692445846,0.284016144418545,0.474776931122995,0.525223068877005,2405468.26717355,3351,1355
23,2012,5,201205,0.242230572394404,0.262523041651685,0.49524638595391,0.50475361404609,6324492.22462496,7330,3128
24,2012,5,201205,0.216493521168981,0.264764645725726,0.518741833105293,0.481258166894707,2526248.11054579,2981,1198
25,2012,5,201205,0.239987485199802,0.263978363716606,0.496034151083593,0.503965848916407,2986235.59313669,3811,1504
26,2012,5,201205,0.225440286256036,0.260135346414427,0.514424367329536,0.485575632670464,6744283.99584046,5222,2377
27,2012,5,201205,0.226349027360947,0.257281976290732,0.516368996348321,0.483631003651679,2279453.88731754,5173,2555
28,2012,5,201205,0.23066124242439,0.262804300424943,0.506534457150667,0.493465542849333,1555995.53019802,2809,1095
29,2012,5,201205,0.244798940697796,0.268255001609203,0.486946057693001,0.513053942306999,10715579.3999249,7032,2581
31,2012,5,201205,0.195094246153766,0.285638011459742,0.519267742386493,0.480732257613507,15421339.2518993,10621,3711
32,2012,5,201205,0.199919493894317,0.27183559344036,0.528244912665324,0.471755087334676,2830939.56278352,4985,1849
33,2012,5,201205,0.197603115844515,0.26312730415569,0.539269579999795,0.460730420000205,13018972.7714323,10028,3691
35,2012,5,201205,0.18761453704546,0.266533035020342,0.545852427934198,0.454147572065802,34099873.9799026,11654,4077
41,2012,5,201205,0.184129354115067,0.291420354198516,0.524450291686417,0.475549708313583,8414388.51540135,7551,3549
42,2012,5,201205,0.18603649079502,0.308160931672387,0.505802577532593,0.494197422467407,5109116.71274078,8930,4038
43,2012,5,201205,0.185367622194017,0.281522353943775,0.533110023862208,0.466889976137792,8687589.17219243,7927,3719
50,2012,5,201205,0.214433970482957,0.254664759952895,0.530901269564148,0.469098730435852,1779599.0468908,2827,1030
51,2012,5,201205,0.217422317696922,0.238233858560997,0.544343823742081,0.455656176257919,2381360.320442,3535,1336
52,2012,5,201205,0.222703216775478,0.237004699652104,0.540292083572418,0.459707916427582,4695362.20326681,4209,1598
53,2012,5,201205,0.214017723012741,0.208059070295591,0.577923206691668,0.422076793308332,2122922.60901818,2529,1047
11,2012,6,201206,0.257204609138643,0.28328917399109,0.459506216870266,0.540493783129734,1168414.92503431,2509,1081
12,2012,6,201206,0.248853117079728,0.272314092415162,0.478832790505111,0.52116720949489,524815.391374291,2372,1079
13,2012,6,201206,0.245248533633617,0.290745682186676,0.464005784179707,0.535994215820293,2333609.65153989,3923,1823
14,2012,6,201206,0.235078941661678,0.299311214782498,0.465609843555824,0.534390156444176,297953.417440777,1333,582
15,2012,6,201206,0.244162801989115,0.318657749039468,0.437179448971417,0.562820551028583,5479421.6091326,4559,1955
16,2012,6,201206,0.22606625332293,0.265156608121676,0.508777138555395,0.491222861444606,469289.022553574,1057,433
17,2012,6,201206,0.233593559882263,0.290794837945121,0.475611602172616,0.524388397827384,965632.053416384,1822,755
21,2012,6,201206,0.243823116598035,0.271878684768084,0.484298198633881,0.515701801366119,4729992.49491202,8287,3739
22,2012,6,201206,0.250192410268868,0.282120712502466,0.467686877228666,0.532313122771334,2380956.30734366,3445,1430
23,2012,6,201206,0.243855876503651,0.249107152180549,0.507036971315801,0.492963028684199,6427721.93774537,7193,3194
24,2012,6,201206,0.219396931701904,0.265562761515493,0.515040306782603,0.484959693217397,2375010.28592673,3113,1237
25,2012,6,201206,0.240297128175736,0.274872086812682,0.484830785011582,0.515169214988418,2786120.69091916,3328,1394
26,2012,6,201206,0.212448554151698,0.272313306655416,0.515238139192887,0.484761860807114,6729076.84686809,5283,2274
27,2012,6,201206,0.22998491110933,0.256487381870569,0.513527707020101,0.486472292979899,2210611.83419384,4974,2404
28,2012,6,201206,0.232667301530197,0.274677628958819,0.492655069510984,0.507344930489017,1554325.62168039,2833,1118
29,2012,6,201206,0.238522995609873,0.262392046998941,0.499084957391187,0.500915042608814,10755537.3504396,7027,2607
31,2012,6,201206,0.194227710401845,0.289621621068723,0.516150668529433,0.483849331470567,15686321.5868318,10803,3770
32,2012,6,201206,0.191388324503953,0.276555441601591,0.532056233894457,0.467943766105544,2808909.10697762,5020,1858
33,2012,6,201206,0.197106916706622,0.255761162391773,0.547131920901606,0.452868079098394,13387106.9510557,10431,3851
35,2012,6,201206,0.198553951248326,0.253846895292101,0.547599153459573,0.452400846540427,34230155.9723092,11304,3981
41,2012,6,201206,0.197952870579368,0.293637118089833,0.508410011330799,0.491589988669201,8310709.78001058,7658,3602
42,2012,6,201206,0.191264748517852,0.290504707217258,0.518230544264891,0.481769455735109,5157943.02977187,8748,4020
43,2012,6,201206,0.195698739339778,0.265579561766721,0.538721698893501,0.461278301106499,8220264.28942546,7667,3563
50,2012,6,201206,0.214607924367744,0.23281628200729,0.552575793624966,0.447424206375034,1808331.15474398,3022,1130
51,2012,6,201206,0.200017382450747,0.255264727612159,0.544717889937094,0.455282110062906,2316067.97173254,3351,1358
52,2012,6,201206,0.213759004620255,0.251393786054645,0.5348472093251,0.4651527906749,4647097.54912674,4341,1624
53,2012,6,201206,0.200243322407792,0.223234994838501,0.576521682753707,0.423478317246293,2116889.68185033,2554,1056
11,2012,7,201207,0.239985961675615,0.285019253951924,0.474994784372461,0.52500521562754,1188537.27462112,2486,1088
12,2012,7,201207,0.229219757506349,0.28496913097892,0.485811111514731,0.514188888485269,514602.483695596,2261,1039
13,2012,7,201207,0.241321337335562,0.276159129361348,0.48251953330309,0.51748046669691,2502493.83589715,3826,1775
14,2012,7,201207,0.228857426906765,0.294360276069217,0.476782297024019,0.523217702975982,297017.702796791,1250,527
15,2012,7,201207,0.248047188118843,0.303177362180124,0.448775449701032,0.551224550298968,5664329.6801739,4772,2064
16,2012,7,201207,0.233000902356252,0.288358618276522,0.478640479367225,0.521359520632775,494300.949261358,1016,393
17,2012,7,201207,0.231445300198875,0.289876737139488,0.478677962661636,0.521322037338364,1040915.19190672,2146,910
21,2012,7,201207,0.242019122988867,0.270636359877657,0.487344517133477,0.512655482866523,4595923.4406841,8516,3824
22,2012,7,201207,0.236882383496325,0.297555092419512,0.465562524084163,0.534437475915837,2439535.17159149,3586,1451
23,2012,7,201207,0.21933120737343,0.266490615076764,0.514178177549807,0.485821822450193,6553486.45709757,7264,3090
24,2012,7,201207,0.221832273066702,0.259048800614113,0.519118926319185,0.480881073680815,2593599.68423062,3428,1368
25,2012,7,201207,0.245076151341946,0.266481258434144,0.48844259022391,0.51155740977609,2876894.47941457,3823,1570
26,2012,7,201207,0.225156809327707,0.259799975618593,0.5150432150537,0.4849567849463,6794084.95256489,5503,2320
27,2012,7,201207,0.219413721816822,0.250496033579001,0.530090244604177,0.469909755395824,2335052.42400849,5333,2613
28,2012,7,201207,0.236151648892977,0.270803788170932,0.493044562936091,0.506955437063909,1600539.1353185,2943,1101
29,2012,7,201207,0.233870385051488,0.276252494364156,0.489877120584356,0.510122879415644,10265631.7364899,6764,2561
31,2012,7,201207,0.195573882470716,0.29111422707975,0.513311890449535,0.486688109550465,15731665.7244212,10812,3903
32,2012,7,201207,0.186648666047262,0.284741665935044,0.528609668017694,0.471390331982306,2847245.52533701,5264,1857
33,2012,7,201207,0.189289906331198,0.254600007968038,0.556110085700765,0.443889914299235,12828102.7522121,10296,3934
35,2012,7,201207,0.193550134772183,0.255969868149925,0.550479997077892,0.449520002922108,33775189.4551139,11945,4089
41,2012,7,201207,0.191420159809281,0.288291306195034,0.520288533995684,0.479711466004316,8486501.66852149,7651,3597
42,2012,7,201207,0.189192154251964,0.289409133281413,0.521398712466623,0.478601287533377,5132551.3108961,8475,3913
43,2012,7,201207,0.19649440221263,0.282835418279661,0.520670179507709,0.479329820492291,8691979.52389724,7779,3597
50,2012,7,201207,0.220935393437904,0.239309944476462,0.539754662085633,0.460245337914367,1928780.47966545,3003,1140
51,2012,7,201207,0.204980998113545,0.24240520328573,0.552613798600725,0.447386201399275,2386553.75837232,3481,1399
52,2012,7,201207,0.223717692610593,0.252497184900179,0.523785122489228,0.476214877510772,4864904.4561602,4619,1729
53,2012,7,201207,0.195655025332333,0.200679827073838,0.603665147593829,0.396334852406171,2096703.37155876,2407,985
11,2012,8,201208,0.241481523726063,0.296997977990064,0.461520498283874,0.538479501716127,1164391.20743001,2337,1023
12,2012,8,201208,0.264884814008511,0.267546097449648,0.467569088541842,0.532430911458159,504931.782842048,2481,1167
13,2012,8,201208,0.237238020675894,0.297511210363,0.465250768961106,0.534749231038894,2374072.69923285,3767,1772
14,2012,8,201208,0.24121972133,0.284216324648914,0.474563954021086,0.525436045978914,311532.350075454,1307,578
15,2012,8,201208,0.236667087810244,0.303684321054648,0.459648591135109,0.540351408864891,5276546.06268717,4618,1998
16,2012,8,201208,0.240435928032546,0.299688307176712,0.459875764790742,0.540124235209258,450036.401197492,1093,404
17,2012,8,201208,0.238189895553798,0.304887104849154,0.456922999597047,0.543077000402953,994074.311353581,1794,751
21,2012,8,201208,0.25018155563852,0.276324318307385,0.473494126054096,0.526505873945904,4607062.94208923,8423,3800
22,2012,8,201208,0.241207783954546,0.285906847548029,0.472885368497425,0.527114631502575,2400380.39094768,3378,1391
23,2012,8,201208,0.234813557981029,0.261220236671014,0.503966205347958,0.496033794652042,6469487.82633598,7508,3218
24,2012,8,201208,0.223382906875468,0.261406663883144,0.515210429241388,0.484789570758612,2454272.27953471,2984,1169
25,2012,8,201208,0.23839879051026,0.265239891437496,0.496361318052244,0.503638681947756,2898128.19581668,3842,1517
26,2012,8,201208,0.227748622498951,0.256583376596594,0.515668000904455,0.484331999095545,6719307.3052293,5463,2434
27,2012,8,201208,0.210920269025459,0.267292842668571,0.521786888305971,0.478213111694029,2269683.91382706,5559,2657
28,2012,8,201208,0.223447834752502,0.283068476449126,0.493483688798372,0.506516311201628,1555156.65401276,2810,1080
29,2012,8,201208,0.239492058827652,0.2771455461684,0.483362395003948,0.516637604996052,11042920.1884017,7073,2576
31,2012,8,201208,0.198961087362392,0.283928879773325,0.517110032864283,0.482889967135717,15677231.215472,10852,3850
32,2012,8,201208,0.205701350646088,0.270670750140137,0.523627899213775,0.476372100786225,2850876.32528694,4997,1890
33,2012,8,201208,0.193957709461523,0.258998384956402,0.547043905582075,0.452956094417925,12998338.3909823,10481,3823
35,2012,8,201208,0.192650376179293,0.264847458942925,0.542502164877782,0.457497835122218,34205565.0983993,11562,3960
41,2012,8,201208,0.184878784791878,0.296505965199914,0.518615250008208,0.481384749991792,8215041.87875332,7472,3488
42,2012,8,201208,0.191259245651078,0.292876069565962,0.51586468478296,0.48413531521704,5150415.04771861,8982,4163
43,2012,8,201208,0.193213380906695,0.277251487120428,0.529535131972877,0.470464868027123,8877591.43248024,7986,3748
50,2012,8,201208,0.209971968337023,0.248609210978154,0.541418820684823,0.458581179315177,1795518.90685582,2815,1057
51,2012,8,201208,0.209471723613034,0.237825248964978,0.552703027421987,0.447296972578013,2345981.43116863,3467,1381
52,2012,8,201208,0.213870646563965,0.241592553923639,0.544536799512396,0.455463200487604,4713040.73473226,4341,1743
53,2012,8,201208,0.211567296554123,0.214347746510609,0.574084956935268,0.425915043064732,2071428.42576087,2527,981
11,2012,9,201209,0.260261295673116,0.295168293763106,0.444570410563778,0.555429589436222,1175313.15234022,2392,1036
12,2012,9,201209,0.259078932399394,0.272505428957566,0.46841563864304,0.53158436135696,513018.805106314,2328,1100
13,2012,9,201209,0.231371015991137,0.300664007532529,0.467964976476334,0.532035023523666,2385645.29811216,4025,1881
14,2012,9,201209,0.245595913509757,0.295712175575146,0.458691910915097,0.541308089084903,294247.457762862,1239,504
15,2012,9,201209,0.246622087334773,0.31030351054583,0.443074402119397,0.556925597880603,5455219.21228031,4545,1990
16,2012,9,201209,0.254902447199712,0.285349409104173,0.459748143696116,0.540251856303885,500168.598970519,1070,466
17,2012,9,201209,0.233261624697789,0.309229803930094,0.457508571372117,0.542491428627883,980177.186312328,1838,774
21,2012,9,201209,0.249695835116479,0.25935978235999,0.490944382523531,0.509055617476469,4724920.78026481,8490,3841
22,2012,9,201209,0.247729459505297,0.286284320230959,0.465986220263744,0.534013779736256,2412285.07585823,3425,1428
23,2012,9,201209,0.238426533199112,0.259627919674948,0.50194554712594,0.49805445287406,6455946.10233208,7476,3307
24,2012,9,201209,0.223767107781039,0.267980169149837,0.508252723069124,0.491747276930876,2299000.11471265,3045,1169
25,2012,9,201209,0.237916179845127,0.287146688222498,0.474937131932375,0.525062868067625,2858896.30581742,3429,1423
26,2012,9,201209,0.219697573680133,0.262884659378154,0.517417766941713,0.482582233058287,6737635.19829806,5396,2300
27,2012,9,201209,0.227319206310815,0.256829623593105,0.51585117009608,0.48414882990392,2262991.28302914,5304,2561
28,2012,9,201209,0.249265219761812,0.257112255879007,0.493622524359181,0.50637747564082,1577450.01746063,2908,1147
29,2012,9,201209,0.241751407800508,0.258325511663432,0.49992308053606,0.50007691946394,10700616.3693381,6956,2504
31,2012,9,201209,0.192856818936802,0.280333147053782,0.526810034009417,0.473189965990583,15678581.7134422,11045,3953
32,2012,9,201209,0.197470669298821,0.267677318215877,0.534852012485302,0.465147987514698,2824858.18788232,5023,1852
33,2012,9,201209,0.192275605063215,0.261345235572619,0.546379159364166,0.453620840635834,13587174.9470369,10687,4004
35,2012,9,201209,0.196459645270732,0.264153956800092,0.539386397929176,0.460613602070824,34244525.5235431,11358,3902
41,2012,9,201209,0.202677503079145,0.284674770678298,0.512647726242557,0.487352273757443,8421656.15221228,7849,3660
42,2012,9,201209,0.191293947209684,0.298711676885925,0.509994375904391,0.490005624095609,5109589.93180148,8582,3926
43,2012,9,201209,0.195915370689853,0.265205130855808,0.538879498454339,0.461120501545661,8513533.47701881,7875,3654
50,2012,9,201209,0.219460314216613,0.251928626406102,0.528611059377285,0.471388940622715,1799252.68670872,2979,1132
51,2012,9,201209,0.199496315835225,0.257855626535241,0.542648057629533,0.457351942370467,2306409.10020997,3304,1308
52,2012,9,201209,0.222651969912014,0.252297138500226,0.525050891587761,0.47494910841224,4706144.83074535,4471,1661
53,2012,9,201209,0.192052749126314,0.233575290312566,0.57437196056112,0.42562803943888,2119159.91586204,2570,1068
11,2012,10,201210,0.24741944872963,0.286131911084303,0.466448640186067,0.533551359813933,1186955.93735879,2410,1014
12,2012,10,201210,0.23114921578522,0.27472112027804,0.49412966393674,0.50587033606326,508474.347734979,2393,1114
13,2012,10,201210,0.241629658785773,0.291824633719818,0.46654570749441,0.533454292505591,2451246.40029889,3745,1693
14,2012,10,201210,0.22934375625954,0.288795720217907,0.481860523522554,0.518139476477446,300384.521226558,1146,469
15,2012,10,201210,0.25378817295799,0.300338571136396,0.445873255905614,0.554126744094386,5671120.91273098,4819,2050
16,2012,10,201210,0.233262168525809,0.302899081641179,0.463838749833013,0.536161250166987,484859.722352611,1019,405
17,2012,10,201210,0.244016635594991,0.304027969242941,0.451955395162067,0.548044604837933,1033385.63067404,2106,909
21,2012,10,201210,0.245337137993454,0.265001238950036,0.48966162305651,0.510338376943491,4555123.02783554,8492,3678
22,2012,10,201210,0.234092841024169,0.2888197223519,0.477087436623932,0.522912563376069,2405436.16986496,3544,1429
23,2012,10,201210,0.222667074206774,0.260374607059643,0.516958318733583,0.483041681266417,6575348.30108336,7377,3200
24,2012,10,201210,0.223449281657862,0.270356032263635,0.506194686078503,0.493805313921497,2549066.99700548,3331,1332
25,2012,10,201210,0.23150169994177,0.275202617954704,0.493295682103526,0.506704317896475,2901739.0950488,3813,1607
26,2012,10,201210,0.217391942458309,0.245850707522005,0.536757350019686,0.463242649980314,6771992.45928848,5593,2376
27,2012,10,201210,0.227160657077016,0.259231104462185,0.513608238460799,0.486391761539201,2295692.49886971,5311,2540
28,2012,10,201210,0.236527518694871,0.272996676898934,0.490475804406196,0.509524195593805,1602226.03682796,2910,1051
29,2012,10,201210,0.248929304665795,0.266482650045163,0.484588045289042,0.515411954710958,10592801.0200039,6905,2761
31,2012,10,201210,0.20108661494884,0.295315718212706,0.503597666838454,0.496402333161545,15972552.4436434,10976,4006
32,2012,10,201210,0.194601708704186,0.277235972270957,0.528162319024857,0.471837680975143,2883703.2483596,5442,1938
33,2012,10,201210,0.192269264097099,0.241999861187147,0.565730874715755,0.434269125284245,13139631.0167752,10502,3945
35,2012,10,201210,0.193924110029336,0.256052075445035,0.550023814525629,0.449976185474372,33327826.5792346,11539,3936
41,2012,10,201210,0.19687280756183,0.291438897301873,0.511688295136297,0.488311704863703,8643591.09764571,7533,3488
42,2012,10,201210,0.191226729968549,0.290644102674071,0.51812916735738,0.48187083264262,5241290.16896742,8674,4117
43,2012,10,201210,0.194611516316333,0.280424378421241,0.524964105262426,0.475035894737574,8730737.35013491,7933,3695
50,2012,10,201210,0.20922232502258,0.254977559719707,0.535800115257713,0.464199884742287,1905517.82148619,2993,1090
51,2012,10,201210,0.212206957544079,0.23937510036201,0.548417942093911,0.451582057906089,2416702.64153945,3550,1457
52,2012,10,201210,0.227095936221804,0.24169912035879,0.531204943419407,0.468795056580593,4828051.49720259,4928,1821
53,2012,10,201210,0.208443800467031,0.201259963243306,0.590296236289664,0.409703763710336,2095986.24848301,2343,941
11,2012,11,201211,0.258216523985211,0.298848060185707,0.442935415829082,0.557064584170918,1174748.09888891,2288,962
12,2012,11,201211,0.26509508207184,0.266200723963695,0.468704193964464,0.531295806035536,534028.530181003,2636,1243
13,2012,11,201211,0.239846485271801,0.307646561092015,0.452506953636185,0.547493046363815,2436008.47158096,3674,1676
14,2012,11,201211,0.253035447573876,0.297603122819742,0.449361429606381,0.550638570393619,308131.167521883,1140,482
15,2012,11,201211,0.241972167168611,0.313343587188033,0.444684245643355,0.555315754356645,5272673.00001579,4732,1926
16,2012,11,201211,0.219703785652985,0.294656601118983,0.485639613228032,0.514360386771968,460357.770549134,1147,491
17,2012,11,201211,0.239244217965515,0.304781419752139,0.455974362282347,0.544025637717654,1066947.11926252,1969,819
21,2012,11,201211,0.253226721616967,0.275200548181709,0.471572730201324,0.528427269798676,4623180.9388641,8350,3735
22,2012,11,201211,0.247554469326866,0.275667502636823,0.476778028036311,0.523221971963689,2526128.91593046,3412,1424
23,2012,11,201211,0.23774904960298,0.261540001280842,0.500710949116179,0.499289050883821,6604952.91371016,7559,3205
24,2012,11,201211,0.232614523847109,0.257110372578635,0.510275103574255,0.489724896425745,2465545.39187057,2905,1127
25,2012,11,201211,0.236065422999998,0.272170888914823,0.49176368808518,0.50823631191482,2874649.04973151,3832,1506
26,2012,11,201211,0.239732116837634,0.243654371106484,0.516613512055882,0.483386487944118,6703952.58264837,5393,2415
27,2012,11,201211,0.213638986867896,0.278765167108254,0.50759584602385,0.49240415397615,2325947.40936451,5474,2565
28,2012,11,201211,0.237037433732093,0.261719175626009,0.501243390641898,0.498756609358103,1569363.44579279,2779,1032
29,2012,11,201211,0.237113976859772,0.271407590349504,0.491478432790724,0.508521567209276,10766821.9437342,6855,2613
31,2012,11,201211,0.199965962785819,0.283563654306177,0.516470382908004,0.483529617091996,15599085.0728703,10842,3866
32,2012,11,201211,0.20946993406106,0.255556161688998,0.534973904249942,0.465026095750058,2860701.35402582,5061,1950
33,2012,11,201211,0.189869429409607,0.2603780211354,0.549752549454994,0.450247450545006,12896605.9689976,10240,3758
35,2012,11,201211,0.199418226192002,0.257337484486113,0.543244289321886,0.456755710678114,34702942.2617233,11271,3906
41,2012,11,201211,0.195419129203721,0.292465460160615,0.512115410635664,0.487884589364336,8367411.80544781,7452,3485
42,2012,11,201211,0.184908585073279,0.285058516716068,0.530032898210653,0.469967101789347,5228684.40201238,8920,4145
43,2012,11,201211,0.18990585242382,0.282341940455363,0.527752207120817,0.472247792879183,8819126.80652316,7932,3713
50,2012,11,201211,0.215347657931529,0.262456258439084,0.522196083629387,0.477803916370613,1782273.72073275,2762,1084
51,2012,11,201211,0.195922458537115,0.245238034087722,0.558839507375163,0.441160492624837,2315424.76128863,3350,1322
52,2012,11,201211,0.210888732201394,0.250391293833972,0.538719973964634,0.461280026035366,4797340.3793672,4591,1831
53,2012,11,201211,0.203396134380914,0.208823806974483,0.587780058644603,0.412219941355397,2077091.18974753,2482,999
11,2012,12,201212,0.25779156420249,0.28872570746916,0.45348272832835,0.54651727167165,1167399.91267045,2289,978
12,2012,12,201212,0.249084769072084,0.277968357559368,0.472946873368547,0.527053126631453,525150.666285987,2432,1124
13,2012,12,201212,0.237493793218085,0.289186126828618,0.473320079953297,0.526679920046703,2392989.52206775,3904,1828
14,2012,12,201212,0.226709218813241,0.283475578316676,0.489815202870083,0.510184797129917,298281.93744985,1175,497
15,2012,12,201212,0.228879201038643,0.317835051837259,0.453285747124098,0.546714252875902,5539954.83349643,4551,1970
16,2012,12,201212,0.23720795398416,0.273405048575535,0.489386997440305,0.510613002559695,505901.225002168,1075,465
17,2012,12,201212,0.241302591035568,0.281175668980976,0.477521739983456,0.522478260016544,981599.782926795,1775,717
21,2012,12,201212,0.245517336218322,0.26968770943152,0.484794954350158,0.515205045649842,4786878.18302861,8381,3791
22,2012,12,201212,0.243356815560702,0.270490541472347,0.486152642966951,0.513847357033049,2348618.6926944,3311,1354
23,2012,12,201212,0.241425677687842,0.253965492049321,0.504608830262838,0.495391169737162,6381226.24529128,7286,3194
24,2012,12,201212,0.23365266578353,0.261597563455851,0.504749770760619,0.495250229239381,2344993.39564794,3020,1143
25,2012,12,201212,0.232932584159277,0.278065970087978,0.489001445752745,0.510998554247256,2841199.03895499,3524,1471
26,2012,12,201212,0.229600176227728,0.245217270688667,0.525182553083605,0.474817446916395,6872510.06435297,5416,2319
27,2012,12,201212,0.22660279822169,0.259633654262872,0.513763547515438,0.486236452484562,2263143.62761661,5362,2500
28,2012,12,201212,0.243007743394877,0.254559013086465,0.502433243518658,0.497566756481342,1611696.70476734,2891,1105
29,2012,12,201212,0.238185454857058,0.258822239011381,0.502992306131561,0.497007693868438,10591390.0795065,6697,2452
31,2012,12,201212,0.202489978712984,0.273454240508967,0.52405578077805,0.47594421922195,15824225.5793654,11218,4110
32,2012,12,201212,0.194666005166085,0.272099000515529,0.533234994318386,0.466765005681614,2923893.78355596,5305,1910
33,2012,12,201212,0.193012674749537,0.256032108405042,0.550955216845421,0.449044783154579,13567463.3279317,10597,3997
35,2012,12,201212,0.193365894747667,0.260753723836995,0.545880381415339,0.454119618584661,34384764.0015131,10828,3754
41,2012,12,201212,0.201297193794991,0.284420318815379,0.51428248738963,0.48571751261037,8323270.88537966,7573,3571
42,2012,12,201212,0.190676586449467,0.29679216553663,0.512531248013903,0.487468751986098,5083113.73908644,8235,3784
43,2012,12,201212,0.19706158711262,0.262806349269272,0.540132063618108,0.459867936381892,8615903.09387759,7840,3670
50,2012,12,201212,0.233232774338532,0.240779680870182,0.525987544791286,0.474012455208714,1821620.01899949,2977,1097
51,2012,12,201212,0.217935402817368,0.235887237848689,0.546177359333943,0.453822640666057,2329153.99794229,3206,1288
52,2012,12,201212,0.203492324235346,0.246410979663718,0.550096696100935,0.449903303899065,4787940.11000284,4644,1824
53,2012,12,201212,0.210884796171776,0.210721044098334,0.57839415972989,0.42160584027011,2093982.6662226,2461,987
11,2013,1,201301,0.254140594087226,0.280563463981514,0.46529594193126,0.534704058068741,1232422.14344339,2463,1044
12,2013,1,201301,0.219725149383036,0.286887698122265,0.493387152494699,0.506612847505302,509586.734656903,2418,1126
13,2013,1,201301,0.24285114878463,0.281961888327714,0.475186962887657,0.524813037112343,2419014.8224596,3720,1737
14,2013,1,201301,0.214528836804093,0.289201191393888,0.496269971802019,0.503730028197981,303596.785188227,1401,608
15,2013,1,201301,0.245331716433328,0.311551537970723,0.443116745595949,0.556883254404051,5739684.05669917,4800,2022
16,2013,1,201301,0.239340455189514,0.298912990490709,0.461746554319777,0.538253445680223,506652.289199411,1059,456
17,2013,1,201301,0.242183188011642,0.290340680388632,0.467476131599726,0.532523868400275,1016355.51893762,2118,868
21,2013,1,201301,0.251222079253865,0.261385504144982,0.487392416601153,0.512607583398847,4551038.8475963,8456,3815
22,2013,1,201301,0.229206227727919,0.293557896004909,0.477235876267172,0.522764123732828,2338839.45681439,3427,1395
23,2013,1,201301,0.218528764066971,0.262849002846921,0.518622233086108,0.481377766913892,6515608.00845616,7282,3095
24,2013,1,201301,0.227346257158217,0.261432841594645,0.511220901247138,0.488779098752862,2479536.52154891,3187,1283
25,2013,1,201301,0.226146746956084,0.286061178244798,0.487792074799119,0.512207925200881,2856245.27434376,3879,1598
26,2013,1,201301,0.230558173198333,0.24268101362174,0.526760813179926,0.473239186820074,6632924.81350523,5466,2428
27,2013,1,201301,0.227678464370368,0.2536127470157,0.518708788613933,0.481291211386068,2312506.82816643,5376,2572
28,2013,1,201301,0.233524476318855,0.254781638486684,0.511693885194461,0.488306114805539,1601930.11776773,2910,1073
29,2013,1,201301,0.236961913957233,0.250544749071393,0.512493336971375,0.487506663028626,10678412.3464064,6860,2740
31,2013,1,201301,0.193840381387628,0.278596363145264,0.527563255467109,0.472436744532891,15795172.6579445,11003,4070
32,2013,1,201301,0.194443898231903,0.268329680716994,0.537226421051103,0.462773578948897,2894857.82634776,5641,2014
33,2013,1,201301,0.188856958971987,0.250843674521976,0.560299366506038,0.439700633493962,13223998.397414,10547,3966
35,2013,1,201301,0.191890617912282,0.260573909224924,0.547535472862794,0.452464527137206,34039850.7634848,11525,3845
41,2013,1,201301,0.197471781171791,0.287114520711022,0.515413698117187,0.484586301882813,8597447.34855567,7792,3673
42,2013,1,201301,0.195411858852767,0.286557007916525,0.518031133230708,0.481968866769292,5250752.88830564,8525,4050
43,2013,1,201301,0.19814626520257,0.283830153056235,0.518023581741196,0.481976418258804,8713050.82312952,7803,3629
50,2013,1,201301,0.198876285657272,0.251500190808236,0.549623523534492,0.450376476465508,1960610.35624444,3007,1165
51,2013,1,201301,0.215293440126813,0.228357915135801,0.556348644737387,0.443651355262613,2387644.68400648,3562,1470
52,2013,1,201301,0.212241770068337,0.237632938344838,0.550125291586826,0.449874708413174,4795579.78859126,4968,1822
53,2013,1,201301,0.204412512562114,0.196812997061905,0.598774490375981,0.401225509624019,2142087.32743936,2429,1007
11,2013,2,201302,0.258142201648854,0.283653554089501,0.458204244261645,0.541795755738355,1156016.71019116,2328,1024
12,2013,2,201302,0.256356498176849,0.246682187992194,0.496961313830958,0.503038686169043,535089.436049874,2657,1232
13,2013,2,201302,0.230609276122624,0.300054051725209,0.469336672152167,0.530663327847833,2456634.56473257,3830,1750
14,2013,2,201302,0.25415304420659,0.287544564913663,0.458302390879747,0.541697609120253,313049.169126716,1391,640
15,2013,2,201302,0.228525959417513,0.31323278489828,0.458241255684207,0.541758744315793,5359955.01850429,4878,1969
16,2013,2,201302,0.227593360142787,0.28292712485181,0.489479515005403,0.510520484994597,455412.364815189,1138,487
17,2013,2,201302,0.235135319371004,0.284880472012665,0.47998420861633,0.52001579138367,1077588.9906024,2090,847
21,2013,2,201302,0.243300798521144,0.263457448318032,0.493241753160824,0.506758246839176,4673202.91456846,8652,3926
22,2013,2,201302,0.239452087431058,0.270447945482261,0.490099967086681,0.509900032913319,2490929.53458789,3382,1407
23,2013,2,201302,0.233816016526752,0.251828853342266,0.514355130130982,0.485644869869018,6568206.34349717,7672,3338
24,2013,2,201302,0.221461646310666,0.249056054289876,0.529482299399458,0.470517700600542,2510248.13949006,2941,1170
25,2013,2,201302,0.239865234883684,0.253493162242975,0.506641602873341,0.493358397126659,2885021.39533285,3752,1532
26,2013,2,201302,0.237687264615576,0.23491149097884,0.527401244405584,0.472598755594416,6765760.94172464,5644,2513
27,2013,2,201302,0.217924481261249,0.257144981172826,0.524930537565926,0.475069462434074,2313747.5114669,5632,2712
28,2013,2,201302,0.240776496295904,0.254259962822445,0.504963540881651,0.495036459118349,1587494.47941906,2817,1080
29,2013,2,201302,0.236154765331226,0.260741057576866,0.503104177091908,0.496895822908092,10643686.544809,6752,2477
31,2013,2,201302,0.20122448406959,0.2734897010875,0.52528581484291,0.47471418515709,15571328.9361079,10825,3919
32,2013,2,201302,0.203064113772891,0.255537151570421,0.541398734656688,0.458601265343312,2835930.62948697,5447,2053
33,2013,2,201302,0.189911990922925,0.258398457554199,0.551689551522876,0.448310448477124,12998588.0165862,9967,3663
35,2013,2,201302,0.194731907219827,0.255119500696764,0.55014859208341,0.44985140791659,34847859.3889369,11510,3943
41,2013,2,201302,0.191790534280824,0.276592478962109,0.531616986757067,0.468383013242933,8467106.7743524,7942,3686
42,2013,2,201302,0.190786983520686,0.295311005446316,0.513902011032998,0.486097988967002,5215894.80147218,8767,4011
43,2013,2,201302,0.185002352289253,0.267689351991378,0.54730829571937,0.45269170428063,8790812.92130787,7862,3614
50,2013,2,201302,0.208125336957195,0.26414009848707,0.527734564555735,0.472265435444266,1806464.52224023,2754,1081
51,2013,2,201302,0.21416693089107,0.243368967915227,0.542464101193703,0.457535898806297,2347606.81119027,3504,1386
52,2013,2,201302,0.214487135160682,0.245732950843567,0.53977991399575,0.46022008600425,4793478.33863685,4629,1744
53,2013,2,201302,0.21702792649199,0.202700101839241,0.58027197166877,0.41972802833123,2048212.89993982,2379,943
11,2013,3,201303,0.264017037734116,0.27501792304571,0.460965039220174,0.539034960779826,1195800.14881394,2381,1031
12,2013,3,201303,0.24735652887981,0.27975757189792,0.472885899222271,0.527114100777729,537634.22134119,2469,1138
13,2013,3,201303,0.241513079211858,0.282763073768479,0.475723847019663,0.524276152980337,2462234.81172329,4039,1860
14,2013,3,201303,0.221822471749641,0.296450635307493,0.481726892942867,0.518273107057133,301029.426561519,1323,617
15,2013,3,201303,0.239960605054044,0.305221930681469,0.454817464264486,0.545182535735514,5486205.44002812,4874,2099
16,2013,3,201303,0.236725078700583,0.276395639084813,0.486879282214605,0.513120717785396,517449.439324271,1154,484
17,2013,3,201303,0.238993339048139,0.286876937669293,0.474129723282569,0.525870276717432,976663.650246938,1856,748
21,2013,3,201303,0.255853061898835,0.259693859796594,0.484453078304571,0.515546921695429,4755424.94025028,8784,3891
22,2013,3,201303,0.237796533128679,0.263328148409073,0.498875318462249,0.501124681537752,2432855.83981176,3423,1399
23,2013,3,201303,0.225984537280127,0.255234617955446,0.518780844764426,0.481219155235574,6471648.67703316,7700,3392
24,2013,3,201303,0.222483046140981,0.248753900031993,0.528763053827026,0.471236946172974,2387298.68917493,3175,1295
25,2013,3,201303,0.227057417467148,0.26124895129306,0.511693631239792,0.488306368760208,2920688.64835868,3668,1524
26,2013,3,201303,0.223649900565377,0.249099978563744,0.527250120870879,0.472749879129121,6890481.86099283,5671,2430
27,2013,3,201303,0.235115356173034,0.243471164681655,0.521413479145311,0.478586520854689,2266569.97423899,5484,2607
28,2013,3,201303,0.233660809922694,0.259750637733405,0.506588552343901,0.493411447656099,1620912.15404325,2936,1125
29,2013,3,201303,0.240218366124981,0.25152378734142,0.508257846533599,0.491742153466401,10688002.6058664,6832,2458
31,2013,3,201303,0.207218475952465,0.264608310776567,0.528173213270969,0.471826786729032,16042556.056746,11335,4073
32,2013,3,201303,0.203513295721571,0.262033933763966,0.534452770514463,0.465547229485537,2874548.58346349,5508,2039
33,2013,3,201303,0.191832822461977,0.246978103681222,0.561189073856802,0.438810926143198,13638476.6061183,10664,4023
35,2013,3,201303,0.190056697307351,0.25457220985578,0.555371092836869,0.444628907163131,34106096.1107577,11293,3936
41,2013,3,201303,0.20076188928207,0.279777870443881,0.519460240274049,0.480539759725951,8440047.3349743,8321,3865
42,2013,3,201303,0.192179390695322,0.288896868711384,0.518923740593294,0.481076259406706,5126015.99751194,8287,3828
43,2013,3,201303,0.193974956122795,0.264036632855938,0.541988411021267,0.458011588978733,8663848.41273428,7960,3593
50,2013,3,201303,0.230094522650576,0.245512471387177,0.524393005962248,0.475606994037753,1793750.41520719,3013,1115
51,2013,3,201303,0.216005401668897,0.232777527340456,0.551217070990648,0.448782929009352,2390827.40674978,3490,1371
52,2013,3,201303,0.215886309275926,0.234752736745132,0.549360953978942,0.450639046021058,4909105.13600966,4744,1741
53,2013,3,201303,0.19491037043651,0.215612558162571,0.589477071400919,0.410522928599081,2130723.55612775,2583,1036
11,2013,4,201304,0.244639943778136,0.292636457292709,0.462723598929154,0.537276401070846,1240385.13805564,2596,1136
12,2013,4,201304,0.23702663541144,0.276153587093848,0.486819777494712,0.513180222505288,511105.891537477,2439,1117
13,2013,4,201304,0.243787969579151,0.29597264047538,0.460239389945468,0.539760610054532,2469465.64254213,3828,1707
14,2013,4,201304,0.232215466553267,0.280367632904386,0.487416900542347,0.512583099457654,299477.711304033,1366,607
15,2013,4,201304,0.242788352796942,0.295130205896968,0.46208144130609,0.53791855869391,5765523.76181849,5020,2160
16,2013,4,201304,0.230226474640726,0.260889274739799,0.508884250619475,0.491115749380525,503105.422185874,1043,454
17,2013,4,201304,0.230570561792922,0.286556283004103,0.482873155202975,0.517126844797025,1009451.79745478,2153,898
21,2013,4,201304,0.252005413773932,0.258748178246763,0.489246407979306,0.510753592020694,4606434.45995957,8776,3963
22,2013,4,201304,0.230243337959258,0.270936965481664,0.498819696559078,0.501180303440922,2377963.7065204,3495,1453
23,2013,4,201304,0.235684507247154,0.253774860285284,0.510540632467562,0.489459367532438,6591988.89096779,7693,3243
24,2013,4,201304,0.236064074316452,0.24350949747242,0.520426428211128,0.479573571788872,2488794.1218209,3236,1289
25,2013,4,201304,0.233987741830465,0.263306699265961,0.502705558903573,0.497294441096427,2851887.22470898,3976,1677
26,2013,4,201304,0.216063732838349,0.247303644235599,0.536632622926052,0.463367377073948,6690601.23733751,5682,2524
27,2013,4,201304,0.225881170683166,0.237117337030212,0.537001492286622,0.462998507713379,2283439.31979833,5549,2749
28,2013,4,201304,0.235625549359046,0.266073127067815,0.498301323573139,0.501698676426861,1593295.01150232,2909,1101
29,2013,4,201304,0.222579899130805,0.263203546339641,0.514216554529553,0.485783445470447,10701985.3043582,7022,2770
31,2013,4,201304,0.192978564536669,0.282881066191477,0.524140369271854,0.475859630728146,15772075.9824564,11071,4111
32,2013,4,201304,0.19983908224785,0.267475030522855,0.532685887229295,0.467314112770705,2934588.67884864,5851,2147
33,2013,4,201304,0.190465602159231,0.247971643879885,0.561562753960884,0.438437246039116,13312270.5481718,10510,3876
35,2013,4,201304,0.198575560751478,0.253032212600061,0.548392226648461,0.451607773351539,34223750.9949665,12147,4005
41,2013,4,201304,0.19730336082096,0.285184569343619,0.517512069835421,0.482487930164579,8607133.45759164,8103,3825
42,2013,4,201304,0.199492605611205,0.283135195591551,0.517372198797244,0.482627801202756,5304786.82033794,8568,4034
43,2013,4,201304,0.198473127533027,0.278369288229441,0.523157584237532,0.476842415762468,8768622.77024823,7984,3744
50,2013,4,201304,0.195791440273148,0.25126753051946,0.552941029207392,0.447058970792608,1947889.66189188,3098,1189
51,2013,4,201304,0.215929763915603,0.225870362638631,0.558199873445766,0.441800126554234,2361924.40474053,3631,1471
52,2013,4,201304,0.223180136424534,0.231802831622047,0.545017031953419,0.454982968046581,4867020.58921487,4970,1835
53,2013,4,201304,0.210252678418468,0.180113160623301,0.609634160958231,0.390365839041769,2161419.71463748,2534,1068
11,2013,5,201305,0.261023793990038,0.28539969076581,0.453576515244152,0.546423484755848,1160051.09231983,2471,1123
12,2013,5,201305,0.2475815171856,0.248222906598787,0.504195576215614,0.495804423784386,536734.589448445,2726,1322
13,2013,5,201305,0.246900185540487,0.300502878177005,0.452596936282508,0.547403063717493,2468786.87046451,3815,1735
14,2013,5,201305,0.2188898955268,0.275708610462824,0.505401494010375,0.494598505989625,324370.595862803,1505,672
15,2013,5,201305,0.248436087411258,0.295194696094297,0.456369216494445,0.543630783505555,5356270.47654211,5112,2090
16,2013,5,201305,0.243039818796049,0.266299873530353,0.490660307673598,0.509339692326403,455850.186097731,1118,484
17,2013,5,201305,0.244739645327959,0.30282295729086,0.452437397381182,0.547562602618819,1093777.43251455,2168,890
21,2013,5,201305,0.244481031718954,0.266199956736445,0.489319011544601,0.510680988455398,4721020.37187379,8718,3993
22,2013,5,201305,0.240185166202952,0.268223367837348,0.491591465959699,0.508408534040301,2506568.57182021,3417,1436
23,2013,5,201305,0.228397470571223,0.245750106321767,0.52585242310701,0.47414757689299,6545928.06733278,7735,3365
24,2013,5,201305,0.231074363903234,0.249167729293531,0.519757906803235,0.480242093196765,2513549.34645216,2956,1195
25,2013,5,201305,0.251449570664629,0.24884978397762,0.499700645357751,0.500299354642249,2872774.91931426,3898,1594
26,2013,5,201305,0.230198697708634,0.239153964297362,0.530647337994004,0.469352662005996,6712461.36236889,5701,2552
27,2013,5,201305,0.218453888051315,0.250092644710391,0.531453467238294,0.468546532761706,2351947.78522473,5842,2866
28,2013,5,201305,0.235865753896907,0.256653578909986,0.507480667193108,0.492519332806892,1610246.56991495,2863,1101
29,2013,5,201305,0.236426596742561,0.260534532708355,0.503038870549084,0.496961129450916,10794420.652196,6994,2605
31,2013,5,201305,0.202760003199251,0.276135709361307,0.521104287439442,0.478895712560558,15773145.3159345,10986,3817
32,2013,5,201305,0.19889120276837,0.263885784564104,0.537223012667526,0.462776987332474,2853320.44428835,5360,2027
33,2013,5,201305,0.192338321274585,0.257358839623377,0.550302839102038,0.449697160897962,12971880.4760422,10066,3700
35,2013,5,201305,0.201507251886136,0.251846339136432,0.546646408977431,0.453353591022569,34646336.1416189,11647,4035
41,2013,5,201305,0.190874338439913,0.283719374282712,0.525406287277375,0.474593712722625,8443781.07958104,8038,3689
42,2013,5,201305,0.195255740322719,0.286526731803598,0.518217527873684,0.481782472126316,5296038.48742229,8924,4139
43,2013,5,201305,0.192083733216337,0.270294657729878,0.537621609053784,0.462378390946216,8763086.81136402,7975,3668
50,2013,5,201305,0.208941062835833,0.249594036833057,0.541464900331111,0.458535099668889,1818323.52248209,2837,1044
51,2013,5,201305,0.197612904052591,0.253793305257289,0.54859379069012,0.45140620930988,2415866.20129352,3597,1373
52,2013,5,201305,0.202841402124125,0.242650028290894,0.554508569584981,0.445491430415019,4854805.11841969,4597,1698
53,2013,5,201305,0.206381819700058,0.218445389193513,0.57517279110643,0.424827208893571,2068101.90065618,2481,971
11,2013,6,201306,0.262185736098668,0.293586108269817,0.444228155631515,0.555771844368485,1194730.37853421,2619,1156
12,2013,6,201306,0.256236504486084,0.297222681012134,0.446540814501783,0.553459185498217,549961.614362239,2628,1208
13,2013,6,201306,0.235311867892566,0.295271790913863,0.469416341193572,0.530583658806429,2471339.25871313,3983,1840
14,2013,6,201306,0.223327675096574,0.281503468931632,0.495168855971794,0.504831144028206,302689.463324979,1352,571
15,2013,6,201306,0.237016606646136,0.309031414767666,0.453951978586198,0.546048021413802,5518244.12179243,4876,2146
16,2013,6,201306,0.224898142572188,0.29468185804117,0.480419999386642,0.519580000613359,552660.245679534,1159,478
17,2013,6,201306,0.24890738093862,0.282056474477207,0.469036144584174,0.530963855415826,977986.806892145,1828,771
21,2013,6,201306,0.244066701305563,0.26405547789808,0.491877820796357,0.508122179203643,4642579.63502356,8595,3878
22,2013,6,201306,0.244044268665438,0.269846558060655,0.486109173273906,0.513890826726094,2440781.61107524,3452,1418
23,2013,6,201306,0.239601505282228,0.247490748624783,0.51290774609299,0.48709225390701,6503157.18200174,7753,3273
24,2013,6,201306,0.219606269760122,0.254373893847564,0.526019836392315,0.473980163607685,2389973.31230333,3110,1235
25,2013,6,201306,0.245475244402086,0.25409772293596,0.500427032661954,0.499572967338046,2942539.35689577,3711,1517
26,2013,6,201306,0.221143132481386,0.256633086381054,0.522223781137561,0.477776218862439,7007889.95709826,5478,2401
27,2013,6,201306,0.22651570919992,0.240897964913175,0.532586325886906,0.467413674113095,2244174.72179951,5545,2683
28,2013,6,201306,0.240215525176545,0.259908151916637,0.499876322906818,0.500123677093183,1637002.03754476,2871,1125
29,2013,6,201306,0.233240067526003,0.262796197456956,0.503963735017041,0.496036264982959,10532754.3511289,6876,2513
31,2013,6,201306,0.198502644979356,0.27536161275027,0.526135742270374,0.473864257729626,15994607.917401,11379,3966
32,2013,6,201306,0.196523605610417,0.274836533226504,0.528639861163078,0.471360138836922,2886929.02506287,5446,1999
33,2013,6,201306,0.190854007415643,0.248444036888109,0.560701955696248,0.439298044303752,13549490.1020504,10452,3897
35,2013,6,201306,0.183452795095715,0.253105043612051,0.563442161292234,0.436557838707766,34647594.0375807,11570,3990
41,2013,6,201306,0.196466052069877,0.28316371416018,0.520370233769942,0.479629766230058,8430381.23456356,8293,3955
42,2013,6,201306,0.189264132536668,0.293917913001396,0.516817954461936,0.483182045538064,5077071.56265786,8092,3657
43,2013,6,201306,0.186693099442041,0.260015894152482,0.553291006405477,0.446708993594523,8742187.59921154,7934,3671
50,2013,6,201306,0.212725631271729,0.25147572511565,0.535798643612621,0.464201356387379,1848896.21982874,3213,1182
51,2013,6,201306,0.216525452533475,0.231324939487026,0.5521496079795,0.4478503920205,2417849.28509672,3518,1386
52,2013,6,201306,0.227599203214391,0.225010455131815,0.547390341653795,0.452609658346205,4748206.44355181,4625,1714
53,2013,6,201306,0.207328315287482,0.214568441624258,0.57810324308826,0.42189675691174,2122368.15954273,2603,1029
11,2013,7,201307,0.245535315700051,0.278419196356042,0.476045487943908,0.523954512056092,1250536.9996604,2713,1153
12,2013,7,201307,0.241664634120855,0.275938593102797,0.482396772776348,0.517603227223652,515733.293451743,2607,1251
13,2013,7,201307,0.250470181169357,0.292445530541333,0.45708428828931,0.54291571171069,2456449.68897499,3714,1659
14,2013,7,201307,0.242180246229775,0.286006556881677,0.471813196888547,0.528186803111453,301328.857669969,1383,580
15,2013,7,201307,0.24812272477194,0.29999601441208,0.45188126081598,0.54811873918402,5694663.86446819,5011,2094
16,2013,7,201307,0.22124314822824,0.283520608468862,0.495236243302898,0.504763756697102,494412.591450145,1063,425
17,2013,7,201307,0.230823540767592,0.281692584855343,0.487483874377066,0.512516125622934,1006914.03104697,2126,905
21,2013,7,201307,0.248602130560886,0.258860150409347,0.492537719029768,0.507462280970232,4649204.51271099,8736,3988
22,2013,7,201307,0.22854039309173,0.269879681346127,0.501579925562142,0.498420074437858,2407884.70545853,3494,1440
23,2013,7,201307,0.238801074571345,0.25003440787056,0.511164517558095,0.488835482441905,6673185.78330472,7579,3133
24,2013,7,201307,0.231696293560744,0.247170434909105,0.521133271530152,0.478866728469849,2516706.64316529,3229,1237
25,2013,7,201307,0.236566916572995,0.26117694747192,0.502256135955085,0.497743864044915,2868382.69711473,3990,1674
26,2013,7,201307,0.230503951372936,0.251488495535384,0.518007553091681,0.481992446908319,6725765.93952576,5589,2426
27,2013,7,201307,0.220449392139531,0.252584896301945,0.526965711558524,0.473034288441476,2294807.21708151,5492,2738
28,2013,7,201307,0.253414008468364,0.256493938328721,0.490092053202916,0.509907946797084,1581739.34725423,2822,1121
29,2013,7,201307,0.233274377667743,0.25956455302925,0.507161069303008,0.492838930696992,10653607.3047863,7096,2778
31,2013,7,201307,0.191191088362602,0.282499539164847,0.526309372472551,0.473690627527449,15746686.5205596,11118,4021
32,2013,7,201307,0.206252958482531,0.263729184748897,0.530017856768572,0.469982143231428,2957049.61699528,5782,2099
33,2013,7,201307,0.182180415965201,0.242058464556681,0.575761119478118,0.424238880521882,13269055.2452629,10427,3893
35,2013,7,201307,0.199289468535834,0.250080471626238,0.550630059837928,0.449369940162072,34379985.7685934,12180,4071
41,2013,7,201307,0.201367036950438,0.278100555532233,0.52053240751733,0.47946759248267,8708040.34240704,8114,3809
42,2013,7,201307,0.202555828645298,0.278469895868116,0.518974275486586,0.481025724513414,5260683.59245596,8241,3985
43,2013,7,201307,0.195409149469971,0.271694627121176,0.532896223408852,0.467103776591148,8826696.78686969,7942,3651
50,2013,7,201307,0.201851586549909,0.257573507807309,0.540574905642783,0.459425094357217,1970189.99293687,3248,1233
51,2013,7,201307,0.21430324320448,0.239802905013426,0.545893851782094,0.454106148217906,2407708.14731421,3653,1458
52,2013,7,201307,0.217874816002453,0.240321999690794,0.541803184306754,0.458196815693246,4993469.09155732,4901,1745
53,2013,7,201307,0.206416537130541,0.184724258168935,0.608859204700524,0.391140795299476,2122589.72658344,2481,1006
11,2013,8,201308,0.257344889444904,0.285496585032229,0.457158525522867,0.542841474477133,1150284.09946431,2449,1136
12,2013,8,201308,0.238752054426981,0.256714279316451,0.504533666256568,0.495466333743432,540646.790028944,2761,1336
13,2013,8,201308,0.246231496631198,0.293625867284942,0.46014263608386,0.53985736391614,2536509.65468769,3857,1814
14,2013,8,201308,0.248261387938842,0.268883433834843,0.482855178226315,0.517144821773685,323257.648270056,1482,656
15,2013,8,201308,0.248608425111567,0.292805772930099,0.458585801958335,0.541414198041665,5517446.88539008,5093,2175
16,2013,8,201308,0.226000453458974,0.328586255904474,0.445413290636552,0.554586709363448,474978.078492049,1194,524
17,2013,8,201308,0.241204195162406,0.30016898979023,0.458626815047364,0.541373184952636,1072637.11552297,2054,844
21,2013,8,201308,0.247552677749947,0.271889678880027,0.480557643370026,0.519442356629974,4690438.27665014,8626,4046
22,2013,8,201308,0.24261627144351,0.277906353240124,0.479477375316366,0.520522624683634,2468909.47212899,3373,1459
23,2013,8,201308,0.23590530071607,0.247149231073914,0.516945468210016,0.483054531789984,6528194.13156328,7573,3228
24,2013,8,201308,0.221505877706142,0.269106290704056,0.509387831589802,0.490612168410198,2521826.09071452,2972,1154
25,2013,8,201308,0.245596475580057,0.256402959062664,0.49800056535728,0.501999434642721,2878199.61012428,3888,1592
26,2013,8,201308,0.222106492151201,0.241201744073605,0.536691763775195,0.463308236224806,6681937.90744957,5735,2544
27,2013,8,201308,0.219279872791734,0.265164167310907,0.515555959897359,0.484444040102641,2289299.77620425,5519,2707
28,2013,8,201308,0.243121102138147,0.262651943317064,0.494226954544789,0.505773045455211,1599345.71636738,2787,1058
29,2013,8,201308,0.231392936641873,0.264167493094009,0.504439570264118,0.495560429735882,10804831.4149484,7066,2657
31,2013,8,201308,0.20077723964835,0.274200699272871,0.525022061078779,0.474977938921221,15869932.1679906,11114,3918
32,2013,8,201308,0.201222317886218,0.265556990328539,0.533220691785243,0.466779308214758,2863924.50544312,5374,1972
33,2013,8,201308,0.189351637163317,0.256613068477828,0.554035294358856,0.445964705641145,13127113.9166645,10360,3796
35,2013,8,201308,0.201639791186345,0.254558963214658,0.543801245598997,0.456198754401003,34641353.2348453,11467,3908
41,2013,8,201308,0.201348358841764,0.28554163280048,0.513110008357756,0.486889991642244,8441643.5917076,7926,3601
42,2013,8,201308,0.193020988853809,0.275136100991013,0.531842910155178,0.468157089844822,5336046.3738281,8621,4154
43,2013,8,201308,0.192490689879183,0.272017565623379,0.535491744497439,0.464508255502561,8892896.52599956,7917,3700
50,2013,8,201308,0.212840456282139,0.245597001958017,0.541562541759845,0.458437458240155,1822138.51847558,2813,1023
51,2013,8,201308,0.214470364193483,0.24403964664369,0.541489989162827,0.458510010837173,2372702.78090065,3550,1352
52,2013,8,201308,0.211802986202606,0.230207180361409,0.557989833435985,0.442010166564015,4823776.40517824,4461,1636
53,2013,8,201308,0.199867233766949,0.224503788757597,0.575628977475454,0.424371022524546,2114350.78517845,2519,937
11,2013,9,201309,0.2641331751607,0.298714645179324,0.437152179659976,0.562847820340024,1196775.62353688,2570,1152
12,2013,9,201309,0.23681539974327,0.28279802282979,0.48038657742694,0.51961342257306,564111.326714228,2674,1208
13,2013,9,201309,0.255360694462416,0.287856427896168,0.456782877641416,0.543217122358584,2466845.95390166,3976,1837
14,2013,9,201309,0.238175734237978,0.308297847739467,0.453526418022555,0.546473581977445,314172.287654185,1392,598
15,2013,9,201309,0.239705240630453,0.297576303353892,0.462718456015656,0.537281543984344,5630318.26175163,4944,2181
16,2013,9,201309,0.250513298337541,0.279058869253431,0.470427832409028,0.529572167590972,532882.58732644,1191,528
17,2013,9,201309,0.233979638909095,0.287335040262779,0.478685320828126,0.521314679171874,997951.658480516,1924,851
21,2013,9,201309,0.263943580773983,0.253215002953882,0.482841416272135,0.517158583727865,4588597.47114902,8494,4064
22,2013,9,201309,0.242555441263747,0.280020044747577,0.477424513988676,0.522575486011324,2438692.20021852,3441,1387
23,2013,9,201309,0.237946963832364,0.260935083233778,0.501117952933859,0.498882047066141,6562794.35997843,7650,3234
24,2013,9,201309,0.228296557744397,0.258917263381012,0.512786178874591,0.487213821125409,2394438.35159584,3184,1252
25,2013,9,201309,0.232700799691774,0.257253600075603,0.510045600232623,0.489954399767377,3003974.39615239,3841,1587
26,2013,9,201309,0.226662667441418,0.247012019564199,0.526325312994383,0.473674687005617,6946812.18347029,5776,2495
27,2013,9,201309,0.215272096301229,0.262255360467554,0.522472543231217,0.477527456768783,2286509.25623167,5569,2623
28,2013,9,201309,0.236340394845502,0.264443624268877,0.499215980885621,0.500784019114379,1644484.70820785,2974,1154
29,2013,9,201309,0.230156703832692,0.269484329472431,0.500358966694877,0.499641033305124,10696637.3060199,7030,2508
31,2013,9,201309,0.196571607204413,0.273981945452008,0.52944644734358,0.47055355265642,16011927.5636652,11411,4009
32,2013,9,201309,0.206138706534342,0.259957242599377,0.533904050866281,0.466095949133719,2950416.27401405,5618,2151
33,2013,9,201309,0.182488238593952,0.24997681448674,0.567534946919307,0.432465053080693,13665663.9137972,10621,3902
35,2013,9,201309,0.192115996073008,0.249859209905315,0.558024794021678,0.441975205978322,34550548.7950017,11245,3869
41,2013,9,201309,0.198833101952266,0.272626409336813,0.528540488710921,0.471459511289079,8457236.86901536,8278,3897
42,2013,9,201309,0.191453105650975,0.299630687518766,0.508916206830259,0.491083793169741,5142766.27571126,7930,3624
43,2013,9,201309,0.184330703656568,0.266614608954326,0.549054687389106,0.450945312610894,8631293.76464121,7794,3542
50,2013,9,201309,0.217739769053554,0.235318282945588,0.546941948000859,0.453058051999141,1859644.84433363,3170,1203
51,2013,9,201309,0.230495993233954,0.227473756621829,0.542030250144217,0.457969749855783,2435064.08336133,3628,1399
52,2013,9,201309,0.224059018294028,0.231959955846961,0.543981025859011,0.456018974140989,4813639.82440985,4632,1705
53,2013,9,201309,0.208522316680544,0.226995494796372,0.564482188523084,0.435517811476916,2118770.39112226,2665,1016
11,2013,10,201310,0.235674696796149,0.29142151646364,0.472903786740212,0.527096213259788,1228824.24339373,2585,1141
12,2013,10,201310,0.243656502663561,0.291175923626491,0.465167573709948,0.534832426290053,517863.818474578,2459,1139
13,2013,10,201310,0.249944619541001,0.283149703715359,0.466905676743641,0.53309432325636,2466097.71912859,3676,1660
14,2013,10,201310,0.273203820003152,0.288949496724355,0.437846683272492,0.562153316727508,312437.919231183,1447,659
15,2013,10,201310,0.247926005538251,0.307099212722616,0.444974781739133,0.555025218260867,5636422.08822503,5143,2190
16,2013,10,201310,0.229173605658964,0.289436275279761,0.481390119061275,0.518609880938725,499027.599361007,1066,487
17,2013,10,201310,0.21901181636389,0.30704487738852,0.47394330624759,0.52605669375241,1009862.73893321,2184,935
21,2013,10,201310,0.248833705218385,0.262970230034384,0.488196064747231,0.511803935252769,4604185.40206242,8831,4011
22,2013,10,201310,0.237224882889532,0.269203569151363,0.493571547959105,0.506428452040895,2409463.84312381,3474,1395
23,2013,10,201310,0.237603927255061,0.258572888790086,0.503823183954853,0.496176816045147,6680973.096116,7622,3085
24,2013,10,201310,0.243712608911817,0.255168374097231,0.501119016990953,0.498880983009047,2504034.43461228,3243,1238
25,2013,10,201310,0.238811500433437,0.269776337220874,0.491412162345689,0.508587837654311,2866852.33493912,4085,1673
26,2013,10,201310,0.230779823804941,0.24381942077048,0.525400755424578,0.474599244575422,6719779.4504429,5712,2508
27,2013,10,201310,0.233295426910257,0.252755203192287,0.513949369897455,0.486050630102545,2290939.05746555,5630,2702
28,2013,10,201310,0.248881659924447,0.263620660551343,0.48749767952421,0.51250232047579,1554287.00790832,2869,1114
29,2013,10,201310,0.242365856370366,0.250093448756537,0.507540694873097,0.492459305126903,10770226.4479815,7220,2755
31,2013,10,201310,0.18794442621522,0.283893294481701,0.528162279303079,0.471837720696921,15946892.213045,11157,4072
32,2013,10,201310,0.211048806562189,0.265241872931852,0.523709320505959,0.476290679494041,2975371.47451379,5952,2293
33,2013,10,201310,0.19204839909248,0.229725677964745,0.578225922942775,0.421774077057225,13120221.8961752,10464,4088
35,2013,10,201310,0.19679012072185,0.250686689041328,0.552523190236822,0.447476809763178,34503313.5616169,12041,4043
41,2013,10,201310,0.20511979335728,0.281127190787529,0.513753015855191,0.486246984144809,8615474.32515801,8068,3799
42,2013,10,201310,0.200730990228847,0.289797474910109,0.509471534861044,0.490528465138956,5328933.03863759,8458,4043
43,2013,10,201310,0.200458110009004,0.270328763467226,0.52921312652377,0.47078687347623,8928587.55662916,8151,3739
50,2013,10,201310,0.207656381574584,0.240454072164601,0.551889546260815,0.448110453739185,1937711.54392409,3241,1262
51,2013,10,201310,0.211359142616501,0.22942211397595,0.559218743407549,0.440781256592451,2481365.23631017,3727,1523
52,2013,10,201310,0.217104241621557,0.244516413843527,0.538379344534916,0.461620655465084,4988454.40060281,5043,1835
53,2013,10,201310,0.202220113555819,0.191146941735736,0.606632944708445,0.393367055291555,2163690.15314533,2519,1048
11,2013,11,201311,0.252121084981838,0.303907078646304,0.443971836371858,0.556028163628142,1208442.87413137,2435,1089
12,2013,11,201311,0.244206550742131,0.265723674669914,0.490069774587955,0.509930225412045,532430.154378443,2626,1312
13,2013,11,201311,0.253284878649732,0.291971573706251,0.454743547644017,0.545256452355984,2541891.81129403,3798,1778
14,2013,11,201311,0.248053945852401,0.291669784987433,0.460276269160167,0.539723730839834,318115.27052191,1420,668
15,2013,11,201311,0.24919565958718,0.305461580461105,0.445342759951715,0.554657240048285,5601889.67603807,5112,2218
16,2013,11,201311,0.230670849004433,0.302723227427961,0.466605923567606,0.533394076432394,496772.435581765,1239,519
17,2013,11,201311,0.254132878109435,0.300634516568296,0.44523260532227,0.554767394677731,1081399.62691804,2102,859
21,2013,11,201311,0.258084003452346,0.271398399122698,0.470517597424956,0.529482402575044,4707445.03205453,8693,4110
22,2013,11,201311,0.248931578045874,0.273814438798077,0.477253983156049,0.522746016843951,2477160.31105815,3338,1433
23,2013,11,201311,0.243906250456172,0.250860294062947,0.505233455480881,0.494766544519119,6434734.27805514,7321,3027
24,2013,11,201311,0.231624060540324,0.26906105168011,0.499314887779566,0.500685112220434,2508958.82926644,2910,1113
25,2013,11,201311,0.241082108015074,0.252415958595803,0.506501933389124,0.493498066610876,2871171.49618834,3798,1530
26,2013,11,201311,0.223571491072288,0.248643316182002,0.52778519274571,0.47221480725429,6610030.94398738,5629,2451
27,2013,11,201311,0.221110924599213,0.257405420831611,0.521483654569177,0.478516345430823,2252889.49172005,5546,2682
28,2013,11,201311,0.241007808281985,0.270912518977149,0.488079672740865,0.511920327259135,1573046.15465088,2757,1080
29,2013,11,201311,0.238772982044101,0.27857523578473,0.482651782171169,0.517348217828831,10678636.6358164,7048,2585
31,2013,11,201311,0.201049484272374,0.269961017693994,0.528989498033632,0.471010501966368,16091243.6421201,11143,3970
32,2013,11,201311,0.207328717228575,0.265987877649211,0.526683405122214,0.473316594877786,2868227.40902177,5285,1993
33,2013,11,201311,0.194522317086276,0.252424890553991,0.553052792359733,0.446947207640267,13199188.4617342,10441,3905
35,2013,11,201311,0.19060566387582,0.263789995770749,0.545604340353432,0.454395659646568,34573456.9751368,11176,3830
41,2013,11,201311,0.1974426557466,0.283660701664107,0.518896642589293,0.481103357410708,8462309.17407669,7894,3656
42,2013,11,201311,0.189232680170538,0.281040138606026,0.529727181223437,0.470272818776563,5406209.7960117,8792,4239
43,2013,11,201311,0.191801770556956,0.275341883815434,0.53285634562761,0.46714365437239,8919440.2555748,7964,3638
50,2013,11,201311,0.215857744206217,0.242231760282464,0.541910495511319,0.458089504488681,1813871.38541496,2781,1024
51,2013,11,201311,0.206954466774455,0.231235466713986,0.56181006651156,0.43818993348844,2465864.02816039,3578,1388
52,2013,11,201311,0.204112859716078,0.22892659122013,0.566960549063793,0.433039450936207,4852908.22174788,4542,1693
53,2013,11,201311,0.202638610664866,0.223403556392119,0.573957832943015,0.426042167056985,2083334.35120552,2474,1023
11,2013,12,201312,0.256516774717744,0.278381506435092,0.465101718847164,0.534898281152836,1214261.22289846,2485,1146
12,2013,12,201312,0.244922001325784,0.283083552423601,0.471994446250615,0.528005553749385,577504.462152608,2636,1231
13,2013,12,201312,0.247050028945351,0.297708163614503,0.455241807440147,0.544758192559853,2486965.52997321,3931,1824
14,2013,12,201312,0.23636341404965,0.288039449880916,0.475597136069434,0.524402863930566,302942.679882508,1279,539
15,2013,12,201312,0.249786811812461,0.29675923661373,0.453453951573809,0.546546048426191,5646775.15114604,4903,2160
16,2013,12,201312,0.244579460235574,0.270534355266793,0.484886184497633,0.515113815502367,546984.914385076,1186,528
17,2013,12,201312,0.23902817151271,0.293392907405658,0.467578921081633,0.532421078918367,1003556.94361331,1826,763
21,2013,12,201312,0.271923521094691,0.267569308816893,0.460507170088416,0.539492829911584,4701885.19998692,8691,3953
22,2013,12,201312,0.238923776044152,0.266570712647907,0.494505511307941,0.505494488692059,2440172.6493724,3410,1416
23,2013,12,201312,0.232962756326245,0.254557704614858,0.512479539058897,0.487520460941104,6574454.25914535,7531,3231
24,2013,12,201312,0.231601975966668,0.267059793935848,0.501338230097484,0.498661769902516,2470956.71320862,3208,1239
25,2013,12,201312,0.225958114440552,0.266362724039371,0.507679161520077,0.492320838479923,2946707.17562143,3808,1560
26,2013,12,201312,0.231060002848079,0.258388043526955,0.510551953624967,0.489448046375033,7037941.35595126,5669,2410
27,2013,12,201312,0.221279008282591,0.252253466395416,0.526467525321994,0.473532474678006,2311128.72332639,5585,2691
28,2013,12,201312,0.256153470055681,0.256532947467089,0.48731358247723,0.51268641752277,1666322.33835226,2988,1185
29,2013,12,201312,0.240327243346496,0.266503662600454,0.49316909405305,0.50683090594695,10865512.4380726,7059,2623
31,2013,12,201312,0.195624828785827,0.275074919324931,0.529300251889242,0.470699748110758,15896770.1465291,11231,4092
32,2013,12,201312,0.201811207139504,0.265814224879939,0.532374567980557,0.467625432019443,2883975.10781627,5407,2102
33,2013,12,201312,0.192980882092853,0.246188110296846,0.560831007610302,0.439168992389699,13720855.0285566,10659,3990
35,2013,12,201312,0.198236609388741,0.247033725780837,0.554729664830422,0.445270335169578,34717728.3601898,10767,3818
41,2013,12,201312,0.203069524680407,0.278138636530041,0.518791838789553,0.481208161210447,8499940.4923577,8198,3880
42,2013,12,201312,0.192541774832204,0.285731977724017,0.521726247443779,0.478273752556221,5169744.11456699,7850,3658
43,2013,12,201312,0.186661227032905,0.265090467403399,0.548248305563696,0.451751694436304,8535297.84747435,7699,3501
50,2013,12,201312,0.2139665991914,0.243021658403911,0.54301174240469,0.45698825759531,1888035.80955184,3136,1174
51,2013,12,201312,0.225222396284299,0.224933221325575,0.549844382390126,0.450155617609874,2388958.93902057,3439,1348
52,2013,12,201312,0.214383854163024,0.24000167438041,0.545614471456566,0.454385528543434,4895751.00024351,4695,1755
53,2013,12,201312,0.205960813448186,0.21419532079794,0.579843865753874,0.420156134246126,2204150.1072783,2543,996
11,2014,1,201401,0.22643567629563,0.275953867108425,0.497610456595945,0.502389543404055,1271570.76083138,2637,1157
12,2014,1,201401,0.246693713571807,0.283215867951522,0.470090418476671,0.529909581523329,494386.70432644,2443,1171
13,2014,1,201401,0.236889616728728,0.287467689381577,0.475642693889695,0.524357306110305,2480458.20789133,3679,1719
14,2014,1,201401,0.248787614468995,0.300499438730709,0.450712946800296,0.549287053199704,322372.951240241,1543,663
15,2014,1,201401,0.249044867520681,0.294777285954635,0.456177846524685,0.543822153475315,5683107.58325075,5124,2281
16,2014,1,201401,0.238234326751662,0.267856660537586,0.493909012710753,0.506090987289247,484503.878728279,1056,484
17,2014,1,201401,0.226323344899108,0.293215006628387,0.480461648472505,0.519538351527495,1022558.22694539,2222,940
21,2014,1,201401,0.249101677472448,0.275569336858733,0.475328985668819,0.524671014331181,4674470.2741729,9210,4171
22,2014,1,201401,0.248193994532436,0.280377915874156,0.471428089593408,0.528571910406592,2364164.86907049,3511,1409
23,2014,1,201401,0.241559771036663,0.249394119825865,0.509046109137472,0.490953890862528,6744058.76112038,7644,3187
24,2014,1,201401,0.23236099177396,0.254464340012405,0.513174668213635,0.486825331786365,2472774.21764971,3252,1269
25,2014,1,201401,0.229548556574629,0.261598154838317,0.508853288587054,0.491146711412946,2859047.42763303,4037,1670
26,2014,1,201401,0.225470539587441,0.239946425540832,0.534583034871728,0.465416965128272,6790752.46175735,5763,2530
27,2014,1,201401,0.232324358154304,0.252420401298616,0.515255240547081,0.484744759452919,2280028.75927759,5574,2729
28,2014,1,201401,0.25280296739195,0.255740846646471,0.49145618596158,0.508543814038421,1541962.39706679,2883,1093
29,2014,1,201401,0.222121562340256,0.275443439011769,0.502434998647975,0.497565001352025,10464022.7860459,7099,2789
31,2014,1,201401,0.190055472522002,0.280751477252321,0.529193050225678,0.470806949774322,16026923.0868461,11112,4123
32,2014,1,201401,0.202407730671165,0.268506810623011,0.529085458705824,0.470914541294176,2883103.63397443,5846,2209
33,2014,1,201401,0.18816917387271,0.250533255609048,0.561297570518242,0.438702429481758,13453159.8796579,10733,4115
35,2014,1,201401,0.192901738757611,0.251203467411352,0.555894793831037,0.444105206168963,34730202.7038295,12019,4212
41,2014,1,201401,0.20181673729867,0.276003661016313,0.522179601685017,0.477820398314983,8565637.91169619,8037,3855
42,2014,1,201401,0.19829952095218,0.279096078039294,0.522604401008527,0.477395598991473,5377909.56754478,8420,4002
43,2014,1,201401,0.199473131387899,0.272505881573329,0.528020987038773,0.471979012961227,9015657.51182678,8002,3607
50,2014,1,201401,0.210751247714229,0.238068564738258,0.551180187547513,0.448819812452487,1954482.16246717,3261,1335
51,2014,1,201401,0.20508322259766,0.215683148056951,0.579233629345389,0.420766370654611,2394453.13798115,3663,1492
52,2014,1,201401,0.217177652414024,0.238761072711452,0.544061274874524,0.455938725125476,5082715.68227534,5262,1948
53,2014,1,201401,0.197054133778559,0.188358181510256,0.614587684711186,0.385412315288814,2124504.42836472,2584,1089
11,2014,2,201402,0.266672280985619,0.266219207153466,0.467108511860915,0.532891488139085,1207931.48420853,2344,1042
12,2014,2,201402,0.246574600578442,0.259380232656873,0.494045166764685,0.505954833235315,550843.863394135,2644,1339
13,2014,2,201402,0.25266900441549,0.294085981341742,0.453245014242768,0.546754985757232,2463590.61026329,3749,1743
14,2014,2,201402,0.248109706204314,0.282185283967732,0.469705009827954,0.530294990172046,315995.707523624,1553,671
15,2014,2,201402,0.254891708686581,0.295372711970944,0.449735579342475,0.550264420657525,5617068.31434254,5315,2267
16,2014,2,201402,0.242858204043885,0.281222335982539,0.475919459973576,0.524080540026425,493206.001131379,1243,539
17,2014,2,201402,0.257007477317113,0.285140704520436,0.457851818162451,0.542148181837549,1082996.45581337,2039,778
21,2014,2,201402,0.259344051099822,0.262752648682412,0.477903300217766,0.522096699782234,4764661.31919442,9012,4146
22,2014,2,201402,0.242628528044893,0.263306143650469,0.494065328304638,0.505934671695362,2463375.05268709,3330,1363
23,2014,2,201402,0.238709951504631,0.252719721526681,0.508570326968688,0.491429673031312,6342746.61012699,7193,3037
24,2014,2,201402,0.226348804845275,0.254347796657195,0.51930339849753,0.48069660150247,2580203.83274308,2942,1118
25,2014,2,201402,0.239782847410565,0.241746278185809,0.518470874403625,0.481529125596375,2871730.24053668,3890,1620
26,2014,2,201402,0.232755619335407,0.233008354224177,0.534236026440416,0.465763973559584,6583015.9700936,5538,2440
27,2014,2,201402,0.23554748427569,0.248241295887499,0.516211219836811,0.483788780163189,2316565.54784845,5538,2705
28,2014,2,201402,0.243483471278971,0.269521807874784,0.486994720846245,0.513005279153755,1513303.65222067,2647,1027
29,2014,2,201402,0.227142727364579,0.273838245793971,0.499019026841449,0.500980973158551,11103328.6460669,7054,2613
31,2014,2,201402,0.200801273173693,0.270012037548313,0.529186689277994,0.470813310722006,16118322.7820918,11250,4018
32,2014,2,201402,0.200077478575508,0.269704452816668,0.530218068607824,0.469781931392176,2894008.73695059,5299,1975
33,2014,2,201402,0.190190468687975,0.252125873065822,0.557683658246203,0.442316341753796,13445380.2986458,10627,3928
35,2014,2,201402,0.191966506536434,0.251688067349661,0.556345426113905,0.443654573886095,34289590.4509499,11354,3842
41,2014,2,201402,0.199189921408725,0.279773067995972,0.521037010595304,0.478962989404696,8449066.37150944,7862,3664
42,2014,2,201402,0.187664328229092,0.27778348209852,0.534552189672388,0.465447810327613,5379242.14357016,8731,4182
43,2014,2,201402,0.184148795841497,0.269534137063093,0.54631706709541,0.45368293290459,8683219.9068309,7722,3523
50,2014,2,201402,0.210638033976871,0.24695430322099,0.542407662802139,0.457592337197861,1901739.91070503,2861,1091
51,2014,2,201402,0.210496496714991,0.232762670786379,0.556740832498631,0.443259167501369,2470255.07964764,3612,1409
52,2014,2,201402,0.203435701152792,0.236971524280216,0.559592774566992,0.440407225433008,4824060.15663154,4661,1679
53,2014,2,201402,0.200072911908123,0.224398673991452,0.575528414100424,0.424471585899576,2177765.67954719,2590,1022
11,2014,3,201403,0.266908486500636,0.272579590613035,0.460511922886329,0.539488077113671,1217664.8323955,2530,1168
12,2014,3,201403,0.24010312262249,0.256690980306195,0.503205897071316,0.496794102928685,571100.125797906,2619,1250
13,2014,3,201403,0.240717238468163,0.285490333040204,0.473792428491634,0.526207571508367,2576607.4665063,4041,1957
14,2014,3,201403,0.252697552437253,0.279744780956965,0.467557666605782,0.532442333394218,311610.359882997,1454,623
15,2014,3,201403,0.254513279851657,0.288292090849834,0.457194629298508,0.542805370701492,5704872.91182943,5163,2205
16,2014,3,201403,0.255726314410389,0.253054937055392,0.491218748534219,0.508781251465781,567607.989110425,1202,521
17,2014,3,201403,0.243132011601239,0.261188086270227,0.495679902128534,0.504320097871466,989282.607858729,1942,783
21,2014,3,201403,0.260579064884859,0.259885980270913,0.479534954844229,0.520465045155772,4711860.16354567,8898,3867
22,2014,3,201403,0.231292623118107,0.2756406629299,0.493066713951993,0.506933286048007,2426304.68385749,3429,1400
23,2014,3,201403,0.228686647101973,0.262203515011381,0.509109837886646,0.490890162113354,6670254.3918506,7648,3244
24,2014,3,201403,0.229078169263913,0.237106821423294,0.533815009312793,0.466184990687208,2544064.05119209,3283,1263
25,2014,3,201403,0.236955145993529,0.251911016024679,0.511133837981793,0.488866162018208,3000355.56093348,3888,1584
26,2014,3,201403,0.221505139262757,0.248618885538919,0.529875975198323,0.470124024801677,6875764.04430539,5614,2407
27,2014,3,201403,0.221945948843254,0.237760316869038,0.540293734287708,0.459706265712292,2301149.05968286,5583,2708
28,2014,3,201403,0.242282615775035,0.246903716324699,0.510813667900266,0.489186332099734,1698647.11637575,2961,1226
29,2014,3,201403,0.240837787119549,0.254551083175636,0.504611129704815,0.495388870295185,10655963.9262843,7185,2557
31,2014,3,201403,0.18984844923302,0.276859753556811,0.533291797210169,0.466708202789831,15907543.0379068,11259,4031
32,2014,3,201403,0.203620113312722,0.277166406881945,0.519213479805333,0.480786520194667,2975024.88631189,5433,2127
33,2014,3,201403,0.194167463169645,0.245649571150956,0.560182965679398,0.439817034320602,13266982.9862952,10655,3980
35,2014,3,201403,0.191801626361154,0.243411984334781,0.564786389304065,0.435213610695935,35487125.7066738,11292,4059
41,2014,3,201403,0.195025111232187,0.283202792588744,0.521772096179069,0.478227903820931,8590505.45047313,8377,3956
42,2014,3,201403,0.190646696148683,0.27825105478336,0.531102249067957,0.468897750932043,5141037.83363078,8073,3781
43,2014,3,201403,0.190087375173452,0.256737084890876,0.553175539935672,0.446824460064328,8623831.08588947,7983,3651
50,2014,3,201403,0.211959969039661,0.238649685584995,0.549390345375344,0.450609654624656,1857273.66181003,3211,1160
51,2014,3,201403,0.212832986633581,0.227838141884388,0.55932887148203,0.44067112851797,2515381.77503013,3448,1347
52,2014,3,201403,0.21378334737865,0.221670545759763,0.564546106861587,0.435453893138413,4899060.42552371,4815,1755
53,2014,3,201403,0.198613312804688,0.211966703655298,0.589419983540014,0.410580016459986,2178102.19944505,2722,1117
11,2014,4,201404,0.235605084916849,0.275955308268618,0.488439606814533,0.511560393185467,1275521.83064185,2586,1170
12,2014,4,201404,0.253668278378568,0.264031819374762,0.48229990224667,0.51770009775333,496496.622616006,2427,1121
13,2014,4,201404,0.227686537778717,0.295786325171713,0.476527137049571,0.523472862950429,2414635.56832356,3635,1652
14,2014,4,201404,0.276472557059333,0.302351026434329,0.421176416506338,0.578823583493662,332900.086108798,1530,616
15,2014,4,201404,0.249007063145732,0.296378669543057,0.454614267311211,0.545385732688789,5669172.8955831,5133,2257
16,2014,4,201404,0.25635771548628,0.272161868284849,0.471480416228871,0.528519583771129,483530.048191203,1050,490
17,2014,4,201404,0.234818909765957,0.292272770891292,0.472908319342751,0.527091680657249,1033553.21444084,2296,930
21,2014,4,201404,0.26231621137833,0.259355964691968,0.478327823929703,0.521672176070297,4612020.14260103,9132,4024
22,2014,4,201404,0.235049999879243,0.291715767182376,0.473234232938381,0.526765767061619,2409817.21203567,3578,1430
23,2014,4,201404,0.23736119818662,0.253707599641771,0.508931202171609,0.491068797828391,6733468.68443556,7701,3195
24,2014,4,201404,0.234718030429175,0.257587116809452,0.507694852761372,0.492305147238628,2530181.78976296,3330,1299
25,2014,4,201404,0.237355421171145,0.25807680248217,0.504567776346686,0.495432223653314,2919072.62306773,4094,1669
26,2014,4,201404,0.230266519686826,0.235810076633742,0.533923403679432,0.466076596320568,6886501.28451308,5693,2475
27,2014,4,201404,0.227351523875533,0.240726112811358,0.531922363313109,0.468077636686891,2321716.38514185,5588,2648
28,2014,4,201404,0.247310382319168,0.251409637444888,0.501279980235945,0.498720019764055,1557890.87520632,2902,1142
29,2014,4,201404,0.232469430598009,0.261501368318515,0.506029201083475,0.493970798916525,10548229.561521,7198,2750
31,2014,4,201404,0.193522742262734,0.274109325558316,0.53236793217895,0.46763206782105,16049633.4176791,11079,4129
32,2014,4,201404,0.201237552379294,0.276239476066376,0.522522971554331,0.477477028445669,2870526.44240542,5823,2217
33,2014,4,201404,0.186994132619523,0.23754127864517,0.575464588735306,0.424535411264694,13580518.4565056,10787,4215
35,2014,4,201404,0.185469020825611,0.248787718669471,0.565743260504919,0.434256739495081,34613250.5133441,12224,4209
41,2014,4,201404,0.194159514189866,0.280824702868227,0.525015782941908,0.474984217058093,8665036.17961299,8104,3882
42,2014,4,201404,0.200607069267231,0.284833324500596,0.514559606232173,0.485440393767827,5451009.33273679,8551,4065
43,2014,4,201404,0.190689659169902,0.280707655905964,0.528602684924134,0.471397315075866,9012026.42229371,8207,3728
50,2014,4,201404,0.212583716836096,0.237023441102795,0.55039284206111,0.44960715793889,1964252.75700851,3209,1301
51,2014,4,201404,0.210839810902894,0.221532604885428,0.567627584211677,0.432372415788323,2388920.5301884,3616,1456
52,2014,4,201404,0.216723211569433,0.247309828958799,0.535966959471768,0.464033040528232,5093013.72805614,5179,1881
53,2014,4,201404,0.207438142297584,0.192019082666771,0.600542775035645,0.399457224964355,2109741.89844237,2478,1047
11,2014,5,201405,0.260567495573314,0.274937655796766,0.46449484862992,0.53550515137008,1192024.49157667,2359,1073
12,2014,5,201405,0.235373579405847,0.263981156336139,0.500645264258014,0.499354735741986,554590.297930864,2804,1364
13,2014,5,201405,0.254112856072388,0.296139410528839,0.449747733398773,0.550252266601227,2575327.9666177,3847,1743
14,2014,5,201405,0.241341659466846,0.294338415898051,0.464319924635103,0.535680075364897,318846.166744761,1602,710
15,2014,5,201405,0.260391127042185,0.291868357151449,0.447740515806366,0.552259484193634,5673148.1458439,5218,2228
16,2014,5,201405,0.220105394895111,0.291966322641221,0.487928282463668,0.512071717536332,471586.933386906,1140,507
17,2014,5,201405,0.244960878252631,0.29298464009468,0.46205448165269,0.53794551834731,1089781.98348376,2048,787
21,2014,5,201405,0.25204349773758,0.280534526445263,0.467421975817157,0.532578024182843,4740974.9204505,8842,3973
22,2014,5,201405,0.244673885582878,0.262176726570505,0.493149387846617,0.506850612153383,2549744.89619329,3403,1380
23,2014,5,201405,0.245075884257629,0.254981452062943,0.499942663679428,0.500057336320572,6496013.98516147,7556,3134
24,2014,5,201405,0.220411073038838,0.251466598704015,0.528122328257147,0.471877671742853,2514586.32002846,2795,1143
25,2014,5,201405,0.241653694476985,0.248760586279612,0.509585719243403,0.490414280756597,2869402.85306539,3798,1539
26,2014,5,201405,0.230315480503425,0.240670289907286,0.529014229589289,0.470985770410711,6385879.30646005,5362,2362
27,2014,5,201405,0.237884499446462,0.254766081867121,0.507349418686417,0.492650581313583,2238893.42667265,5265,2607
28,2014,5,201405,0.253611030214723,0.26020164208172,0.486187327703557,0.513812672296443,1497981.31103024,2622,993
29,2014,5,201405,0.225274522857558,0.290277923824205,0.484447553318237,0.515552446681763,10985353.8800305,7090,2590
31,2014,5,201405,0.20215786845457,0.281635492344493,0.516206639200938,0.483793360799063,16320459.1678867,11270,3979
32,2014,5,201405,0.20415080343912,0.274459281748097,0.521389914812783,0.478610085187217,2971245.24867284,5369,1964
33,2014,5,201405,0.192058275285469,0.253316847142673,0.554624877571858,0.445375122428142,13302048.9973676,10630,3988
35,2014,5,201405,0.194532801906313,0.248814526986309,0.556652671107378,0.443347328892622,34779336.5022974,11453,4029
41,2014,5,201405,0.18857684461414,0.287969784141221,0.523453371244639,0.476546628755361,8417794.53047876,7770,3646
42,2014,5,201405,0.184429741773636,0.294253850723585,0.521316407502779,0.478683592497221,5327661.24774744,8502,4084
43,2014,5,201405,0.181035196842561,0.276672827149792,0.542291976007647,0.457708023992353,8911710.10924579,7941,3591
50,2014,5,201405,0.224208525988445,0.242317590362959,0.533473883648597,0.466526116351403,1918320.31913282,2840,1022
51,2014,5,201405,0.206219006944947,0.249408099145656,0.544372893909398,0.455627106090602,2483472.88306901,3766,1470
52,2014,5,201405,0.208030054288735,0.232227627839589,0.559742317871677,0.440257682128323,4769076.67953154,4607,1724
53,2014,5,201405,0.213476579762451,0.22816371179935,0.558359708438199,0.441640291561801,2227929.49814652,2557,1016
11,2014,6,201406,0.241970273477093,0.284966411735508,0.473063314787399,0.526936685212601,1207497.46133191,2496,1140
12,2014,6,201406,0.249696312048831,0.262205869276188,0.488097818674981,0.511902181325019,583275.44313085,2829,1351
13,2014,6,201406,0.250585751298829,0.283105731497863,0.466308517203308,0.533691482796692,2580827.88940455,4094,1840
14,2014,6,201406,0.247130515573575,0.286505159871897,0.466364324554528,0.533635675445473,311509.120200285,1440,631
15,2014,6,201406,0.251155208409959,0.286479699786704,0.462365091803337,0.537634908196663,5698025.7867073,5049,2158
16,2014,6,201406,0.250397487359009,0.287045730194056,0.462556782446935,0.537443217553065,557194.053400324,1118,467
17,2014,6,201406,0.235077903533952,0.289187799705937,0.475734296760112,0.524265703239888,1015178.88237466,1961,817
21,2014,6,201406,0.254026224317647,0.271062773676652,0.474911002005701,0.525088997994299,4756659.44351333,8889,3929
22,2014,6,201406,0.235271406238353,0.267739260734897,0.49698933302675,0.50301066697325,2404507.54244381,3455,1377
23,2014,6,201406,0.233181153122013,0.258325889622005,0.508492957255982,0.491507042744018,6462723.90306419,7743,3321
24,2014,6,201406,0.238884806729893,0.24826144800786,0.512853745262247,0.487146254737753,2591899.22482068,3085,1230
25,2014,6,201406,0.238321483386184,0.248548682106993,0.513129834506824,0.486870165493176,2962238.06973513,3815,1560
26,2014,6,201406,0.233504360116356,0.245077647500108,0.521417992383536,0.478582007616464,6935207.03843865,5539,2360
27,2014,6,201406,0.223866292707876,0.247972574664756,0.528161132627368,0.471838867372632,2352682.48834079,5619,2717
28,2014,6,201406,0.237019597013283,0.241127089786871,0.521853313199846,0.478146686800154,1700494.69669606,3002,1321
29,2014,6,201406,0.237955226442765,0.269258864088127,0.492785909469108,0.507214090530892,10754496.7580494,7146,2601
31,2014,6,201406,0.189525811000834,0.278559005429443,0.531915183569724,0.468084816430276,15850301.1609932,11228,3948
32,2014,6,201406,0.205416445498964,0.27251583311562,0.522067721385416,0.477932278614584,2973869.54946933,5361,2134
33,2014,6,201406,0.185081320528592,0.257404379779486,0.557514299691922,0.442485700308078,13423181.492807,10724,4034
35,2014,6,201406,0.190345812054487,0.245161745212436,0.564492442733077,0.435507557266923,35596577.4304271,11555,4173
41,2014,6,201406,0.188511743998238,0.285041411903911,0.52644684409785,0.47355315590215,8587950.10566601,8240,3955
42,2014,6,201406,0.186352043503318,0.28778189241036,0.525866064086322,0.474133935913678,5230304.27551527,7959,3771
43,2014,6,201406,0.189188014910031,0.267941861786004,0.542870123303965,0.457129876696035,8445473.04713936,7857,3627
50,2014,6,201406,0.199354644269307,0.227810096883624,0.572835258847069,0.427164741152931,1819595.36690954,3170,1157
51,2014,6,201406,0.245121320533188,0.235673275398786,0.519205404068027,0.480794595931973,2568265.45320315,3600,1427
52,2014,6,201406,0.228086352914966,0.243054879139031,0.528858767946004,0.471141232053996,4862720.55623742,4686,1717
53,2014,6,201406,0.206912289978753,0.213006608560233,0.580081101461014,0.419918898538986,2168904.98855699,2681,1123
11,2014,7,201407,0.242217004481745,0.280627946147951,0.477155049370305,0.522844950629695,1286593.10506099,2593,1196
12,2014,7,201407,0.25327828255532,0.26619910545478,0.480522611989899,0.519477388010101,507568.456132411,2541,1185
13,2014,7,201407,0.227944718723072,0.307848118750507,0.464207162526421,0.535792837473579,2459003.38400971,3708,1694
14,2014,7,201407,0.255785247178328,0.293943208308845,0.450271544512827,0.549728455487173,326178.681117156,1525,645
15,2014,7,201407,0.249049491896204,0.29316895044461,0.457781557659186,0.542218442340814,5727133.92605213,5067,2264
16,2014,7,201407,0.210732854958901,0.308358978846913,0.480908166194186,0.519091833805814,502471.175840925,1048,431
17,2014,7,201407,0.240059396704856,0.291773478982187,0.468167124312957,0.531832875687043,1052000.70181547,2225,925
21,2014,7,201407,0.267207289764092,0.274040790053076,0.458751920182833,0.541248079817167,4640513.41294123,9057,3975
22,2014,7,201407,0.250823957656843,0.286412024641704,0.462764017701453,0.537235982298547,2373033.73974546,3533,1430
23,2014,7,201407,0.240641006235879,0.259161772983654,0.500197220780467,0.499802779219533,6853598.60603148,7963,3307
24,2014,7,201407,0.219574861777028,0.252425964598443,0.527999173624529,0.472000826375472,2519563.8077392,3162,1202
25,2014,7,201407,0.234355160439861,0.263285439189597,0.502359400370542,0.497640599629458,2922892.69150544,4097,1674
26,2014,7,201407,0.2295862741395,0.250022337523677,0.520391388336822,0.479608611663178,6922129.42714284,5716,2417
27,2014,7,201407,0.22979378280279,0.239313151346343,0.530893065850866,0.469106934149134,2321683.58560512,5484,2635
28,2014,7,201407,0.250170721450957,0.262592360219875,0.487236918329168,0.512763081670832,1594871.73273468,3012,1115
29,2014,7,201407,0.225863595506066,0.26476044500774,0.509375959486194,0.490624040513806,10592098.7845355,7279,2814
31,2014,7,201407,0.190681314236038,0.280386850867742,0.528931834896221,0.47106816510378,16156526.8558266,11107,4062
32,2014,7,201407,0.197001189231768,0.272361035065487,0.530637775702745,0.469362224297255,2877643.10674561,5728,2230
33,2014,7,201407,0.187849198863469,0.254311181245088,0.557839619891443,0.442160380108557,13605773.4283379,10901,4236
35,2014,7,201407,0.186776979401877,0.249451437653606,0.563771582944518,0.436228417055482,34596518.1854557,12337,4316
41,2014,7,201407,0.194257865834664,0.279393099111529,0.526349035053808,0.473650964946193,8643751.35511615,7978,3771
42,2014,7,201407,0.199347254038216,0.281204264199468,0.519448481762316,0.480551518237685,5409863.953327,8423,4028
43,2014,7,201407,0.191089594307203,0.2749083830839,0.534002022608898,0.465997977391102,8913067.16840874,7990,3685
50,2014,7,201407,0.212985715133317,0.238709845549925,0.548304439316758,0.451695560683242,1984263.39631595,3197,1273
51,2014,7,201407,0.211427936069608,0.235967016738571,0.552605047191821,0.447394952808179,2351473.67597562,3686,1458
52,2014,7,201407,0.213418031287208,0.247505158404241,0.53907681030855,0.46092318969145,5111956.30670332,5185,1925
53,2014,7,201407,0.202537570441736,0.200279776413257,0.597182653145007,0.402817346854993,2207545.67263433,2555,1089
11,2014,8,201408,0.265225370345806,0.271713149196334,0.46306148045786,0.53693851954214,1194545.34482573,2370,1085
12,2014,8,201408,0.252951695874787,0.257841524287702,0.489206779837511,0.510793220162489,566952.361257322,2740,1319
13,2014,8,201408,0.25666327501644,0.290044128812293,0.453292596171267,0.546707403828734,2630529.11260508,3909,1806
14,2014,8,201408,0.247606146153021,0.29371905163291,0.458674802214069,0.541325197785931,342307.798700111,1668,718
15,2014,8,201408,0.25165762724716,0.292252134745023,0.456090238007817,0.543909761992183,5673720.71480854,5189,2295
16,2014,8,201408,0.23664859723223,0.277411344077243,0.485940058690527,0.514059941309473,494764.944132355,1159,522
17,2014,8,201408,0.248540944222461,0.276403645428612,0.475055410348927,0.524944589651073,1078456.08068243,2003,751
21,2014,8,201408,0.242994436102697,0.285723762741443,0.47128180115586,0.52871819884414,4772356.83026037,9073,3989
22,2014,8,201408,0.226027403782515,0.27871656416185,0.495256032055635,0.504743967944365,2642929.10424884,3447,1411
23,2014,8,201408,0.24658516604629,0.258477783858562,0.494937050095148,0.505062949904852,6507998.58369019,7806,3287
24,2014,8,201408,0.224224578618158,0.260324600944357,0.515450820437486,0.484549179562514,2595687.1484326,2806,1130
25,2014,8,201408,0.234584876651011,0.261370011730355,0.504045111618634,0.495954888381366,2846533.15185067,3800,1507
26,2014,8,201408,0.230540358720039,0.238978075884819,0.530481565395142,0.469518434604858,6517677.39888564,5417,2298
27,2014,8,201408,0.237642134094971,0.249503703355752,0.512854162549277,0.487145837450723,2314838.38179097,5384,2700
28,2014,8,201408,0.254030661914174,0.265832511311083,0.480136826774742,0.519863173225258,1489414.32259264,2697,1069
29,2014,8,201408,0.228131273890499,0.277508767237285,0.494359958872216,0.505640041127784,10938628.1293453,7094,2659
31,2014,8,201408,0.197362274919792,0.276657629919762,0.525980095160445,0.474019904839555,16467614.136251,11244,3967
32,2014,8,201408,0.211882505774038,0.266291191589461,0.521826302636501,0.478173697363499,3002713.11642231,5400,2020
33,2014,8,201408,0.205687686751447,0.249087566613643,0.54522474663491,0.45477525336509,13574265.1682787,10776,4140
35,2014,8,201408,0.190041758847078,0.246214505276381,0.563743735876542,0.436256264123458,34204778.9905602,11411,3969
41,2014,8,201408,0.199653636937004,0.288286725542641,0.512059637520355,0.487940362479645,8435363.34850916,7690,3497
42,2014,8,201408,0.180860495429453,0.292114910094097,0.52702459447645,0.47297540552355,5384056.39011917,8878,4235
43,2014,8,201408,0.18234095225344,0.273595686175864,0.544063361570696,0.455936638429304,8950117.72703237,7948,3658
50,2014,8,201408,0.216168764169091,0.240205802006624,0.543625433824285,0.456374566175715,1948148.2461056,2851,1042
51,2014,8,201408,0.209672524935879,0.247919549102076,0.542407925962046,0.457592074037954,2419470.8068244,3705,1393
52,2014,8,201408,0.210143077617,0.242992071781633,0.546864850601367,0.453135149398634,4852479.16094338,4670,1776
53,2014,8,201408,0.19960299150238,0.216999317129957,0.583397691367663,0.416602308632337,2193156.71868446,2496,991
11,2014,9,201409,0.251757556668963,0.281816129098797,0.466426314232241,0.53357368576776,1218717.32439228,2498,1123
12,2014,9,201409,0.238954328623783,0.260992091271294,0.500053580104923,0.499946419895077,582954.628714244,2776,1349
13,2014,9,201409,0.254977952018323,0.279200721405601,0.465821326576076,0.534178673423924,2560989.13142558,4086,1832
14,2014,9,201409,0.255529523872381,0.262978290103201,0.481492186024419,0.518507813975582,315599.801600074,1510,679
15,2014,9,201409,0.24851694188248,0.292210860168937,0.459272197948583,0.540727802051417,5812564.80352804,5236,2185
16,2014,9,201409,0.247741564911697,0.292888376315063,0.45937005877324,0.54062994122676,545677.746962786,1094,473
17,2014,9,201409,0.26328704350501,0.280553852867561,0.456159103627429,0.543840896372571,1025361.4668252,2029,823
21,2014,9,201409,0.25458307547565,0.27280110250663,0.47261582201772,0.52738417798228,4797900.91541142,9087,4044
22,2014,9,201409,0.2379751766379,0.277256871814277,0.484767951547824,0.515232048452176,2406417.310629,3453,1393
23,2014,9,201409,0.232889084896605,0.255376780560074,0.511734134543321,0.48826586545668,6494039.73773431,7815,3215
24,2014,9,201409,0.231426682985426,0.256996983826622,0.511576333187953,0.488423666812048,2540192.30870337,3148,1267
25,2014,9,201409,0.229774435358272,0.258453151167906,0.511772413473822,0.488227586526178,3029658.51775621,3945,1589
26,2014,9,201409,0.236102695026024,0.25560411353983,0.508293191434146,0.491706808565854,6925488.00797148,5614,2360
27,2014,9,201409,0.218242546316236,0.260983495562857,0.520773958120907,0.479226041879093,2324839.24159973,5598,2684
28,2014,9,201409,0.23143041493927,0.270285429581904,0.498284155478826,0.501715844521175,1707671.60512993,3066,1266
29,2014,9,201409,0.2362538713816,0.278261909797365,0.485484218821035,0.514515781178965,10884394.7375992,7251,2631
31,2014,9,201409,0.196097073322312,0.279138334696413,0.524764591981275,0.475235408018725,15745955.6151415,11202,3999
32,2014,9,201409,0.196413983252782,0.279630949323968,0.523955067423251,0.476044932576749,2975607.00151095,5502,2130
33,2014,9,201409,0.18764792674955,0.249183630601478,0.563168442648972,0.436831557351028,13561501.134671,10899,4025
35,2014,9,201409,0.194789280476431,0.242822481658425,0.562388237865144,0.437611762134856,35456458.3106631,11765,4204
41,2014,9,201409,0.200099264294082,0.279246199886289,0.520654535819629,0.479345464180372,8673913.09824353,8328,3910
42,2014,9,201409,0.190269266987904,0.285198986340905,0.524531746671191,0.475468253328809,5354876.50309226,8684,4090
43,2014,9,201409,0.187038524000066,0.275993688637904,0.53696778736203,0.463032212637971,8473695.30385434,7985,3641
50,2014,9,201409,0.205248442701456,0.222116419920908,0.572635137377635,0.427364862622365,1843350.29920501,3267,1218
51,2014,9,201409,0.229350423956993,0.237295591223206,0.533353984819801,0.466646015180199,2568106.92305091,3686,1439
52,2014,9,201409,0.22108908407668,0.244862334292491,0.534048581630829,0.465951418369171,4965549.59921449,4793,1790
53,2014,9,201409,0.210572022275726,0.214269742960631,0.575158234763643,0.424841765236357,2113357.87551738,2600,1086
11,2014,10,201410,0.241736402430289,0.290215747526021,0.46804785004369,0.53195214995631,1333027.03637667,2635,1221
12,2014,10,201410,0.2454639904382,0.272560907288332,0.481975102273468,0.518024897726532,505200.176680194,2606,1262
13,2014,10,201410,0.232076580591722,0.281925694717291,0.485997724690987,0.514002275309013,2507538.84978509,3715,1730
14,2014,10,201410,0.236078829542563,0.308934875878029,0.454986294579408,0.545013705420592,323610.372859402,1488,618
15,2014,10,201410,0.241063108435716,0.29748141871071,0.461455472853574,0.538544527146426,5765098.54826911,5271,2258
16,2014,10,201410,0.239890857546749,0.298919306508718,0.461189835944533,0.538810164055467,463580.806256618,995,422
17,2014,10,201410,0.242895233205606,0.284803198330375,0.472301568464019,0.527698431535981,1022738.36902679,2202,912
21,2014,10,201410,0.253019549158536,0.277095017219151,0.469885433622313,0.530114566377687,4632042.04226245,9100,3948
22,2014,10,201410,0.24054985535191,0.290389002259904,0.469061142388186,0.530938857611815,2365164.2716761,3589,1437
23,2014,10,201410,0.241560539522987,0.260129295523359,0.498310164953655,0.501689835046346,6951891.82704149,7993,3331
24,2014,10,201410,0.221815247912711,0.266392785566697,0.511791966520592,0.488208033479408,2506623.03991043,3354,1303
25,2014,10,201410,0.221487016398613,0.270681648985962,0.507831334615425,0.492168665384575,2889566.45760253,4202,1722
26,2014,10,201410,0.226827535046942,0.250514991968192,0.522657472984866,0.477342527015134,6913186.48360178,5731,2433
27,2014,10,201410,0.228615006910435,0.257750581018534,0.513634412071032,0.486365587928968,2299682.23962928,5589,2578
28,2014,10,201410,0.264817926774618,0.258990925910333,0.47619114731505,0.52380885268495,1609317.69985093,2993,1141
29,2014,10,201410,0.237301049619073,0.272085565539041,0.490613384841886,0.509386615158114,10851333.7350016,7440,2890
31,2014,10,201410,0.193427739530993,0.278150546620882,0.528421713848125,0.471578286151875,16120591.0970515,11134,4083
32,2014,10,201410,0.193271333870916,0.259539975248957,0.547188690880126,0.452811309119874,2922230.11134719,5848,2181
33,2014,10,201410,0.19611902546181,0.242667478875126,0.561213495663064,0.438786504336936,13665954.6701584,10941,4300
35,2014,10,201410,0.188547840594426,0.259399339206712,0.552052820198862,0.447947179801138,34706311.0777972,12367,4295
41,2014,10,201410,0.190047011145858,0.286342866095968,0.523610122758174,0.476389877241826,8746673.07217526,8099,3842
42,2014,10,201410,0.194860059679512,0.282638553784826,0.522501386535662,0.477498613464338,5384820.78981921,8895,4141
43,2014,10,201410,0.18883656508907,0.278288271793434,0.532875163117497,0.467124836882503,8919737.59061357,8145,3692
50,2014,10,201410,0.224250616942615,0.247726492061609,0.528022890995776,0.471977109004224,1975577.32359875,3231,1205
51,2014,10,201410,0.210521231692692,0.223729960240325,0.565748808066983,0.434251191933017,2363905.06202623,3680,1418
52,2014,10,201410,0.211315169897179,0.24022650282984,0.548458327272981,0.451541672727019,5056454.17324771,5222,1959
53,2014,10,201410,0.211739095108152,0.185581488482388,0.60267941640946,0.39732058359054,2211194.78589819,2533,1142
11,2014,11,201411,0.265854380018779,0.289479656147429,0.444665963833792,0.555334036166208,1211908.648196,2379,1053
12,2014,11,201411,0.265856544101682,0.272314356410261,0.461829099488057,0.538170900511943,567753.922183444,2761,1299
13,2014,11,201411,0.247067747115639,0.284688816236426,0.468243436647935,0.531756563352065,2640394.10925807,3908,1830
14,2014,11,201411,0.264718320299418,0.275758443439671,0.459523236260911,0.54047676373909,349327.116610363,1696,731
15,2014,11,201411,0.250619799683213,0.299937908598219,0.449442291718568,0.550557708281432,5576401.57551054,5219,2264
16,2014,11,201411,0.249237502220994,0.273741669020555,0.477020828758451,0.522979171241549,521159.563978727,1179,505
17,2014,11,201411,0.2549523213515,0.294265336638607,0.450782342009893,0.549217657990107,1047176.01335921,1985,759
21,2014,11,201411,0.255371804780093,0.282862664437315,0.461765530782592,0.538234469217408,4831378.25155972,9122,3985
22,2014,11,201411,0.242187284253552,0.27732581082364,0.480486904922808,0.519513095077192,2580439.95061581,3419,1404
23,2014,11,201411,0.249466827859953,0.259794395246808,0.490738776893238,0.509261223106762,6434148.34711702,7748,3266
24,2014,11,201411,0.226025868097982,0.264784792735899,0.50918933916612,0.49081066083388,2609441.8068042,2908,1139
25,2014,11,201411,0.225844205106511,0.273431214150718,0.50072458074277,0.49927541925723,2901150.98761404,3953,1634
26,2014,11,201411,0.229045676865789,0.247596765086626,0.523357558047585,0.476642441952415,6743302.12040491,5563,2389
27,2014,11,201411,0.239517699729901,0.241097886273807,0.519384413996292,0.480615586003708,2326989.35251879,5490,2669
28,2014,11,201411,0.240187966921977,0.275378286342724,0.484433746735299,0.515566253264701,1493819.73784109,2744,1053
29,2014,11,201411,0.233350641855221,0.284467348583446,0.482182009561333,0.517817990438667,10977808.1124956,7020,2603
31,2014,11,201411,0.194051402125953,0.281703653142946,0.524244944731101,0.475755055268899,16525221.5909176,11161,4059
32,2014,11,201411,0.206190201573388,0.271161920336642,0.52264787808997,0.47735212191003,3042258.7195537,5506,2090
33,2014,11,201411,0.190236261362317,0.245658677935216,0.564105060702466,0.435894939297534,13637380.5128245,10547,4032
35,2014,11,201411,0.195739425441304,0.255972023096355,0.548288551462341,0.451711448537659,34401914.502571,11350,3876
41,2014,11,201411,0.187175476497438,0.288992870458925,0.523831653043637,0.476168346956363,8464270.67091685,7619,3551
42,2014,11,201411,0.185965495994703,0.28921515829158,0.524819345713717,0.475180654286283,5468199.17265745,9124,4287
43,2014,11,201411,0.18945323670208,0.274809239673438,0.535737523624482,0.464262476375518,8675164.47229536,7813,3558
50,2014,11,201411,0.217056213202501,0.254526005349126,0.528417781448373,0.471582218551627,1959104.08087913,2871,1052
51,2014,11,201411,0.217788520917365,0.227804883160181,0.554406595922455,0.445593404077545,2389115.07736654,3609,1424
52,2014,11,201411,0.214491849552657,0.24539151354089,0.540116636906453,0.459883363093547,4939571.45939129,4774,1826
53,2014,11,201411,0.211123626844232,0.201430525181962,0.587445847973806,0.412554152026194,2101200.79510819,2359,970
11,2014,12,201412,0.243339230974852,0.28907844536124,0.467582323663908,0.532417676336092,1165644.49116346,2417,1066
12,2014,12,201412,0.244546729069358,0.27712408087335,0.478329190057293,0.521670809942707,592253.988898668,2679,1340
13,2014,12,201412,0.246380803195622,0.293599570193718,0.46001962661066,0.53998037338934,2564327.06740628,4034,1814
14,2014,12,201412,0.259135601493535,0.294984404368267,0.445879994138199,0.554120005861801,324173.534450198,1488,606
15,2014,12,201412,0.244048997146486,0.296870942608759,0.459080060244756,0.540919939755245,5814917.58262411,5168,2177
16,2014,12,201412,0.245279520630932,0.263800020672612,0.490920458696457,0.509079541303543,557682.110184884,1035,474
17,2014,12,201412,0.240163651080896,0.282184757740662,0.477651591178442,0.522348408821558,1029958.60672847,1976,805
21,2014,12,201412,0.252145906042104,0.280665286969638,0.467188806988258,0.532811193011742,4796424.04517674,8932,3930
22,2014,12,201412,0.231254053234443,0.277991667630582,0.490754279134975,0.509245720865025,2466868.45002381,3422,1370
23,2014,12,201412,0.23593985932788,0.250693594209167,0.513366546462953,0.486633453537047,6358027.51870237,7519,3161
24,2014,12,201412,0.235698849913555,0.259335302107666,0.504965847978778,0.495034152021222,2538864.1770792,3191,1292
25,2014,12,201412,0.230078409400881,0.264303266279582,0.505618324319537,0.494381675680463,3027721.59008342,3936,1566
26,2014,12,201412,0.233389889666832,0.249581059452582,0.517029050880586,0.482970949119414,6872490.65928471,5484,2331
27,2014,12,201412,0.227740734098374,0.253750922124405,0.51850834377722,0.48149165622278,2364347.46625855,5668,2736
28,2014,12,201412,0.240816608247066,0.256506059785062,0.502677331967872,0.497322668032128,1660109.77237426,2975,1219
29,2014,12,201412,0.236172961562093,0.277032558452865,0.486794479985042,0.513205520014958,10703177.5146552,7098,2581
31,2014,12,201412,0.198576822629835,0.276228682685142,0.525194494685023,0.474805505314977,15916861.8417905,11107,3983
32,2014,12,201412,0.204962338354926,0.266648349165113,0.528389312479961,0.471610687520039,2906263.37069972,5315,2017
33,2014,12,201412,0.192848662972433,0.244396682935329,0.562754654092239,0.437245345907762,13653989.3386233,10709,3947
35,2014,12,201412,0.204382040397306,0.241784526819159,0.553833432783535,0.446166567216466,35823540.2671349,11546,4103
41,2014,12,201412,0.198384377374569,0.275681180051997,0.525934442573434,0.474065557426566,8677299.39732412,8244,3910
42,2014,12,201412,0.193919333958983,0.277922423870464,0.528158242170553,0.471841757829447,5393311.73050689,8622,4094
43,2014,12,201412,0.198858964600863,0.274318202107225,0.526822833291912,0.473177166708088,8690489.26928788,8104,3685
50,2014,12,201412,0.211264626011665,0.23315821548186,0.555577158506475,0.444422841493526,1834199.53882701,3055,1183
51,2014,12,201412,0.213251443034495,0.234787418085107,0.551961138880398,0.448038861119602,2573914.10447215,3624,1407
52,2014,12,201412,0.214553954350679,0.241495088175456,0.543950957473865,0.456049042526135,5056697.19553995,4743,1785
53,2014,12,201412,0.21137148164151,0.210288091894436,0.578340426464055,0.421659573535946,2145222.96973298,2563,1068
11,2015,1,201501,0.253534910443001,0.2699832434829,0.476481846074098,0.523518153925902,1325017.0980826,2594,1187
12,2015,1,201501,0.239526644838421,0.260259859369585,0.500213495791994,0.499786504208006,507720.876489859,2536,1230
13,2015,1,201501,0.23041299073864,0.281533118194041,0.488053891067319,0.511946108932681,2537424.95147302,3704,1801
14,2015,1,201501,0.243713561117146,0.274924597161798,0.481361841721056,0.518638158278944,326401.206522119,1504,643
15,2015,1,201501,0.241310141858012,0.285327898400487,0.473361959741501,0.526638040258499,5795458.27299215,5232,2212
16,2015,1,201501,0.233526088833567,0.304369829761175,0.462104081405258,0.537895918594742,474914.617212593,1019,449
17,2015,1,201501,0.219649926823172,0.287242017064189,0.493108056112639,0.506891943887362,1070182.91602003,2225,909
21,2015,1,201501,0.249348295640113,0.271398791645199,0.479252912714689,0.520747087285312,4629746.59772797,8935,3869
22,2015,1,201501,0.232540677320543,0.27597580603067,0.491483516648787,0.508516483351213,2445338.20021179,3575,1486
23,2015,1,201501,0.23715089824359,0.257107343585198,0.505741758171211,0.494258241828789,6829570.15755137,7843,3397
24,2015,1,201501,0.212975594892389,0.266847933730502,0.520176471377108,0.479823528622892,2518959.18587696,3258,1291
25,2015,1,201501,0.226515476429695,0.277821929281587,0.495662594288719,0.504337405711281,2940976.74462294,4180,1708
26,2015,1,201501,0.234123380307941,0.247676333051133,0.518200286640926,0.481799713359074,6916162.72949752,5695,2401
27,2015,1,201501,0.219349161179161,0.251737036184113,0.528913802636727,0.471086197363273,2285516.12617477,5533,2596
28,2015,1,201501,0.263907706389527,0.255532589318072,0.480559704292401,0.519440295707599,1658205.8986444,2971,1139
29,2015,1,201501,0.228133542738398,0.266792360278944,0.505074096982658,0.494925903017342,10949288.7194055,7332,2749
31,2015,1,201501,0.189065034976794,0.267627477820472,0.543307487202735,0.456692512797266,16215171.4880544,10932,3984
32,2015,1,201501,0.198407237144143,0.251816006324383,0.549776756531474,0.450223243468526,2912493.4198492,5639,2135
33,2015,1,201501,0.194010295898182,0.242761829727192,0.563227874374626,0.436772125625375,13962792.2917057,11041,4257
35,2015,1,201501,0.187296150902783,0.252104527994869,0.560599321102348,0.439400678897652,34553251.2536421,12234,4301
41,2015,1,201501,0.197182467889159,0.277395543506684,0.525421988604158,0.474578011395842,8739320.92672608,8027,3756
42,2015,1,201501,0.195611432473309,0.274538872755387,0.529849694771304,0.470150305228696,5487856.42695752,8964,4188
43,2015,1,201501,0.184938280068352,0.27673467538053,0.538327044551118,0.461672955448882,8923002.47985244,8000,3573
50,2015,1,201501,0.20728194625608,0.237823601701062,0.554894452042858,0.445105547957142,1961530.92999255,3112,1182
51,2015,1,201501,0.200988901068738,0.24279288380102,0.556218215130242,0.443781784869758,2367722.34991947,3684,1368
52,2015,1,201501,0.219133268059669,0.244514790871621,0.536351941068709,0.463648058931291,5053946.58275346,5203,1972
53,2015,1,201501,0.206325291576868,0.194309631296042,0.599365077127091,0.400634922872909,2197621.64597,2397,1027
11,2015,2,201502,0.256751748232151,0.270051606359873,0.473196645407976,0.526803354592024,1187579.20154925,2345,1112
12,2015,2,201502,0.264815046519762,0.256961140336253,0.478223813143985,0.521776186856015,577886.162936544,2679,1297
13,2015,2,201502,0.238692992390296,0.284774161753335,0.476532845856369,0.523467154143631,2611499.14596215,3830,1818
14,2015,2,201502,0.250057463653654,0.272638490489794,0.477304045856552,0.522695954143448,341622.641241142,1645,728
15,2015,2,201502,0.240083597789677,0.280534813651381,0.479381588558942,0.520618411441058,5654206.99875437,5183,2232
16,2015,2,201502,0.236135557497803,0.28564528606137,0.478219156440828,0.521780843559172,497804.193145351,1151,506
17,2015,2,201502,0.251505118564899,0.26046690209073,0.488027979344371,0.511972020655629,1022854.66202556,2007,796
21,2015,2,201502,0.251766843312099,0.265575171501295,0.482657985186606,0.517342014813394,4862940.72273187,9005,3934
22,2015,2,201502,0.237832486582338,0.265629755407271,0.496537758010391,0.503462241989609,2544725.02325599,3408,1413
23,2015,2,201502,0.252218602401799,0.249114228707009,0.498667168891192,0.501332831108808,6615473.32334953,7822,3205
24,2015,2,201502,0.23094576977917,0.25393150047753,0.515122729743301,0.4848772702567,2597717.33298468,2867,1094
25,2015,2,201502,0.243201993820569,0.251842929610603,0.504955076568828,0.495044923431172,2956761.21582952,4028,1604
26,2015,2,201502,0.235502850031758,0.247846651647651,0.516650498320592,0.483349501679408,6599534.42985013,5362,2311
27,2015,2,201502,0.232123937683603,0.247071003838841,0.520805058477556,0.479194941522444,2361134.12314686,5555,2629
28,2015,2,201502,0.25856825709674,0.254886730857793,0.486545012045467,0.513454987954533,1529219.67235141,2754,1062
29,2015,2,201502,0.229573397928687,0.266361356468646,0.504065245602667,0.495934754397333,10912122.4024392,6967,2624
31,2015,2,201502,0.191352058883611,0.276308731284464,0.532339209831924,0.467660790168076,16456523.0597039,11134,4021
32,2015,2,201502,0.202942865153472,0.250700058982775,0.546357075863753,0.453642924136247,3088446.97226426,5516,2085
33,2015,2,201502,0.193520689151133,0.226154190544054,0.580325120304812,0.419674879695188,13746318.6037763,10730,4184
35,2015,2,201502,0.197504326102705,0.241319870954201,0.561175802943095,0.438824197056905,34590424.85209,11532,3951
41,2015,2,201502,0.196193737441505,0.283662063312393,0.520144199246102,0.479855800753898,8506753.2317297,7490,3450
42,2015,2,201502,0.180686772898506,0.277966286755511,0.541346940345983,0.458653059654017,5417147.3421453,9114,4211
43,2015,2,201502,0.184340958023328,0.273719148459612,0.54193989351706,0.45806010648294,8825510.99507249,7843,3558
50,2015,2,201502,0.22112140319851,0.238047331223868,0.540831265577622,0.459168734422378,1992900.5141866,2855,1076
51,2015,2,201502,0.205736516351327,0.242104932472172,0.552158551176501,0.447841448823499,2492718.14533745,3729,1406
52,2015,2,201502,0.216674307276263,0.22925110868891,0.554074584034828,0.445925415965172,4999238.4305379,4773,1784
53,2015,2,201502,0.193384437590374,0.203625109325428,0.602990453084198,0.397009546915802,2160080.27212045,2487,1015
11,2015,3,201503,0.242785114508329,0.271397050243548,0.485817835248123,0.514182164751877,1149978.9603864,2365,1061
12,2015,3,201503,0.243717007093639,0.258372800476955,0.497910192429407,0.502089807570593,580415.912969919,2654,1265
13,2015,3,201503,0.24050087772553,0.28948849475662,0.47001062751785,0.52998937248215,2550051.89591717,4039,1809
14,2015,3,201503,0.248504097773833,0.287590567493194,0.463905334732973,0.536094665267027,339054.691204014,1561,649
15,2015,3,201503,0.239349702075018,0.294974408731258,0.465675889193724,0.534324110806276,5755347.70587069,5195,2181
16,2015,3,201503,0.258535573398138,0.24947721023856,0.491987216363302,0.508012783636698,557095.519385743,1057,499
17,2015,3,201503,0.246168800868194,0.254281718713783,0.499549480418022,0.500450519581978,1038593.64288003,2053,881
21,2015,3,201503,0.248144668159536,0.269460206384639,0.482395125455825,0.517604874544175,4762299.7003327,9012,3927
22,2015,3,201503,0.233303767486761,0.286714736715513,0.479981495797725,0.520018504202275,2419290.97148936,3443,1362
23,2015,3,201503,0.243269992089397,0.247217694746206,0.509512313164397,0.490487686835603,6468012.72360427,7594,3215
24,2015,3,201503,0.215272344571109,0.24829527275804,0.536432382670851,0.463567617329149,2590716.46369263,3191,1267
25,2015,3,201503,0.233329392046304,0.25355271645502,0.513117891498676,0.486882108501324,2985964.5382697,3913,1598
26,2015,3,201503,0.228683865795923,0.231882897296978,0.5394332369071,0.4605667630929,6929312.32948318,5590,2384
27,2015,3,201503,0.237465228927445,0.247301059121812,0.515233711950743,0.484766288049257,2334830.78595563,5664,2699
28,2015,3,201503,0.243118985219376,0.240508640330644,0.51637237444998,0.48362762555002,1656079.69938512,2961,1203
29,2015,3,201503,0.227770545594529,0.268087446251811,0.50414200815366,0.49585799184634,10725515.2657839,7115,2503
31,2015,3,201503,0.196166625679271,0.272669981750252,0.531163392570478,0.468836607429522,16052131.3943428,11181,4022
32,2015,3,201503,0.199909912414571,0.266299038638285,0.533791048947144,0.466208951052856,2951289.61803249,5501,2083
33,2015,3,201503,0.192424981458176,0.242872483425881,0.564702535115943,0.435297464884057,13618627.0675982,10811,4028
35,2015,3,201503,0.203269893334438,0.238954059674571,0.557776046990991,0.442223953009009,36166687.9055579,11955,4228
41,2015,3,201503,0.192875907442286,0.266405797371483,0.540718295186231,0.459281704813769,8656902.22861449,8266,3926
42,2015,3,201503,0.193144456218425,0.279221150730311,0.527634393051265,0.472365606948735,5408235.17756339,8799,4089
43,2015,3,201503,0.196011767848813,0.266419921699212,0.537568310451975,0.462431689548025,8544790.81810193,8045,3650
50,2015,3,201503,0.20639134411686,0.231065974091421,0.562542681791719,0.437457318208281,1882360.6565946,3126,1197
51,2015,3,201503,0.222028982923363,0.232228262424318,0.545742754652319,0.454257245347681,2482556.3336179,3655,1451
52,2015,3,201503,0.210513475760819,0.237898865174471,0.55158765906471,0.44841234093529,5072229.86213786,4754,1770
53,2015,3,201503,0.201350576827307,0.200769134219184,0.597880288953509,0.402119711046491,2140351.24923722,2800,1151
11,2015,4,201504,0.254540301658167,0.279549147222196,0.465910551119637,0.534089448880363,1301129.05800317,2544,1181
12,2015,4,201504,0.241164420760554,0.264670852012961,0.494164727226485,0.505835272773515,511255.123557493,2615,1282
13,2015,4,201504,0.225141792399967,0.276783933189338,0.498074274410696,0.501925725589305,2551066.82694998,3722,1728
14,2015,4,201504,0.238744561401989,0.295412557808657,0.465842880789354,0.534157119210646,334053.457620494,1538,682
15,2015,4,201504,0.249086030997227,0.301560010635736,0.449353958367036,0.550646041632964,5778751.87373553,5232,2202
16,2015,4,201504,0.224457911953807,0.319119324797491,0.456422763248702,0.543577236751298,486822.838788084,984,437
17,2015,4,201504,0.236942166129794,0.274134850148674,0.488922983721532,0.511077016278469,1057062.42259091,2213,880
21,2015,4,201504,0.256050480867857,0.264935078890541,0.479014440241602,0.520985559758398,4701107.50676848,8985,3920
22,2015,4,201504,0.236591876535191,0.265039843780806,0.498368279684003,0.501631720315997,2440945.90043579,3542,1454
23,2015,4,201504,0.231335207738506,0.251930110651044,0.51673468161045,0.48326531838955,6883780.71904395,7769,3305
24,2015,4,201504,0.217589599477734,0.248459363177355,0.533951037344912,0.466048962655088,2465995.73051046,3302,1334
25,2015,4,201504,0.230009352530064,0.25086114466681,0.519129502803126,0.480870497196874,2980413.2325419,4164,1737
26,2015,4,201504,0.232050036865185,0.250596856637676,0.517353106497139,0.482646893502861,6748882.46114051,5543,2259
27,2015,4,201504,0.231040993395937,0.23870475716049,0.530254249443573,0.469745750556427,2289372.82625642,5535,2640
28,2015,4,201504,0.252265170388099,0.256343428181738,0.491391401430164,0.508608598569836,1705945.63698472,3044,1185
29,2015,4,201504,0.223569176283801,0.260428190862453,0.516002632853746,0.483997367146254,11307817.5276726,7414,2748
31,2015,4,201504,0.18783939178258,0.27078357159356,0.54137703662386,0.45862296337614,16223410.1044502,11006,4028
32,2015,4,201504,0.194129157464296,0.255975517534222,0.549895325001482,0.450104674998518,3028935.83298431,5719,2151
33,2015,4,201504,0.18552769772949,0.233463423941339,0.581008878329172,0.418991121670828,14030357.958683,10941,4219
35,2015,4,201504,0.190021887922338,0.250209928213585,0.559768183864078,0.440231816135922,34184495.3020366,12303,4290
41,2015,4,201504,0.186368575684951,0.276427478249025,0.537203946066024,0.462796053933976,8790274.79381099,7965,3767
42,2015,4,201504,0.199637023713656,0.281075486194427,0.519287490091917,0.480712509908083,5493259.77177908,8891,4141
43,2015,4,201504,0.185907657346676,0.264830496915419,0.549261845737905,0.450738154262095,8954234.68796026,8165,3651
50,2015,4,201504,0.20777896837088,0.22946915669144,0.56275187493768,0.43724812506232,1941696.36147467,3094,1188
51,2015,4,201504,0.203347855864066,0.23853205816964,0.558120085966294,0.441879914033706,2427760.32279325,3722,1418
52,2015,4,201504,0.216751996950318,0.244473679488014,0.538774323561667,0.461225676438333,5116156.69228177,5220,1939
53,2015,4,201504,0.214247870675039,0.212821648895034,0.572930480429927,0.427069519570073,2269676.57531118,2647,1147
11,2015,5,201505,0.255288758865358,0.258639362034555,0.486071879100087,0.513928120899914,1165613.36643031,2330,1134
12,2015,5,201505,0.256043264019891,0.257315068075043,0.486641667905066,0.513358332094935,568142.613098276,2668,1292
13,2015,5,201505,0.236906164795606,0.292086385314527,0.471007449889867,0.528992550110133,2632542.12437348,3688,1685
14,2015,5,201505,0.244621448391349,0.283417642342865,0.471960909265786,0.528039090734214,335473.175412471,1633,730
15,2015,5,201505,0.240861636328615,0.287703606856878,0.471434756814507,0.528565243185493,5717036.85679596,5244,2243
16,2015,5,201505,0.229448868221734,0.305611847817267,0.464939283961,0.535060716039001,492285.112015419,1174,482
17,2015,5,201505,0.254373558178919,0.272245678253772,0.473380763567309,0.526619236432691,1050900.62430176,2001,824
21,2015,5,201505,0.248312185145497,0.275659092512256,0.476028722342247,0.523971277657753,4775940.79271153,8857,3749
22,2015,5,201505,0.239220832185566,0.280112503989615,0.480666663824819,0.519333336175181,2520540.35765315,3372,1400
23,2015,5,201505,0.246909065582213,0.255076544969715,0.498014389448072,0.501985610551928,6636252.41373684,7863,3152
24,2015,5,201505,0.241955507329279,0.254444180103416,0.503600312567305,0.496399687432695,2706777.73765636,2921,1116
25,2015,5,201505,0.247469123439031,0.247719794186064,0.504811082374905,0.495188917625095,3010758.28790669,4049,1620
26,2015,5,201505,0.23242459742038,0.243220296418251,0.524355106161369,0.475644893838631,6475868.55691188,5342,2303
27,2015,5,201505,0.229302954105473,0.224052457790019,0.546644588104508,0.453355411895492,2316072.97373061,5613,2746
28,2015,5,201505,0.241349557793086,0.267173661865583,0.491476780341331,0.508523219658669,1536778.71784978,2840,1130
29,2015,5,201505,0.224271024649962,0.256147605085839,0.5195813702642,0.4804186297358,10905296.2482224,7083,2627
31,2015,5,201505,0.191506721569293,0.272387548946044,0.536105729484663,0.463894270515337,16162302.8513054,11106,3925
32,2015,5,201505,0.202904637471449,0.256600510897974,0.540494851630577,0.459505148369423,3061588.03205211,5494,2095
33,2015,5,201505,0.198498137342628,0.231546616873411,0.569955245783961,0.430044754216039,13556618.7058111,10361,3901
35,2015,5,201505,0.197568141047032,0.249553045440654,0.552878813512315,0.447121186487685,35550733.9294466,11739,4086
41,2015,5,201505,0.189169451634866,0.285626042785751,0.525204505579383,0.474795494420617,8503899.30132483,7572,3474
42,2015,5,201505,0.195094196054115,0.282268260931874,0.52263754301401,0.47736245698599,5567158.08736449,9345,4230
43,2015,5,201505,0.185584936521666,0.276564799711359,0.537850263766975,0.462149736233025,8867513.2643412,8062,3638
50,2015,5,201505,0.222147802007414,0.226035735635914,0.551816462356672,0.448183537643328,2002730.54834615,2872,1063
51,2015,5,201505,0.207461230596116,0.223474345318738,0.569064424085146,0.430935575914854,2433053.9798232,3679,1386
52,2015,5,201505,0.224068112756895,0.227225962894035,0.54870592434907,0.45129407565093,5018502.69287201,4738,1728
53,2015,5,201505,0.198588792091222,0.190570538542586,0.610840669366192,0.389159330633808,2159501.88433842,2515,997
11,2015,6,201506,0.23720445641444,0.285532070459179,0.477263473126381,0.522736526873619,1199171.35515902,2469,1125
12,2015,6,201506,0.244616090314999,0.27303097002132,0.482352939663681,0.517647060336319,587828.320476216,2725,1280
13,2015,6,201506,0.236483659964103,0.281274427906973,0.482241912128924,0.517758087871076,2536647.73540939,3986,1854
14,2015,6,201506,0.225258125708546,0.294479824617275,0.48026204967418,0.51973795032582,335810.515435397,1497,598
15,2015,6,201506,0.242947537880559,0.290501539899553,0.466550922219888,0.533449077780112,5804601.65057818,5024,2142
16,2015,6,201506,0.253038688565077,0.254763857332803,0.49219745410212,0.50780254589788,547952.760590743,1079,481
17,2015,6,201506,0.237882432728363,0.258868984261249,0.503248583010388,0.496751416989612,1024545.64919186,2037,840
21,2015,6,201506,0.240117381635338,0.272316587688155,0.487566030676506,0.512433969323494,4756972.86324684,9080,4030
22,2015,6,201506,0.245421875234566,0.268814479425685,0.48576364533975,0.51423635466025,2459169.503408,3406,1334
23,2015,6,201506,0.234548310568217,0.246294990649745,0.519156698782038,0.480843301217962,6507186.53162102,7603,3185
24,2015,6,201506,0.219421098590209,0.247439780053831,0.53313912135596,0.46686087864404,2490945.33939947,3191,1255
25,2015,6,201506,0.233902161894761,0.25190641023665,0.514191427868589,0.485808572131411,2982708.54641798,3857,1609
26,2015,6,201506,0.223172757761131,0.241208839722795,0.535618402516074,0.464381597483926,7146759.37780872,5707,2402
27,2015,6,201506,0.235861077926599,0.240971064498095,0.523167857575306,0.476832142424694,2367434.88151018,5740,2838
28,2015,6,201506,0.248357640751225,0.262473646483833,0.489168712764942,0.510831287235058,1659278.18238893,3001,1233
29,2015,6,201506,0.216555850841109,0.264347033443602,0.519097115715289,0.480902884284711,10729997.1503137,7131,2563
31,2015,6,201506,0.195681848297484,0.272353475438176,0.53196467626434,0.46803532373566,16391626.0210176,11306,3967
32,2015,6,201506,0.204938203057182,0.265485498332278,0.52957629861054,0.47042370138946,2964028.03748107,5442,2050
33,2015,6,201506,0.182923049152655,0.243995210224971,0.573081740622374,0.426918259377626,13713676.2901226,10868,3967
35,2015,6,201506,0.199337657868097,0.243282148253534,0.557380193878368,0.442619806121632,36062803.8207731,11876,4113
41,2015,6,201506,0.192410222437324,0.273662369632772,0.533927407929904,0.466072592070096,8672677.40711415,8334,3838
42,2015,6,201506,0.19213627439917,0.277640978910674,0.530222746690157,0.469777253309844,5518069.46532882,9008,4148
43,2015,6,201506,0.18571951194476,0.272418572310361,0.541861915744879,0.458138084255121,8617260.38507676,8086,3649
50,2015,6,201506,0.199857353033557,0.235240218448087,0.564902428518356,0.435097571481644,1877811.40310114,3152,1226
51,2015,6,201506,0.214890237353198,0.221996574083428,0.563113188563373,0.436886811436627,2448631.32681234,3670,1480
52,2015,6,201506,0.218474309574606,0.231248105378908,0.550277585046486,0.449722414953514,5037377.4504497,4798,1784
53,2015,6,201506,0.205233744321736,0.210217769380735,0.584548486297529,0.415451513702471,2054876.23497279,2666,1118
11,2015,7,201507,0.241760842789271,0.291984597828498,0.466254559382232,0.533745440617768,1325980.86440926,2575,1149
12,2015,7,201507,0.236070642533006,0.247837082655683,0.516092274811311,0.483907725188689,505297.744006223,2586,1282
13,2015,7,201507,0.238740363698345,0.289626508989634,0.47163312731202,0.52836687268798,2572052.24975858,3627,1638
14,2015,7,201507,0.24404815573844,0.291006944093695,0.464944900167866,0.535055099832134,337904.343622776,1512,665
15,2015,7,201507,0.257869315068274,0.292563618747476,0.44956706618425,0.55043293381575,5892035.7440714,5195,2125
16,2015,7,201507,0.248266095922122,0.28319594606739,0.468537958010488,0.531462041989512,487368.686845404,984,417
17,2015,7,201507,0.228603891423569,0.268625893092522,0.502770215483909,0.497229784516091,1012921.55686327,2193,926
21,2015,7,201507,0.247888459275,0.271502663040331,0.480608877684669,0.519391122315331,4745684.67109507,9155,4014
22,2015,7,201507,0.238783101322292,0.28364877692159,0.477568121756119,0.522431878243881,2452211.30475088,3509,1407
23,2015,7,201507,0.23409936636266,0.254543403580954,0.511357230056387,0.488642769943613,6908430.19381856,7696,3154
24,2015,7,201507,0.20490069897659,0.262571001983807,0.532528299039603,0.467471700960397,2487073.18420594,3316,1278
25,2015,7,201507,0.226913727141938,0.249858199914936,0.523228072943127,0.476771927056873,2996466.75178766,4139,1726
26,2015,7,201507,0.222702512984342,0.240728251222939,0.53656923579272,0.46343076420728,6772846.55286697,5521,2221
27,2015,7,201507,0.233386673386151,0.238395063033045,0.528218263580805,0.471781736419195,2275475.02025883,5505,2672
28,2015,7,201507,0.259260220130862,0.256724128508802,0.484015651360336,0.515984348639664,1751770.21389266,3022,1225
29,2015,7,201507,0.229343250358936,0.257679089153283,0.512977660487781,0.487022339512219,11292290.6944239,7564,2834
31,2015,7,201507,0.189131520134924,0.272626231154312,0.538242248710764,0.461757751289236,16293600.4191225,11039,3905
32,2015,7,201507,0.190694194582258,0.248567859227782,0.560737946189961,0.439262053810039,3047184.4348951,5761,2148
33,2015,7,201507,0.184550252814637,0.233911915059218,0.581537832126145,0.418462167873855,14042628.0204314,11038,4262
35,2015,7,201507,0.186122191044825,0.242793722619552,0.571084086335624,0.428915913664376,34211229.5264343,12272,4223
41,2015,7,201507,0.190978902417673,0.275164353248472,0.533856744333854,0.466143255666146,8798628.55878071,7981,3686
42,2015,7,201507,0.191559456646137,0.282464565002009,0.525975978351853,0.474024021648147,5551254.60938227,9004,4153
43,2015,7,201507,0.189023537929786,0.270750837765954,0.54022562430426,0.45977437569574,8965626.03146086,8273,3683
50,2015,7,201507,0.222738983826279,0.223650372941734,0.553610643231987,0.446389356768013,1939171.14436943,3121,1173
51,2015,7,201507,0.201649717485001,0.229348019327036,0.569002263187963,0.430997736812037,2457695.35749688,3747,1488
52,2015,7,201507,0.21531643351732,0.22631804032687,0.558365526155811,0.441634473844189,5139224.44913438,5266,2011
53,2015,7,201507,0.206683370209112,0.210534040643471,0.582782589147418,0.417217410852582,2297341.52619077,2656,1135
11,2015,8,201508,0.237083631009352,0.268062140373327,0.494854228617321,0.505145771382679,1185668.41657683,2446,1108
12,2015,8,201508,0.255387475192917,0.270108813373843,0.47450371143324,0.52549628856676,566475.088882935,2748,1318
13,2015,8,201508,0.238010949032381,0.272703848892928,0.489285202074692,0.510714797925309,2710239.84607913,3740,1755
14,2015,8,201508,0.234310914942801,0.282777045465515,0.482912039591685,0.517087960408315,342367.226856473,1684,736
15,2015,8,201508,0.237259403816495,0.300305060654001,0.462435535529505,0.537564464470495,5796156.81119138,5329,2273
16,2015,8,201508,0.243713526591581,0.280093696433442,0.476192776974977,0.523807223025023,504563.70689439,1185,492
17,2015,8,201508,0.224878325273451,0.29212268876571,0.482998985960839,0.517001014039161,1036300.71831564,1965,799
21,2015,8,201508,0.256655836641952,0.271862026171584,0.471482137186464,0.528517862813536,4833317.26973249,8969,3782
22,2015,8,201508,0.235373113554996,0.272749022050927,0.491877864394077,0.508122135605923,2450331.85210564,3315,1339
23,2015,8,201508,0.24204295618447,0.25213194368241,0.50582510013312,0.49417489986688,6605950.64222792,7726,3065
24,2015,8,201508,0.253592783929914,0.241477472624597,0.504929743445488,0.495070256554512,2777003.90495423,2950,1116
25,2015,8,201508,0.232085538760069,0.257132091869985,0.510782369369946,0.489217630630055,2975491.08064111,3909,1503
26,2015,8,201508,0.233358219393035,0.250182546843873,0.516459233763092,0.483540766236908,6499922.20157264,5349,2239
27,2015,8,201508,0.219855795014581,0.238315965632088,0.54182823935333,0.45817176064667,2329749.49499729,5595,2805
28,2015,8,201508,0.250135324912776,0.259533996805342,0.490330678281882,0.509669321718118,1513761.42306777,2841,1154
29,2015,8,201508,0.228356208710714,0.258946952355391,0.512696838933895,0.487303161066105,10721088.5072496,7076,2552
31,2015,8,201508,0.186245542713672,0.274354250787605,0.539400206498723,0.460599793501277,16290801.106935,11040,3931
32,2015,8,201508,0.194154055488532,0.253312913770551,0.552533030740916,0.447466969259084,2963108.80082232,5353,2023
33,2015,8,201508,0.186207425490086,0.236295599079822,0.577496975430092,0.422503024569908,13520540.9521554,10645,4015
35,2015,8,201508,0.19293998871707,0.255453210646209,0.551606800636722,0.448393199363279,35886599.1515314,11506,3972
41,2015,8,201508,0.188372131831031,0.285119151295043,0.526508716873926,0.473491283126074,8621973.61237119,7648,3549
42,2015,8,201508,0.197002026900409,0.271385461774333,0.531612511325258,0.468387488674742,5583685.71576461,9298,4318
43,2015,8,201508,0.181719014851385,0.274595166925704,0.543685818222911,0.456314181777089,8849336.59507858,8016,3604
50,2015,8,201508,0.212821951903006,0.23470113381633,0.552476914280664,0.447523085719336,1968639.29222871,2807,1002
51,2015,8,201508,0.203934115237015,0.224958930275221,0.571106954487764,0.428893045512236,2462983.68943104,3671,1387
52,2015,8,201508,0.218056687429016,0.235853343948354,0.54608996862263,0.45391003137737,5129028.59479162,4819,1852
53,2015,8,201508,0.193182006978632,0.185757515333679,0.621060477687689,0.378939522312311,2177065.15367608,2519,1040
11,2015,9,201509,0.239271468843786,0.283557037209881,0.477171493946333,0.522828506053667,1179263.02012837,2447,1079
12,2015,9,201509,0.238256083763966,0.271444919232941,0.490298997003094,0.509701002996906,594418.933940995,2840,1322
13,2015,9,201509,0.246211800790042,0.283944329809082,0.469843869400876,0.530156130599125,2585757.60349553,3870,1827
14,2015,9,201509,0.230400631618432,0.278721709240067,0.490877659141501,0.509122340858499,334751.007750247,1528,636
15,2015,9,201509,0.235305239853303,0.308016894881187,0.45667786526551,0.54332213473449,5675253.78891068,4939,2082
16,2015,9,201509,0.244739401012859,0.274770610583333,0.480489988403808,0.519510011596192,546983.15416664,1080,469
17,2015,9,201509,0.234240270544703,0.265692516114339,0.500067213340958,0.499932786659043,1020800.14911602,1940,786
21,2015,9,201509,0.24994245894938,0.27366377872807,0.47639376232255,0.52360623767745,4790608.04593595,8941,3821
22,2015,9,201509,0.244600810892589,0.272697656308403,0.482701532799008,0.517298467200992,2371629.32466985,3305,1315
23,2015,9,201509,0.237900339010912,0.250101925185797,0.51199773580329,0.48800226419671,6697025.04828616,7589,3111
24,2015,9,201509,0.221775415277545,0.246620917765073,0.531603666957383,0.468396333042617,2473040.48577899,3167,1242
25,2015,9,201509,0.221736720123565,0.25305651256995,0.525206767306486,0.474793232693514,2983296.94258254,3859,1596
26,2015,9,201509,0.222676919740834,0.250749671649671,0.526573408609495,0.473426591390505,7114938.21517092,5655,2273
27,2015,9,201509,0.23885766262419,0.242150037244756,0.518992300131054,0.481007699868946,2379412.71090913,5696,2729
28,2015,9,201509,0.239851625748788,0.271602925687016,0.488545448564196,0.511454551435805,1657422.10033865,2980,1231
29,2015,9,201509,0.22646920603533,0.263526459650108,0.510004334314563,0.489995665685437,10888508.6809331,7173,2482
31,2015,9,201509,0.195319793782793,0.269214232311413,0.535465973905794,0.464534026094206,16520168.8186412,11262,3933
32,2015,9,201509,0.20722726509966,0.265330388338692,0.527442346561648,0.472557653438352,2982995.28218906,5554,2095
33,2015,9,201509,0.181917798019778,0.240822774185676,0.577259427794546,0.422740572205454,13743544.6720417,10809,4022
35,2015,9,201509,0.19360257725573,0.232693801102587,0.573703621641683,0.426296378358317,35686661.2829842,11859,4143
41,2015,9,201509,0.195241671046634,0.265974822304925,0.53878350664844,0.46121649335156,8782803.92127797,8383,3895
42,2015,9,201509,0.189500999805847,0.273236810077536,0.537262190116617,0.462737809883383,5547627.25755791,8899,4097
43,2015,9,201509,0.18426089697566,0.262226850914274,0.553512252110066,0.446487747889934,8712424.29169639,8112,3675
50,2015,9,201509,0.217667712433536,0.227562129982853,0.554770157583611,0.445229842416389,1970611.30262726,3182,1249
51,2015,9,201509,0.209119496405982,0.227990974436419,0.562889529157599,0.437110470842401,2432290.90272361,3631,1485
52,2015,9,201509,0.219049040502009,0.231805481278647,0.549145478219344,0.450854521780656,5192232.75821878,4812,1771
53,2015,9,201509,0.201941403029277,0.182200567960385,0.615858029010337,0.384141970989663,2061245.42163556,2730,1122
11,2015,10,201510,0.265405121385971,0.290292998705441,0.444301879908588,0.555698120091412,1273419.9013263,2322,942
12,2015,10,201510,0.232939791653318,0.264007036895586,0.503053171451097,0.496946828548904,520917.399580302,2598,1257
13,2015,10,201510,0.240293064833201,0.305375303443709,0.45433163172309,0.54566836827691,2632359.68977447,3572,1647
14,2015,10,201510,0.232205390463233,0.298495221617358,0.46929938791941,0.53070061208059,343726.852024765,1519,640
15,2015,10,201510,0.252223536011373,0.300754809084885,0.447021654903742,0.552978345096258,5941089.13775041,5157,2191
16,2015,10,201510,0.242365898796155,0.290894653775054,0.466739447428791,0.533260552571209,479943.298407452,951,419
17,2015,10,201510,0.233922762273068,0.26501880149384,0.501058436233091,0.498941563766909,1041048.73796363,2095,899
21,2015,10,201510,0.24584265179228,0.269110496720675,0.485046851487045,0.514953148512955,4754602.04137078,8845,3819
22,2015,10,201510,0.230229759850498,0.286578106530351,0.483192133619151,0.516807866380849,2468771.93842116,3431,1406
23,2015,10,201510,0.233739234118307,0.258843933124527,0.507416832757166,0.492583167242834,6785573.65301198,7504,3060
24,2015,10,201510,0.215595956778534,0.27405665763083,0.510347385590636,0.489652614409364,2528379.93542725,3297,1307
25,2015,10,201510,0.226657110219539,0.273080569381041,0.50026232039942,0.49973767960058,3018885.16171689,4086,1720
26,2015,10,201510,0.22158447044143,0.259789688605598,0.518625840952972,0.481374159047028,6637062.73771663,5256,2150
27,2015,10,201510,0.229427824168001,0.248307775520374,0.522264400311625,0.477735599688375,2376013.76550836,5405,2589
28,2015,10,201510,0.240794730276446,0.273690242431616,0.485515027291938,0.514484972708062,1778058.07260341,3000,1225
29,2015,10,201510,0.226706826001183,0.251602219723288,0.521690954275529,0.478309045724472,11161288.4919824,7313,2679
31,2015,10,201510,0.184082325927204,0.268628227018396,0.5472894470544,0.4527105529456,16209116.5759063,10959,3881
32,2015,10,201510,0.193227809803189,0.259312072707673,0.547460117489139,0.452539882510861,3060532.30509528,5571,2043
33,2015,10,201510,0.193314960113447,0.227573402663231,0.579111637223322,0.420888362776678,14142407.6793609,10782,4182
35,2015,10,201510,0.185625417653497,0.244874536879446,0.569500045467057,0.430499954532943,34356325.3446021,11990,4065
41,2015,10,201510,0.188087947574906,0.287191608013027,0.524720444412067,0.475279555587933,8939924.67631062,8005,3680
42,2015,10,201510,0.189828624705043,0.285326723186624,0.524844652108333,0.475155347891667,5664445.5382933,8832,3973
43,2015,10,201510,0.183969436858857,0.273571014396888,0.542459548744255,0.457540451255746,9071597.51660609,8189,3594
50,2015,10,201510,0.206410414946884,0.237250070317343,0.556339514735772,0.443660485264228,1941539.41050077,3093,1126
51,2015,10,201510,0.204644921146383,0.239229960965489,0.556125117888129,0.443874882111872,2500328.10358182,3636,1411
52,2015,10,201510,0.212281674911558,0.233754387494577,0.553963937593865,0.446036062406135,5133090.09520398,5055,1876
53,2015,10,201510,0.192955823201393,0.203113002126834,0.603931174671774,0.396068825328226,2262549.65446485,2615,1116
11,2015,11,201511,0.248535563634652,0.270314005626604,0.481150430738744,0.518849569261256,1186753.42351633,2347,1053
12,2015,11,201511,0.25949619277329,0.263301471227529,0.477202335999181,0.522797664000819,569684.952482633,2694,1280
13,2015,11,201511,0.244266571857899,0.279520114694214,0.476213313447887,0.523786686552113,2768616.90455336,3726,1782
14,2015,11,201511,0.223187709684837,0.304281027113936,0.472531263201227,0.527468736798773,334458.322874359,1554,657
15,2015,11,201511,0.235957034821812,0.304347473534103,0.459695491644085,0.540304508355915,5835143.86866568,5169,2084
16,2015,11,201511,0.243755891637997,0.26260036320711,0.493643745154893,0.506356254845107,500572.024894001,1231,528
17,2015,11,201511,0.251027910202084,0.277800433800602,0.471171655997314,0.528828344002686,1074011.22544171,1965,790
21,2015,11,201511,0.246910533447884,0.284210302134048,0.468879164418068,0.531120835581932,4808695.71246225,8823,3851
22,2015,11,201511,0.248293492977077,0.278517237395914,0.473189269627009,0.526810730372991,2459021.00278888,3239,1298
23,2015,11,201511,0.244084031312158,0.247211918959826,0.508704049728016,0.491295950271984,6559184.87638143,7671,3149
24,2015,11,201511,0.229438697976253,0.254753374855335,0.515807927168412,0.484192072831588,2725732.07003744,2861,1112
25,2015,11,201511,0.221701874693087,0.269755989387092,0.508542135919822,0.491457864080178,3016455.61814709,3907,1528
26,2015,11,201511,0.237234472527067,0.236414686922252,0.526350840550681,0.473649159449319,6528426.52585031,5299,2332
27,2015,11,201511,0.220205042137745,0.253328090345863,0.526466867516392,0.473533132483608,2306811.50200286,5599,2682
28,2015,11,201511,0.240076133630149,0.262064528519126,0.497859337850725,0.502140662149275,1482886.87987431,2735,1103
29,2015,11,201511,0.224956767987662,0.264411008738886,0.510632223273452,0.489367776726548,10580539.0945954,7024,2672
31,2015,11,201511,0.17997017596996,0.277370915044635,0.542658908985406,0.457341091014594,16257611.672566,10947,3867
32,2015,11,201511,0.190122027089204,0.262246441342402,0.547631531568394,0.452368468431606,2879794.91297421,5100,1907
33,2015,11,201511,0.183354744558359,0.230178551548208,0.586466703893433,0.413533296106567,13179519.4334357,10521,3975
35,2015,11,201511,0.191817210247536,0.251943696585462,0.556239093167002,0.443760906832998,36806186.3889618,11626,3949
41,2015,11,201511,0.191246594701567,0.291325477484304,0.517427927814129,0.482572072185871,8660408.98749417,7595,3497
42,2015,11,201511,0.200232857928006,0.276068743731015,0.523698398340979,0.476301601659022,5599667.13422729,9191,4187
43,2015,11,201511,0.188384412255092,0.272240607093207,0.539374980651702,0.460625019348298,8933926.60861191,7984,3590
50,2015,11,201511,0.222482604000586,0.23773389925099,0.539783496748424,0.460216503251576,1974603.05533402,2803,986
51,2015,11,201511,0.209433884330299,0.227962030776519,0.562604084893182,0.437395915106818,2527852.50964965,3563,1365
52,2015,11,201511,0.217474519719965,0.234845983172392,0.547679497107643,0.452320502892358,5221187.07559589,4781,1817
53,2015,11,201511,0.202828922804801,0.209957039074645,0.587214038120554,0.412785961879446,2173013.08309719,2465,1025
11,2015,12,201512,0.251039926830051,0.276713512657452,0.472246560512498,0.527753439487503,1196300.95761068,2323,972
12,2015,12,201512,0.244359997171437,0.275575940182828,0.480064062645735,0.519935937354265,569752.342308794,2654,1231
13,2015,12,201512,0.236094604156436,0.274772787741114,0.48913260810245,0.51086739189755,2552113.2846352,3823,1791
14,2015,12,201512,0.237392861450173,0.312661393000595,0.449945745549232,0.550054254450768,338322.995774999,1484,635
15,2015,12,201512,0.238958136697204,0.307149771862041,0.453892091440755,0.546107908559245,5849792.18220584,4910,2028
16,2015,12,201512,0.250472317785743,0.258811839732893,0.490715842481363,0.509284157518637,560019.341824493,1112,498
17,2015,12,201512,0.228272907915341,0.29059505597695,0.481132036107709,0.518867963892291,1025328.14686104,1873,740
21,2015,12,201512,0.252983112841495,0.271737312324556,0.475279574833949,0.524720425166052,4713751.34360739,8999,3947
22,2015,12,201512,0.219549056462656,0.284197604407762,0.496253339129581,0.503746660870419,2376466.70718958,3310,1329
23,2015,12,201512,0.241499390742792,0.246177288257581,0.512323320999627,0.487676679000373,6868621.2960018,7499,3085
24,2015,12,201512,0.220191287851878,0.242835694805572,0.53697301734255,0.46302698265745,2516451.25962472,3189,1295
25,2015,12,201512,0.218740454174558,0.263448945092397,0.517810600733045,0.482189399266955,2943871.60853631,3740,1583
26,2015,12,201512,0.227344938719837,0.251917286960698,0.520737774319465,0.479262225680535,7026321.89114772,5535,2291
27,2015,12,201512,0.23101959308989,0.242376796460791,0.526603610449319,0.473396389550681,2317508.04362765,5409,2516
28,2015,12,201512,0.244560466673041,0.258339834475708,0.497099698851252,0.502900301148749,1689616.38030365,2933,1190
29,2015,12,201512,0.228604122238406,0.270826119755186,0.500569758006408,0.499430241993592,10810898.2543221,7038,2521
31,2015,12,201512,0.189262260514177,0.267690018759422,0.543047720726401,0.456952279273599,16923699.6232317,11052,3972
32,2015,12,201512,0.190411710405684,0.263055222206248,0.546533067388068,0.453466932611932,3096558.42505977,5433,2042
33,2015,12,201512,0.182823974127457,0.240598861105317,0.576577164767225,0.423422835232775,13638015.318718,10624,3924
35,2015,12,201512,0.188111555227179,0.236082714037535,0.575805730735287,0.424194269264713,35730391.0393194,11581,3993
41,2015,12,201512,0.189983988812494,0.275841658141296,0.534174353046209,0.465825646953791,8705764.0309502,8221,3850
42,2015,12,201512,0.194963683532607,0.275412287500781,0.529624028966612,0.470375971033388,5512915.05665038,8586,3911
43,2015,12,201512,0.189586159285966,0.261453734036278,0.548960106677756,0.451039893322244,8714891.37797972,7921,3530
50,2015,12,201512,0.208178386050803,0.236252379965614,0.555569233983582,0.444430766016418,1999174.14519718,3060,1198
51,2015,12,201512,0.192409324480673,0.238975516152074,0.568615159367252,0.431384840632748,2440881.11141834,3401,1380
52,2015,12,201512,0.198378176216739,0.23046668414842,0.571155139634841,0.428844860365159,5211529.44115787,4709,1774
53,2015,12,201512,0.194914101814062,0.197607290919757,0.607478607266181,0.39252139273382,2080442.32971739,2683,1092
11,2016,1,201601,0.24027874060289,0.300079487836593,0.459641771560517,0.540358228439483,1279433.68181718,2375,1012
12,2016,1,201601,0.248675357341045,0.266355476815033,0.484969165843923,0.515030834156077,526572.543885794,2619,1266
13,2016,1,201601,0.234495364222418,0.299207565705001,0.466297070072581,0.533702929927419,2613984.62806252,3654,1657
14,2016,1,201601,0.246299746118535,0.285001025684551,0.468699228196915,0.531300771803086,334761.906508842,1529,660
15,2016,1,201601,0.252148958300221,0.294104477135123,0.453746564564656,0.546253435435344,6017784.356327,5124,2180
16,2016,1,201601,0.227678144933193,0.28599510550999,0.486326749556818,0.513673250443183,501395.810265619,994,434
17,2016,1,201601,0.233798468051914,0.269970264571516,0.496231267376571,0.503768732623429,1054432.37900261,2182,902
21,2016,1,201601,0.243790942552058,0.269960699704043,0.486248357743899,0.513751642256102,4840057.90933807,9065,3848
22,2016,1,201601,0.236174428997984,0.281426627492068,0.482398943509949,0.517601056490051,2443840.49817167,3459,1412
23,2016,1,201601,0.244059065870216,0.244552672338781,0.511388261791003,0.488611738208997,6796107.34140679,7524,3053
24,2016,1,201601,0.214864724199656,0.258230210424238,0.526905065376106,0.473094934623894,2476406.12066173,3299,1306
25,2016,1,201601,0.221877182053398,0.259845155871016,0.518277662075587,0.481722337924413,3045636.71194839,4120,1747
26,2016,1,201601,0.206944381155333,0.2433024349394,0.549753183905267,0.450246816094733,6645076.2700821,5399,2206
27,2016,1,201601,0.239809574774669,0.230816761313488,0.529373663911843,0.470626336088157,2359984.3574865,5434,2589
28,2016,1,201601,0.236203271146918,0.250690080076956,0.513106648776126,0.486893351223874,1777394.79049409,2985,1224
29,2016,1,201601,0.219268031030528,0.249994010059104,0.530737958910368,0.469262041089632,11212765.9373906,7192,2696
31,2016,1,201601,0.178683022074239,0.264407206460079,0.556909771465682,0.443090228534318,16413774.1726533,11064,3980
32,2016,1,201601,0.18217448351672,0.248644527220927,0.569180989262353,0.430819010737647,3095344.10211371,5665,2155
33,2016,1,201601,0.177297962076254,0.233346350725078,0.589355687198667,0.410644312801333,13819514.0796486,10800,4140
35,2016,1,201601,0.179259600960741,0.242287580231986,0.578452818807274,0.421547181192726,34410413.1601314,11920,3931
41,2016,1,201601,0.188665535383943,0.280540403514039,0.530794061102018,0.469205938897982,8860251.38125301,7927,3643
42,2016,1,201601,0.188372307560954,0.270523670077428,0.541104022361618,0.458895977638382,5710872.85344085,9018,4040
43,2016,1,201601,0.182547967617342,0.270442531607742,0.547009500774916,0.452990499225084,8976329.66649448,8047,3570
50,2016,1,201601,0.205721237866063,0.234438234616288,0.559840527517649,0.440159472482351,1999808.99404624,3087,1147
51,2016,1,201601,0.201889650639944,0.230159366598592,0.567950982761464,0.432049017238536,2493412.79498359,3547,1374
52,2016,1,201601,0.217624189340394,0.230075928123952,0.552299882535654,0.447700117464346,5182862.01827414,5129,1898
53,2016,1,201601,0.19749998988795,0.196771100456178,0.605728909655873,0.394271090344127,2207206.85211841,2530,1072
11,2016,2,201602,0.245327964964729,0.26479473670281,0.48987729833246,0.51012270166754,1145729.52788321,2286,1040
12,2016,2,201602,0.254006915276703,0.257687269899423,0.488305814823874,0.511694185176126,571145.523590466,2667,1263
13,2016,2,201602,0.236721204047859,0.275227610574536,0.488051185377606,0.511948814622394,2729077.80853586,3734,1747
14,2016,2,201602,0.256145355885358,0.284055525471839,0.459799118642803,0.540200881357197,338248.513275873,1531,646
15,2016,2,201602,0.230687645679673,0.293930246475628,0.4753821078447,0.5246178921553,5876700.66943975,5281,2239
16,2016,2,201602,0.254154270568705,0.237276133314029,0.508569596117265,0.491430403882735,501833.167100597,1241,577
17,2016,2,201602,0.237233549714776,0.277645631768489,0.485120818516735,0.514879181483265,1068601.84310888,2004,795
21,2016,2,201602,0.244028534145796,0.269015515837517,0.486955950016688,0.513044049983313,4777839.82127178,9041,3836
22,2016,2,201602,0.233351507860258,0.268474860345644,0.498173631794098,0.501826368205902,2504804.20113957,3264,1317
23,2016,2,201602,0.233323065315422,0.253666817226881,0.513010117457697,0.486989882542303,6607227.70779516,7603,3140
24,2016,2,201602,0.234020990769692,0.241239738080312,0.524739271149997,0.475260728850004,2766982.13907143,2846,1111
25,2016,2,201602,0.231619032054221,0.253589801410091,0.514791166535687,0.485208833464312,3047121.24900137,3992,1584
26,2016,2,201602,0.231520312086163,0.227019685614601,0.541460002299236,0.458539997700764,6540423.12002589,5291,2224
27,2016,2,201602,0.2215603472258,0.258219971925717,0.520219680848484,0.479780319151517,2254039.58560059,5472,2589
28,2016,2,201602,0.231945988741067,0.257808140417584,0.510245870841349,0.489754129158651,1562792.87510738,2776,1111
29,2016,2,201602,0.21980516958463,0.251704445341646,0.528490385073724,0.471509614926276,10551123.4776125,6952,2599
31,2016,2,201602,0.179087618716485,0.259847216544301,0.561065164739214,0.438934835260786,16360936.5363636,11013,3904
32,2016,2,201602,0.18851235632078,0.25356320801658,0.55792443566264,0.44207556433736,2804925.87342967,5210,1974
33,2016,2,201602,0.189722767772148,0.228307651750141,0.581969580477711,0.418030419522289,13186659.5584469,10340,3801
35,2016,2,201602,0.182274205447972,0.245337207526759,0.572388587025268,0.427611412974732,36864906.8097972,11686,3974
41,2016,2,201602,0.18552223245133,0.285004426988551,0.529473340560119,0.470526659439881,8753305.66190944,7590,3434
42,2016,2,201602,0.196728201928241,0.277126778846081,0.526145019225679,0.473854980774321,5608475.55351418,9182,4159
43,2016,2,201602,0.187828136172965,0.266562301983187,0.545609561843848,0.454390438156152,9146906.56190258,8033,3589
50,2016,2,201602,0.212671232429187,0.227849097529634,0.559479670041179,0.440520329958821,1948428.85372306,2777,987
51,2016,2,201602,0.197616423813727,0.236801823129757,0.565581753056516,0.434418246943484,2581364.16567215,3559,1358
52,2016,2,201602,0.222093891605713,0.215798630257204,0.562107478137083,0.437892521862918,5219440.00434564,4826,1805
53,2016,2,201602,0.193413410983959,0.196593245979419,0.609993343036622,0.390006656963378,2284017.90379515,2588,1067
11,2016,3,201603,0.254609319257646,0.278803663441039,0.466587017301315,0.533412982698685,1169937.21182415,2394,1044
12,2016,3,201603,0.241097441113624,0.269377194809895,0.489525364076481,0.510474635923519,561610.673824029,2653,1243
13,2016,3,201603,0.239419996341568,0.271760095788184,0.488819907870249,0.511180092129752,2603064.99621018,3891,1751
14,2016,3,201603,0.247550058966835,0.294458292661186,0.457991648371978,0.542008351628022,355805.904620976,1592,726
15,2016,3,201603,0.243156857489446,0.301508507948671,0.455334634561882,0.544665365438118,5935929.79130944,5038,2032
16,2016,3,201603,0.252325355265392,0.246588394294716,0.501086250439892,0.498913749560108,552747.037246931,1098,511
17,2016,3,201603,0.219337084460916,0.261701707642874,0.518961207896211,0.48103879210379,1056140.26532898,2018,761
21,2016,3,201603,0.238951983884353,0.257532462213022,0.503515553902625,0.496484446097375,4731326.39554985,9008,3869
22,2016,3,201603,0.228637201736775,0.252784604249658,0.518578194013567,0.481421805986433,2369297.64404139,3311,1325
23,2016,3,201603,0.239026673966175,0.247756298541347,0.513217027492478,0.486782972507522,6971649.36227131,7659,3160
24,2016,3,201603,0.218312223586618,0.244391005216031,0.537296771197352,0.462703228802648,2594580.28286818,3233,1293
25,2016,3,201603,0.219206414389432,0.248791717320089,0.532001868290479,0.467998131709521,2978219.29890623,3834,1601
26,2016,3,201603,0.235492728082623,0.242324235949055,0.522183035968322,0.477816964031678,6872608.30639401,5502,2249
27,2016,3,201603,0.223981401532704,0.241116363275867,0.534902235191429,0.465097764808571,2304583.29189272,5431,2514
28,2016,3,201603,0.238163693722326,0.2479553509783,0.513880955299375,0.486119044700625,1723897.25798804,2985,1203
29,2016,3,201603,0.221118943460292,0.249816155137799,0.529064901401909,0.470935098598091,10901746.9013463,7208,2540
31,2016,3,201603,0.192662711738271,0.266481733759523,0.540855554502206,0.459144445497794,16718180.9387703,11106,3931
32,2016,3,201603,0.192463056654276,0.240224829257214,0.567312114088509,0.432687885911491,3078116.08832736,5456,1984
33,2016,3,201603,0.190523994259265,0.225893219504108,0.583582786236627,0.416417213763373,14009601.2100287,10716,3909
35,2016,3,201603,0.18301715207704,0.235184403760345,0.581798444162614,0.418201555837386,35512682.6558778,11712,4030
41,2016,3,201603,0.192354120418049,0.267061002247118,0.540584877334833,0.459415122665167,8901473.84266619,8280,3748
42,2016,3,201603,0.188550786855594,0.273189142391126,0.538260070753279,0.461739929246721,5580456.85253497,8852,3929
43,2016,3,201603,0.18639564733053,0.263156277252489,0.550448075416981,0.449551924583019,8736605.57543233,7915,3550
50,2016,3,201603,0.20168527808461,0.238926420725831,0.559388301189559,0.440611698810441,2038577.63167742,3224,1204
51,2016,3,201603,0.202644450550248,0.23217231077029,0.565183238679462,0.434816761320538,2379962.5160458,3343,1299
52,2016,3,201603,0.201011788877413,0.230498864791578,0.568489346331009,0.431510653668991,5252614.2040167,4899,1778
53,2016,3,201603,0.196716797018547,0.176698726699601,0.626584476281853,0.373415523718147,2113139.50968838,2760,1095
11,2016,4,201604,0.239107688004701,0.276740629701012,0.484151682294287,0.515848317705713,1270543.54766353,2346,1007
12,2016,4,201604,0.245859489136813,0.258206412598733,0.495934098264454,0.504065901735546,519812.280166818,2600,1287
13,2016,4,201604,0.232597720660173,0.298213336797356,0.469188942542471,0.530811057457529,2545327.42930276,3692,1691
14,2016,4,201604,0.264346996466598,0.289698454844592,0.44595454868881,0.55404545131119,351395.859574178,1560,672
15,2016,4,201604,0.2458706682386,0.296510687287055,0.457618644474345,0.542381355525655,6129325.62787419,5205,2214
16,2016,4,201604,0.240710141207748,0.253887418127884,0.505402440664368,0.494597559335632,506243.775976115,1022,454
17,2016,4,201604,0.229058665797568,0.266240418742561,0.504700915459871,0.495299084540129,1026247.55647641,2206,884
21,2016,4,201604,0.227392488635307,0.265242721037069,0.507364790327624,0.492635209672376,4871569.76520844,9297,4031
22,2016,4,201604,0.235867948027645,0.267328574291785,0.49680347768057,0.50319652231943,2350195.52477529,3422,1343
23,2016,4,201604,0.225781977334434,0.251760222646755,0.522457800018811,0.477542199981189,7017661.24571476,7808,3051
24,2016,4,201604,0.214952929536085,0.247763670630093,0.537283399833822,0.462716600166178,2482095.91232047,3297,1276
25,2016,4,201604,0.238129194269764,0.244022074862473,0.517848730867763,0.482151269132237,3080492.7622876,4139,1719
26,2016,4,201604,0.219349614529836,0.228221730030851,0.552428655439313,0.447571344560687,6565124.67212541,5355,2175
27,2016,4,201604,0.236307071347857,0.234425239975077,0.529267688677066,0.470732311322934,2370013.59915571,5321,2461
28,2016,4,201604,0.235858694070154,0.244617366244209,0.519523939685637,0.480476060314363,1781596.15368677,3008,1226
29,2016,4,201604,0.218571831687861,0.24757557557577,0.533852592736369,0.466147407263631,11233502.4569165,7137,2632
31,2016,4,201604,0.184637752539803,0.25624738196832,0.559114865491878,0.440885134508122,16592862.6621106,10994,3887
32,2016,4,201604,0.178493896455966,0.253426081265965,0.568080022278069,0.431919977721931,3080057.08313643,5790,2088
33,2016,4,201604,0.178942523760521,0.240965001266565,0.580092474972914,0.419907525027087,13596796.5174291,10646,4022
35,2016,4,201604,0.175756165753528,0.238273971918434,0.585969862328038,0.414030137671962,34910253.8940838,12154,4031
41,2016,4,201604,0.187947801050915,0.278074869251407,0.533977329697678,0.466022670302323,8972898.94791572,8006,3679
42,2016,4,201604,0.189772895138754,0.273159284668983,0.537067820192262,0.462932179807738,5721514.51618607,8882,3999
43,2016,4,201604,0.179253060435372,0.271525664684608,0.54922127488002,0.45077872511998,9118846.02692431,8057,3564
50,2016,4,201604,0.21730619784677,0.233949574146511,0.548744228006719,0.451255771993281,2003492.41428732,3168,1155
51,2016,4,201604,0.210300914984289,0.225765524424269,0.563933560591442,0.436066439408558,2578290.66239562,3560,1345
52,2016,4,201604,0.211854754642373,0.245907551478754,0.542237693878872,0.457762306121128,5179130.31447246,5056,1875
53,2016,4,201604,0.195232447262551,0.192952072982939,0.61181547975451,0.38818452024549,2209588.86883706,2580,1117
11,2016,5,201605,0.221589413374477,0.266232073328618,0.512178513296905,0.487821486703095,1159299.02888973,2370,1042
12,2016,5,201605,0.230884158541918,0.244495429817412,0.52462041164067,0.47537958835933,584067.417353964,2702,1282
13,2016,5,201605,0.245545108877186,0.276581009246869,0.477873881875945,0.522126118124055,2809657.24304442,3935,1845
14,2016,5,201605,0.228491623479065,0.271063600320804,0.500444776200131,0.499555223799869,337221.576730531,1566,720
15,2016,5,201605,0.237191296021804,0.290697750507867,0.472110953470329,0.527889046529671,5924113.47893173,5315,2281
16,2016,5,201605,0.245261195807325,0.260704927104492,0.494033877088183,0.505966122911817,517191.846507717,1312,570
17,2016,5,201605,0.223714876851945,0.252421884938648,0.523863238209407,0.476136761790593,1091425.31376051,2078,817
21,2016,5,201605,0.246048663734099,0.259164792673749,0.494786543592152,0.505213456407848,4753231.50176649,9126,3876
22,2016,5,201605,0.239014199596091,0.258673882077686,0.502311918326222,0.497688081673778,2508988.74849377,3229,1319
23,2016,5,201605,0.238589802247121,0.260723209506243,0.500686988246636,0.499313011753364,6562726.96253284,7713,3046
24,2016,5,201605,0.240134981259865,0.241710217617472,0.518154801122663,0.481845198877337,2771001.2914031,2844,1108
25,2016,5,201605,0.231971761638274,0.245346922654767,0.522681315706959,0.477318684293041,3061365.15956086,3911,1565
26,2016,5,201605,0.247447404911811,0.227283527235986,0.525269067852203,0.474730932147797,6666424.57010318,5388,2276
27,2016,5,201605,0.235849698312591,0.252435072718367,0.511715228969042,0.488284771030958,2184902.35216817,5272,2465
28,2016,5,201605,0.214068483528009,0.238207740076037,0.547723776395954,0.452276223604046,1527246.5386564,2707,1128
29,2016,5,201605,0.217734416656179,0.254819021033572,0.527446562310249,0.472553437689751,10576402.3894055,6975,2535
31,2016,5,201605,0.190409334818761,0.266284227584762,0.543306437596477,0.456693562403523,16161537.2289646,10919,3836
32,2016,5,201605,0.190825436008504,0.252914580788463,0.556259983203033,0.443740016796967,2807233.43728555,5277,1902
33,2016,5,201605,0.183542532705103,0.225511002478553,0.590946464816344,0.409053535183656,13028318.5066793,10091,3681
35,2016,5,201605,0.192128525386025,0.249779266638296,0.55809220797568,0.44190779202432,37357832.180494,11740,3902
41,2016,5,201605,0.185212930817218,0.290361772234231,0.524425296948551,0.475574703051449,8823849.46604804,7712,3483
42,2016,5,201605,0.192289784975815,0.275927696011931,0.531782519012254,0.468217480987746,5553072.65146461,9100,4157
43,2016,5,201605,0.184617881086249,0.263207561875805,0.552174557037947,0.447825442962053,9046174.58187934,7957,3509
50,2016,5,201605,0.193746699386159,0.234322664359852,0.571930636253989,0.428069363746011,2001236.06392387,2829,988
51,2016,5,201605,0.196964857136034,0.243426361033657,0.559608781830309,0.440391218169691,2449592.9014102,3652,1349
52,2016,5,201605,0.226670908143951,0.23619748127664,0.537131610579409,0.462868389420591,5349558.75986182,4767,1729
53,2016,5,201605,0.208484417008423,0.20169950467859,0.589816078312987,0.410183921687013,2267182.29198386,2618,1100
11,2016,6,201606,0.23713824812314,0.287741780915296,0.475119970961564,0.524880029038436,1192655.23244725,2498,1066
12,2016,6,201606,0.237951348884692,0.25473051441251,0.507318136702798,0.492681863297202,572444.742232686,2878,1414
13,2016,6,201606,0.220118713005501,0.269316991108891,0.510564295885609,0.489435704114392,2675248.04423213,4132,1965
14,2016,6,201606,0.249422096271301,0.277429919367835,0.473147984360864,0.526852015639136,351923.192739829,1582,695
15,2016,6,201606,0.246542678941936,0.291558313819411,0.461899007238652,0.538100992761348,5900712.00840595,5100,2172
16,2016,6,201606,0.237572155356157,0.251525454435859,0.510902390207984,0.489097609792016,543043.262634159,1151,511
17,2016,6,201606,0.243060129202517,0.256751832298267,0.500188038499216,0.499811961500784,1076709.51691229,2009,793
21,2016,6,201606,0.228463156378293,0.254105179053033,0.517431664568674,0.482568335431327,4764330.39550839,9178,4078
22,2016,6,201606,0.233918797663442,0.259100551908868,0.50698065042769,0.49301934957231,2475458.20051925,3384,1368
23,2016,6,201606,0.240283799602534,0.244351325474895,0.515364874922571,0.484635125077429,6860436.76846194,7660,3044
24,2016,6,201606,0.227320614003464,0.233101723044957,0.539577662951579,0.460422337048421,2616258.98981452,3258,1301
25,2016,6,201606,0.223639534653314,0.241467335292777,0.534893130053909,0.465106869946091,2987366.48850924,3842,1645
26,2016,6,201606,0.225311229972158,0.239248515002899,0.535440255024943,0.464559744975057,6703538.08091998,5307,2121
27,2016,6,201606,0.226572880188517,0.231452223392923,0.54197489641856,0.45802510358144,2330329.62509108,5434,2449
28,2016,6,201606,0.241143196637492,0.244347585589796,0.514509217772712,0.485490782227288,1707173.91562626,2975,1205
29,2016,6,201606,0.227578791617363,0.262083831766905,0.510337376615732,0.489662623384268,10962157.7525876,7172,2484
31,2016,6,201606,0.193626763296306,0.263052044355486,0.543321192348208,0.456678807651792,17056161.5887029,11292,4073
32,2016,6,201606,0.186792827414854,0.271097557970015,0.542109614615131,0.457890385384869,3050887.89715073,5537,1981
33,2016,6,201606,0.185109218664478,0.228026866662868,0.586863914672653,0.413136085327347,13738363.3978159,10569,3827
35,2016,6,201606,0.180264649151753,0.23602288180916,0.583712469039087,0.416287530960913,35495596.9069395,11727,3980
41,2016,6,201606,0.191130292398204,0.275137630227824,0.533732077373973,0.466267922626028,8786053.29041275,8146,3694
42,2016,6,201606,0.181750080546341,0.279224912874838,0.539025006578822,0.460974993421179,5637902.61787176,8920,3955
43,2016,6,201606,0.182699805653828,0.25783939556961,0.559460798776563,0.440539201223437,8817499.18428753,7910,3540
50,2016,6,201606,0.218829059697714,0.225793338990138,0.555377601312148,0.444622398687852,2039905.41421709,3198,1194
51,2016,6,201606,0.192720051115591,0.235895362035165,0.571384586849244,0.428615413150756,2446806.02589688,3536,1371
52,2016,6,201606,0.204180406168543,0.227339768075111,0.568479825756347,0.431520174243654,5179460.53112505,4919,1812
53,2016,6,201606,0.211177113602492,0.200148917989498,0.58867396840801,0.41132603159199,2105273.24916418,2787,1135
11,2016,7,201607,0.231578990514577,0.304818650823137,0.463602358662286,0.536397641337714,1324967.48594676,2341,1011
12,2016,7,201607,0.229373079031085,0.279058286409726,0.491568634559189,0.508431365440812,528058.75220188,2658,1353
13,2016,7,201607,0.231894173116331,0.298232237867907,0.469873589015763,0.530126410984237,2587837.91724018,3743,1760
14,2016,7,201607,0.252318554698233,0.270855827116432,0.476825618185336,0.523174381814665,348868.877650167,1603,689
15,2016,7,201607,0.234076934740233,0.295455934997055,0.470467130262711,0.529532869737289,6235252.42516765,5250,2224
16,2016,7,201607,0.241841959853192,0.283927386063009,0.474230654083799,0.525769345916201,548277.995256026,1045,451
17,2016,7,201607,0.220129538041129,0.269620300608732,0.51025016135014,0.489749838649861,1069848.04718458,2201,911
21,2016,7,201607,0.229674426361699,0.247462141528636,0.522863432109665,0.477136567890335,4927304.33490226,9317,4159
22,2016,7,201607,0.239173516127838,0.2556606900251,0.505165793847062,0.494834206152938,2352507.9567014,3382,1359
23,2016,7,201607,0.219064339118267,0.250887342509537,0.530048318372196,0.469951681627804,7041995.1663703,7897,3072
24,2016,7,201607,0.222010488370711,0.239188447152201,0.538801064477088,0.461198935522912,2527721.95125233,3294,1244
25,2016,7,201607,0.230920175378931,0.238427407976439,0.530652416644631,0.469347583355369,3055618.69140283,4110,1720
26,2016,7,201607,0.198753066535741,0.237585881703984,0.563661051760274,0.436338948239726,6666570.34069257,5478,2271
27,2016,7,201607,0.221390604609621,0.251930445777014,0.526678949613365,0.473321050386635,2330154.10916178,5337,2553
28,2016,7,201607,0.241486228620088,0.226507117670756,0.532006653709157,0.467993346290844,1793568.21055827,2973,1185
29,2016,7,201607,0.2112102409448,0.253134543904837,0.535655215150363,0.464344784849637,10993553.9138103,7029,2578
31,2016,7,201607,0.184663238102024,0.262066533217902,0.553270228680074,0.446729771319926,16573304.9499197,10968,3769
32,2016,7,201607,0.189532718769653,0.253471431475141,0.556995849755206,0.443004150244794,3073419.14287744,5795,2130
33,2016,7,201607,0.186892630766065,0.232040916451617,0.581066452782319,0.418933547217681,13327216.4298755,10358,3862
35,2016,7,201607,0.173972782884669,0.236549270087839,0.589477947027492,0.410522052972508,35138774.127463,12061,3952
41,2016,7,201607,0.1879130609398,0.26470230820987,0.54738463085033,0.45261536914967,8962320.01319169,7955,3619
42,2016,7,201607,0.187781953305901,0.264173045338754,0.548045001355346,0.451954998644655,5876276.9833341,9001,4070
43,2016,7,201607,0.18294607208836,0.269042538596857,0.548011389314783,0.451988610685217,9123922.74935177,7985,3491
50,2016,7,201607,0.211967362094452,0.232013332187402,0.556019305718146,0.443980694281854,2057677.14271599,3163,1135
51,2016,7,201607,0.195891637132554,0.216042456402108,0.588065906465338,0.411934093534662,2610880.43708675,3532,1332
52,2016,7,201607,0.198615413982843,0.251182060426885,0.550202525590272,0.449797474409728,5287187.29239662,5215,1941
53,2016,7,201607,0.19868486570231,0.201094368944959,0.600220765352731,0.399779234647269,2230680.96386481,2609,1108
11,2016,8,201608,0.252374119322212,0.272354484816548,0.47527139586124,0.52472860413876,1116865.41518907,2377,1046
12,2016,8,201608,0.234302898972693,0.250270045552699,0.515427055474609,0.484572944525391,598582.062881402,2752,1291
13,2016,8,201608,0.247029807954761,0.262725215351624,0.490244976693616,0.509755023306384,2826477.26635242,3950,1849
14,2016,8,201608,0.210914356461743,0.284649288690283,0.504436354847975,0.495563645152025,338046.603326301,1615,766
15,2016,8,201608,0.218209825867526,0.305139768733701,0.476650405398773,0.523349594601227,5828455.28345486,5372,2285
16,2016,8,201608,0.240225868319006,0.251478021017839,0.508296110663155,0.491703889336846,503870.929014373,1310,609
17,2016,8,201608,0.213148095690839,0.29892432387631,0.487927580432851,0.512072419567149,1113819.64989943,2032,836
21,2016,8,201608,0.233392020135812,0.250819176260724,0.515788803603464,0.484211196396536,4763401.37249245,9111,4146
22,2016,8,201608,0.240579498375629,0.266159243885625,0.493261257738746,0.506738742261254,2625364.41091836,3366,1395
23,2016,8,201608,0.228306024442278,0.258818743285169,0.512875232272554,0.487124767727446,6396600.44310152,7530,3047
24,2016,8,201608,0.222238025480531,0.229797638153776,0.547964336365693,0.452035663634307,2798794.30190936,2806,1113
25,2016,8,201608,0.224551987414362,0.244692411654908,0.53075560093073,0.46924439906927,3045465.11361717,3824,1510
26,2016,8,201608,0.223941824103872,0.224937530465461,0.551120645430667,0.448879354569333,6713065.21737177,5516,2342
27,2016,8,201608,0.224866895899701,0.253018310755185,0.522114793345115,0.477885206654885,2207338.49095934,5310,2503
28,2016,8,201608,0.230756269971994,0.236182780847231,0.533060949180775,0.466939050819225,1596120.69983116,2734,1131
29,2016,8,201608,0.212616432072932,0.240747102218049,0.54663646570902,0.45336353429098,10800857.993477,6944,2563
31,2016,8,201608,0.184106554296152,0.265549197952147,0.5503442477517,0.4496557522483,16478202.7043668,11037,3848
32,2016,8,201608,0.177428601485184,0.256136355869669,0.566435042645147,0.433564957354853,2852727.66405282,5246,1906
33,2016,8,201608,0.190116113963252,0.227709649696313,0.582174236340434,0.417825763659566,13217283.6461386,10052,3685
35,2016,8,201608,0.185169244026381,0.242644266498737,0.572186489474882,0.427813510525118,36736811.267011,11620,3829
41,2016,8,201608,0.185961043406911,0.2762879436057,0.537751012987388,0.462248987012612,8892263.59300839,7605,3456
42,2016,8,201608,0.189066966160865,0.279686152140765,0.531246881698369,0.468753118301631,5439020.55486619,8934,4048
43,2016,8,201608,0.185027503241799,0.262747185399382,0.552225311358819,0.447774688641181,9176171.78941055,7971,3435
50,2016,8,201608,0.205516637096388,0.227520678936406,0.566962683967206,0.433037316032794,2037273.76559673,2821,998
51,2016,8,201608,0.197645420130582,0.233065966661076,0.569288613208342,0.430711386791658,2475041.01480059,3586,1329
52,2016,8,201608,0.211511164872227,0.22980276809979,0.558686067027983,0.441313932972017,5266034.69132618,4780,1780
53,2016,8,201608,0.192217605418621,0.208512362768298,0.599270031813081,0.400729968186919,2251674.31320895,2525,1040
11,2016,9,201609,0.25252872985062,0.269123292126883,0.478347978022497,0.521652021977503,1146589.06932117,2455,1058
12,2016,9,201609,0.230570314706826,0.257727033761018,0.511702651532157,0.488297348467843,561917.427699951,2873,1446
13,2016,9,201609,0.236029827172893,0.270454472999928,0.493515699827178,0.506484300172821,2699166.21400429,4033,1885
14,2016,9,201609,0.242106531252771,0.27784142202505,0.480052046722179,0.519947953277821,374907.127737128,1614,740
15,2016,9,201609,0.226779224933807,0.305263158166627,0.467957616899565,0.532042383100435,5988646.52148128,5226,2230
16,2016,9,201609,0.235427268632552,0.256779727014548,0.5077930043529,0.4922069956471,550648.196053957,1224,580
17,2016,9,201609,0.230833724687741,0.278949902188041,0.490216373124218,0.509783626875782,1033926.10806071,1986,801
21,2016,9,201609,0.233486351021513,0.259214628261737,0.50729902071675,0.49270097928325,4788490.33697464,9364,4212
22,2016,9,201609,0.224025403893768,0.258784502880069,0.517190093226163,0.482809906773838,2450854.52757794,3467,1445
23,2016,9,201609,0.221143239555313,0.255009672142865,0.523847088301822,0.476152911698178,7081023.35690509,7790,3108
24,2016,9,201609,0.220140110115087,0.249566772924659,0.530293116960254,0.469706883039746,2627256.81030885,3230,1339
25,2016,9,201609,0.213739721836824,0.235449653456818,0.550810624706359,0.449189375293641,3026776.32862946,3854,1634
26,2016,9,201609,0.235139982093635,0.24313631701565,0.521723700890715,0.478276299109285,6662881.34770578,5311,2231
27,2016,9,201609,0.218214860568876,0.246664213316525,0.535120926114599,0.464879073885401,2327553.11688553,5528,2546
28,2016,9,201609,0.23307178105175,0.245840078830719,0.521088140117531,0.478911859882469,1703346.39999386,2940,1233
29,2016,9,201609,0.221975996721646,0.256300527238422,0.521723476039932,0.478276523960068,11000385.4640282,7255,2678
31,2016,9,201609,0.190314108133515,0.265183174999983,0.544502716866501,0.455497283133499,16759060.5477104,11303,4007
32,2016,9,201609,0.196753070629577,0.239039166338853,0.56420776303157,0.435792236968431,3070234.04629773,5494,1997
33,2016,9,201609,0.176850292230822,0.230659013031113,0.592490694738065,0.407509305261935,13875699.5841951,10363,3674
35,2016,9,201609,0.181935233789782,0.235982721553528,0.58208204465669,0.41791795534331,35571196.2018386,11735,3943
41,2016,9,201609,0.195022247920264,0.272189159835615,0.532788592244122,0.467211407755878,8906305.51219716,8217,3728
42,2016,9,201609,0.193381528339708,0.272876046706597,0.533742424953696,0.466257575046304,5634074.45905902,8848,3959
43,2016,9,201609,0.184018648754519,0.257991122228728,0.557990229016753,0.442009770983247,8714081.83421501,7819,3507
50,2016,9,201609,0.22542535067223,0.221028596632194,0.553546052695575,0.446453947304425,2035178.13811748,3278,1182
51,2016,9,201609,0.204913764394066,0.238779310859599,0.556306924746335,0.443693075253665,2425144.83151275,3568,1372
52,2016,9,201609,0.203995701928882,0.22984566745739,0.566158630613729,0.433841369386271,5241299.00245471,4988,1888
53,2016,9,201609,0.210127780061465,0.198586609245893,0.591285610692642,0.408714389307358,2178664.72330014,2841,1131
11,2016,10,201610,0.234948434587643,0.268301029969469,0.496750535442888,0.503249464557112,1312915.8238377,2291,989
12,2016,10,201610,0.236497409027186,0.271345134675826,0.492157456296987,0.507842543703013,546690.098796227,2741,1367
13,2016,10,201610,0.233454711055379,0.28491785273108,0.481627436213541,0.518372563786459,2593002.98143776,3654,1701
14,2016,10,201610,0.241483491072903,0.27258351719918,0.485932991727918,0.514067008272082,359257.786825654,1624,750
15,2016,10,201610,0.224594263512513,0.290725349914243,0.484680386573245,0.515319613426755,6334024.62969505,5430,2323
16,2016,10,201610,0.234826909542641,0.264316566225584,0.500856524231775,0.499143475768225,550269.018564722,1135,491
17,2016,10,201610,0.226616419586831,0.264317386394851,0.509066194018319,0.490933805981681,1075205.32785243,2114,846
21,2016,10,201610,0.229898212755004,0.249440499635036,0.52066128760996,0.47933871239004,4892077.06412094,9298,4162
22,2016,10,201610,0.227046736682253,0.269766412817129,0.503186850500618,0.496813149499382,2354025.38364799,3440,1442
23,2016,10,201610,0.222317061104987,0.247056918431025,0.530626020463988,0.469373979536012,7062877.85949606,7809,3117
24,2016,10,201610,0.217298073355376,0.246317195844145,0.536384730800479,0.463615269199521,2564300.80791215,3259,1271
25,2016,10,201610,0.237110588895161,0.241669379805216,0.521220031299624,0.478779968700376,3065559.02122066,4090,1747
26,2016,10,201610,0.224077570452781,0.225741760334909,0.55018066921231,0.44981933078769,6521691.80620133,5507,2289
27,2016,10,201610,0.218129052149727,0.242931686755266,0.538939261095008,0.461060738904992,2292796.21069745,5278,2527
28,2016,10,201610,0.235037289563492,0.226341344639231,0.538621365797277,0.461378634202724,1693625.95387817,2943,1136
29,2016,10,201610,0.215083335181022,0.247591328308431,0.537325336510547,0.462674663489453,11018348.5261965,7068,2650
31,2016,10,201610,0.188777184974812,0.262864721831909,0.548358093193279,0.451641906806721,16515002.3663695,10947,3874
32,2016,10,201610,0.174232350999938,0.254413933095131,0.571353715904932,0.428646284095068,3015768.40793351,5811,2084
33,2016,10,201610,0.183508747061834,0.238573921833789,0.577917331104378,0.422082668895623,13432799.9024619,10265,3778
35,2016,10,201610,0.183140948646057,0.233515081868351,0.583343969485592,0.416656030514408,35724660.9906919,12194,4014
41,2016,10,201610,0.188603355333625,0.260737115547561,0.550659529118815,0.449340470881185,9057717.57502224,7926,3626
42,2016,10,201610,0.189461495960446,0.276835426486537,0.533703077553017,0.466296922446983,5815752.20460296,8962,3955
43,2016,10,201610,0.18828511631603,0.275624577251027,0.536090306432943,0.463909693567057,9022210.71811396,8007,3448
50,2016,10,201610,0.207135739059147,0.236994433106364,0.555869827834488,0.444130172165512,2085738.22867455,3212,1113
51,2016,10,201610,0.210008864099135,0.210924253465074,0.579066882435791,0.420933117564209,2590056.60796109,3559,1370
52,2016,10,201610,0.209023646647238,0.221361646118037,0.569614707234725,0.430385292765275,5208118.48535228,5165,1872
53,2016,10,201610,0.187339091114999,0.208553555423633,0.604107353461368,0.395892646538633,2223979.47044163,2639,1082
11,2016,11,201611,0.249748815083538,0.256963271855256,0.493287913061207,0.506712086938793,1120838.77040696,2320,1017
12,2016,11,201611,0.232366686129198,0.250705644201128,0.516927669669674,0.483072330330326,605138.855022015,2771,1369
13,2016,11,201611,0.229175957967598,0.274378534516612,0.49644550751579,0.50355449248421,2871628.13599482,3863,1837
14,2016,11,201611,0.230158176881477,0.267303297090728,0.502538526027796,0.497461473972205,349614.612774087,1599,779
15,2016,11,201611,0.226922277255708,0.298143066387483,0.47493465635681,0.52506534364319,5861665.0710639,5416,2281
16,2016,11,201611,0.26317464739246,0.257458445673378,0.479366906934162,0.520633093065838,513664.326160845,1363,637
17,2016,11,201611,0.219988793598392,0.275739487158787,0.504271719242821,0.495728280757179,1049555.16052105,2033,862
21,2016,11,201611,0.237752745903793,0.257317951943852,0.504929302152355,0.495070697847645,4750499.29835372,9060,4017
22,2016,11,201611,0.228928138690698,0.282981698018975,0.488090163290327,0.511909836709673,2665543.88237308,3362,1426
23,2016,11,201611,0.233142294946188,0.254778476327974,0.512079228725838,0.487920771274162,6411628.42717157,7448,3012
24,2016,11,201611,0.199182109956656,0.244856685806146,0.555961204237198,0.444038795762802,2751423.84731609,2800,1099
25,2016,11,201611,0.238426375963005,0.237308915422637,0.524264708614358,0.475735291385642,3061277.82189826,3881,1547
26,2016,11,201611,0.235428157286016,0.240404377282322,0.524167465431663,0.475832534568338,6697460.61772709,5538,2336
27,2016,11,201611,0.214244815679767,0.247034714979847,0.538720469340387,0.461279530659613,2175411.94627644,5267,2475
28,2016,11,201611,0.225828361590811,0.235935055657527,0.538236582751663,0.461763417248338,1697738.31482432,2757,1167
29,2016,11,201611,0.213900025552369,0.238572563125123,0.547527411322508,0.452472588677493,11040464.7877717,7094,2611
31,2016,11,201611,0.185876318775408,0.2661535314938,0.547970149730792,0.452029850269208,16518500.3445024,11192,3931
32,2016,11,201611,0.186005624515532,0.252253386735635,0.561740988748832,0.438259011251168,2940113.09644502,5283,1896
33,2016,11,201611,0.18655810326803,0.213282332337149,0.600159564394822,0.399840435605178,13218981.5325085,9986,3562
35,2016,11,201611,0.182452549717057,0.242706040813639,0.574841409469304,0.425158590530696,36554994.1126373,11565,3796
41,2016,11,201611,0.18214663817362,0.271405343534027,0.546448018292353,0.453551981707647,8945180.82653616,7643,3417
42,2016,11,201611,0.192357323651469,0.277260084452401,0.53038259189613,0.46961740810387,5459214.52588761,9000,4065
43,2016,11,201611,0.189190777265312,0.258499787566788,0.552309435167899,0.447690564832101,9054033.12096008,7955,3510
50,2016,11,201611,0.199587560038924,0.224074584423797,0.576337855537279,0.423662144462721,2093572.31933065,2880,1033
51,2016,11,201611,0.214730131414675,0.231457994768955,0.55381187381637,0.44618812618363,2493409.67713903,3608,1321
52,2016,11,201611,0.214940792070756,0.241992170990382,0.543067036938862,0.456932963061138,5316398.91722,4752,1734
53,2016,11,201611,0.199631683461159,0.214520163438424,0.585848153100418,0.414151846899582,2222494.9059143,2510,1020
11,2016,12,201612,0.245560007512652,0.284711163081144,0.469728829406205,0.530271170593795,1161062.15117089,2398,1054
12,2016,12,201612,0.230093475977444,0.248557182503922,0.521349341518635,0.478650658481366,563114.235162466,2831,1395
13,2016,12,201612,0.235962406883881,0.265674002923427,0.498363590192692,0.501636409807308,2662066.52119342,3902,1841
14,2016,12,201612,0.238102489632228,0.290553791644256,0.471343718723516,0.528656281276484,364316.368226511,1570,759
15,2016,12,201612,0.230850158198231,0.2933165573012,0.47583328450057,0.52416671549943,6077868.61591413,5239,2199
16,2016,12,201612,0.227375682322183,0.25087520837841,0.521749109299407,0.478250890700593,572814.056918212,1258,563
17,2016,12,201612,0.225109147536228,0.267963371945776,0.506927480517996,0.493072519482004,1116185.70769321,2071,836
21,2016,12,201612,0.227544483895314,0.265339038693156,0.50711647741153,0.49288352258847,4754731.71979052,9165,4190
22,2016,12,201612,0.235506992739659,0.256878343088138,0.507614664172203,0.492385335827797,2596170.55708908,3579,1525
23,2016,12,201612,0.235784595854536,0.255040207810796,0.509175196334668,0.490824803665332,7077305.0520121,7788,3220
24,2016,12,201612,0.22472682391659,0.255251990380376,0.520021185703034,0.479978814296966,2639278.17309556,3226,1323
25,2016,12,201612,0.220117771247282,0.240367855140989,0.539514373611729,0.460485626388271,3023422.38828668,3779,1570
26,2016,12,201612,0.236098244393879,0.232814981509776,0.531086774096345,0.468913225903655,6550370.79217832,5193,2104
27,2016,12,201612,0.240057533822408,0.216849883716911,0.543092582460681,0.456907417539319,2191575.0271613,5234,2434
28,2016,12,201612,0.236770384136559,0.240892190453288,0.522337425410153,0.477662574589847,1729819.85000823,2906,1199
29,2016,12,201612,0.220704972592256,0.244673468761562,0.534621558646183,0.465378441353817,10927472.088778,7129,2627
31,2016,12,201612,0.183947274269339,0.266824663894204,0.549228061836458,0.450771938163542,16919629.7792574,11405,4114
32,2016,12,201612,0.191299925569117,0.251978279808772,0.556721794622111,0.443278205377889,3128326.80051405,5574,1992
33,2016,12,201612,0.184479282736599,0.215393961306627,0.600126755956774,0.399873244043226,13944187.4443739,10128,3647
35,2016,12,201612,0.178954522141102,0.234640420212475,0.586405057646423,0.413594942353577,35893042.9618844,11563,3803
41,2016,12,201612,0.194383787129084,0.274834917204541,0.530781295666375,0.469218704333625,8800336.45431487,8012,3623
42,2016,12,201612,0.188921979686857,0.27770089425211,0.533377126061033,0.466622873938967,5678413.77347777,8952,4028
43,2016,12,201612,0.188720183548936,0.263984438546278,0.547295377904787,0.452704622095214,8692392.52392882,7732,3418
50,2016,12,201612,0.210052901155693,0.226844851676078,0.563102247168229,0.436897752831771,2018119.73751555,3192,1157
51,2016,12,201612,0.20236604721214,0.240151113493053,0.557482839294806,0.442517160705194,2479118.64449301,3567,1335
52,2016,12,201612,0.206426295160562,0.21796947654631,0.575604228293128,0.424395771706872,5339999.4338921,4884,1774
53,2016,12,201612,0.210687316441793,0.195781877112437,0.593530806445771,0.40646919355423,2203344.87739561,2853,1102
11,2017,1,201701,0.266961190240139,0.256275972140591,0.47676283761927,0.52323716238073,1333612.74474915,2339,1089
12,2017,1,201701,0.234021228135459,0.257418342014205,0.508560429850337,0.491439570149664,542044.621036998,2673,1320
13,2017,1,201701,0.225066760813122,0.268357030561975,0.506576208624903,0.493423791375097,2632960.58857848,3721,1809
14,2017,1,201701,0.256038812978853,0.252354694624461,0.491606492396686,0.508393507603315,355477.588356164,1624,720
15,2017,1,201701,0.234564110388763,0.269216823704858,0.496219065906379,0.503780934093621,6365192.19346117,5450,2446
16,2017,1,201701,0.236615581501264,0.26577168140101,0.497612737097727,0.502387262902273,535711.538286737,1130,492
17,2017,1,201701,0.235899069033225,0.254748936965364,0.509351994001411,0.490648005998589,1077450.09310886,2180,894
21,2017,1,201701,0.225295470589612,0.250094408232818,0.52461012117757,0.47538987882243,4895038.32150353,9277,4122
22,2017,1,201701,0.236471048320922,0.250386654185197,0.513142297493881,0.48685770250612,2351597.0195896,3445,1441
23,2017,1,201701,0.217012828065705,0.242373815249132,0.540613356685163,0.459386643314837,7107314.39918852,7835,3139
24,2017,1,201701,0.221912834427147,0.248069710265887,0.530017455306966,0.469982544693034,2587490.43929249,3309,1338
25,2017,1,201701,0.222739046747659,0.25049613767795,0.526764815574391,0.473235184425609,3047387.05623987,4107,1750
26,2017,1,201701,0.224270191056566,0.23211870782046,0.543611101122974,0.456388898877026,6619473.6681232,5602,2339
27,2017,1,201701,0.21284032362061,0.221451506888221,0.565708169491168,0.434291830508832,2089402.60343649,5004,2416
28,2017,1,201701,0.218902755409226,0.233430398998804,0.54766684559197,0.45233315440803,1704059.71729166,2905,1172
29,2017,1,201701,0.224598590260464,0.238143471937178,0.537257937802359,0.462742062197641,11518526.1170907,7132,2656
31,2017,1,201701,0.183943584533764,0.251892143222395,0.564164272243841,0.435835727756159,16852244.912843,11056,3839
32,2017,1,201701,0.193630840639666,0.235151120604166,0.571218038756168,0.428781961243832,3033167.56752592,5728,2131
33,2017,1,201701,0.177832255101058,0.228695014033314,0.593472730865628,0.406527269134372,13304377.4702429,10205,3786
35,2017,1,201701,0.180002929297336,0.239406068892898,0.580591001809766,0.419408998190234,35667636.849551,12355,4022
41,2017,1,201701,0.174349152551443,0.256309456154401,0.569341391294156,0.430658608705844,9087649.20094164,7890,3551
42,2017,1,201701,0.193325772878284,0.274554405298757,0.532119821822959,0.467880178177041,5728748.83287225,9036,3999
43,2017,1,201701,0.190463387477264,0.266498997827899,0.543037614694838,0.456962385305162,9053560.33895322,7957,3476
50,2017,1,201701,0.204706217745784,0.235977300483158,0.559316481771058,0.440683518228942,2098946.11028279,3241,1150
51,2017,1,201701,0.201290737499433,0.207509065431633,0.591200197068934,0.408799802931066,2576396.69008421,3637,1459
52,2017,1,201701,0.21298359947181,0.215823936476786,0.571192464051404,0.428807535948596,5227513.38256392,5337,1922
53,2017,1,201701,0.184098196873434,0.208746188982671,0.607155614143895,0.392844385856105,2282774.47689182,2614,1094
11,2017,2,201702,0.229621522565423,0.255504968169346,0.514873509265231,0.485126490734769,1058048.08471425,2233,1000
12,2017,2,201702,0.218801090537403,0.248798414013855,0.532400495448742,0.467599504551258,605620.513837462,2729,1329
13,2017,2,201702,0.222937395428745,0.261531082656943,0.515531521914311,0.484468478085689,2877561.11757525,3948,1886
14,2017,2,201702,0.214187487527704,0.248925489899711,0.536887022572585,0.463112977427415,362867.955485413,1676,807
15,2017,2,201702,0.226232298560583,0.28057885010592,0.493188851333497,0.506811148666503,5854943.01618556,5504,2330
16,2017,2,201702,0.245836774587662,0.244698273583898,0.50946495182844,0.49053504817156,511666.305709282,1336,637
17,2017,2,201702,0.226937119163325,0.278076240444732,0.494986640391943,0.505013359608057,1022209.00587641,2044,866
21,2017,2,201702,0.237929898738026,0.261136596229683,0.500933505032291,0.499066494967709,4809738.25058932,9049,4035
22,2017,2,201702,0.22268403927714,0.263989187256919,0.513326773465941,0.486673226534059,2659472.93069276,3359,1463
23,2017,2,201702,0.220283764926393,0.251007584586674,0.528708650486934,0.471291349513067,6783257.50154538,7684,3098
24,2017,2,201702,0.205138187701951,0.228839335550523,0.566022476747526,0.433977523252474,2792041.89585862,2876,1140
25,2017,2,201702,0.22755866545043,0.245469272600022,0.526972061949549,0.473027938050451,3082829.23139917,3921,1566
26,2017,2,201702,0.206387143143757,0.229598538419472,0.564014318436771,0.435985681563229,6642464.14886155,5371,2279
27,2017,2,201702,0.216874173855521,0.239691688385332,0.543434137759148,0.456565862240852,2073611.67832329,5015,2447
28,2017,2,201702,0.224643077367517,0.242730492941149,0.532626429691334,0.467373570308666,1716325.43252357,2763,1201
29,2017,2,201702,0.21648221290898,0.221398126897062,0.562119660193958,0.437880339806042,11121778.5276521,7082,2608
31,2017,2,201702,0.18592791626595,0.26034838066909,0.553723703064961,0.446276296935039,16571845.0021745,11112,3861
32,2017,2,201702,0.175396139674578,0.246856752609376,0.577747107716046,0.422252892283954,3002414.78364661,5264,1946
33,2017,2,201702,0.178867949267987,0.226714264746185,0.594417785985828,0.405582214014172,13047783.6088618,9809,3568
35,2017,2,201702,0.186964436703432,0.242160056735449,0.570875506561119,0.429124493438881,36367429.9903585,11645,3792
41,2017,2,201702,0.175648787347933,0.267927044928902,0.556424167723165,0.443575832276835,8908707.66965986,7629,3364
42,2017,2,201702,0.192030129622726,0.273308041011998,0.534661829365275,0.465338170634725,5501065.01561567,9015,3933
43,2017,2,201702,0.191151592085268,0.260020311445261,0.548828096469471,0.451171903530529,9214844.95154036,7996,3463
50,2017,2,201702,0.195537831425098,0.216434333677001,0.588027834897902,0.411972165102099,2064201.78595043,2931,1067
51,2017,2,201702,0.212468591591761,0.229470653395798,0.558060755012441,0.441939244987559,2588077.30097048,3682,1415
52,2017,2,201702,0.204574090126215,0.231204578983783,0.564221330890002,0.435778669109998,5302777.17655863,4790,1736
53,2017,2,201702,0.209074468291147,0.182685884791977,0.608239646916876,0.391760353083124,2170772.31393932,2487,964
11,2017,3,201703,0.255661096137552,0.260549922690812,0.483788981171636,0.516211018828364,1171469.52122704,2439,1103
12,2017,3,201703,0.220766527727399,0.246794199109222,0.53243927316338,0.46756072683662,587818.93221254,2860,1389
13,2017,3,201703,0.226477140238714,0.260929829916307,0.512593029844979,0.487406970155021,2666291.19714959,4029,1850
14,2017,3,201703,0.244717980514134,0.285480047377184,0.469801972108682,0.530198027891318,366837.313291315,1574,708
15,2017,3,201703,0.225041012224544,0.288167180109893,0.486791807665563,0.513208192334437,6130446.06635844,5397,2320
16,2017,3,201703,0.238604816683932,0.262884540860526,0.498510642455542,0.501489357544458,611145.731031207,1269,541
17,2017,3,201703,0.239625770573622,0.256225372084495,0.504148857341883,0.495851142658117,1131078.89395183,2114,881
21,2017,3,201703,0.216067273364824,0.248137405195803,0.535795321439373,0.464204678560627,4872695.83987457,9250,4114
22,2017,3,201703,0.23481283412137,0.243297601776308,0.521889564102322,0.478110435897678,2595619.50814633,3577,1484
23,2017,3,201703,0.232718486240123,0.229171426887233,0.538110086872644,0.461889913127356,6855557.89018474,7672,3178
24,2017,3,201703,0.220974432497933,0.251337961494115,0.527687606007952,0.472312393992048,2641032.6417496,3254,1280
25,2017,3,201703,0.217751801338056,0.244033974486188,0.538214224175756,0.461785775824244,3040881.82304409,3777,1567
26,2017,3,201703,0.234093504871312,0.230049180243135,0.535857314885553,0.464142685114447,6481920.56081463,5036,2094
27,2017,3,201703,0.214589336719704,0.219606771375598,0.565803891904698,0.434196108095302,2231136.02298601,5256,2472
28,2017,3,201703,0.236137533744211,0.228019677933609,0.535842788322181,0.464157211677819,1696003.29418034,2881,1195
29,2017,3,201703,0.214191578360738,0.237249017011337,0.548559404627925,0.451440595372075,11015163.5355375,7240,2698
31,2017,3,201703,0.180222933909352,0.268768903638116,0.551008162452532,0.448991837547468,16706082.3095269,11420,4000
32,2017,3,201703,0.181432679393515,0.234026011740435,0.584541308866051,0.415458691133949,3114029.94484122,5514,2022
33,2017,3,201703,0.191184573977263,0.221455299655003,0.587360126367734,0.412639873632266,14039851.7651467,10348,3746
35,2017,3,201703,0.18118376373576,0.243826387975719,0.57498984828852,0.42501015171148,35878175.188113,11804,3809
41,2017,3,201703,0.195393865910718,0.25892677322866,0.545679360860622,0.454320639139378,8929589.95123886,8120,3619
42,2017,3,201703,0.192015519887547,0.261556436126272,0.546428043986181,0.453571956013819,5847118.71023935,9122,4027
43,2017,3,201703,0.192603432650597,0.25627460654447,0.551121960804933,0.448878039195067,8673054.27133554,7867,3482
50,2017,3,201703,0.199246904007485,0.210413816866009,0.590339279126506,0.409660720873494,2004356.49912523,3214,1173
51,2017,3,201703,0.2052401841142,0.22708252382982,0.567677292055981,0.432322707944019,2491661.69429007,3615,1403
52,2017,3,201703,0.203199396034743,0.212354164151122,0.584446439814136,0.415553560185865,5375393.02166455,5062,1880
53,2017,3,201703,0.212635434667846,0.201710348745727,0.585654216586427,0.414345783413573,2254077.39124579,2870,1125
11,2017,4,201704,0.237479767109198,0.27463062981056,0.487889603080242,0.512110396919758,1301602.27634224,2317,1011
12,2017,4,201704,0.243330125457033,0.250540073381916,0.506129801161051,0.493870198838948,534985.969895344,2656,1263
13,2017,4,201704,0.24831216368562,0.258593690830986,0.493094145483394,0.506905854516606,2682940.34910656,3745,1830
14,2017,4,201704,0.247337218719145,0.233281898840486,0.519380882440369,0.480619117559631,362127.425553022,1536,684
15,2017,4,201704,0.226927268733994,0.296919075264881,0.476153656001126,0.523846343998874,6565497.01019868,5329,2340
16,2017,4,201704,0.214355975658519,0.280249513791227,0.505394510550254,0.494605489449746,560820.256971603,1156,477
17,2017,4,201704,0.235319322891438,0.242412187752232,0.52226848935633,0.47773151064367,1085448.24275848,2143,960
21,2017,4,201704,0.217219528809248,0.261640730951579,0.521139740239173,0.478860259760828,4818810.13170888,9204,4110
22,2017,4,201704,0.229413069967946,0.269297417606968,0.501289512425085,0.498710487574915,2432979.11201651,3444,1429
23,2017,4,201704,0.220721628668534,0.248455019548615,0.530823351782852,0.469176648217148,7390422.95778921,7844,3256
24,2017,4,201704,0.211119368666993,0.251062348400938,0.537818282932069,0.462181717067931,2660047.83655205,3311,1339
25,2017,4,201704,0.233630058080134,0.246964122599436,0.51940581932043,0.480594180679571,2943709.215647,4047,1713
26,2017,4,201704,0.202631007638549,0.228655196537568,0.568713795823882,0.431286204176118,6532652.65824124,5356,2202
27,2017,4,201704,0.246737631191735,0.219229798458807,0.534032570349458,0.465967429650542,2086814.38680534,4951,2424
28,2017,4,201704,0.234806616192468,0.229817229226209,0.535376154581323,0.464623845418677,1687321.03142211,2814,1084
29,2017,4,201704,0.224978604698944,0.233515322008701,0.541506073292355,0.458493926707645,11395002.5918414,7208,2663
31,2017,4,201704,0.180865645686034,0.25873078827447,0.560403566039495,0.439596433960505,16974072.6610059,11072,3840
32,2017,4,201704,0.179424964827694,0.251507803336454,0.569067231835851,0.430932768164149,2991719.8142293,5666,2081
33,2017,4,201704,0.174036222729716,0.221511667931434,0.60445210933885,0.39554789066115,13293817.4108436,10079,3606
35,2017,4,201704,0.184336999436678,0.241507874392874,0.574155126170448,0.425844873829552,35554595.7713236,12222,3901
41,2017,4,201704,0.17409050035754,0.26188469777104,0.56402480187142,0.43597519812858,9084260.35122304,7913,3591
42,2017,4,201704,0.181412120318788,0.277531320672114,0.541056559009098,0.458943440990902,5724798.65560104,9021,3900
43,2017,4,201704,0.191840550686829,0.261826611444289,0.546332837868882,0.453667162131118,9120795.72211193,7957,3438
50,2017,4,201704,0.199801757284437,0.23020008368691,0.569998159028654,0.430001840971346,2140650.93851125,3282,1254
51,2017,4,201704,0.197996332779507,0.215327971451043,0.58667569576945,0.413324304230551,2619171.5431653,3659,1396
52,2017,4,201704,0.207541254575739,0.215257177619011,0.57720156780525,0.42279843219475,5159236.99642414,5279,1925
53,2017,4,201704,0.187460548316036,0.211882683747603,0.600656767936362,0.399343232063639,2259547.99865298,2614,1078
11,2017,5,201705,0.246963246334125,0.257479121496208,0.495557632169667,0.504442367830334,1085313.75024367,2296,1002
12,2017,5,201705,0.244222469926927,0.251237904448702,0.504539625624371,0.495460374375629,625668.244589306,2762,1310
13,2017,5,201705,0.223783815168405,0.271043079600668,0.505173105230927,0.494826894769073,2897826.41223595,3909,1816
14,2017,5,201705,0.229022422092569,0.262088245316327,0.508889332591104,0.491110667408896,340636.926392972,1582,748
15,2017,5,201705,0.238142553223419,0.273667519242575,0.488189927534006,0.511810072465995,5798715.94665404,5318,2211
16,2017,5,201705,0.234878849296369,0.263965361777462,0.501155788926169,0.498844211073831,496284.059926592,1286,630
17,2017,5,201705,0.225293882593761,0.255919996353385,0.518786121052854,0.481213878947146,1015958.78769436,2001,879
21,2017,5,201705,0.241581003946208,0.249989036751273,0.50842995930252,0.49157004069748,4946251.31627707,8997,4097
22,2017,5,201705,0.218571651695839,0.250834507915524,0.530593840388637,0.469406159611363,2691306.5458455,3413,1452
23,2017,5,201705,0.231596148709268,0.252514944368232,0.5158889069225,0.4841110930775,6578920.8341307,7657,3115
24,2017,5,201705,0.213799068751122,0.241201589749216,0.544999341499662,0.455000658500338,2747133.9151307,2878,1151
25,2017,5,201705,0.227418884868932,0.250197985346333,0.522383129784735,0.477616870215265,3187545.04313393,3950,1625
26,2017,5,201705,0.215891830701207,0.22606083238009,0.558047336918703,0.441952663081297,6560479.71120724,5287,2238
27,2017,5,201705,0.203825513741726,0.225081868202803,0.571092618055471,0.428907381944529,2073967.55339004,5031,2421
28,2017,5,201705,0.227397998531266,0.241143103152642,0.531458898316092,0.468541101683908,1711987.83491849,2737,1144
29,2017,5,201705,0.228067792651135,0.237250459103784,0.534681748245081,0.465318251754919,11059289.3767207,7049,2576
31,2017,5,201705,0.186035444651785,0.257833380884617,0.556131174463597,0.443868825536403,16569968.1659387,11083,3767
32,2017,5,201705,0.185864913197058,0.254047515400502,0.56008757140244,0.43991242859756,3075862.86896754,5233,1808
33,2017,5,201705,0.178085013424442,0.216426874237761,0.605488112337797,0.394511887662203,13213414.5408307,9993,3599
35,2017,5,201705,0.188592905192908,0.243757321736062,0.56764977307103,0.43235022692897,36421706.5601612,11526,3810
41,2017,5,201705,0.180178278282581,0.273115365050311,0.546706356667108,0.453293643332892,8947246.59898265,7666,3400
42,2017,5,201705,0.18916049769159,0.276092764851887,0.534746737456524,0.465253262543476,5621894.27204515,8996,4029
43,2017,5,201705,0.191366761150671,0.253099396510742,0.555533842338587,0.444466157661413,9073994.16247507,7881,3452
50,2017,5,201705,0.197091015238886,0.222274056101726,0.580634928659388,0.419365071340612,2080898.56767747,2894,1047
51,2017,5,201705,0.208151982672221,0.224362437741117,0.567485579586663,0.432514420413337,2571933.51952424,3704,1411
52,2017,5,201705,0.197822051026813,0.235157813252306,0.567020135720881,0.43297986427912,5369347.21931295,4724,1679
53,2017,5,201705,0.209855218206893,0.200260796456177,0.58988398533693,0.41011601466307,2202379.78614954,2589,1061
11,2017,6,201706,0.274958297690395,0.242977292684199,0.482064409625406,0.517935590374594,1196779.49448003,2440,1050
12,2017,6,201706,0.232518160983849,0.248725726443143,0.518756112573008,0.481243887426992,580649.960310334,2801,1359
13,2017,6,201706,0.236687050338871,0.268051608497793,0.495261341163336,0.504738658836664,2654403.02407291,4057,1915
14,2017,6,201706,0.238696997688435,0.296759686789094,0.464543315522471,0.535456684477529,379584.449617411,1604,716
15,2017,6,201706,0.230537421885253,0.28263195999528,0.486830618119467,0.513169381880534,5966066.66780386,5273,2271
16,2017,6,201706,0.244448498578601,0.265246416594658,0.490305084826742,0.509694915173258,595455.509981898,1268,588
17,2017,6,201706,0.241545299397745,0.23423731083191,0.524217389770345,0.475782610229655,1119617.65665855,2036,870
21,2017,6,201706,0.224685603539007,0.253492781712957,0.521821614748036,0.478178385251964,4911264.67674405,9375,4305
22,2017,6,201706,0.230824512650124,0.243414855606837,0.525760631743039,0.474239368256961,2563358.63868104,3520,1442
23,2017,6,201706,0.228170103482127,0.246571151169793,0.52525874534808,0.47474125465192,6900645.37751024,7730,3155
24,2017,6,201706,0.215968470353203,0.246691086601495,0.537340443045303,0.462659556954697,2573289.31917008,3248,1274
25,2017,6,201706,0.219054435591107,0.25290854584586,0.528037018563034,0.471962981436966,3099739.66114134,3797,1576
26,2017,6,201706,0.221087859609115,0.234266261874426,0.544645878516459,0.455354121483541,6589603.07292958,5060,2051
27,2017,6,201706,0.226690458896578,0.238015896073716,0.535293645029705,0.464706354970295,2141964.88976373,5003,2292
28,2017,6,201706,0.233682658974096,0.241609929969649,0.524707411056255,0.475292588943745,1710827.03171491,2841,1142
29,2017,6,201706,0.215783747161033,0.246644707285219,0.537571545553748,0.462428454446252,10951390.0145197,7183,2599
31,2017,6,201706,0.178611012683223,0.273739219124683,0.547649768192094,0.452350231807906,16712123.9521236,11292,3919
32,2017,6,201706,0.182592209897377,0.234206575806328,0.583201214296295,0.416798785703705,3095122.48446449,5363,1889
33,2017,6,201706,0.18210966344511,0.219761339764663,0.598128996790227,0.401871003209773,13927214.1789113,10363,3697
35,2017,6,201706,0.188411014927983,0.238051101885609,0.573537883186408,0.426462116813592,36793747.1359331,11825,3835
41,2017,6,201706,0.186000683853292,0.266177791029817,0.547821525116891,0.452178474883109,8891175.25251214,8222,3669
42,2017,6,201706,0.178524966838998,0.26705552438065,0.554419508780353,0.445580491219647,5762833.39664516,9042,3967
43,2017,6,201706,0.196212471701686,0.258486912798471,0.545300615499842,0.454699384500158,8771070.34918225,7822,3414
50,2017,6,201706,0.211192685218432,0.21539288546826,0.573414429313308,0.426585570686692,1972307.79499764,3172,1160
51,2017,6,201706,0.202826585498213,0.229710851777058,0.567462562724729,0.432537437275271,2524016.97174641,3566,1433
52,2017,6,201706,0.202550157282421,0.220619047151036,0.576830795566543,0.423169204433457,5411331.43914623,4939,1755
53,2017,6,201706,0.192294023202686,0.19552423617387,0.612181740623444,0.387818259376556,2345745.29585004,2823,1159
11,2017,7,201707,0.250897172811068,0.272180712777625,0.476922114411307,0.523077885588693,1341108.28468603,2364,1030
12,2017,7,201707,0.226064105778318,0.256188818453663,0.51774707576802,0.482252924231981,587782.698503311,2736,1328
13,2017,7,201707,0.231260989218692,0.251792764996345,0.516946245784964,0.483053754215036,2753111.84532798,3779,1811
14,2017,7,201707,0.257720421804573,0.238798814208393,0.503480763987034,0.496519236012966,361374.674718892,1514,662
15,2017,7,201707,0.22488208170988,0.28714596470244,0.487971953587681,0.512028046412319,6640177.45410521,5370,2399
16,2017,7,201707,0.245775535076402,0.275816392785463,0.478408072138135,0.521591927861865,561698.218188986,1116,471
17,2017,7,201707,0.247785804604083,0.242460426469083,0.509753768926834,0.490246231073166,1137975.41341316,2173,924
21,2017,7,201707,0.231289848107787,0.255225092224492,0.513485059667721,0.486514940332279,4741165.77241407,9106,3970
22,2017,7,201707,0.232772096838907,0.264281502508755,0.502946400652338,0.497053599347662,2510697.66379761,3477,1393
23,2017,7,201707,0.225428626047643,0.25964057015218,0.514930803800178,0.485069196199822,7254224.07889859,7558,3088
24,2017,7,201707,0.214384692599904,0.247300764508859,0.538314542891237,0.461685457108763,2581473.21728548,3295,1305
25,2017,7,201707,0.231157715020604,0.253744418425257,0.515097866554139,0.484902133445861,2917456.63274553,3979,1643
26,2017,7,201707,0.217787179337353,0.219001560267002,0.563211260395645,0.436788739604355,6671759.2616542,5483,2249
27,2017,7,201707,0.210870427255887,0.229577347241233,0.55955222550288,0.44044777449712,2059239.61333687,4712,2286
28,2017,7,201707,0.230297768752696,0.229690767847899,0.540011463399406,0.459988536600594,1673052.62404079,2758,1099
29,2017,7,201707,0.222140109732504,0.245626595702483,0.532233294565013,0.467766705434987,11535942.1029632,7214,2756
31,2017,7,201707,0.179589525013266,0.262547630672916,0.557862844313818,0.442137155686182,16924944.7220978,11194,3911
32,2017,7,201707,0.195978420120678,0.249032688035218,0.554988891844104,0.445011108155896,2998828.99614542,5654,1973
33,2017,7,201707,0.187433868856007,0.2130864981819,0.599479632962094,0.400520367037907,13221961.5593512,10208,3718
35,2017,7,201707,0.177520776305498,0.244330499925774,0.578148723768729,0.421851276231272,35746116.0434077,12222,3983
41,2017,7,201707,0.175968876137582,0.277105651242773,0.546925472619645,0.453074527380355,9229415.77100838,7942,3533
42,2017,7,201707,0.18864532964615,0.268759854678499,0.542594815675351,0.457405184324649,5701548.6815192,9049,4010
43,2017,7,201707,0.190844889038126,0.263582655491926,0.545572455469948,0.454427544530052,9101597.13138302,7886,3451
50,2017,7,201707,0.203507768506394,0.249565549157343,0.546926682336262,0.453073317663738,2127375.59618382,3284,1249
51,2017,7,201707,0.201041189026514,0.218565414863771,0.580393396109715,0.419606603890285,2656339.68668517,3647,1364
52,2017,7,201707,0.209809102146905,0.232249229791755,0.55794166806134,0.44205833193866,5244858.26999733,5358,1878
53,2017,7,201707,0.201992866893337,0.193641505419577,0.604365627687087,0.395634372312913,2302340.96554782,2608,1119
11,2017,8,201708,0.244554560402509,0.262786784004112,0.49265865559338,0.50734134440662,1102051.46193835,2298,992
12,2017,8,201708,0.264629528453342,0.251078142466201,0.484292329080457,0.515707670919543,590572.217248711,2763,1413
13,2017,8,201708,0.227021953277475,0.267596683333335,0.50538136338919,0.49461863661081,2905482.4785554,3840,1829
14,2017,8,201708,0.221411698688609,0.288892696534543,0.489695604776849,0.510304395223152,341228.516818011,1665,764
15,2017,8,201708,0.239054118417699,0.27961559224212,0.481330289340181,0.518669710659819,5700128.58720556,5276,2206
16,2017,8,201708,0.221151741482126,0.246868767796971,0.531979490720903,0.468020509279097,494550.642425718,1258,581
17,2017,8,201708,0.234975527696645,0.251394713059936,0.513629759243419,0.486370240756581,1023321.96461377,1972,873
21,2017,8,201708,0.228921769519554,0.258592498164311,0.512485732316135,0.487514267683865,5033102.40835073,9230,4151
22,2017,8,201708,0.220014141940756,0.272558546889105,0.507427311170138,0.492572688829862,2643368.0180598,3407,1430
23,2017,8,201708,0.225454728330366,0.250264702471294,0.52428056919834,0.47571943080166,6630890.34568289,7738,3163
24,2017,8,201708,0.20728930626443,0.244301631220624,0.548409062514947,0.451590937485053,2719672.81999897,2871,1154
25,2017,8,201708,0.227801047024837,0.255332435979618,0.516866516995545,0.483133483004455,3197639.96996187,3960,1597
26,2017,8,201708,0.216545677888993,0.246121887481614,0.537332434629392,0.462667565370608,6626960.1313053,5218,2183
27,2017,8,201708,0.209925500810992,0.253700559629341,0.536373939559667,0.463626060440334,2025800.33490508,4791,2318
28,2017,8,201708,0.22801192254948,0.248339132092188,0.523648945358332,0.476351054641668,1750048.48307925,2789,1169
29,2017,8,201708,0.225007811449507,0.248740379501692,0.526251809048801,0.473748190951199,10907122.5930403,7013,2593
31,2017,8,201708,0.1813638594235,0.26170268584691,0.55693345472959,0.44306654527041,16818186.6584207,11067,3805
32,2017,8,201708,0.191770130826086,0.257375906842966,0.550853962330948,0.449146037669052,3089471.85319047,5297,1852
33,2017,8,201708,0.182520631591061,0.222982016327138,0.594497352081802,0.405502647918199,13283719.484353,10266,3634
35,2017,8,201708,0.188246421755157,0.243673502961542,0.568080075283301,0.431919924716699,36330360.2268858,11595,3842
41,2017,8,201708,0.200705365320802,0.256164317665535,0.543130317013662,0.456869682986338,8901626.78152583,7691,3411
42,2017,8,201708,0.191509624921154,0.272050562975802,0.536439812103044,0.463560187896956,5686268.99086527,8952,3958
43,2017,8,201708,0.191838953337821,0.265079484515117,0.543081562147061,0.456918437852939,9084056.22624287,7940,3483
50,2017,8,201708,0.211764771396599,0.210820378976076,0.577414849627325,0.422585150372675,2062668.02252636,2954,1085
51,2017,8,201708,0.201520474399727,0.225397139188423,0.57308238641185,0.42691761358815,2667459.63544418,3686,1441
52,2017,8,201708,0.202973102317385,0.232066639589911,0.564960258092704,0.435039741907296,5421524.37773227,4723,1722
53,2017,8,201708,0.20747590466695,0.198959136134223,0.593564959198826,0.406435040801174,2289461.90398177,2604,1074
11,2017,9,201709,0.253498233210666,0.260783467013741,0.485718299775593,0.514281700224407,1180564.17601253,2347,979
12,2017,9,201709,0.211682335050181,0.261884321889255,0.526433343060564,0.473566656939436,560263.240585041,2835,1362
13,2017,9,201709,0.237173183875011,0.2575623591258,0.505264456999189,0.494735543000811,2600617.85993839,3946,1914
14,2017,9,201709,0.253634369064973,0.295120623177261,0.451245007757766,0.548754992242234,383312.321061713,1610,735
15,2017,9,201709,0.230147597739386,0.298235490453452,0.471616911807162,0.528383088192838,6088151.63963023,5308,2215
16,2017,9,201709,0.245251491146279,0.282436364714854,0.472312144138868,0.527687855861133,608904.299364765,1298,608
17,2017,9,201709,0.253319802481776,0.241263917907477,0.505416279610747,0.494583720389253,1084752.00757083,1960,909
21,2017,9,201709,0.218813367904079,0.250872491167591,0.53031414092833,0.46968585907167,4976925.42210797,9487,4201
22,2017,9,201709,0.228192920739963,0.245623285280836,0.526183793979201,0.473816206020799,2478177.62324941,3466,1445
23,2017,9,201709,0.23576245863264,0.245686621545227,0.518550919822133,0.481449080177867,6933233.19481008,7689,3067
24,2017,9,201709,0.231640611841112,0.234888369652844,0.533471018506045,0.466528981493955,2663059.7400433,3298,1340
25,2017,9,201709,0.227498743278433,0.260633997738099,0.511867258983468,0.488132741016532,3094595.73029782,3774,1561
26,2017,9,201709,0.237824664400742,0.237620559797726,0.524554775801532,0.475445224198468,6496331.90273314,5121,2068
27,2017,9,201709,0.200877168717505,0.25221243740121,0.546910393881284,0.453089606118716,2049360.70619394,4777,2306
28,2017,9,201709,0.243980033348234,0.234274405315376,0.521745561336389,0.478254438663611,1700270.62183847,2830,1157
29,2017,9,201709,0.220524283741217,0.248754447403038,0.530721268855745,0.469278731144255,11038034.1732858,7018,2612
31,2017,9,201709,0.176177535474028,0.26933793011883,0.554484534407143,0.445515465592858,16507834.5453585,11159,3824
32,2017,9,201709,0.194348948192117,0.244831652822862,0.56081939898502,0.43918060101498,3059783.47147938,5330,1893
33,2017,9,201709,0.186887273702078,0.228355326821897,0.584757399476024,0.415242600523976,14193640.9997412,10765,3854
35,2017,9,201709,0.188026261415057,0.232124970749738,0.579848767835204,0.420151232164795,36939472.4824864,11826,3801
41,2017,9,201709,0.188756517137294,0.261390987367373,0.549852495495334,0.450147504504666,9080997.58846671,8216,3719
42,2017,9,201709,0.178125316636601,0.273316200839962,0.548558482523437,0.451441517476563,5799465.85003097,9002,3896
43,2017,9,201709,0.19162889281836,0.262522064557144,0.545849042624496,0.454150957375504,8682614.03028716,7772,3378
50,2017,9,201709,0.203575264032426,0.220353703326499,0.576071032641075,0.423928967358925,1968890.12438599,3136,1168
51,2017,9,201709,0.201435917980856,0.22739373215,0.571170349869144,0.428829650130856,2534822.67636892,3532,1320
52,2017,9,201709,0.197156968330356,0.230972068619603,0.571870963050041,0.428129036949959,5486272.02897612,4908,1777
53,2017,9,201709,0.200192741448012,0.19577511572491,0.604032142827078,0.395967857172922,2274133.64694904,2782,1132
11,2017,10,201710,0.283375521847327,0.246475052661605,0.470149425491068,0.529850574508932,1441730.20152493,2410,1099
12,2017,10,201710,0.259499692353031,0.261664044767999,0.478836262878971,0.521163737121029,575045.19385425,2702,1293
13,2017,10,201710,0.238988743998224,0.256985406224114,0.504025849777662,0.495974150222338,2790905.5001997,3727,1825
14,2017,10,201710,0.252156674744239,0.261627327812263,0.486215997443498,0.513784002556502,360030.77385977,1553,694
15,2017,10,201710,0.23543091476477,0.294738203547368,0.469830881687862,0.530169118312138,6695341.18081497,5411,2344
16,2017,10,201710,0.246239626571699,0.283088170353852,0.470672203074449,0.529327796925551,550941.275828058,1127,456
17,2017,10,201710,0.24318689079402,0.260859390315334,0.495953718890646,0.504046281109354,1139944.35503842,2222,905
21,2017,10,201710,0.233959380448732,0.255294776268533,0.510745843282735,0.489254156717265,4625611.38318341,9154,4044
22,2017,10,201710,0.239294385112581,0.261572394671951,0.499133220215468,0.500866779784532,2567532.84785711,3506,1463
23,2017,10,201710,0.227048587574542,0.259588011170651,0.513363401254807,0.486636598745193,7189524.51561292,7587,3025
24,2017,10,201710,0.216664768815816,0.258781891721892,0.524553339462292,0.475446660537708,2641690.18918012,3297,1374
25,2017,10,201710,0.232378085261557,0.251020782358821,0.516601132379622,0.483398867620378,3009789.8079626,4016,1690
26,2017,10,201710,0.2018418848778,0.226966075464589,0.571192039657612,0.428807960342389,6716010.95245902,5441,2185
27,2017,10,201710,0.220769722948506,0.226143113200991,0.553087163850504,0.446912836149496,2053553.46305216,4616,2295
28,2017,10,201710,0.227450441710712,0.256288349551509,0.516261208737779,0.483738791262221,1648231.47565583,2804,1083
29,2017,10,201710,0.222148798717756,0.250514021260032,0.527337180022212,0.472662819977788,11790073.043449,7366,2795
31,2017,10,201710,0.186286810730979,0.263200949943092,0.550512239325929,0.449487760674071,16820786.9949572,11098,3868
32,2017,10,201710,0.182379720830703,0.253140955819331,0.564479323349967,0.435520676650033,2995985.80466265,5705,2072
33,2017,10,201710,0.174237061614708,0.218210673316806,0.607552265068486,0.392447734931514,13360028.4717483,10378,3758
35,2017,10,201710,0.179141074288464,0.239936961531972,0.580921964179564,0.419078035820436,35606261.1308352,12257,3973
41,2017,10,201710,0.178311694013256,0.274969544625347,0.546718761361397,0.453281238638603,9298087.49821355,7984,3503
42,2017,10,201710,0.1890382162619,0.272991768198903,0.537970015539196,0.462029984460804,5698027.82309402,8938,3862
43,2017,10,201710,0.186503841659258,0.266584832762494,0.546911325578248,0.453088674421753,9137120.98047339,7885,3389
50,2017,10,201710,0.202044373988397,0.244360361083302,0.553595264928301,0.446404735071699,2159551.58177996,3224,1236
51,2017,10,201710,0.209431023781518,0.228307130377537,0.562261845840945,0.437738154159055,2585619.62604068,3658,1385
52,2017,10,201710,0.199791025217585,0.2267775036113,0.573431471171115,0.426568528828885,5192249.85476454,5229,1901
53,2017,10,201710,0.213326903956731,0.184014966592886,0.602658129450382,0.397341870549618,2302988.69375541,2612,1104
11,2017,11,201711,0.237424620985585,0.253279844102356,0.509295534912059,0.490704465087941,1093224.79720141,2253,970
12,2017,11,201711,0.246722271579163,0.252685291745082,0.500592436675754,0.499407563324246,608268.531862468,2746,1370
13,2017,11,201711,0.23344021584591,0.270908328075879,0.495651456078211,0.504348543921789,2876227.97128955,3729,1751
14,2017,11,201711,0.231985731341001,0.289796490819145,0.478217777839855,0.521782222160145,376796.860588041,1704,747
15,2017,11,201711,0.239184780116882,0.290476359389287,0.470338860493831,0.529661139506169,5690276.09068839,5171,2138
16,2017,11,201711,0.211018856603828,0.243184594016346,0.545796549379826,0.454203450620174,506025.675058154,1293,605
17,2017,11,201711,0.243449384595445,0.248798555673769,0.507752059730786,0.492247940269214,1035184.58194742,1987,871
21,2017,11,201711,0.223398900830512,0.252125203796147,0.524475895373342,0.475524104626658,5067477.96021565,9227,4248
22,2017,11,201711,0.218258678664052,0.278700557136354,0.503040764199594,0.496959235800406,2542455.1798849,3377,1426
23,2017,11,201711,0.23228882397249,0.252356064420772,0.515355111606738,0.484644888393262,6687003.95685436,7797,3049
24,2017,11,201711,0.2218582847248,0.247391525622162,0.530750189653038,0.469249810346962,2666044.46468661,2928,1146
25,2017,11,201711,0.227058039438623,0.250752723441526,0.522189237119851,0.477810762880149,3167182.21493004,3873,1542
26,2017,11,201711,0.221609845781659,0.221941354244499,0.556448799973842,0.443551200026158,6418823.15297381,5145,2110
27,2017,11,201711,0.2045332666252,0.239420294166612,0.556046439208188,0.443953560791813,2026425.09326537,4695,2330
28,2017,11,201711,0.228939281156888,0.243998681430929,0.527062037412183,0.472937962587817,1752202.46714443,2793,1100
29,2017,11,201711,0.213662840152121,0.249667933526658,0.536669226321221,0.463330773678779,10828195.1127037,6929,2589
31,2017,11,201711,0.184104199104489,0.268996837285652,0.546898963609859,0.453101036390141,17073664.001221,11184,3764
32,2017,11,201711,0.189443253007881,0.2546031904665,0.55595355652562,0.44404644347438,3052323.7485662,5223,1856
33,2017,11,201711,0.178252519218229,0.227738059296708,0.594009421485064,0.405990578514936,13380750.4877366,10312,3561
35,2017,11,201711,0.187540960181716,0.243586745775386,0.568872294042899,0.431127705957102,36753047.851962,11532,3822
41,2017,11,201711,0.196671292342685,0.275541627373328,0.527787080283987,0.472212919716013,8961674.37381284,7674,3393
42,2017,11,201711,0.190620784021984,0.267398397841547,0.541980818136468,0.458019181863532,5794196.50841539,8995,4038
43,2017,11,201711,0.185426470307488,0.253585197983569,0.560988331708943,0.439011668291057,9093461.49869146,7740,3390
50,2017,11,201711,0.213228381773325,0.215032972787773,0.571738645438902,0.428261354561098,2014343.16088515,2866,1016
51,2017,11,201711,0.210982498675807,0.234412880725967,0.554604620598227,0.445395379401773,2737861.65114532,3813,1499
52,2017,11,201711,0.197600538940971,0.229211593204786,0.573187867854243,0.426812132145757,5434193.74019217,4746,1758
53,2017,11,201711,0.190089813858659,0.201669943438494,0.608240242702847,0.391759757297153,2284285.75720941,2603,1028
11,2017,12,201712,0.244234529803137,0.256016485824313,0.499748984372551,0.500251015627449,1155253.27985002,2320,933
12,2017,12,201712,0.224358976602084,0.271386086266043,0.504254937131873,0.495745062868127,563840.400611899,2766,1313
13,2017,12,201712,0.226251577878168,0.263376720091177,0.510371702030656,0.489628297969345,2673489.97568899,3930,1892
14,2017,12,201712,0.241721062296547,0.28044317088426,0.477835766819193,0.522164233180807,353666.588001971,1549,696
15,2017,12,201712,0.237257334256092,0.286010514786192,0.476732150957716,0.523267849042284,6056686.02612992,5039,2153
16,2017,12,201712,0.2409542739377,0.264421362033458,0.494624364028842,0.505375635971158,600486.195989818,1197,531
17,2017,12,201712,0.233897651988009,0.247444527547364,0.518657820464627,0.481342179535373,1084317.44536811,1833,815
21,2017,12,201712,0.22240864714299,0.241925341521633,0.535666011335377,0.464333988664623,5028448.95790077,8965,4169
22,2017,12,201712,0.231322500396923,0.252097125001118,0.516580374601958,0.483419625398042,2516732.11316263,3443,1414
23,2017,12,201712,0.234138708446784,0.243456777715464,0.522404513837752,0.477595486162248,7072422.56324088,7601,3001
24,2017,12,201712,0.245814051167988,0.2321994485502,0.521986500281812,0.478013499718188,2721907.70225156,3323,1357
25,2017,12,201712,0.239549159867642,0.249624503957799,0.510826336174559,0.489173663825441,3094940.30771202,3749,1561
26,2017,12,201712,0.214142408957499,0.238659834838026,0.547197756204475,0.452802243795525,6667614.05761093,5195,2017
27,2017,12,201712,0.235123805630321,0.238348370553102,0.526527823816577,0.473472176183423,2018960.52745977,4518,2250
28,2017,12,201712,0.23162850043899,0.246451449734989,0.521920049826021,0.478079950173979,1724666.26160831,2827,1088
29,2017,12,201712,0.222362889665425,0.249216960900517,0.528420149434058,0.471579850565942,10964040.8093129,6886,2540
31,2017,12,201712,0.176744708714648,0.276281788122324,0.546973503163029,0.453026496836971,16583560.340114,11202,3936
32,2017,12,201712,0.188291824932478,0.241245143187093,0.570463031880429,0.429536968119571,3031513.76951159,5317,1942
33,2017,12,201712,0.180539646280361,0.226727465714778,0.59273288800486,0.40726711199514,14027411.2820274,10781,3849
35,2017,12,201712,0.195645935126008,0.235912206271577,0.568441858602415,0.431558141397585,36961161.6680725,11578,3757
41,2017,12,201712,0.185172016092858,0.264460274371884,0.550367709535258,0.449632290464742,9016630.47367596,8016,3622
42,2017,12,201712,0.182868386288217,0.272812561215078,0.544319052496705,0.455680947503295,5824628.8104323,8840,3886
43,2017,12,201712,0.190315391682947,0.260232636949337,0.549451971367717,0.450548028632283,8811502.82877916,7680,3267
50,2017,12,201712,0.209037378870408,0.22088583722676,0.570076783902832,0.429923216097168,2011949.80890795,3046,1146
51,2017,12,201712,0.205732886716389,0.226530387321062,0.567736725962549,0.432263274037451,2591174.14180497,3456,1363
52,2017,12,201712,0.205559526049657,0.22727369782783,0.567166776122513,0.432833223877488,5552417.60208666,4833,1752
53,2017,12,201712,0.179571910938121,0.188563863468024,0.631864225593855,0.368135774406145,2264171.77310484,2659,1053
11,2018,1,201801,0.236456947937679,0.22933091741059,0.534212134651731,0.465787865348269,1443475.94018229,2416,1047
12,2018,1,201801,0.229751084890585,0.280668816940722,0.489580098168693,0.510419901831307,569994.09857333,2585,1243
13,2018,1,201801,0.237049154339267,0.26303293700388,0.499917908656853,0.500082091343147,2867299.0381694,3808,1817
14,2018,1,201801,0.26205000715875,0.257688675704183,0.480261317137067,0.519738682862933,355202.875626788,1517,647
15,2018,1,201801,0.22937900378704,0.286711628164787,0.483909368048173,0.516090631951827,6759222.11135709,5486,2468
16,2018,1,201801,0.229498680419147,0.253127951838323,0.51737336774253,0.48262663225747,552542.426686445,1115,450
17,2018,1,201801,0.234983925304331,0.25666297271045,0.508353101985219,0.491646898014781,1193307.31657272,2206,934
21,2018,1,201801,0.219164280700819,0.249613396749476,0.531222322549705,0.468777677450295,4693713.21168361,9321,4229
22,2018,1,201801,0.226635285041191,0.253776704099667,0.519588010859142,0.480411989140858,2592736.0313051,3513,1488
23,2018,1,201801,0.220083902578152,0.256237031965561,0.523679065456287,0.476320934543713,7142126.41370206,7573,2918
24,2018,1,201801,0.198165006747719,0.250605500145388,0.551229493106893,0.448770506893107,2583723.31923448,3274,1299
25,2018,1,201801,0.231872690321193,0.242294312968092,0.525832996710714,0.474167003289286,2999365.26725767,3986,1689
26,2018,1,201801,0.230074167770144,0.227581371993694,0.542344460236162,0.457655539763838,6764801.94394494,5572,2221
27,2018,1,201801,0.232639978619447,0.22495276384677,0.542407257533783,0.457592742466217,2107736.02625803,4845,2460
28,2018,1,201801,0.22985971561129,0.23509589370563,0.53504439068308,0.46495560931692,1640628.85915959,2827,1099
29,2018,1,201801,0.220059619576387,0.232238962556607,0.547701417867006,0.452298582132994,11911080.8262703,7373,2836
31,2018,1,201801,0.174551091382116,0.257853305706071,0.567595602911812,0.432404397088188,16812005.7148288,11075,3902
32,2018,1,201801,0.180203535919362,0.233654355987345,0.586142108093293,0.413857891906707,2971001.88727736,5558,2026
33,2018,1,201801,0.176168896713074,0.220499044951842,0.603332058335083,0.396667941664917,13311064.2240425,10434,3817
35,2018,1,201801,0.185522453848819,0.240092783284652,0.574384762866528,0.425615237133472,35527476.6137911,12071,3833
41,2018,1,201801,0.169651488617966,0.268926291225872,0.561422220156162,0.438577779843838,9289485.88810647,7871,3418
42,2018,1,201801,0.184265174001248,0.269183661147839,0.546551164850913,0.453448835149087,5831998.75433664,9124,4024
43,2018,1,201801,0.189487431021678,0.260151778295207,0.550360790683115,0.449639209316885,9201562.0531153,7666,3253
50,2018,1,201801,0.198615355710911,0.239077035931315,0.562307608357774,0.437692391642226,2157391.01399187,3152,1194
51,2018,1,201801,0.205783475955403,0.209692233582392,0.584524290462205,0.415475709537795,2591684.4605296,3596,1386
52,2018,1,201801,0.203548826256889,0.217099089229173,0.579352084513939,0.420647915486062,5269493.07925786,5234,1904
53,2018,1,201801,0.204326455054822,0.180722687739933,0.614950857205246,0.385049142794754,2327038.10465145,2581,1086
11,2018,2,201802,0.252514798700841,0.249955867911711,0.497529333387448,0.502470666612552,1100959.0863648,2296,1001
12,2018,2,201802,0.231008215506313,0.268012977990854,0.500978806502833,0.499021193497167,612228.92534183,2643,1306
13,2018,2,201802,0.22429475262099,0.27092169154014,0.50478355583887,0.49521644416113,2885403.02359273,3768,1787
14,2018,2,201802,0.248232564203456,0.280967958484933,0.470799477311611,0.529200522688389,392566.384278079,1759,801
15,2018,2,201802,0.240843582402192,0.272144281409057,0.487012136188752,0.512987863811249,5677971.86876139,5119,2258
16,2018,2,201802,0.226700402097543,0.234784727290632,0.538514870611825,0.461485129388175,510865.498540133,1267,612
17,2018,2,201802,0.23105260540143,0.263485699035829,0.505461695562742,0.494538304437259,1095071.40563839,1991,833
21,2018,2,201802,0.225117775550498,0.247399845550767,0.527482378898735,0.472517621101265,4940036.99267137,8970,4170
22,2018,2,201802,0.220688020773216,0.252702984766653,0.526608994460131,0.473391005539869,2547570.02321346,3347,1416
23,2018,2,201802,0.227561394247748,0.248108273110745,0.524330332641507,0.475669667358493,6716368.49331135,7710,3178
24,2018,2,201802,0.203639801229361,0.24076725779995,0.555592940970689,0.444407059029311,2719428.52011556,2893,1174
25,2018,2,201802,0.23474806841146,0.238242792923395,0.527009138665145,0.472990861334855,3145921.12935817,3876,1537
26,2018,2,201802,0.228482121725702,0.216277030063902,0.555240848210396,0.444759151789604,6304221.21128049,5115,2010
27,2018,2,201802,0.240478114608107,0.20568500988865,0.553836875503244,0.446163124496757,1989061.42736177,4693,2405
28,2018,2,201802,0.213560345189283,0.242491245628078,0.543948409182639,0.456051590817361,1754865.25515488,2773,1129
29,2018,2,201802,0.206107014520497,0.244572766044327,0.549320219435176,0.450679780564825,11068670.0719813,7043,2646
31,2018,2,201802,0.179133279222157,0.260503496810238,0.560363223967605,0.439636776032395,17195218.9479697,11099,3716
32,2018,2,201802,0.195234934251471,0.255942487573139,0.54882257817539,0.45117742182461,3046666.17292277,5238,1843
33,2018,2,201802,0.165158861842368,0.218902435758178,0.615938702399455,0.384061297600545,13803782.1948826,10515,3770
35,2018,2,201802,0.184672704605549,0.237478800865681,0.57784849452877,0.42215150547123,36757176.4260803,11524,3773
41,2018,2,201802,0.187808956016397,0.2685424106978,0.543648633285803,0.456351366714197,8844120.11122852,7599,3318
42,2018,2,201802,0.184965938275895,0.274896304985828,0.540137756738277,0.459862243261723,5762964.35464665,8928,3967
43,2018,2,201802,0.190486757658505,0.255922404070956,0.553590838270539,0.446409161729461,9037890.28467852,7625,3319
50,2018,2,201802,0.21633645201748,0.225758213126589,0.557905334855931,0.442094665144069,2080251.62094423,2929,1059
51,2018,2,201802,0.205588566089947,0.228221768871685,0.566189665038368,0.433810334961632,2686669.05982896,3729,1468
52,2018,2,201802,0.202693187151439,0.226824486358526,0.570482326490035,0.429517673509965,5373950.53909472,4689,1694
53,2018,2,201802,0.197964327767301,0.185145385926073,0.616890286306626,0.383109713693374,2278482.25137471,2621,1058
11,2018,3,201803,0.23461843754504,0.275972355695468,0.489409206759491,0.510590793240509,1169482.00555977,2330,936
12,2018,3,201803,0.222755904697183,0.255031430183748,0.522212665119068,0.477787334880932,571974.366667026,2652,1228
13,2018,3,201803,0.230241372953975,0.267767379487707,0.501991247558319,0.498008752441681,2711988.06727592,3931,1907
14,2018,3,201803,0.23454635915415,0.288109058343581,0.477344582502269,0.522655417497731,370208.756291749,1582,722
15,2018,3,201803,0.225356309580451,0.279081614126518,0.495562076293031,0.504437923706969,6024234.96085107,5156,2200
16,2018,3,201803,0.237499072909599,0.252636385321308,0.509864541769093,0.490135458230907,597759.298067156,1192,548
17,2018,3,201803,0.233653363950261,0.257628055975635,0.508718580074105,0.491281419925895,1035362.53460503,1866,785
21,2018,3,201803,0.2298364904695,0.237287013421247,0.532876496109253,0.467123503890747,4998202.42129991,8856,4143
22,2018,3,201803,0.24193482837915,0.23801416455521,0.52005100706564,0.47994899293436,2526548.49912083,3411,1425
23,2018,3,201803,0.223770436203344,0.241360012771362,0.534869551025294,0.465130448974706,7166025.88841689,7564,3083
24,2018,3,201803,0.212315302089641,0.243793913379427,0.543890784530933,0.456109215469068,2756590.40128364,3290,1323
25,2018,3,201803,0.234926402223258,0.249185059634034,0.515888538142708,0.484111461857292,3187231.0173515,3731,1554
26,2018,3,201803,0.216240945926579,0.236359978982394,0.547399075091027,0.452600924908973,6550427.38845153,5239,2065
27,2018,3,201803,0.20538446548525,0.229944682713692,0.564670851801058,0.435329148198942,2047181.80879732,4514,2296
28,2018,3,201803,0.212362042888029,0.235997059247483,0.551640897864487,0.448359102135513,1713537.8242796,2846,1172
29,2018,3,201803,0.213514890466472,0.245611478673377,0.54087363086015,0.45912636913985,11043214.452123,6914,2563
31,2018,3,201803,0.179584881925982,0.266735446746621,0.553679671327397,0.446320328672603,16496356.2167635,11098,3868
32,2018,3,201803,0.181506446892923,0.248896239097508,0.569597314009569,0.430402685990431,3099302.89057621,5390,1912
33,2018,3,201803,0.187553616459753,0.219672905112501,0.592773478427746,0.407226521572254,13994112.6990963,10792,3893
35,2018,3,201803,0.181078616423298,0.237425665738322,0.581495717838379,0.418504282161621,36792774.2753564,11807,3710
41,2018,3,201803,0.190850186189265,0.258925687643611,0.550224126167124,0.449775873832876,9110608.98573283,8092,3606
42,2018,3,201803,0.17809474402205,0.263543621821343,0.558361634156607,0.441638365843393,5742569.28828606,8741,3865
43,2018,3,201803,0.185258335910272,0.255127634614541,0.559614029475187,0.440385970524813,8802766.0484793,7737,3323
50,2018,3,201803,0.219545636619875,0.206204721956674,0.574249641423452,0.425750358576548,2004466.06236417,3149,1174
51,2018,3,201803,0.201851183349833,0.223535213373324,0.574613603276843,0.425386396723157,2685244.21329044,3503,1343
52,2018,3,201803,0.203901484120965,0.242371361666794,0.553727154212241,0.446272845787759,5590971.18700613,4892,1812
53,2018,3,201803,0.194834140491442,0.178457062995782,0.626708796512777,0.373291203487223,2256433.56493186,2682,1074
11,2018,4,201804,0.255143647030857,0.251922086085521,0.492934266883622,0.507065733116378,1445203.83855771,2437,1055
12,2018,4,201804,0.235001368059117,0.256495210081002,0.508503421859881,0.491496578140119,571223.903819226,2532,1233
13,2018,4,201804,0.230755074887258,0.261984813632137,0.507260111480606,0.492739888519394,2841697.51738709,3695,1720
14,2018,4,201804,0.271133933135731,0.251562823816697,0.477303243047573,0.522696756952428,370995.998320083,1568,707
15,2018,4,201804,0.231716387509009,0.275190406320717,0.493093206170275,0.506906793829726,6710904.46238063,5277,2411
16,2018,4,201804,0.227682565000294,0.249892015153286,0.52242541984642,0.47757458015358,613147.172290165,1097,439
17,2018,4,201804,0.249405399365422,0.220880499534502,0.529714101100075,0.470285898899925,1199152.47523599,2189,927
21,2018,4,201804,0.221424407930431,0.250405044734236,0.528170547335333,0.471829452664667,4677796.92544766,9003,4249
22,2018,4,201804,0.217392272108695,0.256952633657936,0.525655094233369,0.474344905766631,2550762.15447561,3450,1409
23,2018,4,201804,0.216137816536095,0.260410421681685,0.52345176178222,0.47654823821778,7206453.08064447,7380,2978
24,2018,4,201804,0.208605115013392,0.249177784493676,0.542217100492933,0.457782899507067,2623886.51476419,3229,1295
25,2018,4,201804,0.234690591268639,0.231781745677934,0.533527663053427,0.466472336946573,3033422.04630426,4019,1719
26,2018,4,201804,0.213295575954531,0.245848429004374,0.540855995041095,0.459144004958905,6785637.85314723,5448,2190
27,2018,4,201804,0.201692022715143,0.202256494270863,0.596051483013994,0.403948516986006,2170386.37684368,4862,2477
28,2018,4,201804,0.235235261638011,0.243732960466848,0.521031777895141,0.478968222104859,1684603.04978665,2854,1096
29,2018,4,201804,0.216672316886015,0.233210491824979,0.550117191289006,0.449882808710994,11805889.1484148,7311,2787
31,2018,4,201804,0.181704479950599,0.263718698842033,0.554576821207368,0.445423178792633,16822918.299949,10872,3854
32,2018,4,201804,0.184986672917069,0.254253093455025,0.560760233627906,0.439239766372094,2983703.65460742,5506,1949
33,2018,4,201804,0.179808132764404,0.220502845447878,0.599689021787718,0.400310978212282,13443210.5812572,10723,3929
35,2018,4,201804,0.180246028986292,0.238214371758147,0.581539599255561,0.418460400744439,35603044.8700175,12046,3843
41,2018,4,201804,0.179191247092312,0.274878462431838,0.54593029047585,0.45406970952415,9145280.947628,7682,3370
42,2018,4,201804,0.175342862665028,0.267388706397963,0.557268430937009,0.442731569062991,5827665.00202885,9017,3956
43,2018,4,201804,0.185834299652972,0.268353525376707,0.545812174970321,0.454187825029679,9289391.26653178,7634,3250
50,2018,4,201804,0.20404237344264,0.236750372868607,0.559207253688753,0.440792746311247,2127189.45781328,3180,1159
51,2018,4,201804,0.195499839843474,0.225544610439902,0.578955549716624,0.421044450283376,2615145.40821988,3450,1325
52,2018,4,201804,0.202889228372007,0.222600773916491,0.574509997711501,0.425490002288499,5120844.84425502,4972,1778
53,2018,4,201804,0.212708151024416,0.183566003036175,0.603725845939409,0.396274154060591,2296318.28877649,2508,986
11,2018,5,201805,0.235837970339297,0.250171123348456,0.513990906312247,0.486009093687753,1100521.95598524,2341,1043
12,2018,5,201805,0.227140580087171,0.252396260992575,0.520463158920254,0.479536841079746,598167.388732061,2676,1303
13,2018,5,201805,0.222538492699987,0.266875873645708,0.510585633654305,0.489414366345696,2897217.304902,3738,1756
14,2018,5,201805,0.239583109716164,0.270537563139792,0.489879327144044,0.510120672855956,413314.05344936,1805,814
15,2018,5,201805,0.236682907606419,0.286862420978606,0.476454671414976,0.523545328585024,5813897.76879917,5085,2198
16,2018,5,201805,0.208989419584086,0.267923681546698,0.523086898869216,0.476913101130784,492773.273228415,1275,597
17,2018,5,201805,0.235015007035956,0.243768125799043,0.521216867165001,0.478783132834999,1081771.68576761,1989,809
21,2018,5,201805,0.214520458578984,0.260726484584072,0.524753056836944,0.475246943163056,4875456.16143616,8821,4306
22,2018,5,201805,0.230944483936026,0.248293249783383,0.520762266280591,0.479237733719409,2565125.35392378,3401,1448
23,2018,5,201805,0.225591999950189,0.248665596619202,0.525742403430609,0.474257596569391,6700171.07395126,7652,3119
24,2018,5,201805,0.214527323132837,0.259537299824737,0.525935377042426,0.474064622957574,2676660.75878254,2831,1203
25,2018,5,201805,0.224212474737195,0.246001565290898,0.529785959971907,0.470214040028093,3134885.59244358,3874,1547
26,2018,5,201805,0.217243855883919,0.214232766850232,0.56852337726585,0.43147662273415,5939987.47953335,4991,2016
27,2018,5,201805,0.221309053033504,0.226307705832034,0.552383241134462,0.447616758865538,1957947.64007985,4575,2335
28,2018,5,201805,0.219116568966212,0.234217165887014,0.546666265146774,0.453333734853226,1749761.40685609,2795,1115
29,2018,5,201805,0.206932001642036,0.25716454069417,0.535903457663794,0.464096542336206,11212760.1584536,6984,2717
31,2018,5,201805,0.180469985000271,0.269097507045235,0.550432507954494,0.449567492045506,17351887.0230207,11109,3685
32,2018,5,201805,0.195689833340188,0.267623379481072,0.53668678717874,0.46331321282126,3095750.81848344,5295,1810
33,2018,5,201805,0.174018164242466,0.220390229276145,0.60559160648139,0.39440839351861,14061338.9711508,10748,3840
35,2018,5,201805,0.182657288794276,0.24344002019416,0.573902691011564,0.426097308988436,36898023.8166854,11594,3763
41,2018,5,201805,0.179992230041579,0.267053104906639,0.552954665051783,0.447045334948217,8833377.14024991,7513,3229
42,2018,5,201805,0.183861237341189,0.264979396652609,0.551159366006202,0.448840633993798,5694315.5747566,8805,3972
43,2018,5,201805,0.183809368319961,0.245894162669397,0.570296469010643,0.429703530989358,8991655.1408021,7771,3414
50,2018,5,201805,0.202550789872867,0.225231306696712,0.572217903430421,0.427782096569579,2073373.92620767,2953,1053
51,2018,5,201805,0.199385342768637,0.204458912983861,0.596155744247503,0.403844255752497,2658975.39833027,3643,1421
52,2018,5,201805,0.196405384644359,0.231434021053169,0.572160594302472,0.427839405697529,5396813.70511651,4709,1728
53,2018,5,201805,0.198232769311964,0.187308398759912,0.614458831928124,0.385541168071876,2301929.38061347,2629,1100
11,2018,6,201806,0.246453633252956,0.265008803094491,0.488537563652552,0.511462436347448,1203770.34978477,2386,1046
12,2018,6,201806,0.23195101998282,0.25220894790746,0.51584003210972,0.48415996789028,582739.992373891,2610,1220
13,2018,6,201806,0.217893547194229,0.273771954139887,0.508334498665884,0.491665501334116,2784006.18289945,3928,1830
14,2018,6,201806,0.22549090863271,0.264410808133965,0.510098283233326,0.489901716766675,357999.991387921,1526,689
15,2018,6,201806,0.231857747184673,0.287172627470004,0.480969625345323,0.519030374654677,6035586.70477918,5028,2070
16,2018,6,201806,0.203275555219906,0.255024970491513,0.541699474288581,0.458300525711419,579164.279652506,1198,523
17,2018,6,201806,0.235488352017546,0.249928076869761,0.514583571112694,0.485416428887306,1094974.23972434,1872,751
21,2018,6,201806,0.237158231282454,0.239995932827633,0.522845835889913,0.477154164110087,4803760.60650506,8584,4153
22,2018,6,201806,0.248856064668328,0.243197879411115,0.507946055920557,0.492053944079443,2533408.463525,3420,1387
23,2018,6,201806,0.214090383413938,0.260932194533409,0.524977422052653,0.475022577947347,7257847.83586702,7514,3134
24,2018,6,201806,0.230029148736449,0.230359596692223,0.539611254571328,0.460388745428672,2766085.96012626,3202,1267
25,2018,6,201806,0.240084872535184,0.243467061784655,0.516448065680161,0.483551934319839,3240476.17305549,3773,1611
26,2018,6,201806,0.211170137490464,0.236036744316417,0.552793118193119,0.447206881806881,6650403.24155629,5376,2121
27,2018,6,201806,0.213159571532401,0.227486270594344,0.559354157873255,0.440645842126745,2125143.33172345,4618,2272
28,2018,6,201806,0.222108840765935,0.234830310705934,0.543060848528131,0.45693915147187,1664963.37524556,2708,1091
29,2018,6,201806,0.224382281428267,0.255721486867538,0.519896231704195,0.480103768295805,10983906.834985,6832,2581
31,2018,6,201806,0.186692183168233,0.271103652250114,0.542204164581654,0.457795835418347,16621364.384415,11113,3827
32,2018,6,201806,0.197865529634254,0.245396797396039,0.556737672969708,0.443262327030292,3133785.29600759,5393,1881
33,2018,6,201806,0.178947406796867,0.219711516119254,0.601341077083879,0.398658922916121,14363300.6623736,11026,3936
35,2018,6,201806,0.185169078348582,0.234399753133083,0.580431168518335,0.419568831481665,36849721.2828107,11556,3746
41,2018,6,201806,0.182883853605293,0.262126979610722,0.554989166783985,0.445010833216015,9021597.08436622,7872,3523
42,2018,6,201806,0.185899656991844,0.262609230322374,0.551491112685782,0.448508887314218,5654548.46149323,8487,3795
43,2018,6,201806,0.181409752354942,0.257774613014162,0.560815634630896,0.439184365369104,8806810.34433203,7705,3311
50,2018,6,201806,0.222084108095074,0.224841791612956,0.553074100291971,0.446925899708029,1983591.32689466,3172,1214
51,2018,6,201806,0.202444132391967,0.227140618505027,0.570415249103006,0.429584750896994,2714434.86697372,3523,1317
52,2018,6,201806,0.208145281684191,0.232854807302673,0.558999911013136,0.441000088986864,5626938.39763178,4747,1712
53,2018,6,201806,0.182267349497868,0.192113865575484,0.625618784926647,0.374381215073353,2258781.72362332,2680,1060
11,2018,7,201807,0.248554941534303,0.238922094018718,0.51252296444698,0.48747703555302,1442337.3140423,2415,1018
12,2018,7,201807,0.218030869931851,0.25919968634284,0.52276944372531,0.47723055627469,587248.511931614,2577,1234
13,2018,7,201807,0.235710514289348,0.288978484847154,0.475311000863498,0.524688999136502,2847448.88533347,3914,1867
14,2018,7,201807,0.254386268680802,0.257055688138192,0.488558043181006,0.511441956818994,365088.455701527,1566,680
15,2018,7,201807,0.23707415799411,0.285475132110854,0.477450709895036,0.522549290104964,6630203.63903785,5269,2330
16,2018,7,201807,0.230724657892625,0.276899372467315,0.49237596964006,0.50762403035994,636818.796972617,1094,448
17,2018,7,201807,0.248018266160811,0.240835759091656,0.511145974747533,0.488854025252467,1169200.13527581,2125,896
21,2018,7,201807,0.222471457517594,0.249373812459603,0.528154730022803,0.471845269977197,4710129.21622925,9193,4428
22,2018,7,201807,0.231126996237788,0.256797529676613,0.512075474085599,0.487924525914401,2521215.3230137,3450,1333
23,2018,7,201807,0.227769673117229,0.252425975860081,0.51980435102269,0.48019564897731,7189946.02717701,7333,2930
24,2018,7,201807,0.211374056724387,0.250693775980857,0.537932167294756,0.462067832705244,2610535.76920106,3271,1270
25,2018,7,201807,0.236165097432368,0.246979249407845,0.516855653159787,0.483144346840213,3099134.51158275,4033,1656
26,2018,7,201807,0.202006113896309,0.240738898059604,0.557254988044087,0.442745011955913,6678863.77591431,5455,2146
27,2018,7,201807,0.220094600913956,0.237772309448137,0.542133089637907,0.457866910362094,2130630.52260574,4877,2459
28,2018,7,201807,0.226681740065756,0.235107669720838,0.538210590213405,0.461789409786595,1654955.52332196,2740,1062
29,2018,7,201807,0.211698885488691,0.241896970722101,0.546404143789209,0.453595856210791,11741016.9937404,7347,2747
31,2018,7,201807,0.186863396259166,0.262047182140264,0.55108942160057,0.44891057839943,16742207.799026,10936,3805
32,2018,7,201807,0.178332262687496,0.254535285000121,0.567132452312383,0.432867547687617,3041302.35519582,5626,1968
33,2018,7,201807,0.184083257431364,0.208419552949692,0.607497189618944,0.392502810381056,13535715.3351386,11060,4010
35,2018,7,201807,0.184667758854123,0.233495286046804,0.581836955099073,0.418163044900927,35784695.9650799,12370,3950
41,2018,7,201807,0.193175833494922,0.276440437980005,0.530383728525073,0.469616271474927,9095535.54278815,7693,3364
42,2018,7,201807,0.176572949314245,0.278926168028448,0.544500882657307,0.455499117342693,5859841.35553524,9034,3943
43,2018,7,201807,0.183621582045732,0.262847350915914,0.553531067038354,0.446468932961646,9392497.3545819,7774,3316
50,2018,7,201807,0.202561863576588,0.237078193866798,0.560359942556615,0.439640057443385,2123729.48009823,3253,1209
51,2018,7,201807,0.20394862467538,0.242327405437511,0.553723969887109,0.446276030112891,2797937.81895402,3570,1375
52,2018,7,201807,0.213674566020308,0.227010940213914,0.559314493765778,0.440685506234222,5218711.00752025,5035,1805
53,2018,7,201807,0.207455909842826,0.185134910223513,0.607409179933661,0.392590820066339,2351523.50683586,2546,1021
11,2018,8,201808,0.239434806329153,0.265003583544418,0.495561610126429,0.504438389873571,1123988.59706846,2331,1025
12,2018,8,201808,0.226086948515517,0.254356693593183,0.5195563578913,0.4804436421087,599799.007963519,2686,1282
13,2018,8,201808,0.241468483154665,0.277639814188701,0.480891702656634,0.519108297343366,2897389.86837697,3659,1762
14,2018,8,201808,0.227001778596251,0.255903380634409,0.51709484076934,0.48290515923066,424566.09430373,1790,775
15,2018,8,201808,0.239884199052122,0.287684200076765,0.472431600871112,0.527568399128888,5975729.72384406,5204,2278
16,2018,8,201808,0.205184526600514,0.24672490245113,0.548090570948356,0.451909429051644,488195.802542009,1318,594
17,2018,8,201808,0.220905166939221,0.271827165362364,0.507267667698415,0.492732332301585,1098297.27511097,2041,841
21,2018,8,201808,0.225571599641488,0.247939716753763,0.526488683604748,0.473511316395252,4731785.89676087,8880,4249
22,2018,8,201808,0.228835405168717,0.261483496061067,0.509681098770216,0.490318901229784,2545996.25481005,3379,1395
23,2018,8,201808,0.223063944819099,0.263863548845071,0.51307250633583,0.48692749366417,6656404.2979273,7510,2951
24,2018,8,201808,0.207391212021883,0.26574877784319,0.526860010134928,0.473139989865072,2765744.69694085,2875,1186
25,2018,8,201808,0.219910202674823,0.245457158735749,0.534632638589428,0.465367361410572,3114179.119194,3916,1539
26,2018,8,201808,0.246842955226122,0.218005313464491,0.535151731309388,0.464848268690612,5877971.02815941,5087,2127
27,2018,8,201808,0.204818136270318,0.228474558632039,0.566707305097644,0.433292694902356,1898698.7144251,4531,2170
28,2018,8,201808,0.205341745486697,0.249757077155971,0.544901177357332,0.455098822642668,1752266.07236464,2803,1111
29,2018,8,201808,0.198578780366606,0.257760924547704,0.543660295085691,0.456339704914309,11255063.16782,7062,2643
31,2018,8,201808,0.187873291064679,0.265473869368809,0.546652839566513,0.453347160433487,17579003.3539808,11090,3731
32,2018,8,201808,0.197304265542614,0.274878117732551,0.527817616724835,0.472182383275166,3128647.08601021,5313,1787
33,2018,8,201808,0.176642287852431,0.219918732064726,0.603438980082843,0.396561019917157,14105543.5562612,11106,3908
35,2018,8,201808,0.179748278456587,0.237159248789192,0.583092472754221,0.416907527245779,37079341.3387601,11644,3781
41,2018,8,201808,0.176423267710063,0.283538562241277,0.54003817004866,0.45996182995134,8893000.93868526,7503,3250
42,2018,8,201808,0.182981012318653,0.277223047675578,0.539795940005768,0.460204059994232,5692713.98312088,8820,3919
43,2018,8,201808,0.179750000848187,0.25507009536694,0.565179903784873,0.434820096215127,8873112.32421325,7724,3385
50,2018,8,201808,0.20276917661129,0.233426112276233,0.563804711112477,0.436195288887524,2115923.67505896,3050,1102
51,2018,8,201808,0.209720324066441,0.223004827650022,0.567274848283538,0.432725151716463,2585382.9048978,3700,1398
52,2018,8,201808,0.211097228398389,0.221013051976421,0.56788971962519,0.43211028037481,5417133.28418614,4820,1720
53,2018,8,201808,0.197818623790103,0.182030215182175,0.620151161027722,0.379848838972278,2305180.19338052,2608,1054
11,2018,9,201809,0.251239856307731,0.253490298610072,0.495269845082196,0.504730154917804,1219933.64577173,2387,1040
12,2018,9,201809,0.256114673463582,0.256950624267394,0.486934702269025,0.513065297730975,588846.108904866,2593,1220
13,2018,9,201809,0.21061004050964,0.282843361453347,0.506546598037013,0.493453401962987,2795653.53607584,3990,1824
14,2018,9,201809,0.24170105784427,0.301457325990199,0.45684161616553,0.54315838383447,366983.887541986,1558,658
15,2018,9,201809,0.238201012690817,0.288966246322181,0.472832740987002,0.527167259012998,5926961.57282334,5061,2086
16,2018,9,201809,0.218099629008,0.269842654268932,0.512057716723068,0.487942283276932,590206.472371188,1205,518
17,2018,9,201809,0.234070229988268,0.274380538144948,0.491549231866784,0.508450768133216,1147738.63016366,1977,826
21,2018,9,201809,0.250423324355372,0.244091795209175,0.505484880435453,0.494515119564547,4663609.77539168,8625,4145
22,2018,9,201809,0.247926604274778,0.253464729147476,0.498608666577746,0.501391333422254,2580802.27643513,3447,1404
23,2018,9,201809,0.221480433214633,0.258737218614583,0.519782348170784,0.480217651829216,7274816.19419654,7573,3072
24,2018,9,201809,0.217510622413123,0.240105872601237,0.54238350498564,0.45761649501436,2681643.36483873,3161,1230
25,2018,9,201809,0.237771289157211,0.243974579117845,0.518254131724945,0.481745868275055,3164624.63939571,3724,1523
26,2018,9,201809,0.207273967273965,0.253803540700732,0.538922492025303,0.461077507974697,6634560.71035615,5296,2135
27,2018,9,201809,0.217230637960181,0.212501162318228,0.570268199721591,0.429731800278409,2163616.46562353,4837,2394
28,2018,9,201809,0.217260089025151,0.249052495931044,0.533687415043805,0.466312584956195,1711155.65998067,2772,1072
29,2018,9,201809,0.225963771522456,0.251274527352569,0.522761701124976,0.477238298875024,11311061.0893497,7016,2599
31,2018,9,201809,0.190604601609183,0.267771387721004,0.541624010669813,0.458375989330187,16492904.5296917,11058,3930
32,2018,9,201809,0.184725819454736,0.250079140184321,0.565195040360943,0.434804959639057,3131591.5681885,5448,1896
33,2018,9,201809,0.182760606856974,0.222261715163521,0.594977677979506,0.405022322020494,14500559.0496484,11048,3895
35,2018,9,201809,0.176739774271929,0.238745924083926,0.584514301644146,0.415485698355854,37162422.4886598,11641,3635
41,2018,9,201809,0.182978480740233,0.269128644494143,0.547892874765624,0.452107125234376,9013639.43869588,7954,3584
42,2018,9,201809,0.188539801850446,0.266819316378083,0.544640881771471,0.455359118228529,5628657.04671558,8368,3671
43,2018,9,201809,0.182120857705808,0.252493473139013,0.56538566915518,0.43461433084482,8845137.15184067,7778,3265
50,2018,9,201809,0.207514985524183,0.22740980715648,0.565075207319336,0.434924792680664,1984903.67769886,3135,1144
51,2018,9,201809,0.201598041373923,0.23180114902866,0.566600809597418,0.433399190402582,2632332.43669083,3643,1408
52,2018,9,201809,0.196109307117936,0.232368214785409,0.571522478096655,0.428477521903345,5586426.84466026,4835,1689
53,2018,9,201809,0.20371174187927,0.189051433657729,0.607236824463,0.392763175537,2283537.5749435,2696,1078
11,2018,10,201810,0.277579326104086,0.244465896073372,0.477954777822542,0.522045222177458,1465276.33844878,2504,1061
12,2018,10,201810,0.227136383956195,0.259139505073777,0.513724110970029,0.486275889029972,567746.088640956,2573,1233
13,2018,10,201810,0.235092026111796,0.271159802501536,0.493748171386668,0.506251828613332,2838833.48830026,3861,1813
14,2018,10,201810,0.272787779609021,0.266007760986295,0.461204459404684,0.538795540595316,355492.954661034,1501,631
15,2018,10,201810,0.235274230892922,0.290410809929239,0.474314959177838,0.525685040822162,6576786.85536314,5324,2357
16,2018,10,201810,0.223162177307507,0.243466999034037,0.533370823658456,0.466629176341544,646666.713603376,1130,462
17,2018,10,201810,0.241695197682657,0.253156830468491,0.505147971848853,0.494852028151147,1192723.04356125,2240,903
21,2018,10,201810,0.224184588389346,0.253901321595391,0.521914090015263,0.478085909984737,4698429.06566287,9269,4326
22,2018,10,201810,0.229567257654869,0.2550761867001,0.515356555645031,0.484643444354969,2510155.73753449,3482,1368
23,2018,10,201810,0.225352336925215,0.259270690126985,0.5153769729478,0.4846230270522,7233921.50849095,7483,2906
24,2018,10,201810,0.209879572503509,0.254637516200427,0.535482911296064,0.464517088703936,2617801.93826275,3192,1270
25,2018,10,201810,0.229942523844404,0.253104842708005,0.516952633447591,0.483047366552409,3178987.77423186,4047,1667
26,2018,10,201810,0.220264673068351,0.229541224241495,0.550194102690154,0.449805897309846,6624201.03421747,5324,2055
27,2018,10,201810,0.232695436913742,0.219544660679388,0.547759902406871,0.452240097593129,2163195.38551083,4882,2480
28,2018,10,201810,0.21558607133685,0.242560322477763,0.541853606185387,0.458146393814613,1676739.43231698,2809,1107
29,2018,10,201810,0.210478547289229,0.250751280367856,0.538770172342915,0.461229827657086,11785792.9105306,7376,2766
31,2018,10,201810,0.186814037725206,0.266489633406355,0.54669632886844,0.453303671131561,16610874.5511627,10966,3907
32,2018,10,201810,0.189247168982662,0.256190433593005,0.554562397424333,0.445437602575667,3013801.2827667,5636,1970
33,2018,10,201810,0.18063378144083,0.215978481178439,0.603387737380731,0.396612262619269,13634380.0603217,11238,4084
35,2018,10,201810,0.187176865747308,0.229109703085481,0.583713431167212,0.416286568832788,35978453.405158,12210,3852
41,2018,10,201810,0.194150533856354,0.280871839760015,0.524977626383631,0.475022373616369,9118001.74883418,7834,3451
42,2018,10,201810,0.171303206707385,0.274370939986526,0.554325853306089,0.445674146693911,5961749.98077253,9094,3866
43,2018,10,201810,0.182032090697881,0.263215301709891,0.554752607592228,0.445247392407772,9318675.67749334,7823,3334
50,2018,10,201810,0.200501199023257,0.238028891134866,0.561469909841877,0.438530090158123,2116119.07992117,3210,1193
51,2018,10,201810,0.214602489231719,0.230122850215586,0.555274660552695,0.444725339447305,2768884.80603194,3538,1357
52,2018,10,201810,0.221322361152171,0.223795346855292,0.554882291992537,0.445117708007463,5185359.92087275,4971,1814
53,2018,10,201810,0.198168763247445,0.204140665369864,0.597690571382691,0.402309428617309,2347770.68154762,2595,1050
11,2018,11,201811,0.235529326059186,0.275645249146226,0.488825424794587,0.511174575205413,1137565.34700084,2258,983
12,2018,11,201811,0.228324902347039,0.260589202687953,0.511085894965008,0.488914105034992,627147.304293851,2701,1312
13,2018,11,201811,0.242673172761056,0.271394291066345,0.485932536172598,0.514067463827402,2947612.1651179,3659,1678
14,2018,11,201811,0.238515231727109,0.261602391025628,0.499882377247263,0.500117622752737,436879.775157121,1770,772
15,2018,11,201811,0.239480519782402,0.296311655509238,0.46420782470836,0.53579217529164,5965068.38042135,5172,2218
16,2018,11,201811,0.200990476906038,0.238671898920776,0.560337624173186,0.439662375826814,490722.935921723,1339,611
17,2018,11,201811,0.223008753081258,0.275300556958042,0.5016906899607,0.4983093100393,1093131.49263658,2003,833
21,2018,11,201811,0.229972839782919,0.242973800543797,0.527053359673284,0.472946640326716,4791806.92865924,8821,4164
22,2018,11,201811,0.231775207669396,0.252543998258634,0.515680794071971,0.484319205928029,2527140.76916404,3287,1352
23,2018,11,201811,0.223997412906393,0.260636710899043,0.515365876194564,0.484634123805436,6753471.86023637,7532,2870
24,2018,11,201811,0.211738837129934,0.260589497918857,0.527671664951209,0.472328335048791,2813807.87336134,2832,1160
25,2018,11,201811,0.217597088857815,0.250698198510074,0.531704712632112,0.468295287367888,3050592.78386664,3794,1483
26,2018,11,201811,0.209585238359359,0.241138996009878,0.549275765630763,0.450724234369237,5938038.63643559,5110,2070
27,2018,11,201811,0.239730544187319,0.230799501263503,0.529469954549178,0.470530045450822,1998549.24199956,4644,2308
28,2018,11,201811,0.210388413093071,0.255167299601173,0.534444287305756,0.465555712694244,1760452.93301475,2770,1053
29,2018,11,201811,0.200503694605724,0.251333505844646,0.54816279954963,0.451837200450371,11173012.6201001,7052,2633
31,2018,11,201811,0.188255279126439,0.26143209815762,0.550312622715941,0.449687377284059,17629425.0246852,11004,3731
32,2018,11,201811,0.18850985481618,0.270398976669775,0.541091168514045,0.458908831485955,3141242.68299502,5277,1737
33,2018,11,201811,0.180366802798738,0.221511789501118,0.598121407700144,0.401878592299856,14322552.000075,11120,3989
35,2018,11,201811,0.1839600661948,0.239786131542882,0.576253802262318,0.423746197737682,37152592.2688197,11402,3700
41,2018,11,201811,0.183533579995781,0.282032544896357,0.534433875107862,0.465566124892138,8815655.28223021,7520,3259
42,2018,11,201811,0.191760969024766,0.271061088518872,0.537177942456362,0.462822057543638,5675454.78109131,8806,3880
43,2018,11,201811,0.181831374756673,0.267616031840682,0.550552593402644,0.449447406597356,8876515.38470903,7645,3307
50,2018,11,201811,0.205197492083797,0.231649698523657,0.563152809392546,0.436847190607454,2155108.8753579,3025,1093
51,2018,11,201811,0.192163827992577,0.207477138805754,0.60035903320167,0.399640966798331,2568246.38556593,3591,1356
52,2018,11,201811,0.203684522480745,0.234585352478676,0.561730125040579,0.438269874959421,5398687.95699332,4779,1742
53,2018,11,201811,0.201286659324193,0.194532317233911,0.604181023441896,0.395818976558104,2296303.59364067,2547,1058
11,2018,12,201812,0.240733554446063,0.269213514983468,0.490052930570469,0.509947069429531,1187266.20669223,2249,981
12,2018,12,201812,0.225355418970204,0.254040296700595,0.520604284329201,0.479395715670799,617031.776852155,2539,1197
13,2018,12,201812,0.217774535157533,0.264171244772054,0.518054220070414,0.481945779929586,2735766.15573353,3876,1728
14,2018,12,201812,0.225275831110061,0.268044164744495,0.506680004145444,0.493319995854556,377205.577120427,1530,662
15,2018,12,201812,0.237302480682241,0.290150543300042,0.472546976017716,0.527453023982284,6049563.8313573,4965,2074
16,2018,12,201812,0.214638986807306,0.254623223132495,0.530737790060199,0.469262209939801,564243.644030555,1186,521
17,2018,12,201812,0.222344064916004,0.263416143772071,0.514239791311925,0.485760208688075,1133574.50052973,1882,754
21,2018,12,201812,0.238849160563997,0.232045071755496,0.529105767680507,0.470894232319493,4706360.93396791,8429,4165
22,2018,12,201812,0.233645276789864,0.257475596369904,0.508879126840233,0.491120873159768,2603902.27156386,3367,1413
23,2018,12,201812,0.212553063791002,0.25512302594755,0.532323910261449,0.467676089738551,7169622.0402625,7237,2996
24,2018,12,201812,0.204575872856515,0.228904098133652,0.566520029009833,0.433479970990167,2652610.79222459,3069,1217
25,2018,12,201812,0.220692009279076,0.246414416481198,0.532893574239725,0.467106425760275,3189011.3644148,3681,1535
26,2018,12,201812,0.206057271830977,0.244528708712146,0.549414019456877,0.450585980543123,6693427.54731543,5294,2182
27,2018,12,201812,0.217424850597401,0.210958687526888,0.571616461875711,0.428383538124289,2261561.97676629,4937,2378
28,2018,12,201812,0.226506790455332,0.252231823393777,0.52126138615089,0.47873861384911,1751471.14672655,2790,1074
29,2018,12,201812,0.226397658854503,0.230593015112064,0.543009326033433,0.456990673966567,11348058.6143643,6819,2482
31,2018,12,201812,0.196653681199099,0.256475052757962,0.546871266042939,0.453128733957061,16459326.0034443,10980,3944
32,2018,12,201812,0.183069241629889,0.262879260147716,0.554051498222395,0.445948501777605,3141884.21353377,5161,1785
33,2018,12,201812,0.182631171605838,0.223401451161458,0.593967377232704,0.406032622767296,14343265.3279369,10975,3868
35,2018,12,201812,0.186523161763053,0.239132925705046,0.5743439125319,0.4256560874681,37012635.0279644,11302,3604
41,2018,12,201812,0.184696466612215,0.270102670613186,0.545200862774599,0.454799137225401,9090885.23739126,7812,3577
42,2018,12,201812,0.198765257082671,0.264211082530122,0.537023660387207,0.462976339612793,5668839.91278289,8311,3605
43,2018,12,201812,0.18425047937241,0.27002265232661,0.54572686830098,0.45427313169902,9033133.79636108,7842,3346
50,2018,12,201812,0.205946923767578,0.225583707760371,0.568469368472051,0.431530631527949,2050950.00668384,3172,1191
51,2018,12,201812,0.201710467581902,0.232735583916585,0.565553948501513,0.434446051498487,2668304.06684484,3520,1341
52,2018,12,201812,0.194812749649313,0.238361452494133,0.566825797856554,0.433174202143446,5662304.48907615,4702,1701
53,2018,12,201812,0.18684910568884,0.198219476079845,0.614931418231315,0.385068581768685,2306424.82897057,2659,1063
11,2019,1,201901,0.240593685028317,0.255095583149243,0.50431073182244,0.49568926817756,1489591.2969969,2537,1101
12,2019,1,201901,0.214217177075492,0.238805723533836,0.546977099390672,0.453022900609328,576018.771041567,2551,1264
13,2019,1,201901,0.225312886815257,0.260078236507358,0.514608876677386,0.485391123322614,2889353.81296121,3842,1792
14,2019,1,201901,0.260781966511865,0.266011939196532,0.473206094291603,0.526793905708397,358340.327732127,1486,611
15,2019,1,201901,0.239591616902107,0.281105621555566,0.479302761542327,0.520697238457674,6654335.84752276,5259,2274
16,2019,1,201901,0.206794990396441,0.264646257785558,0.528558751818002,0.471441248181998,579984.461798173,1111,441
17,2019,1,201901,0.222014044455385,0.245673575393943,0.532312380150671,0.467687619849329,1187141.54270822,2215,948
21,2019,1,201901,0.224270166427105,0.258053576775278,0.517676256797617,0.482323743202383,4777277.53113853,9273,4539
22,2019,1,201901,0.226968435574232,0.251200354000164,0.521831210425603,0.478168789574397,2485279.76943899,3460,1382
23,2019,1,201901,0.219623005965143,0.250190831529025,0.530186162505832,0.469813837494168,7211687.52868123,7348,2866
24,2019,1,201901,0.208476019147552,0.256553945333372,0.534970035519077,0.465029964480923,2636174.81179364,3213,1230
25,2019,1,201901,0.231909622305765,0.237130784449271,0.530959593244964,0.469040406755037,3121119.62372001,3934,1625
26,2019,1,201901,0.206779679588759,0.229580625687003,0.563639694724238,0.436360305275762,6744362.98459471,5308,2130
27,2019,1,201901,0.18272034314631,0.222338328487015,0.594941328366674,0.405058671633326,2160097.87431286,4933,2475
28,2019,1,201901,0.217797723557888,0.242403233592142,0.53979904284997,0.46020095715003,1635602.70869994,2752,1069
29,2019,1,201901,0.207024215796428,0.24946975604523,0.543506028158342,0.456493971841658,11602265.4473202,7222,2718
31,2019,1,201901,0.185938794099926,0.259040081787906,0.555021124112167,0.444978875887833,16609167.927042,10971,3940
32,2019,1,201901,0.188962324017786,0.250775602870684,0.56026207311153,0.43973792688847,2984823.23349716,5475,1849
33,2019,1,201901,0.18204510768894,0.216670492453939,0.601284399857121,0.398715600142879,14042177.6006466,11378,4062
35,2019,1,201901,0.18566688735708,0.219461126078639,0.594871986564281,0.405128013435719,35717349.8693525,12121,3935
41,2019,1,201901,0.177474501816756,0.26548769951146,0.557037798671784,0.442962201328216,9205056.11035685,7783,3443
42,2019,1,201901,0.180127558083068,0.2622021113499,0.557670330567032,0.442329669432968,5897521.91812067,8946,3886
43,2019,1,201901,0.178815072819893,0.258465843204349,0.562719083975758,0.437280916024242,9330569.49045154,7716,3315
50,2019,1,201901,0.193713025846472,0.233880167638233,0.572406806515295,0.427593193484705,2120170.96733272,3247,1177
51,2019,1,201901,0.208577916805997,0.210690583629723,0.580731499564279,0.419268500435721,2808084.78959974,3565,1322
52,2019,1,201901,0.211233288063423,0.218712372095474,0.570054339841103,0.429945660158897,5396643.36847189,5067,1842
53,2019,1,201901,0.191585500202894,0.201766578418601,0.606647921378504,0.393352078621496,2320654.93564473,2580,1000
11,2019,2,201902,0.249846233988227,0.262821615994981,0.487332150016792,0.512667849983208,1121767.21549097,2226,960
12,2019,2,201902,0.212655681068506,0.239794320211012,0.547549998720483,0.452450001279518,633258.944882886,2638,1300
13,2019,2,201902,0.22473310286793,0.275983074860554,0.499283822271516,0.500716177728484,2891938.33833335,3616,1696
14,2019,2,201902,0.257119559886789,0.244890664809537,0.497989775303674,0.502010224696326,422644.523949643,1692,726
15,2019,2,201902,0.230291194314131,0.27213989291004,0.49756891277583,0.502431087224171,6047257.22555675,5101,2265
16,2019,2,201902,0.211708890630984,0.245378917232152,0.542912192136865,0.457087807863136,496319.087181893,1329,605
17,2019,2,201902,0.231191280072782,0.251158752327381,0.517649967599837,0.482350032400163,1059024.5056528,2005,829
21,2019,2,201902,0.23031295730425,0.23183148618153,0.53785555651422,0.462144443485781,4802586.43045551,8702,4267
22,2019,2,201902,0.238405880606714,0.243419000941312,0.518175118451974,0.481824881548026,2517423.41127994,3256,1397
23,2019,2,201902,0.230550968192027,0.248548474899035,0.520900556908939,0.479099443091061,6773065.2425921,7309,2931
24,2019,2,201902,0.204974218348795,0.258783147851108,0.536242633800098,0.463757366199903,2800597.75310207,2803,1166
25,2019,2,201902,0.22284467839975,0.242756679365375,0.534398642234875,0.465601357765125,3047305.89106781,3818,1541
26,2019,2,201902,0.213408784798773,0.235990500367175,0.550600714834053,0.449399285165947,6270988.01764581,5178,2096
27,2019,2,201902,0.235984880746494,0.209954109532492,0.554061009721015,0.445938990278985,2058953.14765198,4716,2306
28,2019,2,201902,0.221981451966454,0.24329257364052,0.534725974393026,0.465274025606975,1762658.07600841,2743,1036
29,2019,2,201902,0.195971224496943,0.236689317622595,0.567339457880463,0.432660542119537,11382934.5559704,7054,2592
31,2019,2,201902,0.184652727355867,0.256129300698818,0.559217971945315,0.440782028054685,17303705.5545835,10867,3752
32,2019,2,201902,0.191400825858005,0.277448594931217,0.531150579210777,0.468849420789223,3192819.10304054,5374,1746
33,2019,2,201902,0.176845877971589,0.217203129929061,0.605950992099351,0.394049007900649,14314042.2205021,11101,3940
35,2019,2,201902,0.181557517970347,0.231814539214594,0.586627942815059,0.413372057184941,37338130.1162071,11355,3646
41,2019,2,201902,0.182700103276557,0.272306727508277,0.544993169215166,0.455006830784834,8689707.28764834,7345,3249
42,2019,2,201902,0.196116903279623,0.270227313805339,0.533655782915039,0.466344217084962,5712196.14886364,8723,3880
43,2019,2,201902,0.178701599029062,0.257714030101236,0.563584370869702,0.436415629130298,8963645.65406181,7679,3340
50,2019,2,201902,0.196240196736667,0.245861723266805,0.557898079996528,0.442101920003473,2177028.77930755,2983,1036
51,2019,2,201902,0.214026688903621,0.220167975051627,0.565805336044752,0.434194663955248,2579047.08241259,3581,1351
52,2019,2,201902,0.200430323184909,0.207669766726978,0.591899910088113,0.408100089911887,5230699.20056762,4661,1656
53,2019,2,201902,0.198098173051762,0.183541793260736,0.618360033687502,0.381639966312498,2294203.34023615,2549,1047
11,2019,3,201903,0.251112089115087,0.264465932207021,0.484421978677893,0.515578021322107,1212316.81183618,2343,1018
12,2019,3,201903,0.232162804886048,0.242484090474171,0.525353104639781,0.474646895360219,606241.669053678,2495,1152
13,2019,3,201903,0.217715533768265,0.267750394341724,0.514534071890012,0.485465928109988,2782319.35562848,4022,1865
14,2019,3,201903,0.229455598360939,0.280883703150134,0.489660698488927,0.510339301511073,380420.746280037,1545,640
15,2019,3,201903,0.229290710625794,0.286791463363836,0.48391782601037,0.516082173989631,5971308.21615117,4984,2164
16,2019,3,201903,0.223165258824772,0.246008219738663,0.530826521436565,0.469173478563435,604865.853475685,1253,548
17,2019,3,201903,0.243844527788832,0.246216310359093,0.509939161852075,0.490060838147925,1161324.94533632,2008,822
21,2019,3,201903,0.21178958185774,0.225408563751317,0.562801854390943,0.437198145609057,4743783.35358914,8437,4121
22,2019,3,201903,0.220390028433805,0.251529638068989,0.528080333497206,0.471919666502794,2669652.2980767,3440,1402
23,2019,3,201903,0.214137850107775,0.259639217743174,0.526222932149051,0.473777067850949,7124574.19940915,7381,3014
24,2019,3,201903,0.205303426966771,0.241741080539772,0.552955492493458,0.447044507506542,2569380.63134379,3045,1202
25,2019,3,201903,0.229683377686121,0.241194704052894,0.529121918260985,0.470878081739015,3243341.57715894,3688,1594
26,2019,3,201903,0.203958631296372,0.22908889139508,0.566952477308549,0.433047522691452,6636713.04140192,5364,2254
27,2019,3,201903,0.208790530537588,0.222721745618569,0.568487723843843,0.431512276156156,2359935.95431079,5010,2429
28,2019,3,201903,0.229476360213774,0.241695752421424,0.528827887364802,0.471172112635198,1755251.20148507,2817,1109
29,2019,3,201903,0.216332146031806,0.244209266823625,0.539458587144569,0.460541412855431,11492113.9951002,6900,2455
31,2019,3,201903,0.190629391475975,0.267693467177829,0.541677141346197,0.458322858653803,16751022.6579264,11180,3900
32,2019,3,201903,0.191728511156116,0.24357449689052,0.564696991953364,0.435303008046636,3129057.07487535,5338,1860
33,2019,3,201903,0.177972326492099,0.224215074031881,0.59781259947602,0.40218740052398,14197455.9099876,10890,3859
35,2019,3,201903,0.185509111112066,0.232908410838934,0.581582478049,0.418417521951001,37116889.0486353,11431,3617
41,2019,3,201903,0.185247520180906,0.264187427913471,0.550565051905623,0.449434948094377,9026723.94099133,7892,3508
42,2019,3,201903,0.19285907070078,0.263781859906004,0.543359069393216,0.456640930606784,5548048.4425911,8345,3568
43,2019,3,201903,0.191015917138937,0.262121906394102,0.546862176466961,0.453137823533039,8987440.2732563,7939,3399
50,2019,3,201903,0.201274626169246,0.224356577797575,0.57436879603318,0.42563120396682,2024954.86867578,3109,1146
51,2019,3,201903,0.202615028754623,0.221884462762418,0.575500508482959,0.424499491517041,2652424.04124451,3522,1255
52,2019,3,201903,0.210818610976738,0.223228050917994,0.565953338105268,0.434046661894732,5673787.54339022,4822,1723
53,2019,3,201903,0.182072849374097,0.190437321612242,0.627489829013662,0.372510170986338,2322088.58570752,2744,1051
11,2019,4,201904,0.237647478751475,0.239042132069338,0.523310389179187,0.476689610820814,1453526.66049544,2428,1047
12,2019,4,201904,0.226373410306146,0.249483927488462,0.524142662205393,0.475857337794607,575653.239335486,2577,1224
13,2019,4,201904,0.232990081896731,0.286296409527151,0.480713508576118,0.519286491423882,2875177.53512675,3960,1819
14,2019,4,201904,0.238851165383858,0.245343093048479,0.515805741567663,0.484194258432337,368249.950116381,1570,661
15,2019,4,201904,0.232575233072476,0.277874612035607,0.489550154891917,0.510449845108083,6620285.24490114,5195,2255
16,2019,4,201904,0.230035097199376,0.264527186424329,0.505437716376295,0.494562283623705,588490.246477132,1135,448
17,2019,4,201904,0.218263653046915,0.263100831038595,0.518635515914491,0.481364484085509,1203304.62413995,2240,939
21,2019,4,201904,0.207993834477188,0.251078428630718,0.540927736892095,0.459072263107906,4795969.05035604,9028,4283
22,2019,4,201904,0.224156589029306,0.248036625362248,0.527806785608446,0.472193214391554,2534452.82561946,3417,1347
23,2019,4,201904,0.222109892895048,0.259312456865529,0.518577650239424,0.481422349760577,7320486.39348414,7277,2856
24,2019,4,201904,0.220719795738544,0.25639995793512,0.522880246326336,0.477119753673664,2659683.43146322,3245,1280
25,2019,4,201904,0.228327337337155,0.243787199943815,0.52788546271903,0.47211453728097,3166820.84514839,3969,1634
26,2019,4,201904,0.203810717010146,0.248534982916375,0.547654300073479,0.452345699926522,6730402.39840162,5310,2216
27,2019,4,201904,0.225396175835463,0.209019608255533,0.565584215909004,0.434415784090996,2197425.855981,4882,2427
28,2019,4,201904,0.224468055285117,0.259145457744726,0.516386486970157,0.483613513029843,1681980.97767803,2736,995
29,2019,4,201904,0.210995363420646,0.247970216340976,0.541034420238378,0.458965579761622,11480122.9375359,7090,2584
31,2019,4,201904,0.18883227024012,0.273202484315557,0.537965245444323,0.462034754555677,16646475.1076951,10927,3763
32,2019,4,201904,0.190411169891264,0.249445163419262,0.560143666689475,0.439856333310526,3027797.96442704,5530,1878
33,2019,4,201904,0.180230434434472,0.219004496131153,0.600765069434375,0.399234930565625,13953466.2983031,11167,3925
35,2019,4,201904,0.184878746589257,0.236889151317039,0.578232102093705,0.421767897906295,35691081.083892,12052,3830
41,2019,4,201904,0.175886084768206,0.285042464058791,0.539071451173003,0.460928548826997,9253970.93823525,7800,3401
42,2019,4,201904,0.183000071530096,0.270566200322684,0.54643372814722,0.45356627185278,5791963.08161674,8723,3841
43,2019,4,201904,0.179570221647032,0.261043063628096,0.559386714724873,0.440613285275127,9349750.39684867,7824,3370
50,2019,4,201904,0.210897891972532,0.228936686736527,0.56016542129094,0.43983457870906,2111031.80105853,3214,1111
51,2019,4,201904,0.209913316996165,0.226899775247749,0.563186907756087,0.436813092243913,2748812.28865607,3545,1283
52,2019,4,201904,0.213263416941711,0.23142588307481,0.555310699983479,0.444689300016521,5352648.82680527,5034,1821
53,2019,4,201904,0.192971136229515,0.217830582595317,0.589198281175168,0.410801718824832,2372332.97508347,2612,1015
11,2019,5,201905,0.251557353810673,0.26580352072599,0.482639125463337,0.517360874536663,1134437.63696973,2214,980
12,2019,5,201905,0.224805491465099,0.253585548579573,0.521608959955327,0.478391040044673,623915.04638485,2753,1350
13,2019,5,201905,0.224100878870222,0.282771351770899,0.493127769358879,0.506872230641121,2860916.51846845,3691,1686
14,2019,5,201905,0.264259251456493,0.260304253940864,0.475436494602644,0.524563505397357,414202.226771671,1666,695
15,2019,5,201905,0.232740661208941,0.28468849471785,0.482570844073208,0.517429155926792,6018593.43399824,5173,2271
16,2019,5,201905,0.222715606337784,0.229983274613895,0.547301119048321,0.452698880951679,511878.375285926,1365,602
17,2019,5,201905,0.216367153726429,0.269051501960662,0.514581344312909,0.485418655687091,1043313.98822867,1968,816
21,2019,5,201905,0.214805092578156,0.247887314455992,0.537307592965852,0.462692407034148,4915760.21506676,8874,4337
22,2019,5,201905,0.225511660140566,0.254308143449261,0.520180196410173,0.479819803589827,2535320.79664933,3290,1377
23,2019,5,201905,0.220406937209472,0.254774583370554,0.524818479419974,0.475181520580026,6679336.15599741,7389,2947
24,2019,5,201905,0.225276877342935,0.239607459490971,0.535115663166095,0.464884336833906,2794747.08190488,2815,1154
25,2019,5,201905,0.209101675564367,0.241069667185191,0.549828657250442,0.450171342749558,3089157.13918163,3838,1576
26,2019,5,201905,0.204170822090658,0.236346814784376,0.559482363124966,0.440517636875034,6486150.10251432,5306,2161
27,2019,5,201905,0.199209010475532,0.203661264776876,0.597129724747592,0.402870275252408,2117592.13761915,4870,2373
28,2019,5,201905,0.229313832432891,0.243881393037456,0.526804774529652,0.473195225470348,1759180.05066877,2739,1024
29,2019,5,201905,0.204782618637748,0.233973175377644,0.561244205984608,0.438755794015392,11403241.0293536,6957,2632
31,2019,5,201905,0.188614467528643,0.262177086909214,0.549208445562142,0.450791554437858,17250864.546423,10831,3634
32,2019,5,201905,0.181799322981323,0.296802010951137,0.521398666067541,0.478601333932459,3211103.67921492,5269,1632
33,2019,5,201905,0.17604888830595,0.218823007340079,0.605128104353971,0.394871895646029,14269331.5797171,10679,3771
35,2019,5,201905,0.185134835861569,0.235905324929846,0.578959839208585,0.421040160791415,37147735.4209696,11276,3581
41,2019,5,201905,0.187704000275255,0.272852609606417,0.539443390118328,0.460556609881672,8761960.95639142,7441,3200
42,2019,5,201905,0.187496093601477,0.288580698287279,0.523923208111245,0.476076791888755,5758666.79296887,8785,3919
43,2019,5,201905,0.17965216628056,0.263403839476498,0.556943994242942,0.443056005757058,9052430.06815364,7833,3394
50,2019,5,201905,0.211493981791748,0.240822715134519,0.547683303073733,0.452316696926267,2161610.1687857,3043,1059
51,2019,5,201905,0.198270812162044,0.223860664392646,0.577868523445309,0.422131476554691,2648764.11841811,3599,1327
52,2019,5,201905,0.208927183314717,0.224732233019985,0.566340583665298,0.433659416334702,5291093.10886872,4660,1667
53,2019,5,201905,0.181665280468884,0.203810211700092,0.614524507831025,0.385475492168976,2314247.07469699,2654,1086
11,2019,6,201906,0.264899822216205,0.262065967463961,0.473034210319834,0.526965789680166,1240849.88463203,2423,1067
12,2019,6,201906,0.227338609361166,0.260347459807183,0.512313930831651,0.487686069168349,619112.893223121,2608,1248
13,2019,6,201906,0.226091442706589,0.272892454140843,0.501016103152568,0.498983896847432,2732992.39053322,4087,1877
14,2019,6,201906,0.230146325233088,0.270520713361367,0.499332961405545,0.500667038594455,386025.332245426,1565,705
15,2019,6,201906,0.237613960574479,0.286887630810801,0.475498408614721,0.524501591385279,6015306.84211693,5043,2135
16,2019,6,201906,0.239632335659439,0.272700898085618,0.487666766254943,0.512333233745057,628855.980137673,1279,559
17,2019,6,201906,0.239792113523708,0.263191635929124,0.497016250547168,0.502983749452832,1176830.12987349,2009,824
21,2019,6,201906,0.251447858033115,0.251002908088475,0.49754923387841,0.50245076612159,4971467.15542009,8771,4178
22,2019,6,201906,0.228903811065442,0.261493730717089,0.509602458217469,0.490397541782531,2607453.76782454,3358,1349
23,2019,6,201906,0.214424074438335,0.269481781119202,0.516094144442463,0.483905855557537,6997374.50185828,7287,2842
24,2019,6,201906,0.212244959646625,0.246087783139201,0.541667257214175,0.458332742785825,2580492.59155832,3015,1160
25,2019,6,201906,0.222738997038566,0.234056986636101,0.543204016325334,0.456795983674666,3188475.72258308,3606,1560
26,2019,6,201906,0.20599458510147,0.220946586356712,0.573058828541818,0.426941171458182,7084796.32686418,5651,2401
27,2019,6,201906,0.21292897807659,0.222482443961186,0.564588577962224,0.435411422037776,2421247.42560615,5139,2458
28,2019,6,201906,0.230789167250198,0.256027478516109,0.513183354233693,0.486816645766307,1768180.03971775,2744,1028
29,2019,6,201906,0.206655075569315,0.241571827206263,0.551773097224422,0.448226902775578,11451707.9323783,6842,2467
31,2019,6,201906,0.194959917861363,0.27413040529369,0.530909676844947,0.469090323155053,16806768.5665188,11084,3938
32,2019,6,201906,0.209502743835722,0.251809075592717,0.538688180571561,0.461311819428439,3102430.22981144,5196,1809
33,2019,6,201906,0.177034422122591,0.222479040390439,0.600486537486971,0.399513462513029,14313007.7778301,10420,3701
35,2019,6,201906,0.190384785895089,0.236725751964687,0.572889462140225,0.427110537859775,37024216.3547356,11328,3643
41,2019,6,201906,0.186421794568284,0.260868491714707,0.552709713717009,0.447290286282991,9014128.88087628,7833,3492
42,2019,6,201906,0.188278882344208,0.269154772842357,0.542566344813436,0.457433655186564,5665479.17730685,8330,3661
43,2019,6,201906,0.189823967805988,0.258265747310479,0.551910284883533,0.448089715116467,8986687.27113193,7898,3324
50,2019,6,201906,0.198967478692802,0.227434161279004,0.573598360028194,0.426401639971806,1997960.08658761,3107,1127
51,2019,6,201906,0.200204562752982,0.237793606829646,0.562001830417372,0.437998169582628,2647491.73973595,3539,1244
52,2019,6,201906,0.205023780856626,0.211203649507263,0.583772569636111,0.416227430363889,5678253.12140541,4842,1714
53,2019,6,201906,0.192441455220183,0.204771456697979,0.602787088081838,0.397212911918162,2292129.22573116,2721,996
11,2019,7,201907,0.249504499170401,0.231361171475722,0.519134329353877,0.480865670646123,1414869.14103023,2484,1067
12,2019,7,201907,0.220228563964387,0.245564148893962,0.534207287141651,0.465792712858349,578929.669418006,2582,1284
13,2019,7,201907,0.228203167644524,0.271856173753699,0.499940658601777,0.500059341398223,2935075.17545088,3964,1880
14,2019,7,201907,0.234734664059866,0.281619053548751,0.483646282391383,0.516353717608617,357567.063646225,1512,617
15,2019,7,201907,0.238307256364142,0.270720259300298,0.49097248433556,0.50902751566444,6664969.52539228,5145,2251
16,2019,7,201907,0.22836543171273,0.276203257165251,0.495431311122019,0.504568688877981,617835.761903965,1217,508
17,2019,7,201907,0.215090587587115,0.264093329627248,0.520816082785637,0.479183917214364,1166431.03575156,2166,874
21,2019,7,201907,0.204964087040339,0.25062607997154,0.544409832988121,0.455590167011879,4834170.25761452,9227,4426
22,2019,7,201907,0.229908863849995,0.259682242434839,0.510408893715166,0.489591106284834,2578362.81763322,3413,1281
23,2019,7,201907,0.218027785133635,0.255671412414225,0.52630080245214,0.47369919754786,7200242.79990052,7469,2903
24,2019,7,201907,0.225223178547805,0.256145690078778,0.518631131373418,0.481368868626583,2604479.79808859,3198,1238
25,2019,7,201907,0.227239914482191,0.245888503634172,0.526871581883637,0.473128418116363,3128754.41028332,3883,1541
26,2019,7,201907,0.223595984016332,0.227963987110463,0.548440028873206,0.451559971126795,6726865.95638202,5363,2252
27,2019,7,201907,0.201488208621702,0.20871906846068,0.589792722917618,0.410207277082382,2294271.88001042,5113,2529
28,2019,7,201907,0.225846249873072,0.267955118911682,0.506198631215246,0.493801368784754,1677381.59767916,2688,1023
29,2019,7,201907,0.226714828022634,0.2490713203604,0.524213851616966,0.475786148383034,11424398.3947396,7014,2648
31,2019,7,201907,0.184366054720271,0.278389091200088,0.53724485407964,0.46275514592036,16700431.2291389,10984,3810
32,2019,7,201907,0.198245855989467,0.249687913291931,0.552066230718602,0.447933769281398,3014650.94544171,5561,1886
33,2019,7,201907,0.179301598176975,0.213139722100804,0.607558679722221,0.392441320277779,14056205.8735382,10910,3963
35,2019,7,201907,0.185286568053311,0.23167345878694,0.583039973159749,0.416960026840251,35850416.3524633,12081,3812
41,2019,7,201907,0.179208253433724,0.282474826120091,0.538316920446184,0.461683079553816,9294116.75166336,7784,3356
42,2019,7,201907,0.181045458497168,0.2786221074839,0.540332434018932,0.459667565981068,5815460.63109688,8778,3889
43,2019,7,201907,0.183086700315048,0.25641272890056,0.560500570784393,0.439499429215608,9378555.08159066,7897,3389
50,2019,7,201907,0.214314396128783,0.225885103188184,0.559800500683033,0.440199499316967,2077294.97254762,3199,1144
51,2019,7,201907,0.208633198820052,0.223829138997417,0.56753766218253,0.43246233781747,2814259.16287423,3576,1288
52,2019,7,201907,0.203710380519003,0.240541583187576,0.555748036293421,0.444251963706579,5497755.35088152,5142,1771
53,2019,7,201907,0.193046335307471,0.220456556671669,0.58649710802086,0.41350289197914,2379232.41205523,2648,1029
11,2019,8,201908,0.254817906877708,0.242016079201549,0.503166013920743,0.496833986079257,1186140.20629821,2341,1050
12,2019,8,201908,0.23770523314738,0.242375290237225,0.519919476615395,0.480080523384605,647078.237495086,2671,1332
13,2019,8,201908,0.229591253306574,0.280826210760735,0.489582535932691,0.510417464067309,2810264.36259519,3742,1723
14,2019,8,201908,0.242262734061404,0.272454205216293,0.485283060722303,0.514716939277697,414217.453221821,1643,767
15,2019,8,201908,0.246588522937339,0.282031085680254,0.471380391382407,0.528619608617593,6103547.21270639,5134,2203
16,2019,8,201908,0.231387400365054,0.246068654094061,0.522543945540885,0.477456054459115,475695.209321841,1344,624
17,2019,8,201908,0.237491838324525,0.25679942145874,0.505708740216736,0.494291259783264,1076192.03110874,1937,791
21,2019,8,201908,0.222013619714402,0.257450230410888,0.52053614987471,0.47946385012529,5024423.5692625,9001,4248
22,2019,8,201908,0.226783981581855,0.255137748947899,0.518078269470245,0.481921730529755,2472882.07806175,3210,1260
23,2019,8,201908,0.213840902230098,0.257992411149357,0.528166686620545,0.471833313379455,6790849.44374667,7471,2908
24,2019,8,201908,0.217537995159518,0.248811515495288,0.533650489345194,0.466349510654806,2779328.01539412,2802,1087
25,2019,8,201908,0.216913251193202,0.23907584635612,0.544010902450678,0.455989097549322,3127780.77090331,3839,1617
26,2019,8,201908,0.202450222493704,0.24253825035365,0.555011527152646,0.444988472847354,6819881.27829558,5461,2217
27,2019,8,201908,0.214906693587936,0.216239211950278,0.568854094461786,0.431145905538214,2276096.74994473,5009,2395
28,2019,8,201908,0.227487938615013,0.246708932070481,0.525803129314506,0.474196870685494,1750312.26621727,2672,996
29,2019,8,201908,0.206364414914328,0.244142017266809,0.549493567818864,0.450506432181136,11293883.8818548,6885,2607
31,2019,8,201908,0.188938337780083,0.266926961537413,0.544134700682503,0.455865299317497,17194590.8681429,10706,3611
32,2019,8,201908,0.189224463704021,0.271026211270805,0.539749325025174,0.460250674974826,3161295.4998872,5298,1757
33,2019,8,201908,0.175122791286472,0.217478045821118,0.607399162892411,0.392600837107589,14001050.651955,10389,3638
35,2019,8,201908,0.19143199546721,0.228981537453284,0.579586467079507,0.420413532920494,37034044.3261511,11299,3675
41,2019,8,201908,0.18380117130954,0.277072148249421,0.539126680441039,0.460873319558961,8897728.19218575,7353,3135
42,2019,8,201908,0.184998093366964,0.280499681592882,0.534502225040153,0.465497774959847,5828602.32962173,8635,3757
43,2019,8,201908,0.178585590032205,0.268127703373895,0.5532867065939,0.4467132934061,8984328.95628412,7743,3296
50,2019,8,201908,0.221241979879868,0.246895820131086,0.531862199989046,0.468137800010954,2161573.29269974,2948,1037
51,2019,8,201908,0.195338071484749,0.222848437884123,0.581813490631127,0.418186509368873,2659191.53252038,3487,1297
52,2019,8,201908,0.197442880476139,0.226936825098558,0.575620294425303,0.424379705574697,5364507.53009964,4577,1590
53,2019,8,201908,0.188000097030523,0.207621407600958,0.604378495368519,0.395621504631481,2300249.21835002,2633,1057
11,2019,9,201909,0.245260705242111,0.24832179582447,0.506417498933419,0.493582501066581,1277200.5033403,2426,1054
12,2019,9,201909,0.220591976501341,0.246557406126521,0.532850617372138,0.467149382627862,605582.925148003,2554,1248
13,2019,9,201909,0.227799279379042,0.281760285362026,0.490440435258932,0.509559564741068,2725630.24942619,4076,1851
14,2019,9,201909,0.234280335581379,0.264615541214285,0.501104123204336,0.498895876795664,387345.696215302,1531,666
15,2019,9,201909,0.232188576724139,0.289885666583927,0.477925756691934,0.522074243308066,5915020.06888187,4960,2104
16,2019,9,201909,0.249087358598255,0.246094781443419,0.504817859958325,0.495182140041675,608168.578758163,1333,578
17,2019,9,201909,0.238180294278159,0.263527702038884,0.498292003682958,0.501707996317042,1203877.13517853,2090,897
21,2019,9,201909,0.232697545132434,0.244995603068388,0.522306851799179,0.477693148200821,5149546.14896595,8902,4266
22,2019,9,201909,0.223337564870537,0.260001963148162,0.516660471981302,0.483339528018699,2644094.61735347,3363,1325
23,2019,9,201909,0.217258314522414,0.262725556455953,0.520016129021633,0.479983870978368,7066113.74767977,7450,2802
24,2019,9,201909,0.208863003108611,0.230328958095086,0.560808038796303,0.439191961203697,2555551.01631723,3035,1195
25,2019,9,201909,0.220596986443977,0.239123136695456,0.540279876860567,0.459720123139433,3243125.57172266,3683,1548
26,2019,9,201909,0.225094520566549,0.236794695053541,0.53811078437991,0.46188921562009,7061059.47379336,5764,2322
27,2019,9,201909,0.221027070681195,0.222848369545876,0.556124559772929,0.443875440227071,2468632.89332132,5252,2488
28,2019,9,201909,0.230196321766373,0.253817001189684,0.515986677043943,0.484013322956057,1772424.807109,2771,1008
29,2019,9,201909,0.207448344372973,0.243242518917235,0.549309136709792,0.450690863290208,11505518.7685348,6953,2539
31,2019,9,201909,0.189124169629905,0.267713352422477,0.543162477947618,0.456837522052382,16816781.410949,10983,3837
32,2019,9,201909,0.1910240460624,0.255923089397342,0.553052864540258,0.446947135459742,3093099.29491438,5109,1792
33,2019,9,201909,0.182535216136547,0.222791194808371,0.594673589055082,0.405326410944918,14356185.0638489,10457,3766
35,2019,9,201909,0.188597441609082,0.241074651403318,0.570327906987599,0.429672093012401,36919010.9545355,11423,3638
41,2019,9,201909,0.194100240262605,0.256864799368616,0.549034960368779,0.450965039631221,8994143.63248146,7831,3463
42,2019,9,201909,0.184425701495611,0.273430954021859,0.542143344482531,0.457856655517469,5855806.32078045,8610,3727
43,2019,9,201909,0.192621599614991,0.251369840784581,0.556008559600429,0.443991440399572,8900637.9878586,7829,3353
50,2019,9,201909,0.215379257791577,0.216292314768788,0.568328427439635,0.431671572560365,2022301.5233077,3163,1148
51,2019,9,201909,0.204070859790165,0.246548380588533,0.549380759621302,0.450619240378698,2561562.97376046,3445,1224
52,2019,9,201909,0.201512354995474,0.224835925385803,0.573651719618722,0.426348280381278,5568336.10236328,4843,1725
53,2019,9,201909,0.19592696660557,0.196632403459771,0.60744062993466,0.39255937006534,2318095.53136875,2774,1028
11,2019,10,201910,0.238867937422358,0.262097820022087,0.499034242555556,0.500965757444444,1474820.17515565,2498,1051
12,2019,10,201910,0.222056912696553,0.242140554223368,0.535802533080078,0.464197466919921,570598.32297602,2498,1253
13,2019,10,201910,0.245046071935139,0.273948868584146,0.481005059480715,0.518994940519285,2911637.46433185,3873,1821
14,2019,10,201910,0.235548116538026,0.26293426883271,0.501517614629263,0.498482385370737,361840.789820495,1460,604
15,2019,10,201910,0.235081596186403,0.292021818963684,0.472896584849913,0.527103415150087,6752897.59259157,5112,2177
16,2019,10,201910,0.238255094026312,0.261735394217305,0.500009511756383,0.499990488243617,617091.841724663,1182,481
17,2019,10,201910,0.219165251402246,0.257168184129287,0.523666564468467,0.476333435531533,1160296.65719322,2144,896
21,2019,10,201910,0.211391785962605,0.253793582236658,0.534814631800738,0.465185368199262,4893479.37236052,9219,4297
22,2019,10,201910,0.216414010043784,0.265150838823481,0.518435151132735,0.481564848867265,2590213.62056007,3395,1295
23,2019,10,201910,0.224054394557081,0.25653091596082,0.519414689482099,0.480585310517901,7229802.56888941,7405,2857
24,2019,10,201910,0.216583558626815,0.240577780556771,0.542838660816415,0.457161339183586,2652817.3207378,3059,1164
25,2019,10,201910,0.243450197104556,0.238519056151686,0.518030746743757,0.481969253256243,3117441.09283993,3874,1543
26,2019,10,201910,0.214230492107749,0.22950989178974,0.55625961610251,0.44374038389749,6938096.45315185,5393,2247
27,2019,10,201910,0.200766069281273,0.22624075990142,0.572993170817307,0.427006829182693,2316092.81543142,5129,2467
28,2019,10,201910,0.227371549101778,0.266553535333755,0.506074915564467,0.493925084435533,1680659.46562198,2708,959
29,2019,10,201910,0.217868160236897,0.25662286458677,0.525508975176333,0.474491024823667,11537439.3540558,6965,2536
31,2019,10,201910,0.185103968015547,0.267812131524364,0.547083900460088,0.452916099539912,16556838.8588463,10759,3689
32,2019,10,201910,0.192913260811719,0.251843543651471,0.55524319553681,0.44475680446319,3077367.79800656,5618,1920
33,2019,10,201910,0.175100239550333,0.215926135381733,0.608973625067933,0.391026374932067,14080502.2307632,10948,3895
35,2019,10,201910,0.185811636927364,0.238624572563591,0.575563790509045,0.424436209490955,35687402.0576315,11924,3764
41,2019,10,201910,0.179039850325539,0.282178322076147,0.538781827598315,0.461218172401685,9236456.29680333,7814,3411
42,2019,10,201910,0.171853059415263,0.279053478472283,0.549093462112454,0.450906537887546,5874918.53430956,8760,3784
43,2019,10,201910,0.190117072003532,0.256376479449002,0.553506448547466,0.446493551452534,9405265.92977597,7851,3363
50,2019,10,201910,0.199628711031388,0.227648934474203,0.572722354494409,0.427277645505591,2063929.83097159,3164,1136
51,2019,10,201910,0.210029200740643,0.23492159292263,0.555049206336727,0.444950793663273,2738070.98144082,3448,1256
52,2019,10,201910,0.205357786553405,0.238248556753337,0.556393656693258,0.443606343306742,5436047.46928253,5042,1744
53,2019,10,201910,0.210923349085637,0.199157285187272,0.589919365727091,0.410080634272909,2326802.40964877,2651,1092
11,2019,11,201911,0.255230214418181,0.254561965561943,0.490207820019876,0.509792179980124,1212092.13897265,2383,1083
12,2019,11,201911,0.23364053580611,0.243889394440446,0.522470069753443,0.477529930246557,645807.516018851,2527,1268
13,2019,11,201911,0.231185232262453,0.27759053429531,0.491224233442237,0.508775766557763,2815931.7117328,3530,1657
14,2019,11,201911,0.259098743586102,0.251554463019364,0.489346793394534,0.510653206605466,418345.664517208,1575,676
15,2019,11,201911,0.240602334698277,0.284250182542633,0.47514748275909,0.52485251724091,5970734.50328588,4958,2224
16,2019,11,201911,0.231385638237094,0.245943980834505,0.522670380928401,0.477329619071599,476713.867752149,1326,586
17,2019,11,201911,0.221052062729764,0.26187223384346,0.517075703426776,0.482924296573224,1083718.55096372,1855,792
21,2019,11,201911,0.232146683884669,0.245045032983006,0.522808283132325,0.477191716867675,5129018.50145133,9031,4381
22,2019,11,201911,0.224521140581172,0.25762459255761,0.517854266861218,0.482145733138782,2461210.31589514,3203,1290
23,2019,11,201911,0.218863394457998,0.253312436774787,0.527824168767216,0.472175831232785,6837142.95745241,7460,2959
24,2019,11,201911,0.226728112409141,0.241718025459278,0.531553862131581,0.468446137868419,2793761.46924871,2770,1100
25,2019,11,201911,0.218057011676199,0.231210406736345,0.550732581587457,0.449267418412543,3064741.18657597,3791,1579
26,2019,11,201911,0.211736182961871,0.250415301663876,0.537848515374253,0.462151484625747,6834930.19492442,5383,2193
27,2019,11,201911,0.215957352731518,0.235235942890096,0.548806704378386,0.451193295621614,2400568.92463754,5150,2605
28,2019,11,201911,0.220532934901066,0.250335069368516,0.529131995730419,0.470868004269582,1749084.65784699,2604,986
29,2019,11,201911,0.205257928651688,0.243003133300789,0.551738938047524,0.448261061952476,11213246.1180353,6762,2585
31,2019,11,201911,0.192371865962374,0.269810201570115,0.537817932467511,0.462182067532489,17409517.3260785,10758,3668
32,2019,11,201911,0.184929390515947,0.272588298707939,0.542482310776114,0.457517689223886,3093944.24181349,5325,1806
33,2019,11,201911,0.177381391887513,0.225412967695299,0.597205640417188,0.402794359582812,13911355.5706158,10221,3685
35,2019,11,201911,0.192467127549918,0.244817265515858,0.562715606934224,0.437284393065776,37070007.0140294,11215,3590
41,2019,11,201911,0.191432208162147,0.283465057158338,0.525102734679515,0.474897265320485,8933547.04465333,7403,3163
42,2019,11,201911,0.195657416172574,0.273562330705261,0.530780253122166,0.469219746877834,5795706.98108885,8644,3760
43,2019,11,201911,0.184731803326664,0.260461563207321,0.554806633466015,0.445193366533985,9080522.67091307,7672,3235
50,2019,11,201911,0.212723365041717,0.234430602435124,0.552846032523159,0.447153967476841,2166223.57620279,2874,1082
51,2019,11,201911,0.198785472702486,0.221874812950283,0.579339714347231,0.420660285652769,2780730.2223399,3460,1304
52,2019,11,201911,0.208518417905499,0.226966829433064,0.564514752661437,0.435485247338563,5334295.33488513,4452,1585
53,2019,11,201911,0.196820683138667,0.215031009766395,0.588148307094938,0.411851692905062,2263624.64370507,2540,1023
11,2019,12,201912,0.229110987291463,0.24135736007194,0.529531652636597,0.470468347363403,1257177.30787903,2348,1048
12,2019,12,201912,0.215206013914806,0.25419732948652,0.530596656598674,0.469403343401326,638044.961551438,2569,1262
13,2019,12,201912,0.237623971417782,0.259570101335236,0.502805927246981,0.497194072753019,2783101.98270291,3989,1830
14,2019,12,201912,0.21620134590434,0.286715298954389,0.497083355141271,0.502916644858729,399161.27012262,1490,597
15,2019,12,201912,0.230477099357938,0.293800887359773,0.475722013282289,0.524277986717711,6110931.21422202,4789,2074
16,2019,12,201912,0.260218752532702,0.228302980932997,0.511478266534301,0.488521733465699,599526.903887397,1285,565
17,2019,12,201912,0.226522655054477,0.268864684453262,0.504612660492261,0.495387339507739,1234126.71889209,1963,819
21,2019,12,201912,0.227472309715273,0.253425127031616,0.51910256325311,0.48089743674689,5295210.12449663,8533,4031
22,2019,12,201912,0.225040931561782,0.25170703348068,0.523252034957539,0.476747965042461,2684155.56343445,3368,1380
23,2019,12,201912,0.226474070141697,0.26527005314188,0.508255876716423,0.491744123283577,7111592.47793325,7283,2813
24,2019,12,201912,0.213740694105354,0.22842386099165,0.557835444902997,0.442164555097004,2483772.24982671,2912,1193
25,2019,12,201912,0.23554481144599,0.240330876700574,0.524124311853437,0.475875688146563,3246656.37947078,3613,1554
26,2019,12,201912,0.216150880222921,0.233601110380815,0.550248009396265,0.449751990603736,7061972.9351673,5597,2232
27,2019,12,201912,0.214942111625607,0.223946357766818,0.561111530607575,0.438888469392425,2516703.7430087,5223,2518
28,2019,12,201912,0.230136683978563,0.248158249269176,0.521705066752261,0.478294933247739,1791329.10859354,2739,997
29,2019,12,201912,0.213590188339402,0.246662192378364,0.539747619282234,0.460252380717766,11545868.7382302,6760,2490
31,2019,12,201912,0.18790915967072,0.271875916152988,0.540214924176292,0.459785075823708,16988604.4046184,10803,3741
32,2019,12,201912,0.194084962669893,0.253575809644011,0.552339227686095,0.447660772313905,3204401.68053954,5079,1747
33,2019,12,201912,0.181823555533147,0.225941558623083,0.59223488584377,0.40776511415623,14432152.3173322,10394,3751
35,2019,12,201912,0.19060852267731,0.247946433252631,0.561445044070059,0.438554955929941,36183822.1139594,11073,3591
41,2019,12,201912,0.191477915001343,0.266048642830191,0.542473442168466,0.457526557831534,9025471.27996609,7628,3443
42,2019,12,201912,0.184822247203573,0.268379042793401,0.546798710003027,0.453201289996973,5935485.09126482,8527,3792
43,2019,12,201912,0.190202270794118,0.266570363578835,0.543227365627047,0.456772634372953,8965495.32123813,7762,3337
50,2019,12,201912,0.195945077773633,0.215212003790714,0.588842918435653,0.411157081564347,2036625.37754251,3050,1150
51,2019,12,201912,0.214786224721029,0.239792960904908,0.545420814374062,0.454579185625938,2563067.90604241,3190,1216
52,2019,12,201912,0.203811858501594,0.218325334272255,0.577862807226151,0.422137192773849,5656858.45767532,4716,1662
53,2019,12,201912,0.192201578884014,0.182177690733844,0.625620730382142,0.374379269617858,2367933.68759501,2637,975
11,2020,1,202001,0.244809788026578,0.243925916086071,0.511264295887351,0.488735704112649,1477885.68032482,2529,1057
12,2020,1,202001,0.225745586584427,0.234048376733717,0.540206036681857,0.459793963318143,565616.643087278,2556,1339
13,2020,1,202001,0.23570200693115,0.276909046146738,0.487388946922112,0.512611053077888,2937858.88348333,3796,1821
14,2020,1,202001,0.221335311127085,0.265065199884937,0.513599488987979,0.486400511012021,366469.714906338,1517,617
15,2020,1,202001,0.232573799919201,0.274913136073783,0.492513064007016,0.507486935992984,6702482.68896912,5083,2170
16,2020,1,202001,0.229191324295419,0.272361645081212,0.498447030623369,0.501552969376631,625619.42927918,1165,488
17,2020,1,202001,0.217719853246034,0.249931182127273,0.532348964626693,0.467651035373307,1154414.22431807,2148,858
21,2020,1,202001,0.205710406969632,0.248219505026145,0.546070088004223,0.453929911995777,5009470.45572211,9411,4460
22,2020,1,202001,0.20695534514337,0.255692387371834,0.537352267484796,0.462647732515204,2559061.93549393,3420,1343
23,2020,1,202001,0.229503458602398,0.25382833233005,0.516668209067552,0.483331790932448,7265321.59674167,7277,2861
24,2020,1,202001,0.203000643566161,0.249577225863294,0.547422130570544,0.452577869429456,2670341.62471405,3109,1207
25,2020,1,202001,0.231166906849929,0.236905247148886,0.531927846001186,0.468072153998814,3123871.67825227,3883,1596
26,2020,1,202001,0.209511149413979,0.234307715549357,0.556181135036665,0.443818864963336,6756240.42079626,5453,2304
27,2020,1,202001,0.202692002179351,0.222471399874748,0.574836597945902,0.425163402054099,2315893.34573847,5086,2457
28,2020,1,202001,0.213276940750272,0.261236802740637,0.525486256509091,0.474513743490909,1647007.83281459,2651,974
29,2020,1,202001,0.209954104139454,0.2485515100872,0.541494385773346,0.458505614226654,11676432.4949515,6942,2517
31,2020,1,202001,0.18180285738667,0.260677765190214,0.557519377423116,0.442480622576884,16548525.3743609,10596,3602
32,2020,1,202001,0.193468322072518,0.257845421184119,0.548686256743364,0.451313743256636,3021238.78396062,5502,1910
33,2020,1,202001,0.177710654980275,0.215335444433693,0.606953900586033,0.393046099413967,14085555.8115664,10865,3860
35,2020,1,202001,0.188572852352529,0.232290937695238,0.579136209952234,0.420863790047766,35604602.5684387,11897,3724
41,2020,1,202001,0.181628429289808,0.278361973198097,0.540009597512095,0.459990402487905,9423316.40346362,7817,3450
42,2020,1,202001,0.193254761635044,0.264400177837253,0.542345060527704,0.457654939472296,6024617.77426098,8722,3907
43,2020,1,202001,0.188957243549519,0.258459059820858,0.552583696629623,0.447416303370377,9342107.2642335,7765,3308
50,2020,1,202001,0.19537770612627,0.216943743844378,0.587678550029352,0.412321449970648,2027251.63502392,3106,1159
51,2020,1,202001,0.205619477409645,0.231234245480809,0.563146277109546,0.436853722890454,2712433.83944758,3636,1292
52,2020,1,202001,0.199116213453449,0.233833710153389,0.567050076393162,0.432949923606838,5492026.83685191,5002,1786
53,2020,1,202001,0.197614041148053,0.181334088040444,0.621051870811503,0.378948129188497,2276025.26344232,2551,1069
11,2020,2,202002,0.25901345792637,0.254845676834834,0.486140865238796,0.513859134761204,1197187.72213232,2360,989
12,2020,2,202002,0.234581938148352,0.238066301816397,0.527351760035251,0.472648239964749,650339.278670344,2613,1336
13,2020,2,202002,0.239121352687487,0.269823323169985,0.491055324142528,0.508944675857472,2841831.40652655,3537,1657
14,2020,2,202002,0.243756107814576,0.265949869223617,0.490294022961807,0.509705977038193,410928.904784513,1574,676
15,2020,2,202002,0.243052797476835,0.275470309539461,0.481476892983704,0.518523107016296,5923296.53076298,4937,2177
16,2020,2,202002,0.224597923318533,0.264197794265924,0.511204282415543,0.488795717584457,482563.467178382,1230,550
17,2020,2,202002,0.228380617912874,0.249519692113313,0.522099689973813,0.477900310026187,1095755.11153759,1853,758
21,2020,2,202002,0.221716862625542,0.247194342714895,0.531088794659563,0.468911205340437,5097572.57826454,8976,4373
22,2020,2,202002,0.212512741714435,0.264219518609368,0.523267739676198,0.476732260323802,2468367.45947376,3215,1293
23,2020,2,202002,0.223819045546066,0.248355740268148,0.527825214185786,0.472174785814214,6641544.75364189,7105,2873
24,2020,2,202002,0.214459878522893,0.247586941759827,0.53795317971728,0.46204682028272,2682857.60783508,2718,1083
25,2020,2,202002,0.217487862896996,0.239218308428206,0.543293828674798,0.456706171325202,2979300.74836085,3760,1553
26,2020,2,202002,0.216993552145406,0.224353282886742,0.558653164967852,0.441346835032148,7055907.94697052,5463,2214
27,2020,2,202002,0.203626917994002,0.232010040817554,0.564363041188444,0.435636958811556,2412459.05270392,5255,2606
28,2020,2,202002,0.216738478499681,0.256871998508574,0.526389522991745,0.473610477008255,1745119.03661947,2624,968
29,2020,2,202002,0.200241166647684,0.242025125502757,0.557733707849559,0.442266292150441,11373665.6810721,6612,2414
31,2020,2,202002,0.188939680765433,0.261023707033041,0.550036612201526,0.449963387798474,17415003.7628259,10606,3659
32,2020,2,202002,0.180823425361633,0.277666544060824,0.541510030577544,0.458489969422456,3111002.62321201,5143,1748
33,2020,2,202002,0.176547023856592,0.220863788106036,0.602589188037372,0.397410811962628,14000010.0401419,10128,3643
35,2020,2,202002,0.186375644817679,0.236645538338842,0.576978816843479,0.423021183156521,36916340.4731327,10989,3504
41,2020,2,202002,0.184353923609274,0.278900335872468,0.536745740518258,0.463254259481742,8969250.4561547,7289,3102
42,2020,2,202002,0.184665188314423,0.272794770268549,0.542540041417028,0.457459958582972,5878660.46908692,8671,3758
43,2020,2,202002,0.178680920409853,0.254025149222278,0.567293930367869,0.432706069632131,9054018.72513434,7502,3215
50,2020,2,202002,0.219533410721828,0.22869766538874,0.551768923889432,0.448231076110568,2159939.15450767,2834,1007
51,2020,2,202002,0.196598081540141,0.224110038804119,0.57929187965574,0.42070812034426,2785504.40065643,3545,1341
52,2020,2,202002,0.201503282721431,0.228095035884685,0.570401681393884,0.429598318606116,5440994.99028611,4455,1626
53,2020,2,202002,0.205387599239428,0.200068921626091,0.594543479134481,0.405456520865519,2309456.84459223,2531,1038
11,2020,3,202003,0.251894003891579,0.210689453551796,0.537416542556625,0.462583457443375,1280198.64583918,1465,635
12,2020,3,202003,0.19880213944382,0.257159345495206,0.544038515060974,0.455961484939026,627938.63728771,1665,813
13,2020,3,202003,0.245324748852945,0.266823055765543,0.487852195381512,0.512147804618488,2845050.88674498,2632,1238
14,2020,3,202003,0.175573845458824,0.295075521014735,0.529350633526441,0.470649366473559,411625.143069427,937,361
15,2020,3,202003,0.223511861593487,0.283452028190455,0.493036110216059,0.506963889783942,6076221.18692813,3321,1483
16,2020,3,202003,0.243534033926431,0.2362548507008,0.520211115372768,0.479788884627232,607341.732070583,1069,480
17,2020,3,202003,0.244040299481145,0.248247055922267,0.507712644596588,0.492287355403412,1207742.68231082,1372,614
21,2020,3,202003,0.224308193127457,0.238701602081573,0.53699020479097,0.46300979520903,5369901.43929292,6061,2922
22,2020,3,202003,0.234791581336722,0.235698834501849,0.529509584161429,0.470490415838571,2729823.22876393,2145,906
23,2020,3,202003,0.222119262043079,0.24071074263901,0.53716999531791,0.46283000468209,6986437.81527598,4725,1900
24,2020,3,202003,0.203654949995327,0.240982567423852,0.555362482580822,0.444637517419178,2388112.25482717,1899,790
25,2020,3,202003,0.226659858644805,0.243251667141221,0.530088474213974,0.469911525786026,3228548.29308916,2388,1041
26,2020,3,202003,0.2144706460216,0.240927643484169,0.544601710494231,0.455398289505769,7347258.55042358,3581,1511
27,2020,3,202003,0.220000572947408,0.215811265937568,0.564188161115024,0.435811838884976,2513945.06226338,3016,1418
28,2020,3,202003,0.223847246769616,0.234346594238291,0.541806158992093,0.458193841007907,1796074.54714405,2030,790
29,2020,3,202003,0.195340517132598,0.225211962733361,0.579447520134042,0.420552479865958,11218634.0857655,4228,1594
31,2020,3,202003,0.185441477081822,0.262002307909484,0.552556215008695,0.447443784991306,17371632.5546389,9132,3213
32,2020,3,202003,0.185694559721998,0.246542755934211,0.567762684343791,0.432237315656209,3126559.32769739,3559,1267
33,2020,3,202003,0.184845120591612,0.202166506787838,0.61298837262055,0.38701162737945,14566416.8008881,7494,2736
35,2020,3,202003,0.182091872625327,0.240959083494922,0.576949043879751,0.423050956120249,36799276.4736727,7948,2713
41,2020,3,202003,0.18966134075952,0.263826996563409,0.54651166267707,0.45348833732293,8845989.87968772,5218,2333
42,2020,3,202003,0.185792855553077,0.256580057246028,0.557627087200895,0.442372912799106,5756203.10159298,5925,2684
43,2020,3,202003,0.175867058517312,0.25574432708155,0.568388614401138,0.431611385598862,9074523.10939965,5853,2505
50,2020,3,202003,0.186115527529614,0.225654908096779,0.588229564373607,0.411770435626393,2082741.56813545,2176,834
51,2020,3,202003,0.225897751853861,0.238712208536841,0.535390039609299,0.464609960390701,2578730.88426169,2347,862
52,2020,3,202003,0.198926305278518,0.210583901637998,0.590489793083484,0.409510206916517,5550324.84959657,3644,1347
53,2020,3,202003,0.183982245121775,0.192088367704029,0.623929387174196,0.376070612825804,2441361.65856924,1934,748
11,2020,4,202004,0.233717655913583,0.209594475206814,0.556687868879602,0.443312131120398,1474314.15741748,1760,799
12,2020,4,202004,0.206237964409625,0.268893220805411,0.524868814784964,0.475131185215036,571136.346752455,1562,795
13,2020,4,202004,0.233404622051453,0.248438566250754,0.518156811697794,0.481843188302207,3016545.67834413,2417,1228
14,2020,4,202004,0.225803652914062,0.252814346502834,0.521382000583104,0.478617999416896,366639.765609763,1289,601
15,2020,4,202004,0.220930197438532,0.260313755290258,0.51875604727121,0.48124395272879,6739152.61296584,3051,1434
16,2020,4,202004,0.270265845356777,0.260968167565665,0.468765987077559,0.531234012922441,655032.121792907,1029,487
17,2020,4,202004,0.243854457782355,0.206563517754509,0.549582024463136,0.450417975536864,1167012.07587242,1428,657
21,2020,4,202004,0.197168594222179,0.238826095981547,0.564005309796274,0.435994690203726,4916665.49015042,5696,2882
22,2020,4,202004,0.189805002915128,0.252804404917939,0.557390592166933,0.442609407833067,2673660.83923937,2207,1030
23,2020,4,202004,0.224892838361348,0.226330079804152,0.5487770818345,0.4512229181655,7419483.44998002,4385,2035
24,2020,4,202004,0.202018153550037,0.245368801674651,0.552613044775312,0.447386955224688,2602023.97618491,2008,874
25,2020,4,202004,0.220558881285007,0.240993482930566,0.538447635784427,0.461552364215573,3023466.28818944,2376,1151
26,2020,4,202004,0.209265671295706,0.224528743129522,0.566205585574771,0.433794414425229,6761710.86246182,3703,1736
27,2020,4,202004,0.188992711706169,0.224311017958925,0.586696270334906,0.413303729665094,2257775.52284528,3380,1787
28,2020,4,202004,0.18766100785365,0.251473457897367,0.560865534248983,0.439134465751017,1706577.88658951,1859,816
29,2020,4,202004,0.2019845851189,0.217067380143866,0.580948034737234,0.419051965262766,11780006.1781378,4180,1822
31,2020,4,202004,0.174187107324538,0.249661246785924,0.576151645889538,0.423848354110462,16603087.1634531,9045,3409
32,2020,4,202004,0.197936312415975,0.242797403885686,0.559266283698339,0.440733716301661,3138782.7268663,3580,1302
33,2020,4,202004,0.161362549586774,0.207708424477114,0.630929025936112,0.369070974063888,14099080.9176992,7276,2885
35,2020,4,202004,0.185975776725693,0.223517027853658,0.590507195420649,0.409492804579351,35579828.7194897,8843,3182
41,2020,4,202004,0.186544643491001,0.270271267192297,0.543184089316702,0.456815910683298,9472493.95835635,4941,2249
42,2020,4,202004,0.177908892091048,0.252944190268319,0.569146917640633,0.430853082359367,5999512.6341467,5904,2737
43,2020,4,202004,0.200091039615537,0.236166862008902,0.563742098375561,0.436257901624439,9282174.29216296,5995,2681
50,2020,4,202004,0.199130450086833,0.212736537283801,0.588133012629366,0.411866987370634,2129581.9545452,2087,820
51,2020,4,202004,0.207149998861116,0.210812949071704,0.58203705206718,0.41796294793282,2748682.72955595,2468,930
52,2020,4,202004,0.207863159909265,0.216377954118874,0.575758885971861,0.424241114028139,5555838.23346542,3663,1437
53,2020,4,202004,0.173656273620397,0.205057138240692,0.621286588138911,0.37871341186109,2243113.26703274,1765,811
11,2020,5,202005,0.247404923940931,0.217834778798136,0.534760297260933,0.465239702739067,1251501.41566624,1558,716
12,2020,5,202005,0.243709315515549,0.239618155376855,0.516672529107596,0.483327470892404,634869.267667606,1655,853
13,2020,5,202005,0.235468804270607,0.239948762428719,0.524582433300674,0.475417566699326,3011840.19142544,2629,1339
14,2020,5,202005,0.225755985722904,0.251734691832853,0.522509322444243,0.477490677555757,427885.519878621,1368,633
15,2020,5,202005,0.242148357413655,0.273975575330517,0.483876067255828,0.516123932744172,6328503.82658884,2917,1463
16,2020,5,202005,0.235742986734382,0.232332849890881,0.531924163374737,0.468075836625263,453076.793848873,974,541
17,2020,5,202005,0.202906320699307,0.237885597528942,0.559208081771752,0.440791918228248,1132925.3303644,1354,630
21,2020,5,202005,0.20254137551997,0.249092829981754,0.548365794498275,0.451634205501725,5363206.61055526,5259,2836
22,2020,5,202005,0.218410336049298,0.265457832779452,0.51613183117125,0.48386816882875,2481886.73191518,2336,1140
23,2020,5,202005,0.212690747630227,0.235822951874628,0.551486300495146,0.448513699504854,6387258.35923723,4164,2017
24,2020,5,202005,0.206081776988205,0.238841170121188,0.555077052890607,0.444922947109393,2674198.27640846,1843,897
25,2020,5,202005,0.221002548757224,0.240584126179293,0.538413325063484,0.461586674936516,2885737.21637847,2388,1150
26,2020,5,202005,0.213449527300762,0.220320032625007,0.566230440074231,0.433769559925769,6970155.79505126,4047,1933
27,2020,5,202005,0.191894583645833,0.23110305894189,0.577002357412277,0.422997642587723,2501456.25613696,3632,1963
28,2020,5,202005,0.219207171704221,0.233529415631716,0.547263412664063,0.452736587335937,1861991.83902451,1829,778
29,2020,5,202005,0.20103389435355,0.219063414112018,0.579902691534432,0.420097308465568,10788219.7765962,4306,1944
31,2020,5,202005,0.183686454157513,0.247990420030679,0.568323125811808,0.431676874188192,17682573.9157553,9731,3701
32,2020,5,202005,0.166177550994711,0.258554862996294,0.575267586008995,0.424732413991005,3100051.45915423,3470,1264
33,2020,5,202005,0.175401518644131,0.208649289907429,0.61594919144844,0.384050808551561,13592110.7594609,7152,2932
35,2020,5,202005,0.178156902765605,0.22166823942693,0.600174857807465,0.399825142192535,36852702.8278532,8891,3330
41,2020,5,202005,0.187283788092504,0.265389262376508,0.547326949530988,0.452673050469013,9132552.48130233,5264,2309
42,2020,5,202005,0.18061401424665,0.263169078297963,0.556216907455387,0.443783092544613,5960332.02904047,6356,2879
43,2020,5,202005,0.172661483555734,0.228802508865169,0.598536007579097,0.401463992420903,9226398.8208307,5829,2607
50,2020,5,202005,0.197245319451502,0.213800973065038,0.58895370748346,0.41104629251654,2109784.55747466,2084,833
51,2020,5,202005,0.189119118809528,0.232147082189965,0.578733799000507,0.421266200999493,2853604.28684339,2533,1000
52,2020,5,202005,0.196959639284603,0.218064295842534,0.584976064872863,0.415023935127137,5483823.48273624,3228,1297
53,2020,5,202005,0.186485071289679,0.20659072967941,0.606924199030911,0.393075800969089,2523441.37119175,1654,688
11,2020,6,202006,0.257692363434911,0.220831146762886,0.521476489802203,0.478523510197797,1232158.44244098,1469,665
12,2020,6,202006,0.223336461575698,0.234548184437755,0.542115353986548,0.457884646013452,664143.898062012,1581,811
13,2020,6,202006,0.234944617713845,0.233810027062317,0.531245355223838,0.468754644776162,2911415.66509628,2526,1229
14,2020,6,202006,0.218222090365051,0.249510370770817,0.532267538864132,0.467732461135868,417968.397373507,1317,632
15,2020,6,202006,0.229209362452953,0.267493117689078,0.503297519857969,0.496702480142031,6090736.91540158,2928,1375
16,2020,6,202006,0.247350824093453,0.238395339961673,0.514253835944874,0.485746164055126,609272.948296396,978,517
17,2020,6,202006,0.222559729481196,0.250429940163436,0.527010330355368,0.472989669644632,1144844.30505866,1310,581
21,2020,6,202006,0.224399451744171,0.227986165834622,0.547614382421207,0.452385617578793,5387249.94506322,4954,2637
22,2020,6,202006,0.210627307802978,0.224540833251142,0.56483185894588,0.43516814105412,2720403.44624541,2252,1104
23,2020,6,202006,0.22155353597664,0.236008669044064,0.542437794979297,0.457562205020703,6773965.64130996,3689,1709
24,2020,6,202006,0.187597951984498,0.216996815552994,0.595405232462507,0.404594767537493,2705870.11243872,1775,855
25,2020,6,202006,0.229275777641699,0.205306117008626,0.565418105349675,0.434581894650325,3358043.63087131,1855,880
26,2020,6,202006,0.209742852011786,0.235683925277427,0.554573222710787,0.445426777289213,6428271.64290986,3467,1707
27,2020,6,202006,0.230419917757248,0.229821462100397,0.539758620142355,0.460241379857645,2443904.49421216,3664,1945
28,2020,6,202006,0.210237931175317,0.236144002301178,0.553618066523505,0.446381933476495,1757923.7421672,1713,720
29,2020,6,202006,0.195933458070476,0.241658290847417,0.562408251082107,0.437591748917893,11294034.140549,3950,1749
31,2020,6,202006,0.173546626393247,0.255484973705486,0.570968399901267,0.429031600098733,17708089.6981094,10006,3773
32,2020,6,202006,0.188075853449667,0.229328864233651,0.582595282316682,0.417404717683318,3132181.60114315,2993,1149
33,2020,6,202006,0.172880617862359,0.213358667850962,0.613760714286679,0.386239285713321,14544164.7074659,6625,2681
35,2020,6,202006,0.192607753262352,0.21844451482402,0.588947731913628,0.411052268086372,36719723.225962,7804,2910
41,2020,6,202006,0.195385631904709,0.248474706834147,0.556139661261144,0.443860338738856,8863185.20360086,4749,2241
42,2020,6,202006,0.176444670757843,0.260494146966808,0.563061182275348,0.436938817724652,5558181.17852693,5560,2563
43,2020,6,202006,0.189616452544076,0.251621320816289,0.558762226639634,0.441237773360366,9323994.96585212,5456,2481
50,2020,6,202006,0.196162243921929,0.204969064977224,0.598868691100847,0.401131308899153,2022149.2652602,1995,827
51,2020,6,202006,0.226652052573895,0.22384660094284,0.549501346483265,0.450498653516735,2568322.91473783,2101,855
52,2020,6,202006,0.200438981619292,0.200812035780054,0.598748982600654,0.401251017399346,5662636.87381481,3302,1332
53,2020,6,202006,0.211214955933535,0.177039848163449,0.611745195903016,0.388254804096984,2341480.16260287,1432,641
11,2020,7,202007,0.230972989418756,0.209540928148643,0.559486082432601,0.440513917567399,1514340.5244683,1730,755
12,2020,7,202007,0.189873384491513,0.228372603727571,0.581754011780916,0.418245988219084,598519.165930926,1453,762
13,2020,7,202007,0.21664019327212,0.247912240478903,0.535447566248977,0.464552433751023,2978455.23205973,2600,1271
14,2020,7,202007,0.224606963197065,0.229540215199542,0.545852821603393,0.454147178396607,383046.881174913,1299,627
15,2020,7,202007,0.21491512014278,0.281302845928706,0.503782033928515,0.496217966071485,6852963.32804623,3297,1574
16,2020,7,202007,0.246568600330123,0.240106421807139,0.513324977862739,0.486675022137261,649398.633683361,1004,479
17,2020,7,202007,0.233817594325662,0.213900461379761,0.552281944294577,0.447718055705424,1054789.36926033,1362,637
21,2020,7,202007,0.199254467338292,0.239732343061682,0.561013189600025,0.438986810399975,4936891.63232678,6203,3241
22,2020,7,202007,0.207091633376957,0.257919236203785,0.534989130419258,0.465010869580742,2621393.71578199,2431,1181
23,2020,7,202007,0.219919006521754,0.241869537172864,0.538211456305382,0.461788543694618,7347275.27580594,4595,2165
24,2020,7,202007,0.197752168851558,0.225571188018748,0.576676643129694,0.423323356870307,2746354.16586063,2109,977
25,2020,7,202007,0.184750570418211,0.224512259505581,0.590737170076208,0.409262829923792,3241463.22829048,2401,1183
26,2020,7,202007,0.213591924342271,0.221011354679713,0.565396720978015,0.434603279021985,6287942.56999653,3878,1850
27,2020,7,202007,0.19584778443747,0.227042713407621,0.577109502154909,0.422890497845091,2236628.70583503,3779,2067
28,2020,7,202007,0.210854441681986,0.222324486332303,0.566821071985711,0.433178928014289,1697129.44078853,1752,813
29,2020,7,202007,0.207654231602368,0.206985097062514,0.585360671335118,0.414639328664882,11538781.5925517,4389,1998
31,2020,7,202007,0.181058215969548,0.240173377788309,0.578768406242143,0.421231593757857,16952812.4294994,9558,3602
32,2020,7,202007,0.198462150658112,0.233596487093535,0.567941362248353,0.432058637751647,3043397.64636084,3465,1358
33,2020,7,202007,0.16536829855397,0.204672994519214,0.629958706926816,0.370041293073184,14255064.6344477,6938,2810
35,2020,7,202007,0.181274188726821,0.210682637935472,0.608043173337707,0.391956826662293,35943654.139912,8420,3152
41,2020,7,202007,0.178917289699246,0.267964572958335,0.553118137342419,0.446881862657581,9283065.7827664,4728,2200
42,2020,7,202007,0.187710961343135,0.242816946500629,0.569472092156236,0.430527907843764,5892911.0548001,5860,2753
43,2020,7,202007,0.185840380135612,0.226954762069729,0.587204857794659,0.412795142205341,8909277.69684619,5559,2541
50,2020,7,202007,0.201542715806814,0.215972790337004,0.582484493856182,0.417515506143818,2087332.29302056,2051,815
51,2020,7,202007,0.200531247290334,0.211350921364976,0.588117831344689,0.411882168655311,2682171.76701686,2448,965
52,2020,7,202007,0.184392129352646,0.210180829345916,0.605427041301438,0.394572958698562,5595896.61563587,3492,1384
53,2020,7,202007,0.181015890640166,0.200102449177089,0.618881660182745,0.381118339817255,2251860.72730934,1679,767
11,2020,8,202008,0.2275261866471,0.219653087832269,0.552820725520632,0.447179274479368,1197489.74530495,1457,653
12,2020,8,202008,0.251347154156858,0.224871985919789,0.523780859923353,0.476219140076647,656709.18073018,1598,811
13,2020,8,202008,0.241320039617236,0.251769947581773,0.506910012800992,0.493089987199008,3247608.99428108,2717,1384
14,2020,8,202008,0.208783584867526,0.262323698926545,0.52889271620593,0.47110728379407,441651.924790625,1264,572
15,2020,8,202008,0.228729967147378,0.275073098557776,0.496196934294846,0.503803065705154,6199225.48365104,3324,1587
16,2020,8,202008,0.203867068205997,0.247769457027312,0.548363474766691,0.451636525233309,475253.769084962,925,494
17,2020,8,202008,0.193533419819675,0.237804580115152,0.568662000065173,0.431337999934827,1174803.54474493,1207,572
21,2020,8,202008,0.206923379126675,0.235283921352625,0.557792699520701,0.4422073004793,5390643.11867339,6240,3302
22,2020,8,202008,0.223802844093585,0.260450187049802,0.515746968856613,0.484253031143387,2515809.04322562,2247,1046
23,2020,8,202008,0.218198398709655,0.230180658332914,0.551620942957431,0.44837905704257,6616986.61465966,4552,2245
24,2020,8,202008,0.222772486735432,0.233500470410918,0.54372704285365,0.45627295714635,2611487.44759062,1749,799
25,2020,8,202008,0.231125399010208,0.244032500293645,0.524842100696147,0.475157899303853,3003086.00879333,2238,1076
26,2020,8,202008,0.205294673373188,0.226336039820562,0.56836928680625,0.43163071319375,6568016.05792342,3648,1681
27,2020,8,202008,0.20262008471639,0.21822994341501,0.5791499718686,0.4208500281314,2441638.10590964,3318,1725
28,2020,8,202008,0.202227229585242,0.219693457579179,0.578079312835579,0.421920687164421,1809243.90624737,1690,682
29,2020,8,202008,0.213841690516828,0.216626634034619,0.569531675448553,0.430468324551447,11437869.7197263,4103,1805
31,2020,8,202008,0.190925720243789,0.238841353071495,0.570232926684716,0.429767073315284,18008848.0977229,9449,3597
32,2020,8,202008,0.178960900024663,0.243056379595272,0.577982720380065,0.422017279619935,3051225.35754421,3185,1158
33,2020,8,202008,0.175912930434468,0.193791023554004,0.630296046011528,0.369703953988472,13400555.6566607,6376,2527
35,2020,8,202008,0.176658786229109,0.225038639035226,0.598302574735665,0.401697425264335,36836727.1987081,7682,2834
41,2020,8,202008,0.190770311582916,0.263345108271155,0.545884580145929,0.454115419854071,8981861.80774641,4565,2039
42,2020,8,202008,0.177233683780436,0.255118505967442,0.567647810252121,0.432352189747879,5754329.03628848,5560,2520
43,2020,8,202008,0.160362031570997,0.23911980265041,0.600518165778593,0.399481834221407,9205393.83172051,5600,2533
50,2020,8,202008,0.198465665711409,0.21780372713828,0.583730607150311,0.416269392849689,2129916.72608814,1826,723
51,2020,8,202008,0.184868049252736,0.208138434221328,0.606993516525936,0.393006483474064,2870250.96601022,2418,955
52,2020,8,202008,0.201914891127235,0.209134164894185,0.58895094397858,0.41104905602142,5721094.38444181,3175,1303
53,2020,8,202008,0.20891281165113,0.179478601985562,0.611608586363308,0.388391413636692,2257324.67872564,1654,668
11,2020,9,202009,0.247032040771045,0.220432169124439,0.532535790104516,0.467464209895484,1239596.70788157,1617,708
12,2020,9,202009,0.21805337833141,0.239506243077091,0.5424403785915,0.4575596214085,677814.53657319,1545,749
13,2020,9,202009,0.237358711607029,0.249876056509016,0.512765231883955,0.487234768116045,2938636.98208946,2816,1345
14,2020,9,202009,0.228248466226993,0.248610506790427,0.52314102698258,0.476858973017421,423859.392892429,1207,536
15,2020,9,202009,0.22231023389919,0.287810617088517,0.489879149012293,0.510120850987707,6110637.75777137,3004,1290
16,2020,9,202009,0.248603003143678,0.212024232475301,0.539372764381021,0.460627235618979,582787.90328055,920,464
17,2020,9,202009,0.229787744873794,0.274459140529047,0.49575311459716,0.50424688540284,1092055.44911332,1181,510
21,2020,9,202009,0.220768504562952,0.249444394380465,0.529787101056583,0.470212898943417,5186167.36912332,6113,3085
22,2020,9,202009,0.199256886812587,0.253477770869496,0.547265342317917,0.452734657682083,2818652.03735704,2261,1019
23,2020,9,202009,0.210102015606223,0.228832124952273,0.561065859441503,0.438934140558497,7052668.50824995,4442,2068
24,2020,9,202009,0.195524827017681,0.251774218432745,0.552700954549574,0.447299045450426,2456694.6748402,1787,779
25,2020,9,202009,0.21387951887418,0.247184196297327,0.538936284828493,0.461063715171507,3069903.58652744,1918,872
26,2020,9,202009,0.20812844276469,0.230087853452618,0.561783703782692,0.438216296217309,6515334.55499762,3124,1426
27,2020,9,202009,0.211168107106309,0.23835636302469,0.550475529869002,0.449524470130999,2534774.05113009,3682,1840
28,2020,9,202009,0.212393774932126,0.22691564388787,0.560690581180004,0.439309418819996,1755514.98103949,1499,630
29,2020,9,202009,0.20685990862962,0.220596803055771,0.572543288314609,0.427456711685391,10985414.2880331,4015,1712
31,2020,9,202009,0.173211915094821,0.252116401488194,0.574671683416985,0.425328316583015,17740932.2999365,9905,3616
32,2020,9,202009,0.187785964176862,0.223925644443497,0.588288391379642,0.411711608620358,3329559.25564327,3088,1146
33,2020,9,202009,0.183471665346749,0.207798605030557,0.608729729622694,0.391270270377306,14085421.0117738,6316,2483
35,2020,9,202009,0.176530132889602,0.210610256348374,0.612859610762024,0.387140389237976,37560509.9059234,7117,2585
41,2020,9,202009,0.184161376564722,0.245289661080335,0.570548962354943,0.429451037645057,8931362.17933168,4623,2156
42,2020,9,202009,0.183626120705104,0.266353708126534,0.550020171168363,0.449979828831637,5593783.28852806,4766,2226
43,2020,9,202009,0.180993699318006,0.246112186699344,0.57289411398265,0.42710588601735,9622410.64634106,5650,2558
50,2020,9,202009,0.187031906037257,0.191977423115112,0.620990670847631,0.379009329152369,2112799.69544302,1961,830
51,2020,9,202009,0.225015193075907,0.22206261807426,0.552922188849833,0.447077811150167,2619075.88479567,2223,873
52,2020,9,202009,0.197498473416627,0.228197957920998,0.574303568662375,0.425696431337625,5647981.12438277,3233,1237
53,2020,9,202009,0.211688623856296,0.178957205993822,0.609354170149882,0.390645829850118,2445233.75418295,1740,741
11,2020,10,202010,0.218559079868866,0.214634895750512,0.566806024380622,0.433193975619378,1535798.09417053,1790,748
12,2020,10,202010,0.212288475610824,0.25611901587918,0.531592508509996,0.468407491490004,602918.547592045,1495,707
13,2020,10,202010,0.219461945394469,0.269880522197099,0.510657532408432,0.489342467591568,2897824.65271369,2636,1232
14,2020,10,202010,0.220918873609474,0.246111103682484,0.532970022708042,0.467029977291958,390739.334161415,1137,537
15,2020,10,202010,0.240366761987826,0.278188311613766,0.481444926398408,0.518555073601592,6703511.43836974,3035,1371
16,2020,10,202010,0.237106966612095,0.275697664172513,0.487195369215392,0.512804630784609,647045.162545264,950,419
17,2020,10,202010,0.230465012886409,0.241054310817587,0.528480676296004,0.471519323703996,1090584.6979383,1103,497
21,2020,10,202010,0.2051107765153,0.254577228103922,0.540311995380778,0.459688004619222,4794522.22762369,5708,2924
22,2020,10,202010,0.232145118772445,0.25755187792682,0.510303003300735,0.489696996699265,2584364.09696257,2037,890
23,2020,10,202010,0.225243902251417,0.247354795427686,0.527401302320897,0.472598697679103,7241958.99198247,4316,1930
24,2020,10,202010,0.219501839147761,0.237639603794512,0.542858557057727,0.457141442942273,2727116.97593549,1583,672
25,2020,10,202010,0.204478946650782,0.232956499294538,0.562564554054681,0.437435445945319,3126223.95842736,2295,1048
26,2020,10,202010,0.206128045165617,0.238892713825803,0.554979241008579,0.445020758991421,6316919.78747729,3689,1593
27,2020,10,202010,0.193951961522652,0.232205633862079,0.573842404615269,0.426157595384731,2256687.77889825,3227,1662
28,2020,10,202010,0.179970620094942,0.222569226101288,0.59746015380377,0.40253984619623,1684122.39630104,1422,599
29,2020,10,202010,0.203666324206508,0.236816817081771,0.559516858711721,0.440483141288279,11419012.2085635,4283,1811
31,2020,10,202010,0.182299534862785,0.242206454289545,0.57549401084767,0.42450598915233,17280294.3421491,9026,3302
32,2020,10,202010,0.184948784167609,0.246681819566974,0.568369396265417,0.431630603734583,3019731.96004586,3330,1239
33,2020,10,202010,0.173199676769751,0.198382268792849,0.6284180544374,0.3715819455626,13927172.3759908,6114,2377
35,2020,10,202010,0.181562436568766,0.232045042713572,0.586392520717662,0.413607479282337,36718452.6729989,7473,2622
41,2020,10,202010,0.181477257016562,0.263394808175531,0.555127934807906,0.444872065192094,9533874.88613616,4365,2000
42,2020,10,202010,0.189760758496846,0.243113266148371,0.567125975354783,0.432874024645217,5633733.81202242,5015,2334
43,2020,10,202010,0.191633261029407,0.248140182489192,0.560226556481401,0.439773443518599,9044862.04952388,5452,2466
50,2020,10,202010,0.206827194467701,0.220179839755114,0.572992965777185,0.427007034222815,2075310.66004816,1999,770
51,2020,10,202010,0.187923369955368,0.209959055148844,0.602117574895788,0.397882425104212,2590322.1385908,2209,837
52,2020,10,202010,0.192534095311487,0.222669626947492,0.584796277741021,0.415203722258979,5739339.9548573,3229,1215
53,2020,10,202010,0.191238325050372,0.177766673059982,0.630995001889646,0.369004998110354,2349871.73156369,1705,737
11,2020,11,202011,0.233374798874926,0.259071340014216,0.507553861110859,0.492446138889141,1211504.28605511,1349,579
12,2020,11,202011,0.24482100698154,0.24504790642138,0.51013108659708,0.48986891340292,650513.580378184,1636,777
13,2020,11,202011,0.230868396459681,0.271928493708598,0.497203109831721,0.502796890168279,3151399.26872353,2440,1167
14,2020,11,202011,0.229663405635247,0.260186577529135,0.510150016835618,0.489849983164382,458893.515035396,1024,449
15,2020,11,202011,0.251005952145832,0.269818896268034,0.479175151586134,0.520824848413866,6159785.13412055,2952,1368
16,2020,11,202011,0.209090584333787,0.234905070606871,0.556004345059342,0.443995654940658,480303.370570389,839,417
17,2020,11,202011,0.198169342591309,0.253140014710198,0.548690642698493,0.451309357301507,1106331.93971203,937,428
21,2020,11,202011,0.215973222782973,0.240785764965953,0.543241012251074,0.456758987748926,5284737.12364588,5424,2788
22,2020,11,202011,0.247908937387255,0.261580501971348,0.490510560641398,0.509489439358603,2433664.87065297,1764,757
23,2020,11,202011,0.216816154864678,0.235031845492332,0.54815199964299,0.45184800035701,6506371.85971511,3927,1816
24,2020,11,202011,0.220276294873094,0.231715553130308,0.548008151996598,0.451991848003402,2859966.10970259,1334,577
25,2020,11,202011,0.22507019834234,0.246659523863349,0.528270277794311,0.471729722205689,3013151.76771038,2115,972
26,2020,11,202011,0.194476054555086,0.238423253364428,0.567100692080486,0.432899307919514,6360353.16208409,3460,1504
27,2020,11,202011,0.188568329495679,0.224940240296541,0.58649143020778,0.41350856979222,2338610.61310728,2882,1422
28,2020,11,202011,0.211561557079953,0.258877140862343,0.529561302057704,0.470438697942296,1915463.31603734,1437,562
29,2020,11,202011,0.195874705290073,0.249599115650745,0.554526179059182,0.445473820940818,11621982.3999632,3936,1639
31,2020,11,202011,0.181031438687993,0.255309490583147,0.56365907072886,0.43634092927114,18366844.9806531,8988,3291
32,2020,11,202011,0.167252963022729,0.254130293253598,0.578616743723673,0.421383256276327,3072387.82884745,2800,1019
33,2020,11,202011,0.184800060656342,0.195671199260441,0.619528740083217,0.380471259916783,13661794.6776905,5621,2162
35,2020,11,202011,0.185368316120022,0.220153614735682,0.594478069144296,0.405521930855704,36524088.9464894,6668,2351
41,2020,11,202011,0.183871693820171,0.259963147271787,0.556165158908042,0.443834841091958,9024240.20027775,4086,1834
42,2020,11,202011,0.190824979942404,0.271639866508069,0.537535153549528,0.462464846450472,5547094.39674461,4629,2108
43,2020,11,202011,0.159157344532837,0.247510324022473,0.59333233144469,0.406667668555311,9434329.9569323,5313,2384
50,2020,11,202011,0.196239093044211,0.223370582152768,0.580390324803021,0.419609675196979,2190127.67571241,1711,677
51,2020,11,202011,0.176194204343472,0.210387457377909,0.613418338278619,0.386581661721382,2936844.86874521,2328,870
52,2020,11,202011,0.18942801852148,0.223960004531412,0.586611976947109,0.413388023052891,5824561.51936994,2863,1176
53,2020,11,202011,0.189760949633527,0.183350258861228,0.626888791505245,0.373111208494755,2237452.9691791,1550,616
11,2020,12,202012,0.21670869625237,0.249030653743476,0.534260650004154,0.465739349995847,1249234.60442301,1387,609
12,2020,12,202012,0.238241245714173,0.20303721380835,0.558721540477477,0.441278459522523,668306.190083954,1576,723
13,2020,12,202012,0.234254539429274,0.253493187859464,0.512252272711263,0.487747727288737,2961182.4019064,2527,1211
14,2020,12,202012,0.237196154117947,0.249942359411016,0.512861486471037,0.487138513528963,441903.696480012,1035,464
15,2020,12,202012,0.214155573879937,0.285415432264117,0.500428993855947,0.499571006144053,6298107.43449755,2873,1251
16,2020,12,202012,0.238511970208636,0.187459934956398,0.574028094834967,0.425971905165033,628715.81218492,881,418
17,2020,12,202012,0.221296036483215,0.274368316478104,0.504335647038681,0.495664352961319,1031690.54843664,876,390
21,2020,12,202012,0.226913420713931,0.265818631998769,0.5072679472873,0.4927320527127,5427020.78150973,5456,2735
22,2020,12,202012,0.212680839361123,0.259768072813742,0.527551087825135,0.472448912174865,2816500.14183169,1934,844
23,2020,12,202012,0.197925595309474,0.241368899282205,0.560705505408321,0.439294494591679,6912097.58493094,4025,1805
24,2020,12,202012,0.192878319086859,0.275457945720342,0.531663735192799,0.468336264807201,2416278.93721932,1295,547
25,2020,12,202012,0.230239549050366,0.242276976428987,0.527483474520647,0.472516525479353,2976491.80368856,1625,694
26,2020,12,202012,0.218095342175145,0.221272977203084,0.560631680621771,0.439368319378229,6258695.04115835,3220,1393
27,2020,12,202012,0.211072032528518,0.233903412044374,0.555024555427108,0.444975444572892,2588511.10448037,3221,1490
28,2020,12,202012,0.220543707811424,0.208588919644687,0.570867372543889,0.429132627456111,1662183.44061096,1231,493
29,2020,12,202012,0.210026215493614,0.230136971348155,0.559836813158232,0.440163186841768,11313793.3175659,3805,1613
31,2020,12,202012,0.177036157190521,0.258967689111429,0.56399615369805,0.43600384630195,18060458.8644724,9191,3350
32,2020,12,202012,0.187474468762325,0.247756074191238,0.564769457046437,0.435230542953563,3333415.57025346,2736,993
33,2020,12,202012,0.174231859729751,0.206292363377865,0.619475776892384,0.380524223107616,14148113.6168176,5478,2110
35,2020,12,202012,0.185432768552896,0.208235164088043,0.606332067359061,0.39366793264094,37283429.425426,6358,2280
41,2020,12,202012,0.181688634277507,0.257617862067892,0.560693503654601,0.439306496345399,8890200.87728897,4018,1895
42,2020,12,202012,0.174358585189424,0.274436571750263,0.551204843060313,0.448795156939687,5455362.21092696,3899,1822
43,2020,12,202012,0.177365056572373,0.258471771202626,0.564163172225001,0.435836827774999,9279772.93675548,5191,2376
50,2020,12,202012,0.1821544452492,0.216259637317601,0.601585917433199,0.398414082566801,2079147.64353222,1844,778
51,2020,12,202012,0.213180767183478,0.225585641580574,0.561233591235948,0.438766408764052,2611795.06630971,2148,812
52,2020,12,202012,0.205168629826879,0.207256598472422,0.587574771700698,0.412425228299302,5621391.78083109,3010,1155
53,2020,12,202012,0.20215462264672,0.168895606654314,0.628949770698966,0.371050229301034,2478635.86636429,1711,731
11,2021,1,202101,0.215448195399649,0.20985812915153,0.574693675448821,0.425306324551179,1564081.80597123,1623,708
12,2021,1,202101,0.187143376016392,0.236973166268216,0.575883457715392,0.424116542284608,592861.699279639,1466,661
13,2021,1,202101,0.207942880965816,0.251320164667683,0.540736954366501,0.459263045633499,2916170.78733864,2696,1285
14,2021,1,202101,0.20911571718142,0.263183420940088,0.527700861878492,0.472299138121508,411194.037889467,995,460
15,2021,1,202101,0.239102913630675,0.262444238765583,0.498452847603742,0.501547152396258,6641624.34033086,2922,1357
16,2021,1,202101,0.22992124336727,0.287546066015916,0.482532690616814,0.517467309383186,579323.549812433,830,357
17,2021,1,202101,0.248625245253701,0.218715623286473,0.532659131459826,0.467340868540174,1065928.26966816,976,427
21,2021,1,202101,0.222587048934547,0.244501812856505,0.532911138208948,0.467088861791052,4747911.71139213,5347,2631
22,2021,1,202101,0.223580286725108,0.263312168635986,0.513107544638905,0.486892455361095,2632512.03736715,1918,834
23,2021,1,202101,0.222208467636383,0.243847486160243,0.533944046203374,0.466055953796626,7027921.50887202,4139,1797
24,2021,1,202101,0.206919883525298,0.247342809417469,0.545737307057233,0.454262692942767,2706062.15676191,1398,595
25,2021,1,202101,0.20467317712691,0.253274840937707,0.542051981935383,0.457948018064617,3239094.08957335,1947,845
26,2021,1,202101,0.204907825255109,0.254871818875063,0.540220355869829,0.459779644130171,6683524.18040833,3525,1460
27,2021,1,202101,0.191836276834975,0.224625995750137,0.583537727414888,0.416462272585112,2178758.97655892,2781,1364
28,2021,1,202101,0.189769217230897,0.25034244919282,0.559888333576283,0.440111666423717,1788875.42258666,1303,523
29,2021,1,202101,0.192107195424047,0.235087887861124,0.57280491671483,0.42719508328517,11196328.2111559,4145,1697
31,2021,1,202101,0.18315075710945,0.237423311997355,0.579425930893195,0.420574069106805,17636961.9360617,8684,3118
32,2021,1,202101,0.200568475626439,0.237085445471004,0.562346078902556,0.437653921097444,3050247.66733771,3323,1185
33,2021,1,202101,0.173149042970213,0.192370148927558,0.634480808102229,0.365519191897771,14166223.9345667,5018,1890
35,2021,1,202101,0.183201040041888,0.229744571948056,0.587054388010056,0.412945611989945,36650839.3725886,7016,2457
41,2021,1,202101,0.175859209258973,0.269640753422685,0.554500037318342,0.445499962681658,9472701.89201541,3599,1626
42,2021,1,202101,0.181688085987907,0.23388380418667,0.584428109825424,0.415571890174577,5718393.65369422,4574,2131
43,2021,1,202101,0.174251898397252,0.236156969362887,0.589591132239861,0.410408867760139,9107975.33339048,5040,2194
50,2021,1,202101,0.209977052201443,0.218852752977161,0.571170194821396,0.428829805178604,2126842.35583166,1797,675
51,2021,1,202101,0.175196493354831,0.215595734552137,0.609207772093032,0.390792227906968,2510835.1761833,2068,848
52,2021,1,202101,0.194226643112592,0.228023203752395,0.577750153135013,0.422249846864987,5789111.27875123,3019,1119
53,2021,1,202101,0.185550544122632,0.195380440519017,0.619069015358351,0.380930984641649,2347094.81127356,1671,712
11,2021,2,202102,0.240572334434993,0.269957161141551,0.489470504423456,0.510529495576544,1172246.28038795,1468,663
12,2021,2,202102,0.249175477174109,0.245091471028571,0.50573305179732,0.49426694820268,647324.785584071,1507,693
13,2021,2,202102,0.223401628666513,0.266701269602725,0.509897101730762,0.490102898269238,3375324.73272594,2541,1213
14,2021,2,202102,0.205771492929178,0.300854879370171,0.49337362770065,0.50662637229935,478119.982882676,1004,445
15,2021,2,202102,0.237794202636576,0.263660936273399,0.498544861090025,0.501455138909975,6222210.23900167,2667,1203
16,2021,2,202102,0.200016537543973,0.240416327440247,0.55956713501578,0.44043286498422,504906.74215584,852,393
17,2021,2,202102,0.203029816419293,0.272105751120359,0.524864432460348,0.475135567539652,1115405.57472375,775,328
21,2021,2,202102,0.203591348087477,0.230692884888214,0.565715767024309,0.434284232975691,5361777.06678747,5243,2610
22,2021,2,202102,0.250192163704248,0.246934416871404,0.502873419424348,0.497126580575653,2526098.41663326,1654,716
23,2021,2,202102,0.206439110129023,0.234133659132167,0.55942723073881,0.44057276926119,6638116.48309017,3456,1587
24,2021,2,202102,0.218427655010441,0.267059893677436,0.514512451312123,0.485487548687877,2771970.41930996,1051,441
25,2021,2,202102,0.206958955415126,0.235415911965051,0.557625132619823,0.442374867380177,3069851.16208458,2187,998
26,2021,2,202102,0.198185329532333,0.242125243010207,0.55968942745746,0.44031057254254,6273644.96673373,3289,1422
27,2021,2,202102,0.194055929481099,0.245084979531948,0.560859090986953,0.439140909013047,2381678.04566155,2781,1333
28,2021,2,202102,0.207596259191879,0.268289277903925,0.524114462904197,0.475885537095804,1859766.26286559,1610,675
29,2021,2,202102,0.213521881900366,0.23205454123627,0.554423576863364,0.445576423136636,11420940.1040775,3422,1424
31,2021,2,202102,0.171439954360896,0.245697239270426,0.582862806368679,0.417137193631321,18725725.2348347,8342,2954
32,2021,2,202102,0.168948022906948,0.272411011633553,0.558640965459499,0.441359034540501,3178612.91526132,2879,1051
33,2021,2,202102,0.172412858268758,0.185713858444805,0.641873283286437,0.358126716713563,13536997.0494149,4670,1748
35,2021,2,202102,0.184377606197257,0.228286640968127,0.587335752834616,0.412664247165384,35116600.8164815,6031,2097
41,2021,2,202102,0.198663037979555,0.239856235965403,0.561480726055043,0.438519273944957,8941470.40182734,3192,1426
42,2021,2,202102,0.173781258996322,0.260743221305742,0.565475519697935,0.434524480302065,5858922.56351627,4934,2228
43,2021,2,202102,0.158926681606764,0.252275851296159,0.588797467097076,0.411202532902924,9493173.79373554,4626,2051
50,2021,2,202102,0.167167610909583,0.20459619177406,0.628236197316357,0.371763802683643,2195279.29155929,1629,631
51,2021,2,202102,0.197128575705741,0.201029389623883,0.601842034670376,0.398157965329624,2816972.36736493,1972,772
52,2021,2,202102,0.199687025227903,0.223951779656492,0.576361195115605,0.423638804884395,6142555.17656874,2635,1071
53,2021,2,202102,0.207521958655562,0.184383714642483,0.608094326701955,0.391905673298045,2414344.64821241,1640,644
11,2021,3,202103,0.20928609568576,0.27010787529649,0.52060602901775,0.47939397098225,1231377.2317938,1621,735
12,2021,3,202103,0.224398265632341,0.246435605650522,0.529166128717137,0.470833871282863,701456.576027536,1524,727
13,2021,3,202103,0.221832768504519,0.2588745601557,0.519292671339781,0.480707328660219,2915015.13437082,2739,1322
14,2021,3,202103,0.205622497149486,0.28345043562609,0.510927067224424,0.489072932775576,425154.275364941,999,438
15,2021,3,202103,0.217156214802338,0.281611264518339,0.501232520679323,0.498767479320677,6359785.05204646,2899,1266
16,2021,3,202103,0.249105116368485,0.205505951119941,0.545388932511574,0.454611067488426,627233.086338329,838,402
17,2021,3,202103,0.205100027262988,0.246467317653879,0.548432655083133,0.451567344916868,1020388.84943016,776,352
21,2021,3,202103,0.195852619058466,0.268814810780581,0.535332570160953,0.464667429839047,5459981.20797098,5166,2590
22,2021,3,202103,0.228856814833452,0.23695269531012,0.534190489856429,0.465809510143572,2954240.70053788,1926,826
23,2021,3,202103,0.18856181554009,0.241292208541324,0.570145975918586,0.429854024081414,6630801.32663694,3692,1712
24,2021,3,202103,0.18866079260088,0.27444588031723,0.53689332708189,0.46310667291811,2422498.17744275,1677,720
25,2021,3,202103,0.214047893772332,0.258178472461891,0.527773633765777,0.472226366234223,2923696.2693935,2108,913
26,2021,3,202103,0.201978575835597,0.233426189597359,0.564595234567044,0.435404765432956,6030071.75707298,3157,1354
27,2021,3,202103,0.217564189824516,0.239539070670282,0.542896739505201,0.457103260494799,2514519.75079225,3166,1510
28,2021,3,202103,0.21250212053139,0.239587489633096,0.547910389835514,0.452089610164486,1596110.32754881,1333,509
29,2021,3,202103,0.212965911429654,0.227378911200948,0.559655177369398,0.440344822630602,11113735.455634,3734,1538
31,2021,3,202103,0.170278490616446,0.259933806714646,0.569787702668908,0.430212297331092,17611209.8926983,9023,3242
32,2021,3,202103,0.20044089732497,0.266443944001742,0.533115158673288,0.466884841326712,3289124.39511805,2590,991
33,2021,3,202103,0.1650260663546,0.201807088213551,0.633166845431849,0.366833154568151,14105564.5691225,4264,1657
35,2021,3,202103,0.176587046973234,0.227836337101487,0.595576615925279,0.404423384074721,38947227.0872207,6470,2296
41,2021,3,202103,0.173276549496151,0.248629565225347,0.578093885278501,0.421906114721499,9291465.96225637,3540,1617
42,2021,3,202103,0.182359233688172,0.277676082468521,0.539964683843308,0.460035316156692,5225064.46118394,4634,2063
43,2021,3,202103,0.169419457225078,0.249135350892827,0.581445191882095,0.418554808117905,9206968.78802817,5014,2243
50,2021,3,202103,0.166509887529159,0.2188133063132,0.614676806157642,0.385323193842358,2127917.83730286,1590,663
51,2021,3,202103,0.188762501512234,0.242837326890698,0.568400171597068,0.431599828402932,2651103.82003434,1849,701
52,2021,3,202103,0.188010395150491,0.208824865098893,0.603164739750616,0.396835260249384,5632527.4646184,3071,1168
53,2021,3,202103,0.190704643716739,0.174669209359552,0.634626146923709,0.365373853076291,2292077.41144048,1694,655
11,2021,4,202104,0.219359872335276,0.223558159484608,0.557081968180116,0.442918031819884,1615463.63147585,1805,788
12,2021,4,202104,0.196515757713386,0.267130687494822,0.536353554791792,0.463646445208208,645449.687884976,1384,599
13,2021,4,202104,0.199258427518983,0.264490056709165,0.536251515771852,0.463748484228148,2940076.76661335,2712,1235
14,2021,4,202104,0.233356669334269,0.282454917819338,0.484188412846392,0.515811587153608,404430.054696446,1037,464
15,2021,4,202104,0.218421456618018,0.265222501977455,0.516356041404527,0.483643958595473,6680192.15824192,2912,1289
16,2021,4,202104,0.220264830336,0.293344236436836,0.486390933227164,0.513609066772836,597433.983186534,755,333
17,2021,4,202104,0.207489771897055,0.266531533693833,0.525978694409113,0.474021305590888,1124373.51769179,778,355
21,2021,4,202104,0.233915662758785,0.235752638547602,0.530331698693613,0.469668301306387,4910602.2075229,5062,2463
22,2021,4,202104,0.207544286015845,0.266724364743658,0.525731349240497,0.474268650759503,2634200.39312567,2055,874
23,2021,4,202104,0.21536836322314,0.244476929394077,0.540154707382783,0.459845292617217,7028068.37986561,4121,1828
24,2021,4,202104,0.212727097543875,0.26114058732995,0.526132315126175,0.473867684873825,2549404.49735141,1681,726
25,2021,4,202104,0.198980948624672,0.268879648161526,0.532139403213802,0.467860596786198,3277096.35344399,2522,1108
26,2021,4,202104,0.214839644455867,0.247824855023307,0.537335500520826,0.462664499479174,7121050.96472027,3448,1457
27,2021,4,202104,0.200354748083083,0.23258651799698,0.567058733919937,0.432941266080063,2282335.74122811,3172,1511
28,2021,4,202104,0.183261925169205,0.260126073393319,0.556612001437476,0.443387998562524,1689996.83294848,1624,632
29,2021,4,202104,0.207568527991344,0.218500890602998,0.573930581405658,0.426069418594342,10958980.7002516,4021,1607
31,2021,4,202104,0.180179949187168,0.24458222676843,0.575237824044401,0.424762175955599,18123969.0622484,8932,3211
32,2021,4,202104,0.183050257741166,0.256481315928038,0.560468426330796,0.439531573669204,3093063.11385231,3277,1173
33,2021,4,202104,0.158422606352644,0.208466090774542,0.633111302872814,0.366888697127186,13925072.7834306,4012,1471
35,2021,4,202104,0.179992808928107,0.230285820769826,0.589721370302068,0.410278629697932,36532066.5134169,7294,2577
41,2021,4,202104,0.19422360093864,0.260731381757298,0.545045017304062,0.454954982695938,9194596.02611039,4988,2277
42,2021,4,202104,0.188680006296986,0.255393671092233,0.555926322610781,0.444073677389219,5553980.10505415,5166,2336
43,2021,4,202104,0.158361404147207,0.267879301174257,0.573759294678536,0.426240705321464,9272321.03865662,5452,2352
50,2021,4,202104,0.204693408799658,0.210618651175558,0.584687940024784,0.415312059975216,2122279.33493187,1999,777
51,2021,4,202104,0.177547033275399,0.224540838220206,0.597912128504395,0.402087871495605,2593064.04450939,1961,794
52,2021,4,202104,0.1894056355576,0.224137111246782,0.586457253195618,0.413542746804382,5823309.67853899,3158,1170
53,2021,4,202104,0.180135162074756,0.181183836040539,0.638681001884704,0.361318998115296,2294853.35241704,1756,743
11,2021,5,202105,0.248578268714923,0.241850855553366,0.509570875731711,0.490429124268289,1196907.04837204,1488,674
12,2021,5,202105,0.216870936712594,0.245204966584601,0.537924096702805,0.462075903297195,667363.246041834,1540,696
13,2021,5,202105,0.22142822055073,0.257019525166753,0.521552254282517,0.478447745717483,3446656.0832498,2608,1192
14,2021,5,202105,0.192887558136864,0.299185028781472,0.507927413081664,0.492072586918336,500881.266172928,1023,441
15,2021,5,202105,0.240980863276514,0.244765387252527,0.514253749470959,0.485746250529041,6432308.24716124,2998,1354
16,2021,5,202105,0.170160190202317,0.275933713320749,0.553906096476934,0.446093903523066,507027.546703324,866,392
17,2021,5,202105,0.21599061102283,0.228325215806666,0.555684173170504,0.444315826829497,1066170.62626788,923,371
21,2021,5,202105,0.206619499378298,0.247761603109603,0.545618897512099,0.454381102487901,5556258.30713487,5348,2605
22,2021,5,202105,0.241516164581722,0.242964754590286,0.515519080827992,0.484480919172008,2577547.68763535,1954,812
23,2021,5,202105,0.212853321876111,0.242160772881135,0.544985905242753,0.455014094757247,6536635.15483618,3918,1676
24,2021,5,202105,0.200615006747108,0.247000091904625,0.552384901348268,0.447615098651733,2845217.61860738,1573,666
25,2021,5,202105,0.232646146772036,0.22669876107324,0.540655092154724,0.459344907845276,3110703.87769295,2142,970
26,2021,5,202105,0.216599999434088,0.226891397248208,0.556508603317704,0.443491396682296,5822666.82630582,2932,1251
27,2021,5,202105,0.177937169909215,0.235145400454366,0.586917429636419,0.413082570363581,2213740.521726,2679,1231
28,2021,5,202105,0.187327199634475,0.260382416775363,0.552290383590162,0.447709616409838,1884991.03300188,1674,726
29,2021,5,202105,0.189897159429545,0.245164353533468,0.564938487036987,0.435061512963013,10811095.5981095,3468,1393
31,2021,5,202105,0.183326089595805,0.252345813139741,0.564328097264454,0.435671902735546,18827108.3627933,8897,3101
32,2021,5,202105,0.186265371543241,0.263974137973438,0.549760490483321,0.450239509516679,3336684.76148244,2903,1037
33,2021,5,202105,0.178704871583437,0.207544281533443,0.61375084688312,0.38624915311688,14113577.9924798,4225,1546
35,2021,5,202105,0.187900888001497,0.214534938939746,0.597564173058757,0.402435826941243,35782575.1486598,6367,2235
41,2021,5,202105,0.174084140892909,0.275316912734525,0.550598946372566,0.449401053627434,8841471.70263564,4822,2187
42,2021,5,202105,0.185307580792885,0.262056164329942,0.552636254877173,0.447363745122827,5863991.17078881,4977,2260
43,2021,5,202105,0.166021834186234,0.246977496834847,0.58700066897892,0.412999331021081,9547509.43263558,5251,2292
50,2021,5,202105,0.189439879395216,0.237550444202301,0.573009676402483,0.426990323597517,2331838.84001809,1394,499
51,2021,5,202105,0.197084227794336,0.212176395911712,0.590739376293952,0.409260623706048,2820240.78923108,1872,749
52,2021,5,202105,0.201644924078322,0.224571537089667,0.57378353883201,0.42621646116799,6357258.50235433,2943,1185
53,2021,5,202105,0.205274330314985,0.184270327732089,0.610455341952927,0.389544658047073,2392961.56224409,1619,644
11,2021,6,202106,0.2191214586174,0.270935471795671,0.509943069586929,0.490056930413071,1240594.01859706,1860,828
12,2021,6,202106,0.233290669999348,0.228781469712533,0.537927860288119,0.462072139711881,692392.685219549,1943,941
13,2021,6,202106,0.233498159251196,0.277172892986745,0.48932894776206,0.510671052237941,2958056.44004427,3107,1391
14,2021,6,202106,0.225069340010425,0.270235067934932,0.504695592054644,0.495304407945357,437620.471564344,969,428
15,2021,6,202106,0.225460279731628,0.279234496754323,0.495305223514049,0.504694776485951,6684223.09035443,3188,1372
16,2021,6,202106,0.225180319773228,0.235641243122657,0.539178437104114,0.460821562895886,588323.246078742,870,404
17,2021,6,202106,0.195960081361091,0.266627411903905,0.537412506735004,0.462587493264996,1019956.77256334,1273,528
21,2021,6,202106,0.201668623603469,0.25777004930853,0.540561327088001,0.459438672911999,5171368.30616392,6237,3007
22,2021,6,202106,0.220195438190121,0.248138233841815,0.531666327968064,0.468333672031936,2938635.56959922,2441,1043
23,2021,6,202106,0.205792541810353,0.248579941998771,0.545627516190876,0.454372483809124,6827459.4074951,4576,2038
24,2021,6,202106,0.184188808462913,0.242118605795917,0.57369258574117,0.42630741425883,2693157.21936778,1928,827
25,2021,6,202106,0.220969739058664,0.24326719737438,0.535763063566956,0.464236936433044,3048260.68296415,2285,1051
26,2021,6,202106,0.216856090601981,0.225096911823392,0.558046997574627,0.441953002425373,6115413.05663536,3499,1444
27,2021,6,202106,0.201072606231715,0.221522484010894,0.577404909757391,0.422595090242609,2521105.38290022,3350,1579
28,2021,6,202106,0.242937317392886,0.248363294976117,0.508699387630998,0.491300612369002,1759390.8391185,1405,541
29,2021,6,202106,0.206090950558191,0.239294059455995,0.554614989985814,0.445385010014186,11663625.2644195,4772,1864
31,2021,6,202106,0.176941732315685,0.266941988055146,0.556116279629168,0.443883720370832,17260537.357996,9416,3368
32,2021,6,202106,0.195781602457298,0.25796196738916,0.546256430153543,0.453743569846458,3225461.8765501,3476,1268
33,2021,6,202106,0.170294665183606,0.220142906455539,0.609562428360856,0.390437571639144,13975313.1052635,6321,2273
35,2021,6,202106,0.183690444485699,0.227000231187507,0.589309324326794,0.410690675673206,37709032.2583825,7998,2690
41,2021,6,202106,0.186142537114899,0.26986447685552,0.543992986029581,0.456007013970419,9037037.18489142,6211,2870
42,2021,6,202106,0.167022436080593,0.292686036124616,0.540291527794791,0.459708472205209,5351033.98493025,5685,2525
43,2021,6,202106,0.174095945945594,0.248011449585032,0.577892604469374,0.422107395530626,9167669.035886,5624,2453
50,2021,6,202106,0.196930163056046,0.209796463037264,0.59327337390669,0.40672662609331,2111835.98139392,2273,899
51,2021,6,202106,0.216218461740618,0.235213153111558,0.548568385147824,0.451431614852176,2741297.7245129,2677,1021
52,2021,6,202106,0.197194330189293,0.222227789128831,0.580577880681876,0.419422119318124,5654508.66316476,3357,1296
53,2021,6,202106,0.184465537015633,0.202782064651522,0.612752398332845,0.387247601667155,2366813.84046081,2017,757
11,2021,7,202107,0.231142620376185,0.253208545985776,0.515648833638039,0.484351166361961,1476783.87525339,1966,830
12,2021,7,202107,0.206433126410513,0.246238661891962,0.547328211697526,0.452671788302474,642317.221735225,1975,961
13,2021,7,202107,0.218594661656196,0.269345105074809,0.512060233268995,0.487939766731005,2981895.3835675,3144,1414
14,2021,7,202107,0.214273329823982,0.308442543748415,0.477284126427603,0.522715873572397,390594.259207453,1153,485
15,2021,7,202107,0.22523373209726,0.271844204079883,0.502922063822857,0.497077936177143,6351230.526042,3522,1520
16,2021,7,202107,0.222046645705892,0.269822888304175,0.508130465989933,0.491869534010067,582382.000700763,857,390
17,2021,7,202107,0.232379871242556,0.243013268890728,0.524606859866717,0.475393140133283,1066029.56164813,1501,636
21,2021,7,202107,0.231096858923345,0.248135887633341,0.520767253443314,0.479232746556686,4950634.77613762,6916,3150
22,2021,7,202107,0.211269305595204,0.258285352537325,0.53044534186747,0.46955465813253,2626771.80215271,2476,1016
23,2021,7,202107,0.224569771384609,0.238085932345244,0.537344296270146,0.462655703729854,6933415.99786739,5176,2182
24,2021,7,202107,0.197535646639964,0.239543903043687,0.562920450316349,0.437079549683651,2387925.4499842,2179,898
25,2021,7,202107,0.207282440013441,0.260310858144535,0.532406701842024,0.467593298157977,3313893.1014632,2730,1163
26,2021,7,202107,0.210803061117796,0.233510978180609,0.555685960701595,0.444314039298405,7371875.16434379,4096,1737
27,2021,7,202107,0.200968732469221,0.26042425737917,0.538607010151609,0.461392989848391,2358253.39487751,3826,1732
28,2021,7,202107,0.190924614639112,0.243184793313105,0.565890592047783,0.434109407952217,1798964.60501774,1863,686
29,2021,7,202107,0.208988581185465,0.258942822096857,0.532068596717678,0.467931403282322,11377872.0162233,5285,1929
31,2021,7,202107,0.181978805679686,0.256144004966517,0.561877189353798,0.438122810646202,18074712.6595278,9416,3312
32,2021,7,202107,0.188768815058006,0.24024297541561,0.570988209526384,0.429011790473616,3097707.54140709,3795,1340
33,2021,7,202107,0.168138054098972,0.214708379997543,0.617153565903486,0.382846434096515,14086021.8162523,6246,2275
35,2021,7,202107,0.181003806016372,0.233786914111419,0.585209279872209,0.414790720127791,36595528.8222272,8723,2905
41,2021,7,202107,0.185577571424896,0.273023810062984,0.541398618512119,0.458601381487881,9436866.91723342,6408,2778
42,2021,7,202107,0.175384524879774,0.27140230981974,0.553213165300486,0.446786834699514,5915471.84354917,6571,2955
43,2021,7,202107,0.169513829972122,0.258284128280424,0.572202041747454,0.427797958252546,9253416.717275,6075,2642
50,2021,7,202107,0.207869754592685,0.224278393275661,0.567851852131653,0.432148147868347,2116354.03845381,2486,974
51,2021,7,202107,0.197739068178608,0.239443718039097,0.562817213782295,0.437182786217705,2691810.99884781,2616,1051
52,2021,7,202107,0.205252806770617,0.230112774219856,0.564634419009527,0.435365580990473,5931413.11539281,3664,1389
53,2021,7,202107,0.200907718174757,0.194764636636615,0.604327645188627,0.395672354811373,2262675.81659715,1985,796
11,2021,8,202108,0.243153998444945,0.25303407964066,0.503811921914394,0.496188078085606,1265237.75422173,1741,767
12,2021,8,202108,0.220332105269588,0.247450060747197,0.532217833983215,0.467782166016785,622043.961941263,2008,953
13,2021,8,202108,0.222046665868799,0.2811248596892,0.496828474442,0.503171525558,3417239.4813278,3086,1334
14,2021,8,202108,0.227365730670906,0.267495535252145,0.50513873407695,0.49486126592305,471198.196132441,1323,582
15,2021,8,202108,0.237315200146502,0.269973666769528,0.492711133083971,0.507288866916029,6543631.83673022,3761,1621
16,2021,8,202108,0.185285635654057,0.262384353483783,0.55233001086216,0.44766998913784,563015.30079679,997,435
17,2021,8,202108,0.241216737852508,0.261407237690674,0.497376024456818,0.502623975543182,1098438.56320545,1293,513
21,2021,8,202108,0.212535537663733,0.26339084993209,0.524073612404178,0.475926387595822,5359499.09829366,6821,3250
22,2021,8,202108,0.251916786727998,0.230500282339069,0.517582930932933,0.482417069067067,2688191.55007472,2472,1032
23,2021,8,202108,0.21305596601267,0.258952471057237,0.527991562930093,0.472008437069907,6711697.03850044,5019,2075
24,2021,8,202108,0.211353347093782,0.266201701580411,0.522444951325807,0.477555048674193,2920145.85093371,2171,913
25,2021,8,202108,0.226110175545903,0.230341894013209,0.543547930440888,0.456452069559112,3221756.59115718,2723,1182
26,2021,8,202108,0.217766242657224,0.238945453363068,0.543288303979708,0.456711696020292,5996990.16857565,3787,1550
27,2021,8,202108,0.188707874874116,0.233464918638503,0.577827206487381,0.422172793512619,2278724.45780061,3990,1740
28,2021,8,202108,0.200057115272964,0.259264796866723,0.540678087860312,0.459321912139688,1816763.87826407,1803,747
29,2021,8,202108,0.189289796922405,0.244253204341183,0.566456998736411,0.433543001263589,10831371.4384721,4910,1821
31,2021,8,202108,0.181169236481922,0.26133362862165,0.557497134896428,0.442502865103572,18776308.3078034,9384,3215
32,2021,8,202108,0.199228163624272,0.250398903803184,0.550372932572544,0.449627067427456,3521840.71104945,3913,1358
33,2021,8,202108,0.17386184855129,0.236668442636399,0.589469708812311,0.410530291187689,13975259.7226823,6645,2318
35,2021,8,202108,0.187625155746057,0.226242773063524,0.586132071190419,0.413867928809581,35421028.6470453,8364,2854
41,2021,8,202108,0.188500998932696,0.273550324274868,0.537948676792436,0.462051323207564,9130504.91904185,6123,2712
42,2021,8,202108,0.190167476271533,0.2858700744448,0.523962449283668,0.476037550716332,5775921.11879593,6256,2833
43,2021,8,202108,0.163705578917528,0.255993647656587,0.580300773425884,0.419699226574116,9598243.50952814,6077,2591
50,2021,8,202108,0.208854893455737,0.249079872793963,0.5420652337503,0.4579347662497,2210949.00760994,2246,831
51,2021,8,202108,0.213505315964933,0.226336823818831,0.560157860216236,0.439842139783764,2796926.51600074,2719,1071
52,2021,8,202108,0.207543356715358,0.227208366561386,0.565248276723257,0.434751723276743,6269580.13467006,3773,1399
53,2021,8,202108,0.200710087009099,0.19199471059709,0.607295202393811,0.392704797606189,2414676.15136719,2033,791
11,2021,9,202109,0.234131153865694,0.271970914035325,0.493897932098982,0.506102067901019,1275137.10776222,2013,883
12,2021,9,202109,0.228627632222335,0.239185010030994,0.532187357746671,0.467812642253329,640569.106807173,2270,1091
13,2021,9,202109,0.238699426833051,0.281329976651533,0.479970596515416,0.520029403484584,2884376.58332884,3666,1672
14,2021,9,202109,0.230009474032503,0.270788878381059,0.499201647586439,0.500798352413562,441000.384384261,1299,598
15,2021,9,202109,0.234142343814625,0.289000770387219,0.476856885798156,0.523143114201844,6741435.0717584,4065,1703
16,2021,9,202109,0.243840480931294,0.25465854121058,0.501500977858126,0.498499022141874,642327.859919957,1069,481
17,2021,9,202109,0.222003412248498,0.269156287264947,0.508840300486555,0.491159699513445,1099786.57245778,1497,609
21,2021,9,202109,0.208081467662668,0.266885180635768,0.525033351701564,0.474966648298436,5184389.33872657,7009,3404
22,2021,9,202109,0.233386293988434,0.2569155783994,0.509698127612167,0.490301872387833,2797694.19846256,2752,1193
23,2021,9,202109,0.208899260074055,0.244703011253014,0.54639772867293,0.45360227132707,6826379.05847888,5507,2363
24,2021,9,202109,0.205967112860924,0.231692603438559,0.562340283700517,0.437659716299483,2710065.22986779,2499,1049
25,2021,9,202109,0.220853620395686,0.233925389534609,0.545220990069705,0.454779009930295,3202386.92688808,2991,1349
26,2021,9,202109,0.207680496864771,0.233338255788055,0.558981247347174,0.441018752652826,6548812.27403353,4480,1831
27,2021,9,202109,0.214659537282665,0.247704149605074,0.537636313112261,0.46236368688774,2357952.04721887,4478,2047
28,2021,9,202109,0.212985531256372,0.268848368338919,0.518166100404709,0.481833899595291,1744538.00423624,1944,773
29,2021,9,202109,0.207677990635207,0.255431338035033,0.53689067132976,0.46310932867024,11407832.6415391,5470,1980
31,2021,9,202109,0.183844007886397,0.268304567715569,0.547851424398034,0.452148575601966,16998410.2270161,9728,3407
32,2021,9,202109,0.194619212846342,0.257795566364285,0.547585220789373,0.452414779210627,3246553.28500907,4030,1434
33,2021,9,202109,0.178833046854186,0.218036943000309,0.603130010145505,0.396869989854495,13394840.7715419,7933,2806
35,2021,9,202109,0.171745019479213,0.235889669074357,0.592365311446429,0.407634688553571,37978992.1033943,9267,3020
41,2021,9,202109,0.187084210522744,0.282197935357518,0.530717854119739,0.469282145880261,9307450.71744202,6906,3149
42,2021,9,202109,0.186853351662304,0.279634142114075,0.533512506223621,0.466487493776379,5653147.4342063,6648,2995
43,2021,9,202109,0.177902164706134,0.244905290527833,0.577192544766033,0.422807455233967,9264305.82422956,6398,2872
50,2021,9,202109,0.192864698301245,0.227908028387683,0.579227273311073,0.420772726688927,2158301.343995,2657,1005
51,2021,9,202109,0.199622877338235,0.244650602468854,0.555726520192911,0.444273479807089,2796367.52616564,2958,1101
52,2021,9,202109,0.214914959795507,0.239373248497185,0.545711791707309,0.454288208292691,5558740.59114948,4075,1547
53,2021,9,202109,0.1900939564445,0.202689300447664,0.607216743107836,0.392783256892164,2355523.4881282,2259,859
11,2021,10,202110,0.24135263259813,0.246784530895177,0.511862836506693,0.488137163493307,1424831.51673806,2102,901
12,2021,10,202110,0.222572975073052,0.250798605324024,0.526628419602924,0.473371580397076,634896.99334283,2191,1092
13,2021,10,202110,0.221938000665504,0.264552965834882,0.513509033499615,0.486490966500385,2944264.07548577,3455,1597
14,2021,10,202110,0.240363715910937,0.295643790270397,0.463992493818666,0.536007506181334,390806.164843999,1270,545
15,2021,10,202110,0.219517344486001,0.283767951366351,0.496714704147647,0.503285295852353,6485433.19225992,3992,1748
16,2021,10,202110,0.213973396217252,0.27140025445493,0.514626349327819,0.485373650672181,622998.410285112,979,420
17,2021,10,202110,0.226271777504129,0.257037146480858,0.516691076015013,0.483308923984987,1070273.90194263,1591,642
21,2021,10,202110,0.23527406615312,0.251155112500427,0.513570821346453,0.486429178653547,4992948.97528685,7089,3227
22,2021,10,202110,0.205428450730486,0.257916121119296,0.536655428150218,0.463344571849782,2659796.01758991,2652,1084
23,2021,10,202110,0.221514091214577,0.250869776329641,0.527616132455782,0.472383867544218,7121363.27135519,5723,2433
24,2021,10,202110,0.216469417615295,0.249084891382047,0.534445691002659,0.465554308997341,2465831.58999342,2360,963
25,2021,10,202110,0.206321082341739,0.272296360858422,0.521382556799839,0.478617443200161,3154705.84897683,3331,1436
26,2021,10,202110,0.194656326409469,0.266794517613011,0.53854915597752,0.46145084402248,7527517.51332101,4486,1899
27,2021,10,202110,0.200242294638549,0.264910687851043,0.534847017510409,0.465152982489591,2340864.35026149,4441,1987
28,2021,10,202110,0.225162863003581,0.251743117405343,0.523094019591077,0.476905980408923,1770641.47039385,2152,787
29,2021,10,202110,0.21392583617695,0.258684255702638,0.527389908120411,0.472610091879589,11401675.2680917,5661,2097
31,2021,10,202110,0.191229471048487,0.258431983938269,0.550338545013244,0.449661454986756,17880298.6726991,9370,3188
32,2021,10,202110,0.199340063880489,0.246057132333166,0.554602803786345,0.445397196213655,3158282.45482348,4002,1420
33,2021,10,202110,0.175811761899724,0.230949015164788,0.593239222935488,0.406760777064512,13703620.421881,8303,2940
35,2021,10,202110,0.186829915369477,0.241675991035002,0.571494093595521,0.428505906404479,36821300.8447551,9430,3166
41,2021,10,202110,0.18982335093626,0.28312230147988,0.52705434758386,0.47294565241614,9346300.319918,6676,2887
42,2021,10,202110,0.181962857867531,0.278565798838212,0.539471343294257,0.460528656705743,6225979.30225628,7215,3236
43,2021,10,202110,0.18247670727777,0.261053283411819,0.556470009310411,0.443529990689589,9162320.99481065,6176,2665
50,2021,10,202110,0.193865094853899,0.243381596509597,0.562753308636504,0.437246691363496,2195371.54728545,2717,1048
51,2021,10,202110,0.197667606278493,0.241994420224332,0.560337973497175,0.439662026502825,2747056.74679739,2917,1126
52,2021,10,202110,0.216627515853141,0.226598819648978,0.556773664497881,0.443226335502119,5906924.90757184,4411,1645
53,2021,10,202110,0.191228192067816,0.223401758068268,0.585370049863916,0.414629950136084,2308090.37724248,1912,768
11,2021,11,202111,0.235902594583408,0.274396965871073,0.489700439545519,0.510299560454482,1313618.95775538,1776,802
12,2021,11,202111,0.21903251493843,0.264740364316518,0.516227120745051,0.483772879254949,627875.761574016,2188,1040
13,2021,11,202111,0.225886363744983,0.287217141762825,0.486896494492192,0.513103505507808,3341344.61166722,3309,1474
14,2021,11,202111,0.231405236165694,0.274268697327815,0.494326066506491,0.505673933493509,469933.883554945,1298,572
15,2021,11,202111,0.238456644048153,0.277839649673711,0.483703706278135,0.516296293721865,6307249.73090772,4096,1730
16,2021,11,202111,0.225721030612787,0.259020494950863,0.51525847443635,0.48474152556365,567343.884034399,1045,446
17,2021,11,202111,0.247156812853577,0.294927189570442,0.45791599757598,0.54208400242402,1157673.84261325,1531,614
21,2021,11,202111,0.21584568443701,0.256055175992798,0.528099139570191,0.471900860429809,5390973.3508961,7193,3452
22,2021,11,202111,0.219008481222531,0.24833316183896,0.532658356938509,0.467341643061491,2705507.06450299,2558,1024
23,2021,11,202111,0.227792374478521,0.240565988508932,0.531641637012547,0.468358362987454,6721558.81892787,5394,2167
24,2021,11,202111,0.22929016756456,0.256156012054341,0.514553820381099,0.485446179618901,2895077.93895056,2236,940
25,2021,11,202111,0.220294239244573,0.254477846880346,0.525227913875081,0.474772086124919,3276114.87776941,3007,1270
26,2021,11,202111,0.207897479175358,0.251230893007902,0.54087162781674,0.459128372183261,6178994.08423199,4142,1687
27,2021,11,202111,0.193230666282947,0.262862200062586,0.543907133654467,0.456092866345533,2278734.74627798,4470,1932
28,2021,11,202111,0.220792354186564,0.275677584004461,0.503530061808975,0.496469938191026,1889407.23333875,2156,860
29,2021,11,202111,0.208226913337968,0.245502021443948,0.546271065218084,0.453728934781916,10921680.3766959,5219,1884
31,2021,11,202111,0.187233801440512,0.267539351828043,0.545226846731445,0.454773153268555,18491238.6779253,9401,3273
32,2021,11,202111,0.190355895484882,0.253533573479934,0.556110531035184,0.443889468964816,3472787.52722303,4085,1446
33,2021,11,202111,0.174323783195403,0.23045402037929,0.595222196425307,0.404777803574693,14259014.9399991,7950,2778
35,2021,11,202111,0.194439186136728,0.243865105109214,0.561695708754059,0.438304291245941,35215183.7389575,8815,2940
41,2021,11,202111,0.184163036418545,0.285527004133703,0.530309959447752,0.469690040552248,9141981.90460126,6477,2832
42,2021,11,202111,0.185550266291654,0.278323818144918,0.536125915563429,0.463874084436572,5784581.78968125,7023,3106
43,2021,11,202111,0.177988823139344,0.24720630043511,0.574804876425547,0.425195123574453,9646897.92863385,6452,2729
50,2021,11,202111,0.206124616153151,0.242926040200473,0.550949343646377,0.449050656353623,2287255.76986216,2390,896
51,2021,11,202111,0.212007767190293,0.241762007037293,0.546230225772414,0.453769774227586,2856171.77270315,2798,1072
52,2021,11,202111,0.211829457684701,0.222140634314224,0.566029908001075,0.433970091998925,6182164.68056245,4165,1561
53,2021,11,202111,0.196325118606579,0.20497106316083,0.598703818232591,0.401296181767409,2425458.72475047,1965,790
11,2021,12,202112,0.230509762241928,0.268813647972315,0.500676589785757,0.499323410214243,1276744.73717251,2005,846
12,2021,12,202112,0.212442134764151,0.264197176550506,0.523360688685343,0.476639311314657,650436.278619145,2416,1158
13,2021,12,202112,0.232518896375911,0.301385360342877,0.466095743281212,0.533904256718788,2883751.88911273,3674,1671
14,2021,12,202112,0.240899315401237,0.282398296768525,0.476702387830238,0.523297612169762,440611.415842593,1413,641
15,2021,12,202112,0.231307723097947,0.292952051978743,0.47574022492331,0.52425977507669,6933864.88596365,4270,1762
16,2021,12,202112,0.23350796392883,0.246085942122496,0.520406093948675,0.479593906051326,614477.837592835,1040,440
17,2021,12,202112,0.214635756788763,0.273860247131696,0.511503996079541,0.488496003920459,1156798.66974072,1691,674
21,2021,12,202112,0.221690147063227,0.254447829479587,0.523862023457186,0.476137976542814,5267014.99522275,7233,3489
22,2021,12,202112,0.231330403712637,0.260461265641083,0.50820833064628,0.49179166935372,2805170.75471054,3113,1294
23,2021,12,202112,0.216393125973822,0.252287600273766,0.531319273752412,0.468680726247588,6955090.24267286,5788,2488
24,2021,12,202112,0.201215418145059,0.247993919687009,0.550790662167932,0.449209337832068,2679222.96434819,2624,1061
25,2021,12,202112,0.208492798628302,0.246725465170006,0.544781736201692,0.455218263798308,3252882.35211165,3329,1481
26,2021,12,202112,0.220559871803876,0.230451993493675,0.548988134702449,0.451011865297551,6668857.45269017,4587,1855
27,2021,12,202112,0.230370994486408,0.248846870019051,0.520782135494541,0.479217864505459,2406691.57895019,4604,2062
28,2021,12,202112,0.205768461433046,0.274795848457437,0.519435690109517,0.480564309890483,1841394.77112403,2204,847
29,2021,12,202112,0.208350142469371,0.25198375033792,0.539666107192709,0.460333892807291,11450197.1905524,5723,2054
31,2021,12,202112,0.186507817207368,0.266533223950682,0.546958958841949,0.453041041158051,17138705.1226006,9676,3366
32,2021,12,202112,0.173032016167379,0.258560349870784,0.568407633961837,0.431592366038163,3213165.51060301,4276,1505
33,2021,12,202112,0.187424544609403,0.21266403885961,0.599911416530987,0.400088583469013,13646547.7925381,8459,2996
35,2021,12,202112,0.19187662250633,0.242723031233086,0.565400346260584,0.434599653739416,37280964.0587428,9306,3070
41,2021,12,202112,0.184760505332756,0.290730308151254,0.52450918651599,0.47549081348401,9482436.47225379,7218,3255
42,2021,12,202112,0.185779712490909,0.291375233855576,0.522845053653515,0.477154946346485,5730524.36328437,7390,3349
43,2021,12,202112,0.183972919982014,0.256683884528883,0.559343195489103,0.440656804510897,9298866.47272092,6553,2873
50,2021,12,202112,0.215001735281957,0.218552143801709,0.566446120916334,0.433553879083666,2152363.49235079,2670,979
51,2021,12,202112,0.207884083773378,0.23907395896463,0.553041957261992,0.446958042738008,2731271.95809051,3034,1112
52,2021,12,202112,0.212845248473564,0.239697384447271,0.547457367079165,0.452542632920835,5585246.69638378,4340,1685
53,2021,12,202112,0.198068950475773,0.212856158779443,0.589074890744784,0.410925109255216,2408021.8808831,2140,817
11,2022,1,202201,0.223434549709893,0.258104068886407,0.518461381403701,0.4815386185963,1383728.9478895,1989,897
12,2022,1,202201,0.23116094704428,0.243433433828406,0.525405619127314,0.474594380872686,617499.66766274,2242,1136
13,2022,1,202201,0.217707811929339,0.262375121390367,0.519917066680294,0.480082933319706,2871852.26835722,3470,1587
14,2022,1,202201,0.234208510190426,0.286666280634307,0.479125209175267,0.520874790824733,390177.242436703,1322,598
15,2022,1,202201,0.213950700135119,0.266938494365111,0.51911080549977,0.48088919450023,6576619.63519487,4309,1893
16,2022,1,202201,0.210418049741646,0.246104525462953,0.543477424795401,0.456522575204599,612506.053027935,945,437
17,2022,1,202201,0.238924591878238,0.259958793323128,0.501116614798634,0.498883385201366,1120222.44703027,1691,669
21,2022,1,202201,0.234281210208705,0.240705448366735,0.525013341424559,0.474986658575441,5070043.06956521,7797,3720
22,2022,1,202201,0.206062149529212,0.258555133035221,0.535382717435567,0.464617282564434,2649098.31977755,3039,1262
23,2022,1,202201,0.205317524056375,0.263639643503893,0.531042832439732,0.468957167560268,7347772.88149821,6238,2684
24,2022,1,202201,0.20971133561199,0.246005145880601,0.54428351850741,0.45571648149259,2461085.08514745,2539,1020
25,2022,1,202201,0.214708092317293,0.252601906038461,0.532690001644247,0.467309998355753,3254916.38136369,3443,1460
26,2022,1,202201,0.210277545176159,0.243680819883063,0.546041634940778,0.453958365059222,7468243.96338667,4715,1954
27,2022,1,202201,0.211021235351218,0.252200309637051,0.536778455011731,0.463221544988269,2403606.39855653,4781,2231
28,2022,1,202201,0.211511373132554,0.287779136477146,0.500709490390299,0.499290509609701,1803378.07474955,2400,906
29,2022,1,202201,0.219203428964102,0.235636034121406,0.545160536914492,0.454839463085508,11410201.2222534,5835,2153
31,2022,1,202201,0.18938305702301,0.262629523481516,0.547987419495475,0.452012580504525,17736500.3207492,9539,3343
32,2022,1,202201,0.196389607506525,0.236376393302619,0.567233999190856,0.432766000809144,3171204.71017564,4603,1669
33,2022,1,202201,0.185021929208582,0.208773985421219,0.606204085370199,0.393795914629801,13845949.5132156,8774,3249
35,2022,1,202201,0.18957492830559,0.237864489592548,0.572560582101862,0.427439417898138,36234374.087843,10048,3424
41,2022,1,202201,0.192102201529571,0.275407990265443,0.532489808204987,0.467510191795013,9479171.99229159,6864,2982
42,2022,1,202201,0.201356294542254,0.275182177042471,0.523461528415276,0.476538471584724,6249479.22449484,7809,3531
43,2022,1,202201,0.179827999972522,0.263802212470266,0.556369787557212,0.443630212442788,9238449.74987139,6582,2774
50,2022,1,202201,0.191479657691319,0.233780996610133,0.574739345698548,0.425260654301452,2205725.41719356,2860,1154
51,2022,1,202201,0.203226398261016,0.223969160319221,0.572804441419764,0.427195558580236,2816608.66219775,3045,1214
52,2022,1,202201,0.21376919972063,0.226700955449434,0.559529844829936,0.440470155170064,5833490.6793649,4550,1684
53,2022,1,202201,0.194445898361537,0.205323584859811,0.600230516778653,0.399769483221348,2336062.27179456,2210,875
11,2022,2,202202,0.239091297166642,0.241189184160123,0.519719518673235,0.480280481326765,1365510.07207242,1756,823
12,2022,2,202202,0.212526606248564,0.252350747490828,0.535122646260608,0.464877353739392,628970.495054795,2177,1034
13,2022,2,202202,0.231309528102298,0.277030347031421,0.491660124866281,0.508339875133719,3402749.76913166,3448,1573
14,2022,2,202202,0.242505681170541,0.261184247718568,0.49631007111089,0.50368992888911,483416.803389096,1357,620
15,2022,2,202202,0.23689367507561,0.263960157872894,0.499146167051497,0.500853832948503,6648491.63095141,4420,1909
16,2022,2,202202,0.229825008019326,0.266825767184813,0.503349224795861,0.496650775204139,556512.176867031,1017,473
17,2022,2,202202,0.233155771612291,0.276854894776706,0.489989333611003,0.510010666388997,1088158.17440733,1496,618
21,2022,2,202202,0.211278055738653,0.250526973733231,0.538194970528115,0.461805029471885,5455217.08126623,7518,3561
22,2022,2,202202,0.218677596261536,0.250360838624807,0.530961565113656,0.469038434886344,2792679.64116301,2731,1102
23,2022,2,202202,0.209005320994827,0.251255900787452,0.539738778217722,0.460261221782278,6924143.75407136,5642,2393
24,2022,2,202202,0.20588988569982,0.256566180838189,0.537543933461991,0.462456066538009,2898119.67451023,2275,935
25,2022,2,202202,0.233198931656162,0.225576954404805,0.541224113939034,0.458775886060966,3246570.4988803,3172,1305
26,2022,2,202202,0.211979251687073,0.251748705708423,0.536272042604504,0.463727957395496,6329492.92550845,4118,1620
27,2022,2,202202,0.213988630013306,0.24182839620812,0.544182973778575,0.455817026221425,2310295.84219029,4509,2037
28,2022,2,202202,0.228749468802423,0.256069246082265,0.515181285115312,0.484818714884688,1889405.13637962,2164,878
29,2022,2,202202,0.21490264876131,0.245802513186861,0.539294838051829,0.460705161948171,10538835.4988602,5193,1959
31,2022,2,202202,0.190124192987498,0.258995303509149,0.550880503503354,0.449119496496646,18308865.5170901,9430,3221
32,2022,2,202202,0.187086026248652,0.254212392985412,0.558701580765936,0.441298419234064,3400560.73646336,4122,1484
33,2022,2,202202,0.169606064579326,0.22473348614473,0.605660449275944,0.394339550724056,14002027.5006999,7772,2748
35,2022,2,202202,0.178962801333753,0.23863121616945,0.582405982496796,0.417594017503204,36145403.2977025,9009,2998
41,2022,2,202202,0.187569376860457,0.270858568336922,0.54157205480262,0.45842794519738,8934628.94889785,6388,2848
42,2022,2,202202,0.191375526771637,0.266384546107697,0.542239927120666,0.457760072879334,6134787.23060671,7175,3217
43,2022,2,202202,0.178103892368315,0.246386665598521,0.575509442033164,0.424490557966836,9404001.36947031,6547,2779
50,2022,2,202202,0.210038595111242,0.242793900567914,0.547167504320844,0.452832495679156,2166769.56646012,2400,924
51,2022,2,202202,0.211731023403262,0.219220388430771,0.569048588165968,0.430951411834033,2862863.35601564,2832,1138
52,2022,2,202202,0.212322549586379,0.228920460466535,0.558756989947086,0.441243010052914,6267659.1106361,4103,1558
53,2022,2,202202,0.18952790369823,0.214768998284495,0.595703098017274,0.404296901982726,2432245.61463041,2113,849
11,2022,3,202203,0.246292327838878,0.25937849221343,0.494329179947693,0.505670820052307,1321546.95531567,2150,919
12,2022,3,202203,0.221674059326461,0.249088999381185,0.529236941292355,0.470763058707646,673522.657348045,2538,1262
13,2022,3,202203,0.227964582546015,0.292350481442372,0.479684936011613,0.520315063988387,3030118.82195526,3753,1758
14,2022,3,202203,0.244613137351412,0.255694308594789,0.4996925540538,0.5003074459462,446790.535731213,1367,662
15,2022,3,202203,0.222423811707173,0.29689945068614,0.480676737606687,0.519323262393313,6853096.32902651,4482,1831
16,2022,3,202203,0.250511559789262,0.251116039510848,0.498372400699891,0.501627599300109,596315.391273886,991,457
17,2022,3,202203,0.246898510709613,0.252137244006783,0.500964245283604,0.499035754716396,1172806.42236993,1783,732
21,2022,3,202203,0.215782899575483,0.255085669538324,0.529131430886193,0.470868569113807,5309858.66252669,7306,3513
22,2022,3,202203,0.229825563110518,0.253469684326432,0.51670475256305,0.48329524743695,2723048.30498373,3167,1301
23,2022,3,202203,0.21604589538211,0.245855452497768,0.538098652120122,0.461901347879878,6996195.03659968,5864,2636
24,2022,3,202203,0.184862411649369,0.252460024923891,0.562677563426741,0.43732243657326,2677471.2768117,2723,1135
25,2022,3,202203,0.20377931112695,0.239004506663355,0.557216182209695,0.442783817790306,3238751.6866005,3362,1445
26,2022,3,202203,0.215894989580949,0.234816807318207,0.549288203100844,0.450711796899156,6628643.19938768,4656,1913
27,2022,3,202203,0.236986136752994,0.247498571579079,0.515515291667926,0.484484708332074,2395702.80132816,4774,2188
28,2022,3,202203,0.21903795827168,0.25933189133874,0.52163015038958,0.47836984961042,1882185.84251664,2349,906
29,2022,3,202203,0.217023363800502,0.234040239732621,0.548936396466878,0.451063603533122,11469390.1894399,5996,2274
31,2022,3,202203,0.196497560212428,0.259483900865535,0.544018538922037,0.455981461077963,17084257.9411884,9758,3340
32,2022,3,202203,0.180778147801464,0.243711607475387,0.575510244723148,0.424489755276852,3235692.40937939,4398,1528
33,2022,3,202203,0.180910317230344,0.217156964008781,0.601932718760875,0.398067281239125,13861374.7191804,8839,3190
35,2022,3,202203,0.175852366670072,0.240606173029454,0.583541460300474,0.416458539699526,37426560.4103942,9699,3138
41,2022,3,202203,0.194393568126117,0.281816838445729,0.523789593428154,0.476210406571846,9380359.62638101,7196,3208
42,2022,3,202203,0.188970990559947,0.276214643889603,0.53481436555045,0.46518563444955,5787251.02348779,7677,3437
43,2022,3,202203,0.183773306960469,0.257113525487573,0.559113167551958,0.440886832448042,9422539.40845885,6994,2985
50,2022,3,202203,0.219626769429506,0.209494932562369,0.570878298008126,0.429121701991875,2179042.97544537,2765,1028
51,2022,3,202203,0.210220580505474,0.225263395098421,0.564516024396106,0.435483975603894,2688769.30246396,3099,1164
52,2022,3,202203,0.208614921287706,0.243863908948919,0.547521169763375,0.452478830236625,5623494.76746369,4385,1622
53,2022,3,202203,0.194852001231102,0.196635062945734,0.608512935823164,0.391487064176836,2436381.68008916,2391,890
11,2022,4,202204,0.229910770643246,0.245741024210364,0.52434820514639,0.47565179485361,1439121.82550572,2058,890
12,2022,4,202204,0.258677053560378,0.243382733794076,0.497940212645546,0.502059787354454,632561.504948751,2402,1277
13,2022,4,202204,0.219535099987667,0.268203825559939,0.512261074452394,0.487738925547606,2968066.40011735,3509,1654
14,2022,4,202204,0.234002028352942,0.274527826112972,0.491470145534086,0.508529854465914,371024.693677084,1247,550
15,2022,4,202204,0.229106656233519,0.280723434212151,0.49016990955433,0.50983009044567,6417144.75484929,4424,1932
16,2022,4,202204,0.228578926439962,0.278882534989832,0.492538538570206,0.507461461429794,591721.794712356,891,383
17,2022,4,202204,0.249004514129192,0.260339324876302,0.490656160994506,0.509343839005494,1159374.45642575,1744,716
21,2022,4,202204,0.22069963414614,0.250880133162307,0.528420232691553,0.471579767308447,5119194.22139637,7611,3484
22,2022,4,202204,0.209710407902014,0.258953280183887,0.531336311914099,0.468663688085901,2659789.44883288,3010,1283
23,2022,4,202204,0.201077943535658,0.252502647777358,0.546419408686984,0.453580591313017,7366440.03744616,6250,2625
24,2022,4,202204,0.21645369659848,0.25705005747463,0.52649624592689,0.47350375407311,2670577.19113775,2654,1024
25,2022,4,202204,0.213155429215468,0.244549961403236,0.542294609381297,0.457705390618703,3312197.22857109,3551,1467
26,2022,4,202204,0.227155051312871,0.251557591944906,0.521287356742223,0.478712643257777,7560227.03173946,4827,2027
27,2022,4,202204,0.230925155459448,0.247765351080722,0.52130949345983,0.47869050654017,2391248.15038821,4835,2236
28,2022,4,202204,0.211542772857178,0.260419916979823,0.528037310162999,0.471962689837001,1777062.33926547,2379,937
29,2022,4,202204,0.229111652417428,0.241323241471738,0.529565106110833,0.470434893889167,11331460.0728982,5736,2088
31,2022,4,202204,0.192224224999736,0.270703671239114,0.53707210376115,0.46292789623885,17712454.1828255,9600,3310
32,2022,4,202204,0.189731501578347,0.25541418650816,0.554854311913493,0.445145688086506,3191698.39319287,4627,1670
33,2022,4,202204,0.183121153888767,0.20870496897738,0.608173877133853,0.391826122866147,13936764.1681237,9086,3403
35,2022,4,202204,0.192592369036226,0.24220820584765,0.565199425116124,0.434800574883876,35906581.8705677,9938,3234
41,2022,4,202204,0.180146819003004,0.27226999057977,0.547583190417227,0.452416809582774,9585980.44262508,6851,2995
42,2022,4,202204,0.187287537697968,0.288223125976276,0.524489336325757,0.475510663674244,6378929.75379551,7831,3421
43,2022,4,202204,0.180661126096303,0.263378822795887,0.55596005110781,0.44403994889219,9319171.7510304,6845,2905
50,2022,4,202204,0.204733155747776,0.243945133971845,0.551321710280379,0.448678289719621,2192951.90249585,2837,1070
51,2022,4,202204,0.207820204722586,0.249965759434588,0.542214035842826,0.457785964157174,2833547.96524876,3121,1172
52,2022,4,202204,0.206492490818834,0.245629224193326,0.54787828498784,0.45212171501216,5826598.95561898,4632,1628
53,2022,4,202204,0.193078351152324,0.204520627746703,0.602401021100973,0.397598978899027,2351916.52086679,2185,858
11,2022,5,202205,0.237297552716655,0.235936593248431,0.526765854034914,0.473234145965086,1328237.65784712,1871,835
12,2022,5,202205,0.228663467148274,0.24972918237437,0.521607350477356,0.478392649522644,638610.245904718,2259,1069
13,2022,5,202205,0.236267402612281,0.284881243208826,0.478851354178893,0.521148645821108,3265749.26585732,3457,1583
14,2022,5,202205,0.23944317912933,0.288237665048111,0.472319155822559,0.527680844177441,484728.289232464,1423,645
15,2022,5,202205,0.246422092406812,0.277117600026841,0.476460307566348,0.523539692433652,6545201.26512462,4570,1963
16,2022,5,202205,0.270115907293887,0.26064618735509,0.469237905351023,0.530762094648977,575029.642896762,1092,480
17,2022,5,202205,0.216607069791222,0.302892439625192,0.480500490583586,0.519499509416414,1147314.0586778,1584,660
21,2022,5,202205,0.222384916059209,0.269031058354165,0.508584025586626,0.491415974413374,5296827.79062344,7740,3635
22,2022,5,202205,0.227064674851737,0.260401077398538,0.512534247749725,0.487465752250275,2759035.15406991,2848,1209
23,2022,5,202205,0.220669454523416,0.248841671906891,0.530488873569693,0.469511126430307,6974846.28519788,5976,2489
24,2022,5,202205,0.219932993989042,0.247738092213648,0.53232891379731,0.46767108620269,2906439.59890281,2344,919
25,2022,5,202205,0.217107344035747,0.247664903034207,0.535227752930045,0.464772247069955,3243596.51380758,3293,1366
26,2022,5,202205,0.224814400441394,0.238142535615139,0.537043063943467,0.462956936056533,6593329.10713361,4480,1840
27,2022,5,202205,0.184315878202612,0.230023503418796,0.585660618378592,0.414339381621408,2276727.37344353,4647,2119
28,2022,5,202205,0.213036671276058,0.259404121809169,0.527559206914773,0.472440793085227,1757868.94998689,2176,882
29,2022,5,202205,0.221086174527881,0.234143777303515,0.544770048168604,0.455229951831396,10530121.095705,5440,2058
31,2022,5,202205,0.189961808691806,0.270674907634324,0.53936328367387,0.46063671632613,18294174.3946573,9620,3274
32,2022,5,202205,0.195296037209301,0.262743551263599,0.5419604115271,0.458039588472901,3417629.44529971,4417,1513
33,2022,5,202205,0.182508758779471,0.222058073217747,0.595433168002782,0.404566831997218,14171768.8374705,8247,2997
35,2022,5,202205,0.189237501925811,0.242046331748169,0.56871616632602,0.43128383367398,36873452.6032735,9378,3054
41,2022,5,202205,0.18775767247298,0.279963185423352,0.532279142103669,0.467720857896332,8856966.45170789,6371,2799
42,2022,5,202205,0.183608534437775,0.277453051877093,0.538938413685132,0.461061586314868,5968655.41203796,7719,3394
43,2022,5,202205,0.180498727736228,0.252957241131607,0.566544031132165,0.433455968867835,9343568.29541236,6746,2845
50,2022,5,202205,0.196165337384088,0.242625975260905,0.561208687355007,0.438791312644993,2169385.41290153,2553,936
51,2022,5,202205,0.198610327938644,0.233045025556933,0.568344646504423,0.431655353495577,2966662.38326941,3060,1152
52,2022,5,202205,0.210938309727911,0.245031181621682,0.544030508650407,0.455969491349593,6179290.49768703,4294,1578
53,2022,5,202205,0.19835533673904,0.191592828986501,0.61005183427446,0.389948165725541,2376173.01674755,2268,867
11,2022,6,202206,0.243745437639054,0.24261616987351,0.513638392487436,0.486361607512564,1335638.04656677,2199,905
12,2022,6,202206,0.223167836484825,0.257130670551172,0.519701492964004,0.480298507035997,666133.895239438,2485,1217
13,2022,6,202206,0.241470700031199,0.280466543192952,0.478062756775849,0.521937243224151,3017400.70758649,3787,1774
14,2022,6,202206,0.246177059398513,0.258943096704186,0.494879843897301,0.505120156102699,478930.896327729,1374,661
15,2022,6,202206,0.223701522288582,0.291513454064448,0.484785023646971,0.515214976353029,6899382.12230084,4494,1920
16,2022,6,202206,0.245373077671797,0.25642071063404,0.498206211694163,0.501793788305837,579266.42836134,1039,425
17,2022,6,202206,0.245977176798405,0.253460330021999,0.500562493179596,0.499437506820404,1184436.71837844,1891,756
21,2022,6,202206,0.230252051697165,0.256174243269069,0.513573705033766,0.486426294966234,5332607.0971396,7784,3521
22,2022,6,202206,0.233413260500475,0.266569112921499,0.500017626578027,0.499982373421973,2745815.40604409,3131,1317
23,2022,6,202206,0.215148895210849,0.249913808909047,0.534937295880104,0.465062704119896,7254861.73240291,6034,2663
24,2022,6,202206,0.209591188902243,0.237889404752974,0.552519406344783,0.447480593655217,2662660.38067723,2659,1080
25,2022,6,202206,0.216328492964484,0.241948600606636,0.54172290642888,0.45827709357112,3184766.35841122,3375,1424
26,2022,6,202206,0.216799186227031,0.24516654228491,0.53803427148806,0.46196572851194,6945621.48922006,4756,1914
27,2022,6,202206,0.225554633858972,0.247922097387989,0.526523268753039,0.473476731246961,2423144.16661934,4704,2126
28,2022,6,202206,0.20153912347802,0.254811218678371,0.543649657843609,0.456350342156391,1918645.40224249,2378,924
29,2022,6,202206,0.221503686290943,0.241968041799347,0.53652827190971,0.46347172809029,11654063.0969213,5900,2173
31,2022,6,202206,0.194150010782069,0.266907353196745,0.538942636021186,0.461057363978815,16977761.3846756,9736,3337
32,2022,6,202206,0.181292112493871,0.247538725270884,0.571169162235246,0.428830837764754,3193737.09638091,4322,1420
33,2022,6,202206,0.17904386146247,0.221123939274311,0.599832199263219,0.400167800736781,13868256.5087793,8803,3148
35,2022,6,202206,0.193973841308012,0.235285570611553,0.570740588080435,0.429259411919566,36776714.1689059,9717,3149
41,2022,6,202206,0.189080688748811,0.2888583492369,0.522060962014289,0.477939037985711,9284624.59356416,7169,3169
42,2022,6,202206,0.184107248450453,0.277661153644485,0.538231597905062,0.461768402094938,6044464.69445353,7789,3439
43,2022,6,202206,0.184100877008242,0.25181068564887,0.564088437342887,0.435911562657113,9399192.16107794,7026,2945
50,2022,6,202206,0.217469259597393,0.211350204410106,0.571180535992501,0.428819464007499,2206935.70403497,2832,1021
51,2022,6,202206,0.237972684423397,0.222103452800878,0.539923862775725,0.460076137224275,2724707.19643343,3186,1129
52,2022,6,202206,0.226098790980438,0.23817794290673,0.535723266112832,0.464276733887168,5564250.73722301,4353,1541
53,2022,6,202206,0.195356922137304,0.213304463076855,0.591338614785841,0.408661385214159,2503540.55319758,2511,949
11,2022,7,202207,0.265565231351898,0.2293242242785,0.505110544369602,0.494889455630398,1379355.99314595,2083,919
12,2022,7,202207,0.276154312936855,0.249663135830861,0.474182551232284,0.525817448767716,632355.020028929,2328,1224
13,2022,7,202207,0.220506892799478,0.278851290300892,0.50064181689963,0.499358183100371,3052409.52909945,3664,1725
14,2022,7,202207,0.262433169112927,0.271084710714681,0.466482120172392,0.533517879827608,369756.441309973,1286,579
15,2022,7,202207,0.243847010348682,0.275451829328198,0.48070116032312,0.51929883967688,6665259.27837054,4382,1915
16,2022,7,202207,0.244626203031478,0.281570850443269,0.473802946525253,0.526197053474747,586968.228001226,923,402
17,2022,7,202207,0.24404677710604,0.251063111522542,0.504890111371418,0.495109888628582,1180432.42364993,1858,776
21,2022,7,202207,0.230255404704349,0.250323068225641,0.51942152707001,0.48057847292999,5070710.09769437,8078,3596
22,2022,7,202207,0.220839221921353,0.256738757752211,0.522422020326435,0.477577979673565,2677731.73319909,3054,1297
23,2022,7,202207,0.2014457533024,0.263929005316473,0.534625241381127,0.465374758618873,7319408.30231333,6160,2655
24,2022,7,202207,0.205453179714811,0.250970781686765,0.543576038598424,0.456423961401576,2712132.61637868,2742,1075
25,2022,7,202207,0.216791088289004,0.273542843395215,0.509666068315781,0.490333931684219,3169491.64504694,3534,1425
26,2022,7,202207,0.215111264730476,0.240649787160857,0.544238948108667,0.455761051891333,7454267.80547919,4711,1927
27,2022,7,202207,0.227924724961902,0.247668951521382,0.524406323516716,0.475593676483284,2318701.3669625,4891,2251
28,2022,7,202207,0.216470003977548,0.258674343022036,0.524855653000417,0.475144346999583,1782345.60029515,2429,937
29,2022,7,202207,0.226752031228798,0.237161051151283,0.53608691761992,0.46391308238008,11299889.3428311,5645,2148
31,2022,7,202207,0.193649842260017,0.267047579216899,0.539302578523084,0.460697421476916,17650206.7174438,9525,3268
32,2022,7,202207,0.18580106168315,0.254975822976927,0.559223115339923,0.440776884660077,3244795.64845784,4759,1700
33,2022,7,202207,0.183346213300159,0.218189654451271,0.59846413224857,0.40153586775143,13844136.9341691,9110,3344
35,2022,7,202207,0.192660562803685,0.246035630501414,0.561303806694901,0.438696193305099,36059672.7459503,10165,3297
41,2022,7,202207,0.179356245622324,0.270819104151811,0.549824650225865,0.450175349774135,9603562.25724026,6913,2948
42,2022,7,202207,0.193407548168448,0.278128071752055,0.528464380079497,0.471535619920503,6431297.89111751,8148,3527
43,2022,7,202207,0.192582680859437,0.255287132228423,0.55213018691214,0.44786981308786,9345200.17876475,6939,2907
50,2022,7,202207,0.20773845444084,0.214753089242996,0.577508456316164,0.422491543683836,2188688.47948643,2772,1002
51,2022,7,202207,0.218425089285651,0.23706812954609,0.544506781168259,0.455493218831741,2813474.60388987,3157,1190
52,2022,7,202207,0.212230702406553,0.246780558173134,0.540988739420313,0.459011260579687,5948141.82030375,4598,1566
53,2022,7,202207,0.201865299506533,0.192603217368752,0.605531483124715,0.394468516875285,2382265.57534703,2314,880
11,2022,8,202208,0.237591738652102,0.237807806257857,0.524600455090041,0.47539954490996,1385488.95743256,2064,933
12,2022,8,202208,0.232598791058174,0.23949204094513,0.527909167996697,0.472090832003303,636733.423866336,2335,1156
13,2022,8,202208,0.227404757946684,0.283776459788607,0.488818782264709,0.511181217735291,3199184.29821251,3476,1594
14,2022,8,202208,0.243412467097127,0.294653481616041,0.461934051286832,0.538065948713169,503892.470302048,1523,660
15,2022,8,202208,0.239095159375689,0.292685620383461,0.46821922024085,0.53178077975915,6344048.75540529,4516,1928
16,2022,8,202208,0.233139511185673,0.275877328742119,0.490983160072209,0.509016839927791,590771.648753009,1231,537
17,2022,8,202208,0.243784492948036,0.274898286675367,0.481317220376597,0.518682779623403,1178270.45578788,1666,664
21,2022,8,202208,0.2314866921365,0.255535826319712,0.512977481543788,0.487022518456212,5253950.49259786,7811,3500
22,2022,8,202208,0.219050678127097,0.25472265370906,0.526226668163843,0.473773331836157,2844826.25587934,2895,1237
23,2022,8,202208,0.219956622122948,0.249751494982739,0.530291882894313,0.469708117105687,7226656.45925092,6167,2559
24,2022,8,202208,0.218799734143055,0.254428239382218,0.526772026474728,0.473227973525272,2936627.25603559,2413,983
25,2022,8,202208,0.217712975395348,0.252987748636542,0.52929927596811,0.47070072403189,3401206.21354359,3372,1344
26,2022,8,202208,0.223054715110459,0.248214330825867,0.528730954063674,0.471269045936326,6749443.22416744,4669,1866
27,2022,8,202208,0.226408199972561,0.238053442036274,0.535538357991166,0.464461642008834,2280110.6887467,4648,2007
28,2022,8,202208,0.216353628182263,0.255139977426922,0.528506394390815,0.471493605609185,1805202.05452598,2248,943
29,2022,8,202208,0.216603867310088,0.235725929922539,0.547670202767373,0.452329797232627,10880328.0781293,5622,2094
31,2022,8,202208,0.190361858877769,0.271296830367268,0.538341310754963,0.461658689245038,18153693.6648454,9604,3262
32,2022,8,202208,0.191617132699327,0.247856481945829,0.560526385354844,0.439473614645156,3357246.2638208,4379,1499
33,2022,8,202208,0.173332788703444,0.22724141436742,0.599425796929136,0.400574203070864,13992727.2190906,8473,3016
35,2022,8,202208,0.201220541045589,0.23031399713361,0.568465461820801,0.4315345381792,36761581.6693376,9679,3152
41,2022,8,202208,0.188473239094693,0.265391258148024,0.546135502757283,0.453864497242717,9089524.21116681,6440,2859
42,2022,8,202208,0.194069453907541,0.265229507072385,0.540701039020074,0.459298960979926,5947577.80918773,7973,3421
43,2022,8,202208,0.181890404468035,0.247696049826758,0.570413545705207,0.429586454294794,9359371.21069486,6889,2925
50,2022,8,202208,0.202793667651637,0.236452791702927,0.560753540645436,0.439246459354565,2213568.65047183,2557,914
51,2022,8,202208,0.225220415561157,0.221831288138627,0.552948296300216,0.447051703699784,2905810.29970236,3101,1175
52,2022,8,202208,0.21408522835696,0.220088564376484,0.565826207266556,0.434173792733445,6075980.09585008,4253,1535
53,2022,8,202208,0.199273060778637,0.196087443449872,0.604639495771492,0.395360504228508,2333771.20691863,2428,953
11,2022,9,202209,0.257167912942101,0.230707859509762,0.512124227548137,0.487875772451863,1352695.50699709,2193,951
12,2022,9,202209,0.214965331665025,0.261343551548287,0.523691116786688,0.476308883213313,656998.6869964,2503,1226
13,2022,9,202209,0.256161657988126,0.282620597523578,0.461217744488295,0.538782255511705,3010920.80624738,3843,1821
14,2022,9,202209,0.245501857591658,0.285148988817293,0.469349153591049,0.530650846408951,474750.817330496,1498,658
15,2022,9,202209,0.237218758263608,0.28706965737287,0.475711584363523,0.524288415636477,6933901.79567748,4528,1953
16,2022,9,202209,0.224072104047399,0.275306466045169,0.500621429907432,0.499378570092568,609693.038262868,1075,462
17,2022,9,202209,0.243147378377217,0.256987006491475,0.499865615131308,0.500134384868692,1157878.65207891,1819,713
21,2022,9,202209,0.236890358701442,0.264083937935704,0.499025703362854,0.500974296637146,5398032.8796638,7810,3477
22,2022,9,202209,0.221534651671483,0.271255791588525,0.507209556739993,0.492790443260007,2625425.71084001,3035,1251
23,2022,9,202209,0.218610205817047,0.259531402790936,0.521858391392018,0.478141608607983,7148477.61226852,6115,2593
24,2022,9,202209,0.217456683791974,0.241294268289038,0.541249047918988,0.458750952081012,2704900.83085455,2721,1107
25,2022,9,202209,0.222182537532193,0.248112291622047,0.52970517084576,0.47029482915424,3217098.42846994,3321,1413
26,2022,9,202209,0.212474291784332,0.24580390954408,0.541721798671589,0.458278201328412,7186765.88060345,5057,2050
27,2022,9,202209,0.235014633488348,0.258803143313138,0.506182223198515,0.493817776801485,2517774.63002228,4964,2207
28,2022,9,202209,0.218333340504295,0.240909377870875,0.54075728162483,0.45924271837517,1875305.39699385,2389,950
29,2022,9,202209,0.210086972172678,0.241178461780745,0.548734566046577,0.451265433953423,11687068.4922271,5996,2302
31,2022,9,202209,0.199133825466478,0.263293533998736,0.537572640534787,0.462427359465213,16919082.6141698,9635,3251
32,2022,9,202209,0.186332462919058,0.242690382458631,0.570977154622311,0.429022845377689,3201780.30869075,4386,1515
33,2022,9,202209,0.190163836150562,0.219221279991205,0.590614883858233,0.409385116141767,13696361.8400331,8832,3198
35,2022,9,202209,0.193749217046035,0.239161732190603,0.567089050763361,0.432910949236639,36754268.317703,9703,3214
41,2022,9,202209,0.196154283174701,0.265167243445886,0.538678473379413,0.461321526620587,9377722.89765953,7118,3175
42,2022,9,202209,0.193555195253622,0.270671589436286,0.535773215310092,0.464226784689908,6165181.45101372,7894,3485
43,2022,9,202209,0.180817634462063,0.252117072986676,0.567065292551262,0.432934707448738,9436704.96142873,7168,2980
50,2022,9,202209,0.210730557457547,0.222339025818476,0.566930416723978,0.433069583276022,2127468.41675685,2717,988
51,2022,9,202209,0.22433544885797,0.226650037974969,0.549014513167061,0.450985486832939,2765032.55320818,3163,1138
52,2022,9,202209,0.221802639642936,0.234237379832814,0.54395998052425,0.45604001947575,5693270.21190523,4288,1465
53,2022,9,202209,0.197668410904119,0.202396107365717,0.599935481730164,0.400064518269836,2573099.91014793,2624,971
11,2022,10,202210,0.256960886925107,0.237207890859154,0.505831222215739,0.494168777784261,1395340.13768231,1980,927
12,2022,10,202210,0.256164921586146,0.236636630227321,0.507198448186534,0.492801551813466,646614.859649857,2389,1267
13,2022,10,202210,0.230973314747632,0.28306779858178,0.485958886670588,0.514041113329412,3065913.91352246,3549,1639
14,2022,10,202210,0.248958302780966,0.286126465121409,0.464915232097625,0.535084767902375,401784.175464065,1302,586
15,2022,10,202210,0.241219631482073,0.291595977821275,0.467184390696652,0.532815609303348,7112460.62842624,4509,1931
16,2022,10,202210,0.229624655134693,0.248826183365491,0.521549161499816,0.478450838500184,583778.178938774,935,404
17,2022,10,202210,0.235298302926367,0.264733029375474,0.499968667698159,0.500031332301841,1190968.17044701,1884,741
21,2022,10,202210,0.225948846187351,0.267442924379872,0.506608229432777,0.493391770567223,5174500.95227621,7973,3567
22,2022,10,202210,0.213588003173857,0.264116979874729,0.522295016951414,0.477704983048586,2658328.39170517,2997,1266
23,2022,10,202210,0.220229530699291,0.248019187253382,0.531751282047326,0.468248717952674,7272174.05377801,6025,2532
24,2022,10,202210,0.213865693386368,0.24831368881404,0.537820617799593,0.462179382200407,2687951.11175404,2760,1062
25,2022,10,202210,0.224262773433939,0.25701082161852,0.518726404947542,0.481273595052458,3195824.11739265,3412,1409
26,2022,10,202210,0.205743546101092,0.241483970234825,0.552772483664083,0.447227516335917,7521971.31669401,4819,1977
27,2022,10,202210,0.249106134568912,0.240596782920069,0.510297082511019,0.489702917488981,2325822.13790101,4938,2205
28,2022,10,202210,0.223388798582432,0.244133870248688,0.53247733116888,0.46752266883112,1777110.3767643,2358,901
29,2022,10,202210,0.230004004166346,0.242693026291256,0.527302969542399,0.472697030457602,11265558.8286922,5744,2134
31,2022,10,202210,0.19814802900589,0.266757001436427,0.535094969557683,0.464905030442317,17806085.2788877,9427,3303
32,2022,10,202210,0.197013017849193,0.250082548984012,0.552904433166795,0.447095566833205,3230543.47525671,4722,1667
33,2022,10,202210,0.181169338865092,0.222134101545333,0.596696559589575,0.403303440410425,13600311.9189098,8839,3293
35,2022,10,202210,0.200865657434576,0.236073884176119,0.563060458389306,0.436939541610695,35381442.9355727,9808,3174
41,2022,10,202210,0.185219314516064,0.269398375642851,0.545382309841085,0.454617690158915,9741112.5072967,6795,2957
42,2022,10,202210,0.191248325860194,0.278030050540361,0.530721623599446,0.469278376400555,6383480.165546,7962,3340
43,2022,10,202210,0.189986861329187,0.259608533928888,0.550404604741925,0.449595395258075,9518394.2442459,6822,2902
50,2022,10,202210,0.207716473647904,0.231791411531661,0.560492114820435,0.439507885179565,2176856.45691762,2713,968
51,2022,10,202210,0.212730479659028,0.243635479568454,0.543634040772519,0.456365959227481,2837110.04054683,3072,1140
52,2022,10,202210,0.212063805694409,0.241426479609736,0.546509714695856,0.453490285304144,5938836.05738551,4418,1510
53,2022,10,202210,0.206119353394075,0.191379418818959,0.602501227786966,0.397498772213035,2509871.09664801,2312,887
11,2022,11,202211,0.256789011019055,0.2366534183038,0.506557570677145,0.493442429322855,1386042.64208461,2095,1009
12,2022,11,202211,0.241857615790743,0.249476510758862,0.508665873450395,0.491334126549606,626703.335355887,2203,1080
13,2022,11,202211,0.230180023553333,0.287364331447436,0.48245564499923,0.51754435500077,3173001.47242382,3351,1558
14,2022,11,202211,0.246207338482335,0.277142044945804,0.47665061657186,0.52334938342814,492335.431804922,1482,677
15,2022,11,202211,0.243753414007485,0.289087941234159,0.467158644758356,0.532841355241644,6304819.68299372,4472,1904
16,2022,11,202211,0.219838691432841,0.288303333054341,0.491857975512818,0.508142024487182,595361.895080037,1280,564
17,2022,11,202211,0.254150142075197,0.285730283789286,0.460119574135517,0.539880425864484,1172531.40600735,1657,671
21,2022,11,202211,0.240726058009104,0.251105241470292,0.508168700520604,0.491831299479396,5295079.83082955,7832,3582
22,2022,11,202211,0.216864198486448,0.251253018489036,0.531882783024517,0.468117216975483,2990827.42429271,2919,1231
23,2022,11,202211,0.22814023321824,0.256130856395742,0.515728910386018,0.484271089613982,7447493.23030502,6056,2410
24,2022,11,202211,0.211980114549876,0.259553249207339,0.528466636242786,0.471533363757214,3126884.4250753,2396,967
25,2022,11,202211,0.217249067679428,0.26411765855473,0.518633273765842,0.481366726234158,3403589.36504929,3374,1373
26,2022,11,202211,0.227202354804002,0.226729305342676,0.546068339853323,0.453931660146677,6882649.01869308,4626,1926
27,2022,11,202211,0.225476720891561,0.239964383852061,0.534558895256379,0.465441104743621,2251589.43024893,4582,1984
28,2022,11,202211,0.209294151515836,0.256590712523707,0.534115135960456,0.465884864039544,1795068.22338327,2196,882
29,2022,11,202211,0.211385794125933,0.258592239855125,0.530021966018942,0.469978033981058,10505919.6685761,5318,2070
31,2022,11,202211,0.196731234898157,0.266759702682026,0.536509062419817,0.463490937580183,18105228.7950964,9379,3209
32,2022,11,202211,0.190590714151589,0.2471042318257,0.562305054022711,0.43769494597729,3367754.46279052,4373,1496
33,2022,11,202211,0.184048135445444,0.229621920807203,0.586329943747353,0.413670056252647,14040992.731521,8339,3068
35,2022,11,202211,0.198347980102348,0.233984874579087,0.567667145318565,0.432332854681435,36891345.8733123,9496,3093
41,2022,11,202211,0.187223517901271,0.27448162842049,0.53829485367824,0.46170514632176,9187410.74100236,6362,2773
42,2022,11,202211,0.182289074755326,0.259284377253955,0.558426547990719,0.441573452009281,6074638.09880478,7762,3302
43,2022,11,202211,0.193269296026938,0.242779248260592,0.56395145571247,0.436048544287531,9240447.46770432,6681,2826
50,2022,11,202211,0.212179226237962,0.233933798920982,0.553886974841056,0.446113025158944,2240729.33872895,2527,930
51,2022,11,202211,0.211863379049648,0.211069016089021,0.577067604861331,0.422932395138669,2957548.56809652,3085,1196
52,2022,11,202211,0.213027964574107,0.213431399949213,0.57354063547668,0.42645936452332,5910607.72684295,3911,1433
53,2022,11,202211,0.2108231674644,0.189420472031014,0.599756360504586,0.400243639495414,2311612.08605471,2276,900
11,2022,12,202212,0.240088712795873,0.245143199934536,0.514768087269591,0.485231912730409,1342304.12331121,2150,988
12,2022,12,202212,0.222948623093212,0.245350471173966,0.531700905732822,0.468299094267178,657868.877348616,2411,1239
13,2022,12,202212,0.255189388427887,0.262195112307282,0.48261549926483,0.51738450073517,3110103.02439723,3786,1794
14,2022,12,202212,0.245848473742025,0.275007696391926,0.479143829866049,0.520856170133951,485233.612322005,1484,650
15,2022,12,202212,0.236990457928119,0.281865273100155,0.481144268971726,0.518855731028274,6731659.39363829,4554,2029
16,2022,12,202212,0.233745895350823,0.26266998264297,0.503584122006207,0.496415877993793,600617.572672042,1033,415
17,2022,12,202212,0.262957975926547,0.277275216633837,0.459766807439616,0.540233192560384,1113552.76902207,1763,681
21,2022,12,202212,0.226508335155642,0.253571019403574,0.519920645440784,0.480079354559216,5372257.33400975,7700,3584
22,2022,12,202212,0.215060717388352,0.256802158426457,0.52813712418519,0.47186287581481,2609358.84351648,2974,1253
23,2022,12,202212,0.21562126661224,0.254549364281927,0.529829369105833,0.470170630894167,7216447.10387733,6118,2686
24,2022,12,202212,0.212539665226458,0.249679950809563,0.537780383963979,0.462219616036021,2657185.00023077,2651,1097
25,2022,12,202212,0.201963976801583,0.260917840645017,0.5371181825534,0.4628818174466,3167722.07128056,3119,1375
26,2022,12,202212,0.221871021102647,0.231037264054297,0.547091714843057,0.452908285156943,7307713.49020317,4937,2082
27,2022,12,202212,0.232962987513528,0.234257484932581,0.532779527553891,0.467220472446109,2591907.5486848,5095,2289
28,2022,12,202212,0.227831165898857,0.236249723672527,0.535919110428617,0.464080889571384,1855089.48604031,2309,927
29,2022,12,202212,0.221072528636355,0.243554394983941,0.535373076379705,0.464626923620295,12020553.7796222,5919,2289
31,2022,12,202212,0.192208669352844,0.268813704166509,0.538977626480647,0.461022373519353,16841470.2825378,9630,3377
32,2022,12,202212,0.185262467942002,0.247987829312685,0.566749702745314,0.433250297254686,3176793.24133638,4323,1507
33,2022,12,202212,0.186158601788317,0.211333087628469,0.602508310583214,0.397491689416786,13945869.0971191,8809,3207
35,2022,12,202212,0.18909006692341,0.231145864190763,0.579764068885827,0.420235931114173,36963964.1804432,9459,3075
41,2022,12,202212,0.186038230322115,0.267363133543304,0.546598636134581,0.453401363865419,9429898.87569544,7110,3137
42,2022,12,202212,0.196781038625412,0.271592045001133,0.531626916373455,0.468373083626545,6136741.51671972,7782,3372
43,2022,12,202212,0.188426723664493,0.246975726383705,0.564597549951801,0.435402450048198,9205671.15577342,6799,2898
50,2022,12,202212,0.214182168906114,0.219965185724356,0.56585264536953,0.43414735463047,2203727.90958382,2657,988
51,2022,12,202212,0.218565940070248,0.222949953217131,0.558484106712622,0.441515893287378,2770358.95613348,3082,1129
52,2022,12,202212,0.218388922372578,0.22890406240465,0.552707015222772,0.447292984777228,5762753.74808699,4107,1450
53,2022,12,202212,0.2047611643363,0.190797960989801,0.604440874673899,0.395559125326101,2519900.08948451,2526,928
11,2023,1,202301,0.244304569152615,0.234675063158633,0.521020367688752,0.478979632311248,1408092.73047564,2009,941
12,2023,1,202301,0.229917439197054,0.234080794480231,0.536001766322716,0.463998233677284,642864.123989855,2289,1260
13,2023,1,202301,0.236087959876006,0.265923578444121,0.497988461679873,0.502011538320127,3088674.83687293,3389,1584
14,2023,1,202301,0.25262077422563,0.271252163243422,0.476127062530948,0.523872937469052,405121.180278844,1277,554
15,2023,1,202301,0.227128905013922,0.279246822087353,0.493624272898724,0.506375727101276,7051685.32546368,4317,1887
16,2023,1,202301,0.232126608283954,0.288666956024572,0.479206435691474,0.520793564308526,597210.472196026,929,379
17,2023,1,202301,0.234141853625501,0.270288644259333,0.495569502115166,0.504430497884834,1237592.01958761,1931,726
21,2023,1,202301,0.228092262951436,0.251046002582352,0.520861734466212,0.479138265533788,5141620.74676484,7771,3578
22,2023,1,202301,0.235201091915344,0.248423987855946,0.51637492022871,0.48362507977129,2599721.96807847,2932,1248
23,2023,1,202301,0.214563907592779,0.245644556942398,0.539791535464824,0.460208464535177,7202839.19185069,6012,2529
24,2023,1,202301,0.2072892289321,0.247459342073166,0.545251428994734,0.454748571005266,2642942.30211664,2689,1083
25,2023,1,202301,0.221453239277841,0.265076406421106,0.513470354301053,0.486529645698947,3150969.72337544,3280,1388
26,2023,1,202301,0.206662414007364,0.235389474317325,0.557948111675311,0.442051888324689,7451976.29365956,4826,1976
27,2023,1,202301,0.220500110005829,0.234732673686866,0.544767216307305,0.455232783692695,2316084.68270388,4853,2195
28,2023,1,202301,0.2294367619612,0.255958347006974,0.514604891031826,0.485395108968174,1813982.13410284,2363,888
29,2023,1,202301,0.232188941002761,0.246046785192883,0.521764273804356,0.478235726195644,11333859.5121258,5591,2125
31,2023,1,202301,0.196030387944141,0.254538206893905,0.549431405161955,0.450568594838045,17677257.9454041,9330,3316
32,2023,1,202301,0.189995711338007,0.250605743642992,0.559398545019002,0.440601454980999,3232679.50047083,4608,1680
33,2023,1,202301,0.189378633485588,0.202562331767315,0.608059034747096,0.391940965252904,13687854.1197528,8815,3282
35,2023,1,202301,0.190667933072495,0.239878158271024,0.569453908656482,0.430546091343519,35789400.0928158,9718,3118
41,2023,1,202301,0.175112036930711,0.269331562100522,0.555556400968767,0.444443599031233,9942082.99383736,6807,3039
42,2023,1,202301,0.196265847700759,0.272265833429564,0.531468318869677,0.468531681130323,6278812.45948019,7843,3350
43,2023,1,202301,0.195294231798021,0.256304728650656,0.548401039551323,0.451598960448677,9559675.22720613,6854,2867
50,2023,1,202301,0.219305860852933,0.216279290894542,0.564414848252526,0.435585151747474,2214805.0385947,2681,983
51,2023,1,202301,0.219659611185313,0.231841634582768,0.54849875423192,0.451501245768081,2767447.61245409,2925,1114
52,2023,1,202301,0.206878542315081,0.234258844474124,0.558862613210795,0.441137386789205,5910053.73118655,4311,1533
53,2023,1,202301,0.198801908105346,0.190897328320963,0.610300763573692,0.389699236426309,2524091.4153006,2272,884
11,2023,2,202302,0.253341437899779,0.241600310066503,0.505058252033718,0.494941747966282,1332091.36840607,2019,982
12,2023,2,202302,0.230851737986967,0.264082597347983,0.50506566466505,0.49493433533495,628222.811109684,2220,1199
13,2023,2,202302,0.229258053321598,0.276631566311919,0.494110380366483,0.505889619633517,3175633.35535285,3310,1562
14,2023,2,202302,0.248769963453359,0.258647108083971,0.49258292846267,0.50741707153733,492732.421636372,1455,632
15,2023,2,202302,0.228383544783144,0.269504952130759,0.502111503086097,0.497888496913903,6410023.73200176,4372,1923
16,2023,2,202302,0.22270747089353,0.260595628984199,0.516696900122271,0.48330309987773,601803.443245793,1252,530
17,2023,2,202302,0.241846684510806,0.282074189654407,0.476079125834787,0.523920874165213,1200759.1649727,1594,619
21,2023,2,202302,0.216330783579293,0.250052648225084,0.533616568195623,0.466383431804377,5138032.25012782,7545,3568
22,2023,2,202302,0.218997400931723,0.258107443398124,0.522895155670153,0.477104844329847,2980703.05703639,2927,1287
23,2023,2,202302,0.222838153943651,0.249598922227786,0.527562923828563,0.472437076171437,7349151.0502513,5823,2418
24,2023,2,202302,0.201241305881347,0.248585905021114,0.550172789097539,0.449827210902461,3172363.27642867,2390,984
25,2023,2,202302,0.208402541128204,0.248611288835963,0.542986170035834,0.457013829964167,3413128.87200521,3333,1394
26,2023,2,202302,0.225277765391226,0.232114198438658,0.542608036170116,0.457391963829884,7076160.10388423,4697,1940
27,2023,2,202302,0.227719278007011,0.240305968473711,0.531974753519278,0.468025246480722,2251899.18977333,4573,2086
28,2023,2,202302,0.21858787146738,0.242426526140191,0.538985602392429,0.461014397607571,1822211.33693258,2223,930
29,2023,2,202302,0.204318337666714,0.250906885083105,0.544774777250181,0.455225222749819,10509710.5537611,5373,2096
31,2023,2,202302,0.19555476965589,0.260044311475313,0.544400918868797,0.455599081131203,18056532.4176924,9305,3173
32,2023,2,202302,0.191798640587458,0.238563382539205,0.569637976873337,0.430362023126663,3387507.80903228,4352,1552
33,2023,2,202302,0.191054908854071,0.220189358674052,0.588755732471877,0.411244267528123,14032914.3099423,8264,3053
35,2023,2,202302,0.199849083458979,0.229966317973256,0.570184598567766,0.429815401432234,37208557.2829735,9365,3114
41,2023,2,202302,0.204355967493462,0.251951278950327,0.54369275355621,0.45630724644379,9363193.06148955,6253,2730
42,2023,2,202302,0.191690676416081,0.266998118926595,0.541311204657324,0.458688795342676,6181004.54243617,7761,3345
43,2023,2,202302,0.185366070686135,0.239122262737881,0.575511666575985,0.424488333424016,9073269.57154152,6534,2744
50,2023,2,202302,0.203013625180534,0.233370099173334,0.563616275646131,0.436383724353869,2128143.72682385,2439,903
51,2023,2,202302,0.214645174886033,0.212459949449156,0.572894875664811,0.427105124335189,3023969.7015908,3093,1232
52,2023,2,202302,0.225313178276976,0.209208425737082,0.565478395985942,0.434521604014058,5946542.48356949,3914,1384
53,2023,2,202302,0.199476129272066,0.206725435791163,0.593798434936771,0.406201565063229,2366998.58325133,2270,904
11,2023,3,202303,0.239867266110958,0.238497044967442,0.5216356889216,0.4783643110784,1341504.64026763,2184,1014
12,2023,3,202303,0.222856395964906,0.247919370913219,0.529224233121876,0.470775766878124,678755.847276167,2454,1264
13,2023,3,202303,0.244632112476669,0.269417083300667,0.485950804222665,0.514049195777336,3082187.75588221,3856,1837
14,2023,3,202303,0.231124855185957,0.24873201734801,0.520143127466033,0.479856872533967,478080.623040046,1479,663
15,2023,3,202303,0.234384856939197,0.290639410492904,0.4749757325679,0.5250242674321,6601389.3451587,4528,2009
16,2023,3,202303,0.234928236725873,0.259692010409195,0.505379752864932,0.494620247135068,611924.843938021,1030,442
17,2023,3,202303,0.258073932913193,0.257407241350181,0.484518825736626,0.515481174263374,1085682.58310813,1770,686
21,2023,3,202303,0.221377355059605,0.255946920799624,0.522675724140771,0.477324275859229,5203178.222083,7363,3452
22,2023,3,202303,0.215981575281551,0.257589906716891,0.526428518001558,0.473571481998442,2636882.88291467,3013,1276
23,2023,3,202303,0.21585784670767,0.246032860886478,0.538109292405852,0.461890707594148,7296054.27329138,6000,2689
24,2023,3,202303,0.20511144278405,0.239377860907784,0.555510696308166,0.444489303691834,2673362.60905952,2624,1116
25,2023,3,202303,0.21155375597493,0.243659600613834,0.544786643411236,0.455213356588764,3161994.27102309,3033,1353
26,2023,3,202303,0.235133872248332,0.216451384609117,0.548414743142551,0.451585256857449,7578778.44275667,5072,2114
27,2023,3,202303,0.242268480412452,0.234021937806265,0.523709581781283,0.476290418218717,2568865.72700711,4981,2220
28,2023,3,202303,0.240599645454822,0.255991748064518,0.50340860648066,0.49659139351934,1774410.91100592,2295,934
29,2023,3,202303,0.218669614312062,0.236334199601248,0.54499618608669,0.45500381391331,11861168.2038486,5829,2265
31,2023,3,202303,0.195066392468252,0.263330145978264,0.541603461553484,0.458396538446516,17041376.8888677,9559,3396
32,2023,3,202303,0.183649954741466,0.237349880750822,0.579000164507712,0.420999835492288,3278666.28700948,4496,1606
33,2023,3,202303,0.199591642573156,0.212278536233662,0.588129821193182,0.411870178806818,14172046.1330655,9042,3374
35,2023,3,202303,0.176127116037701,0.24272460687841,0.58114827708389,0.418851722916111,37228660.5608491,9692,3140
41,2023,3,202303,0.192662955271462,0.260385951106859,0.546951093621679,0.453048906378321,9258855.96794799,7042,3120
42,2023,3,202303,0.191629236047291,0.272110093286603,0.536260670666105,0.463739329333895,6168134.46664207,7804,3328
43,2023,3,202303,0.187267797094079,0.261430413072098,0.551301789833824,0.448698210166176,9031286.15822706,6801,2807
50,2023,3,202303,0.220621288530787,0.233373944706428,0.546004766762786,0.453995233237214,2185874.66935474,2689,996
51,2023,3,202303,0.21799160167094,0.217915407890359,0.564092990438701,0.435907009561299,2897488.11047827,3281,1260
52,2023,3,202303,0.230814780473946,0.222622694820292,0.546562524705762,0.453437475294238,5870103.74271411,4187,1470
53,2023,3,202303,0.196239446948236,0.18868858997911,0.615071963072653,0.384928036927347,2431599.31091901,2520,955
11,2023,4,202304,0.246252429159417,0.25216077909785,0.501586791742733,0.498413208257267,1443930.88723638,1962,886
12,2023,4,202304,0.240646753229058,0.238371822004144,0.520981424766798,0.479018575233202,642717.639468494,2308,1231
13,2023,4,202304,0.230092082197221,0.275886068712959,0.494021849089819,0.505978150910181,3114222.45766472,3415,1597
14,2023,4,202304,0.24901901463589,0.279234910147122,0.471746075216988,0.528253924783012,409484.327278792,1344,583
15,2023,4,202304,0.226292081719675,0.282013066594851,0.491694851685475,0.508305148314525,6966229.44502662,4275,1885
16,2023,4,202304,0.223344286581411,0.294763039461673,0.481892673956916,0.518107326043084,628397.101296993,941,389
17,2023,4,202304,0.21904437455125,0.261017845468265,0.519937779980486,0.480062220019515,1232235.88922879,1895,760
21,2023,4,202304,0.225908115485557,0.245455947709898,0.528635936804546,0.471364063195455,5222910.00352208,7599,3587
22,2023,4,202304,0.224794156311517,0.257904161137879,0.517301682550604,0.482698317449396,2575904.38534374,2918,1271
23,2023,4,202304,0.210913854264421,0.247138477553877,0.541947668181702,0.458052331818298,7137967.22427782,5788,2576
24,2023,4,202304,0.211764620633069,0.24723159931934,0.541003780047591,0.458996219952409,2625017.81652814,2600,1037
25,2023,4,202304,0.222775527993007,0.249790542775764,0.527433929231229,0.472566070768771,3047294.70870294,3161,1343
26,2023,4,202304,0.199327378058396,0.231894075738386,0.568778546203218,0.431221453796782,7541033.21505669,4959,2082
27,2023,4,202304,0.238555498941015,0.24550774021516,0.515936760843824,0.484063239156176,2362713.06930695,4889,2198
28,2023,4,202304,0.198703664850802,0.261288523144016,0.540007812005182,0.459992187994818,1824548.72533109,2340,937
29,2023,4,202304,0.212301839756997,0.238036867822173,0.549661292420831,0.450338707579169,11384796.6073337,5624,2141
31,2023,4,202304,0.190321679711356,0.261333166459683,0.548345153828961,0.451654846171039,18067354.1457456,9442,3352
32,2023,4,202304,0.194009673462633,0.238633883702613,0.567356442834754,0.432643557165246,3218688.22144771,4594,1668
33,2023,4,202304,0.180959971397971,0.220146807852422,0.598893220749607,0.401106779250393,13799433.6910505,9001,3309
35,2023,4,202304,0.197386304449211,0.22577241547002,0.576841280080769,0.423158719919231,35550295.1236361,9608,3124
41,2023,4,202304,0.175853242506751,0.271715405379325,0.552431352113923,0.447568647886077,9821715.7547627,6724,2992
42,2023,4,202304,0.190606067165982,0.267153364067888,0.542240568766131,0.457759431233869,6292937.40354511,7836,3339
43,2023,4,202304,0.187887249968557,0.250780117096991,0.561332632934452,0.438667367065548,9628353.77886831,6739,2873
50,2023,4,202304,0.227393853820008,0.214491455170979,0.558114691009013,0.441885308990987,2207883.71337795,2726,981
51,2023,4,202304,0.225857792157492,0.221480113962444,0.552662093880065,0.447337906119936,2899604.2314053,3104,1200
52,2023,4,202304,0.208620992760647,0.238747067733945,0.552631939505408,0.447368060494592,6075589.18746896,4321,1547
53,2023,4,202304,0.199190890545323,0.203995968573481,0.596813140881197,0.403186859118803,2545426.72914546,2379,960
11,2023,5,202305,0.256614638070472,0.222461517067649,0.520923844861879,0.479076155138121,1348951.01899585,1978,912
12,2023,5,202305,0.244092102689376,0.238144294229488,0.517763603081136,0.482236396918864,614861.304979252,2196,1182
13,2023,5,202305,0.227629388750624,0.281064736757122,0.491305874492254,0.508694125507746,3159168.59328325,3358,1553
14,2023,5,202305,0.231826201039129,0.266444133795433,0.501729665165439,0.498270334834561,498817.611810907,1498,717
15,2023,5,202305,0.238965652426556,0.277391511561963,0.483642836011481,0.516357163988519,6549572.79371945,4482,2014
16,2023,5,202305,0.247014333644364,0.247481261154158,0.505504405201478,0.494495594798522,562863.571023777,1219,511
17,2023,5,202305,0.241997487372944,0.264259920542529,0.493742592084527,0.506257407915473,1230178.05971378,1699,659
21,2023,5,202305,0.237371966289877,0.239285857026764,0.523342176683358,0.476657823316642,5136467.42350446,7501,3572
22,2023,5,202305,0.212888123835122,0.235946776799236,0.551165099365643,0.448834900634357,2984383.47220048,2943,1309
23,2023,5,202305,0.217855242789304,0.25902161450837,0.523123142702326,0.476876857297674,7265791.49311721,5904,2412
24,2023,5,202305,0.210940538023042,0.244001098684229,0.545058363292729,0.454941636707271,3141721.29753026,2428,988
25,2023,5,202305,0.215158583514638,0.262338459912908,0.522502956572454,0.477497043427546,3423587.88169783,3300,1370
26,2023,5,202305,0.227924016951892,0.231267500715065,0.540808482333043,0.459191517666957,7117965.57417154,4735,1958
27,2023,5,202305,0.214920811152475,0.246490749982015,0.53858843886551,0.46141156113449,2266295.53344132,4628,2032
28,2023,5,202305,0.215308203749833,0.248935969723161,0.535755826527006,0.464244173472994,1804480.74274541,2229,951
29,2023,5,202305,0.21067889766142,0.243306754595052,0.546014347743528,0.453985652256472,10997717.4192213,5686,2160
31,2023,5,202305,0.193094686294258,0.264873048329646,0.542032265376096,0.457967734623904,17777205.3620127,9329,3198
32,2023,5,202305,0.178312741272373,0.246984798970192,0.574702459757435,0.425297540242565,3367463.05435069,4391,1533
33,2023,5,202305,0.185663716766681,0.21127102316227,0.603065260071049,0.396934739928951,14270438.081261,8624,3141
35,2023,5,202305,0.18881863410963,0.233846469783941,0.577334896106429,0.422665103893571,37331110.9929429,9537,3113
41,2023,5,202305,0.201181625127133,0.255323887877911,0.543494486994956,0.456505513005044,9382785.11317771,6385,2811
42,2023,5,202305,0.191724121984724,0.262327643280498,0.545948234734778,0.454051765265222,6118586.8474048,7883,3352
43,2023,5,202305,0.178496155391065,0.250305531235812,0.571198313373124,0.428801686626876,8764333.44035024,6592,2763
50,2023,5,202305,0.210888072202885,0.230851365336915,0.5582605624602,0.4417394375398,2187134.44646238,2442,890
51,2023,5,202305,0.224441858551099,0.205319368605636,0.570238772843265,0.429761227156735,2922277.15417257,3266,1297
52,2023,5,202305,0.21943491158097,0.225054741060251,0.555510347358779,0.444489652641221,5777354.443509,3942,1382
53,2023,5,202305,0.203791754592993,0.201582689311941,0.594625556095066,0.405374443904934,2444100.14835519,2374,974
11,2023,6,202306,0.262147825862308,0.232073582889634,0.505778591248058,0.494221408751942,1304600.91373927,2160,985
12,2023,6,202306,0.242316551102389,0.240506607005817,0.517176841891794,0.482823158108206,693541.778265895,2536,1315
13,2023,6,202306,0.235689156300738,0.2756531899353,0.488657653763962,0.511342346236038,3035353.00438387,3793,1752
14,2023,6,202306,0.234343164889693,0.269899081312891,0.495757753797416,0.504242246202584,436669.034518802,1376,638
15,2023,6,202306,0.237252988189412,0.29436599310987,0.468381018700718,0.531618981299282,6687380.48443162,4537,1956
16,2023,6,202306,0.240078270207371,0.268270585784467,0.491651144008162,0.508348855991838,632534.965620509,1032,451
17,2023,6,202306,0.238824501084653,0.263184209894437,0.497991289020911,0.502008710979089,1037923.10849951,1733,652
21,2023,6,202306,0.228281443978252,0.263796195276808,0.507922360744939,0.492077639255061,4965021.44036548,7439,3424
22,2023,6,202306,0.217070989023886,0.248597067465612,0.534331943510501,0.465668056489499,2650893.79755918,2993,1321
23,2023,6,202306,0.220071587581119,0.252757376742744,0.527171035676138,0.472828964323862,7390040.59593582,5912,2580
24,2023,6,202306,0.203494670433129,0.240992928969848,0.555512400597023,0.444487599402977,2645671.01568073,2560,1136
25,2023,6,202306,0.227819979413558,0.246991212739646,0.525188807846796,0.474811192153204,3212894.67252589,3176,1359
26,2023,6,202306,0.232440040846818,0.220348723367048,0.547211235786134,0.452788764213866,7757684.46204341,5179,2161
27,2023,6,202306,0.224450078561468,0.251917620115373,0.523632301323158,0.476367698676842,2603041.89259683,5044,2268
28,2023,6,202306,0.237071888989846,0.244552491132808,0.518375619877346,0.481624380122654,1754046.32553149,2286,941
29,2023,6,202306,0.219338219218043,0.229839874489057,0.5508219062929,0.4491780937071,11811585.4744873,5935,2260
31,2023,6,202306,0.186463614104619,0.264049408696275,0.549486977199106,0.450513022800894,17079360.1588556,9774,3385
32,2023,6,202306,0.187104228059574,0.250920482551691,0.561975289388735,0.438024710611265,3288137.38853701,4584,1647
33,2023,6,202306,0.185465785877765,0.222889674683862,0.591644539438373,0.408355460561627,14001638.7141905,9185,3322
35,2023,6,202306,0.183545431564193,0.239167483977501,0.577287084458306,0.422712915541694,37289059.8243895,9886,3318
41,2023,6,202306,0.19055558480996,0.271413877626281,0.538030537563759,0.461969462436241,9333142.10887603,7063,3092
42,2023,6,202306,0.194478693721439,0.270363562154705,0.535157744123856,0.464842255876144,6328797.11116067,7886,3417
43,2023,6,202306,0.188079736531703,0.256338395707513,0.555581867760785,0.444418132239215,9083207.77158773,6939,2872
50,2023,6,202306,0.219099070381664,0.234617751689959,0.546283177928376,0.453716822071624,2202988.71170843,2744,1045
51,2023,6,202306,0.215323192735674,0.228034020204986,0.55664278705934,0.44335721294066,2836302.1063029,3319,1210
52,2023,6,202306,0.221356607314526,0.225081897696325,0.55356149498915,0.44643850501085,5790870.08491315,4148,1440
53,2023,6,202306,0.203672748355842,0.188526881779314,0.607800369864844,0.392199630135156,2411609.4631513,2528,1003
11,2023,7,202307,0.229897644701955,0.258229424997205,0.511872930300841,0.488127069699159,1428426.00269593,2070,936
12,2023,7,202307,0.243273191257274,0.233554292981682,0.523172515761044,0.476827484238956,643312.873132713,2328,1271
13,2023,7,202307,0.238325762423064,0.279556903267778,0.482117334309158,0.517882665690842,3165109.65130269,3494,1582
14,2023,7,202307,0.235233510328823,0.254705300476314,0.510061189194863,0.489938810805137,408223.922461623,1309,570
15,2023,7,202307,0.233468565682646,0.266128357317016,0.500403077000337,0.499596922999663,7232196.53526909,4429,1936
16,2023,7,202307,0.238569999161238,0.275125563262996,0.486304437575766,0.513695562424234,660531.62338215,997,420
17,2023,7,202307,0.241279708964102,0.268074011397762,0.490646279638137,0.509353720361863,1198468.39770911,2021,773
21,2023,7,202307,0.236642966259702,0.256095476744388,0.507261556995909,0.492738443004091,5084099.2191986,7699,3634
22,2023,7,202307,0.23174163569523,0.260448305701767,0.507810058603003,0.492189941396997,2690820.02761028,2958,1225
23,2023,7,202307,0.215111666922668,0.247608728014293,0.537279605063039,0.462720394936961,7272405.96244497,6116,2589
24,2023,7,202307,0.214392327587192,0.229116080870439,0.556491591542369,0.443508408457631,2688257.0543449,2607,1058
25,2023,7,202307,0.216516440666219,0.265206273301759,0.518277286032022,0.481722713967978,3121608.67853173,3210,1329
26,2023,7,202307,0.2185754620123,0.238098028517543,0.543326509470156,0.456673490529844,7528081.76945534,5014,2123
27,2023,7,202307,0.230928434782675,0.243122996645908,0.525948568571417,0.474051431428583,2394328.61543731,4950,2294
28,2023,7,202307,0.216757568836552,0.24488535042651,0.538357080736938,0.461642919263062,1840420.29941133,2415,948
29,2023,7,202307,0.227863057753541,0.235699892512092,0.536437049734367,0.463562950265633,11898498.6616049,5849,2144
31,2023,7,202307,0.186917553606785,0.26415893945907,0.548923506934145,0.451076493065855,17780714.7786183,9468,3276
32,2023,7,202307,0.191830216590178,0.253218627639578,0.554951155770244,0.445048844229756,3261733.55309216,4679,1712
33,2023,7,202307,0.180975621710969,0.218241024425042,0.600783353863989,0.399216646136011,13594489.4117697,9338,3342
35,2023,7,202307,0.194485688863559,0.233283275554039,0.572231035582402,0.427768964417598,36153097.6354367,10145,3326
41,2023,7,202307,0.188208980869675,0.268079564961837,0.543711454168488,0.456288545831512,9380294.60112865,6770,3003
42,2023,7,202307,0.192712638993667,0.276716809419549,0.530570551586784,0.469429448413216,6343499.96850797,7959,3408
43,2023,7,202307,0.183474992286584,0.25525369159613,0.561271316117286,0.438728683882714,9331776.05166073,6847,2824
50,2023,7,202307,0.220590893011905,0.214282940334703,0.565126166653392,0.434873833346608,2180798.20893183,2745,977
51,2023,7,202307,0.21373654119595,0.215289438423594,0.570974020380456,0.429025979619544,3072968.33384902,3252,1265
52,2023,7,202307,0.213647332351571,0.236968654799757,0.549384012848671,0.450615987151329,6017986.08146499,4338,1544
53,2023,7,202307,0.191972924461395,0.214242586107249,0.593784489431357,0.406215510568643,2367100.75501024,2343,943
11,2023,8,202308,0.245596435089248,0.218310397598581,0.536093167312171,0.463906832687829,1315335.66468934,2025,965
12,2023,8,202308,0.238198515955387,0.239497605454667,0.522303878589946,0.477696121410054,612722.055478079,2279,1183
13,2023,8,202308,0.231988214826325,0.286841920058836,0.481169865114839,0.518830134885161,3160307.18021794,3348,1558
14,2023,8,202308,0.21847235573799,0.272632312156034,0.508895332105976,0.491104667894024,500483.410555715,1486,683
15,2023,8,202308,0.232690052557148,0.271126443745821,0.496183503697031,0.503816496302969,6441973.32167179,4503,1963
16,2023,8,202308,0.222015475810611,0.235822745375837,0.542161778813552,0.457838221186448,585507.238762393,1228,530
17,2023,8,202308,0.251555691233005,0.242585389751991,0.505858919015004,0.494141080984996,1250362.31323853,1792,705
21,2023,8,202308,0.226079393961872,0.267651797153341,0.506268808884788,0.493731191115212,5213783.97164355,7558,3481
22,2023,8,202308,0.208192133670192,0.262812784804337,0.528995081525471,0.471004918474529,2857601.25666892,2978,1271
23,2023,8,202308,0.221005782703599,0.244565621240094,0.534428596056307,0.465571403943693,7299686.13389232,5937,2456
24,2023,8,202308,0.214373384491296,0.25471094838859,0.530915667120114,0.469084332879886,3017275.13645276,2505,1038
25,2023,8,202308,0.223302847075711,0.261552034989562,0.515145117934727,0.484854882065274,3408825.17598863,3360,1363
26,2023,8,202308,0.211145013090949,0.244473646587142,0.544381340321909,0.455618659678091,7238804.57019987,4950,2070
27,2023,8,202308,0.22965932808095,0.242040831496973,0.528299840422077,0.471700159577923,2282158.34369327,4775,2077
28,2023,8,202308,0.217792121433303,0.261998003026415,0.520209875540281,0.479790124459719,1842932.17478669,2322,951
29,2023,8,202308,0.207321257936988,0.259700623109264,0.532978118953748,0.467021881046252,10914454.7457943,5815,2243
31,2023,8,202308,0.193626397716388,0.258454182894877,0.547919419388736,0.452080580611265,17370746.9872578,9412,3271
32,2023,8,202308,0.172161800962761,0.25335543542542,0.574482763611819,0.425517236388181,3346284.85110555,4462,1568
33,2023,8,202308,0.188524690442499,0.205733419542414,0.605741890015087,0.394258109984913,14479200.7499423,8898,3277
35,2023,8,202308,0.190039141280414,0.238100785513119,0.571860073206468,0.428139926793533,37556398.7269815,9857,3128
41,2023,8,202308,0.189368141172575,0.257847712946783,0.552784145880642,0.447215854119358,9567405.53286672,6370,2804
42,2023,8,202308,0.187927713528298,0.273350979004313,0.53872130746739,0.461278692532611,6176423.32521528,7871,3345
43,2023,8,202308,0.180289392184323,0.243830266235852,0.575880341579824,0.424119658420176,8711924.67977939,6529,2760
50,2023,8,202308,0.214945724365707,0.218093736652609,0.566960538981684,0.433039461018316,2185246.01839824,2454,933
51,2023,8,202308,0.210472422898388,0.21106486923258,0.578462707869032,0.421537292130968,2830381.23419871,3276,1330
52,2023,8,202308,0.215753843309971,0.213268479040037,0.570977677649992,0.429022322350008,5964965.37847114,3995,1419
53,2023,8,202308,0.202989019362858,0.182988197200789,0.614022783436352,0.385977216563648,2436818.19571998,2371,979
11,2023,9,202309,0.24623499060056,0.231859714491605,0.521905294907835,0.478094705092165,1372100.00290959,2135,963
12,2023,9,202309,0.228534870834363,0.264910999193522,0.506554129972115,0.493445870027885,678518.450857454,2484,1282
13,2023,9,202309,0.250743426419379,0.266698889697129,0.482557683883492,0.517442316116508,3066246.85547757,3701,1797
14,2023,9,202309,0.246948567592941,0.258672501531369,0.494378930875691,0.50562106912431,448835.042341545,1400,608
15,2023,9,202309,0.237579244722009,0.299575479375905,0.462845275902086,0.537154724097914,6506219.33329165,4601,2001
16,2023,9,202309,0.254718110645843,0.263265418245184,0.482016471108973,0.517983528891027,607124.614469193,1032,447
17,2023,9,202309,0.238878714517097,0.25890105556759,0.502220229915314,0.497779770084687,1077395.50804457,1745,657
21,2023,9,202309,0.231932485135511,0.268333451025042,0.499734063839446,0.500265936160554,4804448.99467597,7334,3331
22,2023,9,202309,0.218078403540881,0.255056443807028,0.526865152652091,0.473134847347909,2659474.33243886,2963,1267
23,2023,9,202309,0.22194398367418,0.248386039107459,0.529669977218361,0.470330022781639,7392566.42288093,5868,2449
24,2023,9,202309,0.197201462057061,0.25656281484869,0.546235723094249,0.453764276905751,2710287.24775925,2670,1174
25,2023,9,202309,0.217631744430722,0.240696182280089,0.541672073289189,0.458327926710811,3148447.35389122,3148,1342
26,2023,9,202309,0.218537522264798,0.22323507941822,0.558227398316982,0.441772601683018,7766902.25915331,5300,2260
27,2023,9,202309,0.228050883599828,0.249864573322546,0.522084543077626,0.477915456922374,2677319.51891565,5096,2266
28,2023,9,202309,0.238680602911879,0.248131479195677,0.513187917892444,0.486812082107556,1782826.11236437,2363,936
29,2023,9,202309,0.219037142650665,0.243211517619853,0.537751339729482,0.462248660270518,11889570.2045417,6067,2305
31,2023,9,202309,0.183026915250522,0.25780588059068,0.559167204158798,0.440832795841202,17566445.0224059,9988,3449
32,2023,9,202309,0.191125949959124,0.255934425846799,0.552939624194076,0.447060375805924,3292573.18076852,4599,1690
33,2023,9,202309,0.178422304921975,0.223497182860621,0.598080512217404,0.401919487782596,13793932.5849101,9327,3420
35,2023,9,202309,0.185439605999691,0.235625199495124,0.578935194505185,0.421064805494815,37018324.018229,10105,3393
41,2023,9,202309,0.190028985790048,0.255703774497279,0.554267239712673,0.445732760287327,9365441.03197375,7072,3235
42,2023,9,202309,0.194376429958527,0.25856499821236,0.547058571829114,0.452941428170887,6380419.03668221,7827,3335
43,2023,9,202309,0.17824284729177,0.257283066361744,0.564474086346485,0.435525913653515,9296224.63596664,6955,2920
50,2023,9,202309,0.214981401788145,0.210442247541219,0.574576350670636,0.425423649329364,2194132.08825395,2725,984
51,2023,9,202309,0.207964492478173,0.205359659143571,0.586675848378256,0.413324151621744,2924046.97852011,3285,1269
52,2023,9,202309,0.225315514921259,0.217047685763337,0.557636799315403,0.442363200684597,5862642.5033844,4109,1436
53,2023,9,202309,0.216101678635402,0.184488814803264,0.599409506561334,0.400590493438666,2577443.69015368,2546,1019
11,2023,10,202310,0.247017874933011,0.229401960229494,0.523580164837495,0.476419835162505,1423782.57490731,1979,928
12,2023,10,202310,0.227961397337851,0.257769933315669,0.51426866934648,0.48573133065352,661103.539998114,2350,1287
13,2023,10,202310,0.230488024832754,0.268029716277632,0.501482258889614,0.498517741110386,3137156.20252011,3311,1524
14,2023,10,202310,0.240117136601404,0.284065621406695,0.475817241991901,0.524182758008099,415909.019677903,1390,578
15,2023,10,202310,0.232936263842473,0.272040389520728,0.495023346636799,0.504976653363201,7081205.45060044,4353,1898
16,2023,10,202310,0.212022392258038,0.24306660213223,0.544911005609733,0.455088994390268,665355.728382802,1013,438
17,2023,10,202310,0.251930691484343,0.254432444348021,0.493636864167635,0.506363135832365,1189197.63262209,2054,778
21,2023,10,202310,0.241158388840213,0.253610923180445,0.505230687979343,0.494769312020657,5047305.46220215,7352,3291
22,2023,10,202310,0.221278345002824,0.276407998343442,0.502313656653734,0.497686343346266,2657987.06668831,2806,1192
23,2023,10,202310,0.207110136731378,0.25397441310677,0.538915450161851,0.461084549838149,7197019.67975912,5884,2489
24,2023,10,202310,0.217808636007639,0.233258318993647,0.548933044998714,0.451066955001286,2637197.02744279,2539,1075
25,2023,10,202310,0.202799297502081,0.27286961898768,0.524331083510239,0.475668916489761,3139525.53343215,3250,1290
26,2023,10,202310,0.202250171460261,0.236900100054575,0.560849728485164,0.439150271514836,7457324.06687519,5059,2115
27,2023,10,202310,0.195735268223714,0.25617590714309,0.548088824633197,0.451911175366804,2376682.73633626,4849,2157
28,2023,10,202310,0.21331277287295,0.253385066345721,0.533302160781329,0.466697839218671,1778406.66930418,2292,918
29,2023,10,202310,0.21655419638913,0.245741422170024,0.537704381440846,0.462295618559154,12270675.685565,6021,2283
31,2023,10,202310,0.185024073520349,0.265619315631088,0.549356610848563,0.450643389151437,17803695.3065759,9542,3290
32,2023,10,202310,0.18769545805797,0.256573988652989,0.55573055328904,0.44426944671096,3249429.31842469,4606,1684
33,2023,10,202310,0.185500221257281,0.21690471516964,0.59759506357308,0.40240493642692,13825727.1564951,9575,3477
35,2023,10,202310,0.192163182215242,0.231728771468299,0.576108046316459,0.423891953683541,36138585.8827922,10164,3308
41,2023,10,202310,0.184858380931868,0.259833564999741,0.555308054068392,0.444691945931608,9152799.78446247,6374,2826
42,2023,10,202310,0.181070538808389,0.276774007553709,0.542155453637902,0.457844546362098,6364558.30305771,7692,3241
43,2023,10,202310,0.181124499232977,0.259887042481035,0.558988458285988,0.441011541714012,9349670.40169089,6777,2766
50,2023,10,202310,0.221110657499051,0.218812133769545,0.560077208731404,0.439922791268596,2172445.79105024,2694,954
51,2023,10,202310,0.217575768998786,0.212158442305566,0.570265788695648,0.429734211304352,3057592.91528794,3255,1151
52,2023,10,202310,0.208800860122772,0.224503985100802,0.566695154776425,0.433304845223575,6193137.76384164,4281,1467
53,2023,10,202310,0.192849984751225,0.203738453254757,0.603411561994018,0.396588438005982,2335858.81545612,2335,965
11,2023,11,202311,0.212948432801185,0.238703552643631,0.548348014555184,0.451651985444816,1337406.31446969,2012,979
12,2023,11,202311,0.244698672861756,0.250514466654649,0.504786860483596,0.495213139516404,609035.538137462,2201,1174
13,2023,11,202311,0.230996950451882,0.283554214980922,0.485448834567196,0.514551165432804,3212351.53841732,3284,1573
14,2023,11,202311,0.22804342264649,0.28855839490452,0.48339818244899,0.51660181755101,504134.812405758,1454,646
15,2023,11,202311,0.232172976629533,0.282009822721996,0.485817200648471,0.514182799351529,6544690.33555321,4592,1939
16,2023,11,202311,0.234898893191085,0.218801103209125,0.54630000359979,0.45369999640021,575739.985494442,1168,498
17,2023,11,202311,0.244398702391313,0.256568608668808,0.499032688939879,0.500967311060121,1240874.46326049,1791,704
21,2023,11,202311,0.229321620897289,0.272487803495314,0.498190575607397,0.501809424392603,5170071.271946,7482,3445
22,2023,11,202311,0.203344907063697,0.250238035084467,0.546417057851836,0.453582942148164,2821982.12775565,2932,1226
23,2023,11,202311,0.210786155898386,0.25239741034964,0.536816433751974,0.463183566248026,7376258.50955103,5950,2457
24,2023,11,202311,0.206983812505501,0.251390607522084,0.541625579972415,0.458374420027585,3007466.51918949,2487,1040
25,2023,11,202311,0.216975781553703,0.256454241230712,0.526569977215585,0.473430022784416,3313732.67023099,3368,1358
26,2023,11,202311,0.223202015361475,0.260247549420859,0.516550435217666,0.483449564782335,7509258.76766286,5062,2094
27,2023,11,202311,0.224149455684702,0.237588125520386,0.538262418794913,0.461737581205088,2317929.97257362,4905,2131
28,2023,11,202311,0.225121966347199,0.268666581016508,0.506211452636294,0.493788547363706,1868101.42316997,2319,969
29,2023,11,202311,0.214985022062302,0.245438829656707,0.539576148280991,0.460423851719009,10975613.5579514,5683,2226
31,2023,11,202311,0.197391376233457,0.252552006148634,0.55005661761791,0.44994338238209,17338923.8472823,9446,3209
32,2023,11,202311,0.177275593879994,0.254295606117236,0.56842880000277,0.43157119999723,3391009.1540621,4535,1614
33,2023,11,202311,0.184427879974291,0.227227573122906,0.588344546902803,0.411655453097197,14651584.565233,8989,3221
35,2023,11,202311,0.184647885042365,0.241751955776588,0.573600159181047,0.426399840818953,37379264.6657631,9660,3099
41,2023,11,202311,0.185355229432243,0.275082049939445,0.539562720628312,0.460437279371688,9684001.97155684,6383,2705
42,2023,11,202311,0.187625189846616,0.274672499451181,0.537702310702203,0.462297689297797,6242046.88134488,7735,3297
43,2023,11,202311,0.18444886060695,0.246327123782712,0.569224015610338,0.430775984389662,8489264.43683535,6445,2643
50,2023,11,202311,0.20383534482383,0.230788484574006,0.565376170602164,0.434623829397836,2203154.55106203,2474,925
51,2023,11,202311,0.206522439065311,0.212686076068932,0.580791484865757,0.419208515134243,2913298.18238628,3282,1213
52,2023,11,202311,0.214154759107433,0.228311959460782,0.557533281431785,0.442466718568215,5880839.26655675,3978,1402
53,2023,11,202311,0.191858305967848,0.189731221354128,0.618410472678024,0.381589527321976,2479632.61938808,2396,971
11,2023,12,202312,0.235039175408163,0.226224651468012,0.538736173123826,0.461263826876174,1396090.18009893,2062,934
12,2023,12,202312,0.238824156215034,0.253065150218436,0.508110693566529,0.491889306433471,675033.060355491,2446,1306
13,2023,12,202312,0.237634800993,0.270717887041441,0.491647311965559,0.508352688034441,3074503.22618657,3565,1733
14,2023,12,202312,0.255584945271396,0.258260386534853,0.48615466819375,0.51384533180625,443041.33473038,1377,571
15,2023,12,202312,0.240854851420926,0.291069383940325,0.468075764638748,0.531924235361252,6234593.91740982,4203,1786
16,2023,12,202312,0.248054820985239,0.258487515155739,0.493457663859022,0.506542336140979,604782.893070352,1044,444
17,2023,12,202312,0.24064511341817,0.235359807149641,0.523995079432189,0.476004920567811,1124524.39305393,1710,645
21,2023,12,202312,0.224809758474761,0.263814620248297,0.511375621276943,0.488624378723057,4899910.30949946,7137,3284
22,2023,12,202312,0.217581596654311,0.234620216631617,0.547798186714072,0.452201813285928,2718739.40178642,2906,1287
23,2023,12,202312,0.222435161754359,0.256594109403675,0.520970728841966,0.479029271158034,7431120.11634515,5760,2387
24,2023,12,202312,0.196175790217998,0.244460878599288,0.559363331182715,0.440636668817285,2708611.00505226,2589,1138
25,2023,12,202312,0.230040837897465,0.233137680028921,0.536821482073615,0.463178517926385,3319152.45208935,3269,1376
26,2023,12,202312,0.215767115256374,0.234828768691832,0.549404116051794,0.450595883948206,7780791.89946994,5121,2158
27,2023,12,202312,0.212502022361695,0.257000826403757,0.530497151234548,0.469502848765452,2676101.42206992,5107,2286
28,2023,12,202312,0.225242463110094,0.243762846415172,0.530994690474734,0.469005309525266,1734756.84754242,2290,931
29,2023,12,202312,0.203365661534267,0.247568327282594,0.549066011183139,0.450933988816861,11666912.568113,5963,2253
31,2023,12,202312,0.177885715352774,0.264338295465817,0.557775989181408,0.442224010818592,17508237.5166735,9882,3414
32,2023,12,202312,0.189046186123655,0.255176784803282,0.555777029073063,0.444222970926937,3256507.79984654,4374,1551
33,2023,12,202312,0.17543344556038,0.232758743230567,0.591807811209053,0.408192188790947,13777590.955708,9368,3330
35,2023,12,202312,0.182900829739159,0.236431318763046,0.580667851497796,0.419332148502204,37470653.0059178,9976,3285
41,2023,12,202312,0.190025150441026,0.263729195224644,0.54624565433433,0.45375434566567,9480041.99290608,6935,3032
42,2023,12,202312,0.198886657027776,0.260796252510871,0.540317090461353,0.459682909538647,6390965.85991253,7612,3258
43,2023,12,202312,0.178557655086797,0.259005585134259,0.562436759778944,0.437563240221056,9274070.00367727,6816,2859
50,2023,12,202312,0.208438339099832,0.227607712911377,0.563953947988791,0.436046052011209,2298369.48431645,2652,989
51,2023,12,202312,0.1939870372113,0.225206939356691,0.580806023432009,0.419193976567991,2846993.02958738,3220,1194
52,2023,12,202312,0.210490612458996,0.236384147449303,0.553125240091701,0.446874759908299,5889756.29149264,4074,1498
53,2023,12,202312,0.183313359886053,0.183246648398867,0.63343999171508,0.36656000828492,2623366.10979209,2480,979
11,2024,1,202401,0.256261567466111,0.221965480930128,0.521772951603761,0.478227048396239,1432355.69853574,1948,882
12,2024,1,202401,0.2184200798224,0.238678198049651,0.542901722127949,0.457098277872051,651735.770224203,2321,1293
13,2024,1,202401,0.212398130730295,0.268188633168004,0.519413236101701,0.480586763898299,3051361.14393832,3339,1613
14,2024,1,202401,0.247381195300259,0.263866126776386,0.488752677923355,0.511247322076645,432549.763195174,1459,644
15,2024,1,202401,0.235025453812816,0.2524282270427,0.512546319144485,0.487453680855515,7139773.52387876,4330,1925
16,2024,1,202401,0.21803975165411,0.24855756070148,0.533402687644409,0.466597312355591,650215.873436473,1021,472
17,2024,1,202401,0.243123916552711,0.255093903081721,0.501782180365568,0.498217819634432,1215091.12542458,2067,847
21,2024,1,202401,0.229318993662976,0.245155709569677,0.525525296767347,0.474474703232653,4936831.77291674,7406,3451
22,2024,1,202401,0.232032447004057,0.26658853775167,0.501379015244273,0.498620984755727,2769562.49700443,2975,1249
23,2024,1,202401,0.219627516367013,0.242459102518788,0.537913381114199,0.462086618885802,7368526.17653271,6029,2606
24,2024,1,202401,0.219152899877382,0.238682015840326,0.542165084282292,0.457834915717708,2726941.11347178,2718,1166
25,2024,1,202401,0.222137781256528,0.247343898175265,0.530518320568207,0.469481679431793,3135225.47054872,3366,1359
26,2024,1,202401,0.215578785669694,0.248024879315141,0.536396335015165,0.463603664984835,7507216.83580916,5171,2150
27,2024,1,202401,0.220107037130128,0.239236336012663,0.540656626857209,0.459343373142791,2380591.38536875,4849,2220
28,2024,1,202401,0.212071580139501,0.257155877232572,0.530772542627927,0.469227457372073,1813375.28046777,2346,936
29,2024,1,202401,0.200150093629218,0.242484378293553,0.557365528077229,0.442634471922771,12112443.0094528,5917,2270
31,2024,1,202401,0.187103347146653,0.252489773397962,0.560406879455385,0.439593120544615,17683324.6613001,9586,3304
32,2024,1,202401,0.183713750100407,0.248443531272289,0.567842718627304,0.432157281372696,3304213.13345044,4666,1678
33,2024,1,202401,0.176103413629155,0.219149387494782,0.604747198876063,0.395252801123937,14099987.1868551,9696,3523
35,2024,1,202401,0.181600732812781,0.232332979871824,0.586066287315394,0.413933712684606,36347643.3878631,10483,3514
41,2024,1,202401,0.182529122086471,0.263726266673877,0.553744611239652,0.446255388760348,9180085.09530066,6721,2936
42,2024,1,202401,0.18096699133834,0.268078113142673,0.550954895518987,0.449045104481013,6429590.19510935,7942,3350
43,2024,1,202401,0.182522104303001,0.249205943200093,0.568271952496906,0.431728047503094,9482283.33163471,7079,2877
50,2024,1,202401,0.205964585788352,0.216530805594839,0.57750460861681,0.42249539138319,2158082.31320236,2720,976
51,2024,1,202401,0.211855376372512,0.207744809636222,0.580399813991266,0.419600186008734,2934740.11171945,3188,1149
52,2024,1,202401,0.20309798871886,0.221863595671575,0.575038415609565,0.424961584390436,6095513.27423267,4405,1560
53,2024,1,202401,0.196132097981017,0.198935867379117,0.604932034639866,0.395067965360134,2338172.56447051,2298,929
11,2024,2,202402,0.244806145698121,0.238306136614683,0.516887717687196,0.483112282312804,1390548.76730946,2008,916
12,2024,2,202402,0.259439738264957,0.223081902073682,0.517478359661362,0.482521640338639,633913.480968891,2295,1232
13,2024,2,202402,0.235966415228604,0.282591286675552,0.481442298095844,0.518557701904156,3243408.00389267,3317,1593
14,2024,2,202402,0.22111680589863,0.284623980249847,0.494259213851523,0.505740786148477,485880.58200635,1384,628
15,2024,2,202402,0.222424471101284,0.271189265254354,0.506386263644362,0.493613736355638,6517374.50230074,4661,2100
16,2024,2,202402,0.256199134871788,0.227166886574244,0.516633978553968,0.483366021446032,551038.915002615,1177,518
17,2024,2,202402,0.230931610312203,0.23845360713915,0.530614782548646,0.469385217451354,1230152.5564818,1758,701
21,2024,2,202402,0.217853936937982,0.244871859926978,0.53727420313504,0.46272579686496,5085904.65160748,7487,3616
22,2024,2,202402,0.21973021907933,0.230202674950411,0.550067105970259,0.449932894029741,2679443.03172821,2888,1242
23,2024,2,202402,0.21262433189177,0.261111441192926,0.526264226915303,0.473735773084697,7374631.23783994,6035,2547
24,2024,2,202402,0.196215704832175,0.228002750301091,0.575781544866734,0.424218455133266,2975458.71085077,2489,1046
25,2024,2,202402,0.229930811378561,0.257327931936108,0.512741256685331,0.487258743314669,3242753.16868735,3313,1349
26,2024,2,202402,0.213494995068974,0.24639206551086,0.540112939420166,0.459887060579834,7299675.19627601,5078,2091
27,2024,2,202402,0.218111592318307,0.24931748480329,0.532570922878403,0.467429077121597,2322604.52738704,4924,2178
28,2024,2,202402,0.238020103413249,0.258810512317975,0.503169384268776,0.496830615731224,1849311.88933908,2291,953
29,2024,2,202402,0.204574674757056,0.243239124610594,0.55218620063235,0.44781379936765,11472441.483415,5875,2293
31,2024,2,202402,0.194900000519126,0.252763428838849,0.552336570642025,0.447663429357975,17581803.9466814,9612,3293
32,2024,2,202402,0.182294110640968,0.251410274879405,0.566295614479627,0.433704385520373,3386552.62494395,4617,1635
33,2024,2,202402,0.188707387896011,0.220464503278699,0.59082810882529,0.40917189117471,14861125.9929324,9186,3238
35,2024,2,202402,0.197606510611853,0.222338410330458,0.58005507905769,0.41994492094231,36807850.457205,9820,3158
41,2024,2,202402,0.190999580973271,0.277977518649593,0.531022900377135,0.468977099622865,9459700.16331737,6756,2913
42,2024,2,202402,0.194684172973582,0.263895045226577,0.541420781799841,0.458579218200159,6322128.73483705,7849,3426
43,2024,2,202402,0.192859076206332,0.23114617186376,0.575994751929909,0.424005248070091,8551222.3867995,6752,2776
50,2024,2,202402,0.203004237926852,0.20618959644079,0.590806165632358,0.409193834367642,2211009.65961256,2502,939
51,2024,2,202402,0.226122504927886,0.201796433788878,0.572081061283236,0.427918938716764,3041499.91701543,3372,1253
52,2024,2,202402,0.207262405897235,0.230734526284873,0.562003067817892,0.437996932182108,6020455.22515082,4128,1491
53,2024,2,202402,0.191161929944257,0.192094525956796,0.616743544098947,0.383256455901053,2467585.14271082,2371,939
11,2024,3,202403,0.23849956311107,0.219182702248858,0.542317734640072,0.457682265359928,1338650.01593373,2071,894
12,2024,3,202403,0.234234093123631,0.240371462113298,0.525394444763071,0.474605555236929,675578.064479798,2539,1345
13,2024,3,202403,0.229471475748632,0.265825623415657,0.504702900835711,0.495297099164289,3045178.41888618,3594,1739
14,2024,3,202403,0.222998107747778,0.279407897567332,0.49759399468489,0.50240600531511,448228.101040555,1391,608
15,2024,3,202403,0.224964879794049,0.287951307956903,0.487083812249048,0.512916187750952,6225364.94863939,4343,1854
16,2024,3,202403,0.267045679772045,0.26573632482387,0.467217995404084,0.532782004595916,655449.887674522,1086,461
17,2024,3,202403,0.255528749441423,0.243049258088839,0.501421992469738,0.498578007530262,1150777.20561683,1748,701
21,2024,3,202403,0.230200863139293,0.240503396519118,0.529295740341589,0.470704259658411,5006405.03960439,7358,3454
22,2024,3,202403,0.227060984439069,0.243235210035529,0.529703805525402,0.470296194474598,2690502.35350077,3060,1294
23,2024,3,202403,0.222097992434985,0.251670092336998,0.526231915228017,0.473768084771983,7443894.15405086,5666,2401
24,2024,3,202403,0.192855197892365,0.236966862310949,0.570177939796686,0.429822060203314,2622831.24495813,2600,1076
25,2024,3,202403,0.232830820694111,0.234682207150702,0.532486972155188,0.467513027844812,3393196.89298478,3348,1413
26,2024,3,202403,0.202244022937501,0.237673201257314,0.560082775805184,0.439917224194816,7749180.85391806,5222,2170
27,2024,3,202403,0.21437264565445,0.244211037555812,0.541416316789738,0.458583683210263,2641910.30709775,5080,2235
28,2024,3,202403,0.209751426264413,0.254295203049273,0.535953370686315,0.464046629313685,1769402.771956,2335,894
29,2024,3,202403,0.202932869509139,0.242717516477881,0.554349614012981,0.445650385987019,11511910.5900867,5944,2206
31,2024,3,202403,0.180029874447491,0.260123430810621,0.559846694741888,0.440153305258112,17409971.8261201,9869,3380
32,2024,3,202403,0.20045999308205,0.245121530494828,0.554418476423122,0.445581523576878,3198813.49510548,4534,1573
33,2024,3,202403,0.181275405867964,0.224476887714928,0.594247706417109,0.405752293582892,13944207.551414,9613,3466
35,2024,3,202403,0.184657988382545,0.230434509182889,0.584907502434567,0.415092497565433,38292518.9245065,10294,3404
41,2024,3,202403,0.196252802677102,0.257599408632752,0.546147788690146,0.453852211309854,9482175.2041176,7237,3194
42,2024,3,202403,0.189413181674715,0.260626874618159,0.549959943707126,0.450040056292874,6402000.39908587,7935,3397
43,2024,3,202403,0.17759280808423,0.262069989670455,0.560337202245315,0.439662797754685,9163771.29641673,7047,2874
50,2024,3,202403,0.205225245290601,0.21131899278728,0.583455761922119,0.416544238077881,2252030.20248688,2840,1069
51,2024,3,202403,0.210367052418994,0.215536286579115,0.574096661001891,0.425903338998109,2832540.90649513,3288,1140
52,2024,3,202403,0.203704850093009,0.230869340666673,0.565425809240318,0.434574190759682,5869966.76118525,4177,1504
53,2024,3,202403,0.191375568808881,0.190473903299971,0.618150527891148,0.381849472108852,2584769.13176929,2523,992
11,2024,4,202404,0.269087909601326,0.21049031418095,0.520421776217724,0.479578223782276,1415623.25055473,2052,920
12,2024,4,202404,0.226957046540085,0.249830168097899,0.523212785362016,0.476787214637984,640480.571216774,2361,1272
13,2024,4,202404,0.226248107780338,0.274350717623548,0.499401174596114,0.500598825403886,3096456.81024899,3337,1555
14,2024,4,202404,0.261186316900997,0.283549756183745,0.455263926915258,0.544736073084742,457280.442898331,1450,576
15,2024,4,202404,0.246059805132148,0.264591895670138,0.489348299197715,0.510651700802285,7082394.27400667,4531,1954
16,2024,4,202404,0.245644909851342,0.256096259581994,0.498258830566664,0.501741169433336,672778.225279754,1058,477
17,2024,4,202404,0.246530770593616,0.254511865412034,0.49895736399435,0.50104263600565,1196433.9455372,2023,790
21,2024,4,202404,0.242093443184472,0.237650726439271,0.520255830376257,0.479744169623743,5056356.68568377,7606,3495
22,2024,4,202404,0.226738770518559,0.251972456388826,0.521288773092615,0.478711226907385,2816577.7134698,3100,1298
23,2024,4,202404,0.207776390492958,0.241153346479298,0.551070263027743,0.448929736972257,7307158.7708446,5618,2478
24,2024,4,202404,0.229336872918622,0.237591776806315,0.533071350275063,0.466928649724937,2883342.38201712,2721,1135
25,2024,4,202404,0.219166337884178,0.246986219209034,0.533847442906788,0.466152557093212,3181666.06714636,3395,1376
26,2024,4,202404,0.213474736162064,0.234881324273697,0.551643939564239,0.448356060435761,7477254.23793357,5312,2177
27,2024,4,202404,0.219233227968725,0.239479913855977,0.541286858175298,0.458713141824703,2457121.8707944,5037,2292
28,2024,4,202404,0.226467515660768,0.260041901312012,0.513490583027221,0.486509416972779,1829429.68841333,2374,946
29,2024,4,202404,0.213763120115745,0.233775072768652,0.552461807115603,0.447538192884397,11912849.340505,5897,2191
31,2024,4,202404,0.188355499967018,0.258483102521975,0.553161397511007,0.446838602488993,17854238.7202709,9545,3231
32,2024,4,202404,0.191971258295542,0.246251324979565,0.561777416724893,0.438222583275107,3289426.39276099,4683,1637
33,2024,4,202404,0.185631308089724,0.219500097567409,0.594868594342867,0.405131405657133,13833103.0645696,9703,3520
35,2024,4,202404,0.183598244535725,0.231374983780736,0.585026771683539,0.414973228316461,36124783.2089933,10559,3551
41,2024,4,202404,0.191317408583118,0.256720177526775,0.551962413890107,0.448037586109893,9311444.16068458,6759,2868
42,2024,4,202404,0.188022649471974,0.278477766610441,0.533499583917585,0.466500416082415,6636938.46127437,8336,3527
43,2024,4,202404,0.183283465484928,0.247567231818066,0.569149302697006,0.430850697302994,9595466.97951002,6545,2672
50,2024,4,202404,0.216063234768552,0.218173022235922,0.565763742995526,0.434236257004474,2216110.68734225,2780,986
51,2024,4,202404,0.204585625703899,0.212198704288126,0.583215670007975,0.416784329992025,2907111.41297323,3315,1183
52,2024,4,202404,0.202637014285281,0.227957325037034,0.569405660677684,0.430594339322316,6175334.95905507,4437,1567
53,2024,4,202404,0.199957952887181,0.200047274819205,0.599994772293614,0.400005227706386,2416751.52167202,2414,982
11,2024,5,202405,0.242626031559613,0.241414249685847,0.51595971875454,0.484040281245461,1391320.48606792,1997,913
12,2024,5,202405,0.239677301254663,0.238653550552856,0.521669148192481,0.478330851807519,629717.943795514,2404,1217
13,2024,5,202405,0.238265882838109,0.264916370698281,0.49681774646361,0.50318225353639,3253748.13297137,3347,1638
14,2024,5,202405,0.260456235391341,0.260802032470945,0.478741732137715,0.521258267862285,480292.964484474,1463,612
15,2024,5,202405,0.237778103369491,0.265110911634722,0.497110984995787,0.502889015004213,6470143.70677507,4658,2034
16,2024,5,202405,0.240276685428991,0.259395960753021,0.500327353817987,0.499672646182013,545695.360306367,1198,535
17,2024,5,202405,0.241580091752671,0.247368923444527,0.511050984802803,0.488949015197197,1277556.40463974,1888,746
21,2024,5,202405,0.234387950303655,0.247606377632959,0.518005672063386,0.481994327936614,5000800.29556165,7323,3386
22,2024,5,202405,0.224507900545977,0.239319326539025,0.536172772914998,0.463827227085002,2675763.29326408,2897,1232
23,2024,5,202405,0.214540300552209,0.251701435434549,0.533758264013241,0.466241735986759,7459064.56131312,5930,2491
24,2024,5,202405,0.208807652756732,0.23257588681717,0.558616460426097,0.441383539573903,2955015.72685785,2477,1027
25,2024,5,202405,0.220236877411652,0.251050642538955,0.528712480049393,0.471287519950607,3251195.1395471,3367,1334
26,2024,5,202405,0.219750418353106,0.245463464674184,0.53478611697271,0.46521388302729,7377892.86509425,5195,2117
27,2024,5,202405,0.241098600852142,0.25204051927795,0.506860879869907,0.493139120130093,2309484.22017247,4983,2204
28,2024,5,202405,0.231880404601513,0.259130986778004,0.508988608620484,0.491011391379517,1818801.55913395,2260,934
29,2024,5,202405,0.214837443737003,0.239846726869731,0.545315829393266,0.454684170606734,11652661.0231429,5788,2238
31,2024,5,202405,0.194596783655524,0.248945330096745,0.556457886247731,0.443542113752269,17540714.6107309,9766,3342
32,2024,5,202405,0.178101116849718,0.262463964541303,0.559434918608979,0.440565081391021,3389233.72289592,4647,1590
33,2024,5,202405,0.1894384510557,0.219471940502752,0.591089608441548,0.408910391558452,15127614.8928105,9411,3358
35,2024,5,202405,0.193899993898897,0.2310823274656,0.575017678635503,0.424982321364497,36691721.8753864,9929,3162
41,2024,5,202405,0.188647076842512,0.25827822558308,0.553074697574408,0.446925302425592,9198785.59248686,6837,2966
42,2024,5,202405,0.192633967567067,0.262384226512226,0.544981805920707,0.455018194079293,6320690.04262481,7979,3431
43,2024,5,202405,0.192424629205728,0.240491186187421,0.567084184606851,0.432915815393149,8693129.96251903,6247,2550
50,2024,5,202405,0.212161187470449,0.215231500672093,0.572607311857458,0.427392688142542,2221967.62830039,2569,950
51,2024,5,202405,0.21928302633854,0.205735241469277,0.574981732192183,0.425018267807817,3073353.27701462,3314,1232
52,2024,5,202405,0.199519401244581,0.218071495185855,0.582409103569564,0.417590896430436,5768750.3267719,4162,1507
53,2024,5,202405,0.183144029151614,0.188010030086845,0.628845940761541,0.371154059238459,2395400.57070147,2368,935
11,2024,6,202406,0.237800999331221,0.236235137219061,0.525963863449719,0.474036136550281,1311372.2287492,2036,881
12,2024,6,202406,0.251146590648091,0.237866972434363,0.510986436917546,0.489013563082454,679514.511579947,2412,1275
13,2024,6,202406,0.23259723049817,0.276149052857559,0.491253716644271,0.508746283355729,3102934.75575039,3613,1697
14,2024,6,202406,0.229635225490323,0.287017915398206,0.483346859111471,0.516653140888529,434076.879552026,1381,574
15,2024,6,202406,0.226746608076174,0.279163122924517,0.49409026899931,0.505909731000691,6308787.20610112,4301,1804
16,2024,6,202406,0.255603553316852,0.265909113552408,0.47848733313074,0.521512666869261,625042.442398975,1058,459
17,2024,6,202406,0.247836211835029,0.262331819451217,0.489831968713755,0.510168031286245,1172906.61963194,1802,710
21,2024,6,202406,0.226130862120959,0.258958252255788,0.514910885623253,0.485089114376747,5012670.83884374,7421,3410
22,2024,6,202406,0.221682798065678,0.247575432933189,0.530741769001133,0.469258230998867,2602409.93812915,3029,1284
23,2024,6,202406,0.229115439170989,0.240973992124693,0.529910568704318,0.470089431295682,7423091.52535531,5496,2371
24,2024,6,202406,0.194294222274466,0.239403883370877,0.566301894354658,0.433698105645342,2494676.0850482,2574,1034
25,2024,6,202406,0.229115888528404,0.234109275152361,0.536774836319235,0.463225163680765,3407359.32665368,3376,1411
26,2024,6,202406,0.222241170643185,0.233553337561985,0.54420549179483,0.45579450820517,7807036.02910166,5177,2112
27,2024,6,202406,0.221451201992361,0.246224125180686,0.532324672826953,0.467675327173047,2724119.29865715,5158,2281
28,2024,6,202406,0.22317330082947,0.225902962634916,0.550923736535614,0.449076263464386,1713931.15380961,2311,882
29,2024,6,202406,0.210332517662008,0.242587936781184,0.547079545556808,0.452920454443192,11786762.5219046,5951,2251
31,2024,6,202406,0.181987497316,0.257928479976704,0.560084022707296,0.439915977292704,17300824.8973526,9815,3274
32,2024,6,202406,0.193917980425525,0.259162245187335,0.546919774387141,0.45308022561286,3151127.46613,4470,1563
33,2024,6,202406,0.173564577668201,0.223174189649351,0.603261232682448,0.396738767317552,14079323.33944,9333,3324
35,2024,6,202406,0.191340667972324,0.228205342269468,0.580453989758208,0.419546010241793,38651301.4769291,10220,3400
41,2024,6,202406,0.19333045979362,0.256417912950222,0.550251627256157,0.449748372743843,9657294.62938792,7182,3179
42,2024,6,202406,0.190341032656507,0.257833884166616,0.551825083176877,0.448174916823123,6290472.33082935,7808,3351
43,2024,6,202406,0.178186323094482,0.251389734240698,0.570423942664821,0.429576057335179,9155599.00136373,6915,2808
50,2024,6,202406,0.219102459808874,0.196798807443859,0.584098732747267,0.415901267252733,2266416.99634373,2796,1056
51,2024,6,202406,0.198455376295999,0.223549314380725,0.577995309323276,0.422004690676724,2724225.79935926,3278,1136
52,2024,6,202406,0.207189228593852,0.226399019059887,0.566411752346262,0.433588247653738,5879062.0869817,4063,1418
53,2024,6,202406,0.191396112390954,0.186564081514695,0.62203980609435,0.37796019390565,2540059.81187099,2456,916
11,2024,7,202407,0.261735561418485,0.218164021341181,0.520100417240335,0.479899582759666,1449821.8635406,2168,965
12,2024,7,202407,0.240081475350365,0.256226229642364,0.503692295007271,0.496307704992729,629140.467613591,2344,1218
13,2024,7,202407,0.222279195989347,0.276838101136332,0.500882702874322,0.499117297125678,3154914.8448184,3344,1494
14,2024,7,202407,0.254760279544394,0.275582059445144,0.469657661010463,0.530342338989538,447700.540606947,1444,588
15,2024,7,202407,0.250423027278237,0.264628667358115,0.484948305363649,0.515051694636351,7059799.34382855,4449,1885
16,2024,7,202407,0.248060117693573,0.252143718076325,0.499796164230103,0.500203835769898,663341.062517571,1052,466
17,2024,7,202407,0.254358816537731,0.26386319150729,0.481777991954979,0.518222008045021,1210335.31095833,1997,745
21,2024,7,202407,0.235856725896181,0.254810882967664,0.509332391136154,0.490667608863846,5035509.29142369,7778,3486
22,2024,7,202407,0.22774793825691,0.265206071766482,0.507045989976608,0.492954010023392,2811285.95726591,3148,1317
23,2024,7,202407,0.210209927593757,0.240797172738899,0.548992899667344,0.451007100332656,7275079.95633023,5731,2442
24,2024,7,202407,0.218541918938681,0.235377143558064,0.546080937503255,0.453919062496745,2873736.82795581,2784,1167
25,2024,7,202407,0.233925086771388,0.237862872942739,0.528212040285873,0.471787959714127,3214211.80856604,3433,1329
26,2024,7,202407,0.209555464065337,0.229066036580892,0.56137849935377,0.43862150064623,7330612.60914632,5138,2098
27,2024,7,202407,0.221843623819439,0.239314842568664,0.538841533611897,0.461158466388103,2464833.19197712,5039,2280
28,2024,7,202407,0.223260768642701,0.237714773943633,0.539024457413666,0.460975542586334,1860290.9798286,2477,975
29,2024,7,202407,0.211338254617756,0.244064091201948,0.544597654180297,0.455402345819704,11905856.8940288,5948,2318
31,2024,7,202407,0.190830535422208,0.265707234985428,0.543462229592364,0.456537770407636,17798996.4394333,9512,3208
32,2024,7,202407,0.193554092967146,0.247861122017656,0.558584785015198,0.441415214984802,3237461.15448772,4701,1686
33,2024,7,202407,0.180845637331561,0.225306008423254,0.593848354245185,0.406151645754815,13969974.5082719,9601,3524
35,2024,7,202407,0.176534993322903,0.22843954903924,0.595025457637857,0.404974542362143,36587098.9487083,10677,3578
41,2024,7,202407,0.191011479957407,0.250250818514925,0.558737701527668,0.441262298472332,9408791.3294792,6758,2826
42,2024,7,202407,0.192892198173669,0.272946070427398,0.534161731398933,0.465838268601068,6674973.6949313,8140,3435
43,2024,7,202407,0.184477231889692,0.247926873416396,0.567595894693912,0.432404105306088,9367185.53635244,6993,2818
50,2024,7,202407,0.215407230170194,0.224081215455542,0.560511554374264,0.439488445625736,2197410.46562689,2827,1000
51,2024,7,202407,0.207693259977096,0.215702241331216,0.576604498691688,0.423395501308312,2811849.50478536,3259,1153
52,2024,7,202407,0.209453316333968,0.218704072928394,0.571842610737638,0.428157389262362,6189926.89317412,4502,1587
53,2024,7,202407,0.194280787966872,0.192654485790547,0.613064726242581,0.386935273757419,2408012.98823416,2232,952
11,2024,8,202408,0.251943148617534,0.22763807131052,0.520418780071946,0.479581219928054,1445617.09308475,1976,935
12,2024,8,202408,0.262100394513788,0.227733675796277,0.510165929689935,0.489834070310065,647854.273952109,2484,1207
13,2024,8,202408,0.231292644919698,0.268166021042969,0.500541334037333,0.499458665962667,3270409.04791133,3402,1617
14,2024,8,202408,0.251033304549824,0.262408375101507,0.486558320348668,0.513441679651332,510437.757239108,1440,601
15,2024,8,202408,0.236821194314921,0.273159437794481,0.490019367890597,0.509980632109403,6549900.69746835,4487,1898
16,2024,8,202408,0.235796112691104,0.265090004656929,0.499113882651967,0.500886117348034,538235.876886172,1192,549
17,2024,8,202408,0.246681554155037,0.242625166400327,0.510693279444636,0.489306720555364,1273825.17198094,1882,742
21,2024,8,202408,0.222740481838979,0.244446306224756,0.532813211936265,0.467186788063735,5045840.42123406,7444,3337
22,2024,8,202408,0.228790007741341,0.244775612059136,0.526434380199524,0.473565619800476,2627119.87556587,2847,1187
23,2024,8,202408,0.225550513947451,0.249337489579573,0.525111996472976,0.474888003527024,7499013.88877981,6170,2562
24,2024,8,202408,0.201383972395767,0.22045246167983,0.578163565924403,0.421836434075597,2958275.02963915,2425,1011
25,2024,8,202408,0.224939558823269,0.256356737477039,0.518703703699693,0.481296296300307,3250854.89900803,3292,1292
26,2024,8,202408,0.216751288389105,0.249459104773725,0.53378960683717,0.466210393162831,7570291.47381507,5240,2143
27,2024,8,202408,0.235859657035506,0.242588065681811,0.521552277282683,0.478447722717317,2325435.39737886,4916,2179
28,2024,8,202408,0.249626862887207,0.257328515343751,0.493044621769042,0.506955378230958,1737123.43934354,2169,864
29,2024,8,202408,0.208275890324355,0.248635648781601,0.543088460894044,0.456911539105956,11886447.4223673,5805,2229
31,2024,8,202408,0.190187735225716,0.249603491146821,0.560208773627464,0.439791226372536,17450893.4253153,9620,3269
32,2024,8,202408,0.179958416286992,0.251144948797092,0.568896634915916,0.431103365084084,3423399.92874751,4553,1606
33,2024,8,202408,0.189226717526669,0.224599726868419,0.586173555604912,0.413826444395088,14863172.9233996,9133,3293
35,2024,8,202408,0.191265096855118,0.227254713484404,0.581480189660478,0.418519810339522,36475843.3262961,9906,3219
41,2024,8,202408,0.194439936204677,0.269914579442487,0.535645484352836,0.464354515647164,9098222.71353786,6617,2830
42,2024,8,202408,0.194360642506514,0.257415201158798,0.548224156334688,0.451775843665313,6495500.11463244,8060,3438
43,2024,8,202408,0.196006632028597,0.252178930645788,0.551814437325616,0.448185562674384,8974121.39026199,6829,2758
50,2024,8,202408,0.20504249015914,0.208414690610174,0.586542819230686,0.413457180769314,2198252.06799245,2588,905
51,2024,8,202408,0.219782208426074,0.199077268556212,0.581140523017715,0.418859476982285,3241381.21727709,3336,1273
52,2024,8,202408,0.215227738280271,0.210034865766265,0.574737395953464,0.425262604046536,5754585.77914234,4078,1453
53,2024,8,202408,0.194485553391399,0.178030777674549,0.627483668934052,0.372516331065948,2373152.46085933,2307,933
11,2024,9,202409,0.2290817225171,0.246459573248462,0.524458704234438,0.475541295765562,1246155.32557866,1932,852
12,2024,9,202409,0.237877092331302,0.248669432792007,0.513453474876691,0.486546525123309,663133.621357177,2396,1209
13,2024,9,202409,0.22062547220001,0.276655946405156,0.502718581394834,0.497281418605166,3140681.61738297,3548,1627
14,2024,9,202409,0.240854004488124,0.266850946735133,0.492295048776743,0.507704951223257,428315.711217123,1370,577
15,2024,9,202409,0.237816541086079,0.295947451706451,0.46623600720747,0.533763992792531,6153380.16126763,4271,1772
16,2024,9,202409,0.24919241812931,0.251845404906421,0.498962176964269,0.501037823035731,613660.093116627,1055,459
17,2024,9,202409,0.238248845539285,0.266027685134852,0.495723469325863,0.504276530674137,1222643.50729093,1861,739
21,2024,9,202409,0.226070024751298,0.257104904836848,0.516825070411854,0.483174929588146,5097932.62461211,7530,3419
22,2024,9,202409,0.234612331332927,0.248913784674799,0.516473883992274,0.483526116007726,2571444.17551846,3003,1196
23,2024,9,202409,0.233430880561272,0.249308982754665,0.517260136684063,0.482739863315937,7416660.95322131,6016,2487
24,2024,9,202409,0.21600485722432,0.242569067379686,0.541426075395994,0.458573924604006,2596042.7596543,2631,1054
25,2024,9,202409,0.238750718741059,0.229957907391682,0.531291373867259,0.468708626132741,3347702.06573193,3296,1365
26,2024,9,202409,0.216794554374706,0.235973613637374,0.54723183198792,0.45276816801208,7990532.89948908,5170,2056
27,2024,9,202409,0.215173751770101,0.247049868440635,0.537776379789264,0.462223620210736,2700110.02382356,5172,2335
28,2024,9,202409,0.239336497298223,0.235572907309727,0.52509059539205,0.47490940460795,1765471.67987265,2349,933
29,2024,9,202409,0.205889310705035,0.242943214535467,0.551167474759497,0.448832525240503,11826428.0438341,5924,2201
31,2024,9,202409,0.181419349173457,0.254274027049207,0.564306623777336,0.435693376222664,17236763.473065,9692,3226
32,2024,9,202409,0.196831382127332,0.237306030782189,0.565862587090479,0.434137412909521,3219587.15409738,4456,1587
33,2024,9,202409,0.18254255654943,0.228364798505194,0.589092644945376,0.410907355054624,14195893.6878719,9416,3351
35,2024,9,202409,0.184787527288498,0.240011272350737,0.575201200360765,0.424798799639235,38581367.8312527,10025,3303
41,2024,9,202409,0.187998064564914,0.263822346696769,0.548179588738318,0.451820411261682,9765641.50974465,7157,3086
42,2024,9,202409,0.18913225856459,0.253392292013944,0.557475449421466,0.442524550578534,6278687.77579174,7857,3284
43,2024,9,202409,0.176908983418047,0.250631654980555,0.572459361601399,0.427540638398601,9249096.87758858,7080,2829
50,2024,9,202409,0.213898871045679,0.210544809208225,0.575556319746096,0.424443680253904,2280235.29772137,2826,1045
51,2024,9,202409,0.20625166009872,0.216556403336739,0.577191936564542,0.422808063435458,2720596.56744515,3155,1124
52,2024,9,202409,0.198008438818858,0.236083749739779,0.565907811441362,0.434092188558637,5812961.939807,4075,1516
53,2024,9,202409,0.185046419714571,0.179562808068243,0.635390772217186,0.364609227782814,2539925.57333191,2456,918
11,2024,10,202410,0.248788645576905,0.205559160982555,0.54565219344054,0.454347806559461,1460516.64223491,2084,933
12,2024,10,202410,0.220637209004816,0.266668667049849,0.512694123945335,0.487305876054665,621147.088886574,2243,1163
13,2024,10,202410,0.227292258302889,0.277079556509679,0.495628185187432,0.504371814812568,3200656.51776575,3253,1461
14,2024,10,202410,0.238351297305896,0.296979040730631,0.464669661963473,0.535330338036527,459718.876312823,1446,580
15,2024,10,202410,0.247623999836893,0.277723929809662,0.474652070353445,0.525347929646555,7102983.70489709,4357,1821
16,2024,10,202410,0.245082715386285,0.250401109487519,0.504516175126196,0.495483824873804,633531.295896079,1019,440
17,2024,10,202410,0.246431866196839,0.250423414199059,0.503144719604102,0.496855280395898,1181127.4960339,1992,740
21,2024,10,202410,0.235108658944679,0.24664048522813,0.518250855827191,0.481749144172809,5202748.06335246,7831,3472
22,2024,10,202410,0.226458067201209,0.27845888801488,0.495083044783911,0.504916955216089,2744188.2600154,3111,1278
23,2024,10,202410,0.215242636744102,0.236092175528504,0.548665187727395,0.451334812272605,7327552.48641916,5905,2517
24,2024,10,202410,0.234664012218197,0.23549109220216,0.529844895579643,0.470155104420357,2939106.20482789,2739,1137
25,2024,10,202410,0.221373452213849,0.243307805578472,0.53531874220768,0.464681257792321,3219995.58836815,3486,1347
26,2024,10,202410,0.216023820233214,0.235134426894905,0.548841752871881,0.451158247128119,7339408.32660756,5055,2059
27,2024,10,202410,0.225532842006704,0.240879741536908,0.533587416456388,0.466412583543612,2435453.80378397,5073,2200
28,2024,10,202410,0.206508674556727,0.259325776056523,0.53416554938675,0.46583445061325,1803786.65717816,2415,963
29,2024,10,202410,0.235110346790595,0.231893387913761,0.532996265295644,0.467003734704356,11624754.3404743,6023,2177
31,2024,10,202410,0.191931516941197,0.259701970444886,0.548366512613918,0.451633487386083,17766680.3192664,9423,3211
32,2024,10,202410,0.186620395265592,0.229062267860415,0.584317336873993,0.415682663126007,3260153.01894032,4565,1599
33,2024,10,202410,0.186612795208784,0.225831836337739,0.587555368453478,0.412444631546522,14037948.6217408,9309,3419
35,2024,10,202410,0.179777613259634,0.235063014766909,0.585159371973457,0.414840628026543,36779900.3782742,10659,3514
41,2024,10,202410,0.186992050500133,0.255146878181201,0.557861071318666,0.442138928681334,9596443.33568796,6763,2859
42,2024,10,202410,0.187464832608402,0.267332532951752,0.545202634439846,0.454797365560154,6555523.19990596,7973,3393
43,2024,10,202410,0.184345777667417,0.257187033304818,0.558467189027765,0.441532810972235,9523734.94983934,7062,2871
50,2024,10,202410,0.210229252028757,0.222863246676274,0.566907501294969,0.433092498705031,2202068.03008567,2743,1039
51,2024,10,202410,0.221440159704591,0.202768879679322,0.575790960616088,0.424209039383912,2901873.74274233,3187,1148
52,2024,10,202410,0.207314210076474,0.235006806125242,0.557678983798284,0.442321016201717,6129779.64939921,4392,1554
53,2024,10,202410,0.206363710210013,0.193003645704802,0.600632644085185,0.399367355914815,2281870.82313055,2244,932
11,2024,11,202411,0.239141552832728,0.252880333138795,0.507978114028477,0.492021885971523,1442810.89698704,2007,884
12,2024,11,202411,0.253352145130147,0.23459018921458,0.512057665655274,0.487942334344726,654966.36859824,2420,1185
13,2024,11,202411,0.244524877750695,0.262660453914688,0.492814668334617,0.507185331665383,3297589.13953782,3260,1573
14,2024,11,202411,0.253963087708581,0.270932467751849,0.475104444539571,0.52489555546043,503882.545680354,1380,564
15,2024,11,202411,0.233995490886387,0.270683712631942,0.495320796481671,0.504679203518329,6390166.44368632,4261,1808
16,2024,11,202411,0.26128430732643,0.262808194638521,0.47590749803505,0.524092501964951,547075.740705784,1167,532
17,2024,11,202411,0.263711581470743,0.241585365915881,0.494703052613376,0.505296947386624,1318422.80256506,1897,750
21,2024,11,202411,0.245944383325354,0.239548978585945,0.514506638088702,0.485493361911298,5114482.76063689,7341,3203
22,2024,11,202411,0.212297417886983,0.242329384682338,0.54537319743068,0.45462680256932,2657932.09415144,2825,1240
23,2024,11,202411,0.225006225164207,0.252649105694605,0.522344669141188,0.477655330858813,7476514.53957289,6040,2469
24,2024,11,202411,0.201061963151543,0.230534409966299,0.568403626882157,0.431596373117842,2935541.65085124,2342,909
25,2024,11,202411,0.221577995927632,0.249345863653229,0.529076140419138,0.470923859580862,3087892.16278333,3121,1255
26,2024,11,202411,0.229149104867813,0.243437654608304,0.527413240523884,0.472586759476116,7646778.17493144,5186,2115
27,2024,11,202411,0.22805707476728,0.247294889059013,0.524648036173707,0.475351963826293,2387576.83646486,4990,2157
28,2024,11,202411,0.25189213699326,0.240892991840998,0.507214871165742,0.492785128834258,1731882.38415773,2110,836
29,2024,11,202411,0.208786822162057,0.255585285787591,0.535627892050353,0.464372107949648,11573128.6877183,5631,2113
31,2024,11,202411,0.188267624465693,0.258456784398761,0.553275591135546,0.446724408864454,17685307.0549876,9600,3211
32,2024,11,202411,0.185781635348076,0.254482061273396,0.559736303378528,0.440263696621472,3468890.23688829,4429,1521
33,2024,11,202411,0.193398374700872,0.228624824329269,0.577976800969859,0.422023199030141,14713857.389398,9095,3322
35,2024,11,202411,0.204130014476185,0.217776125177793,0.578093860346022,0.421906139653978,37071488.8574889,9741,3232
41,2024,11,202411,0.201901852710697,0.253478275840754,0.544619871448549,0.455380128551451,9137623.18765265,6555,2798
42,2024,11,202411,0.203235101859557,0.256386626034593,0.54037827210585,0.45962172789415,6515483.81716745,7997,3349
43,2024,11,202411,0.196472142127134,0.256104341606316,0.54742351626655,0.45257648373345,8911953.64639209,6769,2691
50,2024,11,202411,0.203936319454369,0.21126454351099,0.584799137034641,0.415200862965359,2228273.10794106,2561,915
51,2024,11,202411,0.22354318480969,0.210376380552572,0.566080434637738,0.433919565362262,3100954.78421366,3130,1129
52,2024,11,202411,0.203879758697672,0.20820495170979,0.587915289592538,0.412084710407462,5660045.39454607,3942,1399
53,2024,11,202411,0.209514236938938,0.173604739238952,0.61688102382211,0.38311897617789,2462257.8830469,2259,906
11,2024,12,202412,0.248677560812539,0.201209972904849,0.550112466282612,0.449887533717388,1215308.18402501,1835,817
12,2024,12,202412,0.231198854034244,0.233094449652208,0.535706696313548,0.464293303686452,673835.802249934,2166,1087
13,2024,12,202412,0.217920857259209,0.270448787837859,0.511630354902932,0.488369645097068,3130449.14128646,3483,1613
14,2024,12,202412,0.227671072665136,0.255963829994029,0.516365097340835,0.483634902659166,444132.160500837,1378,622
15,2024,12,202412,0.236396165952569,0.279365371593109,0.484238462454322,0.515761537545678,6293063.66303225,3991,1682
16,2024,12,202412,0.253664126280393,0.209476134182124,0.536859739537483,0.463140260462517,616702.719330148,1026,431
17,2024,12,202412,0.227382088927485,0.246819508953083,0.525798402119432,0.474201597880568,1247515.37648082,1799,741
21,2024,12,202412,0.233627298523691,0.2533421999981,0.513030501478209,0.486969498521791,5138280.85724709,7298,3449
22,2024,12,202412,0.241591736402041,0.237053392007159,0.5213548715908,0.4786451284092,2632238.82601295,3009,1225
23,2024,12,202412,0.227185973243667,0.24230059972352,0.530513427032813,0.469486572967187,7406521.73401285,5744,2473
24,2024,12,202412,0.222135272381433,0.229843858080264,0.548020869538303,0.451979130461697,2562337.33581172,2511,1034
25,2024,12,202412,0.232224538287475,0.250055151025866,0.517720310686659,0.482279689313341,3413727.45192235,3285,1365
26,2024,12,202412,0.221517114987534,0.240076304935299,0.538406580077167,0.461593419922833,7946515.48469555,5016,1996
27,2024,12,202412,0.221684662649736,0.248953988192969,0.529361349157295,0.470638650842705,2728464.59936785,5174,2336
28,2024,12,202412,0.234341839318204,0.23889400343748,0.526764157244315,0.473235842755685,1786492.41911862,2347,964
29,2024,12,202412,0.218410844548363,0.239474355288753,0.542114800162885,0.457885199837115,12016223.5923752,5709,2142
31,2024,12,202412,0.19562193997114,0.25743596354065,0.54694209648821,0.453057903511791,17137291.8486985,9376,3128
32,2024,12,202412,0.193419303205329,0.24725990938144,0.559320787413231,0.440679212586769,3154712.08600442,3908,1362
33,2024,12,202412,0.187744085036725,0.225682852604671,0.586573062358605,0.413426937641395,14186561.434399,8979,3283
35,2024,12,202412,0.185453533148675,0.227268680339042,0.587277786512283,0.412722213487717,38304606.8021784,9668,3146
41,2024,12,202412,0.198110606500219,0.254360500219791,0.54752889327999,0.45247110672001,9749503.63634659,6968,2957
42,2024,12,202412,0.194752934276655,0.247678395515454,0.557568670207891,0.442431329792109,6306107.4991587,7510,3142
43,2024,12,202412,0.186744525522251,0.258063339451733,0.555192135026016,0.444807864973984,9200433.07463212,6815,2807
50,2024,12,202412,0.206274262414885,0.207964225235907,0.585761512349208,0.414238487650793,2300501.91874228,2673,1015
51,2024,12,202412,0.203336744495242,0.222388568053744,0.574274687451014,0.425725312548987,2675992.3574357,3000,1108
52,2024,12,202412,0.194076616445191,0.227133898409009,0.5787894851458,0.4212105148542,5861276.12787362,3993,1436
53,2024,12,202412,0.191960734729928,0.188172387325312,0.61986687794476,0.38013312205524,2645448.72469083,2319,890
11,2025,1,202501,0.236195300555136,0.22113614946416,0.542668549980704,0.457331450019296,1453387.31986446,2128,938
12,2025,1,202501,0.233387449642036,0.245703903494149,0.520908646863815,0.479091353136185,604764.923472989,2150,1071
13,2025,1,202501,0.227739896657418,0.26935775413514,0.502902349207442,0.497097650792558,3051512.56602757,3173,1461
14,2025,1,202501,0.261225006028761,0.252330959634581,0.486444034336658,0.513555965663342,468387.045778721,1423,598
15,2025,1,202501,0.226920503646969,0.277205806807741,0.49587368954529,0.50412631045471,6870023.93775101,4293,1862
16,2025,1,202501,0.255401122345828,0.255830550131786,0.488768327522386,0.511231672477614,629952.334239838,1027,458
17,2025,1,202501,0.251569960794257,0.2182897544571,0.530140284748643,0.469859715251357,1205729.36564409,1972,785
21,2025,1,202501,0.236782982152717,0.247092311993304,0.516124705853978,0.483875294146022,5272324.21553146,8032,3657
22,2025,1,202501,0.215898572629677,0.268731275108972,0.515370152261351,0.48462984773865,2794317.46930262,3114,1309
23,2025,1,202501,0.207333673256653,0.228789445135397,0.563876881607949,0.436123118392051,7537949.37195918,5884,2518
24,2025,1,202501,0.216601218283137,0.233435347210483,0.54996343450638,0.45003656549362,2947856.07072923,2727,1135
25,2025,1,202501,0.229328098825926,0.241296169327799,0.529375731846274,0.470624268153726,3210508.30357817,3508,1451
26,2025,1,202501,0.212493932511896,0.22449350202909,0.563012565459014,0.436987434540986,7425641.59953188,5014,2149
27,2025,1,202501,0.22874602105074,0.224814056783742,0.546439922165517,0.453560077834483,2477503.68521054,5054,2282
28,2025,1,202501,0.224637847434674,0.238642644122431,0.536719508442896,0.463280491557104,1845530.49367797,2447,1022
29,2025,1,202501,0.222917560783213,0.225567821130786,0.551514618086001,0.448485381913999,11828923.6844755,6067,2282
31,2025,1,202501,0.197150767735288,0.239328266207475,0.563520966057237,0.436479033942763,17649993.4745264,9508,3256
32,2025,1,202501,0.197252453747131,0.231931513866371,0.570816032386499,0.429183967613501,3248514.16074776,4545,1673
33,2025,1,202501,0.186447251904597,0.220754667866314,0.592798080229089,0.407201919770911,14234165.9507684,9354,3435
35,2025,1,202501,0.173204883419347,0.235424871609894,0.59137024497076,0.40862975502924,37039858.4295406,10737,3661
41,2025,1,202501,0.187176487317183,0.255571451897883,0.557252060784935,0.442747939215065,9705952.64115457,6938,2916
42,2025,1,202501,0.185578364638851,0.259922812307562,0.554498823053587,0.445501176946413,6663087.02630911,8080,3493
43,2025,1,202501,0.189986267750957,0.250432734706284,0.55958099754276,0.44041900245724,9344605.87175298,7068,2836
50,2025,1,202501,0.200294815591383,0.203039529857128,0.596665654551489,0.403334345448511,2216927.61153999,2727,1043
51,2025,1,202501,0.212295258900062,0.203031443846248,0.58467329725369,0.41532670274631,2858091.39042293,3255,1184
52,2025,1,202501,0.209576189109777,0.221181757601796,0.569242053288427,0.430757946711573,6057928.62303405,4456,1629
53,2025,1,202501,0.207565566721635,0.182748503070412,0.609685930207953,0.390314069792047,2304656.7555425,2277,924
11,2025,2,202502,0.24728296630268,0.255958878992824,0.496758154704496,0.503241845295504,1420112.03575533,1903,858
12,2025,2,202502,0.248292611772602,0.25573389649263,0.495973491734768,0.504026508265232,673160.422356007,2300,1164
13,2025,2,202502,0.22917569928804,0.254700278641498,0.516124022070462,0.483875977929538,3350910.73149067,3378,1596
14,2025,2,202502,0.228510866469638,0.255905757956263,0.5155833755741,0.4844166244259,495742.57722489,1340,544
15,2025,2,202502,0.229229753267821,0.252637039741392,0.518133206990787,0.481866793009213,6553553.45293342,4215,1811
16,2025,2,202502,0.260750930309377,0.241205263805049,0.498043805885574,0.501956194114426,555829.692751987,1181,545
17,2025,2,202502,0.249912718812127,0.242801722591271,0.507285558596602,0.492714441403399,1288473.37259123,1811,694
21,2025,2,202502,0.231696147752123,0.250422118272353,0.517881733975523,0.482118266024477,5130275.55751487,7319,3284
22,2025,2,202502,0.2104629499734,0.242781130946799,0.546755919079801,0.453244080920199,2724507.90161829,2821,1208
23,2025,2,202502,0.216914288100153,0.23839380284454,0.544691909055307,0.455308090944694,7397078.40233262,5816,2479
24,2025,2,202502,0.198651728620014,0.224257103101364,0.577091168278621,0.422908831721379,2948402.05828053,2296,938
25,2025,2,202502,0.221634494426979,0.251492594978234,0.526872910594787,0.473127089405213,3093514.14615428,3167,1288
26,2025,2,202502,0.227897138550071,0.215192944229289,0.556909917220639,0.443090082779361,7779868.51090437,5182,2143
27,2025,2,202502,0.228736852430627,0.230298299421745,0.540964848147628,0.459035151852372,2437800.90853676,4999,2253
28,2025,2,202502,0.230554926255176,0.26339634228002,0.506048731464804,0.493951268535196,1732783.13885011,2027,837
29,2025,2,202502,0.206844682805116,0.25485451540292,0.538300801791964,0.461699198208036,11683884.388052,5566,2114
31,2025,2,202502,0.183631545593192,0.251388544730741,0.564979909676067,0.435020090323933,17400418.9542405,9409,3166
32,2025,2,202502,0.18967737953924,0.253723741225475,0.556598879235286,0.443401120764714,3438785.85054549,4377,1563
33,2025,2,202502,0.185934294180312,0.217326834794397,0.596738871025291,0.403261128974709,14448899.2415043,9012,3278
35,2025,2,202502,0.190015920455668,0.222527148342595,0.587456931201738,0.412543068798262,37369412.4016127,9732,3237
41,2025,2,202502,0.194686961590202,0.258203318622748,0.54710971978705,0.45289028021295,9110349.35050433,6617,2838
42,2025,2,202502,0.200576111123694,0.25116612188187,0.548257766994436,0.451742233005564,6371593.34312192,7853,3277
43,2025,2,202502,0.191491965111167,0.244086288074175,0.564421746814658,0.435578253185342,9154176.37226956,6761,2724
50,2025,2,202502,0.198085802327404,0.222791593864596,0.579122603808,0.420877396192,2263309.7925178,2453,921
51,2025,2,202502,0.226498958751444,0.203770509261682,0.569730531986874,0.430269468013126,3051132.45694172,3174,1157
52,2025,2,202502,0.217372375536608,0.195319729265304,0.587307895198087,0.412692104801913,5772424.7521527,3952,1384
53,2025,2,202502,0.20838200064138,0.183569219328983,0.608048780029637,0.391951219970363,2487925.62718897,2231,890
11,2025,3,202503,0.264976631112215,0.214126608017947,0.520896760869838,0.479103239130162,1275522.26561669,1921,828
12,2025,3,202503,0.240302503647715,0.240655285981085,0.5190422103712,0.4809577896288,670352.449531591,2194,1131
13,2025,3,202503,0.225123912617116,0.269311826302108,0.505564261080775,0.494435738919225,3255660.86958816,3583,1680
14,2025,3,202503,0.232366861779474,0.267486743848631,0.500146394371895,0.499853605628105,458919.030747616,1389,601
15,2025,3,202503,0.227126858126957,0.277634623917,0.495238517956043,0.504761482043957,6492354.4509164,4279,1819
16,2025,3,202503,0.236045652833828,0.225270636855079,0.538683710311093,0.461316289688907,623075.557412089,1046,442
17,2025,3,202503,0.229268112752504,0.252774572585628,0.517957314661868,0.482042685338132,1185893.34445503,1838,755
21,2025,3,202503,0.234367782447723,0.243065445550287,0.52256677200199,0.47743322799801,5185881.54963415,7660,3528
22,2025,3,202503,0.22092032676073,0.241592746666062,0.537486926573208,0.462513073426792,2598193.29078871,2992,1251
23,2025,3,202503,0.222254013744361,0.248691234780263,0.529054751475376,0.470945248524624,7422625.57903437,5942,2561
24,2025,3,202503,0.215246113843467,0.23274058116731,0.552013304989223,0.447986695010777,2609840.39013853,2537,1062
25,2025,3,202503,0.234875795780777,0.250428151467797,0.514696052751426,0.485303947248574,3412438.26999061,3285,1337
26,2025,3,202503,0.219651582158135,0.229380749298753,0.550967668543112,0.449032331456888,7829160.75130883,4995,2073
27,2025,3,202503,0.233453328580712,0.228189719252076,0.538356952167212,0.461643047832788,2683561.13186023,5076,2284
28,2025,3,202503,0.225575002414946,0.229936366077412,0.544488631507643,0.455511368492357,1838902.62099535,2343,1009
29,2025,3,202503,0.214390724697694,0.229410868086495,0.556198407215811,0.443801592784189,12113589.3359699,5927,2169
31,2025,3,202503,0.192713200526595,0.252795996789946,0.554490802683458,0.445509197316542,17459667.7165427,9468,3134
32,2025,3,202503,0.19103358002362,0.236294562174765,0.572671857801615,0.427328142198385,3156991.95499345,4289,1497
33,2025,3,202503,0.186742092275708,0.220718701073492,0.592539206650801,0.407460793349199,14222883.528165,9167,3367
35,2025,3,202503,0.189297300936705,0.222726192697043,0.587976506366252,0.412023493633749,37656548.9248407,9850,3231
41,2025,3,202503,0.194132242288278,0.250730466179504,0.555137291532217,0.444862708467783,9730411.4599118,7270,3070
42,2025,3,202503,0.195221268206057,0.243353294153646,0.561425437640297,0.438574562359703,6353032.56073134,7770,3220
43,2025,3,202503,0.179711372153439,0.242852284487205,0.577436343359356,0.422563656640644,9079872.12123876,6824,2751
50,2025,3,202503,0.202770064912221,0.20416103860476,0.593068896483019,0.406931103516981,2309909.05139976,2759,1053
51,2025,3,202503,0.202142256995133,0.207885926867154,0.589971816137713,0.410028183862287,2714039.70407282,3106,1113
52,2025,3,202503,0.191285194689653,0.232735335717994,0.575979469592353,0.424020530407647,5961704.93343483,4167,1451
53,2025,3,202503,0.200337945819218,0.179563536870925,0.620098517309857,0.379901482690143,2624464.14243908,2395,945
11,2025,4,202504,0.257164821713336,0.219099524125671,0.523735654160994,0.476264345839006,1416290.07197908,2033,878
12,2025,4,202504,0.251298369362915,0.232012711745325,0.51668891889176,0.48331108110824,579011.687335543,2073,1040
13,2025,4,202504,0.223504327994033,0.275263722323876,0.501231949682091,0.498768050317909,3113683.50305867,3308,1530
14,2025,4,202504,0.250710736864331,0.278010097494225,0.471279165641444,0.528720834358556,487102.191726664,1458,612
15,2025,4,202504,0.247682987747682,0.273077545533924,0.479239466718394,0.520760533281607,6870093.35258237,4437,1877
16,2025,4,202504,0.239603154381953,0.260491436881494,0.499905408736553,0.500094591263447,636977.117472697,1027,475
17,2025,4,202504,0.253824151937849,0.226382931976398,0.519792916085753,0.480207083914246,1157703.33246099,1972,774
21,2025,4,202504,0.228913839468495,0.239464220198283,0.531621940333221,0.468378059666779,5327964.48749767,8009,3640
22,2025,4,202504,0.203756276997615,0.264408083782123,0.531835639220263,0.468164360779737,2778992.76899386,3181,1291
23,2025,4,202504,0.209831727465929,0.229014538089914,0.561153734444157,0.438846265555843,7482399.63817367,6103,2638
24,2025,4,202504,0.219149475381589,0.232646048723106,0.548204475895305,0.451795524104695,2953235.25680858,2714,1131
25,2025,4,202504,0.225108367913668,0.242560744518564,0.532330887567768,0.467669112432232,3163867.27870984,3525,1392
26,2025,4,202504,0.211092644197333,0.233079639824543,0.555827715978123,0.444172284021877,7454468.13965617,4981,2135
27,2025,4,202504,0.228192188881519,0.226856111160895,0.544951699957586,0.455048300042414,2437758.9244662,5036,2230
28,2025,4,202504,0.206249485114927,0.246459470956132,0.547291043928941,0.452708956071059,1759833.24919749,2356,965
29,2025,4,202504,0.235014983811807,0.227247677857845,0.537737338330348,0.462262661669652,11908455.8237538,6182,2254
31,2025,4,202504,0.203666590600375,0.244437445083506,0.551895964316119,0.448104035683881,17775364.4070598,9487,3126
32,2025,4,202504,0.193873860855021,0.23310592408115,0.573020215063829,0.426979784936171,3301376.94118543,4641,1725
33,2025,4,202504,0.192891424280138,0.216753196461188,0.590355379258674,0.409644620741326,14019088.0027264,9367,3436
35,2025,4,202504,0.18384230651493,0.227686015464673,0.588471678020397,0.411528321979604,36973238.5980786,10555,3522
41,2025,4,202504,0.190989010279006,0.241513871624455,0.567497118096538,0.432502881903462,9658388.47199332,6934,2838
42,2025,4,202504,0.189784324271789,0.257699030866395,0.552516644861816,0.447483355138184,6804755.88297645,8144,3536
43,2025,4,202504,0.181370218615058,0.25077339326706,0.567856388117882,0.432143611882118,9254753.26461341,6964,2820
50,2025,4,202504,0.197633437109384,0.199095690157051,0.603270872733565,0.396729127266435,2251975.20814251,2774,1069
51,2025,4,202504,0.206533899013618,0.205431891977016,0.588034209009366,0.411965790990634,2931522.31858374,3248,1181
52,2025,4,202504,0.217221618713738,0.204044388381338,0.578733992904924,0.421266007095076,6210875.58506693,4492,1623
53,2025,4,202504,0.192793518349282,0.186446245081711,0.620760236569006,0.379239763430994,2342681.21629279,2243,922
11,2025,5,202505,0.253989580751309,0.251814957996755,0.494195461251936,0.505804538748064,1367004.11263224,1766,788
12,2025,5,202505,0.242834587800894,0.248973474028995,0.508191938170112,0.491808061829888,662206.301308509,2248,1073
13,2025,5,202505,0.222411472979693,0.267522041664639,0.510066485355669,0.489933514644332,3297027.97023914,3280,1512
14,2025,5,202505,0.253791935293414,0.249437669767959,0.496770394938627,0.503229605061374,515220.440164557,1299,537
15,2025,5,202505,0.236225944189972,0.260933226688997,0.502840829121032,0.497159170878968,6803326.35031445,4334,1838
16,2025,5,202505,0.216496746197292,0.248382530848963,0.535120722953745,0.464879277046255,557475.528308035,1140,541
17,2025,5,202505,0.257548213651657,0.256634471000064,0.485817315348279,0.514182684651721,1265974.4732015,1833,705
21,2025,5,202505,0.23434591522556,0.241058826854799,0.524595257919642,0.475404742080358,5210878.77274038,7410,3231
22,2025,5,202505,0.20105944789011,0.253562776727908,0.545377775381982,0.454622224618018,2829004.48227073,2851,1219
23,2025,5,202505,0.23739188078347,0.243358111871043,0.519250007345488,0.480749992654513,7278054.62065669,5839,2476
24,2025,5,202505,0.21594681731586,0.22703780639921,0.55701537628493,0.44298462371507,2813247.63392775,2218,937
25,2025,5,202505,0.208240972003072,0.252717294856448,0.53904173314048,0.46095826685952,3015916.88879292,3058,1259
26,2025,5,202505,0.213844658136363,0.225416274026956,0.560739067836681,0.439260932163319,7882821.67156527,5159,2150
27,2025,5,202505,0.2326272391555,0.23329261344656,0.53408014739794,0.46591985260206,2495008.9965151,5097,2298
28,2025,5,202505,0.221543132012688,0.258366746540159,0.520090121447153,0.479909878552847,1711508.01559084,2011,790
29,2025,5,202505,0.210775923439718,0.243422637975581,0.545801438584701,0.454198561415299,11549989.0970128,5432,1978
31,2025,5,202505,0.182598982410529,0.257603767000792,0.559797250588679,0.440202749411321,17662975.4222564,9425,3160
32,2025,5,202505,0.192247119954342,0.256602716373544,0.551150163672114,0.448849836327886,3447064.11665959,4443,1501
33,2025,5,202505,0.187511899479766,0.212293569510034,0.6001945310102,0.3998054689898,14018463.9520112,8896,3274
35,2025,5,202505,0.194034258508275,0.226045746134314,0.579919995357411,0.420080004642589,38309671.229773,9789,3316
41,2025,5,202505,0.190707149051023,0.24613492705696,0.563157923892017,0.436842076107983,9190437.30584029,6499,2780
42,2025,5,202505,0.196528439267661,0.248956573507993,0.554514987224346,0.445485012775654,6297565.32611475,7709,3241
43,2025,5,202505,0.18852066746359,0.243856473926559,0.567622858609851,0.432377141390149,9022240.80180227,6619,2715
50,2025,5,202505,0.207978924057671,0.208213928038931,0.583807147903398,0.416192852096602,2291980.78347092,2330,857
51,2025,5,202505,0.221000282701235,0.203695902828938,0.575303814469827,0.424696185530173,2991273.51149727,3008,1043
52,2025,5,202505,0.207940789339655,0.196511832434894,0.595547378225451,0.404452621774549,5820238.85903839,3890,1371
53,2025,5,202505,0.196673475938259,0.192284640191969,0.611041883869772,0.388958116130228,2547763.76388387,2246,892
11,2025,6,202506,0.267755805324992,0.224588256685379,0.507655937989629,0.492344062010371,1349399.98242161,2000,875
12,2025,6,202506,0.224605617055057,0.262764023712982,0.512630359231961,0.487369640768039,677553.788015982,2355,1172
13,2025,6,202506,0.222703325399059,0.284198856647847,0.493097817953095,0.506902182046905,3192248.50927771,3462,1527
14,2025,6,202506,0.237787391431305,0.26204377616517,0.500168832403525,0.499831167596475,452936.232582845,1366,567
15,2025,6,202506,0.227741398160717,0.290399152617173,0.48185944922211,0.51814055077789,6589662.36872582,4281,1782
16,2025,6,202506,0.244068354587642,0.249491119501289,0.50644052591107,0.493559474088931,633400.972930159,1074,495
17,2025,6,202506,0.227664414011746,0.257450423809966,0.514885162178289,0.485114837821712,1227538.78923778,1813,697
21,2025,6,202506,0.239879422207727,0.25073347989612,0.509387097896153,0.490612902103848,5263393.45236509,7641,3423
22,2025,6,202506,0.234169074357132,0.246326548068027,0.519504377574841,0.480495622425159,2577935.40210995,2966,1217
23,2025,6,202506,0.224767509897704,0.241182383151524,0.534050106950772,0.465949893049228,7367109.74506516,6040,2566
24,2025,6,202506,0.208182737120393,0.237734930864116,0.554082332015491,0.445917667984509,2632884.61725998,2575,1058
25,2025,6,202506,0.231230997923734,0.260811703074812,0.507957299001454,0.492042700998546,3507307.43070138,3304,1364
26,2025,6,202506,0.213623045413182,0.225105063904433,0.561271890682385,0.438728109317615,7893599.51442596,4964,2022
27,2025,6,202506,0.225003222247873,0.243077012740425,0.531919765011702,0.468080234988298,2745945.04225925,5197,2328
28,2025,6,202506,0.233111843026849,0.243620747616349,0.523267409356802,0.476732590643198,1808724.64796193,2291,952
29,2025,6,202506,0.222088297762788,0.239791289430685,0.538120412806528,0.461879587193472,12265028.3233007,5887,2144
31,2025,6,202506,0.192111414056177,0.248472005736351,0.559416580207472,0.440583419792528,17712734.2275192,9667,3243
32,2025,6,202506,0.190751648135181,0.23411975813622,0.575128593728599,0.424871406271401,3197399.67708612,4289,1536
33,2025,6,202506,0.192309273695034,0.216033493073189,0.591657233231777,0.408342766768223,14056922.3889312,9172,3384
35,2025,6,202506,0.187740349125785,0.216225722595923,0.596033928278291,0.403966071721709,36948940.1284129,9862,3364
41,2025,6,202506,0.195646756565749,0.247884888237666,0.556468355196585,0.443531644803415,9827149.19061482,7309,3104
42,2025,6,202506,0.199067485265663,0.235317734705802,0.565614780028535,0.434385219971465,6359998.88099727,7559,3217
43,2025,6,202506,0.184758487016992,0.238324139439725,0.576917373543283,0.423082626456717,9075187.3367383,6620,2699
50,2025,6,202506,0.195445521937901,0.203385315690878,0.601169162371221,0.398830837628779,2322294.38812708,2713,1028
51,2025,6,202506,0.209988773600988,0.200777698253453,0.589233528145559,0.410766471854441,2792407.99698943,3117,1091
52,2025,6,202506,0.192742410473699,0.219990600561308,0.587266988964993,0.412733011035007,5933252.86440287,4110,1482
53,2025,6,202506,0.183862477164549,0.173052142197983,0.643085380637468,0.356914619362532,2537561.46104745,2356,890
11,2025,7,202507,0.24574692806755,0.232116390628356,0.522136681304094,0.477863318695906,1459399.77755138,2184,997
12,2025,7,202507,0.225613215444382,0.233022056221221,0.541364728334398,0.458635271665603,614197.485783063,2217,1046
13,2025,7,202507,0.238849374192764,0.257099052573403,0.504051573233833,0.495948426766167,3145630.61392389,3289,1473
14,2025,7,202507,0.220327005383519,0.245778417250723,0.533894577365758,0.466105422634242,457340.535578058,1311,600
15,2025,7,202507,0.243191992132992,0.277850318206122,0.478957689660885,0.521042310339115,6850154.2172866,4707,2038
16,2025,7,202507,0.22548093457182,0.246472469360919,0.52804659606726,0.47195340393274,613266.078290986,1046,456
17,2025,7,202507,0.248438280884926,0.240316888230497,0.511244830884577,0.488755169115423,1192773.45236329,2221,872
21,2025,7,202507,0.230754834304335,0.253378146452348,0.515867019243317,0.484132980756683,5483467.29546689,8165,3598
22,2025,7,202507,0.213631656433554,0.270134603589419,0.516233739977028,0.483766260022972,2759539.53377233,3196,1271
23,2025,7,202507,0.216169797520698,0.242283473318812,0.541546729160491,0.45845327083951,7373709.72747721,6248,2640
24,2025,7,202507,0.199105159255428,0.233074807840359,0.567820032904214,0.432179967095786,2954321.41577186,2758,1188
25,2025,7,202507,0.228314829832854,0.239087366332555,0.532597803834591,0.467402196165409,3384755.11823945,3852,1529
26,2025,7,202507,0.212078987150293,0.213285233376621,0.574635779473087,0.425364220526914,7468977.66825521,4949,2060
27,2025,7,202507,0.231928008837967,0.227646314186722,0.540425676975311,0.459574323024689,2450997.54554458,4972,2118
28,2025,7,202507,0.197177590848953,0.251382765675838,0.55143964347521,0.44856035652479,1724302.2244519,2210,933
29,2025,7,202507,0.226858497076441,0.239388753471855,0.533752749451704,0.466247250548296,11422968.1409927,6222,2335
31,2025,7,202507,0.198572677084286,0.250011032505398,0.551416290410316,0.448583709589684,17528058.9178678,9848,3352
32,2025,7,202507,0.194817252706367,0.239095445085702,0.566087302207931,0.433912697792069,3289214.95844998,4840,1723
33,2025,7,202507,0.190751976187519,0.213435845895662,0.595812177916819,0.404187822083181,14176639.3632907,9327,3423
35,2025,7,202507,0.185077760894143,0.22423941562832,0.590682823477537,0.409317176522463,37596886.0359438,10685,3642
41,2025,7,202507,0.183100802528752,0.250130627742771,0.566768569728477,0.433231430271523,9367337.18196848,7296,3004
42,2025,7,202507,0.18287651801254,0.255813056001077,0.561310425986383,0.438689574013617,6635975.63407818,8162,3506
43,2025,7,202507,0.188258924444455,0.254555089159316,0.557185986396229,0.442814013603771,9568633.52916293,7119,2864
50,2025,7,202507,0.200753850709464,0.203796933568309,0.595449215722228,0.404550784277773,2306856.44859213,2965,1107
51,2025,7,202507,0.209413881819364,0.204585149874043,0.586000968306593,0.413999031693408,2870609.27076764,3445,1277
52,2025,7,202507,0.206076076967361,0.214700222545786,0.579223700486852,0.420776299513148,6209966.04742693,4499,1563
53,2025,7,202507,0.189313102554102,0.180559952730355,0.630126944715543,0.369873055284457,2348529.22326068,2224,909
11,2025,8,202508,0.238488558879337,0.261964251510314,0.499547189610349,0.500452810389651,1263065.21469246,1791,843
12,2025,8,202508,0.240329360257654,0.245419623901506,0.51425101584084,0.48574898415916,684805.670514922,2185,1073
13,2025,8,202508,0.219256433024803,0.273858334465484,0.506885232509713,0.493114767490287,3282049.33294753,3214,1470
14,2025,8,202508,0.246979486785792,0.256224912362507,0.496795600851701,0.503204399148299,510049.606415944,1380,621
15,2025,8,202508,0.229753716936763,0.280431972189774,0.489814310873463,0.510185689126537,7037789.58440902,4331,1820
16,2025,8,202508,0.238998523617489,0.23414986747737,0.526851608905142,0.473148391094859,566945.792044568,1368,654
17,2025,8,202508,0.262492104794949,0.252765157172697,0.484742738032354,0.515257261967646,1290652.19061693,1749,678
21,2025,8,202508,0.232892133950228,0.24989964251039,0.517208223539383,0.482791776460617,5566013.5076076,7463,3220
22,2025,8,202508,0.219043556227932,0.263813942263355,0.517142501508713,0.482857498491287,2947364.78277175,3070,1251
23,2025,8,202508,0.246654511303457,0.23904872854244,0.514296760154102,0.485703239845898,6862116.32358437,5466,2232
24,2025,8,202508,0.214147964940318,0.233901598174684,0.551950436884998,0.448049563115002,2808482.49538926,2279,941
25,2025,8,202508,0.22580207836373,0.243773432423048,0.530424489213221,0.469575510786779,2983411.31061869,3052,1246
26,2025,8,202508,0.218474465578507,0.229395951445,0.552129582976494,0.447870417023506,7982259.63952917,5009,2077
27,2025,8,202508,0.220066885573226,0.242398600958297,0.537534513468477,0.462465486531523,2639768.42576076,4922,2237
28,2025,8,202508,0.215433028379329,0.244566576358262,0.540000395262409,0.459999604737591,1644687.00794635,1917,798
29,2025,8,202508,0.21342221935349,0.244143010331727,0.542434770314783,0.457565229685217,11007557.346969,5174,1874
31,2025,8,202508,0.182061540711039,0.250911107271131,0.567027352017831,0.432972647982169,18076947.9086029,9307,3146
32,2025,8,202508,0.196399248368415,0.255372078156184,0.548228673475401,0.451771326524599,3409286.60146593,4330,1513
33,2025,8,202508,0.183330886135351,0.227529790544831,0.589139323319818,0.410860676680182,14064712.7201752,8667,3234
35,2025,8,202508,0.195511829933637,0.217685254656408,0.586802915409955,0.413197084590045,38441326.6548664,9315,3206
41,2025,8,202508,0.187654750962569,0.247329744035929,0.565015505001503,0.434984494998497,9225971.81018061,6598,2823
42,2025,8,202508,0.190648142760098,0.237513665450931,0.571838191788971,0.428161808211029,6398928.19937291,7695,3302
43,2025,8,202508,0.186455479672093,0.24245367140837,0.571090848919537,0.428909151080463,8937450.88294751,6602,2679
50,2025,8,202508,0.214394124273867,0.19585419646793,0.589751679258203,0.410248320741797,2334506.45404483,2538,937
51,2025,8,202508,0.207277053522828,0.216733437080296,0.575989509396876,0.424010490603124,3151097.49460221,3293,1175
52,2025,8,202508,0.212052118956462,0.209494788800698,0.57845309224284,0.42154690775716,5684211.11225146,3688,1274
53,2025,8,202508,0.201716167104399,0.168615609361866,0.629668223533735,0.370331776466265,2555040.94977913,2160,864
11,2025,9,202509,0.255780461706596,0.224237808323799,0.519981729969605,0.480018270030395,1358917.88419935,2081,916
12,2025,9,202509,0.219685893723068,0.247909893116277,0.532404213160656,0.467595786839345,643068.718660221,2252,1129
13,2025,9,202509,0.222969171446894,0.274949366049441,0.502081462503665,0.497918537496335,3119982.64108329,3482,1606
14,2025,9,202509,0.244284503130319,0.277085868985186,0.478629627884495,0.521370372115506,491901.030068711,1397,594
15,2025,9,202509,0.232517161652645,0.273107441433507,0.494375396913848,0.505624603086153,6614699.15363954,4407,1897
16,2025,9,202509,0.23092768762745,0.257068877122931,0.512003435249619,0.487996564750381,673797.378661636,1042,475
17,2025,9,202509,0.258319713570237,0.264652912228982,0.477027374200781,0.522972625799219,1225900.34242436,1798,710
21,2025,9,202509,0.234342887459746,0.245496753465143,0.520160359075111,0.479839640924889,5222970.29985914,7762,3370
22,2025,9,202509,0.214961902292404,0.249485392581039,0.535552705126557,0.464447294873443,2562881.80184638,2956,1180
23,2025,9,202509,0.23054927584902,0.230375828432626,0.539074895718354,0.460925104281646,7481373.72413582,5923,2504
24,2025,9,202509,0.207384075900495,0.239821989609666,0.552793934489839,0.447206065510161,2609500.06459267,2680,1107
25,2025,9,202509,0.23499441894538,0.255761712950554,0.509243868104066,0.490756131895935,3367668.25517031,3475,1400
26,2025,9,202509,0.216158605139338,0.234953380818963,0.548888014041699,0.451111985958301,7835269.56622549,4854,1984
27,2025,9,202509,0.225104377960364,0.234468408373596,0.54042721366604,0.45957278633396,2705389.04626148,5073,2264
28,2025,9,202509,0.232062194130479,0.238580849174454,0.529356956695067,0.470643043304933,1714392.37712601,2221,955
29,2025,9,202509,0.221448785399249,0.236446085807142,0.542105128793609,0.457894871206391,12217418.320207,5923,2141
31,2025,9,202509,0.188244803352428,0.246204194936915,0.565551001710657,0.434448998289343,17746748.2898612,9858,3362
32,2025,9,202509,0.188262872412755,0.234465761628089,0.577271365959156,0.422728634040844,3148481.08419039,4458,1586
33,2025,9,202509,0.190870117787167,0.213432601937842,0.595697280274991,0.404302719725009,13579971.2161671,8947,3301
35,2025,9,202509,0.194529150110857,0.211577229324713,0.593893620564431,0.406106379435569,37781161.9983013,10027,3469
41,2025,9,202509,0.198305537898196,0.240378302026866,0.561316160074938,0.438683839925062,9908799.85657859,7389,3163
42,2025,9,202509,0.186822163044123,0.238881548164118,0.57429628879176,0.42570371120824,6624417.33825738,7699,3263
43,2025,9,202509,0.187838430868617,0.229617727762637,0.582543841368746,0.417456158631254,9079236.16984205,6483,2657
50,2025,9,202509,0.197210361000174,0.19532449491778,0.607465144082046,0.392534855917954,2213130.46637128,2901,1064
51,2025,9,202509,0.205346133614265,0.193997167037597,0.600656699348138,0.399343300651863,2929544.32409414,3261,1162
52,2025,9,202509,0.203271205717442,0.20159304324476,0.595135751037798,0.404864248962202,6176413.37578226,4146,1481
53,2025,9,202509,0.184099154464123,0.196702166211134,0.619198679324743,0.380801320675257,2602533.96598614,2351,921
11,2025,10,202510,0.248109156398939,0.214185060689835,0.537705782911227,0.462294217088773,1363930.10030039,2017,913
12,2025,10,202510,0.208854627568023,0.235987266620186,0.555158105811791,0.444841894188209,627244.088063265,2086,1048
13,2025,10,202510,0.23603006965452,0.267968273058236,0.496001657287245,0.503998342712755,3276806.12989495,3444,1566
14,2025,10,202510,0.243033565233822,0.266447279087425,0.490519155678753,0.509480844321247,509908.247605076,1441,657
15,2025,10,202510,0.244090535538503,0.279267704691302,0.476641759770195,0.523358240229805,7038551.62549891,4878,2069
16,2025,10,202510,0.238119562277764,0.254577015754084,0.507303421968153,0.492696578031847,579732.144810079,1040,487
17,2025,10,202510,0.235596946773913,0.227659794045399,0.536743259180688,0.463256740819312,1182436.0947817,2099,844
21,2025,10,202510,0.230806963309732,0.265727367931246,0.503465668759023,0.496534331240977,5568656.57567654,8145,3486
22,2025,10,202510,0.215819800643529,0.259568568974101,0.524611630382371,0.47538836961763,2615211.79699858,3077,1264
23,2025,10,202510,0.221372607160443,0.242735640046003,0.535891752793554,0.464108247206446,7132269.00844103,6108,2577
24,2025,10,202510,0.218055494150916,0.22150523022588,0.560439275623203,0.439560724376797,2794899.31667282,2597,1089
25,2025,10,202510,0.230974613414569,0.238503359457264,0.530522027128167,0.469477972871833,3325690.89668835,3924,1609
26,2025,10,202510,0.219061081227436,0.225762820956725,0.555176097815839,0.444823902184161,7875031.5749123,4786,2007
27,2025,10,202510,0.223738137355499,0.228623598005307,0.547638264639194,0.452361735360806,2549340.93394991,4725,2046
28,2025,10,202510,0.218885092613905,0.248980652177854,0.532134255208241,0.467865744791759,1709364.1552758,2124,897
29,2025,10,202510,0.222784208340887,0.239901092849092,0.537314698810021,0.462685301189979,11319370.409962,5913,2206
31,2025,10,202510,0.197265913161742,0.259307358075921,0.543426728762337,0.456573271237663,17524128.5637413,9843,3344
32,2025,10,202510,0.19689355337484,0.244396871038564,0.558709575586596,0.441290424413404,3332080.23981768,4752,1728
33,2025,10,202510,0.184935873029308,0.225095874190621,0.589968252780072,0.410031747219928,14171885.4651,9110,3344
35,2025,10,202510,0.184901263759503,0.228588028052925,0.586510708187572,0.413489291812428,37516729.4785536,10357,3547
41,2025,10,202510,0.18268660146082,0.246394603803895,0.570918794735285,0.429081205264715,9727506.78389114,7350,3066
42,2025,10,202510,0.185426382700909,0.254470374844652,0.560103242454439,0.439896757545561,6438573.22792599,8082,3355
43,2025,10,202510,0.185776324789676,0.246341083765463,0.567882591444861,0.432117408555139,9582287.23129611,7006,2814
50,2025,10,202510,0.202246841368981,0.204573186270463,0.593179972360556,0.406820027639444,2294485.19978734,2998,1140
51,2025,10,202510,0.212514713213021,0.204241909375681,0.583243377411298,0.416756622588702,3032708.37090616,3526,1277
52,2025,10,202510,0.216308479463486,0.210173228043619,0.573518292492895,0.426481707507105,6151068.08022648,4496,1661
53,2025,10,202510,0.187030791421712,0.204405066200921,0.608564142377368,0.391435857622632,2296998.37098859,2243,913
11,2025,11,202511,0.244264755328395,0.262094223969571,0.493641020702034,0.506358979297966,1247822.74092298,1682,752
12,2025,11,202511,0.248431601896513,0.226354460604839,0.525213937498649,0.474786062501352,661495.220310609,1881,1000
13,2025,11,202511,0.229266288795462,0.259475584725355,0.511258126479183,0.488741873520817,3340459.50717717,2902,1342
14,2025,11,202511,0.274260197715689,0.255691775021161,0.47004802726315,0.52995197273685,430676.89778201,1058,482
15,2025,11,202511,0.234258343022114,0.276966181465837,0.488775475512049,0.511224524487951,7197287.16610214,4349,1806
16,2025,11,202511,0.243509536418853,0.232474510647296,0.524015952933851,0.475984047066149,631215.182051066,1313,651
17,2025,11,202511,0.277905631937518,0.239996651591758,0.482097716470724,0.517902283529276,1370759.50654486,1683,667
21,2025,11,202511,0.239371510298703,0.248838761507088,0.511789728194209,0.488210271805791,5614810.765612,6675,2903
22,2025,11,202511,0.211128783127769,0.243978362491047,0.544892854381183,0.455107145618817,3076026.04820162,2891,1182
23,2025,11,202511,0.238474368440791,0.25692287514782,0.504602756411389,0.495397243588611,6882274.99631214,4985,2037
24,2025,11,202511,0.221740438606645,0.244590216671855,0.533669344721499,0.466330655278501,2950509.69292153,2146,889
25,2025,11,202511,0.226999727293176,0.244354727483211,0.528645545223612,0.471354454776388,2940186.09233009,3000,1208
26,2025,11,202511,0.212499974724387,0.2367077988781,0.550792226397513,0.449207773602488,7803416.71943386,4425,1869
27,2025,11,202511,0.221031523577448,0.227372875054569,0.551595601367984,0.448404398632016,2748156.31653787,4782,2159
28,2025,11,202511,0.231574858174614,0.236961192651659,0.531463949173727,0.468536050826273,1569372.59008284,1699,695
29,2025,11,202511,0.211787725993838,0.259782787617584,0.528429486388578,0.471570513611422,10666344.6782264,4647,1662
31,2025,11,202511,0.173367834690464,0.250494004899906,0.57613816040963,0.42386183959037,18961067.89827,8766,3040
32,2025,11,202511,0.188648988343757,0.235265114024564,0.576085897631679,0.423914102368321,3492061.8442041,4075,1398
33,2025,11,202511,0.188759432608373,0.22403481599487,0.587205751396756,0.412794248603243,13455068.0624173,7514,2773
35,2025,11,202511,0.198488543547894,0.218084573265782,0.583426883186324,0.416573116813676,37625707.2185286,8234,2787
41,2025,11,202511,0.191657310700519,0.25540977810714,0.552932911192341,0.447067088807659,9540286.38364011,6167,2606
42,2025,11,202511,0.200768773286285,0.238620853355837,0.560610373357878,0.439389626642122,6320038.71941536,6977,2918
43,2025,11,202511,0.185620721757164,0.234459513723913,0.579919764518923,0.420080235481077,8812915.86206044,5967,2439
50,2025,11,202511,0.213171073728538,0.217886152071599,0.568942774199863,0.431057225800137,2286456.87107989,2445,928
51,2025,11,202511,0.201343897084677,0.210897940573268,0.587758162342055,0.412241837657945,3177767.87442764,3158,1121
52,2025,11,202511,0.214506629487902,0.203902976210307,0.581590394301792,0.418409605698208,5761783.68226358,3381,1222
53,2025,11,202511,0.207922741523856,0.17229481943861,0.619782439037534,0.380217560962466,2669822.41086919,1954,791
11,2025,12,202512,0.251956726829292,0.236753791926119,0.511289481244589,0.488710518755411,1386738.94809647,2075,878
12,2025,12,202512,0.21390602011659,0.246463477095247,0.539630502788163,0.460369497211838,648589.667750111,2099,1069
13,2025,12,202512,0.233277941857135,0.258777357732887,0.507944700409978,0.492055299590022,2961715.07127558,3259,1518
14,2025,12,202512,0.256763381951912,0.255540900525626,0.487695717522462,0.512304282477538,575356.556098761,1574,672
15,2025,12,202512,0.235647293134269,0.264397690780829,0.499955016084902,0.500044983915098,6772439.40895665,4189,1845
16,2025,12,202512,0.234372121808182,0.260577899971778,0.505049978220041,0.49495002177996,744750.622959775,1090,510
17,2025,12,202512,0.234458417011996,0.254802020963477,0.510739562024527,0.489260437975473,1210991.43193556,1588,649
21,2025,12,202512,0.238393103590957,0.237490452916748,0.524116443492295,0.475883556507705,5501701.24339541,7358,3237
22,2025,12,202512,0.21730301966866,0.241628520247296,0.541068460084045,0.458931539915955,2617080.9009248,2956,1202
23,2025,12,202512,0.224806211945415,0.228855961321068,0.546337826733517,0.453662173266483,7359020.98065508,5207,2241
24,2025,12,202512,0.204522196949171,0.233915168284697,0.561562634766132,0.438437365233868,2432767.50910502,2363,1005
25,2025,12,202512,0.229382156763912,0.25280455385953,0.517813289376558,0.482186710623442,3473816.20267478,3401,1429
26,2025,12,202512,0.215993090738615,0.224053507283088,0.559953401978297,0.440046598021703,7598476.46955618,4505,1852
27,2025,12,202512,0.22630501320819,0.228846858457353,0.544848128334457,0.455151871665543,2636233.41386873,4673,2044
28,2025,12,202512,0.237102012434422,0.241631172146747,0.521266815418832,0.478733184581168,1707022.18765347,2107,882
29,2025,12,202512,0.228833400425685,0.238617096921716,0.532549502652599,0.467450497347401,12099085.3113941,5439,1953
31,2025,12,202512,0.194791856012987,0.240521738909552,0.564686405077461,0.435313594922539,18093472.1774197,9447,3321
32,2025,12,202512,0.184541042839455,0.244271204346495,0.571187752814051,0.428812247185949,3045137.12068967,3883,1359
33,2025,12,202512,0.190908441954358,0.214376371190415,0.594715186855227,0.405284813144773,14174349.4660133,8438,3127
35,2025,12,202512,0.199698827960956,0.211132566671982,0.589168605367062,0.410831394632938,37399426.9585056,9254,3245
41,2025,12,202512,0.193953389979158,0.25605624988845,0.549990360132393,0.450009639867607,9834565.25074535,6995,3049
42,2025,12,202512,0.197802128406234,0.237203947260663,0.564993924333103,0.435006075666897,6759037.29977593,7223,2992
43,2025,12,202512,0.20344010263815,0.228039369609354,0.568520527752496,0.431479472247504,9175260.77036237,5898,2373
50,2025,12,202512,0.205160342403786,0.193516346032323,0.601323311563892,0.398676688436108,2106731.4238384,2638,947
51,2025,12,202512,0.21509977801482,0.195947640652703,0.588952581332477,0.411047418667523,2893935.43623319,3206,1138
52,2025,12,202512,0.199566287424478,0.218248164602652,0.58218554797287,0.417814452027131,6335958.28499485,4006,1429
53,2025,12,202512,0.185415573125469,0.190416247643709,0.624168179230822,0.375831820769178,2642204.26840457,1992,786
