horizon,term,estimate,ci_low,ci_high,se,shock_sd,estimate_1sd,ci_low_1sd,ci_high_1sd,nobs,se_method,response_type,spec,shock_series
0,mp_shock_di_pos_x_ph2m,1.0395235058295056,-0.5043452341061578,2.583392245765169,0.9386055480189013,0.017527450539906914,0.018220196833497296,-0.008839886145833455,0.04528027981282805,2457,driscoll_kraay,cumulative,twfe_directional_dummies,DI Surprise
1,mp_shock_di_pos_x_ph2m,1.109954316013079,-1.2642122490041556,3.4841208810303135,1.4433907832987258,0.017527450539906914,0.01945466937547545,-0.02215841766636482,0.061067756417315724,2430,driscoll_kraay,cumulative,twfe_directional_dummies,DI Surprise
2,mp_shock_di_pos_x_ph2m,-1.3726352851224852,-2.8582040282685166,0.11293345802354615,0.9031616666702104,0.017527450539906914,-0.024058797069315387,-0.05009702973843913,0.0019794355998083587,2403,driscoll_kraay,cumulative,twfe_directional_dummies,DI Surprise
3,mp_shock_di_pos_x_ph2m,0.8024112642049818,-1.3900903438900194,2.9949128722999827,1.3329463316188965,0.017527450539906914,0.014064223746016997,-0.02436473974853451,0.0524931872405685,2376,driscoll_kraay,cumulative,twfe_directional_dummies,DI Surprise
4,mp_shock_di_pos_x_ph2m,-1.3174199370289301,-5.417318293793511,2.782478419735651,2.492561216138864,0.017527450539906914,-0.023091012786561855,-0.09495177845339868,0.04876975288027497,2349,driscoll_kraay,cumulative,twfe_directional_dummies,DI Surprise
5,mp_shock_di_pos_x_ph2m,-3.3872464258925468,-6.338896080584799,-0.43559677120029416,1.79447557298017,0.017527450539906914,-0.059369794196308084,-0.11110468753005986,-0.007634900862556304,2322,driscoll_kraay,cumulative,twfe_directional_dummies,DI Surprise
6,mp_shock_di_pos_x_ph2m,-0.006260897979003055,-2.68670077376597,2.6741789778079643,1.6295917350134212,0.017527450539906914,-1.0973757966237921e-4,-0.04709101492771268,0.046871539768387926,2295,driscoll_kraay,cumulative,twfe_directional_dummies,DI Surprise
7,mp_shock_di_pos_x_ph2m,-2.340691501670487,-5.843104884112472,1.1617218807714988,2.129316144034814,0.017527450539906914,-0.0410263545247099,-0.10241473185576988,0.020362022806350084,2268,driscoll_kraay,cumulative,twfe_directional_dummies,DI Surprise
8,mp_shock_di_pos_x_ph2m,-0.5667334993919341,-4.685743787566204,3.5522767887823354,2.5041804454104133,0.017527450539906914,-0.00993339337990049,-0.08212914247924273,0.06226235571944175,2241,driscoll_kraay,cumulative,twfe_directional_dummies,DI Surprise
9,mp_shock_di_pos_x_ph2m,1.084045340823102,-1.0778852358335331,3.245975917479737,1.3143604641973528,0.017527450539906914,0.019000551094293456,-0.01889258015876815,0.05689368234735506,2214,driscoll_kraay,cumulative,twfe_directional_dummies,DI Surprise
10,mp_shock_di_pos_x_ph2m,1.8395519824410709,-0.81280914077103406,4.491913105653175,1.6125210655539732,0.017527450539906914,0.03224265638782358,-0.014246472013248536,0.0787317847888957,2187,driscoll_kraay,cumulative,twfe_directional_dummies,DI Surprise
11,mp_shock_di_pos_x_ph2m,0.4845109955088351,-1.4861391728185696,2.4551611638362396,1.198070233142724,0.017527450539906914,0.008492242509822168,-0.026048230846995653,0.04303271586663999,2160,driscoll_kraay,cumulative,twfe_directional_dummies,DI Surprise
12,mp_shock_di_pos_x_ph2m,1.7374325701832714,-1.3556754884915314,4.830540628858074,1.8804761761126965,0.017527450539906914,0.030452763440310636,-0.02376153507269946,0.08466706195332073,2133,driscoll_kraay,cumulative,twfe_directional_dummies,DI Surprise
13,mp_shock_di_pos_x_ph2m,2.2868757183077473,-0.009411414894857195,4.583162851510352,1.3960434506616146,0.017527450539906914,0.040083101043553136,-1.6495810908015272e-4,0.08033116019618643,2106,driscoll_kraay,cumulative,twfe_directional_dummies,DI Surprise
14,mp_shock_di_pos_x_ph2m,-0.39034228229457263,-1.8535721707230606,1.0728876061339154,0.8895806073275954,0.017527450539906914,-0.006841705046552504,-0.03248839454449634,0.018804984451391334,2079,driscoll_kraay,cumulative,twfe_directional_dummies,DI Surprise
15,mp_shock_di_pos_x_ph2m,-0.32209133812227253,-2.71611137717779,2.0719287009332445,1.4554608384774828,0.017527450539906914,-0.005645439998270566,-0.04760650782436217,0.03631562782782103,2052,driscoll_kraay,cumulative,twfe_directional_dummies,DI Surprise
16,mp_shock_di_pos_x_ph2m,0.6388731376391712,-1.9916474088186369,3.269393684096979,1.599242937703305,0.017527450539906914,0.011197817321245716,-0.034908501451002424,0.05730413609349385,2025,driscoll_kraay,cumulative,twfe_directional_dummies,DI Surprise
17,mp_shock_di_pos_x_ph2m,-0.954675977739122,-4.578971652609734,2.6696196971314903,2.2034153164058656,0.017527450539906914,-0.016733035981459737,-0.08025769916475295,0.04679162720183347,1998,driscoll_kraay,cumulative,twfe_directional_dummies,DI Surprise
18,mp_shock_di_pos_x_ph2m,-0.8826140418031918,-3.3537927406291947,1.5885646570228111,1.5023699728261053,0.017527450539906914,-0.015469973963532778,-0.05878343638247707,0.027843488455411514,1971,driscoll_kraay,cumulative,twfe_directional_dummies,DI Surprise
19,mp_shock_di_pos_x_ph2m,2.4299595565315877,-0.01606025654294152,4.875979369606117,1.4870744563502094,0.017527450539906914,0.042590995941081546,-2.814953522146239e-4,0.08546348723437772,1944,driscoll_kraay,cumulative,twfe_directional_dummies,DI Surprise
20,mp_shock_di_pos_x_ph2m,1.1032275329785093,-2.2380691377734103,4.444524203730429,2.03136413842768,0.017527450539906914,0.019336766018544345,-0.03922764611721556,0.07790117815430427,1917,driscoll_kraay,cumulative,twfe_directional_dummies,DI Surprise
21,mp_shock_di_pos_x_ph2m,-0.30265918961056676,-4.094047668296252,3.4887292890751187,2.305000528048532,0.017527450539906914,-0.005304843976347518,-0.07175821801408379,0.061148530061388755,1890,driscoll_kraay,cumulative,twfe_directional_dummies,DI Surprise
22,mp_shock_di_pos_x_ph2m,0.7481784100540294,-2.2960045525029056,3.792361372610964,1.8507318296758986,0.017527450539906914,0.013113660077248195,-0.04024310623339578,0.06647042638789216,1863,driscoll_kraay,cumulative,twfe_directional_dummies,DI Surprise
23,mp_shock_di_pos_x_ph2m,1.2375329060040539,-2.310185281873812,4.78525109388192,2.156859510017991,0.017527450539906914,0.021690796801493325,-0.04049165826606415,0.0838732518690508,1836,driscoll_kraay,cumulative,twfe_directional_dummies,DI Surprise
24,mp_shock_di_pos_x_ph2m,-0.7585218704430777,-7.096845168703894,5.579801427817738,3.8534269520432027,0.017527450539906914,-0.013294954567628725,-0.12438960268383484,0.09779969354857738,1809,driscoll_kraay,cumulative,twfe_directional_dummies,DI Surprise
25,mp_shock_di_pos_x_ph2m,-1.8404199829960197,-4.061881878196053,0.3810419122040136,1.3505529360185273,0.017527450539906914,-0.03225787022461906,-0.07119443371902552,0.006678693269787402,1782,driscoll_kraay,cumulative,twfe_directional_dummies,DI Surprise
26,mp_shock_di_pos_x_ph2m,-0.8895556631196685,-4.806366110979448,3.0272547847401112,2.38125167107975,0.017527450539906914,-0.015591642887824086,-0.08424334428687703,0.05306005851122885,1755,driscoll_kraay,cumulative,twfe_directional_dummies,DI Surprise
27,mp_shock_di_pos_x_ph2m,3.05338758665078,-1.12817587212727,7.234951045428829,2.542210072836723,0.017527450539906914,0.05351809990418728,-0.019774046799027074,0.12681024660740162,1728,driscoll_kraay,cumulative,twfe_directional_dummies,DI Surprise
28,mp_shock_di_pos_x_ph2m,-1.7206570597896864,-5.459853941003577,2.018539821424204,2.273270289797165,0.017527450539906914,-0.030158731511605384,-0.09569731990605604,0.03537985688284527,1701,driscoll_kraay,cumulative,twfe_directional_dummies,DI Surprise
29,mp_shock_di_pos_x_ph2m,2.5682064951985217,-1.5973949226841797,6.733807913081224,2.532505841023142,0.017527450539906914,0.04501411232085977,-0.027998260500045388,0.11802648514176495,1674,driscoll_kraay,cumulative,twfe_directional_dummies,DI Surprise
30,mp_shock_di_pos_x_ph2m,3.3382571886392474,0.7890760550847693,5.887438322193725,1.5497920859250336,0.017527450539906914,0.058511137763363114,0.013830491527723157,0.10319178399900307,1647,driscoll_kraay,cumulative,twfe_directional_dummies,DI Surprise
31,mp_shock_di_pos_x_ph2m,-2.677956110699173,-7.148601769360814,1.792689547962468,2.7179595712400366,0.017527450539906914,-0.04693774327832124,-0.12529676394196274,0.031421277385320245,1620,driscoll_kraay,cumulative,twfe_directional_dummies,DI Surprise
32,mp_shock_di_pos_x_ph2m,3.773235962046412,-1.2372728676852685,8.783744791778092,3.0461730743896194,0.017527450539906914,0.06613520670016657,-0.021686238992722335,0.15395665239305548,1593,driscoll_kraay,cumulative,twfe_directional_dummies,DI Surprise
33,mp_shock_di_pos_x_ph2m,3.5239195245305166,1.8152285213481638,5.232610527712869,1.038810369010886,0.017527450539906914,0.06176532517282092,0.0318163281265583,0.09171432221908353,1566,driscoll_kraay,cumulative,twfe_directional_dummies,DI Surprise
34,mp_shock_di_pos_x_ph2m,-5.3380212066130355,-7.9651759264546005,-2.71086648677147,1.59719666041693,0.017527450539906914,-0.0935619026798842,-0.13960922709259024,-0.04751457826717816,1539,driscoll_kraay,cumulative,twfe_directional_dummies,DI Surprise
35,mp_shock_di_pos_x_ph2m,4.911387874662974,-1.563623778486706,11.386399527812655,3.9365275712406684,0.017527450539906914,0.08608410805545383,-0.027406338440448104,0.19957455455135575,1512,driscoll_kraay,cumulative,twfe_directional_dummies,DI Surprise
36,mp_shock_di_pos_x_ph2m,3.6171801574446594,1.3292764620084405,5.905083852880878,1.3909466823966332,0.017527450539906914,0.06339994630354397,0.023298827441715395,0.10350106516537255,1485,driscoll_kraay,cumulative,twfe_directional_dummies,DI Surprise
37,mp_shock_di_pos_x_ph2m,0.08318274175649999,-2.3424581688919504,2.5088236524049505,1.4746849633934112,0.017527450539906914,0.0014579813919109032,-0.041057319697054576,0.04397328248087639,1458,driscoll_kraay,cumulative,twfe_directional_dummies,DI Surprise
38,mp_shock_di_pos_x_ph2m,4.678451521167438,-1.1922141118058152,10.549117154140692,3.569111279435722,0.017527450539906914,0.08200132764061453,-0.02089647387765548,0.18489912915888457,1431,driscoll_kraay,cumulative,twfe_directional_dummies,DI Surprise
39,mp_shock_di_pos_x_ph2m,2.1584293009640203,-0.5944231122955741,4.911281714223614,1.6736154318859717,0.017527450539906914,0.03783176281653272,-0.010418721700538208,0.08608224733360365,1404,driscoll_kraay,cumulative,twfe_directional_dummies,DI Surprise
40,mp_shock_di_pos_x_ph2m,-0.9412020680147051,-3.100224498016424,1.2178203619870138,1.312592436570295,0.017527450539906914,-0.016496872695185846,-0.05433903155159061,0.021345286161218918,1377,driscoll_kraay,cumulative,twfe_directional_dummies,DI Surprise
41,mp_shock_di_pos_x_ph2m,3.6486490957535667,1.0079609903944924,6.289337201112641,1.6054243746011956,0.017527450539906914,0.06395151656329673,0.017666986405295054,0.1102360467212984,1350,driscoll_kraay,cumulative,twfe_directional_dummies,DI Surprise
42,mp_shock_di_pos_x_ph2m,-0.00855386685523948,-1.650903156355035,1.6337954226445561,0.998477470936841,0.017527450539906914,-1.499274782301591e-4,-0.028936123419189087,0.02863626846272877,1323,driscoll_kraay,cumulative,twfe_directional_dummies,DI Surprise
43,mp_shock_di_pos_x_ph2m,-2.6655297307183416,-5.809069723266403,0.47801026182971995,1.9111366148574667,0.017527450539906914,-0.04671994051781713,-0.10181818225742263,0.00837830122178837,1296,driscoll_kraay,cumulative,twfe_directional_dummies,DI Surprise
44,mp_shock_di_pos_x_ph2m,4.696351517305275,1.4466798195104444,7.946023215100105,1.9756601101446858,0.017527450539906914,0.082315068937585,0.025356608983550778,0.1392735288916192,1269,driscoll_kraay,cumulative,twfe_directional_dummies,DI Surprise
45,mp_shock_di_pos_x_ph2m,0.0513026556313324,-1.0922799646353232,1.1948852758979878,0.6952488668466759,0.017527450539906914,8.992047591440556e-4,-0.019144883055876902,0.02094329257416501,1242,driscoll_kraay,cumulative,twfe_directional_dummies,DI Surprise
46,mp_shock_di_pos_x_ph2m,0.007778232482059955,-1.60478894598268,1.6203454109467998,0.9803712330643242,0.017527450539906914,1.3633258511720325e-4,-0.028127858877700775,0.028400524047935177,1215,driscoll_kraay,cumulative,twfe_directional_dummies,DI Surprise
47,mp_shock_di_pos_x_ph2m,5.702681005309802,0.6216014941594858,10.783760516460116,3.089077002290747,0.017527450539906914,0.09995345926543418,0.010895089444412625,0.18901182908645572,1188,driscoll_kraay,cumulative,twfe_directional_dummies,DI Surprise
48,mp_shock_di_pos_x_ph2m,-1.7557097997051123,-3.0809135281603037,-0.43050607124992113,0.8056666603892827,0.017527450539906914,-0.03077311667676123,-0.05400055948255983,-0.007545673870962635,1161,driscoll_kraay,cumulative,twfe_directional_dummies,DI Surprise
0,mp_shock_di_neg_x_ph2m,3.82204502697137,-0.1987594329968685,7.842849486939609,2.444475541219003,0.02587225477500834,0.0988849226993569,-0.005142354689431181,0.202912200088145,2457,driscoll_kraay,cumulative,twfe_directional_dummies,DI Surprise
1,mp_shock_di_neg_x_ph2m,2.0191318190429755,-1.1683956010776626,5.2066592391636135,1.9378790719684387,0.02587225477500834,0.052239492846605895,-0.030229028669080296,0.1347080143622921,2430,driscoll_kraay,cumulative,twfe_directional_dummies,DI Surprise
2,mp_shock_di_neg_x_ph2m,3.752836622165186,1.2104044951474835,6.295268749182888,1.5456889812923835,0.02587225477500834,0.09709434521763939,0.03131589347927104,0.16287279695600776,2403,driscoll_kraay,cumulative,twfe_directional_dummies,DI Surprise
3,mp_shock_di_neg_x_ph2m,1.9768658767083789,-2.9044773763244285,6.858209129741186,2.967645979587716,0.02587225477500834,0.0511459776182194,-0.07514537866851338,0.1774373339049522,2376,driscoll_kraay,cumulative,twfe_directional_dummies,DI Surprise
4,mp_shock_di_neg_x_ph2m,4.549772865091148,1.4354665217458824,7.664079208436414,1.893363818102915,0.02587225477500834,0.11771288273405783,0.037138755571604516,0.19828700989651116,2349,driscoll_kraay,cumulative,twfe_directional_dummies,DI Surprise
5,mp_shock_di_neg_x_ph2m,6.924878179517865,3.83403896690136,10.01571739213437,1.879096815650998,0.02587225477500834,0.17916221254638215,0.09919523296898175,0.25912919212378255,2322,driscoll_kraay,cumulative,twfe_directional_dummies,DI Surprise
6,mp_shock_di_neg_x_ph2m,2.9201095774019308,-2.783339398458863,8.623558553262725,3.4674507703347546,0.02587225477500834,0.0755498189574847,-0.07201126604224616,0.22311090395721556,2295,driscoll_kraay,cumulative,twfe_directional_dummies,DI Surprise
7,mp_shock_di_neg_x_ph2m,3.9604465025240887,1.8949190566122716,6.025973948435906,1.2557515222433573,0.02587225477500834,0.10246568093609393,0.049025828610691144,0.15590553326149673,2268,driscoll_kraay,cumulative,twfe_directional_dummies,DI Surprise
8,mp_shock_di_neg_x_ph2m,4.142152493464332,-1.2938947645334453,9.578199751462108,3.304882069094989,0.02587225477500834,0.10716682462784526,-0.03347597500005872,0.24780962425574923,2241,driscoll_kraay,cumulative,twfe_directional_dummies,DI Surprise
9,mp_shock_di_neg_x_ph2m,0.5090372175742793,-4.484487189398738,5.5025616245472975,3.035847278537413,0.02587225477500834,0.013169940583043108,-0.11602379509938524,0.14236367626547147,2214,driscoll_kraay,cumulative,twfe_directional_dummies,DI Surprise
10,mp_shock_di_neg_x_ph2m,4.552146826515579,1.8143644750430736,7.289929177988085,1.6644534848651789,0.02587225477500834,0.11777430246885676,0.04694169995303866,0.18860690498467483,2187,driscoll_kraay,cumulative,twfe_directional_dummies,DI Surprise
11,mp_shock_di_neg_x_ph2m,4.222509491959611,-2.466082705104914,10.911101689024136,4.066375322077129,0.02587225477500834,0.1092458413658701,-0.0638031200427161,0.28229480277445623,2160,driscoll_kraay,cumulative,twfe_directional_dummies,DI Surprise
12,mp_shock_di_neg_x_ph2m,0.7279682431066806,-6.171506280518332,7.627442766731693,4.194582673239027,0.02587225477500834,0.01883417985377125,-0.15967078283513436,0.19733914254267684,2133,driscoll_kraay,cumulative,twfe_directional_dummies,DI Surprise
13,mp_shock_di_neg_x_ph2m,3.8249358610614475,-0.22786085556719948,7.877732577690095,2.463925452223973,0.02587225477500834,0.09895971509544767,-0.005895274108485962,0.2038147042993813,2106,driscoll_kraay,cumulative,twfe_directional_dummies,DI Surprise
14,mp_shock_di_neg_x_ph2m,2.4576197455853035,-1.2936115404914217,6.208851031662029,2.280586688451518,0.02587225477500834,0.06358416419787415,-0.033468647355485076,0.16063697575123337,2079,driscoll_kraay,cumulative,twfe_directional_dummies,DI Surprise
15,mp_shock_di_neg_x_ph2m,1.0354801506550884,-5.399263368784131,7.470223670094307,3.9120462842430563,0.02587225477500834,0.026790206272212465,-0.13969111747455285,0.19327153001897776,2052,driscoll_kraay,cumulative,twfe_directional_dummies,DI Surprise
16,mp_shock_di_neg_x_ph2m,2.6596934063587727,-1.7003372129957337,7.019724025713279,2.650710402381075,0.02587225477500834,0.06881226543272395,-0.043991557578053245,0.18161608844350113,2025,driscoll_kraay,cumulative,twfe_directional_dummies,DI Surprise
17,mp_shock_di_neg_x_ph2m,3.8722487008646564,-0.9473142377157475,8.69181163944506,2.93008621533872,0.02587225477500834,0.10018380494096545,-0.024509155310174634,0.2248767651921055,1998,driscoll_kraay,cumulative,twfe_directional_dummies,DI Surprise
18,mp_shock_di_neg_x_ph2m,1.1840448143925006,-3.433013595491032,5.801103224276034,2.8069722036243845,0.02587225477500834,0.03063390910299024,-0.0888198023886114,0.15008762059459188,1971,driscoll_kraay,cumulative,twfe_directional_dummies,DI Surprise
19,mp_shock_di_neg_x_ph2m,1.3897810794774452,-3.025320684224046,5.8048828431789365,2.684191280828024,0.02587225477500834,0.03595677016972658,-0.07827186751834707,0.15018540785780024,1944,driscoll_kraay,cumulative,twfe_directional_dummies,DI Surprise
20,mp_shock_di_neg_x_ph2m,3.779366539852367,-1.3074538031956404,8.866186882900374,3.0925671802638064,0.02587225477500834,0.09778073400720215,-0.03382677790283122,0.2293882459172355,1917,driscoll_kraay,cumulative,twfe_directional_dummies,DI Surprise
21,mp_shock_di_neg_x_ph2m,0.6142754880462178,-2.1342779234927973,3.362828899585233,1.6710018244195453,0.02587225477500834,0.015892691928774336,-0.05521858219728141,0.08700396605483009,1890,driscoll_kraay,cumulative,twfe_directional_dummies,DI Surprise
22,mp_shock_di_neg_x_ph2m,0.43038543178473165,-3.5145652694194425,4.375336132988906,2.398359730352203,0.02587225477500834,0.011135041542586549,-0.09092972807381564,0.11319981115898875,1863,driscoll_kraay,cumulative,twfe_directional_dummies,DI Surprise
23,mp_shock_di_neg_x_ph2m,5.263766823370025,-0.555041914013418,11.082575560753469,3.5375845254801614,0.02587225477500834,0.1361855163304656,-0.014360185810163422,0.2867312184710947,1836,driscoll_kraay,cumulative,twfe_directional_dummies,DI Surprise
24,mp_shock_di_neg_x_ph2m,1.4717064701000768,-1.8274656552304451,4.770878595430599,2.005754233247563,0.02587225477500834,0.03807636474845738,-0.04728065702469963,0.12343338652161438,1809,driscoll_kraay,cumulative,twfe_directional_dummies,DI Surprise
25,mp_shock_di_neg_x_ph2m,0.5217390428359207,-3.2550874759493267,4.298565561621168,2.2961474850410357,0.02587225477500834,0.01349856544231993,-0.08421645249269981,0.11121358337733968,1782,driscoll_kraay,cumulative,twfe_directional_dummies,DI Surprise
26,mp_shock_di_neg_x_ph2m,2.048285907285351,-1.3319462351602454,5.428518049730948,2.0550352244475576,0.02587225477500834,0.05299377484534572,-0.03446045234267904,0.14044800203337046,1755,driscoll_kraay,cumulative,twfe_directional_dummies,DI Surprise
27,mp_shock_di_neg_x_ph2m,0.8452861971073158,-1.512526731661034,3.2030991258756654,1.433448478414616,0.02587225477500834,0.02186945984935839,-0.03913247695554495,0.08287139665426173,1728,driscoll_kraay,cumulative,twfe_directional_dummies,DI Surprise
28,mp_shock_di_neg_x_ph2m,-0.8615259484351862,-5.613827463472709,3.8907755666023367,2.889194173371714,0.02587225477500834,-0.022289618833195832,-0.14524237439790474,0.10066313673151309,1701,driscoll_kraay,cumulative,twfe_directional_dummies,DI Surprise
29,mp_shock_di_neg_x_ph2m,-0.22473895941963767,-4.719116785217431,4.269638866378156,2.732387704386533,0.02587225477500834,-0.005814503615975126,-0.12209419178016369,0.11046518454821345,1674,driscoll_kraay,cumulative,twfe_directional_dummies,DI Surprise
30,mp_shock_di_neg_x_ph2m,2.422110058213894,0.11774192104495373,4.7264781953828345,1.4009563522316546,0.02587225477500834,0.06266544851922015,0.0030462489789739593,0.12228464805946634,1647,driscoll_kraay,cumulative,twfe_directional_dummies,DI Surprise
31,mp_shock_di_neg_x_ph2m,1.1126119592361836,-2.8775989600139815,5.102822878486348,2.4258759891270794,0.02587225477500834,0.028785780075079734,-0.07444997343378076,0.13202153358394023,1620,driscoll_kraay,cumulative,twfe_directional_dummies,DI Surprise
32,mp_shock_di_neg_x_ph2m,0.6799441730936147,-4.869668370526303,6.229556716713533,3.3739248603569814,0.02587225477500834,0.017591688879060367,-0.12598930075205622,0.16117267851017697,1593,driscoll_kraay,cumulative,twfe_directional_dummies,DI Surprise
33,mp_shock_di_neg_x_ph2m,2.90170873351771,0.2859589088278769,5.517458558207543,1.590262976492197,0.02587225477500834,0.07507374763643697,0.0073984017443782125,0.14274909352849574,1566,driscoll_kraay,cumulative,twfe_directional_dummies,DI Surprise
34,mp_shock_di_neg_x_ph2m,2.552428557134888,0.5736460139992494,4.531211100270527,1.2030143659670571,0.02587225477500834,0.06603708192520075,0.014841515824856582,0.11723264802554494,1539,driscoll_kraay,cumulative,twfe_directional_dummies,DI Surprise
35,mp_shock_di_neg_x_ph2m,3.792714146635845,-0.46217822284313925,8.04760651611483,2.586790885074005,0.02587225477500834,0.09812606669054091,-0.011957592732858279,0.20820972611394012,1512,driscoll_kraay,cumulative,twfe_directional_dummies,DI Surprise
36,mp_shock_di_neg_x_ph2m,4.610766107217593,1.9660592288988834,7.2554729855363025,1.607867615077908,0.02587225477500834,0.11929091543390698,0.05086638527282835,0.18771544559498562,1485,driscoll_kraay,cumulative,twfe_directional_dummies,DI Surprise
37,mp_shock_di_neg_x_ph2m,5.016946636805164,1.7832730423137342,8.250620231296594,1.9659339539437533,0.02587225477500834,0.12979972158004444,0.04613729448414516,0.2134621486759437,1458,driscoll_kraay,cumulative,twfe_directional_dummies,DI Surprise
38,mp_shock_di_neg_x_ph2m,4.003066027160472,1.027382198958311,6.978749855362633,1.8090873129648717,0.02587225477500834,0.10356834413587618,0.02658069400275773,0.18055599426899463,1431,driscoll_kraay,cumulative,twfe_directional_dummies,DI Surprise
39,mp_shock_di_neg_x_ph2m,3.3662355982286645,-0.25337282037912745,6.985844016836456,2.2005656669379623,0.02587225477500834,0.08709210503007461,-0.00655532616191121,0.18073953622206043,1404,driscoll_kraay,cumulative,twfe_directional_dummies,DI Surprise
40,mp_shock_di_neg_x_ph2m,3.2605926527596423,-4.271208599059005,10.792393904578288,4.579010027644762,0.02587225477500834,0.08435888382971776,-0.11050579707206101,0.2792235647314965,1377,driscoll_kraay,cumulative,twfe_directional_dummies,DI Surprise
41,mp_shock_di_neg_x_ph2m,4.980966159614522,2.420977584926877,7.540954734302167,1.5563625435974264,0.02587225477500834,0.12886882550724177,0.06263614888181254,0.19510150213267097,1350,driscoll_kraay,cumulative,twfe_directional_dummies,DI Surprise
42,mp_shock_di_neg_x_ph2m,4.493330891372772,-0.39463047272736596,9.38129225547291,2.9716695054254507,0.02587225477500834,0.11625260161001169,-0.010209980132384392,0.24271518335240777,1323,driscoll_kraay,cumulative,twfe_directional_dummies,DI Surprise
43,mp_shock_di_neg_x_ph2m,0.8908980453322833,-5.095952474991302,6.877748565655869,3.639746675465255,0.02587225477500834,0.023049541207393765,-0.13184378075430928,0.17794286316909683,1296,driscoll_kraay,cumulative,twfe_directional_dummies,DI Surprise
44,mp_shock_di_neg_x_ph2m,4.82241928248434,1.6952060708480778,7.949632494120602,1.9012106368590111,0.02587225477500834,0.12476686030834776,0.04385880336112231,0.2056749172555732,1269,driscoll_kraay,cumulative,twfe_directional_dummies,DI Surprise
45,mp_shock_di_neg_x_ph2m,6.022922398329883,-1.06269735846364,13.108542155123406,4.307750939471632,0.02587225477500834,0.155826582779695,-0.027494376806899663,0.33914754236628963,1242,driscoll_kraay,cumulative,twfe_directional_dummies,DI Surprise
46,mp_shock_di_neg_x_ph2m,4.324699062500855,-2.2784567573472154,10.927854882348925,4.0144336928545945,0.02587225477500834,0.11188971597026183,-0.05894881371992651,0.2827282456604502,1215,driscoll_kraay,cumulative,twfe_directional_dummies,DI Surprise
47,mp_shock_di_neg_x_ph2m,8.302921361551185,6.87580301924295,9.73003970385942,0.8676263461528907,0.02587225477500834,0.2148152968429114,0.17789252749662515,0.25173806618919764,1188,driscoll_kraay,cumulative,twfe_directional_dummies,DI Surprise
48,mp_shock_di_neg_x_ph2m,7.402179906289388,-0.32072588292714954,15.125085695505925,4.695193336765149,0.02587225477500834,0.1915110844259664,-0.00829790175603071,0.39132007060796353,1161,driscoll_kraay,cumulative,twfe_directional_dummies,DI Surprise
0,mp_shock_di_pos_x_wh2m,1.3115012889239896,-1.772308964577374,4.395311542425353,1.8748235119357195,0.007148263546577659,0.00937495685490497,-0.012668931564761237,0.03141884527457118,2457,driscoll_kraay,cumulative,twfe_directional_dummies,DI Surprise
1,mp_shock_di_pos_x_wh2m,1.1864124222184085,-2.3690519721144487,4.741876816551265,2.1615688691537014,0.007148263546577659,0.008480788668950752,-0.016934607852213627,0.03389618519011513,2430,driscoll_kraay,cumulative,twfe_directional_dummies,DI Surprise
2,mp_shock_di_pos_x_wh2m,-3.482703039811375,-6.169676486395556,-0.7957295932271942,1.6335638640163666,0.007148263546577659,-0.024895279183038854,-0.04410247352187869,-0.005688084844199021,2403,driscoll_kraay,cumulative,twfe_directional_dummies,DI Surprise
3,mp_shock_di_pos_x_wh2m,0.8600639411146085,-2.577391082605149,4.2975189648343655,2.0898242660598596,0.007148263546577659,0.006147963717995471,-0.018423870721060713,0.030719798157051652,2376,driscoll_kraay,cumulative,twfe_directional_dummies,DI Surprise
4,mp_shock_di_pos_x_wh2m,-2.9158231103475356,-9.925871615732945,4.094225395037872,4.261806880881946,0.007148263546577659,-0.020843072047965976,-0.0709527462387537,0.02926660214282174,2349,driscoll_kraay,cumulative,twfe_directional_dummies,DI Surprise
5,mp_shock_di_pos_x_wh2m,-6.966853865238755,-12.36895223776559,-1.56475549271192,3.28424261223714,0.007148263546577659,-0.04980090751921985,-0.08841653039057994,-0.011185284647859782,2322,driscoll_kraay,cumulative,twfe_directional_dummies,DI Surprise
6,mp_shock_di_pos_x_wh2m,0.7763885792975748,-4.49487920768286,6.0476563662780105,3.204703263931189,0.007148263546577659,0.005549830179372072,-0.03213058118654926,0.04323024154529341,2295,driscoll_kraay,cumulative,twfe_directional_dummies,DI Surprise
7,mp_shock_di_pos_x_wh2m,-4.499508355277747,-10.140123798460401,1.1411070879049072,3.4292506948699275,0.007148263546577659,-0.03216367155355352,-0.07248427730631907,0.008156934199212037,2268,driscoll_kraay,cumulative,twfe_directional_dummies,DI Surprise
8,mp_shock_di_pos_x_wh2m,-0.7607591695509922,-7.783368539444176,6.261850200342192,4.269443344274167,0.007148263546577659,-0.00543810703942605,-0.0556375696000882,0.0447613555212361,2241,driscoll_kraay,cumulative,twfe_directional_dummies,DI Surprise
9,mp_shock_di_pos_x_wh2m,1.7724747376166476,-2.862868045313652,6.407817520546947,2.8180883131353895,0.007148263546577659,0.012670116554134884,-0.020464535286977618,0.045804768395247386,2214,driscoll_kraay,cumulative,twfe_directional_dummies,DI Surprise
10,mp_shock_di_pos_x_wh2m,2.6760411106722444,-2.5456769701819075,7.897759191526396,3.174579181572495,0.007148263546577659,0.019129047120561595,-0.018197169887313593,0.05645526412843679,2187,driscoll_kraay,cumulative,twfe_directional_dummies,DI Surprise
11,mp_shock_di_pos_x_wh2m,0.17992739665175073,-2.852535553187443,3.2123903464909445,1.843606567874055,0.007148263546577659,0.001286168450516329,-0.020390675910166536,0.022963012811199193,2160,driscoll_kraay,cumulative,twfe_directional_dummies,DI Surprise
12,mp_shock_di_pos_x_wh2m,3.2297137126841258,-2.223386753563194,8.682814178931446,3.315249683556314,0.007148263546577659,0.023086844798261928,-0.015893354480439426,0.062067044076963285,2133,driscoll_kraay,cumulative,twfe_directional_dummies,DI Surprise
13,mp_shock_di_pos_x_wh2m,3.319645358028754,-0.4022476331757203,7.041538349233228,2.262750271647291,0.007148263546577659,0.023729699900362687,-0.002875372092927144,0.050334771893652513,2106,driscoll_kraay,cumulative,twfe_directional_dummies,DI Surprise
14,mp_shock_di_pos_x_wh2m,-0.5356040425305015,-3.3738676084299035,2.3026595233689005,1.725541725654802,0.007148263546577659,-0.0038286388526204145,-0.024117294836318626,0.0164600171310778,2079,driscoll_kraay,cumulative,twfe_directional_dummies,DI Surprise
15,mp_shock_di_pos_x_wh2m,-0.8262314311153715,-5.701683851310792,4.049220989080048,2.9640646075185764,0.007148263546577659,-0.0059061200200787,-0.040757138828435444,0.02894489878827804,2052,driscoll_kraay,cumulative,twfe_directional_dummies,DI Surprise
16,mp_shock_di_pos_x_wh2m,0.6324665381203064,-4.32792190034715,5.592854976587763,3.0157020401024432,0.007148263546577659,0.004521037498875556,-0.03093712635268664,0.039979201350437754,2025,driscoll_kraay,cumulative,twfe_directional_dummies,DI Surprise
17,mp_shock_di_pos_x_wh2m,-0.0579339016591984,-6.2631713868966346,6.147303583578238,3.7725165227851067,0.007148263546577659,-4.141267973414629e-4,-0.044770799710921454,0.04394254611623853,1998,driscoll_kraay,cumulative,twfe_directional_dummies,DI Surprise
18,mp_shock_di_pos_x_wh2m,-1.907349173849533,-6.488739657392617,2.6740413096935507,2.7852876441255825,0.007148263546577659,-0.013634234570023631,-0.04638322115617245,0.01911475201612519,1971,driscoll_kraay,cumulative,twfe_directional_dummies,DI Surprise
19,mp_shock_di_pos_x_wh2m,3.580454650534087,-1.4660827528690104,8.626992053937185,3.068076891897195,0.007148263546577659,0.025594033458587268,-0.01047994589859977,0.061668012815774303,1944,driscoll_kraay,cumulative,twfe_directional_dummies,DI Surprise
20,mp_shock_di_pos_x_wh2m,2.2299218758466366,-3.5484995124633403,8.008343264156613,3.513030760688141,0.007148263546577659,0.015940069256830586,-0.025365609709990293,0.05724574822365146,1917,driscoll_kraay,cumulative,twfe_directional_dummies,DI Surprise
21,mp_shock_di_pos_x_wh2m,-0.7876332165725004,-7.820989694220081,6.24572326107508,4.275977121856744,0.007148263546577659,-0.005630209810098911,-0.05590649552935296,0.044646075909155133,1890,driscoll_kraay,cumulative,twfe_directional_dummies,DI Surprise
22,mp_shock_di_pos_x_wh2m,0.25744338362291874,-6.569140358677453,7.08402712592329,4.1502682247493246,0.007148263546577659,0.001840273154459318,-0.046957946558286126,0.05063849286720476,1863,driscoll_kraay,cumulative,twfe_directional_dummies,DI Surprise
23,mp_shock_di_pos_x_wh2m,2.8152541320238074,-2.9541553928197732,8.584663656867388,3.50755193672549,0.007148263546577659,0.02012417848629791,-0.02111708130541939,0.06136543827801521,1836,driscoll_kraay,cumulative,twfe_directional_dummies,DI Surprise
24,mp_shock_di_pos_x_wh2m,-2.021185774417462,-13.160081111869106,9.11770956303418,6.77196752035388,0.007148263546577659,-0.01444796859212968,-0.09407172808197913,0.06517579089771976,1809,driscoll_kraay,cumulative,twfe_directional_dummies,DI Surprise
25,mp_shock_di_pos_x_wh2m,-3.579446500881092,-7.657559708671369,0.4986667069091846,2.47931678598572,0.007148263546577659,-0.025586826939173267,-0.054738254921237385,0.00356460104289085,1782,driscoll_kraay,cumulative,twfe_directional_dummies,DI Surprise
26,mp_shock_di_pos_x_wh2m,-0.6973990452148869,-7.3606135894564115,5.965815499026638,4.050946804665502,0.007148263546577659,-0.004985192172327641,-0.0526156058019554,0.042645221457300125,1755,driscoll_kraay,cumulative,twfe_directional_dummies,DI Surprise
27,mp_shock_di_pos_x_wh2m,4.971590514354219,-2.4498879173937578,12.393068946102195,4.511938515467026,0.007148263546577659,0.03553823924226954,-0.01751244449310686,0.08858892297764594,1728,driscoll_kraay,cumulative,twfe_directional_dummies,DI Surprise
28,mp_shock_di_pos_x_wh2m,-4.109995673517268,-11.155273055662983,2.9352817086284464,4.283224517188953,0.007148263546577659,-0.029379332249595384,-0.07974083173591567,0.02098216723672491,1701,driscoll_kraay,cumulative,twfe_directional_dummies,DI Surprise
29,mp_shock_di_pos_x_wh2m,4.54772415151029,-2.874137540203791,11.969585843224372,4.512171520981819,0.007148263546577659,0.032508330772131826,-0.02054509260648914,0.08556175415075279,1674,driscoll_kraay,cumulative,twfe_directional_dummies,DI Surprise
30,mp_shock_di_pos_x_wh2m,5.941933983330937,1.1394187709220924,10.744449195739783,2.9197219337441602,0.007148263546577659,0.042474510089215524,0.008144865664468714,0.07680415451396234,1647,driscoll_kraay,cumulative,twfe_directional_dummies,DI Surprise
31,mp_shock_di_pos_x_wh2m,-5.875141312795405,-14.410998329168383,2.660715703577573,5.189432589325964,0.007148263546577659,-0.04199705847724781,-0.1030136140261859,0.019019497071690292,1620,driscoll_kraay,cumulative,twfe_directional_dummies,DI Surprise
32,mp_shock_di_pos_x_wh2m,6.962137309227581,-2.2311765264546093,16.15545114490977,5.58913795431198,0.007148263546577659,0.049767192333819786,-0.015949037830035248,0.1154834224976748,1593,driscoll_kraay,cumulative,twfe_directional_dummies,DI Surprise
33,mp_shock_di_pos_x_wh2m,6.696749717825966,3.208091181201637,10.185408254450296,2.120953791548077,0.007148263546577659,0.04787013188848958,0.022932281244680924,0.07280798253229824,1566,driscoll_kraay,cumulative,twfe_directional_dummies,DI Surprise
34,mp_shock_di_pos_x_wh2m,-10.1084414934014,-14.48027903756376,-5.736603949239042,2.6578885029818777,0.007148263546577659,-0.07225780383999426,-0.10350885078848965,-0.04100675689149888,1539,driscoll_kraay,cumulative,twfe_directional_dummies,DI Surprise
35,mp_shock_di_pos_x_wh2m,8.62300302361739,-3.0678072856122807,20.31381333284706,7.107507998080725,0.007148263546577659,0.06163949817575312,-0.021929494987667622,0.14520849133917388,1512,driscoll_kraay,cumulative,twfe_directional_dummies,DI Surprise
36,mp_shock_di_pos_x_wh2m,6.704627541203189,3.027319792304383,10.381935290101996,2.235644368985119,0.007148263546577659,0.04792644464616336,0.02164007971516247,0.07421280957716425,1485,driscoll_kraay,cumulative,twfe_directional_dummies,DI Surprise
37,mp_shock_di_pos_x_wh2m,-1.2678419200496385,-5.844924714553208,3.309240874453932,2.782668755144259,0.007148263546577659,-0.009062868179913858,-0.04178106226953153,0.023655325909703817,1458,driscoll_kraay,cumulative,twfe_directional_dummies,DI Surprise
38,mp_shock_di_pos_x_wh2m,8.288468634754688,-2.224904064220608,18.801841333729982,6.3916767587767085,0.007148263546577659,0.05924815819876923,-0.015904200616900652,0.1344005170144391,1431,driscoll_kraay,cumulative,twfe_directional_dummies,DI Surprise
39,mp_shock_di_pos_x_wh2m,4.503765831544834,-0.22545615034556477,9.232987813435233,2.875162813517586,0.007148263546577659,0.032194105115953955,-0.0016116199808669327,0.06599983021277485,1404,driscoll_kraay,cumulative,twfe_directional_dummies,DI Surprise
40,mp_shock_di_pos_x_wh2m,-3.1827629899847736,-7.147161678271719,0.7816356983021722,2.4101832669661056,0.007148263546577659,-0.022751228658704672,-0.051089795286286536,0.005587337968877191,1377,driscoll_kraay,cumulative,twfe_directional_dummies,DI Surprise
41,mp_shock_di_pos_x_wh2m,7.079335788805425,1.6328533252429667,12.525818252367884,3.3112262236104417,0.007148263546577659,0.05060495795310042,0.011672065901742412,0.08953785000445842,1350,driscoll_kraay,cumulative,twfe_directional_dummies,DI Surprise
42,mp_shock_di_pos_x_wh2m,1.2149359690954515,-2.153371539265045,4.583243477455948,2.047785561687473,0.007148263546577659,0.008684682499311017,-0.015392867276366143,0.03276223227498818,1323,driscoll_kraay,cumulative,twfe_directional_dummies,DI Surprise
43,mp_shock_di_pos_x_wh2m,-6.021703339788245,-11.600944460206122,-0.4424622193703671,3.391937756041124,0.007148263546577659,-0.04304472247211326,-0.08292660839076346,-0.003162836553463043,1296,driscoll_kraay,cumulative,twfe_directional_dummies,DI Surprise
44,mp_shock_di_pos_x_wh2m,8.334321461369777,2.7618277280835066,13.906815194656048,3.3878356359369093,0.007148263546577659,0.05957592628776942,0.019742272470586728,0.09940958010495211,1269,driscoll_kraay,cumulative,twfe_directional_dummies,DI Surprise
45,mp_shock_di_pos_x_wh2m,0.608304845146257,-1.2627955290695163,2.47940521936203,1.1375482556971477,0.007148263546577659,0.004348323349765557,-0.009026795247228872,0.017723441946759986,1242,driscoll_kraay,cumulative,twfe_directional_dummies,DI Surprise
46,mp_shock_di_pos_x_wh2m,-0.963658189010876,-4.130051857780348,2.2027354797585965,1.925030663450573,0.007148263546577659,-0.006888482703867488,-0.029522699140446602,0.015745733732711625,1215,driscoll_kraay,cumulative,twfe_directional_dummies,DI Surprise
47,mp_shock_di_pos_x_wh2m,9.752810130145557,0.6985740015734176,18.807046258717698,5.504584712107802,0.007148263546577659,0.06971565713001279,0.0049935910700341455,0.13443772318999148,1188,driscoll_kraay,cumulative,twfe_directional_dummies,DI Surprise
48,mp_shock_di_pos_x_wh2m,-2.5125805051726284,-5.2664252286598625,0.2412642183146061,1.6742187136682416,0.007148263546577659,-0.01796058763296718,-0.03764579548280621,0.0017246202168718528,1161,driscoll_kraay,cumulative,twfe_directional_dummies,DI Surprise
0,mp_shock_di_neg_x_wh2m,6.55103250858007,-0.4691062890694395,13.57117130622958,4.267941342999894,0.010652764120874755,0.06978660406208591,-0.0049972786450756266,0.14457048676924744,2457,driscoll_kraay,cumulative,twfe_directional_dummies,DI Surprise
1,mp_shock_di_neg_x_wh2m,2.750375493334409,-2.8663763163896414,8.36712730305846,3.4147426358745316,0.010652764120874755,0.029299101374325995,-0.030534830780160716,0.08913303352881272,2430,driscoll_kraay,cumulative,twfe_directional_dummies,DI Surprise
2,mp_shock_di_neg_x_wh2m,6.7113045397082765,2.896926419678535,10.525682659738017,2.318977237566852,0.010652764120874755,0.0714939442048682,0.030860273824365663,0.11212761458537071,2403,driscoll_kraay,cumulative,twfe_directional_dummies,DI Surprise
3,mp_shock_di_neg_x_wh2m,3.0928569591533903,-5.563521883421014,11.749235801727796,5.262704656959604,0.010652764120874755,0.03294747564546703,-0.059266886305408925,0.125161837596343,2376,driscoll_kraay,cumulative,twfe_directional_dummies,DI Surprise
4,mp_shock_di_neg_x_wh2m,6.871634409130001,1.2385290813750185,12.504739736884984,3.4246848688872285,0.010652764120874755,0.07320190048534847,0.013193758160731766,0.13321004280996518,2349,driscoll_kraay,cumulative,twfe_directional_dummies,DI Surprise
5,mp_shock_di_neg_x_wh2m,12.443244888237084,7.171154626245826,17.71533515022834,3.205203293233095,0.010652764120874755,0.1325549526926702,0.07639261870771655,0.18871728667762386,2322,driscoll_kraay,cumulative,twfe_directional_dummies,DI Surprise
6,mp_shock_di_neg_x_wh2m,5.322052928472042,-5.115300133634063,15.759405990578147,6.345460101182633,0.010652764120874755,0.056694574485823386,-0.05449208573108279,0.16788123470272956,2295,driscoll_kraay,cumulative,twfe_directional_dummies,DI Surprise
7,mp_shock_di_neg_x_wh2m,5.8937962504292205,1.6522049572289106,10.13538754362953,2.5787044048786054,0.010652764120874755,0.06278522123231857,0.01760054968869955,0.10796989277593758,2268,driscoll_kraay,cumulative,twfe_directional_dummies,DI Surprise
8,mp_shock_di_neg_x_wh2m,7.8140043460075,-1.2486278643543232,16.876636556369323,5.509689167393129,0.010652764120874755,0.0832407451375081,-0.013301338113718204,0.1797828283887344,2241,driscoll_kraay,cumulative,twfe_directional_dummies,DI Surprise
9,mp_shock_di_neg_x_wh2m,0.66373081603649,-8.0179132603616,9.34537489243458,5.278064828472562,0.010652764120874755,0.007070567822992443,-0.08541293870426599,0.09955407435025086,2214,driscoll_kraay,cumulative,twfe_directional_dummies,DI Surprise
10,mp_shock_di_neg_x_wh2m,6.793822535260379,1.9091723973838306,11.678472673136927,2.9696564228208135,0.010652764120874755,0.07237298894721213,0.020337963215414912,0.12440801467900935,2187,driscoll_kraay,cumulative,twfe_directional_dummies,DI Surprise
11,mp_shock_di_neg_x_wh2m,7.280269690851321,-4.2603823631117335,18.820921744814374,7.0162182609234325,0.010652764120874755,0.07755499575299289,-0.045384848378964275,0.20049483988495007,2160,driscoll_kraay,cumulative,twfe_directional_dummies,DI Surprise
12,mp_shock_di_neg_x_wh2m,0.9885263226580383,-11.21373310961096,13.190785754927035,7.418446986607764,0.010652764120874755,0.010530537742551811,-0.11945725373112893,0.14051832921623253,2133,driscoll_kraay,cumulative,twfe_directional_dummies,DI Surprise
13,mp_shock_di_neg_x_wh2m,5.841253762633144,-1.1987137885864785,12.881221313852766,4.279996369201139,0.010652764120874755,0.06222549850350302,-0.012769615238251885,0.13722061224525792,2106,driscoll_kraay,cumulative,twfe_directional_dummies,DI Surprise
14,mp_shock_di_neg_x_wh2m,4.308476076409961,-2.5537376068209543,11.170689759640876,4.171929690758661,0.010652764120874755,0.04589717936242727,-0.027204364352070826,0.11899872307692537,2079,driscoll_kraay,cumulative,twfe_directional_dummies,DI Surprise
15,mp_shock_di_neg_x_wh2m,1.910124705631196,-9.548118720411585,13.368368131673977,6.966117372570827,0.010652764120874755,0.020348107930544458,-0.10171385652665312,0.14241007238774203,2052,driscoll_kraay,cumulative,twfe_directional_dummies,DI Surprise
16,mp_shock_di_neg_x_wh2m,3.5436296470220707,-3.7698403966498457,10.857099690693987,4.446274078032408,0.010652764120874755,0.03774945076146479,-0.04015922051885573,0.1156581220417853,2025,driscoll_kraay,cumulative,twfe_directional_dummies,DI Surprise
17,mp_shock_di_neg_x_wh2m,7.154613506808505,-1.269458650542199,15.57868566415921,5.121472220579078,0.010652764120874755,0.07621641006405555,-0.013523243565430021,0.16595606369354113,1998,driscoll_kraay,cumulative,twfe_directional_dummies,DI Surprise
18,mp_shock_di_neg_x_wh2m,2.3835375317430914,-6.080775662292016,10.847850725778198,5.145937033754573,0.010652764120874755,0.025391263098911175,-0.06477706880235282,0.11555959500017515,1971,driscoll_kraay,cumulative,twfe_directional_dummies,DI Surprise
19,mp_shock_di_neg_x_wh2m,1.7703208941286082,-5.875359815184213,9.41600160344143,4.648243821842753,0.010652764120874755,0.018858810903408154,-0.06258882223642372,0.10030644404324003,1944,driscoll_kraay,cumulative,twfe_directional_dummies,DI Surprise
20,mp_shock_di_neg_x_wh2m,6.527825646799391,-2.15106426573883,15.206715559337612,5.27639041573775,0.010652764120874755,0.06953938683755059,-0.022914780231758407,0.1619935539068596,1917,driscoll_kraay,cumulative,twfe_directional_dummies,DI Surprise
21,mp_shock_di_neg_x_wh2m,0.9757134735712297,-4.164840842008707,6.116267789151167,3.1252351159703524,0.010652764120874755,0.010394045483513675,-0.044367067090904155,0.06515515805793151,1890,driscoll_kraay,cumulative,twfe_directional_dummies,DI Surprise
22,mp_shock_di_neg_x_wh2m,-0.11179874537350491,-6.695224126513294,6.471626635766285,4.002438437845279,0.010652764120874755,-0.0011909656634736857,-0.07132264335613583,0.06894071202918847,1863,driscoll_kraay,cumulative,twfe_directional_dummies,DI Surprise
23,mp_shock_di_neg_x_wh2m,8.474811500442321,-1.9061597115107016,18.855782712395346,6.311182370186242,0.010652764120874755,0.09028016788308871,-0.020305869783438176,0.20086620554961562,1836,driscoll_kraay,cumulative,twfe_directional_dummies,DI Surprise
24,mp_shock_di_neg_x_wh2m,3.0678582960551974,-2.9988468886387736,9.134563480749168,3.6882948642292526,0.010652764120874755,0.03268117078414477,-0.03194600853928802,0.09730835010757756,1809,driscoll_kraay,cumulative,twfe_directional_dummies,DI Surprise
25,mp_shock_di_neg_x_wh2m,0.07418213037192975,-6.352349972410701,6.50071423315456,3.9070540973870096,0.010652764120874755,7.902447368361467e-4,-0.06767008586933645,0.06925057534300874,1782,driscoll_kraay,cumulative,twfe_directional_dummies,DI Surprise
26,mp_shock_di_neg_x_wh2m,3.023743838221623,-3.978934737017578,10.026422413460823,4.257326281498847,0.010652764120874755,0.032211229870523425,-0.04238665320580308,0.10680911294684993,1755,driscoll_kraay,cumulative,twfe_directional_dummies,DI Surprise
27,mp_shock_di_neg_x_wh2m,2.023547494511714,-2.030263818182746,6.077358807206174,2.4645422828338153,0.010652764120874755,0.021556374146420393,-0.021627921558247346,0.06474066985108813,1728,driscoll_kraay,cumulative,twfe_directional_dummies,DI Surprise
28,mp_shock_di_neg_x_wh2m,-2.189854111145748,-10.28585951628266,5.906151293991164,4.922021797247599,0.010652764120874755,-0.023327999305163504,-0.10957283520741408,0.06291683659708708,1701,driscoll_kraay,cumulative,twfe_directional_dummies,DI Surprise
29,mp_shock_di_neg_x_wh2m,-1.8967432885780928,-10.540122904674114,6.746636327517927,5.254801688412502,0.010652764120874755,-0.0202055588510747,-0.1122814431085226,0.0718703254063732,1674,driscoll_kraay,cumulative,twfe_directional_dummies,DI Surprise
30,mp_shock_di_neg_x_wh2m,4.017521148082861,-0.23713444946360251,8.272176745629324,2.5866469379600234,0.010652764120874755,0.04279770514115266,-0.0025261373550692526,0.08812154763737455,1647,driscoll_kraay,cumulative,twfe_directional_dummies,DI Surprise
31,mp_shock_di_neg_x_wh2m,1.4843209140219515,-5.477034082855305,8.445675910899208,4.232203329714662,0.010652764120874755,0.015812120576757068,-0.05834555216664916,0.0899697933201633,1620,driscoll_kraay,cumulative,twfe_directional_dummies,DI Surprise
32,mp_shock_di_neg_x_wh2m,-0.8531930758340099,-11.116251180709734,9.409865029041713,6.2394962911666525,0.010652764120874755,-0.009088864586423315,-0.11841880173649628,0.10024107256364964,1593,driscoll_kraay,cumulative,twfe_directional_dummies,DI Surprise
33,mp_shock_di_neg_x_wh2m,4.440858401221735,-0.49748255512038675,9.379199357563857,3.002298122717894,0.010652764120874755,0.04730741704242013,-0.005299564313947553,0.09991439839878781,1566,driscoll_kraay,cumulative,twfe_directional_dummies,DI Surprise
34,mp_shock_di_neg_x_wh2m,4.186414556034225,0.31782084850838466,8.055008263560065,2.351937974381216,0.010652764120874755,0.044596886777629206,0.0033856705318560908,0.08580810302340233,1539,driscoll_kraay,cumulative,twfe_directional_dummies,DI Surprise
35,mp_shock_di_neg_x_wh2m,6.255860093133321,-1.4315163388882013,13.943236525154843,4.673593021325006,0.010652764120874755,0.06664220194534284,-0.015249605893354218,0.1485340097840399,1512,driscoll_kraay,cumulative,twfe_directional_dummies,DI Surprise
36,mp_shock_di_neg_x_wh2m,8.550494122388095,4.117596729667405,12.983391515108785,2.6950102550684134,0.010652764120874755,0.09108639700272637,0.043863786706032165,0.13830900729942058,1485,driscoll_kraay,cumulative,twfe_directional_dummies,DI Surprise
37,mp_shock_di_neg_x_wh2m,8.902760407365623,2.814013107773916,14.991507706957329,3.7016955185711145,0.010652764120874755,0.09483900664432883,0.02997701787016524,0.1597009954184924,1458,driscoll_kraay,cumulative,twfe_directional_dummies,DI Surprise
38,mp_shock_di_neg_x_wh2m,5.962496889744002,-0.7503907288796139,12.675384508367618,4.081145889598155,0.010652764120874755,0.06351707293789222,-0.007993735433245807,0.13502788130903026,1431,driscoll_kraay,cumulative,twfe_directional_dummies,DI Surprise
39,mp_shock_di_neg_x_wh2m,5.454131652986213,-1.324110395996085,12.23237370196851,4.120878562030418,0.010652764120874755,0.05810157798345885,-0.014105435718544357,0.13030859168546205,1404,driscoll_kraay,cumulative,twfe_directional_dummies,DI Surprise
40,mp_shock_di_neg_x_wh2m,6.488759529284511,-8.563836460480108,21.54135551904913,9.151328569985102,0.010652764120874755,0.0691232247025462,-0.09122852978324154,0.22947497918833396,1377,driscoll_kraay,cumulative,twfe_directional_dummies,DI Surprise
41,mp_shock_di_neg_x_wh2m,8.557826051286987,3.8565344810575324,13.259117621516442,2.858182328930207,0.010652764120874755,0.0911645023118373,0.04108275215072602,0.14124625247294856,1350,driscoll_kraay,cumulative,twfe_directional_dummies,DI Surprise
42,mp_shock_di_neg_x_wh2m,7.825468202223626,-0.32460595495753797,15.975542359404791,4.954893264445846,0.010652764120874755,0.08336286689369411,-0.0034579506703939474,0.1701836844577822,1323,driscoll_kraay,cumulative,twfe_directional_dummies,DI Surprise
43,mp_shock_di_neg_x_wh2m,1.6540910963250883,-10.164154504737837,13.472336697388013,7.184983154377421,0.010652764120874755,0.01762064228359029,-0.10827634042709874,0.1435176249942793,1296,driscoll_kraay,cumulative,twfe_directional_dummies,DI Surprise
44,mp_shock_di_neg_x_wh2m,7.597718702154819,2.711584789027275,12.483852615282363,2.970558494121678,0.010652764120874755,0.08093670519081396,0.028885873151259494,0.13298753723036844,1269,driscoll_kraay,cumulative,twfe_directional_dummies,DI Surprise
45,mp_shock_di_neg_x_wh2m,11.8513639322282,-0.0027326282518806977,23.70546049270828,7.206778990085672,0.010652764120874755,0.1262497844806697,-2.91100441973234e-5,0.25252867900553677,1242,driscoll_kraay,cumulative,twfe_directional_dummies,DI Surprise
46,mp_shock_di_neg_x_wh2m,7.633641817990197,-4.469559217670989,19.736842853651382,7.35822375763182,0.010652764120874755,0.0813193856702951,-0.04761316007013055,0.21025193141072077,1215,driscoll_kraay,cumulative,twfe_directional_dummies,DI Surprise
47,mp_shock_di_neg_x_wh2m,13.040787431552548,10.033630218326218,16.04794464477888,1.828221772413706,0.010652764120874755,0.13892043245879743,0.10688589599191027,0.17095496892568462,1188,driscoll_kraay,cumulative,twfe_directional_dummies,DI Surprise
48,mp_shock_di_neg_x_wh2m,13.796308660776575,0.4735072707845145,27.119110050768633,8.099688125249289,0.010652764120874755,0.14696882190203434,0.005044161265186603,0.28889348253888203,1161,driscoll_kraay,cumulative,twfe_directional_dummies,DI Surprise
0,eps_rr_pos_x_ph2m,2.1019979375152986,0.9423890570298206,3.261606818000777,0.704992141236705,0.03492195000079714,0.07340586687568797,0.032910063530893756,0.11390167022048218,2457,driscoll_kraay,cumulative,twfe_directional_dummies,Recursive Residual
1,eps_rr_pos_x_ph2m,2.7452425460942957,0.2792083024540166,5.211276789734574,1.4992423661494803,0.03492195000079714,0.09586922293476603,0.009750498378106614,0.18198794749142544,2430,driscoll_kraay,cumulative,twfe_directional_dummies,Recursive Residual
2,eps_rr_pos_x_ph2m,1.0531620851994627,0.16730748236118476,1.9390166880377406,0.5385613578760181,0.03492195000079714,0.0367784736820709,0.005842703533776543,0.06771424383036524,2403,driscoll_kraay,cumulative,twfe_directional_dummies,Recursive Residual
3,eps_rr_pos_x_ph2m,0.6630503858133158,-1.583428741303896,2.9095295129305274,1.365762333078097,0.03492195000079714,0.023155012421381866,-0.05529641933363981,0.10160644417640353,2376,driscoll_kraay,cumulative,twfe_directional_dummies,Recursive Residual
4,eps_rr_pos_x_ph2m,2.313295460992532,0.034462619247196624,4.592128302737867,1.3854319949239888,0.03492195000079714,0.08078478842585217,0.0012035018662471097,0.16036607498545724,2349,driscoll_kraay,cumulative,twfe_directional_dummies,Recursive Residual
5,eps_rr_pos_x_ph2m,-0.5879796449403544,-1.7940736627167562,0.6181143728360475,0.7332530980350785,0.03492195000079714,-0.02053339576209351,-0.06265255074714156,0.021585759222954533,2322,driscoll_kraay,cumulative,twfe_directional_dummies,Recursive Residual
6,eps_rr_pos_x_ph2m,0.2630801131320202,-2.510356274812278,3.0365165010763184,1.6861295999234365,0.03492195000079714,0.009187270557000464,-0.08766653631318173,0.10604107742718266,2295,driscoll_kraay,cumulative,twfe_directional_dummies,Recursive Residual
7,eps_rr_pos_x_ph2m,2.270968249789902,0.7256994322579229,3.816237067321881,0.939456734758788,0.03492195000079714,0.07930663967256074,0.025342839288918055,0.13327044005620345,2268,driscoll_kraay,cumulative,twfe_directional_dummies,Recursive Residual
8,eps_rr_pos_x_ph2m,0.4705353077186198,-0.7395458325352096,1.6806164479724492,0.7356770963848996,0.03492195000079714,0.016432010489759338,-0.025826382587092484,0.05869040356661116,2241,driscoll_kraay,cumulative,twfe_directional_dummies,Recursive Residual
9,eps_rr_pos_x_ph2m,1.3243048801456103,-1.565250115039547,4.213859875330767,1.756724700507596,0.03492195000079714,0.046247308810256654,-0.054661586256153034,0.14715620387666634,2214,driscoll_kraay,cumulative,twfe_directional_dummies,Recursive Residual
10,eps_rr_pos_x_ph2m,3.949786764924784,2.3580539341279563,5.541519595721612,0.9677048490611918,0.03492195000079714,0.1379342559185136,0.08234784158679949,0.1935206702502277,2187,driscoll_kraay,cumulative,twfe_directional_dummies,Recursive Residual
11,eps_rr_pos_x_ph2m,2.3141435295455124,0.7266407573653111,3.9016463017257137,0.9651331560258266,0.03492195000079714,0.0808144046334566,0.02537571219725276,0.13625309706966043,2160,driscoll_kraay,cumulative,twfe_directional_dummies,Recursive Residual
12,eps_rr_pos_x_ph2m,0.8711934710979602,-2.6478353747080807,4.390222316904001,2.1394176285023714,0.03492195000079714,0.030423774838703874,-0.09246757456589756,0.15331512424330532,2133,driscoll_kraay,cumulative,twfe_directional_dummies,Recursive Residual
13,eps_rr_pos_x_ph2m,3.551330978728715,2.0908927066768763,5.011769250780554,0.8878834250793346,0.03492195000079714,0.12401940287544616,0.07301805055960127,0.17502075519129104,2106,driscoll_kraay,cumulative,twfe_directional_dummies,Recursive Residual
14,eps_rr_pos_x_ph2m,2.0963520763670775,-0.27706303563638723,4.469767188370542,1.4429339323051438,0.03492195000079714,0.07320870239495834,-0.009675581477562992,0.1560929862674797,2079,driscoll_kraay,cumulative,twfe_directional_dummies,Recursive Residual
15,eps_rr_pos_x_ph2m,1.4694176208694245,-1.6447979377659958,4.583633179504845,1.8933086249183313,0.03492195000079714,0.05131492868629233,-0.057439551344078355,0.160069408716663,2052,driscoll_kraay,cumulative,twfe_directional_dummies,Recursive Residual
16,eps_rr_pos_x_ph2m,2.46817732345846,1.002392505190091,3.9339621417268287,0.8911338943788062,0.03492195000079714,0.08619356508291764,0.03500550094742215,0.13738162921841315,2025,driscoll_kraay,cumulative,twfe_directional_dummies,Recursive Residual
17,eps_rr_pos_x_ph2m,3.969476348899743,0.9367409596588296,7.002211738140657,1.8437721992696128,0.03492195000079714,0.13862185458562362,0.03271282095690438,0.24453088821434285,1998,driscoll_kraay,cumulative,twfe_directional_dummies,Recursive Residual
18,eps_rr_pos_x_ph2m,1.7003613332086107,-0.6003185599238388,4.00104122634106,1.398714059071912,0.03492195000079714,0.05937993346159987,-0.02096429473421084,0.13972416165741058,1971,driscoll_kraay,cumulative,twfe_directional_dummies,Recursive Residual
19,eps_rr_pos_x_ph2m,2.1034704092810244,0.9911129842910047,3.2158278342710442,0.6762652960504661,0.03492195000079714,0.07345728846106823,0.034611598082551306,0.11230297883958516,1944,driscoll_kraay,cumulative,twfe_directional_dummies,Recursive Residual
20,eps_rr_pos_x_ph2m,4.458378824272784,1.5758217155315735,7.340935933013995,1.7524702876350564,0.03492195000079714,0.1556952823858669,0.05503076715996398,0.25635979761176986,1917,driscoll_kraay,cumulative,twfe_directional_dummies,Recursive Residual
21,eps_rr_pos_x_ph2m,1.6321034276748314,-0.2180778085384001,3.4822846638880627,1.1248303228307972,0.03492195000079714,0.05699623429739009,-0.007615702326061419,0.1216081709208416,1890,driscoll_kraay,cumulative,twfe_directional_dummies,Recursive Residual
22,eps_rr_pos_x_ph2m,2.421602186026439,0.10210447939442435,4.741099892658454,1.4101544773506145,0.03492195000079714,0.08456707046223637,0.003565687524269509,0.1655684534002032,1863,driscoll_kraay,cumulative,twfe_directional_dummies,Recursive Residual
23,eps_rr_pos_x_ph2m,3.8314573027989196,0.7113942171081225,6.951520388489717,1.8968636689414367,0.03492195000079714,0.13380196035853295,0.02484327328070608,0.2427606474363598,1836,driscoll_kraay,cumulative,twfe_directional_dummies,Recursive Residual
24,eps_rr_pos_x_ph2m,2.0258471071465096,-0.31942220184081505,4.371116416133834,1.4258224990718382,0.03492195000079714,0.07074653138502994,-0.011154846161829475,0.15264790893188934,1809,driscoll_kraay,cumulative,twfe_directional_dummies,Recursive Residual
25,eps_rr_pos_x_ph2m,2.3433338808328386,0.16928645635863449,4.517381305307042,1.3217269846092785,0.03492195000079714,0.08183378862161832,0.0059118131647683606,0.15775576407846825,1782,driscoll_kraay,cumulative,twfe_directional_dummies,Recursive Residual
26,eps_rr_pos_x_ph2m,2.3663320527212988,0.2280967602548456,4.504567345187752,1.2999547542898404,0.03492195000079714,0.08263692963041686,0.00796558365696353,0.15730827560387017,1755,driscoll_kraay,cumulative,twfe_directional_dummies,Recursive Residual
27,eps_rr_pos_x_ph2m,2.8859748472064313,0.5580300972366063,5.213919597176256,1.4152899150572906,0.03492195000079714,0.10078386931770116,0.019487499154636732,0.18208023948076557,1728,driscoll_kraay,cumulative,twfe_directional_dummies,Recursive Residual
28,eps_rr_pos_x_ph2m,1.989733606400411,0.05791459099563867,3.9215526218051835,1.174462568432399,0.03492195000079714,0.06948537751762093,0.00202249045106631,0.13694826458417556,1701,driscoll_kraay,cumulative,twfe_directional_dummies,Recursive Residual
29,eps_rr_pos_x_ph2m,3.176450710128014,1.4213505888135602,4.931550831442468,1.0670251094422976,0.03492195000079714,0.11092785287908707,0.049636334196150725,0.17221937156202344,1674,driscoll_kraay,cumulative,twfe_directional_dummies,Recursive Residual
30,eps_rr_pos_x_ph2m,5.5148550457788525,2.7323597590614113,8.297350332496293,1.6916370193221657,0.03492195000079714,0.19258949217033292,0.09541933089013273,0.28975965345053306,1647,driscoll_kraay,cumulative,twfe_directional_dummies,Recursive Residual
31,eps_rr_pos_x_ph2m,1.026301497624813,-1.1818012659213308,3.234404261170957,1.3424311606611365,0.03492195000079714,0.03584044958579695,-0.04127080471938348,0.11295170389097738,1620,driscoll_kraay,cumulative,twfe_directional_dummies,Recursive Residual
32,eps_rr_pos_x_ph2m,3.083077892959856,1.0214999432016127,5.1446558427181,1.2533503990741828,0.03492195000079714,0.1076670920265071,0.03567276994230384,0.17966141411071038,1593,driscoll_kraay,cumulative,twfe_directional_dummies,Recursive Residual
33,eps_rr_pos_x_ph2m,6.237907462845408,3.735493673737693,8.740321251953123,1.521359559358253,0.03492195000079714,0.2178398925270867,0.13045072330256174,0.30522906175161163,1566,driscoll_kraay,cumulative,twfe_directional_dummies,Recursive Residual
34,eps_rr_pos_x_ph2m,1.5041237513358838,-0.10662472015108704,3.1148722228228545,0.9792655377319437,0.03492195000079714,0.05252693443916317,-0.0037235431459652487,0.10877741202429157,1539,driscoll_kraay,cumulative,twfe_directional_dummies,Recursive Residual
35,eps_rr_pos_x_ph2m,4.400189025752447,2.8307207485752297,5.969657302929665,0.954168961578684,0.03492195000079714,0.15366318115138325,0.09885428844796322,0.20847207385480326,1512,driscoll_kraay,cumulative,twfe_directional_dummies,Recursive Residual
36,eps_rr_pos_x_ph2m,6.251066363227787,3.9535903192498085,8.548542407205765,1.3967662570900365,0.03492195000079714,0.2182994269883056,0.13806708345247742,0.29853177052413377,1485,driscoll_kraay,cumulative,twfe_directional_dummies,Recursive Residual
37,eps_rr_pos_x_ph2m,0.9105930981166719,-0.7166044738247592,2.537790670058103,0.9892658807320359,0.03492195000079714,0.03179968664350138,-0.025025225605255785,0.08862459889225854,1458,driscoll_kraay,cumulative,twfe_directional_dummies,Recursive Residual
38,eps_rr_pos_x_ph2m,3.8211821814725915,1.9661538584423177,5.6762105045028655,1.1277771423760876,0.03492195000079714,0.1334431330853228,0.068661926738397,0.19822433943224857,1431,driscoll_kraay,cumulative,twfe_directional_dummies,Recursive Residual
39,eps_rr_pos_x_ph2m,1.9370299950116425,0.46211380940991176,3.4119461806133735,0.8966853715338197,0.03492195000079714,0.06764486463584092,0.016137915346890838,0.119151813924791,1404,driscoll_kraay,cumulative,twfe_directional_dummies,Recursive Residual
40,eps_rr_pos_x_ph2m,-0.3655690031087742,-2.446357303203235,1.7152192969856863,1.2650294628045042,0.03492195000079714,-0.012766382448405868,-0.0854315674265483,0.05989880252973656,1377,driscoll_kraay,cumulative,twfe_directional_dummies,Recursive Residual
41,eps_rr_pos_x_ph2m,1.8678956469468604,-0.4155693452542244,4.151360639147946,1.388248142440005,0.03492195000079714,0.06523055838938488,-0.01451249189683203,0.14497360867560183,1350,driscoll_kraay,cumulative,twfe_directional_dummies,Recursive Residual
42,eps_rr_pos_x_ph2m,2.807550899205251,1.2538375254016114,4.36126427300889,0.9445906604366072,0.03492195000079714,0.09804515212673884,0.04378645137119829,0.15230385288227935,1323,driscoll_kraay,cumulative,twfe_directional_dummies,Recursive Residual
43,eps_rr_pos_x_ph2m,1.2799843636894963,-0.14625440741978624,2.706223134798779,0.8670916048333346,0.03492195000079714,0.044699549950566735,-0.00510748910330999,0.09450658900444346,1296,driscoll_kraay,cumulative,twfe_directional_dummies,Recursive Residual
44,eps_rr_pos_x_ph2m,2.5373528549010205,-0.47964737971031246,5.554353089512354,1.8342059045113712,0.03492195000079714,0.08860930953323332,-0.016750221812256893,0.19396884087872354,1269,driscoll_kraay,cumulative,twfe_directional_dummies,Recursive Residual
45,eps_rr_pos_x_ph2m,2.7784111154477067,0.9846548966513498,4.572167334244064,1.090526348001468,0.03492195000079714,0.09702753405532383,0.03438606906889851,0.15966899904174914,1242,driscoll_kraay,cumulative,twfe_directional_dummies,Recursive Residual
46,eps_rr_pos_x_ph2m,-0.012344932600249358,-1.7771594940570934,1.7524696288565946,1.0729310696950616,0.03492195000079714,-4.311091190291187e-4,-0.06206187499490376,0.06119965675684552,1215,driscoll_kraay,cumulative,twfe_directional_dummies,Recursive Residual
47,eps_rr_pos_x_ph2m,2.784636428148697,-0.06337815164259952,5.632651007939993,1.7314699211684454,0.03492195000079714,0.09724493411420713,-0.0022132886428058,0.19670315687122003,1188,driscoll_kraay,cumulative,twfe_directional_dummies,Recursive Residual
48,eps_rr_pos_x_ph2m,2.7376534560468757,1.0529451307954232,4.422361781298328,1.0242299361152556,0.03492195000079714,0.09560419711157848,0.03677089721122057,0.15443749701193638,1161,driscoll_kraay,cumulative,twfe_directional_dummies,Recursive Residual
0,eps_rr_neg_x_ph2m,1.364571085101401,-0.6738692050740716,3.403011375276874,1.2392837008563882,0.0485586911449044,0.06626178586670599,-0.032722206601254085,0.16524577833466608,2457,driscoll_kraay,cumulative,twfe_directional_dummies,Recursive Residual
1,eps_rr_neg_x_ph2m,1.9974233516166786,0.6910010448470536,3.3038456583863036,0.794248366762527,0.0485586911449044,0.09699226361677409,0.03355410631753431,0.16043042091601387,2430,driscoll_kraay,cumulative,twfe_directional_dummies,Recursive Residual
2,eps_rr_neg_x_ph2m,1.173908557052812,-0.2561415216603202,2.6039586357659443,0.8694087153296124,0.0485586911449044,0.05700346305428789,-0.012437897039689332,0.1264448231482651,2403,driscoll_kraay,cumulative,twfe_directional_dummies,Recursive Residual
3,eps_rr_neg_x_ph2m,1.5125967419847648,-0.33619830110600435,3.3613917850755337,1.123987577251647,0.0485586911449044,0.07344971802082685,-0.01632534946684804,0.16322478550850172,2376,driscoll_kraay,cumulative,twfe_directional_dummies,Recursive Residual
4,eps_rr_neg_x_ph2m,2.1853798767997294,0.3083192385228821,4.0624405150765766,1.1411718389530756,0.0485586911449044,0.10611918647180729,0.014971578677464745,0.19726679426614985,2349,driscoll_kraay,cumulative,twfe_directional_dummies,Recursive Residual
5,eps_rr_neg_x_ph2m,1.7417733016390589,-0.2428358454185029,3.7263824486966204,1.206556689628234,0.0485586911449044,0.08457823179873147,-0.011791790816588831,0.18094825441405177,2322,driscoll_kraay,cumulative,twfe_directional_dummies,Recursive Residual
6,eps_rr_neg_x_ph2m,1.1145978852656881,-0.8770363307085811,3.106232101239957,1.2108276282707973,0.0485586911449044,0.054123414461380144,-0.04258773630573823,0.1508345652284985,2295,driscoll_kraay,cumulative,twfe_directional_dummies,Recursive Residual
7,eps_rr_neg_x_ph2m,1.2089988010454442,0.09798429076500148,2.320013311325887,0.675448861878104,0.0485586911449044,0.05870739937452545,0.0047579889123102155,0.1126568098367407,2268,driscoll_kraay,cumulative,twfe_directional_dummies,Recursive Residual
8,eps_rr_neg_x_ph2m,3.0552528533018846,0.9406053935844993,5.169900313019269,1.2856143702200522,0.0485586911449044,0.14835907967307413,0.04567456679630095,0.2510435925498473,2241,driscoll_kraay,cumulative,twfe_directional_dummies,Recursive Residual
9,eps_rr_neg_x_ph2m,1.3939250755414783,-0.31404427881280284,3.1018944298957596,1.0383716376756191,0.0485586911449044,0.06768717722235618,-0.015249579140695139,0.15062393358540752,2214,driscoll_kraay,cumulative,twfe_directional_dummies,Recursive Residual
10,eps_rr_neg_x_ph2m,2.35340697522399,0.9765257968414445,3.7302881536065358,0.8370843191283963,0.0485586911449044,0.11427836244816542,0.04741881456385536,0.18113791033247548,2187,driscoll_kraay,cumulative,twfe_directional_dummies,Recursive Residual
11,eps_rr_neg_x_ph2m,2.9927569680581065,0.530710677755343,5.4548032583608705,1.4968178626725928,0.0485586911449044,0.14532436128369414,0.025770615888424588,0.26487810667896367,2160,driscoll_kraay,cumulative,twfe_directional_dummies,Recursive Residual
12,eps_rr_neg_x_ph2m,-0.827818049847076,-2.525999354670415,0.870363254976263,1.032420926092192,0.0485586911449044,-0.040197761006701235,-0.1226592224956685,0.042263700482266034,2133,driscoll_kraay,cumulative,twfe_directional_dummies,Recursive Residual
13,eps_rr_neg_x_ph2m,2.1510591520321403,0.7504019935178974,3.551716310546383,0.8515390886848601,0.0485586911449044,0.10445261699794867,0.03643853863775613,0.1724666953581412,2106,driscoll_kraay,cumulative,twfe_directional_dummies,Recursive Residual
14,eps_rr_neg_x_ph2m,0.5542609737618359,-1.5581600083540734,2.666681955877745,1.2842607679511366,0.0485586911449044,0.026914187438574953,-0.07566221060000712,0.129490585477157,2079,driscoll_kraay,cumulative,twfe_directional_dummies,Recursive Residual
15,eps_rr_neg_x_ph2m,-0.567911415691525,-2.2945570647035978,1.1587342333205477,1.0497260186076207,0.0485586911449044,-0.02757703503223018,-0.11142068781930042,0.05626661775484007,2052,driscoll_kraay,cumulative,twfe_directional_dummies,Recursive Residual
16,eps_rr_neg_x_ph2m,1.7858413905404638,0.1729369144922812,3.398745866588646,0.9805762954345653,0.0485586911449044,0.08671812051704098,0.008397590218383426,0.16503865081569852,2025,driscoll_kraay,cumulative,twfe_directional_dummies,Recursive Residual
17,eps_rr_neg_x_ph2m,0.519953942512286,-2.2242569210492142,3.2641648060737865,1.6683617427087105,0.0485586911449044,0.025248282904029473,-0.10800700485614481,0.15850357066420376,1998,driscoll_kraay,cumulative,twfe_directional_dummies,Recursive Residual
18,eps_rr_neg_x_ph2m,0.5624282941458327,-2.32925398840693,3.4541105766985956,1.7580179993961718,0.0485586911449044,0.027310781826582937,-0.11310552502108885,0.16772708867425473,1971,driscoll_kraay,cumulative,twfe_directional_dummies,Recursive Residual
19,eps_rr_neg_x_ph2m,1.619954004861321,-0.498787943648888,3.73869595337153,1.2881036426548358,0.0485586911449044,0.07866284619101185,-0.024220489702448333,0.18154618208447204,1944,driscoll_kraay,cumulative,twfe_directional_dummies,Recursive Residual
20,eps_rr_neg_x_ph2m,0.5034962681902446,-1.9053881387202642,2.9123806751007537,1.4644977324669748,0.0485586911449044,0.024449119779662045,-0.09252315413928158,0.14142139369860568,1917,driscoll_kraay,cumulative,twfe_directional_dummies,Recursive Residual
21,eps_rr_neg_x_ph2m,0.30881723295739205,-2.213663020296483,2.831297486211267,1.5335591033282236,0.0485586911449044,0.014995760635401994,-0.10749257890147317,0.13748410017227713,1890,driscoll_kraay,cumulative,twfe_directional_dummies,Recursive Residual
22,eps_rr_neg_x_ph2m,0.43815855533807474,-1.3734676527549268,2.249784763431076,1.101390530080553,0.0485586911449044,0.021276405961159074,-0.0666937915476433,0.10924660346996144,1863,driscoll_kraay,cumulative,twfe_directional_dummies,Recursive Residual
23,eps_rr_neg_x_ph2m,-0.2990010881747571,-2.6590009624862665,2.0609987861367527,1.4347780468985993,0.0485586911449044,-0.014519101492668359,-0.12911760649137416,0.10007940350603746,1836,driscoll_kraay,cumulative,twfe_directional_dummies,Recursive Residual
24,eps_rr_neg_x_ph2m,0.4586968436852436,-2.302500568310929,3.2198942556814165,1.67868883088017,0.0485586911449044,0.022273718361654236,-0.11180641395757727,0.15635385068088575,1809,driscoll_kraay,cumulative,twfe_directional_dummies,Recursive Residual
25,eps_rr_neg_x_ph2m,0.819587310664797,-1.7486774757056298,3.3878520970352235,1.5613941230323218,0.0485586911449044,0.03979808708485469,-0.08491348945484074,0.1645096636245501,1782,driscoll_kraay,cumulative,twfe_directional_dummies,Recursive Residual
26,eps_rr_neg_x_ph2m,-0.010112401355100555,-3.173905624960184,3.153680822249983,1.9234497050468706,0.0485586911449044,-4.910449741356406e-4,-0.15412070296551636,0.15313861301724507,1755,driscoll_kraay,cumulative,twfe_directional_dummies,Recursive Residual
27,eps_rr_neg_x_ph2m,1.8571815688770663,-1.2130741098671278,4.927437247621261,1.8665829156084397,0.0485586911449044,0.09018230620311046,-0.05890529103691769,0.23926990344313864,1728,driscoll_kraay,cumulative,twfe_directional_dummies,Recursive Residual
28,eps_rr_neg_x_ph2m,-0.8017457924453691,-3.3004211240383245,1.696929539147586,1.519086738571343,0.0485586911449044,-0.03893172631208131,-0.1602641300102952,0.08240067738613259,1701,driscoll_kraay,cumulative,twfe_directional_dummies,Recursive Residual
29,eps_rr_neg_x_ph2m,-0.5641404267218907,-3.094548170587358,1.9662673171435765,1.5383786754054576,0.0485586911449044,-0.027393920743542865,-0.15026720884858047,0.09547936736149472,1674,driscoll_kraay,cumulative,twfe_directional_dummies,Recursive Residual
30,eps_rr_neg_x_ph2m,0.32182411426682656,-2.3458884632511716,2.9895366917848247,1.6218540870790226,0.0485586911449044,0.015627357767665252,-0.11391327334740806,0.14516798888273857,1647,driscoll_kraay,cumulative,twfe_directional_dummies,Recursive Residual
31,eps_rr_neg_x_ph2m,-1.0177516854710535,-3.8751673501031494,1.839663979161042,1.7371853749247919,0.0485586911449044,-0.049420689756994776,-0.18817305448847646,0.0893316749744869,1620,driscoll_kraay,cumulative,twfe_directional_dummies,Recursive Residual
32,eps_rr_neg_x_ph2m,-0.3186373541424497,-2.947054642913241,2.309779934628341,1.5979642478232123,0.0485586911449044,-0.015472612867032741,-0.1431051161923806,0.1121598904583151,1593,driscoll_kraay,cumulative,twfe_directional_dummies,Recursive Residual
33,eps_rr_neg_x_ph2m,1.6511248592850016,-1.1543475428263639,4.456597261396367,1.7056061136035274,0.0485586911449044,0.08017646208369414,-0.05605360580598471,0.21640652997337298,1566,driscoll_kraay,cumulative,twfe_directional_dummies,Recursive Residual
34,eps_rr_neg_x_ph2m,-0.9482767544870668,-3.496689750395637,1.6001362414215032,1.5493250913953553,0.0485586911449044,-0.04604707804102982,-0.1697946776190146,0.07770052153695496,1539,driscoll_kraay,cumulative,twfe_directional_dummies,Recursive Residual
35,eps_rr_neg_x_ph2m,-0.5507021137747883,-3.3895644004658045,2.2881601729162284,1.7259057220504717,0.0485586911449044,-0.02674137385563595,-0.16459281083798205,0.11111006312671019,1512,driscoll_kraay,cumulative,twfe_directional_dummies,Recursive Residual
36,eps_rr_neg_x_ph2m,0.2812848554706118,-2.3577989072212513,2.9203686181624753,1.6044490035159371,0.0485586911449044,0.013658824420536514,-0.11449162891754985,0.1418092777586229,1485,driscoll_kraay,cumulative,twfe_directional_dummies,Recursive Residual
37,eps_rr_neg_x_ph2m,0.1195263723951328,-2.3291134587732025,2.5681662035634685,1.488667314250071,0.0485586911449044,0.0058040442008060805,-0.11309870108600797,0.12470678948762015,1458,driscoll_kraay,cumulative,twfe_directional_dummies,Recursive Residual
38,eps_rr_neg_x_ph2m,0.5154987532927433,-1.8046557533093077,2.8356532598947943,1.4105537833795974,0.0485586911449044,0.025031944746725595,-0.08763172134782146,0.13769561084127266,1431,driscoll_kraay,cumulative,twfe_directional_dummies,Recursive Residual
39,eps_rr_neg_x_ph2m,-0.5884942375433154,-2.346278274945192,1.1692897998585612,1.0686568145639241,0.0485586911449044,-0.02857650992142186,-0.11393220209306266,0.056779182250218954,1404,driscoll_kraay,cumulative,twfe_directional_dummies,Recursive Residual
40,eps_rr_neg_x_ph2m,0.9735800352214427,-1.445649092865649,3.3928091633085344,1.4707868763805003,0.0485586911449044,0.04727577223516318,-0.07019882780437427,0.16475037227470066,1377,driscoll_kraay,cumulative,twfe_directional_dummies,Recursive Residual
41,eps_rr_neg_x_ph2m,0.7044898456130484,-2.08785303786221,3.4968327290883074,1.6976239330489933,0.0485586911449044,0.0342091048278454,-0.10138341082150146,0.1698016204771923,1350,driscoll_kraay,cumulative,twfe_directional_dummies,Recursive Residual
42,eps_rr_neg_x_ph2m,0.45035931689664815,-0.8183160702917103,1.7190347040850067,0.7712998691194718,0.0485586911449044,0.021868858973414465,-0.03973635731620704,0.08347407526303598,1323,driscoll_kraay,cumulative,twfe_directional_dummies,Recursive Residual
43,eps_rr_neg_x_ph2m,3.0782290379367248,0.11584145694223524,6.040616618931214,1.8010037686361797,0.0485586911449044,0.14947477312644564,0.005625109529433743,0.2933244367234575,1296,driscoll_kraay,cumulative,twfe_directional_dummies,Recursive Residual
44,eps_rr_neg_x_ph2m,-1.2819006036872806,-3.2671428692180537,0.7033416618434924,1.2069415983294325,0.0485586911449044,-0.06224741549291716,-0.15864818151263627,0.03415335052680194,1269,driscoll_kraay,cumulative,twfe_directional_dummies,Recursive Residual
45,eps_rr_neg_x_ph2m,0.24173815245553357,-1.5433666241440152,2.0268429290550825,1.0852666446120287,0.0485586911449044,0.011738488283028068,-0.07494386322516298,0.09842083979121913,1242,driscoll_kraay,cumulative,twfe_directional_dummies,Recursive Residual
46,eps_rr_neg_x_ph2m,0.18770126406085522,-1.4841261767588763,1.8595287048805869,1.0163989144239252,0.0485586911449044,0.0091145277090392135,-0.07206722463730207,0.0902962800553805,1215,driscoll_kraay,cumulative,twfe_directional_dummies,Recursive Residual
47,eps_rr_neg_x_ph2m,-1.0188389815289813,-2.609021122278273,0.5713431592203106,0.9667620964526149,0.0485586911449044,-0.049473487430454766,-0.12669065086724252,0.027743676006333005,1188,driscoll_kraay,cumulative,twfe_directional_dummies,Recursive Residual
48,eps_rr_neg_x_ph2m,2.166104348008745,1.0638337811013587,3.268374914916132,0.6701329217666049,0.0485586911449044,0.10518319202259117,0.051658376006016714,0.15870800803916565,1161,driscoll_kraay,cumulative,twfe_directional_dummies,Recursive Residual
0,eps_rr_pos_x_wh2m,3.156518076482651,1.1474170929818088,5.165619059983493,1.221446668919992,0.014433437221171982,0.04555940549440689,0.01656117257805259,0.07455763841076117,2457,driscoll_kraay,cumulative,twfe_directional_dummies,Recursive Residual
1,eps_rr_pos_x_wh2m,4.534026180194328,0.3650883333471464,8.70296402704151,2.5345342458062863,0.014433437221171982,0.06544158223098503,0.0052694795395483475,0.12561368492242173,2430,driscoll_kraay,cumulative,twfe_directional_dummies,Recursive Residual
2,eps_rr_pos_x_wh2m,1.7566523786335777,0.33110674085973835,3.1821980164074173,0.8666702096866262,0.014433437221171982,0.025354531826430177,0.004779008357705893,0.04593005529515447,2403,driscoll_kraay,cumulative,twfe_directional_dummies,Recursive Residual
3,eps_rr_pos_x_wh2m,0.729896593665018,-3.0108955144881295,4.470688701818165,2.2742401189133363,0.014433437221171982,0.010534916662611313,-0.043457571387872734,0.06452740471309536,2376,driscoll_kraay,cumulative,twfe_directional_dummies,Recursive Residual
4,eps_rr_pos_x_wh2m,4.192476354683787,0.19578900751699058,8.189163701850584,2.4298133777253796,0.014433437221171982,0.0605118442665764,0.0028259083485920526,0.11819778018456074,2349,driscoll_kraay,cumulative,twfe_directional_dummies,Recursive Residual
5,eps_rr_pos_x_wh2m,-0.9682959407162486,-3.03456339176189,1.0979715103293926,1.256201413420115,0.014433437221171982,-0.01397583867184364,-0.043799180208661956,0.01584750286497467,2322,driscoll_kraay,cumulative,twfe_directional_dummies,Recursive Residual
6,eps_rr_pos_x_wh2m,0.2632287511060415,-4.216532124018014,4.742989626230096,2.7235012293627157,0.014433437221171982,0.003799295653896555,-0.060859051703068955,0.06845764301086206,2295,driscoll_kraay,cumulative,twfe_directional_dummies,Recursive Residual
7,eps_rr_pos_x_wh2m,3.74046082337006,1.0883138067858669,6.392607839954253,1.612390897966777,0.014433437221171982,0.05398770647236502,0.015708109007178502,0.09226730393755153,2268,driscoll_kraay,cumulative,twfe_directional_dummies,Recursive Residual
8,eps_rr_pos_x_wh2m,1.35606017195114,-0.9278815546853336,3.640001898587614,1.3885379763970072,0.014433437221171982,0.019572609359988464,-0.01339252016823422,0.05253773888821115,2241,driscoll_kraay,cumulative,twfe_directional_dummies,Recursive Residual
9,eps_rr_pos_x_wh2m,1.4812673504387366,-3.181865861025141,6.144400561902614,2.834983694024134,0.014433437221171982,0.021379779310329264,-0.045925261151296706,0.08868481977195523,2214,driscoll_kraay,cumulative,twfe_directional_dummies,Recursive Residual
10,eps_rr_pos_x_wh2m,6.535081122286309,3.604948433665441,9.465213810907176,1.7813941864550575,0.014433437221171982,0.09432368311378558,0.052031796902872414,0.13661556932469873,2187,driscoll_kraay,cumulative,twfe_directional_dummies,Recursive Residual
11,eps_rr_pos_x_wh2m,4.393416825758499,1.6082253417536654,7.178608309763333,1.6932761908832183,0.014433437221171982,0.06341210594102598,0.023212219507699385,0.10361199237435258,2160,driscoll_kraay,cumulative,twfe_directional_dummies,Recursive Residual
12,eps_rr_pos_x_wh2m,1.0214718179587199,-4.607496856993521,6.65044049291096,3.4221699625545545,0.014433437221171982,0.014743349357703599,-0.06650201663216321,0.09598871534757039,2133,driscoll_kraay,cumulative,twfe_directional_dummies,Recursive Residual
13,eps_rr_pos_x_wh2m,5.725939273884714,3.301420257824622,8.150458289944806,1.4740028999137338,0.014433437221171982,0.0826449850418581,0.047650842032017096,0.11763912805169911,2106,driscoll_kraay,cumulative,twfe_directional_dummies,Recursive Residual
14,eps_rr_pos_x_wh2m,4.170032277133304,0.25821870731885843,8.081845846947749,2.378213784933859,0.014433437221171982,0.060187899082264386,0.0037269835014189256,0.11664881466310983,2079,driscoll_kraay,cumulative,twfe_directional_dummies,Recursive Residual
15,eps_rr_pos_x_wh2m,2.366317823486292,-2.7583221103779563,7.49095775735054,3.1155598588806477,0.014433437221171982,0.03415409975062972,-0.03981206901591085,0.10812026851717028,2052,driscoll_kraay,cumulative,twfe_directional_dummies,Recursive Residual
16,eps_rr_pos_x_wh2m,3.3405357025627898,0.8958633062499763,5.785208098875604,1.486255285124492,0.014433437221171982,0.048215412348023665,0.012930386789510603,0.08350043790653673,2025,driscoll_kraay,cumulative,twfe_directional_dummies,Recursive Residual
17,eps_rr_pos_x_wh2m,7.772411776984929,2.889190741571885,12.655632812397972,2.9687875902146237,0.014433437221171982,0.11218261744020974,0.04170095318846913,0.18266428169195034,1998,driscoll_kraay,cumulative,twfe_directional_dummies,Recursive Residual
18,eps_rr_pos_x_wh2m,2.7155388058640484,-1.238002648942674,6.669080260670771,2.403582537696143,0.014433437221171982,0.039194558876095076,-0.0178686335131587,0.09625775126534886,1971,driscoll_kraay,cumulative,twfe_directional_dummies,Recursive Residual
19,eps_rr_pos_x_wh2m,2.6555873702239037,0.8673288342044951,4.443845906243312,1.0871839941975383,0.014433437221171982,0.03832925359346391,0.012518536278602863,0.06413997090832496,1944,driscoll_kraay,cumulative,twfe_directional_dummies,Recursive Residual
20,eps_rr_pos_x_wh2m,8.332699089896382,3.579262585509122,13.086135594283641,2.889884197901034,0.014433437221171982,0.12026948919693634,0.05166106182603562,0.18887791656783703,1917,driscoll_kraay,cumulative,twfe_directional_dummies,Recursive Residual
21,eps_rr_pos_x_wh2m,2.6276260381281893,-0.5456375471718489,5.800889623428228,1.9292072761399943,0.014433437221171982,0.03792567546204008,-0.007875425282619147,0.08372677620669931,1890,driscoll_kraay,cumulative,twfe_directional_dummies,Recursive Residual
22,eps_rr_pos_x_wh2m,2.940458605219442,-0.7838338109837735,6.664751021422658,2.264209018467936,0.014433437221171982,0.04244092467988975,-0.01131341610266628,0.09619526546244578,1863,driscoll_kraay,cumulative,twfe_directional_dummies,Recursive Residual
23,eps_rr_pos_x_wh2m,6.794083552957178,1.276012034595425,12.312155071318932,3.3547492785657784,0.014433437221171982,0.09806197843700452,0.018417239594792998,0.17770671727921605,1836,driscoll_kraay,cumulative,twfe_directional_dummies,Recursive Residual
24,eps_rr_pos_x_wh2m,3.4253587768608713,-0.5635751670221585,7.4142927207439016,2.425099643228447,0.014433437221171982,0.049439700865811835,-0.008134326792625839,0.10701372852424951,1809,driscoll_kraay,cumulative,twfe_directional_dummies,Recursive Residual
25,eps_rr_pos_x_wh2m,3.2688938845299385,-0.0727776555906372,6.610565424650514,2.0315920428214285,0.014433437221171982,0.04718137466503588,-0.0010504317230715383,0.0954131810531433,1782,driscoll_kraay,cumulative,twfe_directional_dummies,Recursive Residual
26,eps_rr_pos_x_wh2m,4.20228333796773,0.4370958639407485,7.967470811994711,2.289071448263321,0.014433437221171982,0.06065339274413427,0.006308795711822724,0.11499798977644582,1755,driscoll_kraay,cumulative,twfe_directional_dummies,Recursive Residual
27,eps_rr_pos_x_wh2m,4.784663309712486,0.41507722934619196,9.15424939007878,2.6565197101852585,0.014433437221171982,0.06905913750518013,0.005990991131706267,0.13212728387865397,1728,driscoll_kraay,cumulative,twfe_directional_dummies,Recursive Residual
28,eps_rr_pos_x_wh2m,2.4414532076508313,-0.9536253722018522,5.836531787503515,2.0640612174987467,0.014433437221171982,0.03523856160105723,-0.013764091942192198,0.08424121514430667,1701,driscoll_kraay,cumulative,twfe_directional_dummies,Recursive Residual
29,eps_rr_pos_x_wh2m,4.85333642161734,1.6432055357871191,8.06346730744756,1.9516210033714625,0.014433437221171982,0.07005032655464134,0.023717103942265654,0.11638354916701704,1674,driscoll_kraay,cumulative,twfe_directional_dummies,Recursive Residual
30,eps_rr_pos_x_wh2m,9.713953094299745,4.349841851899291,15.078064336700198,3.2611480769520846,0.014433437221171982,0.1402057321559847,0.06278316929141489,0.21762829502055447,1647,driscoll_kraay,cumulative,twfe_directional_dummies,Recursive Residual
31,eps_rr_pos_x_wh2m,1.5650624398814992,-2.027161149516923,5.157286029279921,2.1839168729293887,0.014433437221171982,0.02258923047324387,-0.029258903188751337,0.07443736413523906,1620,driscoll_kraay,cumulative,twfe_directional_dummies,Recursive Residual
32,eps_rr_pos_x_wh2m,4.951898944804685,1.4656465458458232,8.438151343763547,2.1194909637158355,0.014433437221171982,0.0714729225454262,0.021154317407893253,0.12179152768295916,1593,driscoll_kraay,cumulative,twfe_directional_dummies,Recursive Residual
33,eps_rr_pos_x_wh2m,11.471861995772601,6.706568760849617,16.237155230695585,2.897092578234364,0.014433437221171982,0.16557839992593257,0.09679883917919611,0.234357960672669,1566,driscoll_kraay,cumulative,twfe_directional_dummies,Recursive Residual
34,eps_rr_pos_x_wh2m,2.0552244846622933,-0.6792768635671722,4.789725832891759,1.6624587765280479,0.014433437221171982,0.02966395357478875,-0.009804299966091386,0.06913220711566889,1539,driscoll_kraay,cumulative,twfe_directional_dummies,Recursive Residual
35,eps_rr_pos_x_wh2m,7.239777710697857,4.353394912156421,10.126160509239293,1.7547961418858782,0.014433437221171982,0.10449487708259773,0.06283445216357922,0.14615530200161625,1512,driscoll_kraay,cumulative,twfe_directional_dummies,Recursive Residual
36,eps_rr_pos_x_wh2m,11.253434872545684,6.993745782875391,15.513123962215978,2.589707083885081,0.014433437221171982,0.16242574575543567,0.10094379069796824,0.22390770081290307,1485,driscoll_kraay,cumulative,twfe_directional_dummies,Recursive Residual
37,eps_rr_pos_x_wh2m,0.8973605222244365,-1.7898535324842033,3.5845745769330764,1.6337101433694448,0.014433437221171982,0.01295199676228451,-0.025833738596203654,0.05173773212077268,1458,driscoll_kraay,cumulative,twfe_directional_dummies,Recursive Residual
38,eps_rr_pos_x_wh2m,6.080936321768417,2.675867994250225,9.486004649286608,2.0701345528410666,0.014433437221171982,0.08776881264618891,0.03862197270715401,0.1369156525852238,1431,driscoll_kraay,cumulative,twfe_directional_dummies,Recursive Residual
39,eps_rr_pos_x_wh2m,3.7956576736463115,1.0462779532062783,6.545037394086345,1.6715041845611889,0.014433437221171982,0.054784386745633726,0.015101387153499134,0.09446738633776833,1404,driscoll_kraay,cumulative,twfe_directional_dummies,Recursive Residual
40,eps_rr_pos_x_wh2m,-1.3142893199889616,-5.084189834295678,2.4556111943177554,2.2919367733004616,0.014433437221171982,-0.018969712390517493,-0.07338233479382746,0.035442910012792476,1377,driscoll_kraay,cumulative,twfe_directional_dummies,Recursive Residual
41,eps_rr_pos_x_wh2m,2.045890142901088,-1.57796025698179,5.669740542783966,2.2031446084349935,0.014433437221171982,0.029529226938977426,-0.022775390306651076,0.08183384418460593,1350,driscoll_kraay,cumulative,twfe_directional_dummies,Recursive Residual
42,eps_rr_pos_x_wh2m,5.286069321769193,2.324399138735034,8.247739504803352,1.8005676216449975,0.014433437221171982,0.0762961497025188,0.03354906904587834,0.11904323035915927,1323,driscoll_kraay,cumulative,twfe_directional_dummies,Recursive Residual
43,eps_rr_pos_x_wh2m,1.5252417779867469,-1.1304759332852803,4.180959489258774,1.6145617261969165,0.014433437221171982,0.022014481449680445,-0.0163166534131189,0.06034561631247978,1296,driscoll_kraay,cumulative,twfe_directional_dummies,Recursive Residual
44,eps_rr_pos_x_wh2m,3.0272209113600796,-1.38308607990506,7.437527902625219,2.681276266167882,0.014433437221171982,0.043693202978734746,-0.01996268610578654,0.10734909206325602,1269,driscoll_kraay,cumulative,twfe_directional_dummies,Recursive Residual
45,eps_rr_pos_x_wh2m,4.740075840424917,1.367707136030016,8.11244454481982,2.050254593562323,0.014433437221171982,0.06841558706636706,0.019740715084838163,0.11709045904789599,1242,driscoll_kraay,cumulative,twfe_directional_dummies,Recursive Residual
46,eps_rr_pos_x_wh2m,-0.33169112389730165,-3.409675682381418,2.746293434586815,1.8712817408493498,0.014433437221171982,-0.004787443013591681,-0.049213339906208936,0.03963845387902558,1215,driscoll_kraay,cumulative,twfe_directional_dummies,Recursive Residual
47,eps_rr_pos_x_wh2m,3.248891977563045,-1.2095215436556872,7.7073054987817775,2.710522959712737,0.014433437221171982,0.04689267839652551,-0.01745755326800939,0.1112429100610604,1188,driscoll_kraay,cumulative,twfe_directional_dummies,Recursive Residual
48,eps_rr_pos_x_wh2m,4.166989895704924,1.299581841633331,7.034397949776516,1.7432603163516571,0.014433437221171982,0.060143987060915,0.01875743292498975,0.10153054119684025,1161,driscoll_kraay,cumulative,twfe_directional_dummies,Recursive Residual
0,eps_rr_neg_x_wh2m,2.2728024912964693,-1.153160567956557,5.698765550549496,2.0828376477502233,0.019813258833123577,0.04503162403662504,-0.022847868809075057,0.11291111688232514,2457,driscoll_kraay,cumulative,twfe_directional_dummies,Recursive Residual
1,eps_rr_neg_x_wh2m,3.5993507311535318,1.5671005534697406,5.6316009088373225,1.2355203796767678,0.019813258833123577,0.07131486766753752,0.031049368883427186,0.11158036645164784,2430,driscoll_kraay,cumulative,twfe_directional_dummies,Recursive Residual
2,eps_rr_neg_x_wh2m,2.0466271519125483,-0.7545404145732832,4.847794718398379,1.7029889593747265,0.019813258833123577,0.04055035349574185,-0.01494990453399283,0.09605061152547652,2403,driscoll_kraay,cumulative,twfe_directional_dummies,Recursive Residual
3,eps_rr_neg_x_wh2m,2.863099470390793,-0.26945759607046416,5.99565653685205,1.904459469908612,0.019813258833123577,0.056727330871831814,-0.005338833095495369,0.118793494839159,2376,driscoll_kraay,cumulative,twfe_directional_dummies,Recursive Residual
4,eps_rr_neg_x_wh2m,3.9463656433888183,0.9375550886056625,6.955176198171975,1.829226932708661,0.019813258833123577,0.07819036394260892,0.018576021640856102,0.13780470624436172,2349,driscoll_kraay,cumulative,twfe_directional_dummies,Recursive Residual
5,eps_rr_neg_x_wh2m,3.0081033429873556,-0.6829447300741953,6.699151416048906,2.2439978929325415,0.019813258833123577,0.059600330131392786,-0.013531360705677748,0.13273202096846332,2322,driscoll_kraay,cumulative,twfe_directional_dummies,Recursive Residual
6,eps_rr_neg_x_wh2m,2.7679118652831334,-0.6491467883697992,6.1849705189360655,2.0774241535315325,0.019813258833123577,0.0548413542141286,-0.012861713338661726,0.12254442176691892,2295,driscoll_kraay,cumulative,twfe_directional_dummies,Recursive Residual
7,eps_rr_neg_x_wh2m,1.995558506115749,0.1541611663330178,3.8369558458984803,1.1194900929850693,0.019813258833123577,0.03953851719831276,0.003054435090572298,0.0760225993060532,2268,driscoll_kraay,cumulative,twfe_directional_dummies,Recursive Residual
8,eps_rr_neg_x_wh2m,5.320011145783071,1.452076192553017,9.187946099013125,2.3515374802065416,0.019813258833123577,0.10540675782650231,0.028770361448469516,0.18204315420453512,2241,driscoll_kraay,cumulative,twfe_directional_dummies,Recursive Residual
9,eps_rr_neg_x_wh2m,2.581640659897204,-0.36410597912678355,5.527387298921192,1.790886794275766,0.019813258833123577,0.05115071460865926,-0.007214126007126853,0.10951555522444538,2214,driscoll_kraay,cumulative,twfe_directional_dummies,Recursive Residual
10,eps_rr_neg_x_wh2m,3.841402854153502,1.6499165872804902,6.032889121026514,1.3323290479862666,0.019813258833123577,0.07611070903164299,0.03269022439685228,0.11953119366643372,2187,driscoll_kraay,cumulative,twfe_directional_dummies,Recursive Residual
11,eps_rr_neg_x_wh2m,5.986850515494791,1.4604210842966356,10.513279946692947,2.751873696863423,0.019813258833123577,0.11861901885871762,0.02893570094852023,0.208302336768915,2160,driscoll_kraay,cumulative,twfe_directional_dummies,Recursive Residual
12,eps_rr_neg_x_wh2m,-1.305375641175698,-4.368267750772608,1.7575164684212115,1.862106183438093,0.019813258833123577,-0.025863745453068753,-0.08654961959844423,0.03482212869230672,2133,driscoll_kraay,cumulative,twfe_directional_dummies,Recursive Residual
13,eps_rr_neg_x_wh2m,3.4145868474482017,0.7564025298183763,6.072771165078027,1.6160613163837771,0.019813258833123577,0.06765409301667068,0.014986799105320964,0.12032138692802039,2106,driscoll_kraay,cumulative,twfe_directional_dummies,Recursive Residual
14,eps_rr_neg_x_wh2m,1.4392212616024642,-2.45423028691057,5.332672810115499,2.3670504686359575,0.019813258833123577,0.028515663374264283,-0.04862629991065026,0.10565762665917884,2079,driscoll_kraay,cumulative,twfe_directional_dummies,Recursive Residual
15,eps_rr_neg_x_wh2m,-0.794624186730344,-3.834842541607677,2.2455941681469893,1.8483215193512348,0.019813258833123577,-0.015744094686748627,-0.07598072786114637,0.04449253848764913,2052,driscoll_kraay,cumulative,twfe_directional_dummies,Recursive Residual
16,eps_rr_neg_x_wh2m,2.8132650104635286,-0.26518034629245246,5.89171036721951,1.8715618863068628,0.019813258833123577,0.055739947818484,-0.005254086838549703,0.11673398247551771,2025,driscoll_kraay,cumulative,twfe_directional_dummies,Recursive Residual
17,eps_rr_neg_x_wh2m,0.9317762518888483,-4.159898819611713,6.02345132338941,3.095518645593613,0.019813258833123577,0.018461524053231503,-0.08242115203257211,0.11934420013903513,1998,driscoll_kraay,cumulative,twfe_directional_dummies,Recursive Residual
18,eps_rr_neg_x_wh2m,1.1741434386328384,-3.8871469539191237,6.2354338311848005,3.0770460724413664,0.019813258833123577,0.023263607856846176,-0.07701704872038749,0.12354426443407984,1971,driscoll_kraay,cumulative,twfe_directional_dummies,Recursive Residual
19,eps_rr_neg_x_wh2m,2.622814530511589,-1.1024314552579826,6.34806051628116,2.264788747600505,0.019813258833123577,0.05196650316430361,-0.021842759768803503,0.12577576609741073,1944,driscoll_kraay,cumulative,twfe_directional_dummies,Recursive Residual
20,eps_rr_neg_x_wh2m,1.1430883400183818,-3.236202005935975,5.522378685972739,2.6624194847482072,0.019813258833123577,0.02264830514990977,-0.06411970797988319,0.10941631827970275,1917,driscoll_kraay,cumulative,twfe_directional_dummies,Recursive Residual
21,eps_rr_neg_x_wh2m,0.8532054048508244,-3.4388676265170735,5.145278436218723,2.609395122484372,0.019813258833123577,0.016904779524129374,-0.06813517437703212,0.10194473342529088,1890,driscoll_kraay,cumulative,twfe_directional_dummies,Recursive Residual
22,eps_rr_neg_x_wh2m,0.889812212196763,-2.1263977172280937,3.9060221416216194,1.8337254330739574,0.019813258833123577,0.017630079673128744,-0.042130868353603336,0.07739102769986082,1863,driscoll_kraay,cumulative,twfe_directional_dummies,Recursive Residual
23,eps_rr_neg_x_wh2m,-0.6512154468852827,-4.963032143577676,3.660601249807111,2.6213984187053785,0.019813258833123577,-0.012902700205266345,-0.09833384045781664,0.07252844004728395,1836,driscoll_kraay,cumulative,twfe_directional_dummies,Recursive Residual
24,eps_rr_neg_x_wh2m,0.9903089078984999,-3.90985258354939,5.89047039934639,2.97908665619671,0.019813258833123577,0.019621246716940915,-0.07746692123722099,0.11670941467110284,1809,driscoll_kraay,cumulative,twfe_directional_dummies,Recursive Residual
25,eps_rr_neg_x_wh2m,1.5652297618070226,-2.823627661762802,5.954087185376847,2.668235854945961,0.019813258833123577,0.031012302403990902,-0.05594526571087391,0.1179698705188557,1782,driscoll_kraay,cumulative,twfe_directional_dummies,Recursive Residual
26,eps_rr_neg_x_wh2m,-0.2882379952886501,-6.075001782462069,5.498525791884768,3.518102579071704,0.019813258833123577,-0.005710934006194678,-0.12036558272760806,0.1089437147152187,1755,driscoll_kraay,cumulative,twfe_directional_dummies,Recursive Residual
27,eps_rr_neg_x_wh2m,3.545619792692602,-1.7533296478179605,8.844569233203165,3.221532514313445,0.019813258833123577,0.07025028267646448,-0.03473917413200666,0.17523973948493562,1728,driscoll_kraay,cumulative,twfe_directional_dummies,Recursive Residual
28,eps_rr_neg_x_wh2m,-1.5509282198269596,-6.0364237039830435,2.9345672643291247,2.7269876241020814,0.019813258833123577,-0.030728942251027132,-0.11960122527341858,0.05814334077136432,1701,driscoll_kraay,cumulative,twfe_directional_dummies,Recursive Residual
29,eps_rr_neg_x_wh2m,-1.4196179698343794,-5.944437149240752,3.1052012095719927,2.7508947332855103,0.019813258833123577,-0.028127258280481977,-0.11777867185514226,0.061524155294178304,1674,driscoll_kraay,cumulative,twfe_directional_dummies,Recursive Residual
30,eps_rr_neg_x_wh2m,1.0015628524929177,-3.6978310691128,5.7009567740986355,2.857028640484838,0.019813258833123577,0.019844224034083747,-0.07326608409349798,0.11295453216166548,1647,driscoll_kraay,cumulative,twfe_directional_dummies,Recursive Residual
31,eps_rr_neg_x_wh2m,-1.556015333401679,-6.6867776130333825,3.5747469462300243,3.119281980817298,0.019813258833123577,-0.030829734548996547,-0.13248685560656664,0.07082738650857356,1620,driscoll_kraay,cumulative,twfe_directional_dummies,Recursive Residual
32,eps_rr_neg_x_wh2m,-1.200645663339037,-5.856766181291709,3.4554748546136356,2.8307202790938932,0.019813258833123577,-0.02378870329460369,-0.1160416242750174,0.06846421768581003,1593,driscoll_kraay,cumulative,twfe_directional_dummies,Recursive Residual
33,eps_rr_neg_x_wh2m,3.454040733574793,-1.680665095381145,8.58874656253073,3.121679488570947,0.019813258833123577,0.0684358030744694,-0.03329945254658295,0.17017105869552174,1566,driscoll_kraay,cumulative,twfe_directional_dummies,Recursive Residual
34,eps_rr_neg_x_wh2m,-1.7060897765187795,-6.292984130733597,2.880804577696038,2.788633759902422,0.019813258833123577,-0.033803198334712535,-0.12468452341496394,0.05707812674553886,1539,driscoll_kraay,cumulative,twfe_directional_dummies,Recursive Residual
35,eps_rr_neg_x_wh2m,-1.7738620017008744,-7.069454146222506,3.521730142820757,3.219491423280224,0.019813258833123577,-0.03514598697394212,-0.14006892480800515,0.06977695086012092,1512,driscoll_kraay,cumulative,twfe_directional_dummies,Recursive Residual
36,eps_rr_neg_x_wh2m,0.9584359804526572,-3.5037060323180578,5.420577993223373,2.71278972162449,0.019813258833123577,0.018989740155687065,-0.06941983449349412,0.10739931480486826,1485,driscoll_kraay,cumulative,twfe_directional_dummies,Recursive Residual
37,eps_rr_neg_x_wh2m,0.5022476553625768,-3.954201647473186,4.95869695819834,2.7093287997274436,0.019813258833123577,0.00995116279402818,-0.0783456207197499,0.09824794630780627,1458,driscoll_kraay,cumulative,twfe_directional_dummies,Recursive Residual
38,eps_rr_neg_x_wh2m,1.172132633384703,-2.791724108024539,5.135989374793945,2.409853786659272,0.019813258833123577,0.023223767252001867,-0.05531315234296123,0.10176068684696496,1431,driscoll_kraay,cumulative,twfe_directional_dummies,Recursive Residual
39,eps_rr_neg_x_wh2m,-0.9295054578577558,-4.184519633697603,2.325508717982091,1.9789081061714924,0.019813258833123577,-0.018416532223336755,-0.08290897059473806,0.04607590614806455,1404,driscoll_kraay,cumulative,twfe_directional_dummies,Recursive Residual
40,eps_rr_neg_x_wh2m,2.465144750413105,-1.54291604789216,6.47320554871837,2.436727945047427,0.019813258833123577,0.04884255100105067,-0.03057019501466746,0.1282552970167688,1377,driscoll_kraay,cumulative,twfe_directional_dummies,Recursive Residual
41,eps_rr_neg_x_wh2m,1.9152830032292278,-2.7652430653397246,6.595809071798181,2.8455578003276294,0.019813258833123577,0.03794799788166295,-0.05478847659007602,0.13068447235340194,1350,driscoll_kraay,cumulative,twfe_directional_dummies,Recursive Residual
42,eps_rr_neg_x_wh2m,1.2021846986010571,-1.0087238646473458,3.4130932618494603,1.3441369657591011,0.019813258833123577,0.0238191965986034,-0.019986107021406574,0.06762450021861338,1323,driscoll_kraay,cumulative,twfe_directional_dummies,Recursive Residual
43,eps_rr_neg_x_wh2m,5.694538162027778,0.4970687293071343,10.892007594748423,3.159837050275104,0.019813258833123577,0.11282735853935619,0.00984855139161409,0.21580616568709826,1296,driscoll_kraay,cumulative,twfe_directional_dummies,Recursive Residual
44,eps_rr_neg_x_wh2m,-1.8357012746911303,-5.163361130402485,1.4919585810202245,2.023073543558251,0.019813258833123577,-0.03637122449575025,-0.10230301052555398,0.02956056153405348,1269,driscoll_kraay,cumulative,twfe_directional_dummies,Recursive Residual
45,eps_rr_neg_x_wh2m,0.4555986657665182,-2.67328034667009,3.5844776782031262,1.902223371836186,0.019813258833123577,0.009026894288857784,-0.05296639544207682,0.07102018401979238,1242,driscoll_kraay,cumulative,twfe_directional_dummies,Recursive Residual
46,eps_rr_neg_x_wh2m,1.097930411068036,-2.3143240659630555,4.510184888099127,2.0745034215325737,0.019813258833123577,0.02175357941524876,-0.04585430174265298,0.0893614605731505,1215,driscoll_kraay,cumulative,twfe_directional_dummies,Recursive Residual
47,eps_rr_neg_x_wh2m,-1.4334270374378864,-4.424159547826538,1.5573054729507654,1.8182362621114176,0.019813258833123577,-0.028400860911154364,-0.08765701824012218,0.03085529641781344,1188,driscoll_kraay,cumulative,twfe_directional_dummies,Recursive Residual
48,eps_rr_neg_x_wh2m,3.2512450979690346,1.2074627167034606,5.295027479234609,1.2425314616313103,0.019813258833123577,0.0644177606559847,0.023923771337392232,0.10491174997457718,1161,driscoll_kraay,cumulative,twfe_directional_dummies,Recursive Residual
0,eps_sb_pos_x_ph2m,2.270906609178605,0.12893440296108327,4.412878815396127,1.3022266365350676,0.030663952974368136,0.06963497347303454,0.003953638469176889,0.1353163084768922,2457,driscoll_kraay,cumulative,twfe_directional_dummies,Sign-Based
1,eps_sb_pos_x_ph2m,1.6616347590772433,-0.20332252199973633,3.526592040154223,1.1338135202543478,0.030663952974368136,0.050952290112920115,-0.006234672253229845,0.10813925247907008,2430,driscoll_kraay,cumulative,twfe_directional_dummies,Sign-Based
2,eps_sb_pos_x_ph2m,1.9386588490484487,0.6252767835908954,3.2520409145060016,0.79847959960531,0.030663952974368136,0.05944694378056428,0.01917345788799538,0.09972042967313319,2403,driscoll_kraay,cumulative,twfe_directional_dummies,Sign-Based
3,eps_sb_pos_x_ph2m,0.2550161019689826,-1.9811241623299316,2.4911563662678966,1.3594767507935146,0.030663952974368136,0.007819801758483551,-0.060749098150069486,0.07638870166703658,2376,driscoll_kraay,cumulative,twfe_directional_dummies,Sign-Based
4,eps_sb_pos_x_ph2m,1.9815238809414377,0.15040518318109042,3.812642578701785,1.1132411223447856,0.030663952974368136,0.060761355102775694,0.0046120174641661816,0.1169106927413852,2349,driscoll_kraay,cumulative,twfe_directional_dummies,Sign-Based
5,eps_sb_pos_x_ph2m,-1.1575805211023227,-2.22765043076891,-0.08751061143573513,0.6505563122050119,0.030663952974368136,-0.03549599466312618,-0.06830856805242878,-0.0026834212738235845,2322,driscoll_kraay,cumulative,twfe_directional_dummies,Sign-Based
6,eps_sb_pos_x_ph2m,-0.43505009367120495,-2.58867357650309,1.7185733891606803,1.3093101097532638,0.030663952974368136,-0.013340355613828282,-0.07937896481588014,0.05269825358822357,2295,driscoll_kraay,cumulative,twfe_directional_dummies,Sign-Based
7,eps_sb_pos_x_ph2m,2.2212886294153833,0.025330428174053843,4.417246830656713,1.3350477910373464,0.030663952974368136,0.06811349007489197,7.767310583497968e-4,0.13545024909143413,2268,driscoll_kraay,cumulative,twfe_directional_dummies,Sign-Based
8,eps_sb_pos_x_ph2m,1.0545709388423448,-0.349873266725681,2.4590151444103707,0.8538414498139788,0.030663952974368136,0.03233731367679692,-0.010728497397864842,0.075403124751458675,2241,driscoll_kraay,cumulative,twfe_directional_dummies,Sign-Based
9,eps_sb_pos_x_ph2m,-0.17928701825701768,-2.723383334763063,2.364809298249028,1.5467007366614176,0.030663952974368136,-0.005497648696747871,-0.08350969850835244,0.0725144011148567,2214,driscoll_kraay,cumulative,twfe_directional_dummies,Sign-Based
10,eps_sb_pos_x_ph2m,4.033991936199395,1.5952520975644306,6.472731774834359,1.4826485461535326,0.030663952974368136,0.12369813903059851,0.048916735301977834,0.1984795427592192,2187,driscoll_kraay,cumulative,twfe_directional_dummies,Sign-Based
11,eps_sb_pos_x_ph2m,2.5399529280159556,0.406533252170334,4.673372603861577,1.2970270672653381,0.030663952974368136,0.07788499714178992,0.012465916527068065,0.14330407775651177,2160,driscoll_kraay,cumulative,twfe_directional_dummies,Sign-Based
12,eps_sb_pos_x_ph2m,-0.5502110524884707,-2.7427312114021616,1.6423091064252204,1.3329576097158569,0.030663952974368136,-0.016871645839484063,-0.08410298088776763,0.05035968920879951,2133,driscoll_kraay,cumulative,twfe_directional_dummies,Sign-Based
13,eps_sb_pos_x_ph2m,3.1766700353472843,1.7961412542828548,4.557198816411714,0.8393019040989472,0.030663952974368136,0.09740926057897349,0.05507679095665206,0.13974173020129493,2106,driscoll_kraay,cumulative,twfe_directional_dummies,Sign-Based
14,eps_sb_pos_x_ph2m,1.7108482307570805,-0.3113725920134778,3.7330690535276387,1.2294229648376003,0.030663952974368136,0.05246136969421604,-0.009547914519008398,0.11447065390744048,2079,driscoll_kraay,cumulative,twfe_directional_dummies,Sign-Based
15,eps_sb_pos_x_ph2m,0.5836982434623504,-1.3779827084808258,2.545379195405527,1.1926173367650377,0.030663952974368136,0.017898495488750797,-0.04225439697234848,0.07805138794985009,2052,driscoll_kraay,cumulative,twfe_directional_dummies,Sign-Based
16,eps_sb_pos_x_ph2m,2.250263102259747,0.725852597236154,3.7746736072833396,0.9267757811671639,0.030663952974368136,0.06900196194764863,0.0222575099079724,0.11574641398732487,2025,driscoll_kraay,cumulative,twfe_directional_dummies,Sign-Based
17,eps_sb_pos_x_ph2m,2.4383192330355814,-0.3595026492412856,5.236141115312448,1.7009549278024674,0.030663952974368136,0.07476850629830045,-0.011023772330495545,0.16056078492709644,1998,driscoll_kraay,cumulative,twfe_directional_dummies,Sign-Based
18,eps_sb_pos_x_ph2m,1.487554769856921,-1.0330057287346952,4.008115268448537,1.5323919753657091,0.030663952974368136,0.045614309509689636,-0.03167603908817358,0.12290465810755287,1971,driscoll_kraay,cumulative,twfe_directional_dummies,Sign-Based
19,eps_sb_pos_x_ph2m,2.3036280678924252,0.5990090803934145,4.008247055391436,1.0363347592565468,0.030663952974368136,0.07063834274428786,0.018367986272403165,0.12290869921617255,1944,driscoll_kraay,cumulative,twfe_directional_dummies,Sign-Based
20,eps_sb_pos_x_ph2m,2.6815778371501846,-0.2986444750497985,5.661800149350167,1.8118465153178696,0.030663952974368136,0.08222777669548108,-0.00915762013898188,0.17361317352994401,1917,driscoll_kraay,cumulative,twfe_directional_dummies,Sign-Based
21,eps_sb_pos_x_ph2m,1.8308353667358752,-0.11445481503881738,3.776125548510568,1.1826524560608123,0.030663952974368136,0.05614064958939892,-0.003509637066040299,0.11579093624483815,1890,driscoll_kraay,cumulative,twfe_directional_dummies,Sign-Based
22,eps_sb_pos_x_ph2m,2.992722520766561,1.2437943706684829,4.741650670864639,1.063272817374939,0.030663952974368136,0.0917687026421183,0.03813965209196217,0.14539775319227444,1863,driscoll_kraay,cumulative,twfe_directional_dummies,Sign-Based
23,eps_sb_pos_x_ph2m,2.2024246933267935,-0.3318983692227344,4.736747755876321,1.5407590201485437,0.030663952974368136,0.06753504722575995,-0.0101773159861154,0.1452474104376353,1836,driscoll_kraay,cumulative,twfe_directional_dummies,Sign-Based
24,eps_sb_pos_x_ph2m,2.356413848103851,0.30940313043897927,4.403424565768723,1.2444941508009728,0.030663952974368136,0.07225696342640635,0.00948752304190315,0.13502640381090955,1809,driscoll_kraay,cumulative,twfe_directional_dummies,Sign-Based
25,eps_sb_pos_x_ph2m,2.922240090877639,0.5463781014456841,5.298102080309594,1.4444215281546449,0.030663952974368136,0.08960743272648519,0.016754112408955,0.1624607530440154,1782,driscoll_kraay,cumulative,twfe_directional_dummies,Sign-Based
26,eps_sb_pos_x_ph2m,2.2728019817585867,0.09417563098411952,4.4514283325330535,1.324510774136344,0.030663952974368136,0.069693093088696,0.0028877971198284875,0.1364983890575635,1755,driscoll_kraay,cumulative,twfe_directional_dummies,Sign-Based
27,eps_sb_pos_x_ph2m,3.0398170151865553,-1.152058298560788,7.231692328933899,2.5484792355149892,0.030663952974368136,0.09321280600436464,-0.035326661490798564,0.22175227349952786,1728,driscoll_kraay,cumulative,twfe_directional_dummies,Sign-Based
28,eps_sb_pos_x_ph2m,0.8336431467234094,-1.2088337691318336,2.8761200625786523,1.2417377950162751,0.030663952974368136,0.025562794248530904,-0.03706762185048673,0.08819321034754854,1701,driscoll_kraay,cumulative,twfe_directional_dummies,Sign-Based
29,eps_sb_pos_x_ph2m,2.320700869868479,-0.880038687891358,5.521440427628316,1.9459114813103482,0.030663952974368136,0.07116186234122227,-0.026985464941125237,0.16930918962356978,1674,driscoll_kraay,cumulative,twfe_directional_dummies,Sign-Based
30,eps_sb_pos_x_ph2m,7.496641372220742,3.7962231433531577,11.197059601088325,2.249694543170897,0.030663952974368136,0.22987665850347944,0.11640720794798921,0.3433461090589696,1647,driscoll_kraay,cumulative,twfe_directional_dummies,Sign-Based
31,eps_sb_pos_x_ph2m,0.7391494632927993,-1.0866217710157418,2.56492069760134,1.1099900954058612,0.030663952974368136,0.022665244383439843,-0.03332011888735133,0.07865060765423101,1620,driscoll_kraay,cumulative,twfe_directional_dummies,Sign-Based
32,eps_sb_pos_x_ph2m,3.746582872198474,1.5207173657048867,5.972448378692061,1.353230141589527,0.030663952974368136,0.11488504100766711,0.04663120578927964,0.18313887622605457,1593,driscoll_kraay,cumulative,twfe_directional_dummies,Sign-Based
33,eps_sb_pos_x_ph2m,7.649898715209232,3.671708201191287,11.628089229227177,2.418568101643803,0.030663952974368136,0.2345761344618551,0.11258908761693144,0.3565631813067788,1566,driscoll_kraay,cumulative,twfe_directional_dummies,Sign-Based
34,eps_sb_pos_x_ph2m,0.6321678053122988,-1.628816038699924,2.8931516493245217,1.3745805748093654,0.030663952974368136,0.01938476385400584,-0.04994593841459106,0.08871546612260274,1539,driscoll_kraay,cumulative,twfe_directional_dummies,Sign-Based
35,eps_sb_pos_x_ph2m,3.5949013221578148,1.71000017108451,5.4798024732311195,1.1459385322733737,0.030663952974368136,0.11023388509014106,0.05243536483229688,0.16803240534798525,1512,driscoll_kraay,cumulative,twfe_directional_dummies,Sign-Based
36,eps_sb_pos_x_ph2m,6.591432705680772,2.8900665942900123,10.292798817071532,2.250270814826712,0.030663952974368136,0.20211938252070732,0.08862086614010121,0.3156178989013134,1485,driscoll_kraay,cumulative,twfe_directional_dummies,Sign-Based
37,eps_sb_pos_x_ph2m,-0.7301519857976494,-3.036346882325094,1.5760429107297949,1.4020669430639159,0.030663952974368136,-0.022389346156640632,-0.09310639801348598,0.048327705700204705,1458,driscoll_kraay,cumulative,twfe_directional_dummies,Sign-Based
38,eps_sb_pos_x_ph2m,1.964791299750033,-0.9432765807458636,4.872859180245929,1.7679797356106592,0.030663952974368136,0.06024826801998266,-0.02892458871381393,0.14942112475377925,1431,driscoll_kraay,cumulative,twfe_directional_dummies,Sign-Based
39,eps_sb_pos_x_ph2m,1.341702888117386,-0.7166827853988118,3.400088561633584,1.2514096329234814,0.030663952974368136,0.04114191426680544,-0.021976327229008337,0.10426015576261921,1404,driscoll_kraay,cumulative,twfe_directional_dummies,Sign-Based
40,eps_sb_pos_x_ph2m,-0.9144987188241844,-3.3728537851804337,1.5438563475320646,1.4945737578561928,0.030663952974368136,-0.0280421457091447,-0.10342502985819238,0.047340738439902975,1377,driscoll_kraay,cumulative,twfe_directional_dummies,Sign-Based
41,eps_sb_pos_x_ph2m,-0.2846217145807605,-2.335583670999223,1.766340241837702,1.246896333395733,0.030663952974368136,-0.00872762687138847,-0.07161822785522227,0.05416297411244534,1350,driscoll_kraay,cumulative,twfe_directional_dummies,Sign-Based
42,eps_sb_pos_x_ph2m,2.1076530890725267,-0.1822277894305393,4.397533967575592,1.392148724350063,0.030663952974368136,0.06462897520960169,-0.005587824365721116,0.1348457747849245,1323,driscoll_kraay,cumulative,twfe_directional_dummies,Sign-Based
43,eps_sb_pos_x_ph2m,-0.28205135337265713,-2.2119502958721275,1.6478475891268132,1.173295246991852,0.030663952974368136,-0.008648809436176047,-0.0678271398542626,0.050529520981910506,1296,driscoll_kraay,cumulative,twfe_directional_dummies,Sign-Based
44,eps_sb_pos_x_ph2m,0.2548357401673944,-2.321918642197719,2.831590122532508,1.5665554309174625,0.030663952974368136,0.007814271152681278,-0.07119920405465957,0.08682774636002213,1269,driscoll_kraay,cumulative,twfe_directional_dummies,Sign-Based
45,eps_sb_pos_x_ph2m,1.8383297327523578,-0.854571552043264,4.531231017547979,1.6371677337554793,0.030663952974368136,0.05637045647650104,-0.02620454188508744,0.1389454548380895,1242,driscoll_kraay,cumulative,twfe_directional_dummies,Sign-Based
46,eps_sb_pos_x_ph2m,-1.4845858876877933,-3.7292170469064843,0.7600452715308974,1.3646388483690377,0.030663952974368136,-0.04552327184646907,-0.11435253615755245,0.0233059924646143,1215,driscoll_kraay,cumulative,twfe_directional_dummies,Sign-Based
47,eps_sb_pos_x_ph2m,0.6232289361418636,-1.847923183183556,3.0943810554672835,1.5023538136371368,0.030663952974368136,0.01911066279011959,-0.056664629589385236,0.09488595516962442,1188,driscoll_kraay,cumulative,twfe_directional_dummies,Sign-Based
48,eps_sb_pos_x_ph2m,2.122459579359598,-0.2733218109515607,4.518240969670757,1.456531664006746,0.030663952974368136,0.06508300073147989,-0.008381127157887795,0.13854712862084756,1161,driscoll_kraay,cumulative,twfe_directional_dummies,Sign-Based
0,eps_sb_neg_x_ph2m,1.4005125841451906,-0.5447336013160096,3.345758769606391,1.1826257082014455,0.03820649632041153,0.05350867889283327,-0.020812362334284643,0.1278297201199512,2457,driscoll_kraay,cumulative,twfe_directional_dummies,Sign-Based
1,eps_sb_neg_x_ph2m,1.4858264544120214,0.0319663183166885,2.939686590507354,0.8838842023833323,0.03820649632041153,0.056768222963263004,0.001221321023143663,0.11231512490338234,2430,driscoll_kraay,cumulative,twfe_directional_dummies,Sign-Based
2,eps_sb_neg_x_ph2m,1.7276266621544614,0.03868505460143368,3.416568269707489,1.0268035890119096,0.03820649632041153,0.06600656171064928,0.001478020396284595,0.13053510302501398,2403,driscoll_kraay,cumulative,twfe_directional_dummies,Sign-Based
3,eps_sb_neg_x_ph2m,1.0273207420705437,-1.5805071107554025,3.63514859489649,1.5854467595753343,0.03820649632041153,0.03925032615180067,-0.06038563911146055,0.1388862914150619,2376,driscoll_kraay,cumulative,twfe_directional_dummies,Sign-Based
4,eps_sb_neg_x_ph2m,1.623093906797763,-0.8554794507758636,4.10166726437139,1.5068656061313792,0.03820649632041153,0.06201273137775111,-0.03268487248825571,0.15671033524375794,2349,driscoll_kraay,cumulative,twfe_directional_dummies,Sign-Based
5,eps_sb_neg_x_ph2m,2.6239276670332483,-0.012399454737972881,5.2602547888044695,1.6027730848351052,0.03820649632041153,0.10025108275553181,-4.737397218214702e-4,0.20097590523288508,2322,driscoll_kraay,cumulative,twfe_directional_dummies,Sign-Based
6,eps_sb_neg_x_ph2m,0.6422769466234669,-2.252416951969574,3.536970845216508,1.7598489319429538,0.03820649632041153,0.024539151797854642,-0.08605695998745809,0.13513526358316738,2295,driscoll_kraay,cumulative,twfe_directional_dummies,Sign-Based
7,eps_sb_neg_x_ph2m,0.556569916381098,-1.2029251424211769,2.316064975183373,1.0696970417138436,0.03820649632041153,0.021264586462266172,-0.04595955502764521,0.08848872795217756,2268,driscoll_kraay,cumulative,twfe_directional_dummies,Sign-Based
8,eps_sb_neg_x_ph2m,4.1631403298875425,0.9673863018796145,7.358894357895471,1.9428804944369762,0.03820649632041153,0.15905900569520523,0.03696044118318001,0.2811575702072305,2241,driscoll_kraay,cumulative,twfe_directional_dummies,Sign-Based
9,eps_sb_neg_x_ph2m,1.296140822723436,-0.6524399516412867,3.2447215970881587,1.1846529943069593,0.03820649632041153,0.049520999574118124,-0.024927444611672296,0.12396944375990855,2214,driscoll_kraay,cumulative,twfe_directional_dummies,Sign-Based
10,eps_sb_neg_x_ph2m,2.4887379101727745,-0.25016603152287686,5.227641851868426,1.6651353633039456,0.03820649632041153,0.09508595580748479,-0.00955796756287075,0.19972987917784032,2187,driscoll_kraay,cumulative,twfe_directional_dummies,Sign-Based
11,eps_sb_neg_x_ph2m,5.992294292651584,2.085252603980869,9.899335981322299,2.375312687191457,0.03820649632041153,0.22894456984301575,0.07967019594112364,0.3782189437449079,2160,driscoll_kraay,cumulative,twfe_directional_dummies,Sign-Based
12,eps_sb_neg_x_ph2m,-1.0073174137817809,-3.5794485523578072,1.5648137247942455,1.5637446982702932,0.03820649632041153,-0.03848606906314007,-0.13675818794476094,0.059786049818480805,2133,driscoll_kraay,cumulative,twfe_directional_dummies,Sign-Based
13,eps_sb_neg_x_ph2m,3.054386333966557,0.24084413755197565,5.867928530381139,1.7105122001822903,0.03820649632041153,0.11669740022980853,0.009201810655172246,0.22419298980444483,2106,driscoll_kraay,cumulative,twfe_directional_dummies,Sign-Based
14,eps_sb_neg_x_ph2m,3.0370557622356236,0.09351418414640023,5.980597340324847,1.7895462124156944,0.03820649632041153,0.11603525980473998,0.0035728493324957266,0.22849767027698425,2079,driscoll_kraay,cumulative,twfe_directional_dummies,Sign-Based
15,eps_sb_neg_x_ph2m,-1.6377394364277984,-3.9910641972933716,0.715585324437775,1.4307198660753564,0.03820649632041153,-0.06257228575167154,-0.1524845795684154,0.027340008065072342,2052,driscoll_kraay,cumulative,twfe_directional_dummies,Sign-Based
16,eps_sb_neg_x_ph2m,1.6713358012946524,-0.8201138365186509,4.162785439107956,1.5146938286727012,0.03820649632041153,0.0638558851423362,-0.03133367627726842,0.1590454465619408,2025,driscoll_kraay,cumulative,twfe_directional_dummies,Sign-Based
17,eps_sb_neg_x_ph2m,2.6963539772297977,4.8068967214209835e-5,5.392659885492382,1.6392375978523064,0.03820649632041153,0.10301823830955727,1.8365468189956905e-6,0.20603464007229555,1998,driscoll_kraay,cumulative,twfe_directional_dummies,Sign-Based
18,eps_sb_neg_x_ph2m,0.044008111412795106,-2.6958084148596484,2.783824637685239,1.6656901753321038,0.03820649632041153,0.001681395746761217,-0.1029973942828696,0.10636018577639204,1971,driscoll_kraay,cumulative,twfe_directional_dummies,Sign-Based
19,eps_sb_neg_x_ph2m,1.5047116081762462,-1.0902544903466764,4.099677706699168,1.5776273681764401,0.03820649632041153,0.05748975852106627,-0.04165480417374244,0.15663432121587495,1944,driscoll_kraay,cumulative,twfe_directional_dummies,Sign-Based
20,eps_sb_neg_x_ph2m,1.477526192204153,-0.8643571679202797,3.819409552328586,1.4237639883281394,0.03820649632041153,0.05645109902575963,-0.0330240589556675,0.14592625700718675,1917,driscoll_kraay,cumulative,twfe_directional_dummies,Sign-Based
21,eps_sb_neg_x_ph2m,0.866921618788866,-2.0926510730958983,3.82649431067363,1.7992924375708486,0.03820649632041153,0.03312203763834202,-0.07995286552414367,0.1461969408008277,1890,driscoll_kraay,cumulative,twfe_directional_dummies,Sign-Based
22,eps_sb_neg_x_ph2m,0.4507128373679909,-1.7573053756166568,2.6587310503526385,1.3423797575696328,0.03820649632041153,0.017220158362462386,-0.0671404813673372,0.10158079809226196,1863,driscoll_kraay,cumulative,twfe_directional_dummies,Sign-Based
23,eps_sb_neg_x_ph2m,1.2082945824289624,-1.7903545600781885,4.206943724936114,1.8230492326935916,0.03820649632041153,0.046164702517545335,-0.06840317491185931,0.16073257994695,1836,driscoll_kraay,cumulative,twfe_directional_dummies,Sign-Based
24,eps_sb_neg_x_ph2m,2.562744375298016,-0.04133437793779482,5.166823128533827,1.5831674688659938,0.03820649632041153,0.097913483544979,-0.0015792417585868573,0.19740620884854485,1809,driscoll_kraay,cumulative,twfe_directional_dummies,Sign-Based
25,eps_sb_neg_x_ph2m,1.3980220511519441,-1.4604394772707305,4.256483579574619,1.7378212149615233,0.03820649632041153,0.05341352435319093,-0.05579827551452791,0.16262532422090978,1782,driscoll_kraay,cumulative,twfe_directional_dummies,Sign-Based
26,eps_sb_neg_x_ph2m,2.0088183136027205,-0.27790922232886084,4.295545849534301,1.3902316281903706,0.03820649632041153,0.07674990950703764,-0.010617937680316051,0.1641177566943913,1755,driscoll_kraay,cumulative,twfe_directional_dummies,Sign-Based
27,eps_sb_neg_x_ph2m,4.330598415477402,1.3760189103646132,7.285177920590191,1.7962567955598145,0.03820649632041153,0.16545699242611736,0.052572861435662276,0.27834112341657247,1728,driscoll_kraay,cumulative,twfe_directional_dummies,Sign-Based
28,eps_sb_neg_x_ph2m,-0.11459286243813453,-3.5031381094569003,3.273952384580631,2.0600892331672127,0.03820649632041153,-0.004378191777088012,-0.13384263328885845,0.12508624973468244,1701,driscoll_kraay,cumulative,twfe_directional_dummies,Sign-Based
29,eps_sb_neg_x_ph2m,1.453010760364373,-1.0608178304641636,3.9668393511929096,1.5282992660493446,0.03820649632041153,0.055514450269379775,-0.04053013253625601,0.15155903307501556,1674,driscoll_kraay,cumulative,twfe_directional_dummies,Sign-Based
30,eps_sb_neg_x_ph2m,2.846964569041969,-0.27183687200169704,5.965766010085635,1.8960966434587683,0.03820649632041153,0.10877254133144398,-0.010385934449885018,0.227931017112773,1647,driscoll_kraay,cumulative,twfe_directional_dummies,Sign-Based
31,eps_sb_neg_x_ph2m,-0.40958408902760157,-3.662978067449489,2.843809889394286,1.977923096082198,0.03820649632041153,-0.01564877299033217,-0.13994955805575704,0.10865201207509272,1620,driscoll_kraay,cumulative,twfe_directional_dummies,Sign-Based
32,eps_sb_neg_x_ph2m,2.0975478280723117,-0.7136731872271596,4.908768843371783,1.7091010222652545,0.03820649632041153,0.08013995337513197,-0.02726695200177084,0.1875468587520348,1593,driscoll_kraay,cumulative,twfe_directional_dummies,Sign-Based
33,eps_sb_neg_x_ph2m,4.120287057922503,0.9340634548356808,7.306510661009325,1.9370864074951675,0.03820649632041153,0.15742173231755535,0.035687291950210316,0.2791561726849004,1566,driscoll_kraay,cumulative,twfe_directional_dummies,Sign-Based
34,eps_sb_neg_x_ph2m,-0.044310356084147594,-2.918629472725696,2.8300087605574005,1.7474619440568313,0.03820649632041153,-0.0016929434566851098,-0.11151060621033895,0.10812471929696872,1539,driscoll_kraay,cumulative,twfe_directional_dummies,Sign-Based
35,eps_sb_neg_x_ph2m,1.8624457369163736,-1.4752992426125637,5.200190716445311,2.0292048634838267,0.03820649632041153,0.07115752619446157,-0.05636601508438283,0.19868106747330597,1512,driscoll_kraay,cumulative,twfe_directional_dummies,Sign-Based
36,eps_sb_neg_x_ph2m,3.202144132860563,0.6493701831450012,5.7549180825761255,1.5519763630559678,0.03820649632041153,0.12234270802956447,0.02481015951291445,0.2198752565462145,1485,driscoll_kraay,cumulative,twfe_directional_dummies,Sign-Based
37,eps_sb_neg_x_ph2m,1.8696433144140363,-1.8992352175520846,5.638521846380157,2.2913154521544032,0.03820649632041153,0.07143252041264189,-0.07256312335099971,0.2154281641762835,1458,driscoll_kraay,cumulative,twfe_directional_dummies,Sign-Based
38,eps_sb_neg_x_ph2m,2.179162810884744,-0.6978721383465158,5.056197760116004,1.749113053034075,0.03820649632041153,0.08325817591564562,-0.026663249285853886,0.19317960111714513,1431,driscoll_kraay,cumulative,twfe_directional_dummies,Sign-Based
39,eps_sb_neg_x_ph2m,1.4080239567339137,-0.8724864951418294,3.688534408609657,1.3864519094640546,0.03820649632041153,0.05379566212200556,-0.03333465206624506,0.1409259763102562,1404,driscoll_kraay,cumulative,twfe_directional_dummies,Sign-Based
40,eps_sb_neg_x_ph2m,3.1139875625713036,-0.7707974896252372,6.998772614767844,2.3617816129916065,0.03820649632041153,0.11897455435118778,-0.02944947145114907,0.26739858015352463,1377,driscoll_kraay,cumulative,twfe_directional_dummies,Sign-Based
41,eps_sb_neg_x_ph2m,1.7363093084932364,-1.9577004726103542,5.430319089596827,2.2457984835708276,0.03820649632041153,0.06633829520604312,-0.07479687590325541,0.20747346631534166,1350,driscoll_kraay,cumulative,twfe_directional_dummies,Sign-Based
42,eps_sb_neg_x_ph2m,1.034651843680354,-1.3944635460319181,3.463767233392626,1.4767972966775957,0.03820649632041153,0.03953042185848045,-0.05327756634041649,0.1323384100573774,1323,driscoll_kraay,cumulative,twfe_directional_dummies,Sign-Based
43,eps_sb_neg_x_ph2m,4.733530087855074,-1.0026903154564906,10.46975049116664,3.487374383544951,0.03820649632041153,0.18085159988419217,-0.03830928384800068,0.40001248361638503,1296,driscoll_kraay,cumulative,twfe_directional_dummies,Sign-Based
44,eps_sb_neg_x_ph2m,-0.6323540891057243,-2.6417392685916194,1.3770310903801706,1.2216194478107067,0.03820649632041153,-0.02416003417861504,-0.10093160164493235,0.05261153328770227,1269,driscoll_kraay,cumulative,twfe_directional_dummies,Sign-Based
45,eps_sb_neg_x_ph2m,0.9923498388652476,-2.550885124239513,4.535584801970009,2.154133902888186,0.03820649632041153,0.03791421046716606,-0.09746038311304946,0.1732888040473816,1242,driscoll_kraay,cumulative,twfe_directional_dummies,Sign-Based
46,eps_sb_neg_x_ph2m,0.7832202881040699,-3.3643817794861763,4.930822355694316,2.5215630130428703,0.03820649632041153,0.029924103055519805,-0.1285412400783982,0.1883894461894378,1215,driscoll_kraay,cumulative,twfe_directional_dummies,Sign-Based
47,eps_sb_neg_x_ph2m,-1.363070971035947,-3.7975928766085767,1.071450934536683,1.4800842249317399,0.03820649632041153,-0.05207816603934468,-0.1450927182665666,0.040936386187877274,1188,driscoll_kraay,cumulative,twfe_directional_dummies,Sign-Based
48,eps_sb_neg_x_ph2m,2.199723195598594,1.0003083500035252,3.3991380411936625,0.729192449675922,0.03820649632041153,0.08404371617856157,0.03821827729368662,0.12986915506343652,1161,driscoll_kraay,cumulative,twfe_directional_dummies,Sign-Based
0,eps_sb_pos_x_wh2m,3.568079707459138,-0.06430570957401072,7.200465124492286,2.208333530421984,0.012693927428305258,0.045292944864894956,-8.162920105581667e-4,0.09140218174034807,2457,driscoll_kraay,cumulative,twfe_directional_dummies,Sign-Based
1,eps_sb_pos_x_wh2m,2.7645968395981155,-0.3839361086659028,5.913129787862134,1.9141721163964158,0.012693927428305258,0.03509359165038055,-0.004873657100510891,0.075060840401272,2430,driscoll_kraay,cumulative,twfe_directional_dummies,Sign-Based
2,eps_sb_pos_x_wh2m,3.0883287932974244,0.8440156770009204,5.332641909593928,1.3644454920016527,0.012693927428305258,0.039203021576863055,0.010713873752201616,0.06769216940152449,2403,driscoll_kraay,cumulative,twfe_directional_dummies,Sign-Based
3,eps_sb_pos_x_wh2m,0.09255999916580473,-3.8413322120742484,4.026452210405858,2.3916366458278877,0.012693927428305258,0.0011749499121747205,-0.04876159232808181,0.05111149215243126,2376,driscoll_kraay,cumulative,twfe_directional_dummies,Sign-Based
4,eps_sb_pos_x_wh2m,3.7094277687316928,0.4793563100940448,6.939499227369341,1.9637440108419724,0.012693927428305258,0.04708720689682041,0.006084914212633996,0.08808949958100683,2349,driscoll_kraay,cumulative,twfe_directional_dummies,Sign-Based
5,eps_sb_pos_x_wh2m,-1.7426383189564647,-3.620089944912513,0.13481330699958338,1.1414095425838393,0.012693927428305258,-0.022120924354617235,-0.045953159044657015,0.0017113103354225489,2322,driscoll_kraay,cumulative,twfe_directional_dummies,Sign-Based
6,eps_sb_pos_x_wh2m,-0.5869022073990384,-4.32356755249684,3.1497631376987636,2.2717312251201585,0.012693927428305258,-0.007450094028235555,-0.05488305274277027,0.03998286468629917,2295,driscoll_kraay,cumulative,twfe_directional_dummies,Sign-Based
7,eps_sb_pos_x_wh2m,3.4813257755763374,-0.27992083591029226,7.2425723870629675,2.286675573958289,0.012693927428305258,0.04419169674945454,-0.0035532947767157944,0.09193668827562489,2268,driscoll_kraay,cumulative,twfe_directional_dummies,Sign-Based
8,eps_sb_pos_x_wh2m,2.578822641581783,0.09393657364397434,5.063708709519592,1.510703461525164,0.012693927428305258,0.03273538746270962,0.0011924240487002627,0.06427835087671897,2241,driscoll_kraay,cumulative,twfe_directional_dummies,Sign-Based
9,eps_sb_pos_x_wh2m,-0.7207894308569053,-4.938313618538014,3.496734756824203,2.5640726436538652,0.012693927428305258,-0.009149648726387006,-0.06268659469193308,0.04438729723915907,2214,driscoll_kraay,cumulative,twfe_directional_dummies,Sign-Based
10,eps_sb_pos_x_wh2m,6.9053867567520335,2.7816571484677874,11.02911636503628,2.5070495883132526,0.012693927428305258,0.08765647835459053,0.03531015397307664,0.14000280273610444,2187,driscoll_kraay,cumulative,twfe_directional_dummies,Sign-Based
11,eps_sb_pos_x_wh2m,5.062993947653342,1.4150990762706903,8.710888819035993,2.217762609152988,0.012693927428305258,0.06426927774146028,0.01796316497804195,0.11057539050487859,2160,driscoll_kraay,cumulative,twfe_directional_dummies,Sign-Based
12,eps_sb_pos_x_wh2m,-1.01947803343051,-4.507399904357549,2.4684438374965287,2.120505930604574,0.012693927428305258,-0.012941180171118257,-0.05721660727626479,0.031334246934028274,2133,driscoll_kraay,cumulative,twfe_directional_dummies,Sign-Based
13,eps_sb_pos_x_wh2m,5.439164993328387,3.2011701492931173,7.677159837363657,1.360604255214557,0.012693927428305258,0.06904436569588901,0.04063542156078394,0.09745330983099407,2106,driscoll_kraay,cumulative,twfe_directional_dummies,Sign-Based
14,eps_sb_pos_x_wh2m,3.5951866710643205,0.21031768145925112,6.9800556606693895,2.0578542273566898,0.012693927428305258,0.04563703869370085,0.002669757385333156,0.08860432000206854,2079,driscoll_kraay,cumulative,twfe_directional_dummies,Sign-Based
15,eps_sb_pos_x_wh2m,1.331931031264425,-1.991042311204856,4.654904373733706,2.0202243458148876,0.012693927428305258,0.016907435850378395,-0.025274146605119615,0.05908901830587641,2052,driscoll_kraay,cumulative,twfe_directional_dummies,Sign-Based
16,eps_sb_pos_x_wh2m,3.5035121173409136,0.7514059222663292,6.255618312415498,1.6731617634422984,0.012693927428305258,0.044473328561713654,0.009538292246447564,0.07940836487697975,2025,driscoll_kraay,cumulative,twfe_directional_dummies,Sign-Based
17,eps_sb_pos_x_wh2m,5.283751781002045,0.4067995602233836,10.160704001780706,2.9649764215296632,0.012693927428305258,0.06707156165721861,0.005163884095342125,0.1289792392190951,1998,driscoll_kraay,cumulative,twfe_directional_dummies,Sign-Based
18,eps_sb_pos_x_wh2m,2.2524640848862543,-1.9388276485833904,6.443755818355899,2.5481244438981934,0.012693927428305258,0.028592615628410128,-0.02461133746710929,0.08179656872392954,1971,driscoll_kraay,cumulative,twfe_directional_dummies,Sign-Based
19,eps_sb_pos_x_wh2m,3.208280299904701,0.38188312464415075,6.034677475165251,1.7183274723957784,0.012693927428305258,0.040725677296651705,0.004847596670327301,0.0766037579229761,1944,driscoll_kraay,cumulative,twfe_directional_dummies,Sign-Based
20,eps_sb_pos_x_wh2m,5.3269400241417255,-0.016138064316898237,10.67001811260035,3.2483608273164974,0.012693927428305258,0.06761979008138973,-2.048554172720289e-4,0.13544443558005148,1917,driscoll_kraay,cumulative,twfe_directional_dummies,Sign-Based
21,eps_sb_pos_x_wh2m,3.053060930487101,-0.48330874184952144,6.5894306028237235,2.149960102462635,0.012693927428305258,0.03875533388579738,-0.006135086094503346,0.08364575386609811,1890,driscoll_kraay,cumulative,twfe_directional_dummies,Sign-Based
22,eps_sb_pos_x_wh2m,4.155190933380878,1.4007612890425216,6.909620577719234,1.6745743202958085,0.012693927428305258,0.05274569215908885,0.017781162147485097,0.0877102221706926,1863,driscoll_kraay,cumulative,twfe_directional_dummies,Sign-Based
23,eps_sb_pos_x_wh2m,3.682746883641129,-0.7601879751426912,8.125681742424948,2.7011126011365754,0.012693927428305258,0.046748521677757844,-0.009649770988331644,0.10314681434384732,1836,driscoll_kraay,cumulative,twfe_directional_dummies,Sign-Based
24,eps_sb_pos_x_wh2m,4.449756583826797,0.71092342745915,8.188589740194445,2.273049160791956,0.012693927428305258,0.05648488714872089,0.009024410395248489,0.10394536390219329,1809,driscoll_kraay,cumulative,twfe_directional_dummies,Sign-Based
25,eps_sb_pos_x_wh2m,4.544168532626436,0.4164780493153133,8.67185901593756,2.509457629346191,0.012693927428305258,0.05768334557514838,0.005286742133490725,0.11007994901680604,1782,driscoll_kraay,cumulative,twfe_directional_dummies,Sign-Based
26,eps_sb_pos_x_wh2m,3.312835503929619,-0.6450461370035816,7.27071714486282,2.406221183503504,0.012693927428305258,0.04205289346879566,-0.008188168851032115,0.09229395578862344,1755,driscoll_kraay,cumulative,twfe_directional_dummies,Sign-Based
27,eps_sb_pos_x_wh2m,5.09593301960933,-2.650112889219919,12.841978928438579,4.709261530574953,0.012693927428305258,0.06468740393042531,-0.033640340692574024,0.16301514855342464,1728,driscoll_kraay,cumulative,twfe_directional_dummies,Sign-Based
28,eps_sb_pos_x_wh2m,0.7927552015411521,-2.880125033284717,4.465635436367021,2.232952631556091,0.012693927428305258,0.010063176996774894,-0.036560098156961464,0.056686452150511255,1701,driscoll_kraay,cumulative,twfe_directional_dummies,Sign-Based
29,eps_sb_pos_x_wh2m,2.8600065502998464,-3.0872770220272927,8.807290122626986,3.615691679112918,0.012693927428305258,0.036304715593983926,-0.03918967046868883,0.11179910165665669,1674,driscoll_kraay,cumulative,twfe_directional_dummies,Sign-Based
30,eps_sb_pos_x_wh2m,13.311563153908594,6.524034110066526,20.09909219775066,4.126524654003345,0.012693927428305258,0.16897601663301795,0.08281561553297256,0.25513641773306334,1647,driscoll_kraay,cumulative,twfe_directional_dummies,Sign-Based
31,eps_sb_pos_x_wh2m,1.1869964377243274,-2.3450411223913044,4.719033997839959,2.1473263652412746,0.012693927428305258,0.015067646638129473,-0.029767781824026725,0.05990307510028567,1620,driscoll_kraay,cumulative,twfe_directional_dummies,Sign-Based
32,eps_sb_pos_x_wh2m,6.061376851882064,2.223488269054361,9.899265434709767,2.3332705840462804,0.012693927428305258,0.07694267787340031,0.028224798725064136,0.12566055702173648,1593,driscoll_kraay,cumulative,twfe_directional_dummies,Sign-Based
33,eps_sb_pos_x_wh2m,14.533621060523057,7.564335366621219,21.502906754424895,4.237024851152579,0.012693927428305258,0.18448873101276858,0.09602112418725262,0.2729563378382846,1566,driscoll_kraay,cumulative,twfe_directional_dummies,Sign-Based
34,eps_sb_pos_x_wh2m,0.3218496599640238,-4.112690567946679,4.756389887874727,2.6960090279458866,0.012693927428305258,0.004085536226408042,-0.05220619560459067,0.06037726805740677,1539,driscoll_kraay,cumulative,twfe_directional_dummies,Sign-Based
35,eps_sb_pos_x_wh2m,5.509895751264696,2.33601695204424,8.683774550485152,1.9295812996459993,0.012693927428305258,0.06994221680408153,0.02965322966054043,0.11023120394762263,1512,driscoll_kraay,cumulative,twfe_directional_dummies,Sign-Based
36,eps_sb_pos_x_wh2m,12.030887410227706,5.5214174511937415,18.54035736926167,3.9574767337191243,0.012693927428305258,0.15271921168354188,0.07008847242683154,0.23534995094025224,1485,driscoll_kraay,cumulative,twfe_directional_dummies,Sign-Based
37,eps_sb_pos_x_wh2m,-2.643525315483726,-7.099709322938768,1.8126586919713161,2.70916751158826,0.012693927428305258,-0.033556718509638185,-0.09012319490744698,0.023009757888170623,1458,driscoll_kraay,cumulative,twfe_directional_dummies,Sign-Based
38,eps_sb_pos_x_wh2m,2.160265466012084,-2.9112510980118707,7.2317820300360385,3.0832631432520654,0.012693927428305258,0.027422253051431433,-0.036955210163736686,0.09179971626659955,1431,driscoll_kraay,cumulative,twfe_directional_dummies,Sign-Based
39,eps_sb_pos_x_wh2m,3.1434385504569278,-0.7837311055178162,7.070608206431672,2.3875496224264388,0.012693927428305258,0.03990258083483732,-0.009948625776748609,0.08975378744642325,1404,driscoll_kraay,cumulative,twfe_directional_dummies,Sign-Based
40,eps_sb_pos_x_wh2m,-2.2052223094807233,-6.905689889826306,2.4952452708648596,2.857681378650881,0.012693927428305258,-0.02799293195982802,-0.08766032630383645,0.031674462384180424,1377,driscoll_kraay,cumulative,twfe_directional_dummies,Sign-Based
41,eps_sb_pos_x_wh2m,-1.8440706583432656,-5.7969857893133945,2.108844472626863,2.4032017598406963,0.012693927428305258,-0.023408499109676514,-0.07358651691246111,0.026769518693108073,1350,driscoll_kraay,cumulative,twfe_directional_dummies,Sign-Based
42,eps_sb_pos_x_wh2m,3.902266519468809,-0.28455900090570774,8.089092039843326,2.545409179134237,0.012693927428305258,0.04953508800404241,-0.003612171306568104,0.10268234731465292,1323,driscoll_kraay,cumulative,twfe_directional_dummies,Sign-Based
43,eps_sb_pos_x_wh2m,-0.9967245935395723,-4.307294784464757,2.3138455973856127,2.0126837650964173,0.012693927428305258,-0.012652349656398387,-0.05467648740631336,0.029371788093516593,1296,driscoll_kraay,cumulative,twfe_directional_dummies,Sign-Based
44,eps_sb_pos_x_wh2m,-0.8237327101872416,-5.561522259695529,3.9140568393210455,2.8803715247837474,0.012693927428305258,-0.010456403243438052,-0.07059755995547931,0.04968475346860321,1269,driscoll_kraay,cumulative,twfe_directional_dummies,Sign-Based
45,eps_sb_pos_x_wh2m,2.2615529558418133,-2.900121797981386,7.423227709665012,3.138075430693314,0.012693927428305258,0.028707989096725225,-0.03681393563682187,0.09422991383027232,1242,driscoll_kraay,cumulative,twfe_directional_dummies,Sign-Based
46,eps_sb_pos_x_wh2m,-2.7702351274451518,-6.562578091638949,1.0221078367486456,2.30558081403415,0.012693927428305258,-0.035165163667130725,-0.08330489003785084,0.012974562703589385,1215,driscoll_kraay,cumulative,twfe_directional_dummies,Sign-Based
47,eps_sb_pos_x_wh2m,0.019108240331547302,-4.564299856861223,4.602516337524318,2.786514266128068,0.012693927428305258,2.4255861605127705e-4,-0.05793889114402044,0.05842400837612301,1188,driscoll_kraay,cumulative,twfe_directional_dummies,Sign-Based
48,eps_sb_pos_x_wh2m,2.756941824217422,-1.1254044285647118,6.639288076999556,2.3602989282259554,0.012693927428305258,0.03499641944067547,-0.0142858021436938,0.08427864102504473,1161,driscoll_kraay,cumulative,twfe_directional_dummies,Sign-Based
0,eps_sb_neg_x_wh2m,1.9943126904650457,-1.483638875443641,5.472264256373732,2.114444415552422,0.015833957687277255,0.031577862756023596,-0.02349187517697422,0.0866476006890214,2457,driscoll_kraay,cumulative,twfe_directional_dummies,Sign-Based
1,eps_sb_neg_x_wh2m,2.248149604368564,0.17529191753397821,4.321007291203149,1.2602079922919132,0.015833957687277255,0.03559710571024094,0.002775564805154705,0.06841864661532718,2430,driscoll_kraay,cumulative,twfe_directional_dummies,Sign-Based
2,eps_sb_neg_x_wh2m,2.906112661767971,-0.33776497466897704,6.149990298204919,1.9721375709576456,0.015833957687277255,0.04601526492089473,-0.005348156317152857,0.09737868615894232,2403,driscoll_kraay,cumulative,twfe_directional_dummies,Sign-Based
3,eps_sb_neg_x_wh2m,1.896106850012041,-2.459686996692877,6.251900696716959,2.6481346275035014,0.015833957687277255,0.03002287563364722,-0.038946579829581086,0.09899233109687551,2376,driscoll_kraay,cumulative,twfe_directional_dummies,Sign-Based
4,eps_sb_neg_x_wh2m,2.7616573749614166,-1.2434894623654809,6.766804212288314,2.4349563825627034,0.015833957687277255,0.04372796602189625,-0.019689359531670166,0.10714529157546265,2349,driscoll_kraay,cumulative,twfe_directional_dummies,Sign-Based
5,eps_sb_neg_x_wh2m,4.55564018875999,-0.40344939287346815,9.514729770393448,3.0149123912165385,0.015833957687277255,0.07213381398728545,-0.006388200615716193,0.1506558285902871,2322,driscoll_kraay,cumulative,twfe_directional_dummies,Sign-Based
6,eps_sb_neg_x_wh2m,1.7134426413399035,-3.183341165460118,6.610226448139925,2.977033169738995,0.015833957687277255,0.02713057828255261,-0.050404889318063376,0.10466604588316859,2295,driscoll_kraay,cumulative,twfe_directional_dummies,Sign-Based
7,eps_sb_neg_x_wh2m,0.556934428997568,-2.5329951432063167,3.646864001201453,1.8785437935475626,0.015833957687277255,0.00881847618333541,-0.04010733791960761,0.057744290286278435,2268,driscoll_kraay,cumulative,twfe_directional_dummies,Sign-Based
8,eps_sb_neg_x_wh2m,7.052499325741477,1.0478330696384823,13.057165581844473,3.6505778737478822,0.015833957687277255,0.11166897591334192,0.01659134448798557,0.2067466073386983,2241,driscoll_kraay,cumulative,twfe_directional_dummies,Sign-Based
9,eps_sb_neg_x_wh2m,2.1637618547561734,-1.3310948776969496,5.658618587209297,2.124722027047719,0.015833957687277255,0.034260913653553805,-0.021076499971204993,0.0895983272783126,2214,driscoll_kraay,cumulative,twfe_directional_dummies,Sign-Based
10,eps_sb_neg_x_wh2m,3.312516314790469,-1.0263419359881638,7.6513745655691014,2.637838516257619,0.015833957687277255,0.05245024316680787,-0.016251054787114808,0.12115154112073054,2187,driscoll_kraay,cumulative,twfe_directional_dummies,Sign-Based
11,eps_sb_neg_x_wh2m,11.456823609340823,4.602839409248196,18.31080780943345,4.166926520261636,0.015833957687277255,0.18140686026090166,0.07288116444736817,0.28993255607443513,2160,driscoll_kraay,cumulative,twfe_directional_dummies,Sign-Based
12,eps_sb_neg_x_wh2m,-1.705462310143015,-6.315523847339559,2.904599227053529,2.8027184070723123,0.015833957687277255,-0.02700421805605062,-0.09999973737176504,0.0459913012596638,2133,driscoll_kraay,cumulative,twfe_directional_dummies,Sign-Based
13,eps_sb_neg_x_wh2m,4.206510807045041,-0.7583447999477935,9.171366414037877,3.018417885726749,0.015833957687277255,0.06660571412982567,-0.012007599474740097,0.14521902773439146,2106,driscoll_kraay,cumulative,twfe_directional_dummies,Sign-Based
14,eps_sb_neg_x_wh2m,6.115052042967134,0.34697386271203534,11.883130223222233,3.5067425366872937,0.015833957687277255,0.09682547530383993,0.005493969460773515,0.18815698114690635,2079,driscoll_kraay,cumulative,twfe_directional_dummies,Sign-Based
15,eps_sb_neg_x_wh2m,-2.4913939962157072,-6.720115874064209,1.7373278816327944,2.570880355892763,0.015833957687277255,-0.039448627118416096,-0.1064060304035329,0.027508776166700694,2052,driscoll_kraay,cumulative,twfe_directional_dummies,Sign-Based
16,eps_sb_neg_x_wh2m,1.889759114797736,-2.1831440164573004,5.962662246052773,2.476149284361338,0.015833957687277255,0.02992236586285387,-0.03456780998181742,0.09441254170752517,2025,driscoll_kraay,cumulative,twfe_directional_dummies,Sign-Based
17,eps_sb_neg_x_wh2m,5.047677799551306,-0.18228251585781763,10.27763811496043,3.179590104380409,0.015833957687277255,0.07992471669710415,-0.00288625364322313,0.1627356870374314,1998,driscoll_kraay,cumulative,twfe_directional_dummies,Sign-Based
18,eps_sb_neg_x_wh2m,-0.046088903295436946,-4.876508720743991,4.784330914153117,2.9366867290198506,0.015833957687277255,-7.297697446329619e-4,-0.07721443274589888,0.07575489325663297,1971,driscoll_kraay,cumulative,twfe_directional_dummies,Sign-Based
19,eps_sb_neg_x_wh2m,1.881314323998554,-2.619305239572295,6.381933887569403,2.7361824115086635,0.015833957687277255,0.029788651402661716,-0.041473968333451336,0.10105127113877477,1944,driscoll_kraay,cumulative,twfe_directional_dummies,Sign-Based
20,eps_sb_neg_x_wh2m,2.7769821219707476,-1.4157332410224681,6.969697484963963,2.54898994919316,0.015833957687277255,0.04397061741761022,-0.022416660234821653,0.1103578950700421,1917,driscoll_kraay,cumulative,twfe_directional_dummies,Sign-Based
21,eps_sb_neg_x_wh2m,1.7223252121417876,-3.430383830130956,6.875034254414531,3.1326246651032643,0.015833957687277255,0.027271224532783887,-0.05431655241741364,0.10885900148298142,1890,driscoll_kraay,cumulative,twfe_directional_dummies,Sign-Based
22,eps_sb_neg_x_wh2m,1.0179005995081447,-2.6408960360424336,4.676697235058723,2.2243904111587702,0.015833957687277255,0.016117395022466115,-0.041815836091194124,0.07405062613612634,1863,driscoll_kraay,cumulative,twfe_directional_dummies,Sign-Based
23,eps_sb_neg_x_wh2m,1.890934830528836,-3.7497900592323865,7.531659720290058,3.4293172336650968,0.015833957687277255,0.02994098209599238,-0.05937401713405848,0.11925598132604323,1836,driscoll_kraay,cumulative,twfe_directional_dummies,Sign-Based
24,eps_sb_neg_x_wh2m,5.036944930054675,0.5840303795046706,9.489859480604679,2.7071798229262005,0.015833957687277255,0.07975477289563142,0.009247512317161432,0.1502620334741014,1809,driscoll_kraay,cumulative,twfe_directional_dummies,Sign-Based
25,eps_sb_neg_x_wh2m,2.46050770127244,-2.659855538903365,7.580870941448245,3.1129598137347645,0.015833957687277255,0.03895957483116764,-0.04211604005726592,0.1200351897196012,1782,driscoll_kraay,cumulative,twfe_directional_dummies,Sign-Based
26,eps_sb_neg_x_wh2m,3.272634452929491,-1.0889862183609949,7.634255124219976,2.651677085318648,0.015833957687277255,0.05181875545361131,-0.01724296170355606,0.12088047261077867,1755,driscoll_kraay,cumulative,twfe_directional_dummies,Sign-Based
27,eps_sb_neg_x_wh2m,7.726888778017756,2.5002218671054317,12.95355568893008,3.177587856616331,0.015833957687277255,0.1223472299654306,0.03958840725255274,0.20510605267830848,1728,driscoll_kraay,cumulative,twfe_directional_dummies,Sign-Based
28,eps_sb_neg_x_wh2m,-0.4709393168876603,-6.416467338684304,5.4745887049089825,3.6146243801741367,0.015833957687277255,-0.0074568332168744676,-0.10159807234252376,0.08668440590877481,1701,driscoll_kraay,cumulative,twfe_directional_dummies,Sign-Based
29,eps_sb_neg_x_wh2m,1.4540393241556822,-3.2444678468529804,6.152546495164344,2.8564895344011565,0.015833957687277255,0.023023197134318288,-0.05137276660480163,0.0974191608734382,1674,driscoll_kraay,cumulative,twfe_directional_dummies,Sign-Based
30,eps_sb_neg_x_wh2m,5.6784413569111685,0.4865131912730165,10.870369522549321,3.1564681990948555,0.015833957687277255,0.08991220017501668,0.007703429284919169,0.1721209710651142,1647,driscoll_kraay,cumulative,twfe_directional_dummies,Sign-Based
31,eps_sb_neg_x_wh2m,-0.5505919516985461,-6.355664704077408,5.254480800680315,3.529233639553588,0.015833957687277255,-0.008718049666150182,-0.1006353259988832,0.08319922666658282,1620,driscoll_kraay,cumulative,twfe_directional_dummies,Sign-Based
32,eps_sb_neg_x_wh2m,2.2785407738578978,-2.85842162932193,7.415503177037726,3.1230513882870774,0.015833957687277255,0.03607831820200193,-0.04526012713108155,0.11741676353508541,1593,driscoll_kraay,cumulative,twfe_directional_dummies,Sign-Based
33,eps_sb_neg_x_wh2m,7.932890653150963,2.4495648254407945,13.41621648086113,3.3336253985546542,0.015833957687277255,0.12560905493978958,0.03878630579827223,0.2124318040813069,1566,driscoll_kraay,cumulative,twfe_directional_dummies,Sign-Based
34,eps_sb_neg_x_wh2m,-0.3903350002206823,-5.4226641021923205,4.641994101750956,3.0594388579720766,0.015833957687277255,-0.006180547877357641,-0.08586223394643051,0.07350113819171522,1539,driscoll_kraay,cumulative,twfe_directional_dummies,Sign-Based
35,eps_sb_neg_x_wh2m,1.8013831367236095,-4.464781388307742,8.067547661754961,3.809557532875978,0.015833957687277255,0.028523024365456413,-0.07069515958540779,0.1277412083163206,1512,driscoll_kraay,cumulative,twfe_directional_dummies,Sign-Based
36,eps_sb_neg_x_wh2m,5.792282107314282,1.097477379470683,10.487086835157882,2.8542386087841916,0.015833957687277255,0.09171474979998748,0.017377410389282717,0.16605208921069226,1485,driscoll_kraay,cumulative,twfe_directional_dummies,Sign-Based
37,eps_sb_neg_x_wh2m,3.1857184037336057,-3.644036950414986,10.015473757882198,4.1521964278406225,0.015833957687277255,0.05044253040829835,-0.05769952688374574,0.15858458770034245,1458,driscoll_kraay,cumulative,twfe_directional_dummies,Sign-Based
38,eps_sb_neg_x_wh2m,2.746488681299435,-2.680658960195231,8.173636322794101,3.2994714864405283,0.015833957687277255,0.04348778556828116,-0.04244544054975193,0.12942101168631426,1431,driscoll_kraay,cumulative,twfe_directional_dummies,Sign-Based
39,eps_sb_neg_x_wh2m,2.141327600947978,-1.648722281251513,5.931377483147469,2.3041867191695773,0.015833957687277255,0.0339056906280092,-0.026105798839407685,0.09391718009542609,1404,driscoll_kraay,cumulative,twfe_directional_dummies,Sign-Based
40,eps_sb_neg_x_wh2m,6.003988096532007,-0.9094489271313577,12.917425120195372,4.203071270527912,0.015833957687277255,0.0950668934754041,-0.014400175830937613,0.20453396278174582,1377,driscoll_kraay,cumulative,twfe_directional_dummies,Sign-Based
41,eps_sb_neg_x_wh2m,2.6792751716059517,-4.42332676893888,9.781877112150783,4.318075374104021,0.015833957687277255,0.042423529699781144,-0.07003876889637904,0.15488582829594133,1350,driscoll_kraay,cumulative,twfe_directional_dummies,Sign-Based
42,eps_sb_neg_x_wh2m,1.6802637925116601,-2.26140231542358,5.6219299004469,2.396362839434303,0.015833957687277255,0.026605225794093634,-0.03580694857632778,0.08901740016451505,1323,driscoll_kraay,cumulative,twfe_directional_dummies,Sign-Based
43,eps_sb_neg_x_wh2m,8.317778533636401,-1.9054071892711324,18.540964256543937,6.215255604144497,0.015833957687277255,0.13170335335374184,-0.030170136811952995,0.2935768435194367,1296,driscoll_kraay,cumulative,twfe_directional_dummies,Sign-Based
44,eps_sb_neg_x_wh2m,-1.256401780486432,-5.2698442616194425,2.757040700646578,2.4399997758897363,0.015833957687277255,-0.01989381263044197,-0.0834424910570231,0.043654865796139156,1269,driscoll_kraay,cumulative,twfe_directional_dummies,Sign-Based
45,eps_sb_neg_x_wh2m,1.1680489298596117,-4.859218991561958,7.195316851281181,3.664318710590892,0.015833957687277255,0.018494837332066572,-0.0769406679056061,0.11393034256973923,1242,driscoll_kraay,cumulative,twfe_directional_dummies,Sign-Based
46,eps_sb_neg_x_wh2m,1.9061410457983783,-5.923216819121296,9.735498910718054,4.75991160346006,0.015833957687277255,0.03018175666515394,-0.09378796448653558,0.15415147781684346,1215,driscoll_kraay,cumulative,twfe_directional_dummies,Sign-Based
47,eps_sb_neg_x_wh2m,-2.4620529018310475,-7.561794874272239,2.637689070610145,3.100422973132825,0.015833957687277255,-0.03898404147143099,-0.11973314007909668,0.0417650571362347,1188,driscoll_kraay,cumulative,twfe_directional_dummies,Sign-Based
48,eps_sb_neg_x_wh2m,2.4020988932098017,0.1931167246036276,4.611081061815976,1.3429658009753995,0.015833957687277255,0.03803473223573953,0.003057802046079414,0.07301166242539964,1161,driscoll_kraay,cumulative,twfe_directional_dummies,Sign-Based
0,eps_tvp_pos_x_ph2m,2.4986898666295274,-0.6373291948580047,5.6347089281170595,1.9065642134368803,0.01413041042509374,0.03530751334049796,-0.009005723099238147,0.07962074978023406,2457,driscoll_kraay,cumulative,twfe_directional_dummies,Time-Varying Param
1,eps_tvp_pos_x_ph2m,3.6268221063514314,-0.8511773704819419,8.104821583184805,2.7224303752381784,0.01413041042509374,0.0512484849015487,-0.012027485589461907,0.11452445539255932,2430,driscoll_kraay,cumulative,twfe_directional_dummies,Time-Varying Param
2,eps_tvp_pos_x_ph2m,2.3878956999482353,-0.32507692381350894,5.10086832370998,1.6493702414055509,0.01413041042509374,0.033741946292585055,-0.00459347035321181,0.07207736293838192,2403,driscoll_kraay,cumulative,twfe_directional_dummies,Time-Varying Param
3,eps_tvp_pos_x_ph2m,2.259157986593382,-1.4092374276598543,5.927553400846619,2.2302260542490604,0.01413041042509374,0.03192282956569291,-0.01991310323923709,0.08375876237062291,2376,driscoll_kraay,cumulative,twfe_directional_dummies,Time-Varying Param
4,eps_tvp_pos_x_ph2m,5.618963600686887,-1.5103265543263262,12.7482537557001,4.3343006564216005,0.01413041042509374,0.07939826184136824,-0.021341534088548626,0.1801380577712851,2349,driscoll_kraay,cumulative,twfe_directional_dummies,Time-Varying Param
5,eps_tvp_pos_x_ph2m,-1.9587298643339985,-3.696457566322409,-0.22100216234558778,1.0564634284261936,0.01413041042509374,-0.02767765689492758,-0.0522324625310788,-0.0031228512587763526,2322,driscoll_kraay,cumulative,twfe_directional_dummies,Time-Varying Param
6,eps_tvp_pos_x_ph2m,1.1737168929641018,-3.765895096576922,6.113328882505125,3.003070856034753,0.01413041042509374,0.016585101420448577,-0.05321364333247993,0.08638384617337708,2295,driscoll_kraay,cumulative,twfe_directional_dummies,Time-Varying Param
7,eps_tvp_pos_x_ph2m,8.009038771514021,2.045677303217949,13.972400239810092,3.625466345809997,0.01413041042509374,0.11317100495198168,0.02890625989176855,0.1974357500121948,2268,driscoll_kraay,cumulative,twfe_directional_dummies,Time-Varying Param
8,eps_tvp_pos_x_ph2m,0.3375176548238482,-3.2541149362486848,3.929150245896381,2.1835575714595166,0.01413041042509374,0.004769262988376095,-0.045981979619621666,0.05552050559637385,2241,driscoll_kraay,cumulative,twfe_directional_dummies,Time-Varying Param
9,eps_tvp_pos_x_ph2m,1.6181728570210672,-3.577260673019085,6.813606387061219,3.1585993093313913,0.01413041042509374,0.022865446608454208,-0.05054816150730672,0.09627905472421514,2214,driscoll_kraay,cumulative,twfe_directional_dummies,Time-Varying Param
10,eps_tvp_pos_x_ph2m,10.562900787823512,5.775695839312741,15.350105736334283,2.9104139542089538,0.01413041042509374,0.14925812341149222,0.08161295269999529,0.21690329412298917,2187,driscoll_kraay,cumulative,twfe_directional_dummies,Time-Varying Param
11,eps_tvp_pos_x_ph2m,5.5076241975169244,-2.578356162557964,13.593604557591814,4.915927002611918,0.01413041042509374,0.0778249903780917,-0.03643323079901374,0.19208321155519714,2160,driscoll_kraay,cumulative,twfe_directional_dummies,Time-Varying Param
12,eps_tvp_pos_x_ph2m,3.6555737782767754,-3.0279467457370433,10.339094302290594,4.06329196379673,0.01413041042509374,0.05165475782626146,-0.04278613026259138,0.14609564591511429,2133,driscoll_kraay,cumulative,twfe_directional_dummies,Time-Varying Param
13,eps_tvp_pos_x_ph2m,9.631633890954982,5.364638171699507,13.898629610210456,2.59414919925964,0.01413041042509374,0.13609893994343644,0.07580453914823854,0.19639334073863435,2106,driscoll_kraay,cumulative,twfe_directional_dummies,Time-Varying Param
14,eps_tvp_pos_x_ph2m,1.067341510961762,-6.156325909378719,8.291008931302244,4.391677959654463,0.01413041042509374,0.015081973613629387,-0.08699141181015975,0.11715535903741853,2079,driscoll_kraay,cumulative,twfe_directional_dummies,Time-Varying Param
15,eps_tvp_pos_x_ph2m,2.866451377836521,-3.3213210560872692,9.05422381176031,3.761898525519286,0.01413041042509374,0.040504134432405484,-0.046931629676018896,0.12793989854082988,2052,driscoll_kraay,cumulative,twfe_directional_dummies,Time-Varying Param
16,eps_tvp_pos_x_ph2m,4.051025182420404,-0.3979899851382793,8.500040349979088,2.704809166396387,0.01413041042509374,0.05724264846999055,-0.0056237618350808444,0.12010905877506194,2025,driscoll_kraay,cumulative,twfe_directional_dummies,Time-Varying Param
17,eps_tvp_pos_x_ph2m,3.603106247779788,-5.882217456033317,13.088429951592893,5.766667348627825,0.01413041042509374,0.05091337008634791,-0.08311814686340155,0.18494488703609735,1998,driscoll_kraay,cumulative,twfe_directional_dummies,Time-Varying Param
18,eps_tvp_pos_x_ph2m,4.060564497408013,-1.5283087611747286,9.649437755990753,3.3977936802443702,0.01413041042509374,0.057377442905939706,-0.021595630051665482,0.13635051586354488,1971,driscoll_kraay,cumulative,twfe_directional_dummies,Time-Varying Param
19,eps_tvp_pos_x_ph2m,5.517390777719186,0.24414176264524468,10.790639792793126,3.205907765086211,0.01413041042509374,0.07796299616479924,0.0034498233080831266,0.15247616902151534,1944,driscoll_kraay,cumulative,twfe_directional_dummies,Time-Varying Param
20,eps_tvp_pos_x_ph2m,4.298380929204682,-6.933804480696414,15.530566339105778,6.828683857249069,0.01413041042509374,0.06073788669305795,-0.09797750311959429,0.2194532765057102,1917,driscoll_kraay,cumulative,twfe_directional_dummies,Time-Varying Param
21,eps_tvp_pos_x_ph2m,2.202103835934974,-4.426281633757324,8.830489305627271,4.029772230844134,0.01413041042509374,0.031116631000434467,-0.06254517614204544,0.12477843814291437,1890,driscoll_kraay,cumulative,twfe_directional_dummies,Time-Varying Param
22,eps_tvp_pos_x_ph2m,4.468450870653177,-0.7898552672928165,9.72675700859917,3.1968231408478576,0.01413041042509374,0.06314104476669685,-0.011160979103269617,0.1374430686366633,1863,driscoll_kraay,cumulative,twfe_directional_dummies,Time-Varying Param
23,eps_tvp_pos_x_ph2m,2.773446500553598,-5.2003986321264275,10.747291633233624,4.847753625019231,0.01413041042509374,0.039189937344862306,-0.0734837670460425,0.15186364173576714,1836,driscoll_kraay,cumulative,twfe_directional_dummies,Time-Varying Param
24,eps_tvp_pos_x_ph2m,-1.080724319703619,-8.983640609611081,6.822191970203843,4.804631950476055,0.01413041042509374,-0.015271078193792356,-0.12694252892534388,0.09640037253775917,1809,driscoll_kraay,cumulative,twfe_directional_dummies,Time-Varying Param
25,eps_tvp_pos_x_ph2m,5.686607630271723,-0.43089616940609066,11.804111429949536,3.7191782292603346,0.01413041042509374,0.08035409974220917,-0.0060887397243087815,0.1667969392087271,1782,driscoll_kraay,cumulative,twfe_directional_dummies,Time-Varying Param
26,eps_tvp_pos_x_ph2m,3.638038349902824,-3.5603823429220682,10.836459042727716,4.3763290391779455,0.01413041042509374,0.05140697502635769,-0.05030966377574567,0.15312361382846104,1755,driscoll_kraay,cumulative,twfe_directional_dummies,Time-Varying Param
27,eps_tvp_pos_x_ph2m,2.6856413377365844,-5.5155216212780775,10.886804296751246,4.985953050554706,0.01413041042509374,0.03794921435681573,-0.07793658421713767,0.15383501293076912,1728,driscoll_kraay,cumulative,twfe_directional_dummies,Time-Varying Param
28,eps_tvp_pos_x_ph2m,3.865096698558297,-3.2713302602232677,11.001523657339861,4.338639525030583,0.01413041042509374,0.05461540268330355,-0.04622523921298348,0.15545604457959059,1701,driscoll_kraay,cumulative,twfe_directional_dummies,Time-Varying Param
29,eps_tvp_pos_x_ph2m,1.7023461356090699,-6.912276134626306,10.316968405844445,5.237318463528874,0.01413041042509374,0.024054849581728443,-0.09767329875385021,0.1457829979173071,1674,driscoll_kraay,cumulative,twfe_directional_dummies,Time-Varying Param
30,eps_tvp_pos_x_ph2m,7.542615966512483,-4.244159132272768,19.329391065297735,7.165850447514015,0.01413041042509374,0.10658025928568648,-0.059971710448423914,0.2731322290197969,1647,driscoll_kraay,cumulative,twfe_directional_dummies,Time-Varying Param
31,eps_tvp_pos_x_ph2m,-0.003078947208588394,-5.743663341704762,5.737505447287585,3.4900275018000366,0.01413041042509374,-4.3506787734550705e-5,-0.08116032036185371,0.08107330678638461,1620,driscoll_kraay,cumulative,twfe_directional_dummies,Time-Varying Param
32,eps_tvp_pos_x_ph2m,-0.014413533761459995,-5.426218308815253,5.397391241292333,3.2901436859666897,0.01413041042509374,-2.036691477253749e-4,-0.07667469175971757,0.07626735346426682,1593,driscoll_kraay,cumulative,twfe_directional_dummies,Time-Varying Param
33,eps_tvp_pos_x_ph2m,10.143746633118623,-1.6073895360623816,21.894882802299627,7.14418351677909,0.01413041042509374,0.1433353031741289,-0.022713073857562466,0.30938368020582024,1566,driscoll_kraay,cumulative,twfe_directional_dummies,Time-Varying Param
34,eps_tvp_pos_x_ph2m,-4.170715978664754,-11.23239950917281,2.8909675518433016,4.293198747171196,0.01413041042509374,-0.058933928545029476,-0.15871841512323326,0.04085055803317431,1539,driscoll_kraay,cumulative,twfe_directional_dummies,Time-Varying Param
35,eps_tvp_pos_x_ph2m,3.6992138891166095,-1.3584029609111616,8.75683073914438,3.074812717166466,0.01413041042509374,0.052271410503424896,-0.01919479136033728,0.12373761236718707,1512,driscoll_kraay,cumulative,twfe_directional_dummies,Time-Varying Param
36,eps_tvp_pos_x_ph2m,9.642100707707083,-3.11371519532495,22.397916610739117,7.754985424857121,0.01413041042509374,0.13624684035998788,-0.04399807365679246,0.31649175437676824,1485,driscoll_kraay,cumulative,twfe_directional_dummies,Time-Varying Param
37,eps_tvp_pos_x_ph2m,-7.2711581614221314,-14.755562985129481,0.2132466622852185,4.550195045366285,0.01413041042509374,-0.10274444908666472,-0.2085021610332009,0.0030132628598714952,1458,driscoll_kraay,cumulative,twfe_directional_dummies,Time-Varying Param
38,eps_tvp_pos_x_ph2m,4.616868368676958,-0.6777186274838725,9.911455364837789,3.21888033646719,0.01413041042509374,0.06523824492803841,-0.009576442359078332,0.14005293221515516,1431,driscoll_kraay,cumulative,twfe_directional_dummies,Time-Varying Param
39,eps_tvp_pos_x_ph2m,7.765975778606277,2.8686500183383243,12.66330153887423,2.9773626540524014,0.01413041042509374,0.10973642510304361,0.0405352021250732,0.178937648081014,1404,driscoll_kraay,cumulative,twfe_directional_dummies,Time-Varying Param
40,eps_tvp_pos_x_ph2m,-5.11514243218285,-14.553567814838564,4.323282950472864,5.738155193874998,0.01413041042509374,-0.07227906194955588,-0.20564788637310355,0.061089762473991775,1377,driscoll_kraay,cumulative,twfe_directional_dummies,Time-Varying Param
41,eps_tvp_pos_x_ph2m,5.833822975655666,-0.06271434783611074,11.730360299147442,3.584840150439564,0.01413041042509374,0.0824343129933562,-8.861794744663342e-4,0.16575480546117874,1350,driscoll_kraay,cumulative,twfe_directional_dummies,Time-Varying Param
42,eps_tvp_pos_x_ph2m,11.160022604136891,6.200123700652886,16.119921507620894,3.0154044239647932,0.01413041042509374,0.1576956997497777,0.08761029257657632,0.22778110692297907,1323,driscoll_kraay,cumulative,twfe_directional_dummies,Time-Varying Param
43,eps_tvp_pos_x_ph2m,1.0654521006788644,-6.336823320222289,8.467727521580017,4.500263913829423,0.01413041042509374,0.01505527547087065,-0.08954191430604615,0.11965246524778744,1296,driscoll_kraay,cumulative,twfe_directional_dummies,Time-Varying Param
44,eps_tvp_pos_x_ph2m,8.806497319968434,0.2844063828013521,17.328588257135515,5.1810634074241,0.01413041042509374,0.12443942153864204,0.0040187789164994265,0.24486006416078462,1269,driscoll_kraay,cumulative,twfe_directional_dummies,Time-Varying Param
45,eps_tvp_pos_x_ph2m,8.667795017014395,2.977226725697152,14.358363308331638,3.4596198701668017,0.01413041042509374,0.12247950107099577,0.042069435562658734,0.20288956657933283,1242,driscoll_kraay,cumulative,twfe_directional_dummies,Time-Varying Param
46,eps_tvp_pos_x_ph2m,-1.7755394280622234,-7.9001059842976495,4.349027128173203,3.7234720803616654,0.01413041042509374,-0.02508910084445542,-0.11163173995986495,0.061453538270954115,1215,driscoll_kraay,cumulative,twfe_directional_dummies,Time-Varying Param
47,eps_tvp_pos_x_ph2m,10.231975046230101,2.43083490562487,18.03311518683533,4.742756445182091,0.01413041042509374,0.14458200686254882,0.03434869489212342,0.2548153188329742,1188,driscoll_kraay,cumulative,twfe_directional_dummies,Time-Varying Param
48,eps_tvp_pos_x_ph2m,7.449588284248067,1.7119561779733665,13.187220390522768,3.4882326380060196,0.01413041042509374,0.10526573995439507,0.024190643424538492,0.18634083648425165,1161,driscoll_kraay,cumulative,twfe_directional_dummies,Time-Varying Param
0,eps_tvp_neg_x_ph2m,0.959615187839699,-2.7817462228499164,4.700976598529315,2.2745862302798074,0.017277405072932284,0.016579660314444484,-0.04806135630227736,0.08122067693116634,2457,driscoll_kraay,cumulative,twfe_directional_dummies,Time-Varying Param
1,eps_tvp_neg_x_ph2m,2.3723465607371508,-1.1296941274159256,5.874387248890227,2.129089561995657,0.017277405072932284,0.040987992503233504,-0.019518183047877724,0.10149416805434473,2430,driscoll_kraay,cumulative,twfe_directional_dummies,Time-Varying Param
2,eps_tvp_neg_x_ph2m,2.4294039503536173,-0.5270744466659583,5.385882347373193,1.7974112398676074,0.017277405072932284,0.04197379613604132,-0.009106478718639404,0.09305407099072205,2403,driscoll_kraay,cumulative,twfe_directional_dummies,Time-Varying Param
3,eps_tvp_neg_x_ph2m,1.6537914203694195,-3.5375445926569817,6.84512743339582,3.156108195869007,0.017277405072932284,0.028573224275862497,-0.06111959089089591,0.11826603944262089,2376,driscoll_kraay,cumulative,twfe_directional_dummies,Time-Varying Param
4,eps_tvp_neg_x_ph2m,2.447791868706722,-3.0300533691161613,7.925637106529606,3.330293436489773,0.017277405072932284,0.04229149164987592,-0.052351459450823125,0.13693444275057495,2349,driscoll_kraay,cumulative,twfe_directional_dummies,Time-Varying Param
5,eps_tvp_neg_x_ph2m,6.298096170116662,0.48072816906870663,12.115464171164618,3.5367086199820177,0.017277405072932284,0.10881475871938902,0.00830573530696912,0.2093237821318089,2322,driscoll_kraay,cumulative,twfe_directional_dummies,Time-Varying Param
6,eps_tvp_neg_x_ph2m,0.7854670831022358,-4.2528647803987445,5.823798946603216,3.0630882778541775,0.017277405072932284,0.013570832966211893,-0.07347846753135631,0.1006201334637801,2295,driscoll_kraay,cumulative,twfe_directional_dummies,Time-Varying Param
7,eps_tvp_neg_x_ph2m,0.13536990608333052,-3.2499494078055835,3.5206892199722444,2.058128005081629,0.017277405072932284,0.002338840702086502,-0.05615069238519346,0.06082837378936646,2268,driscoll_kraay,cumulative,twfe_directional_dummies,Time-Varying Param
8,eps_tvp_neg_x_ph2m,7.643378175643303,1.5851975784540766,13.701558772832529,3.6831122830165133,0.017277405072932284,0.1320577408661995,0.027388100683582436,0.23672738104881658,2241,driscoll_kraay,cumulative,twfe_directional_dummies,Time-Varying Param
9,eps_tvp_neg_x_ph2m,3.4490273418196353,-0.6492306497481954,7.547285333387466,2.4915639449106695,0.017277405072932284,0.05959024249223672,-0.011217020921462595,0.13039750590593602,2214,driscoll_kraay,cumulative,twfe_directional_dummies,Time-Varying Param
10,eps_tvp_neg_x_ph2m,5.53215239382542,0.4408585235994966,10.623446264051344,3.0952868916743634,0.017277405072932284,0.09558123783331379,0.00761689129208338,0.1835455843745442,2187,driscoll_kraay,cumulative,twfe_directional_dummies,Time-Varying Param
11,eps_tvp_neg_x_ph2m,11.98114919659113,3.469980892527934,20.492317500654323,5.174422918006126,0.017277405072932284,0.20700316790874215,0.05995226547554022,0.354054070341944,2160,driscoll_kraay,cumulative,twfe_directional_dummies,Time-Varying Param
12,eps_tvp_neg_x_ph2m,-0.4534246953728552,-6.575253075743753,5.668403684998042,3.721807387637849,0.017277405072932284,-0.007834002132027744,-0.11360331084666872,0.09793530658261322,2133,driscoll_kraay,cumulative,twfe_directional_dummies,Time-Varying Param
13,eps_tvp_neg_x_ph2m,7.0407587502021585,1.2282610814994852,12.85325641890483,3.533747668159022,0.017277405072932284,0.12164604094803515,0.0212211642403845,0.22207091765568576,2106,driscoll_kraay,cumulative,twfe_directional_dummies,Time-Varying Param
14,eps_tvp_neg_x_ph2m,6.0853993971981994,-0.3130697579936106,12.48386855239001,3.889993036675589,0.017277405072932284,0.10513991041597123,-0.00540903302494049,0.21568885385688297,2079,driscoll_kraay,cumulative,twfe_directional_dummies,Time-Varying Param
15,eps_tvp_neg_x_ph2m,-1.0105238380232018,-6.996493673950499,4.975445997904095,3.6392112573697735,0.017277405072932284,-0.017459229685381068,-0.12088125529505099,0.08596279592428885,2052,driscoll_kraay,cumulative,twfe_directional_dummies,Time-Varying Param
16,eps_tvp_neg_x_ph2m,5.181244589095645,-0.626563426094572,10.989052604285861,3.5308965612668257,0.017277405072932284,0.08951846154774404,-0.010825390116520192,0.18986231321200828,2025,driscoll_kraay,cumulative,twfe_directional_dummies,Time-Varying Param
17,eps_tvp_neg_x_ph2m,4.433885909148052,-2.160641866400005,11.028413684696108,4.009188214376364,0.017277405072932284,0.07660604289951753,-0.03733028474332933,0.19054237054236436,1998,driscoll_kraay,cumulative,twfe_directional_dummies,Time-Varying Param
18,eps_tvp_neg_x_ph2m,3.6279831710909556,-3.445335317429864,10.701301659611776,4.300272299384063,0.017277405072932284,0.06268213484471984,-0.0595264538913155,0.18489072358075517,1971,driscoll_kraay,cumulative,twfe_directional_dummies,Time-Varying Param
19,eps_tvp_neg_x_ph2m,4.401015348273395,-1.490372342960712,10.292403039507501,3.581709396326681,0.017277405072932284,0.0760381249043116,-0.02574976667882738,0.17782601648745056,1944,driscoll_kraay,cumulative,twfe_directional_dummies,Time-Varying Param
20,eps_tvp_neg_x_ph2m,0.925033988469152,-4.908232556631771,6.7583005335700745,3.5463742484564693,0.017277405072932284,0.015982186925011712,-0.08480152207308116,0.11676589592310457,1917,driscoll_kraay,cumulative,twfe_directional_dummies,Time-Varying Param
21,eps_tvp_neg_x_ph2m,1.927908924964039,-4.894999302130795,8.750817152058874,4.148033670169323,0.017277405072932284,0.033309263440325115,-0.08457288577463459,0.15119141265528482,1890,driscoll_kraay,cumulative,twfe_directional_dummies,Time-Varying Param
22,eps_tvp_neg_x_ph2m,1.42657478067996,-3.9086296127410938,6.761779174101014,3.2435739606260174,0.017277405072932284,0.0246475103526372,-0.06753097709938632,0.11682599780466074,1863,driscoll_kraay,cumulative,twfe_directional_dummies,Time-Varying Param
23,eps_tvp_neg_x_ph2m,-0.6293786052973525,-7.340132973180137,6.081375762585432,4.079848965236086,0.017277405072932284,-0.010874029107959524,-0.12681845066682004,0.10507039245090098,1836,driscoll_kraay,cumulative,twfe_directional_dummies,Time-Varying Param
24,eps_tvp_neg_x_ph2m,1.044889429870081,-6.417268176701632,8.507047036441794,4.53666969771765,0.017277405072932284,0.01805297793629066,-0.11087374175051169,0.14697969762309301,1809,driscoll_kraay,cumulative,twfe_directional_dummies,Time-Varying Param
25,eps_tvp_neg_x_ph2m,4.087433076096629,-2.6673858819287375,10.842252034121996,4.106638333858661,0.017277405072932284,0.07062023696422312,-0.046085506367903525,0.18732598029634975,1782,driscoll_kraay,cumulative,twfe_directional_dummies,Time-Varying Param
26,eps_tvp_neg_x_ph2m,1.9483507371693451,-5.781114054640183,9.677815528978872,4.699180927202084,0.017277405072932284,0.033662444910221,-0.09988264929484042,0.1672075391152824,1755,driscoll_kraay,cumulative,twfe_directional_dummies,Time-Varying Param
27,eps_tvp_neg_x_ph2m,7.177466068224122,-1.3459382191684348,15.70087035561668,5.181861867666371,0.017277405072932284,0.12400798865793479,-0.023254319815714162,0.27127029713158374,1728,driscoll_kraay,cumulative,twfe_directional_dummies,Time-Varying Param
28,eps_tvp_neg_x_ph2m,1.5262436401838513,-6.308790429916268,9.36127771028397,4.763362491178844,0.017277405072932284,0.026369529611443107,-0.10899952777790198,0.16173858700078816,1701,driscoll_kraay,cumulative,twfe_directional_dummies,Time-Varying Param
29,eps_tvp_neg_x_ph2m,4.00925362158134,-1.9736918681021516,9.992199111264831,3.637372585408785,0.017277405072932284,0.06926949886018158,-0.034100273894353314,0.17263927161471646,1674,driscoll_kraay,cumulative,twfe_directional_dummies,Time-Varying Param
30,eps_tvp_neg_x_ph2m,1.0866026476574482,-8.38521038942749,10.558415684742387,5.758453446486754,0.017277405072932284,0.018773674096898448,-0.14487467651989902,0.18242202471369592,1647,driscoll_kraay,cumulative,twfe_directional_dummies,Time-Varying Param
31,eps_tvp_neg_x_ph2m,1.5143597177675363,-6.590845071598727,9.6195645071338,4.9276146257392135,0.017277405072932284,0.026164206270001135,-0.11387270007495058,0.16620111261495288,1620,driscoll_kraay,cumulative,twfe_directional_dummies,Time-Varying Param
32,eps_tvp_neg_x_ph2m,5.995676695691938,-0.18505092839058346,12.17640431977446,3.757615585246767,0.017277405072932284,0.10358973495780976,-0.0031971998489262955,0.21037666976454583,1593,driscoll_kraay,cumulative,twfe_directional_dummies,Time-Varying Param
33,eps_tvp_neg_x_ph2m,6.178355086739013,-5.574087636222063,17.93079780970009,7.144977845075943,0.017277405072932284,0.10674594351800161,-0.0963057700030322,0.3097976570390354,1566,driscoll_kraay,cumulative,twfe_directional_dummies,Time-Varying Param
34,eps_tvp_neg_x_ph2m,-0.9912212735167666,-7.267042835973547,5.284600288940013,3.8154285947547946,0.017277405072932284,-0.01712573145945698,-0.12555564275946557,0.0913041798405516,1539,driscoll_kraay,cumulative,twfe_directional_dummies,Time-Varying Param
35,eps_tvp_neg_x_ph2m,4.620737752931609,-1.9311979622762623,11.172673468139479,3.9832940803073495,0.017277405072932284,0.0798343578931903,-0.03336608947026838,0.19303480525664898,1512,driscoll_kraay,cumulative,twfe_directional_dummies,Time-Varying Param
36,eps_tvp_neg_x_ph2m,1.542370828823343,-9.42774806365167,12.512489721298355,6.669358727564557,0.017277405072932284,0.0266481655822552,-0.1628870222212629,0.21618335338577327,1485,driscoll_kraay,cumulative,twfe_directional_dummies,Time-Varying Param
37,eps_tvp_neg_x_ph2m,0.6149052515638374,-7.545188074331439,8.774998577459113,4.960984486515666,0.017277405072932284,0.010623967112741746,-0.1303612707116822,0.15160920493716568,1458,driscoll_kraay,cumulative,twfe_directional_dummies,Time-Varying Param
38,eps_tvp_neg_x_ph2m,5.656421992554516,0.9179136512891697,10.394930333819861,2.8808085191431725,0.017277405072932284,0.09772829402880713,0.015859165975297296,0.17959742208231697,1431,driscoll_kraay,cumulative,twfe_directional_dummies,Time-Varying Param
39,eps_tvp_neg_x_ph2m,1.4198634982675746,-5.732113617230986,8.571840613766136,4.348093349043981,0.017277405072932284,0.024531556807839573,-0.09903604888897087,0.14809916250465002,1404,driscoll_kraay,cumulative,twfe_directional_dummies,Time-Varying Param
40,eps_tvp_neg_x_ph2m,4.39869817127244,-5.361467849499015,14.158864192043897,5.933759612921116,0.017277405072932284,0.07599809009864042,-0.09263225182129764,0.24462843201857848,1377,driscoll_kraay,cumulative,twfe_directional_dummies,Time-Varying Param
41,eps_tvp_neg_x_ph2m,7.101734443040524,1.168575946960054,13.034892939120994,3.6071042425074804,0.017277405072932284,0.12269954269280628,0.020189959994114288,0.22520912539149826,1350,driscoll_kraay,cumulative,twfe_directional_dummies,Time-Varying Param
42,eps_tvp_neg_x_ph2m,2.160696503562942,-3.1996420860416954,7.52103509316758,3.258854466910438,0.017277405072932284,0.037331228731725424,-0.055281512408944425,0.1299439698723953,1323,driscoll_kraay,cumulative,twfe_directional_dummies,Time-Varying Param
43,eps_tvp_neg_x_ph2m,9.997958197892274,-2.4608835762310974,22.456799972015645,7.574437974286053,0.017277405072932284,0.1727387736872289,-0.0425176823838709,0.3879952297583287,1296,driscoll_kraay,cumulative,twfe_directional_dummies,Time-Varying Param
44,eps_tvp_neg_x_ph2m,-3.0696404156675468,-6.623542510073354,0.4842616787382603,2.1606190582395564,0.017277405072932284,-0.05303542088973244,-0.114437626964324,0.008366785184859123,1269,driscoll_kraay,cumulative,twfe_directional_dummies,Time-Varying Param
45,eps_tvp_neg_x_ph2m,0.8644551109974581,-5.321497342801346,7.050407564796262,3.760792056168357,0.017277405072932284,0.014935541120069723,-0.09194166518611166,0.12181274742625109,1242,driscoll_kraay,cumulative,twfe_directional_dummies,Time-Varying Param
46,eps_tvp_neg_x_ph2m,1.5257248550305276,-4.8793206265634375,7.930770336624493,3.89399115924066,0.017277405072932284,0.026360566350203313,-0.08430199894585026,0.1370231316462569,1215,driscoll_kraay,cumulative,twfe_directional_dummies,Time-Varying Param
47,eps_tvp_neg_x_ph2m,-1.8174398487023995,-7.476605585686774,3.8417258882819754,3.4405284727206538,0.017277405072932284,-0.03140064446172012,-0.1291763432744585,0.06637505435101829,1188,driscoll_kraay,cumulative,twfe_directional_dummies,Time-Varying Param
48,eps_tvp_neg_x_ph2m,9.02668843303852,5.361545030087665,12.691831835989376,2.2282489717603235,0.017277405072932284,0.1559577525247589,0.0926335853015915,0.21928191974792632,1161,driscoll_kraay,cumulative,twfe_directional_dummies,Time-Varying Param
0,eps_tvp_pos_x_wh2m,3.469187723117421,-1.677932854499029,8.61630830073387,3.129227119835573,0.005870504519934078,0.020365882209060632,-0.00985031240648244,0.050582076824603694,2457,driscoll_kraay,cumulative,twfe_directional_dummies,Time-Varying Param
1,eps_tvp_pos_x_wh2m,4.572030928385865,-3.109963188049452,12.254025044821182,4.670320805792867,0.005870504519934078,0.02684012823036762,-0.018257052952272902,0.07193730941300815,2430,driscoll_kraay,cumulative,twfe_directional_dummies,Time-Varying Param
2,eps_tvp_pos_x_wh2m,3.0107348339932236,-1.091957382733813,7.11342705072026,2.494259762390443,0.005870504519934078,0.017674532451280194,-0.006410340750914235,0.04175940565347462,2403,driscoll_kraay,cumulative,twfe_directional_dummies,Time-Varying Param
3,eps_tvp_pos_x_wh2m,2.3576789012510413,-4.313595140435549,9.028952942937632,4.055846631199005,0.005870504519934078,0.013840764646347448,-0.025322979769092563,0.05300450906178746,2376,driscoll_kraay,cumulative,twfe_directional_dummies,Time-Varying Param
4,eps_tvp_pos_x_wh2m,9.889519477564521,-2.0029272499928723,21.781966205121915,7.230094236165282,0.005870504519934078,0.05805646879301862,-0.011758193474182289,0.12787113106021952,2349,driscoll_kraay,cumulative,twfe_directional_dummies,Time-Varying Param
5,eps_tvp_pos_x_wh2m,-2.6756427187043075,-6.068209010951351,0.716923573542736,2.0625338550851704,0.005870504519934078,-0.015707372673882343,-0.035623448426694605,0.004208703078929923,2322,driscoll_kraay,cumulative,twfe_directional_dummies,Time-Varying Param
6,eps_tvp_pos_x_wh2m,0.5890661207213239,-8.845626966783813,10.02375920822646,5.735886119539493,0.005870504519934078,0.0034581153242345653,-0.05192829309015514,0.05884452373862427,2295,driscoll_kraay,cumulative,twfe_directional_dummies,Time-Varying Param
7,eps_tvp_pos_x_wh2m,12.751783461854924,2.9453585480536493,22.5582083756562,5.96188302297527,0.005870504519934078,0.07485940245003996,0.017290740669175422,0.1324280642309045,2268,driscoll_kraay,cumulative,twfe_directional_dummies,Time-Varying Param
8,eps_tvp_pos_x_wh2m,2.392029702198865,-3.49146845468901,8.27552785908674,3.5769129000202864,0.005870504519934078,0.014042421178575001,-0.020496681344459082,0.04858152370160909,2241,driscoll_kraay,cumulative,twfe_directional_dummies,Time-Varying Param
9,eps_tvp_pos_x_wh2m,-0.07152172959330068,-10.101369037596307,9.958325578409706,6.097714193932297,0.005870504519934078,-4.198686368509745e-4,-0.059300132592731265,0.05846039531902932,2214,driscoll_kraay,cumulative,twfe_directional_dummies,Time-Varying Param
10,eps_tvp_pos_x_wh2m,16.020979373211905,6.764197965706947,25.27776078071686,5.627723498206483,0.005870504519934078,0.09405123182421112,0.03970925473141153,0.1483932089170107,2187,driscoll_kraay,cumulative,twfe_directional_dummies,Time-Varying Param
11,eps_tvp_pos_x_wh2m,10.73845880974352,-2.630149871472357,24.107067490959395,8.12753698090018,0.005870504519934078,0.06304017097972525,-0.015440306708582504,0.141520648668033,2160,driscoll_kraay,cumulative,twfe_directional_dummies,Time-Varying Param
12,eps_tvp_pos_x_wh2m,5.43228045230306,-6.0892100769633855,16.953770981569505,7.004568881074283,0.005870504519934078,0.031890226948794655,-0.035746735279641687,0.099527189177231,2133,driscoll_kraay,cumulative,twfe_directional_dummies,Time-Varying Param
13,eps_tvp_pos_x_wh2m,15.704175316797683,9.146071084387103,22.262279549208262,3.9870442724835025,0.005870504519934078,0.09219143217909798,0.05369205164053286,0.13069081271766309,2106,driscoll_kraay,cumulative,twfe_directional_dummies,Time-Varying Param
14,eps_tvp_pos_x_wh2m,3.446671071088716,-8.165508688817788,15.058850830995219,7.059704018422728,0.005870504519934078,0.020233698101552337,-0.04793565566526581,0.08840305186837048,2079,driscoll_kraay,cumulative,twfe_directional_dummies,Time-Varying Param
15,eps_tvp_pos_x_wh2m,4.09424022649768,-6.746754406387703,14.935234859383064,6.5908567517814935,0.005870504519934078,0.024035255755350555,-0.039606852237584166,0.08767736374828528,2052,driscoll_kraay,cumulative,twfe_directional_dummies,Time-Varying Param
16,eps_tvp_pos_x_wh2m,4.73998421808394,-3.0532277654324522,12.533196201600333,4.737936467915462,0.005870504519934078,0.027826098776677965,-0.017923987397359436,0.07357618495071537,2025,driscoll_kraay,cumulative,twfe_directional_dummies,Time-Varying Param
17,eps_tvp_pos_x_wh2m,8.471655002501668,-7.901069951803946,24.84437995680728,9.953909992982409,0.005870504519934078,0.04973288898350819,-0.046383266864380386,0.14584904483139674,1998,driscoll_kraay,cumulative,twfe_directional_dummies,Time-Varying Param
18,eps_tvp_pos_x_wh2m,6.268034684263056,-3.622322335780459,16.15839170430657,6.012910120381982,0.005870504519934078,0.03679652594506984,-0.021264859644857352,0.09485791153499704,1971,driscoll_kraay,cumulative,twfe_directional_dummies,Time-Varying Param
19,eps_tvp_pos_x_wh2m,7.342000816463482,-0.9202479550352098,15.604249587962174,5.023090587587253,0.005870504519934078,0.043101248978408564,-0.005402319779494291,0.09160481773631142,1944,driscoll_kraay,cumulative,twfe_directional_dummies,Time-Varying Param
20,eps_tvp_pos_x_wh2m,9.585555204904518,-10.022477760507913,29.19358817031695,11.92083760167368,0.005870504519934078,0.056272045156469594,-0.05883700099400048,0.17138109130693968,1917,driscoll_kraay,cumulative,twfe_directional_dummies,Time-Varying Param
21,eps_tvp_pos_x_wh2m,2.3480185433410776,-9.402824489965063,14.098861576647217,7.144005302821287,0.005870504519934078,0.013784053471572825,-0.05519932366848675,0.08276743061163239,1890,driscoll_kraay,cumulative,twfe_directional_dummies,Time-Varying Param
22,eps_tvp_pos_x_wh2m,4.238868130631551,-4.692580552670418,13.170316813933521,5.42993524588281,0.005870504519934078,0.024884294520277035,-0.027547815344606444,0.07731640438516052,1863,driscoll_kraay,cumulative,twfe_directional_dummies,Time-Varying Param
23,eps_tvp_pos_x_wh2m,6.206253953042521,-6.810559843953121,19.22306775003816,7.91366087760688,0.005870504519934078,0.03643384188319486,-0.03998142234720833,0.11284910611359804,1836,driscoll_kraay,cumulative,twfe_directional_dummies,Time-Varying Param
24,eps_tvp_pos_x_wh2m,-2.3313737032190676,-16.057214784707707,11.394467378269571,8.344718859226248,0.005870504519934078,-0.013686339862402986,-0.0942639519711789,0.06689127224637292,1809,driscoll_kraay,cumulative,twfe_directional_dummies,Time-Varying Param
25,eps_tvp_pos_x_wh2m,8.405928208055796,-3.012366727272946,19.824223143384536,6.941830414716662,0.005870504519934078,0.04934703953963292,-0.017684112488154855,0.11637819156742067,1782,driscoll_kraay,cumulative,twfe_directional_dummies,Time-Varying Param
26,eps_tvp_pos_x_wh2m,6.374610584516921,-5.6229952524764,18.37221642151024,7.294026435184612,0.005870504519934078,0.037422180249226195,-0.03300981904523057,0.10785417954368297,1755,driscoll_kraay,cumulative,twfe_directional_dummies,Time-Varying Param
27,eps_tvp_pos_x_wh2m,3.4800202522811428,-10.867363649206661,17.827404153768946,8.722590062970445,0.005870504519934078,0.020429474620478578,-0.063796907422435,0.10465585666339215,1728,driscoll_kraay,cumulative,twfe_directional_dummies,Time-Varying Param
28,eps_tvp_pos_x_wh2m,4.5294870056624905,-8.15820984152124,17.21718385284622,7.713571979470764,0.005870504519934078,0.026590373939724323,-0.04789280774922111,0.10107355562866975,1701,driscoll_kraay,cumulative,twfe_directional_dummies,Time-Varying Param
29,eps_tvp_pos_x_wh2m,3.197240775513564,-10.740542519485718,17.135024070512845,8.473570575900546,0.005870504519934078,0.018769416423969912,-0.06305240340718506,0.10059123625512488,1674,driscoll_kraay,cumulative,twfe_directional_dummies,Time-Varying Param
30,eps_tvp_pos_x_wh2m,13.336978222657152,-7.603448101269006,34.27740454658331,12.730875246775968,0.005870504519934078,0.07829479093837118,-0.04463607644558388,0.20122565832232625,1647,driscoll_kraay,cumulative,twfe_directional_dummies,Time-Varying Param
31,eps_tvp_pos_x_wh2m,-1.4158023541491902,-12.675217983583153,9.84361327528477,6.845238655248531,0.005870504519934078,-0.008311474119366129,-0.0744099244637746,0.057786976225042336,1620,driscoll_kraay,cumulative,twfe_directional_dummies,Time-Varying Param
32,eps_tvp_pos_x_wh2m,0.0641338607263301,-8.64479204560984,8.773059767062499,5.294651003370473,0.005870504519934078,3.7649811927474347e-4,-0.05074929077764273,0.05150228701619221,1593,driscoll_kraay,cumulative,twfe_directional_dummies,Time-Varying Param
33,eps_tvp_pos_x_wh2m,19.38856953255415,-0.658116496496369,39.43525556160467,12.187519728551482,0.005870504519934078,0.11382068507591529,-0.0038634758673251144,0.2315048460191557,1566,driscoll_kraay,cumulative,twfe_directional_dummies,Time-Varying Param
34,eps_tvp_pos_x_wh2m,-9.652384096055636,-23.621454376049734,4.316686183938462,8.492591712178065,0.005870504519934078,-0.05666436446403442,-0.13866985468201656,0.025341125753947726,1539,driscoll_kraay,cumulative,twfe_directional_dummies,Time-Varying Param
35,eps_tvp_pos_x_wh2m,5.678999284152732,-1.9824323037336704,13.340430872039134,4.657819676080174,0.005870504519934078,0.033338590966321004,-0.01163787779953184,0.07831505973217384,1512,driscoll_kraay,cumulative,twfe_directional_dummies,Time-Varying Param
36,eps_tvp_pos_x_wh2m,17.706681717689868,-3.6443059341266917,39.05766936950643,12.980478810985703,0.005870504519934078,0.10394715505673248,-0.021393914458313325,0.22928822457177828,1485,driscoll_kraay,cumulative,twfe_directional_dummies,Time-Varying Param
37,eps_tvp_pos_x_wh2m,-16.64473879960314,-31.45362575571965,-1.8358518434866298,9.003163997980119,0.005870504519934078,-0.09771301435619235,-0.18464865216726714,-0.010777376545117569,1458,driscoll_kraay,cumulative,twfe_directional_dummies,Time-Varying Param
38,eps_tvp_pos_x_wh2m,5.888541130852027,-3.4540171578229097,15.231099419526963,5.679872139133856,0.005870504519934078,0.034568707324484554,-0.020276823336929248,0.08941423798589834,1431,driscoll_kraay,cumulative,twfe_directional_dummies,Time-Varying Param
39,eps_tvp_pos_x_wh2m,16.68078751571364,8.442753807555391,24.918821223871888,5.008368874394255,0.005870504519934078,0.09792463850705686,0.04956322438794457,0.14628605262616914,1404,driscoll_kraay,cumulative,twfe_directional_dummies,Time-Varying Param
40,eps_tvp_pos_x_wh2m,-10.003408646278782,-26.903349123037845,6.896531830480281,10.274434271747918,0.005870504519934078,-0.058725055672727226,-0.15793623262815817,0.040486121282703735,1377,driscoll_kraay,cumulative,twfe_directional_dummies,Time-Varying Param
41,eps_tvp_pos_x_wh2m,6.754782219063234,-4.0379687196269725,17.547533157753442,6.561526668298874,0.005870504519934078,0.039653979548181055,-0.023704913619922562,0.10301287271628469,1350,driscoll_kraay,cumulative,twfe_directional_dummies,Time-Varying Param
42,eps_tvp_pos_x_wh2m,20.722441127488278,11.395697631129995,30.04918462384656,5.6702574280996805,0.005870504519934078,0.12165118430298777,0.0668984944513507,0.17640387415462483,1323,driscoll_kraay,cumulative,twfe_directional_dummies,Time-Varying Param
43,eps_tvp_pos_x_wh2m,-0.29869667950322604,-14.524409389765117,13.927016030758663,8.64861923101781,0.005870504519934078,-0.0017535002071129892,-0.08526561097198908,0.0817586105577631,1296,driscoll_kraay,cumulative,twfe_directional_dummies,Time-Varying Param
44,eps_tvp_pos_x_wh2m,14.52134304156435,-0.7844428456718671,29.82712892880057,9.305257097924002,0.005870504519934078,0.08524760996101678,-0.004605075271146646,0.17510029519318024,1269,driscoll_kraay,cumulative,twfe_directional_dummies,Time-Varying Param
45,eps_tvp_pos_x_wh2m,14.567510450168227,4.317363024099963,24.81765787623649,6.231647155781038,0.005870504519934078,0.08551863594189948,0.025345099147175094,0.14569217273662388,1242,driscoll_kraay,cumulative,twfe_directional_dummies,Time-Varying Param
46,eps_tvp_pos_x_wh2m,-4.677987308443436,-15.718176912063857,6.362202295176985,6.711958695122324,0.005870504519934078,-0.027462145638411442,-0.09227362860739434,0.037349337330571455,1215,driscoll_kraay,cumulative,twfe_directional_dummies,Time-Varying Param
47,eps_tvp_pos_x_wh2m,15.69498738037849,0.6703531241118679,30.719621636645115,9.134329043072901,0.005870504519934078,0.09213749435682024,0.00393531104505065,0.18033967766858985,1188,driscoll_kraay,cumulative,twfe_directional_dummies,Time-Varying Param
48,eps_tvp_pos_x_wh2m,11.648762118573979,1.796376579030655,21.501147658117304,5.989825099394089,0.005870504519934078,0.0683841106687254,0.010545636826703177,0.12622258451074764,1161,driscoll_kraay,cumulative,twfe_directional_dummies,Time-Varying Param
0,eps_tvp_neg_x_wh2m,1.260907940549621,-5.107278607747166,7.629094488846408,3.8715825189256607,0.007178576908083683,0.009051524625248863,-0.03666299227672359,0.05476604152722131,2457,driscoll_kraay,cumulative,twfe_directional_dummies,Time-Varying Param
1,eps_tvp_neg_x_wh2m,3.4778239086586438,-1.48863789433631,8.444285711653597,3.019394383559626,0.007178576908083683,0.024965826401078275,-0.010686301612780953,0.0606179544149375,2430,driscoll_kraay,cumulative,twfe_directional_dummies,Time-Varying Param
2,eps_tvp_neg_x_wh2m,3.4998294627137496,-2.1503073718770094,9.149966297304509,3.4350392898257907,0.007178576908083683,0.025123794963267845,-0.015436146845038412,0.0656837367715741,2403,driscoll_kraay,cumulative,twfe_directional_dummies,Time-Varying Param
3,eps_tvp_neg_x_wh2m,3.234342898693127,-5.101671095515426,11.57035689290168,5.067936658691207,0.007178576908083683,0.023217979245382922,-0.03662273831890502,0.08305869680967087,2376,driscoll_kraay,cumulative,twfe_directional_dummies,Time-Varying Param
4,eps_tvp_neg_x_wh2m,4.251621766634645,-4.252003525037174,12.755247058306463,5.169837092089594,0.007178576908083683,0.030520593835869414,-0.030523334317922275,0.0915645219896611,2349,driscoll_kraay,cumulative,twfe_directional_dummies,Time-Varying Param
5,eps_tvp_neg_x_wh2m,10.443697555505363,-0.34555538076797987,21.232950491778706,6.559400033831497,0.007178576908083683,0.0749708861069608,-0.0024805958768450848,0.1524223680907667,2322,driscoll_kraay,cumulative,twfe_directional_dummies,Time-Varying Param
6,eps_tvp_neg_x_wh2m,3.027853862631496,-5.439304007907394,11.495011733170385,5.147666474269626,0.007178576908083683,0.02173568181933844,-0.03904646214721104,0.08251782578588791,2295,driscoll_kraay,cumulative,twfe_directional_dummies,Time-Varying Param
7,eps_tvp_neg_x_wh2m,0.5013656747908557,-5.2513710640482145,6.254102413629926,3.4974156025670453,0.007178576908083683,0.0035990920555594302,-0.03769737105615535,0.04489555516727421,2268,driscoll_kraay,cumulative,twfe_directional_dummies,Time-Varying Param
8,eps_tvp_neg_x_wh2m,12.7127232181807,1.3384144799010897,24.08703195646031,6.9150887057108275,0.007178576908083683,0.09125926133289126,0.009607911278862796,0.1729106113869197,2241,driscoll_kraay,cumulative,twfe_directional_dummies,Time-Varying Param
9,eps_tvp_neg_x_wh2m,6.115839312732506,-1.5339168902695723,13.765595515734585,4.65072154607455,0.007178576908083683,0.04390302286393195,-0.011011340367408685,0.09881738609527259,2214,driscoll_kraay,cumulative,twfe_directional_dummies,Time-Varying Param
10,eps_tvp_neg_x_wh2m,8.526665489588607,0.4686917906172603,16.584639188559954,4.898900161654982,0.007178576908083683,0.061209323986514824,0.0033645400651334573,0.1190541079078962,2187,driscoll_kraay,cumulative,twfe_directional_dummies,Time-Varying Param
11,eps_tvp_neg_x_wh2m,22.47960767026925,6.721394509783316,38.23782083075518,9.580313349639379,0.007178576908083683,0.16137159252457567,0.04825004741805096,0.2744931376311004,2160,driscoll_kraay,cumulative,twfe_directional_dummies,Time-Varying Param
12,eps_tvp_neg_x_wh2m,-0.3815891765776497,-11.893720928630636,11.130542575475335,6.99887914852902,0.007178576908083683,-0.002739267251354983,-0.0853799904094595,0.07990145590674952,2133,driscoll_kraay,cumulative,twfe_directional_dummies,Time-Varying Param
13,eps_tvp_neg_x_wh2m,11.148231111403357,0.9343646024514882,21.362097620355225,6.209589924352102,0.007178576908083683,0.08002843442230023,0.006707408158889044,0.1533494606857114,2106,driscoll_kraay,cumulative,twfe_directional_dummies,Time-Varying Param
14,eps_tvp_neg_x_wh2m,12.168068922059271,0.1564270744849896,24.17971076963355,7.302559723710091,0.007178576908083683,0.08734941857986539,0.0011229237846970327,0.17357591337503375,2079,driscoll_kraay,cumulative,twfe_directional_dummies,Time-Varying Param
15,eps_tvp_neg_x_wh2m,-1.4451129844832828,-12.278412002660998,9.388186033694433,6.586178150244206,0.007178576908083683,-0.010373854699983587,-0.08814152487023977,0.0673938154702726,2052,driscoll_kraay,cumulative,twfe_directional_dummies,Time-Varying Param
16,eps_tvp_neg_x_wh2m,8.530823206338985,-1.6807002671410647,18.742346679819036,6.2081654599295995,0.007178576908083683,0.06123917047596944,-0.012065036127108924,0.13454337707904782,2025,driscoll_kraay,cumulative,twfe_directional_dummies,Time-Varying Param
17,eps_tvp_neg_x_wh2m,8.281024534942965,-4.259555524237898,20.821604594123826,7.624131323115506,0.007178576908083683,0.059445971501815985,-0.03057754692499446,0.1494694899286264,1998,driscoll_kraay,cumulative,twfe_directional_dummies,Time-Varying Param
18,eps_tvp_neg_x_wh2m,5.950719891588418,-6.5988012051151985,18.500240988292035,7.629567087961846,0.007178576908083683,0.04271770040023085,-0.04737000195207474,0.13280540275253644,1971,driscoll_kraay,cumulative,twfe_directional_dummies,Time-Varying Param
19,eps_tvp_neg_x_wh2m,7.893731498515673,-2.4791426450805085,18.266605642111855,6.306259702160243,0.007178576908083683,0.056665758653857416,-0.01779671614382044,0.1311282334515353,1944,driscoll_kraay,cumulative,twfe_directional_dummies,Time-Varying Param
20,eps_tvp_neg_x_wh2m,2.720514285947327,-7.8190251180570245,13.260053689951679,6.407584985867744,0.007178576908083683,0.01952942103121325,-0.056129473156210447,0.09518831521863695,1917,driscoll_kraay,cumulative,twfe_directional_dummies,Time-Varying Param
21,eps_tvp_neg_x_wh2m,2.2045519195917556,-9.526769587533357,13.935873426716869,7.132137057610187,0.007178576908083683,0.015825545502652933,-0.06838864816970086,0.10003973917500673,1890,driscoll_kraay,cumulative,twfe_directional_dummies,Time-Varying Param
22,eps_tvp_neg_x_wh2m,3.7006473573223304,-5.017272092558855,12.418566807203515,5.300118689611761,0.007178576908083683,0.026565381664234985,-0.03601687358521569,0.08914763691368566,1863,driscoll_kraay,cumulative,twfe_directional_dummies,Time-Varying Param
23,eps_tvp_neg_x_wh2m,-0.9567557670575125,-13.365307559006979,11.451796024891955,7.5438638360467065,0.007178576908083683,-0.00686814485607495,-0.0959438882125238,0.0822075985003739,1836,driscoll_kraay,cumulative,twfe_directional_dummies,Time-Varying Param
24,eps_tvp_neg_x_wh2m,0.05805216238712561,-13.657695598776813,13.773799923551065,8.338582556178173,0.007178576908083683,4.16731912376544e-4,-0.09804281824301538,0.09887628206776847,1809,driscoll_kraay,cumulative,twfe_directional_dummies,Time-Varying Param
25,eps_tvp_neg_x_wh2m,7.909257335077088,-3.4359640240192117,19.254478694173386,6.897404834813924,0.007178576908083683,0.05677721206567587,-0.024665331999830602,0.13821975613118234,1782,driscoll_kraay,cumulative,twfe_directional_dummies,Time-Varying Param
26,eps_tvp_neg_x_wh2m,3.526972302694666,-10.825733530623049,17.87967813601238,8.725825567785408,0.007178576908083683,0.025318641927574662,-0.07771336073599786,0.12835064459114717,1755,driscoll_kraay,cumulative,twfe_directional_dummies,Time-Varying Param
27,eps_tvp_neg_x_wh2m,12.361225900428181,-2.6077562097381826,27.330208010594546,9.100494940640695,0.007178576908083683,0.08873601080441967,-0.018719978509138348,0.1961920001179777,1728,driscoll_kraay,cumulative,twfe_directional_dummies,Time-Varying Param
28,eps_tvp_neg_x_wh2m,2.953317759957423,-10.91330298298988,16.819938502904726,8.430306816204268,0.007178576908083683,0.021200618673863785,-0.07834198478461192,0.1207432221323395,1701,driscoll_kraay,cumulative,twfe_directional_dummies,Time-Varying Param
29,eps_tvp_neg_x_wh2m,5.967817864919645,-4.952256599869413,16.887892329708706,6.638933875853768,0.007178576908083683,0.04284043951676143,-0.03555015487072758,0.12123103390425047,1674,driscoll_kraay,cumulative,twfe_directional_dummies,Time-Varying Param
30,eps_tvp_neg_x_wh2m,1.6940159941838642,-15.209357937111708,18.597389925479437,10.276521663890447,0.007178576908083683,0.01216062409777271,-0.10918154567412938,0.1335027938696748,1647,driscoll_kraay,cumulative,twfe_directional_dummies,Time-Varying Param
31,eps_tvp_neg_x_wh2m,2.7861067062412697,-11.747883172897906,17.320096585380444,8.836038441959172,0.007178576908083683,0.020000281264880668,-0.08433308286382978,0.1243336453935911,1620,driscoll_kraay,cumulative,twfe_directional_dummies,Time-Varying Param
32,eps_tvp_neg_x_wh2m,7.8356260498641666,-3.2078941283483795,18.879146228076713,6.7139835406997985,0.007178576908083683,0.05624864422193387,-0.02302811471333891,0.13552540315720665,1593,driscoll_kraay,cumulative,twfe_directional_dummies,Time-Varying Param
33,eps_tvp_neg_x_wh2m,11.477802021077824,-10.338430728592048,33.2940347707477,13.263327746739087,0.007178576908083683,0.0823942845440655,-0.07421522009409363,0.23900378918222465,1566,driscoll_kraay,cumulative,twfe_directional_dummies,Time-Varying Param
34,eps_tvp_neg_x_wh2m,-2.3657699471254756,-13.602085110385156,8.870545216134206,6.831194569017531,0.007178576908083683,-0.016982861512273295,-0.09764361407519977,0.06367789105065319,1539,driscoll_kraay,cumulative,twfe_directional_dummies,Time-Varying Param
35,eps_tvp_neg_x_wh2m,5.099780496554993,-7.655853014869437,17.855414007979423,7.754874538633196,0.007178576908083683,0.036609166508865205,-0.05495812966422458,0.128176462681955,1512,driscoll_kraay,cumulative,twfe_directional_dummies,Time-Varying Param
36,eps_tvp_neg_x_wh2m,3.7020080495429264,-15.10123961902788,22.50525571811373,11.43156288223667,0.007178576908083683,0.026575149497988764,-0.10840541001259196,0.16155570900856947,1485,driscoll_kraay,cumulative,twfe_directional_dummies,Time-Varying Param
37,eps_tvp_neg_x_wh2m,0.5925279321859006,-14.663415575545145,15.848471439916946,9.274955082785093,0.007178576908083683,0.00425350733138428,-0.10526245644424298,0.11376947110701154,1458,driscoll_kraay,cumulative,twfe_directional_dummies,Time-Varying Param
38,eps_tvp_neg_x_wh2m,8.83627220871536,-1.091472398636947,18.764016816067667,6.035640159515061,0.007178576908083683,0.06343185963102568,-0.007835218556665895,0.13469893781871725,1431,driscoll_kraay,cumulative,twfe_directional_dummies,Time-Varying Param
39,eps_tvp_neg_x_wh2m,1.8242571576445301,-11.282853449673247,14.931367764962307,7.968557440342063,0.007178576908083683,0.013095570306273398,-0.0809948312311167,0.10718597184366349,1404,driscoll_kraay,cumulative,twfe_directional_dummies,Time-Varying Param
40,eps_tvp_neg_x_wh2m,9.267112372007135,-7.627195478839139,26.16142022285341,10.271009878342635,0.007178576908083683,0.06652467887830703,-0.054752409337834915,0.18780176709444896,1377,driscoll_kraay,cumulative,twfe_directional_dummies,Time-Varying Param
41,eps_tvp_neg_x_wh2m,12.355413143366654,0.6873706965306035,24.023455590202705,7.093666120590496,0.007178576908083683,0.08869428348080549,0.004934343409407987,0.172454223552203,1350,driscoll_kraay,cumulative,twfe_directional_dummies,Time-Varying Param
42,eps_tvp_neg_x_wh2m,3.6562272000129123,-5.922554246475229,13.235008646501054,5.823485621782166,0.007178576908083683,0.026246508148720153,-0.042515511150620036,0.09500852744806035,1323,driscoll_kraay,cumulative,twfe_directional_dummies,Time-Varying Param
43,eps_tvp_neg_x_wh2m,16.992912048673304,-5.838027828231979,39.82385192557859,13.880225877131418,0.007178576908083683,0.12198492603370317,-0.041908731756496016,0.28587858382390235,1296,driscoll_kraay,cumulative,twfe_directional_dummies,Time-Varying Param
44,eps_tvp_neg_x_wh2m,-4.370399661466306,-11.130505415033115,2.3897060921005036,4.109852477327002,0.007178576908083683,-0.03137325008889877,-0.0799011891476571,0.017154688969859572,1269,driscoll_kraay,cumulative,twfe_directional_dummies,Time-Varying Param
45,eps_tvp_neg_x_wh2m,0.7189581904885459,-10.192141171848744,11.630057552825837,6.633477401001106,0.007178576908083683,0.005161096664118706,-0.07316506926016236,0.08348726258839978,1242,driscoll_kraay,cumulative,twfe_directional_dummies,Time-Varying Param
46,eps_tvp_neg_x_wh2m,3.8157318248858525,-8.519304740460115,16.15076839023182,7.499169751783569,0.007178576908083683,0.027391524365565592,-0.06115648428279483,0.11593953301392602,1215,driscoll_kraay,cumulative,twfe_directional_dummies,Time-Varying Param
47,eps_tvp_neg_x_wh2m,-2.3148400494069237,-13.420677295854134,8.790997197040287,6.751869628077775,0.007178576908083683,-0.016617257324579835,-0.09634136412686145,0.06310684947770179,1188,driscoll_kraay,cumulative,twfe_directional_dummies,Time-Varying Param
48,eps_tvp_neg_x_wh2m,13.002148638768602,5.258624705876067,20.74567257166114,4.7077282780743115,0.007178576908083683,0.09333692397373598,0.037749441881880286,0.14892440606559168,1161,driscoll_kraay,cumulative,twfe_directional_dummies,Time-Varying Param
