horizon,term,regime,estimate,ci_low,ci_high,se,shock_sd,estimate_1sd,ci_low_1sd,ci_high_1sd,nobs,se_method,response_type,spec,panel_effect
0,mp_abs_x_ph2m,expansionary,0.33885963278366665,-0.9078272728826935,1.5855465384500267,0.7579318215548072,0.013484248346499642,0.004569267443058633,-0.01224136840327574,0.021379903289393005,2511,driscoll_kraay,cumulative,lag1_tfe_direction_dummy,twoways
1,mp_abs_x_ph2m,expansionary,1.1703806317101857,-0.6904554199915767,3.031216683411948,1.131307990699809,0.013484248346499642,0.01578170309791328,-0.009310272355353134,0.04087367855117969,2484,driscoll_kraay,cumulative,lag1_tfe_direction_dummy,twoways
2,mp_abs_x_ph2m,expansionary,-0.7478311230231592,-1.7770063115659207,0.28134406551960234,0.6256940871086553,0.013484248346499642,-0.010083940584086005,-0.023961594418452196,0.003793713250280185,2457,driscoll_kraay,cumulative,lag1_tfe_direction_dummy,twoways
3,mp_abs_x_ph2m,expansionary,0.9826320816094288,-0.18701717263689,2.1522813358557475,0.7110962550595556,0.013484248346499642,0.013250055021659442,-0.0025217860008960222,0.029021896044214904,2430,driscoll_kraay,cumulative,lag1_tfe_direction_dummy,twoways
4,mp_abs_x_ph2m,expansionary,1.7057408675664534,0.011913035050870935,3.399568700082036,1.0297742028601526,0.013484248346499642,0.023000633473039815,1.606383231864987e-4,0.04584062862289313,2403,driscoll_kraay,cumulative,lag1_tfe_direction_dummy,twoways
5,mp_abs_x_ph2m,expansionary,-0.27588476434165693,-1.6698118131064132,1.1180422844230995,0.8474474724831438,0.013484248346499642,-0.003720098677398431,-0.022516157179845724,0.015075959825048862,2376,driscoll_kraay,cumulative,lag1_tfe_direction_dummy,twoways
6,mp_abs_x_ph2m,expansionary,1.8763900525950283,1.2629449928312384,2.4898351123588185,0.3729481150859199,0.013484248346499642,0.025301709464092888,0.01702986393130463,0.03357355499688115,2349,driscoll_kraay,cumulative,lag1_tfe_direction_dummy,twoways
7,mp_abs_x_ph2m,expansionary,1.3158283111239268,-0.09013538923666498,2.721792011484519,0.8547652370541737,0.013484248346499642,0.01774295572855023,-0.0012154079732756013,0.03670131943037606,2322,driscoll_kraay,cumulative,lag1_tfe_direction_dummy,twoways
8,mp_abs_x_ph2m,expansionary,-0.7834225903946348,-2.365201018563866,0.7983558377745965,0.9616530019761441,0.013484248346499642,-0.010563864769139321,-0.03189295792370908,0.01076522838543044,2295,driscoll_kraay,cumulative,lag1_tfe_direction_dummy,twoways
9,mp_abs_x_ph2m,expansionary,1.5086779813488658,0.5594874132767964,2.457868549420935,0.5770668906456279,0.013484248346499642,0.02034338857540386,0.007544267227365004,0.03314250992344272,2268,driscoll_kraay,cumulative,lag1_tfe_direction_dummy,twoways
10,mp_abs_x_ph2m,expansionary,0.7994750129062068,-0.6626036178790881,2.2615536436915016,0.8888806923781253,0.013484248346499642,0.0107803196208483,-0.008934711738770773,0.03049535098046737,2241,driscoll_kraay,cumulative,lag1_tfe_direction_dummy,twoways
11,mp_abs_x_ph2m,expansionary,-0.1412278142179818,-2.0624528092237546,1.7799971807877908,1.1680218613534143,0.013484248346499642,-0.0019043509203485799,-0.027810625882508957,0.02400192404181179,2214,driscoll_kraay,cumulative,lag1_tfe_direction_dummy,twoways
12,mp_abs_x_ph2m,expansionary,1.5007966011899878,0.2821769056463368,2.719416296733639,0.740868169408003,0.013484248346499642,0.020237114088028377,0.0038049434733820023,0.03666928470267475,2187,driscoll_kraay,cumulative,lag1_tfe_direction_dummy,twoways
13,mp_abs_x_ph2m,expansionary,1.5584531244404927,-0.10265753649337506,3.21956378537436,1.0098835748762194,0.013484248346499642,0.021014568966333913,-0.0013842597167165193,0.043413397649384344,2160,driscoll_kraay,cumulative,lag1_tfe_direction_dummy,twoways
14,mp_abs_x_ph2m,expansionary,-0.48770780415217363,-1.7200330766935217,0.7446174683891744,0.7492005685790457,0.013484248346499642,-0.006576373151713918,-0.023193353170329313,0.010040606866901475,2133,driscoll_kraay,cumulative,lag1_tfe_direction_dummy,twoways
15,mp_abs_x_ph2m,expansionary,1.1443714572065513,-0.1356517834544535,2.424394697867556,0.7781988741657009,0.013484248346499642,0.015430988929618826,-0.0018291623367454421,0.03269114019598309,2106,driscoll_kraay,cumulative,lag1_tfe_direction_dummy,twoways
16,mp_abs_x_ph2m,expansionary,1.4304941185764304,0.30378043316177106,2.5572078039910897,0.6849932826563303,0.013484248346499642,0.019289137953091694,0.004096250803560557,0.03448202510262283,2079,driscoll_kraay,cumulative,lag1_tfe_direction_dummy,twoways
17,mp_abs_x_ph2m,expansionary,-1.30853993465519,-2.480119725353207,-0.13696014395717282,0.7122699378846205,0.013484248346499642,-0.017644677450202997,-0.03344255030571513,-0.0018468045946908606,2052,driscoll_kraay,cumulative,lag1_tfe_direction_dummy,twoways
18,mp_abs_x_ph2m,expansionary,0.21970372244935482,-0.6378896933611522,1.0772971382598617,0.5213797761445486,0.013484248346499642,0.002962539556157529,-0.008601463042954281,0.014526542155269337,2025,driscoll_kraay,cumulative,lag1_tfe_direction_dummy,twoways
19,mp_abs_x_ph2m,expansionary,0.9159281341104978,-0.15887833484512914,1.9907346030661248,0.6534359357845385,0.013484248346499642,0.012350602427891983,-0.002142354923930049,0.026843559779714015,1998,driscoll_kraay,cumulative,lag1_tfe_direction_dummy,twoways
20,mp_abs_x_ph2m,expansionary,-0.06743454079897582,-1.9773167306658732,1.8424476490679216,1.1611259254761914,0.013484248346499642,-9.093040952655523e-4,-0.02666262985598738,0.024844021665456274,1971,driscoll_kraay,cumulative,lag1_tfe_direction_dummy,twoways
21,mp_abs_x_ph2m,expansionary,0.4827487525819041,-0.6405304388943807,1.6060279440581888,0.6829052586023359,0.013484248346499642,0.006509504068777305,-0.008637071511544242,0.021656079649098853,1944,driscoll_kraay,cumulative,lag1_tfe_direction_dummy,twoways
22,mp_abs_x_ph2m,expansionary,1.5551932557050199,0.39417897156241977,2.7162075398476198,0.7058465659916459,0.013484248346499642,0.02097061208672781,0.005315207145515488,0.036626017027940126,1917,driscoll_kraay,cumulative,lag1_tfe_direction_dummy,twoways
23,mp_abs_x_ph2m,expansionary,0.14442100089787116,-0.7636816144007977,1.0525236161965401,0.5520871890477711,0.013484248346499642,0.0019474086425569426,-0.010297672546236133,0.014192489831350021,1890,driscoll_kraay,cumulative,lag1_tfe_direction_dummy,twoways
24,mp_abs_x_ph2m,expansionary,-0.29166258064381106,-2.194653735982409,1.6113285746947867,1.1569364739557717,0.013484248346499642,-0.003932850670782128,-0.02959325601056006,0.021727554668995803,1863,driscoll_kraay,cumulative,lag1_tfe_direction_dummy,twoways
25,mp_abs_x_ph2m,expansionary,0.9098193196287773,-0.28712355905009257,2.106762198307647,0.7276896005009589,0.013484248346499642,0.01226822965631777,-0.0038716453763623032,0.02840810468899784,1836,driscoll_kraay,cumulative,lag1_tfe_direction_dummy,twoways
26,mp_abs_x_ph2m,expansionary,-0.19206123824204235,-1.409725887285668,1.0256034108015832,0.7402875423635191,0.013484248346499642,-0.0025898014341919334,-0.019009093964649507,0.013829491096265642,1809,driscoll_kraay,cumulative,lag1_tfe_direction_dummy,twoways
27,mp_abs_x_ph2m,expansionary,-1.496857726308715,-3.753776915147106,0.760061462529676,1.3721094399270686,0.013484248346499642,-0.020184001320923507,-0.05061686016120089,0.010248857519353883,1782,driscoll_kraay,cumulative,lag1_tfe_direction_dummy,twoways
28,mp_abs_x_ph2m,expansionary,-0.06054537330098025,-1.4452178057958684,1.324127059193908,0.8418210652951557,0.013484248346499642,-0.00081640884982194645,-0.01948767580813478,0.017854858108490888,1755,driscoll_kraay,cumulative,lag1_tfe_direction_dummy,twoways
29,mp_abs_x_ph2m,expansionary,0.38640460502374224,-0.7061706347574808,1.4789798448049651,0.6642385814026341,0.013484248346499642,0.0052103756563712435,-0.009522180214075162,0.01994293152681765,1728,driscoll_kraay,cumulative,lag1_tfe_direction_dummy,twoways
30,mp_abs_x_ph2m,expansionary,-1.0326602809086478,-2.919647813575552,0.8543272517582563,1.1472069622171774,0.013484248346499642,-0.01392464768533829,-0.03936925620256743,0.01151996083189085,1701,driscoll_kraay,cumulative,lag1_tfe_direction_dummy,twoways
31,mp_abs_x_ph2m,expansionary,0.24257414153376539,-1.154076081682619,1.6392243647501499,0.8491030449954986,0.013484248346499642,0.003270929966880246,-0.015561848496163641,0.022103708429924134,1674,driscoll_kraay,cumulative,lag1_tfe_direction_dummy,twoways
32,mp_abs_x_ph2m,expansionary,1.160239188030474,-0.04788976176973647,2.368368137830685,0.7344902488614292,0.013484248346499642,0.015644953352744007,-6.457574409578309e-4,0.03193566414644585,1647,driscoll_kraay,cumulative,lag1_tfe_direction_dummy,twoways
33,mp_abs_x_ph2m,expansionary,-0.5413893254667418,-1.6158239363417923,0.5330452854083086,0.6532098621239504,0.013484248346499642,-0.007300228116737469,-0.021788171241851357,0.007187715008376416,1620,driscoll_kraay,cumulative,lag1_tfe_direction_dummy,twoways
34,mp_abs_x_ph2m,expansionary,0.3770859536827227,-0.8322650699203409,1.5864369772857863,0.7352332169789739,0.013484248346499642,0.005084720647434494,-0.011222468892922766,0.021391910187791754,1593,driscoll_kraay,cumulative,lag1_tfe_direction_dummy,twoways
35,mp_abs_x_ph2m,expansionary,-0.04419351176224178,-3.1637250536192565,3.075338030094773,1.8965405132362279,0.013484248346499642,-5.959162879060212e-4,-0.04266045432304495,0.041468621747232905,1566,driscoll_kraay,cumulative,lag1_tfe_direction_dummy,twoways
36,mp_abs_x_ph2m,expansionary,-0.6041527556910812,-2.1545491727302526,0.9462436613480903,0.9425740939104931,0.013484248346499642,-0.008146545796960664,-0.02905247611984008,0.012759384525918755,1539,driscoll_kraay,cumulative,lag1_tfe_direction_dummy,twoways
37,mp_abs_x_ph2m,expansionary,0.046297963390721356,-0.5699324220723417,0.6625283488537844,0.3746414728738923,0.013484248346499642,6.242932362976354e-4,-0.00768511031994551,0.008933696792540781,1512,driscoll_kraay,cumulative,lag1_tfe_direction_dummy,twoways
38,mp_abs_x_ph2m,expansionary,1.2985801905029422,-1.3540700948839208,3.951230475889805,1.612696863673648,0.013484248346499642,0.017510377786586487,-0.018258617437983123,0.0532793730111561,1485,driscoll_kraay,cumulative,lag1_tfe_direction_dummy,twoways
39,mp_abs_x_ph2m,expansionary,0.2741080523170295,-0.38721901565626593,0.9354351202903249,0.4020583091025441,0.013484248346499642,0.0036961410512181426,-0.005221357371596223,0.012613639474032509,1458,driscoll_kraay,cumulative,lag1_tfe_direction_dummy,twoways
40,mp_abs_x_ph2m,expansionary,-0.4406470583148757,-1.600389444036939,0.7190953274071875,0.7050733066573828,0.013484248346499642,-0.005941794367472294,-0.021580048714510577,0.009696459979565987,1431,driscoll_kraay,cumulative,lag1_tfe_direction_dummy,twoways
41,mp_abs_x_ph2m,expansionary,0.8646968573552021,-0.4558876904187632,2.1852814051291674,0.8028583979362965,0.013484248346499642,0.01165978716901532,-0.006147302835718749,0.02946687717374939,1404,driscoll_kraay,cumulative,lag1_tfe_direction_dummy,twoways
42,mp_abs_x_ph2m,expansionary,1.6461392710046951,-1.0952693794325483,4.387547921441938,1.6666581180953457,0.013484248346499642,0.02219695074315319,-0.01476888431858503,0.0591627858048914,1377,driscoll_kraay,cumulative,lag1_tfe_direction_dummy,twoways
43,mp_abs_x_ph2m,expansionary,-0.29717802439874214,-0.9838979517482669,0.38954190295078267,0.41749607144209755,0.013484248346499642,-0.0040072222841147686,-0.013267124328985953,0.005252679760756415,1350,driscoll_kraay,cumulative,lag1_tfe_direction_dummy,twoways
44,mp_abs_x_ph2m,expansionary,2.7807821010379743,1.900204585492966,3.661359616582983,0.5353531166034803,0.013484248346499642,0.03749675644789711,0.025622830539944564,0.049370682355849654,1323,driscoll_kraay,cumulative,lag1_tfe_direction_dummy,twoways
45,mp_abs_x_ph2m,expansionary,-1.6913720090270263,-5.517175966773202,2.1344319487191488,2.3259236536668735,0.013484248346499642,-0.02280688021603846,-0.07439497090730911,0.028781210475232192,1296,driscoll_kraay,cumulative,lag1_tfe_direction_dummy,twoways
46,mp_abs_x_ph2m,expansionary,2.441536778997044,-0.2346631395617811,5.117736697555869,1.6270140240495585,0.013484248346499642,0.03292228827510895,-0.0031642560516203615,0.06900883260183827,1269,driscoll_kraay,cumulative,lag1_tfe_direction_dummy,twoways
47,mp_abs_x_ph2m,expansionary,3.6270703260479946,2.787470455981096,4.466670196114894,0.5104404770794052,0.013484248346499642,0.04890831704665059,0.037586943886979696,0.06022969020632149,1242,driscoll_kraay,cumulative,lag1_tfe_direction_dummy,twoways
48,mp_abs_x_ph2m,expansionary,-2.07648995322908,-6.154423440535523,2.001443534077363,2.479207523689739,0.013484248346499642,-0.027999906218352345,-0.08298777410169977,0.02698796166499508,1215,driscoll_kraay,cumulative,lag1_tfe_direction_dummy,twoways
0,mp_abs_x_wh2m,expansionary,1.896591943460084,-0.3747761252036159,4.167960012123784,1.380893735130337,0.015756301808010444,0.029883275067798164,-0.005905085739144882,0.0656716358747412,2511,driscoll_kraay,cumulative,lag1_tfe_direction_dummy,twoways
1,mp_abs_x_wh2m,expansionary,1.7170239572142971,-0.1890672690431665,3.6231151834717608,1.1588211832503073,0.015756301808010444,0.027053947681452875,-0.0029790009530604416,0.057086896315966196,2484,driscoll_kraay,cumulative,lag1_tfe_direction_dummy,twoways
2,mp_abs_x_wh2m,expansionary,0.1901897928862632,-1.2863352505996064,1.666714836372133,0.8976634876760569,0.015756301808010444,0.0029966877775189607,-0.020267886434730147,0.026261261989768067,2457,driscoll_kraay,cumulative,lag1_tfe_direction_dummy,twoways
3,mp_abs_x_wh2m,expansionary,1.9177593604964764,-0.512608396623361,4.348127117616314,1.477558681999089,0.015756301808010444,0.030216795279119583,-0.008076812606517998,0.06851040316475716,2430,driscoll_kraay,cumulative,lag1_tfe_direction_dummy,twoways
4,mp_abs_x_wh2m,expansionary,2.0535543924127158,0.6467181522625256,3.460390632562906,0.8552957035803748,0.015756301808010444,0.03235642278602026,0.010189886391767206,0.05452295918027332,2403,driscoll_kraay,cumulative,lag1_tfe_direction_dummy,twoways
5,mp_abs_x_wh2m,expansionary,0.4072345935267704,-0.5330951017498388,1.3475642888033796,0.5716798624929269,0.015756301808010444,0.00641651116227025,-0.008399607315542497,0.021232629640083,2376,driscoll_kraay,cumulative,lag1_tfe_direction_dummy,twoways
6,mp_abs_x_wh2m,expansionary,1.0297310984602288,-1.0171162090839077,3.0765784060043653,1.2443948045016684,0.015756301808010444,0.016224753968433484,-0.016025989964145504,0.04847549790101247,2349,driscoll_kraay,cumulative,lag1_tfe_direction_dummy,twoways
7,mp_abs_x_wh2m,expansionary,1.9871595961294108,0.2680132353226399,3.706305956936182,1.0451667751087321,0.015756301808010444,0.03131028633729914,0.004222897424284839,0.05839767525031344,2322,driscoll_kraay,cumulative,lag1_tfe_direction_dummy,twoways
8,mp_abs_x_wh2m,expansionary,0.4235009062849002,-0.5677753075653104,1.4147771201351107,0.6026531465218675,0.015756301808010444,0.006672808095390835,-0.008946039105134985,0.022291655295916653,2295,driscoll_kraay,cumulative,lag1_tfe_direction_dummy,twoways
9,mp_abs_x_wh2m,expansionary,1.8919434994909745,0.2485250309885627,3.5353619679933863,0.9991274856160183,0.015756301808010444,0.029810032781683246,0.003915835395100942,0.055704230168265555,2268,driscoll_kraay,cumulative,lag1_tfe_direction_dummy,twoways
10,mp_abs_x_wh2m,expansionary,2.7936271996361453,1.1766129142562107,4.41064148501608,0.9830748820956587,0.015756301808010444,0.04401723329653415,0.01853906818822357,0.06949539840484473,2241,driscoll_kraay,cumulative,lag1_tfe_direction_dummy,twoways
11,mp_abs_x_wh2m,expansionary,-0.30684816448246705,-1.847422682272428,1.233726353307494,0.93660280315958655,0.015756301808010444,-0.0048347922888197815,-0.029108549348848562,0.019438964771209,2214,driscoll_kraay,cumulative,lag1_tfe_direction_dummy,twoways
12,mp_abs_x_wh2m,expansionary,1.8723105503934567,0.404840846832784,3.3397802539541295,0.8921582319032499,0.015756301808010444,0.02950069011032145,0.006378794566907873,0.05262258565373503,2187,driscoll_kraay,cumulative,lag1_tfe_direction_dummy,twoways
13,mp_abs_x_wh2m,expansionary,1.398536001880586,-0.35030562023993705,3.147377624001109,1.063220212099833,0.015756301808010444,0.022035755334998772,-0.00551952107754274,0.04959103174754029,2160,driscoll_kraay,cumulative,lag1_tfe_direction_dummy,twoways
14,mp_abs_x_wh2m,expansionary,0.3862859131631944,-0.9497885005043121,1.7223603268307008,0.8122755677316721,0.015756301808010444,0.006086437431982205,-0.01496515426772362,0.02713802913168803,2133,driscoll_kraay,cumulative,lag1_tfe_direction_dummy,twoways
15,mp_abs_x_wh2m,expansionary,1.152922059409987,-0.46005096263354517,2.765895081453519,0.9806179684407383,0.015756301808010444,0.0181657879291767,-0.007248701814319873,0.04358027767267327,2106,driscoll_kraay,cumulative,lag1_tfe_direction_dummy,twoways
16,mp_abs_x_wh2m,expansionary,1.9464812359342127,0.17442390668734453,3.718538565181081,1.0773343598549574,0.015756301808010444,0.03066934581700864,0.0027482757162980514,0.05859041591771923,2079,driscoll_kraay,cumulative,lag1_tfe_direction_dummy,twoways
17,mp_abs_x_wh2m,expansionary,0.6601757225694886,-0.014161146512419065,1.3345125916513965,0.40996770656833825,0.015756301808010444,0.010401927931126235,-2.231272983971293e-4,0.0210269831606496,2052,driscoll_kraay,cumulative,lag1_tfe_direction_dummy,twoways
18,mp_abs_x_wh2m,expansionary,1.361388037811781,-0.43555485256861104,3.158330928192173,1.092463706762041,0.015756301808010444,0.021450440801577556,-0.006862733711014529,0.04976361531416964,2025,driscoll_kraay,cumulative,lag1_tfe_direction_dummy,twoways
19,mp_abs_x_wh2m,expansionary,1.589260232801686,0.42274030267675133,2.7557801629266208,0.7091937610806939,0.015756301808010444,0.025040863879492305,0.006660823795384579,0.04342090396360003,1998,driscoll_kraay,cumulative,lag1_tfe_direction_dummy,twoways
20,mp_abs_x_wh2m,expansionary,1.3612091375620747,0.3863609283378939,2.3360573467862555,0.5926656288747947,0.015756301808010444,0.021447621995249654,0.006087619393714951,0.036807624596784355,1971,driscoll_kraay,cumulative,lag1_tfe_direction_dummy,twoways
21,mp_abs_x_wh2m,expansionary,2.1475888480188337,0.4883853405813321,3.806792355456335,1.0087241078785993,0.015756301808010444,0.03383805804890221,0.007695146824807439,0.05998096927299699,1944,driscoll_kraay,cumulative,lag1_tfe_direction_dummy,twoways
22,mp_abs_x_wh2m,expansionary,2.1409141383340793,1.2727787320048611,3.0090495446632977,0.5277888513023482,0.015756301808010444,0.033732889308628375,0.020054285836285435,0.04741149278097132,1917,driscoll_kraay,cumulative,lag1_tfe_direction_dummy,twoways
23,mp_abs_x_wh2m,expansionary,2.654081423194723,1.3908598821402223,3.917302964249224,0.7679841661021976,0.015756301808010444,0.041818507926889945,0.021914808075655177,0.06172220777812472,1890,driscoll_kraay,cumulative,lag1_tfe_direction_dummy,twoways
24,mp_abs_x_wh2m,expansionary,1.1878145541988954,-1.7613298382486418,4.136958946646432,1.7929524816827647,0.015756301808010444,0.018715564607905175,-0.027752044514899817,0.06518317373071016,1863,driscoll_kraay,cumulative,lag1_tfe_direction_dummy,twoways
25,mp_abs_x_wh2m,expansionary,2.21413368368899,1.1522630825256457,3.276004284852335,0.645571486583513,0.015756301808010444,0.03488655856348566,0.01815540489050252,0.051617712236468806,1836,driscoll_kraay,cumulative,lag1_tfe_direction_dummy,twoways
26,mp_abs_x_wh2m,expansionary,2.305908878762485,0.25031048580639936,4.361507271718571,1.2497150866645064,0.015756301808010444,0.036332596235552676,0.0039439675600753425,0.06872122491103001,1809,driscoll_kraay,cumulative,lag1_tfe_direction_dummy,twoways
27,mp_abs_x_wh2m,expansionary,2.486267025293667,0.5163312669520264,4.456202783635307,1.1976359027110925,0.015756301808010444,0.03917437362583135,0.008135471275008535,0.07021327597665417,1782,driscoll_kraay,cumulative,lag1_tfe_direction_dummy,twoways
28,mp_abs_x_wh2m,expansionary,2.6060899571210916,1.2924904319774717,3.9196894822647117,0.79861180570712,0.015756301808010444,0.041062339903224915,0.020364869330202838,0.061759810476247,1755,driscoll_kraay,cumulative,lag1_tfe_direction_dummy,twoways
29,mp_abs_x_wh2m,expansionary,1.670218534276648,-0.5484964188068671,3.888933487360163,1.3488829137919238,0.015756301808010444,0.0263164673113957,-0.008642275115333893,0.061275209738125294,1728,driscoll_kraay,cumulative,lag1_tfe_direction_dummy,twoways
30,mp_abs_x_wh2m,expansionary,4.8360068311078575,1.7997619257322723,7.872251736483443,1.8459058335803908,0.015756301808010444,0.07619758317653559,0.02835759208440376,0.12403757426866742,1701,driscoll_kraay,cumulative,lag1_tfe_direction_dummy,twoways
31,mp_abs_x_wh2m,expansionary,2.172119355372249,0.7098859171701013,3.6343527935743962,0.8889748086048316,0.015756301808010444,0.034224568126266244,0.011185176760188419,0.057263959492344065,1674,driscoll_kraay,cumulative,lag1_tfe_direction_dummy,twoways
32,mp_abs_x_wh2m,expansionary,1.2144211314379365,-1.2890528838855768,3.7178951467614496,1.5220041311295194,0.015756301808010444,0.019134785868961647,-0.02031070628498739,0.05858027802291068,1647,driscoll_kraay,cumulative,lag1_tfe_direction_dummy,twoways
33,mp_abs_x_wh2m,expansionary,4.833214788587103,0.949874978217605,8.716554598956602,2.360902968349092,0.015756301808010444,0.07615359091191778,0.01496651683667393,0.13734066498716166,1620,driscoll_kraay,cumulative,lag1_tfe_direction_dummy,twoways
34,mp_abs_x_wh2m,expansionary,1.6235293400799775,-0.3184140395052182,3.5654727196651734,1.1806177448046504,0.015756301808010444,0.02558081827646015,-0.005017027706351978,0.05617866425927229,1593,driscoll_kraay,cumulative,lag1_tfe_direction_dummy,twoways
35,mp_abs_x_wh2m,expansionary,-0.15843857086725013,-4.918301832763896,4.601424691029396,2.8937913890359055,0.015756301808010444,-0.002496405940614244,-0.07749424805991885,0.07250143617869037,1566,driscoll_kraay,cumulative,lag1_tfe_direction_dummy,twoways
36,mp_abs_x_wh2m,expansionary,2.4666878141274227,-2.1309049496502537,7.064280577905099,2.795137931086752,0.015756301808010444,0.03886587766553324,-0.033575181510872694,0.11130693684193917,1539,driscoll_kraay,cumulative,lag1_tfe_direction_dummy,twoways
37,mp_abs_x_wh2m,expansionary,1.8617254370702214,-0.7231681815789581,4.446619055719401,1.5715037352229042,0.015756301808010444,0.029333907870128562,-0.011394456126908164,0.07006227186716528,1512,driscoll_kraay,cumulative,lag1_tfe_direction_dummy,twoways
38,mp_abs_x_wh2m,expansionary,-0.8081439217633289,-3.6153166867698,1.999028843243142,1.706639860842336,0.015756301808010444,-0.01273335953561219,-0.05696402084828133,0.031497301777056945,1485,driscoll_kraay,cumulative,lag1_tfe_direction_dummy,twoways
39,mp_abs_x_wh2m,expansionary,4.684810095410392,-1.054333466525386,10.423953657346171,3.489151537801304,0.015756301808010444,0.07381528177650035,-0.016612396304859858,0.16424295985786055,1458,driscoll_kraay,cumulative,lag1_tfe_direction_dummy,twoways
40,mp_abs_x_wh2m,expansionary,-1.2205607628972637,-4.886787340561532,2.445665814767005,2.228907495227497,0.015756301808010444,-0.01923152375522476,-0.07699769620945221,0.038534648699002694,1431,driscoll_kraay,cumulative,lag1_tfe_direction_dummy,twoways
41,mp_abs_x_wh2m,expansionary,-1.400981533614031,-7.774398925993016,4.972435858764954,3.874762646322098,0.015756301808010444,-0.022074287871072,-0.12249577585381821,0.07834720011167422,1404,driscoll_kraay,cumulative,lag1_tfe_direction_dummy,twoways
42,mp_abs_x_wh2m,expansionary,0.531614470906905,-3.10673777549063,4.1699667173044395,2.2119611050989145,0.015756301808010444,0.008376278049114982,-0.048950698028977356,0.06570325412720732,1377,driscoll_kraay,cumulative,lag1_tfe_direction_dummy,twoways
43,mp_abs_x_wh2m,expansionary,-0.06737136432770054,-4.150810908540699,4.016068179885297,2.4825549686029738,0.015756301808010444,-0.0010615235495646783,-0.06540142942294928,0.06327838232381991,1350,driscoll_kraay,cumulative,lag1_tfe_direction_dummy,twoways
44,mp_abs_x_wh2m,expansionary,-2.8680719475127465,-10.84555649353588,5.109412598510387,4.8499662312253236,0.015756301808010444,-0.04519020721209912,-0.17088586138797882,0.08050544696378055,1323,driscoll_kraay,cumulative,lag1_tfe_direction_dummy,twoways
45,mp_abs_x_wh2m,expansionary,-0.7026819607710773,-4.798691511655056,3.393327590112902,2.490196990035773,0.015756301808010444,-0.011071669048953648,-0.07560963174117492,0.05346629364326764,1296,driscoll_kraay,cumulative,lag1_tfe_direction_dummy,twoways
46,mp_abs_x_wh2m,expansionary,-3.821681407027116,-9.416078365121717,1.7727155510674848,3.401151851100033,0.015756301808010444,-0.060215565663181245,-0.14836257256873533,0.027931441242372842,1269,driscoll_kraay,cumulative,lag1_tfe_direction_dummy,twoways
47,mp_abs_x_wh2m,expansionary,-0.6994240156917063,-3.960697143871985,2.5618491124885727,1.9827132790074682,0.015756301808010444,-0.011020335883009156,-0.06240593956897196,0.04036526780295365,1242,driscoll_kraay,cumulative,lag1_tfe_direction_dummy,twoways
48,mp_abs_x_wh2m,expansionary,2.650922322511675,-2.690472027566081,7.992316672589432,3.247337187064697,0.015756301808010444,0.04176873218308595,-0.04239188927234097,0.12592935363851288,1215,driscoll_kraay,cumulative,lag1_tfe_direction_dummy,twoways
0,mp_abs_x_ph2m,contractionary,0.48076281906945306,-5.785615932088442,6.747141570227349,3.8096877731131844,0.013484248346499642,0.006482725248095779,-0.07801468206574556,0.09098013256193713,2511,driscoll_kraay,cumulative,lag1_tfe_direction_dummy,twoways
1,mp_abs_x_ph2m,contractionary,-1.7257168240696878,-5.151456354821038,1.7000227066816627,2.0827017520705025,0.013484248346499642,-0.023269994231488303,-0.06946351683456066,0.022923528371584057,2484,driscoll_kraay,cumulative,lag1_tfe_direction_dummy,twoways
2,mp_abs_x_ph2m,contractionary,-2.135327098799119,-4.819457203162798,0.5488030055645599,1.631835234687949,0.013484248346499642,-0.028793280901217896,-0.06498675782277374,0.0074001960203379505,2457,driscoll_kraay,cumulative,lag1_tfe_direction_dummy,twoways
3,mp_abs_x_ph2m,contractionary,3.208730757212157,-2.860449215998938,9.277910730423251,3.6897994288157743,0.013484248346499642,0.04326732240730057,-0.03857100761107988,0.125105652425681,2430,driscoll_kraay,cumulative,lag1_tfe_direction_dummy,twoways
4,mp_abs_x_ph2m,contractionary,1.7378530440010416,-1.0772165407678613,4.552922628769944,1.7114407863672823,0.013484248346499642,0.023433642035030414,-0.0145254553586711,0.06139273942873193,2403,driscoll_kraay,cumulative,lag1_tfe_direction_dummy,twoways
5,mp_abs_x_ph2m,contractionary,1.3584510823206595,-1.8240378137201925,4.540939978361512,1.934815866831381,0.013484248346499642,0.018317691760583003,-0.02459577887360933,0.061231162394775336,2376,driscoll_kraay,cumulative,lag1_tfe_direction_dummy,twoways
6,mp_abs_x_ph2m,contractionary,-1.8787893977754466,-7.219781272858123,3.4622024773072297,3.2470924996417647,0.013484248346499642,-0.025334062830374624,-0.09735332369062623,0.04668519802987698,2349,driscoll_kraay,cumulative,lag1_tfe_direction_dummy,twoways
7,mp_abs_x_ph2m,contractionary,0.3044328120947324,-3.523872334326043,4.132737958515508,2.3274442684094976,0.013484248346499642,0.004105047643108631,-0.04751676969741178,0.055726864983629054,2322,driscoll_kraay,cumulative,lag1_tfe_direction_dummy,twoways
8,mp_abs_x_ph2m,contractionary,-2.2350339477408108,-4.8290442268667695,0.35897633138514795,1.5770462712439826,0.013484248346499642,-0.030137752814194594,-0.06511603163130188,0.004840526002912689,2295,driscoll_kraay,cumulative,lag1_tfe_direction_dummy,twoways
9,mp_abs_x_ph2m,contractionary,0.6855194492045179,-2.7261447810874166,4.097183679496452,2.0741445769949896,0.013484248346499642,0.009243714499429366,-0.03676001325669663,0.055247442255555355,2268,driscoll_kraay,cumulative,lag1_tfe_direction_dummy,twoways
10,mp_abs_x_ph2m,contractionary,-1.1180322188697394,-7.0619262636684255,4.825861825928946,3.613630992695042,0.013484248346499642,-0.01507582409862761,-0.09522476754397337,0.06507311934671814,2241,driscoll_kraay,cumulative,lag1_tfe_direction_dummy,twoways
11,mp_abs_x_ph2m,contractionary,-2.7230263953404408,-6.17944410806288,0.7333913173819981,2.101352762390458,0.013484248346499642,-0.03671796416884422,-0.08332515899643385,0.009889230658745403,2214,driscoll_kraay,cumulative,lag1_tfe_direction_dummy,twoways
12,mp_abs_x_ph2m,contractionary,-2.5509136862616293,-5.620923569622732,0.5190961970994743,1.8664334826260371,0.013484248346499642,-0.03439715365603668,-0.0757939293494862,0.006999622037412839,2187,driscoll_kraay,cumulative,lag1_tfe_direction_dummy,twoways
13,mp_abs_x_ph2m,contractionary,-0.7762946880312863,-5.715685572199603,4.1630961961370305,3.0029364335128435,0.013484248346499642,-0.010467750363482329,-0.07707172372604436,0.05613622299907971,2160,driscoll_kraay,cumulative,lag1_tfe_direction_dummy,twoways
14,mp_abs_x_ph2m,contractionary,-3.191944554111281,-7.028577805767969,0.6446886975454067,2.3325073968845502,0.013484248346499642,-0.04304097307589358,-0.09477508865567082,0.008693142503883658,2133,driscoll_kraay,cumulative,lag1_tfe_direction_dummy,twoways
15,mp_abs_x_ph2m,contractionary,-4.9302795574508975,-7.187587130922241,-2.6729719839795543,1.3723455610180815,0.013484248346499642,-0.06648111397033825,-0.09691920988546034,-0.036043018055216175,2106,driscoll_kraay,cumulative,lag1_tfe_direction_dummy,twoways
16,mp_abs_x_ph2m,contractionary,-5.792858484557749,-10.012878521897001,-1.5728384472184986,2.5655900125049578,0.013484248346499642,-0.07811234244190425,-0.1350161406525914,-0.021208544231217104,2079,driscoll_kraay,cumulative,lag1_tfe_direction_dummy,twoways
17,mp_abs_x_ph2m,contractionary,-4.694682191995282,-9.280072572441938,-0.10929181154862633,2.7877194087750516,0.013484248346499642,-0.0633042605847537,-0.12513480324034687,-0.001473717929160515,2052,driscoll_kraay,cumulative,lag1_tfe_direction_dummy,twoways
18,mp_abs_x_ph2m,contractionary,-2.865528991662714,-6.190808162875793,0.45975017955036535,2.021626190152898,0.013484248346499642,-0.03863950456767474,-0.0834783947337544,0.006199385598404927,2025,driscoll_kraay,cumulative,lag1_tfe_direction_dummy,twoways
19,mp_abs_x_ph2m,contractionary,-2.758243502552754,-7.615625216325569,2.0991382112200605,2.953078398091481,0.013484248346499642,-0.03719284038854035,-0.10269098173079903,0.028305300953718318,1998,driscoll_kraay,cumulative,lag1_tfe_direction_dummy,twoways
20,mp_abs_x_ph2m,contractionary,-0.5233844457196345,-4.310264152692417,3.263495261253148,2.3022593894821424,0.013484248346499642,-0.007057445846778613,-0.058120672273919406,0.044005780580362176,1971,driscoll_kraay,cumulative,lag1_tfe_direction_dummy,twoways
21,mp_abs_x_ph2m,contractionary,-0.48512970818187773,-3.520165484637732,2.5499060682739767,1.8451707353929783,0.013484248346499642,-0.0065416094653893385,-0.04746678561563145,0.034383566684852776,1944,driscoll_kraay,cumulative,lag1_tfe_direction_dummy,twoways
22,mp_abs_x_ph2m,contractionary,-4.076704182286273,-9.694113863149132,1.5407054985765871,3.4151425931278876,0.013484248346499642,-0.054971291629161846,-0.13071783882994795,0.02077525557162425,1917,driscoll_kraay,cumulative,lag1_tfe_direction_dummy,twoways
23,mp_abs_x_ph2m,contractionary,-2.524325223595249,-6.441125382290319,1.3924749350998207,2.38124541571177,0.013484248346499642,-0.034038628222291575,-0.08685373428574511,0.018776477841161952,1890,driscoll_kraay,cumulative,lag1_tfe_direction_dummy,twoways
24,mp_abs_x_ph2m,contractionary,0.3334404524327216,-5.231324230217134,5.898205135082578,3.383136706798309,0.013484248346499642,0.004496193869372019,-0.07054047510130891,0.07953286284005295,1863,driscoll_kraay,cumulative,lag1_tfe_direction_dummy,twoways
25,mp_abs_x_ph2m,contractionary,-4.206674255771518,-8.496315478146856,0.08296696660381997,2.6079166875934403,0.013484248346499642,-0.05672384037764971,-0.11456642793754107,0.0011187471822416504,1836,driscoll_kraay,cumulative,lag1_tfe_direction_dummy,twoways
26,mp_abs_x_ph2m,contractionary,-5.84215170035083,-7.649997344960889,-4.034306055740771,1.0990921106826221,0.013484248346499642,-0.07877702440545575,-0.10315446404951552,-0.05439958476139599,1809,driscoll_kraay,cumulative,lag1_tfe_direction_dummy,twoways
27,mp_abs_x_ph2m,contractionary,-0.6232827561195796,-6.868088581655223,5.621523069416063,3.796572365596811,0.013484248346499642,-0.00840449947360718,-0.09261101210079752,0.07580201315358313,1782,driscoll_kraay,cumulative,lag1_tfe_direction_dummy,twoways
28,mp_abs_x_ph2m,contractionary,0.6035364438564597,-6.092966975432352,7.300039863145271,4.071185003677157,0.013484248346499642,0.00813823529512374,-0.08215907986375062,0.09843555045399809,1755,driscoll_kraay,cumulative,lag1_tfe_direction_dummy,twoways
29,mp_abs_x_ph2m,contractionary,-4.328581715944223,-7.008681343123962,-1.6484820887644833,1.6293848785481087,0.013484248346499642,-0.05836767084590947,-0.09450679981216219,-0.02222854187965676,1728,driscoll_kraay,cumulative,lag1_tfe_direction_dummy,twoways
30,mp_abs_x_ph2m,contractionary,-1.0338930632728982,-8.286479904429163,6.218693777883367,4.40925971911435,0.013484248346499642,-0.013941270828895028,-0.11173695294960145,0.0838544112918114,1701,driscoll_kraay,cumulative,lag1_tfe_direction_dummy,twoways
31,mp_abs_x_ph2m,contractionary,-0.893963458348749,-7.057958981102294,5.270032064404795,3.747443189931575,0.013484248346499642,-0.012054425285070221,-0.09517127172059091,0.07106242115045046,1674,driscoll_kraay,cumulative,lag1_tfe_direction_dummy,twoways
32,mp_abs_x_ph2m,contractionary,-2.57814493583584,-5.312137885361452,0.1558480136897722,1.6621496920627052,0.013484248346499642,-0.03476434658808085,-0.07163018649706326,0.0021014933209015643,1647,driscoll_kraay,cumulative,lag1_tfe_direction_dummy,twoways
33,mp_abs_x_ph2m,contractionary,-1.0515023771708452,-8.007544822987423,5.904540068645733,4.2289735280024425,0.013484248346499642,-0.014178719190706412,-0.10797572303888993,0.07961828465747711,1620,driscoll_kraay,cumulative,lag1_tfe_direction_dummy,twoways
34,mp_abs_x_ph2m,contractionary,-2.294219848262533,-8.005864374040968,3.4174246775159016,3.4724333108984577,0.013484248346499642,-0.030935830195440724,-0.10795306344796231,0.04608140305708087,1593,driscoll_kraay,cumulative,lag1_tfe_direction_dummy,twoways
35,mp_abs_x_ph2m,contractionary,-0.5920823133870661,-3.3706374164534556,2.1864727896793235,1.689241557752522,0.013484248346499642,-0.007983784955281228,-0.04545051200946233,0.029482942098899876,1566,driscoll_kraay,cumulative,lag1_tfe_direction_dummy,twoways
36,mp_abs_x_ph2m,contractionary,-2.461720039271615,-7.085640764765935,2.162200686222705,2.8111441952826968,0.013484248346499642,-0.03319444436909331,-0.09554453976618552,0.0291556510279989,1539,driscoll_kraay,cumulative,lag1_tfe_direction_dummy,twoways
37,mp_abs_x_ph2m,contractionary,1.3771999341355394,-3.8244558059672205,6.5788556742383,3.1623821444485443,0.013484248346499642,0.018570505934666564,-0.05156991187787445,0.08871092374720758,1512,driscoll_kraay,cumulative,lag1_tfe_direction_dummy,twoways
38,mp_abs_x_ph2m,contractionary,4.179360406061271,-2.481440401896755,10.840161214019297,4.049479357201515,0.013484248346499642,0.056355533644857764,-0.03346035863621373,0.14617142592592924,1485,driscoll_kraay,cumulative,lag1_tfe_direction_dummy,twoways
39,mp_abs_x_ph2m,contractionary,-0.6356945746253065,-6.053421696285391,4.782032547034778,3.2937442170469344,0.013484248346499642,-0.008571863516770082,-0.08162584149880135,0.06448211446526118,1458,driscoll_kraay,cumulative,lag1_tfe_direction_dummy,twoways
40,mp_abs_x_ph2m,contractionary,3.541470488809136,-2.9367529229981204,10.019693900616392,3.9384801818589934,0.013484248346499642,0.04775406758290188,-0.03959990574601539,0.13510804091181913,1431,driscoll_kraay,cumulative,lag1_tfe_direction_dummy,twoways
41,mp_abs_x_ph2m,contractionary,3.75208075701527,-4.674462656047314,12.178624170077853,5.122974637372517,0.013484248346499642,0.050593988743716276,-0.06303161534058033,0.16421959282801288,1404,driscoll_kraay,cumulative,lag1_tfe_direction_dummy,twoways
42,mp_abs_x_ph2m,contractionary,-0.8547511156729275,-4.966669894008807,3.257167662662952,2.4998691135555946,0.013484248346499642,-0.011525676318181396,-0.06697181030589781,0.043920457669535014,1377,driscoll_kraay,cumulative,lag1_tfe_direction_dummy,twoways
43,mp_abs_x_ph2m,contractionary,1.833190839652056,-5.8187895129305005,9.485171192234612,4.652073733007194,0.013484248346499642,0.024719200548396526,-0.07846200286836257,0.1279004039651556,1350,driscoll_kraay,cumulative,lag1_tfe_direction_dummy,twoways
44,mp_abs_x_ph2m,contractionary,0.5721821108495792,-6.846837270681783,7.991201492380941,4.510443519087821,0.013484248346499642,0.007715445682120113,-0.09232445414594295,0.10775534551018318,1323,driscoll_kraay,cumulative,lag1_tfe_direction_dummy,twoways
45,mp_abs_x_ph2m,contractionary,-5.257249322933472,-9.218780222533239,-1.295718423333705,2.408439775241256,0.013484248346499642,-0.07089005548990203,-0.12430832197243742,-0.017471789007366633,1296,driscoll_kraay,cumulative,lag1_tfe_direction_dummy,twoways
46,mp_abs_x_ph2m,contractionary,0.5636304587208261,-5.090161781784115,6.217422699225766,3.437261618824728,0.013484248346499642,0.007600133081043133,-0.06863700558943812,0.08383727175152438,1269,driscoll_kraay,cumulative,lag1_tfe_direction_dummy,twoways
47,mp_abs_x_ph2m,contractionary,1.233972203401956,-5.928615917082174,8.396560323886087,4.354544382018407,0.013484248346499642,0.016639187643349346,-0.07994292937694678,0.11322130466364547,1242,driscoll_kraay,cumulative,lag1_tfe_direction_dummy,twoways
48,mp_abs_x_ph2m,contractionary,-1.365964286265617,-5.701249867465371,2.969321294934138,2.635666487378977,0.013484248346499642,-0.01841900166845471,-0.07687706909835124,0.040039065761441825,1215,driscoll_kraay,cumulative,lag1_tfe_direction_dummy,twoways
0,mp_abs_x_wh2m,contractionary,0.017459478653484392,-6.609960698530568,6.644879655837537,4.029185374668954,0.015756301808010444,2.7509681507481587e-4,-0.10414853570513516,0.10469872933528479,2511,driscoll_kraay,cumulative,lag1_tfe_direction_dummy,twoways
1,mp_abs_x_wh2m,contractionary,7.305832547829055,5.172970538938701,9.438694556719408,1.2966880298299515,0.015756301808010444,0.11511290258238048,0.08150688505546462,0.14871892010929635,2484,driscoll_kraay,cumulative,lag1_tfe_direction_dummy,twoways
2,mp_abs_x_wh2m,contractionary,4.57861283496821,2.030768164418226,7.126457505518194,1.548979574110854,0.015756301808010444,0.07214200568978943,0.03199739610067294,0.11228661527890592,2457,driscoll_kraay,cumulative,lag1_tfe_direction_dummy,twoways
3,mp_abs_x_wh2m,contractionary,1.772334061016063,-5.461441755441837,9.006109877473962,4.397823428133718,0.015756301808010444,0.027925430369985883,-0.08605212460561194,0.1419029853455837,2430,driscoll_kraay,cumulative,lag1_tfe_direction_dummy,twoways
4,mp_abs_x_wh2m,contractionary,3.9783995622569392,0.8850188543904638,7.071780270123415,1.880641935051489,0.015756301808010444,0.06268486421577697,0.013944624175555797,0.11142510425599814,2403,driscoll_kraay,cumulative,lag1_tfe_direction_dummy,twoways
5,mp_abs_x_wh2m,contractionary,5.42278175356078,1.9842258085044104,8.861337698617149,2.0904935787078505,0.015756301808010444,0.08544298594807576,0.031264060694039024,0.13962191120211248,2376,driscoll_kraay,cumulative,lag1_tfe_direction_dummy,twoways
6,mp_abs_x_wh2m,contractionary,-2.4196612734930696,-8.099967599325943,3.2606450523398047,3.453381038141737,0.015756301808010444,-0.038124913298311705,-0.12762553413008537,0.051375707533461976,2349,driscoll_kraay,cumulative,lag1_tfe_direction_dummy,twoways
7,mp_abs_x_wh2m,contractionary,2.7280849822687516,-1.2770941064326422,6.7332640709701455,2.434975990006167,0.015756301808010444,0.04298453033852727,-0.020122280178184123,0.10609134085523866,2322,driscoll_kraay,cumulative,lag1_tfe_direction_dummy,twoways
8,mp_abs_x_wh2m,contractionary,10.797475897371926,7.0051267174430665,14.589825077300787,2.305584592932747,0.015756301808010444,0.17012828900371046,0.11037489076339045,0.22988168724403052,2295,driscoll_kraay,cumulative,lag1_tfe_direction_dummy,twoways
9,mp_abs_x_wh2m,contractionary,2.504475921234168,-2.1976717331288786,7.206623575597215,2.8587027911279157,0.015756301808010444,0.03946127848586054,-0.034627179102111993,0.11354973607383308,2268,driscoll_kraay,cumulative,lag1_tfe_direction_dummy,twoways
10,mp_abs_x_wh2m,contractionary,3.626692468745581,0.9688266147512512,6.28455832273991,1.6158677042408618,0.015756301808010444,0.05714326110239385,0.015265124541653777,0.09902139766313392,2241,driscoll_kraay,cumulative,lag1_tfe_direction_dummy,twoways
11,mp_abs_x_wh2m,contractionary,6.580235988875186,1.849520279897832,11.310951697852541,2.876070935105113,0.015756301808010444,0.10368018420864948,0.029141599730106195,0.1782187686871928,2214,driscoll_kraay,cumulative,lag1_tfe_direction_dummy,twoways
12,mp_abs_x_wh2m,contractionary,1.9185170685323334,-4.503140374170321,8.340174511234988,3.9040905144881406,0.015756301808010444,0.0302287339556149,-0.07095283881926465,0.13141030673049445,2187,driscoll_kraay,cumulative,lag1_tfe_direction_dummy,twoways
13,mp_abs_x_wh2m,contractionary,3.9644974405441142,-1.1186434254819217,9.04763830657015,3.090330217070436,0.015756301808010444,0.062465818190298006,-0.0176256834274398,0.1425573198080358,2160,driscoll_kraay,cumulative,lag1_tfe_direction_dummy,twoways
14,mp_abs_x_wh2m,contractionary,8.543460473988318,3.224209532600047,13.862711415376591,3.233874950470111,0.015756301808010444,0.1346133417129679,0.05080161848791063,0.2184250649380252,2133,driscoll_kraay,cumulative,lag1_tfe_direction_dummy,twoways
15,mp_abs_x_wh2m,contractionary,3.298628607449113,-2.1661088574761536,8.76336607237438,3.322324476405519,0.015756301808010444,0.05197418789150543,-0.03412986490739896,0.13807824069040983,2106,driscoll_kraay,cumulative,lag1_tfe_direction_dummy,twoways
16,mp_abs_x_wh2m,contractionary,7.546220139317287,2.651013655821118,12.441426622813456,2.976074225260284,0.015756301808010444,0.11890052202476979,0.04177017125827466,0.1960308727912649,2079,driscoll_kraay,cumulative,lag1_tfe_direction_dummy,twoways
17,mp_abs_x_wh2m,contractionary,3.1911582972097534,-4.292169165000697,10.674485759420204,4.549540056083806,0.015756301808010444,0.050280853247973566,-0.06762871277478716,0.1681904192707343,2052,driscoll_kraay,cumulative,lag1_tfe_direction_dummy,twoways
18,mp_abs_x_wh2m,contractionary,5.6800721014906195,1.5084307919435398,9.8517134110377,2.536177834424508,0.015756301808010444,0.08949693032234633,0.023767290814358622,0.15522656983033406,2025,driscoll_kraay,cumulative,lag1_tfe_direction_dummy,twoways
19,mp_abs_x_wh2m,contractionary,4.812370432132116,0.24304862353666312,9.38169224072757,2.7779504107390487,0.015756301808010444,0.07582516094061927,0.0038295474664651746,0.14782077441477337,1998,driscoll_kraay,cumulative,lag1_tfe_direction_dummy,twoways
20,mp_abs_x_wh2m,contractionary,1.4467733343455333,-2.638365777296809,5.531912445987876,2.483588232232939,0.015756301808010444,0.022795797303729826,-0.04157088746701459,0.08716248207447425,1971,driscoll_kraay,cumulative,lag1_tfe_direction_dummy,twoways
21,mp_abs_x_wh2m,contractionary,1.5590166471539753,-3.060267117634438,6.178300411942389,2.8083251233422346,0.015756301808010444,0.02456433681627056,-0.0482184923185784,0.09734716595111953,1944,driscoll_kraay,cumulative,lag1_tfe_direction_dummy,twoways
22,mp_abs_x_wh2m,contractionary,4.612440514014143,-0.38057669160201435,9.6054577196303,3.0355389220073543,0.015756301808010444,0.07267500481030166,-0.005996481213975452,0.15134649083457877,1917,driscoll_kraay,cumulative,lag1_tfe_direction_dummy,twoways
23,mp_abs_x_wh2m,contractionary,-2.250102369337259,-7.419954607709277,2.9197498690347587,3.1430469882926215,0.015756301808010444,-0.03545329203019724,-0.11691104420080511,0.046004460140410625,1890,driscoll_kraay,cumulative,lag1_tfe_direction_dummy,twoways
24,mp_abs_x_wh2m,contractionary,7.617758747378609,0.7913754940066227,14.444142000750595,4.15014633613559,0.015756301808010444,0.12002770592430895,0.012469151127031706,0.2275862607215862,1863,driscoll_kraay,cumulative,lag1_tfe_direction_dummy,twoways
25,mp_abs_x_wh2m,contractionary,3.6180639493514857,-3.525609992976082,10.761737891679054,4.343045378188129,0.015756301808010444,0.05700730754666422,-0.05555057510666873,0.1695651901999972,1836,driscoll_kraay,cumulative,lag1_tfe_direction_dummy,twoways
26,mp_abs_x_wh2m,contractionary,0.07720522574737822,-7.0025219828876555,7.156932434382412,4.30416852456131,0.015756301808010444,0.0012164688380312699,-0.11033384977960564,0.11276678745566819,1809,driscoll_kraay,cumulative,lag1_tfe_direction_dummy,twoways
27,mp_abs_x_wh2m,contractionary,5.928271262855049,-3.722988634339255,15.579531160049353,5.867549391055358,0.015756301808010444,0.09340763121729936,-0.058660532550441936,0.24547579498504066,1782,driscoll_kraay,cumulative,lag1_tfe_direction_dummy,twoways
28,mp_abs_x_wh2m,contractionary,-3.24289316096607,-11.954259389295242,5.468473067363103,5.296134613798183,0.015756301808010444,-0.05109600337531439,-0.18835491882897845,0.08616291207834968,1755,driscoll_kraay,cumulative,lag1_tfe_direction_dummy,twoways
29,mp_abs_x_wh2m,contractionary,5.801785462958066,1.9992466930607868,9.604324232855346,2.3117794237684266,0.015756301808010444,0.09141468277969489,0.031500734284532574,0.1513286312748572,1728,driscoll_kraay,cumulative,lag1_tfe_direction_dummy,twoways
30,mp_abs_x_wh2m,contractionary,10.937885092367907,4.080116760250596,17.795653424485216,4.169227109178898,0.015756301808010444,0.17234061865668693,0.06428755108643018,0.28039368622694366,1701,driscoll_kraay,cumulative,lag1_tfe_direction_dummy,twoways
31,mp_abs_x_wh2m,contractionary,3.4049103335881075,-3.7300113996136623,10.539832066789877,4.337724412855779,0.015756301808010444,0.05364879484522774,-0.058771185359632314,0.1660687750500878,1674,driscoll_kraay,cumulative,lag1_tfe_direction_dummy,twoways
32,mp_abs_x_wh2m,contractionary,8.029260937381448,3.6810306373935076,12.377491237369387,2.6435363176034303,0.015756301808010444,0.12651145862465094,0.057999429687305155,0.1950234875619967,1647,driscoll_kraay,cumulative,lag1_tfe_direction_dummy,twoways
33,mp_abs_x_wh2m,contractionary,10.038307458554884,0.9629135373137814,19.113701379795987,5.517447736709071,0.015756301808010444,0.15816660195859306,0.015171956308934866,0.30116124760825125,1620,driscoll_kraay,cumulative,lag1_tfe_direction_dummy,twoways
34,mp_abs_x_wh2m,contractionary,2.9181099417917413,-1.3810724314222704,7.2172923150057535,2.613717295430113,0.015756301808010444,0.04597862095182646,-0.0217605940482121,0.11371783595186503,1593,driscoll_kraay,cumulative,lag1_tfe_direction_dummy,twoways
35,mp_abs_x_wh2m,contractionary,8.477261692895812,5.033673091697087,11.920850294094539,2.093553216392259,0.015756301808010444,0.13357029373875196,0.07931207243564033,0.1878285150418636,1566,driscoll_kraay,cumulative,lag1_tfe_direction_dummy,twoways
36,mp_abs_x_wh2m,contractionary,10.002417319516047,3.6380132693698846,16.36682136966221,3.869282923333294,0.015756301808010444,0.15760110609596567,0.0573216350537387,0.2578805771381926,1539,driscoll_kraay,cumulative,lag1_tfe_direction_dummy,twoways
37,mp_abs_x_wh2m,contractionary,4.656198330601845,-1.1273331393595125,10.439729800563203,3.516137469739726,0.015756301808010444,0.07336446617491707,-0.017762601181920377,0.1644915335317545,1512,driscoll_kraay,cumulative,lag1_tfe_direction_dummy,twoways
38,mp_abs_x_wh2m,contractionary,6.346391729184249,1.8915832591666515,10.801200199201846,2.7083312442056147,0.015756301808010444,0.0999956634768883,0.029804356726409797,0.1701869702273668,1485,driscoll_kraay,cumulative,lag1_tfe_direction_dummy,twoways
39,mp_abs_x_wh2m,contractionary,13.118683097475436,7.492449597061692,18.74491659788918,3.420507094507404,0.015756301808010444,0.20670193020746827,0.11805329713261026,0.2953505632823263,1458,driscoll_kraay,cumulative,lag1_tfe_direction_dummy,twoways
40,mp_abs_x_wh2m,contractionary,2.9582411422005164,-3.505907395615437,9.422389680016469,3.929923266057683,0.015756301808010444,0.046610940257384874,-0.0552401350362527,0.14846201555102242,1431,driscoll_kraay,cumulative,lag1_tfe_direction_dummy,twoways
41,mp_abs_x_wh2m,contractionary,4.4667402873782605,-2.4359061506118262,11.369386725368347,4.196511060247513,0.015756301808010444,0.07037930806593118,-0.038380872485028875,0.17913948861689122,1404,driscoll_kraay,cumulative,lag1_tfe_direction_dummy,twoways
42,mp_abs_x_wh2m,contractionary,9.351599315235378,4.381718704153665,14.321479926317089,3.0214728712929655,0.015756301808010444,0.1473466211984324,0.06903968234044958,0.2256535600564152,1377,driscoll_kraay,cumulative,lag1_tfe_direction_dummy,twoways
43,mp_abs_x_wh2m,contractionary,6.839425523639285,0.28821142039767533,13.390639626880894,3.9828553713824717,0.015756301808010444,0.10776405274387044,0.0045411461243011495,0.21098695936343972,1350,driscoll_kraay,cumulative,lag1_tfe_direction_dummy,twoways
44,mp_abs_x_wh2m,contractionary,4.374545027524275,-2.8260248118458495,11.575114866894399,4.377635627502899,0.015756301808010444,0.06892665172640383,-0.04452769985236913,0.1823810033051768,1323,driscoll_kraay,cumulative,lag1_tfe_direction_dummy,twoways
45,mp_abs_x_wh2m,contractionary,10.902571878586784,8.270326018659956,13.534817738513611,1.6002918538139852,0.015756301808010444,0.17178421300254076,0.1303097528006477,0.21325867320443384,1296,driscoll_kraay,cumulative,lag1_tfe_direction_dummy,twoways
46,mp_abs_x_wh2m,contractionary,7.193133961433358,-0.6015700937126693,14.987838016579385,4.7388435830564,0.015756301808010444,0.11333718964179375,-0.009478519955209944,0.23615289923879743,1269,driscoll_kraay,cumulative,lag1_tfe_direction_dummy,twoways
47,mp_abs_x_wh2m,contractionary,8.080157672264965,2.2031971494692595,13.957118195060671,3.572938300709413,0.015756301808010444,0.12731340294051793,0.03471423922958595,0.2199125666514499,1242,driscoll_kraay,cumulative,lag1_tfe_direction_dummy,twoways
48,mp_abs_x_wh2m,contractionary,7.91825379524032,3.621492086154877,12.215015504325763,2.6122456361353854,0.015756301808010444,0.12476239659023061,0.057061322304777604,0.1924634708756836,1215,driscoll_kraay,cumulative,lag1_tfe_direction_dummy,twoways
0,mp_abs_x_ph2m,expansionary,-0.8051894743799778,-2.393846541278169,0.7834675925182134,0.9658349173856682,0.013484248346499642,-0.010857374838527131,-0.032279221266004035,0.010564471588949775,2511,driscoll_kraay,cumulative,lag1_individual_fe_direction_dummy,individual
1,mp_abs_x_ph2m,expansionary,-0.04110724699855497,-1.881073800333178,1.798859306336068,1.118620236588935,0.013484248346499642,-5.543003273694172e-4,-0.02536486628178645,0.024256265627047618,2484,driscoll_kraay,cumulative,lag1_individual_fe_direction_dummy,individual
2,mp_abs_x_ph2m,expansionary,-0.5023999484138455,-1.267130405780828,0.2623305089531368,0.464923106127269,0.013484248346499642,-0.006774485673680902,-0.01708630107894955,0.0035373297315877445,2457,driscoll_kraay,cumulative,lag1_individual_fe_direction_dummy,individual
3,mp_abs_x_ph2m,expansionary,-0.3273383884392717,-1.857133465102887,1.2024566882243435,0.9300493682826338,0.013484248346499642,-0.004413912123058107,-0.025042048856042755,0.01621422460992654,2430,driscoll_kraay,cumulative,lag1_individual_fe_direction_dummy,individual
4,mp_abs_x_ph2m,expansionary,0.17866595931430226,-1.2366682753417095,1.5940001939703141,0.8604621173977377,0.013484248346499642,0.0024091761664596528,-0.01667554214694501,0.021493894479864318,2403,driscoll_kraay,cumulative,lag1_individual_fe_direction_dummy,individual
5,mp_abs_x_ph2m,expansionary,-0.3314869031532589,-1.4220700769805732,0.7590962706740555,0.6630274912963365,0.013484248346499642,-0.004469851725730618,-0.01917554608413191,0.010235842632670678,2376,driscoll_kraay,cumulative,lag1_individual_fe_direction_dummy,individual
6,mp_abs_x_ph2m,expansionary,0.7095050832204464,-0.32842297765719874,1.7474331440980915,0.6310154556434993,0.013484248346499642,0.009567142745248395,-0.004428536993426571,0.02356282248392336,2349,driscoll_kraay,cumulative,lag1_individual_fe_direction_dummy,individual
7,mp_abs_x_ph2m,expansionary,-0.10617071725252841,-1.1592492684259272,0.9469078339208705,0.6402262997256157,0.013484248346499642,-0.0014316323185590873,-0.01563160503095323,0.012768340393835056,2322,driscoll_kraay,cumulative,lag1_individual_fe_direction_dummy,individual
8,mp_abs_x_ph2m,expansionary,-0.8544738798430408,-1.993745846298054,0.2847980866119725,0.6926281754118815,0.013484248346499642,-0.011521938001400656,-0.026884164131285065,0.0038402881284837517,2295,driscoll_kraay,cumulative,lag1_individual_fe_direction_dummy,individual
9,mp_abs_x_ph2m,expansionary,0.12263670826418925,-0.7238208924317882,0.9690943089601667,0.514609681266764,0.013484248346499642,0.001653663830631553,-0.009760180671935235,0.01306750833319834,2268,driscoll_kraay,cumulative,lag1_individual_fe_direction_dummy,individual
10,mp_abs_x_ph2m,expansionary,-0.7608720377772714,-2.027771392847967,0.5060273172934241,0.7702201182598438,0.013484248346499642,-0.010259787517295985,-0.027342973051089476,0.0068233980164975035,2241,driscoll_kraay,cumulative,lag1_individual_fe_direction_dummy,individual
11,mp_abs_x_ph2m,expansionary,-0.09810319957579715,-1.8951295377737198,1.6989231386221257,1.092514439432817,0.013484248346499642,-0.001322847906666267,-0.025554397336127913,0.02290870152279538,2214,driscoll_kraay,cumulative,lag1_individual_fe_direction_dummy,individual
12,mp_abs_x_ph2m,expansionary,0.1125586950616664,-0.6679938135002904,0.8931112036236232,0.4745422302461115,0.013484248346499642,0.0015177693977694326,-0.009007394475163282,0.012042933270702147,2187,driscoll_kraay,cumulative,lag1_individual_fe_direction_dummy,individual
13,mp_abs_x_ph2m,expansionary,0.28169877998978426,-1.2592297691432461,1.8226273291228148,0.9368180389333165,0.013484248346499642,0.003798496308288215,-0.016979766932432944,0.024576759549009373,2160,driscoll_kraay,cumulative,lag1_individual_fe_direction_dummy,individual
14,mp_abs_x_ph2m,expansionary,-0.586194329266418,-1.683677786869238,0.511289128336402,0.6672225659597851,0.013484248346499642,-0.007904389915138164,-0.0227031294136297,0.006894349583353373,2133,driscoll_kraay,cumulative,lag1_individual_fe_direction_dummy,individual
15,mp_abs_x_ph2m,expansionary,0.2586739688717348,-0.42388656903442606,0.9412345067778958,0.4149673422134228,0.013484248346499642,0.00348802403704119,-0.0057157917676058665,0.012691839841688247,2106,driscoll_kraay,cumulative,lag1_individual_fe_direction_dummy,individual
16,mp_abs_x_ph2m,expansionary,-0.05886516225772095,-1.2914978346979926,1.1737675101825507,0.7493874544477254,0.013484248346499642,-7.937524668401068e-4,-0.017414877542034274,0.01582737260835406,2079,driscoll_kraay,cumulative,lag1_individual_fe_direction_dummy,individual
17,mp_abs_x_ph2m,expansionary,-1.1133833237432451,-2.0650759851002003,-0.16169066238629004,0.5785880553522548,0.013484248346499642,-0.015013137242205129,-0.027845997437483495,-0.0021802770469267633,2052,driscoll_kraay,cumulative,lag1_individual_fe_direction_dummy,individual
18,mp_abs_x_ph2m,expansionary,-0.44618586541091043,-1.2013474132525253,0.3089756824307044,0.4591056222073762,0.013484248346499642,-0.006016481017898581,-0.016199266870721984,0.004166304834924825,2025,driscoll_kraay,cumulative,lag1_individual_fe_direction_dummy,individual
19,mp_abs_x_ph2m,expansionary,-0.23272638062169088,-1.032954991435517,0.5675022301921353,0.48650445103553003,0.013484248346499642,-0.0031381403130848816,-0.013928621635272921,0.00765234100910316,1998,driscoll_kraay,cumulative,lag1_individual_fe_direction_dummy,individual
20,mp_abs_x_ph2m,expansionary,-0.7877516565881671,-2.3166846788845628,0.7411813657082286,0.9295252764406035,0.013484248346499642,-0.010622238972801347,-0.03123875155061022,0.009994273605007528,1971,driscoll_kraay,cumulative,lag1_individual_fe_direction_dummy,individual
21,mp_abs_x_ph2m,expansionary,-0.807781494600698,-2.052223155867013,0.43666016666561736,0.7565668098824884,0.013484248346499642,-0.010892326282902471,-0.02767268669614805,0.005888034130343109,1944,driscoll_kraay,cumulative,lag1_individual_fe_direction_dummy,individual
22,mp_abs_x_ph2m,expansionary,-0.3475464949407072,-1.1790563412196493,0.48396335133823487,0.505522091847188,0.013484248346499642,-0.004686403249735978,-0.015898688519520972,0.006525882020049019,1917,driscoll_kraay,cumulative,lag1_individual_fe_direction_dummy,individual
23,mp_abs_x_ph2m,expansionary,-1.2711431475481978,-2.1902767138631947,-0.3520095812332008,0.5587935310806318,0.013484248346499642,-0.017140409885491138,-0.029534235157286454,-0.00474658461369582,1890,driscoll_kraay,cumulative,lag1_individual_fe_direction_dummy,individual
24,mp_abs_x_ph2m,expansionary,-0.9797722166586059,-3.0075794833954546,1.048035050078243,1.2328192816129988,0.013484248346499642,-0.013211491892425096,-0.04055494867594141,0.014131964891091217,1863,driscoll_kraay,cumulative,lag1_individual_fe_direction_dummy,individual
25,mp_abs_x_ph2m,expansionary,-0.8324822032418546,-2.1086836427795435,0.4437192362958342,0.7758753840625728,0.013484248346499642,-0.011225396772554358,-0.0284340139234409,0.005983220378332187,1836,driscoll_kraay,cumulative,lag1_individual_fe_direction_dummy,individual
26,mp_abs_x_ph2m,expansionary,-1.2096219299153677,-2.1626084958917065,-0.25663536393902897,0.5793746935054512,0.013484248346499642,-0.016310842508351003,-0.02916115003485382,-0.003460534981848185,1809,driscoll_kraay,cumulative,lag1_individual_fe_direction_dummy,individual
27,mp_abs_x_ph2m,expansionary,-2.2510327597460154,-4.335794190648182,-0.16627132884384954,1.267444954823128,0.013484248346499642,-0.030353484768521732,-0.058464925646010496,-0.0022420438910329766,1782,driscoll_kraay,cumulative,lag1_individual_fe_direction_dummy,individual
28,mp_abs_x_ph2m,expansionary,-1.5606877750355506,-2.6983031113008082,-0.4230724387702929,0.6916210157700683,0.013484248346499642,-0.02104470154992533,-0.036384589266912765,-0.005704813832937893,1755,driscoll_kraay,cumulative,lag1_individual_fe_direction_dummy,individual
29,mp_abs_x_ph2m,expansionary,-0.6716331727627499,-2.0410779248440303,0.6978115793185306,0.8325632929535337,0.013484248346499642,-0.009056468499280419,-0.027522401633155037,0.0094094646345942,1728,driscoll_kraay,cumulative,lag1_individual_fe_direction_dummy,individual
30,mp_abs_x_ph2m,expansionary,-2.982146848285993,-5.166780131129967,-0.7975135654420202,1.3281627295268301,0.013484248346499642,-0.040212008708019525,-0.06967014643991645,-0.010753870976122596,1701,driscoll_kraay,cumulative,lag1_individual_fe_direction_dummy,individual
31,mp_abs_x_ph2m,expansionary,-1.19204147270737,-2.4367020796743306,0.05261913425959075,0.7566999194170134,0.013484248346499642,-0.016073783257313352,-0.03285709598876083,7.095294741341293e-4,1674,driscoll_kraay,cumulative,lag1_individual_fe_direction_dummy,individual
32,mp_abs_x_ph2m,expansionary,-0.09233229399821637,-1.3672208994524553,1.1825563114560227,0.7750772376123729,0.013484248346499642,-0.0012450315826739678,-0.018435946152741522,0.01594588298739359,1647,driscoll_kraay,cumulative,lag1_individual_fe_direction_dummy,individual
33,mp_abs_x_ph2m,expansionary,-2.6392783046415764,-5.207849117821677,-0.07070749146147604,1.561580174122011,0.013484248346499642,-0.03558868411531556,-0.07022393085580657,-9.534373748245458e-4,1620,driscoll_kraay,cumulative,lag1_individual_fe_direction_dummy,individual
34,mp_abs_x_ph2m,expansionary,-1.0107992825006105,-2.388610380255958,0.36701181525473703,0.8376496699642183,0.013484248346499642,-0.013629868553701881,-0.03220861557039829,0.00494887846299452,1593,driscoll_kraay,cumulative,lag1_individual_fe_direction_dummy,individual
35,mp_abs_x_ph2m,expansionary,-0.20010961465697685,-1.2888208978717133,0.8886016685577595,0.6618894626098282,0.013484248346499642,-0.0026983277405570206,-0.017378781061060833,0.011982125579946792,1566,driscoll_kraay,cumulative,lag1_individual_fe_direction_dummy,individual
36,mp_abs_x_ph2m,expansionary,-1.9206994508359427,-5.747145907883186,1.9057470062113007,2.3263142655064564,0.013484248346499642,-0.025899188394057332,-0.07749594270546603,0.025697565917351374,1539,driscoll_kraay,cumulative,lag1_individual_fe_direction_dummy,individual
37,mp_abs_x_ph2m,expansionary,-1.311348037868085,-3.4966416467150543,0.8739455709788844,1.328564179231641,0.013484248346499642,-0.017682542611308277,-0.04714958434301926,0.011784499120402707,1512,driscoll_kraay,cumulative,lag1_individual_fe_direction_dummy,individual
38,mp_abs_x_ph2m,expansionary,0.8909331977084903,-1.1752794854237534,2.9571458808407343,1.2561681168929957,0.013484248346499642,0.01201356449804235,-0.015847760458000196,0.0398748894540849,1485,driscoll_kraay,cumulative,lag1_individual_fe_direction_dummy,individual
39,mp_abs_x_ph2m,expansionary,-2.105836769827512,-5.4529558518644405,1.2412823122094165,2.034903913146601,0.013484248346499642,-0.028395625981544777,-0.07352901092903863,0.016737758965949076,1458,driscoll_kraay,cumulative,lag1_individual_fe_direction_dummy,individual
40,mp_abs_x_ph2m,expansionary,0.27034998520787445,-0.5301237875721875,1.0708237579879363,0.48665349892782794,0.013484248346499642,0.003645466341015484,-0.007148320806010397,0.014439253488041363,1431,driscoll_kraay,cumulative,lag1_individual_fe_direction_dummy,individual
41,mp_abs_x_ph2m,expansionary,1.3278991517849925,-1.9290361490548293,4.584834452624815,1.9800760672401838,0.013484248346499642,0.017905721941775064,-0.02601160250323062,0.06182304638678075,1404,driscoll_kraay,cumulative,lag1_individual_fe_direction_dummy,individual
42,mp_abs_x_ph2m,expansionary,1.188558830560077,-1.9419206119006087,4.319038273020762,1.9031963642033203,0.013484248346499642,0.016026822445697267,-0.026185339800054358,0.058238984691448885,1377,driscoll_kraay,cumulative,lag1_individual_fe_direction_dummy,individual
43,mp_abs_x_ph2m,expansionary,0.03133037082348542,-1.6755751584945655,1.7382359001415362,1.037724877976884,0.013484248346499642,4.2246650097180395e-4,-0.02259387156036622,0.023438804562309828,1350,driscoll_kraay,cumulative,lag1_individual_fe_direction_dummy,individual
44,mp_abs_x_ph2m,expansionary,3.2594343213208403,0.7585673660862251,5.760301276555456,1.5204191511372698,0.013484248346499642,0.043951021857794724,0.01022871075185677,0.07767333296373269,1323,driscoll_kraay,cumulative,lag1_individual_fe_direction_dummy,individual
45,mp_abs_x_ph2m,expansionary,-0.6710411223893986,-4.518116914264459,3.176034669485662,2.3388560105528233,0.013484248346499642,-0.009048485145012513,-0.060923410530462595,0.04282644024043757,1296,driscoll_kraay,cumulative,lag1_individual_fe_direction_dummy,individual
46,mp_abs_x_ph2m,expansionary,3.500943112298484,-0.43428186001403946,7.436168084611008,2.3924469070272028,0.013484248346499642,0.04720758637320015,-0.005855964452809101,0.1002711371992094,1269,driscoll_kraay,cumulative,lag1_individual_fe_direction_dummy,individual
47,mp_abs_x_ph2m,expansionary,3.253479629218814,2.417201837080979,4.089757421356649,0.5084207971062873,0.013484248346499642,0.04387072731066406,0.03259414987481509,0.05514730474651303,1242,driscoll_kraay,cumulative,lag1_individual_fe_direction_dummy,individual
48,mp_abs_x_ph2m,expansionary,-2.1368456341129005,-6.4671584335478585,2.193467165322058,2.6326432507314625,0.013484248346499642,-0.02881375720851186,-0.08720477041411892,0.029577255997095216,1215,driscoll_kraay,cumulative,lag1_individual_fe_direction_dummy,individual
0,mp_abs_x_wh2m,expansionary,0.44675307197118624,-0.8370840312648573,1.73059017520723,0.7805175379741682,0.015756301808010444,0.007039176235633822,-0.013189348635275142,0.027267701106542787,2511,driscoll_kraay,cumulative,lag1_individual_fe_direction_dummy,individual
1,mp_abs_x_wh2m,expansionary,0.04395247882931837,-1.4147313058523743,1.502636263511011,0.8868167724961514,0.015756301808010444,6.925285216449297e-4,-0.02229093343225074,0.0236759904755406,2484,driscoll_kraay,cumulative,lag1_individual_fe_direction_dummy,individual
2,mp_abs_x_wh2m,expansionary,0.5862475393448661,-0.07302640177259434,1.2455214804623265,0.4008100966037576,0.015756301808010444,0.009237093164121187,-0.0011506260262820252,0.019624812354524398,2457,driscoll_kraay,cumulative,lag1_individual_fe_direction_dummy,individual
3,mp_abs_x_wh2m,expansionary,0.11520984019964055,-1.1444497412770966,1.374869421676378,0.7658186484419025,0.015756301808010444,0.0018152810134381906,-0.0180322955276614,0.021662857554537788,2430,driscoll_kraay,cumulative,lag1_individual_fe_direction_dummy,individual
4,mp_abs_x_wh2m,expansionary,0.05229626912006458,-1.0331529452067638,1.137745483446893,0.6599062655432577,0.015756301808010444,8.239957996886743e-4,-0.016278669618512646,0.017926661217889994,2403,driscoll_kraay,cumulative,lag1_individual_fe_direction_dummy,individual
5,mp_abs_x_wh2m,expansionary,0.31742089006171015,-0.5759424130414356,1.210784193164856,0.54312632350082235,0.015756301808010444,0.005001379343979608,-0.009074722483914669,0.019077481171873887,2376,driscoll_kraay,cumulative,lag1_individual_fe_direction_dummy,individual
6,mp_abs_x_wh2m,expansionary,-0.6466839669009388,-1.4269073380634851,0.13353940426160749,0.4743421289155022,0.015756301808010444,-0.010189347756892628,-0.02248278267059306,0.0021040871568078034,2349,driscoll_kraay,cumulative,lag1_individual_fe_direction_dummy,individual
7,mp_abs_x_wh2m,expansionary,0.17291127989382057,-0.6775582182607497,1.0233807780483908,0.5170487417356449,0.015756301808010444,0.002724442312016405,-0.010675811779414185,0.016124696403446995,2322,driscoll_kraay,cumulative,lag1_individual_fe_direction_dummy,individual
8,mp_abs_x_wh2m,expansionary,0.7485679111134294,-0.17683825156858735,1.673974073795446,0.5626069988957864,0.015756301808010444,0.011794661931295128,-0.0027863168629155386,0.026375640725505793,2295,driscoll_kraay,cumulative,lag1_individual_fe_direction_dummy,individual
9,mp_abs_x_wh2m,expansionary,-0.17581717406271327,-0.8124527785484326,0.4608184304230061,0.3870469651853722,0.015756301808010444,-0.002770228457563616,-0.012801251183565777,0.007260794268438546,2268,driscoll_kraay,cumulative,lag1_individual_fe_direction_dummy,individual
10,mp_abs_x_wh2m,expansionary,0.6915120807735929,-0.32928581700922555,1.7123099785564113,0.6206010559582363,0.015756301808010444,0.010895673048554027,-0.005188326713894657,0.02697967281100271,2241,driscoll_kraay,cumulative,lag1_individual_fe_direction_dummy,individual
11,mp_abs_x_wh2m,expansionary,0.16904440268941287,-1.1727320708197526,1.5108208761985784,0.8157421739683784,0.015756301808010444,0.0026635146277292415,-0.0184779204477691,0.023804949703227583,2214,driscoll_kraay,cumulative,lag1_individual_fe_direction_dummy,individual
12,mp_abs_x_wh2m,expansionary,-0.10886826846722976,-0.7326695509823826,0.5149330140479231,0.37924425146041096,0.015756301808010444,-0.0017153612952851786,-0.011544162570817916,0.008113439980247559,2187,driscoll_kraay,cumulative,lag1_individual_fe_direction_dummy,individual
13,mp_abs_x_wh2m,expansionary,-0.07761044596360521,-1.307974674090844,1.1527537821636338,0.7480083382298056,0.015756301808010444,-0.0012228536100568495,-0.020608843722209436,0.01816313650209574,2160,driscoll_kraay,cumulative,lag1_individual_fe_direction_dummy,individual
14,mp_abs_x_wh2m,expansionary,0.5534334091359042,-0.4624784527700482,1.5693452710418567,0.6176305570659297,0.015756301808010444,0.00872006382498143,-0.007286950081546582,0.024727077731509447,2133,driscoll_kraay,cumulative,lag1_individual_fe_direction_dummy,individual
15,mp_abs_x_wh2m,expansionary,-0.22377870054239013,-0.7693295358593424,0.3217721347745621,0.3316713574861137,0.015756301808010444,-0.003525924743950289,-0.012121788356816392,0.005069938868915813,2106,driscoll_kraay,cumulative,lag1_individual_fe_direction_dummy,individual
16,mp_abs_x_wh2m,expansionary,0.23597194002120597,-0.7094607163285036,1.1814045963709154,0.574782242540298,0.015756301808010444,0.0037180451051958595,-0.011178477167399186,0.018614567377790905,2079,driscoll_kraay,cumulative,lag1_individual_fe_direction_dummy,individual
17,mp_abs_x_wh2m,expansionary,1.0199293283334911,0.16956724514951582,1.8702914115174665,0.5169834380704221,0.015756301808010444,0.016070314320063863,0.002671752691328666,0.029468875948799062,2052,driscoll_kraay,cumulative,lag1_individual_fe_direction_dummy,individual
18,mp_abs_x_wh2m,expansionary,0.34830620683130764,-0.23971716734514348,0.9363295810077588,0.35749282765438417,0.015756301808010444,0.0054880177164373925,-0.0037770560372514263,0.01475309147012621,2025,driscoll_kraay,cumulative,lag1_individual_fe_direction_dummy,individual
19,mp_abs_x_wh2m,expansionary,0.29932006625063007,-0.3634929370453122,0.9621330695465724,0.40296169363372625,0.015756301808010444,0.004716177301038608,-0.005727304421166079,0.015159659023243297,1998,driscoll_kraay,cumulative,lag1_individual_fe_direction_dummy,individual
20,mp_abs_x_wh2m,expansionary,0.830417070582786,-0.4788890772252874,2.139723218390859,0.796001617623999,0.015756301808010444,0.013084301990626287,-0.007545520833321249,0.03371412481457382,1971,driscoll_kraay,cumulative,lag1_individual_fe_direction_dummy,individual
21,mp_abs_x_wh2m,expansionary,0.625905889396075,-0.3836373090291799,1.6354490878213301,0.6137586845926929,0.015756301808010444,0.009861962096735762,-0.006044705225876729,0.025768629419348255,1944,driscoll_kraay,cumulative,lag1_individual_fe_direction_dummy,individual
22,mp_abs_x_wh2m,expansionary,0.3788227558099391,-0.24744244839040636,1.0050879600102847,0.38074220948221943,0.015756301808010444,0.005968845672283642,-0.0038987778969522906,0.015836469241519577,1917,driscoll_kraay,cumulative,lag1_individual_fe_direction_dummy,individual
23,mp_abs_x_wh2m,expansionary,1.3298463210711338,0.496946755187868,2.1627458869543994,0.5063669813750782,0.015756301808010444,0.02095345999306914,0.007830043057251528,0.03407687692888675,1890,driscoll_kraay,cumulative,lag1_individual_fe_direction_dummy,individual
24,mp_abs_x_wh2m,expansionary,0.7940163406721735,-0.862789627350581,2.450822308694928,1.007266507411626,0.015756301808010444,0.012510761104122805,-0.013594373765356615,0.038615895973602224,1863,driscoll_kraay,cumulative,lag1_individual_fe_direction_dummy,individual
25,mp_abs_x_wh2m,expansionary,0.7499215519234649,-0.27048979880903457,1.7703329026559644,0.6203660520381399,0.015756301808010444,0.011815990304437687,-0.004261918906023172,0.02789389951489855,1836,driscoll_kraay,cumulative,lag1_individual_fe_direction_dummy,individual
26,mp_abs_x_wh2m,expansionary,1.233281588564656,0.23818640337407637,2.228376773755236,0.6049749162391204,0.015756301808010444,0.01943195692368728,0.0037529368581264645,0.0351109769892481,1809,driscoll_kraay,cumulative,lag1_individual_fe_direction_dummy,individual
27,mp_abs_x_wh2m,expansionary,1.8760693332011282,0.14180286865199299,3.6103357977502633,1.054359145478117,0.015756301808010444,0.029559914626669886,0.0022342887957224646,0.056885540457617303,1782,driscoll_kraay,cumulative,lag1_individual_fe_direction_dummy,individual
28,mp_abs_x_wh2m,expansionary,1.205636101311304,0.2510496527499815,2.1602225498726266,0.5803473530532489,0.015756301808010444,0.018996366282893962,0.003955614097524927,0.034037118468262996,1755,driscoll_kraay,cumulative,lag1_individual_fe_direction_dummy,individual
29,mp_abs_x_wh2m,expansionary,0.7582832004722891,-0.47995912033238286,1.9965255212769613,0.7527978784954853,0.015756301808010444,0.011947738962585474,-0.007562380755464226,0.03145785868063518,1728,driscoll_kraay,cumulative,lag1_individual_fe_direction_dummy,individual
30,mp_abs_x_wh2m,expansionary,2.5383836663148696,0.5843717209588066,4.492395611670933,1.1879549118164257,0.015756301808010444,0.039995539150981155,0.00920753720349342,0.0707835410984689,1701,driscoll_kraay,cumulative,lag1_individual_fe_direction_dummy,individual
31,mp_abs_x_wh2m,expansionary,0.832569284292048,-0.3008581395862149,1.965996708170311,0.6890749458229468,0.015756301808010444,0.013118212919384756,-0.004740411648716936,0.03097683748748645,1674,driscoll_kraay,cumulative,lag1_individual_fe_direction_dummy,individual
32,mp_abs_x_wh2m,expansionary,0.22929208507552196,-0.9705075270108368,1.4290916971618808,0.7294263710929926,0.015756301808010444,0.003612795294637931,-0.015291609502528591,0.022517200091804454,1647,driscoll_kraay,cumulative,lag1_individual_fe_direction_dummy,individual
33,mp_abs_x_wh2m,expansionary,2.4436963330390262,-0.006023573912594671,4.893416239990647,1.489323953701502,0.015756301808010444,0.0385036169504913,-9.490924852969995e-5,0.0771021431495123,1620,driscoll_kraay,cumulative,lag1_individual_fe_direction_dummy,individual
34,mp_abs_x_wh2m,expansionary,0.535459835321918,-0.6202632948390643,1.6911829654829003,0.7026297727798243,0.015756301808010444,0.008436866771399711,-0.009773055673915263,0.026646789216714685,1593,driscoll_kraay,cumulative,lag1_individual_fe_direction_dummy,individual
35,mp_abs_x_wh2m,expansionary,0.3462766071511809,-0.6650491835160888,1.3576023978184506,0.6148424237247385,0.015756301808010444,0.005456038731327874,-0.01047871565265042,0.021390793115306166,1566,driscoll_kraay,cumulative,lag1_individual_fe_direction_dummy,individual
36,mp_abs_x_wh2m,expansionary,1.4762116990022691,-1.6923070412277594,4.644730439232298,1.9263226151633188,0.015756301808010444,0.02325963706199562,-0.02666450049340575,0.07318377461739699,1539,driscoll_kraay,cumulative,lag1_individual_fe_direction_dummy,individual
37,mp_abs_x_wh2m,expansionary,0.9131061932838727,-0.7946183586812448,2.6208307452489903,1.0382228083906586,0.015756301808010444,0.014387176764144216,-0.012520246681567588,0.04129460020985602,1512,driscoll_kraay,cumulative,lag1_individual_fe_direction_dummy,individual
38,mp_abs_x_wh2m,expansionary,-0.60488901008302,-2.216621668923648,1.0068436487576078,0.9798638811574807,0.015756301808010444,-0.009530813803216735,-0.0349257600097368,0.015864132403303328,1485,driscoll_kraay,cumulative,lag1_individual_fe_direction_dummy,individual
39,mp_abs_x_wh2m,expansionary,1.872981111499243,-1.2053128342887733,4.951275057287259,1.8714698349744623,0.015756301808010444,0.02951125567348493,-0.01899127279012239,0.07801378413709226,1458,driscoll_kraay,cumulative,lag1_individual_fe_direction_dummy,individual
40,mp_abs_x_wh2m,expansionary,-0.5779811734165609,-1.2341079673071453,0.07814562047402374,0.3988967669461463,0.015756301808010444,-0.009106845807699356,-0.019444977596561667,0.001231285981162958,1431,driscoll_kraay,cumulative,lag1_individual_fe_direction_dummy,individual
41,mp_abs_x_wh2m,expansionary,-1.1712438187099754,-3.8421338756254464,1.4996462382054956,1.6237858573869752,0.015756301808010444,-0.01845447109836104,-0.0605378209311354,0.02362887873441331,1404,driscoll_kraay,cumulative,lag1_individual_fe_direction_dummy,individual
42,mp_abs_x_wh2m,expansionary,-1.3091283602341628,-3.75676552117215,1.1385088007038244,1.4880577340333763,0.015756301808010444,-0.020627021549275287,-0.05919273137351604,0.017938688274965472,1377,driscoll_kraay,cumulative,lag1_individual_fe_direction_dummy,individual
43,mp_abs_x_wh2m,expansionary,-0.3477893032490809,-1.6399954835395971,0.9444168770414354,0.785605575546231,0.015756301808010444,-0.005479873227590186,-0.025840263802423914,0.014880517347243546,1350,driscoll_kraay,cumulative,lag1_individual_fe_direction_dummy,individual
44,mp_abs_x_wh2m,expansionary,-2.478479537699307,-4.551071985806056,-0.4058870895925586,1.260046738595237,0.015756301808010444,-0.03905167162096848,-0.07170806375834164,-0.006395279483595328,1323,driscoll_kraay,cumulative,lag1_individual_fe_direction_dummy,individual
45,mp_abs_x_wh2m,expansionary,0.33775404558826494,-2.821837579268148,3.497345670444678,1.9208953143826646,0.015756301808010444,0.00532175467916522,-0.044461724552134534,0.05510523391046498,1296,driscoll_kraay,cumulative,lag1_individual_fe_direction_dummy,individual
46,mp_abs_x_wh2m,expansionary,-3.111008234596689,-5.9640701131958895,-0.2579463559974893,1.7345384609614107,0.015756301808010444,-0.049017984671511194,-0.09397168870764945,-0.004064280635372946,1269,driscoll_kraay,cumulative,lag1_individual_fe_direction_dummy,individual
47,mp_abs_x_wh2m,expansionary,-2.212695584568751,-2.8098075189152913,-1.6155836502222103,0.3630182799020312,0.015756301808010444,-0.034863899439717336,-0.044272175290446344,-0.025455623588988324,1242,driscoll_kraay,cumulative,lag1_individual_fe_direction_dummy,individual
48,mp_abs_x_wh2m,expansionary,1.6965892338168178,-1.9782962121897287,5.371474679823365,2.23417171339281,0.015756301808010444,0.02673197201223898,-0.031170632184905234,0.08463457620938321,1215,driscoll_kraay,cumulative,lag1_individual_fe_direction_dummy,individual
0,mp_abs_x_ph2m,contractionary,1.5545738545886347,-5.662987718478162,8.772135427655432,4.387965868089816,0.013484248346499642,0.020962259928248374,-0.07636113277913693,0.11828565263563369,2511,driscoll_kraay,cumulative,lag1_individual_fe_direction_dummy,individual
1,mp_abs_x_ph2m,contractionary,-4.089017212592058,-6.852546103289757,-1.3254883218943583,1.6801062692852198,0.013484248346499642,-0.055137323587703034,-0.09240143346259748,-0.017873213712808585,2484,driscoll_kraay,cumulative,lag1_individual_fe_direction_dummy,individual
2,mp_abs_x_ph2m,contractionary,-3.239876376618922,-6.389337097046541,-0.09041565619130365,1.9147361618217338,0.013484248346499642,-0.04368729767428695,-0.08615540818607864,-0.0012191871624952664,2457,driscoll_kraay,cumulative,lag1_individual_fe_direction_dummy,individual
3,mp_abs_x_ph2m,contractionary,2.4678981673935327,-4.154402676226983,9.090199011014048,4.0260730408541665,0.013484248346499642,0.03327775178300574,-0.05601899741760739,0.12257450098361887,2430,driscoll_kraay,cumulative,lag1_individual_fe_direction_dummy,individual
4,mp_abs_x_ph2m,contractionary,-0.45126778495174746,-3.6024538017515475,2.699918231848052,1.915785067538274,0.013484248346499642,-0.006085006883064157,-0.04857638171960965,0.03640636795348134,2403,driscoll_kraay,cumulative,lag1_individual_fe_direction_dummy,individual
5,mp_abs_x_ph2m,contractionary,-2.5941191501203016,-4.958104896507598,-0.23013340373300606,1.4372012850581997,0.013484248346499642,-0.03497974686063273,-0.06685631775250435,-0.0031031759687611214,2376,driscoll_kraay,cumulative,lag1_individual_fe_direction_dummy,individual
6,mp_abs_x_ph2m,contractionary,1.9890486039329127,-3.344610465019623,7.322707672885449,3.2426344700578613,0.013484248346499642,0.0268208253486898,-0.045099558132626255,0.09874120883000585,2349,driscoll_kraay,cumulative,lag1_individual_fe_direction_dummy,individual
7,mp_abs_x_ph2m,contractionary,-0.36986468511989673,-4.0434149547809755,3.303685584541182,2.2333599838117753,0.013484248346499642,-0.004987347268756578,-0.054522411418217294,0.044547716880704136,2322,driscoll_kraay,cumulative,lag1_individual_fe_direction_dummy,individual
8,mp_abs_x_ph2m,contractionary,-6.515210978029184,-9.669504544168428,-3.36091741188994,1.9176743233896918,0.013484248346499642,-0.08785272285758633,-0.1303860006611739,-0.045319445053998784,2295,driscoll_kraay,cumulative,lag1_individual_fe_direction_dummy,individual
9,mp_abs_x_ph2m,contractionary,0.319412482612355,-3.209753002692584,3.8485779679172945,2.145580267738353,0.013484248346499642,0.004307037240516994,-0.04328110661922974,0.05189518110026373,2268,driscoll_kraay,cumulative,lag1_individual_fe_direction_dummy,individual
10,mp_abs_x_ph2m,contractionary,-2.394402370370413,-5.857236390201731,1.0684316494609054,2.1052536001329454,0.013484248346499642,-0.03228671620352207,-0.07898043010963522,0.0144069977025911,2241,driscoll_kraay,cumulative,lag1_individual_fe_direction_dummy,individual
11,mp_abs_x_ph2m,contractionary,-4.480975068885605,-8.128256608587337,-0.8336935291838716,2.217389729967346,0.013484248346499642,-0.060422580663326834,-0.10960343073426859,-0.011241730592385072,2214,driscoll_kraay,cumulative,lag1_individual_fe_direction_dummy,individual
12,mp_abs_x_ph2m,contractionary,-1.8262579267230519,-6.337451726311516,2.6849358728654122,2.7426110905378205,0.013484248346499642,-0.024625715428697178,-0.08545577296153736,0.03620434210414301,2187,driscoll_kraay,cumulative,lag1_individual_fe_direction_dummy,individual
13,mp_abs_x_ph2m,contractionary,-3.0104065649420106,-5.372305401706826,-0.6485077281771954,1.4359325340956304,0.013484248346499642,-0.04059306974561098,-0.07244150022985636,-0.008744639261365586,2160,driscoll_kraay,cumulative,lag1_individual_fe_direction_dummy,individual
14,mp_abs_x_ph2m,contractionary,-6.029584811041513,-8.619206282323358,-3.439963339759669,1.574378065531205,0.013484248346499642,-0.08130441901836588,-0.11622351806055807,-0.046385319976173706,2133,driscoll_kraay,cumulative,lag1_individual_fe_direction_dummy,individual
15,mp_abs_x_ph2m,contractionary,-4.756416313804194,-8.118390327001094,-1.394442300607293,2.043935070032885,0.013484248346499642,-0.06413669881467812,-0.1094703913431032,-0.01880300628625305,2106,driscoll_kraay,cumulative,lag1_individual_fe_direction_dummy,individual
16,mp_abs_x_ph2m,contractionary,-7.758670246005543,-10.941261281568618,-4.576079210442467,1.9348779632517248,0.013484248346499642,-0.1046198364357362,-0.1475346843446122,-0.061704988526860224,2079,driscoll_kraay,cumulative,lag1_individual_fe_direction_dummy,individual
17,mp_abs_x_ph2m,contractionary,-4.311828836972833,-10.137343652082592,1.5136859781369258,3.541661531249206,0.013484248346499642,-0.05814177086534039,-0.13669445937849334,0.020410917647812537,2052,driscoll_kraay,cumulative,lag1_individual_fe_direction_dummy,individual
18,mp_abs_x_ph2m,contractionary,-5.318406871244502,-9.017349174125682,-1.6194645683633215,2.248797243884067,0.013484248346499642,-0.07171471905959101,-0.12159217569101415,-0.021837262428167876,2025,driscoll_kraay,cumulative,lag1_individual_fe_direction_dummy,individual
19,mp_abs_x_ph2m,contractionary,-4.752455156770367,-8.129569909320912,-1.375340404219822,2.0531399859631283,0.013484248346499642,-0.06408328558949451,-0.10962113960751375,-0.018545431571475285,1998,driscoll_kraay,cumulative,lag1_individual_fe_direction_dummy,individual
20,mp_abs_x_ph2m,contractionary,-1.2428139694297609,-4.861682705911596,2.3760547670520737,2.200115972136044,0.013484248346499642,-0.016758412212289908,-0.06555613698839434,0.032039312563814516,1971,driscoll_kraay,cumulative,lag1_individual_fe_direction_dummy,individual
21,mp_abs_x_ph2m,contractionary,-1.951188081890189,-6.634804176430436,2.7324280126500584,2.847436402727663,0.013484248346499642,-0.026310304666937588,-0.08946534724538104,0.03684473791150585,1944,driscoll_kraay,cumulative,lag1_individual_fe_direction_dummy,individual
22,mp_abs_x_ph2m,contractionary,-5.64089033851829,-9.84677172275336,-1.4350089542832203,2.55699432175624,0.013484248346499642,-0.07606316621995106,-0.13277631532089643,-0.019350017119005695,1917,driscoll_kraay,cumulative,lag1_individual_fe_direction_dummy,individual
23,mp_abs_x_ph2m,contractionary,0.13913691811577314,-3.7422217636374597,4.020495599869006,2.359698527671937,0.013484248346499642,0.00187615675803967,-0.05046104762856339,0.05421336114464274,1890,driscoll_kraay,cumulative,lag1_individual_fe_direction_dummy,individual
24,mp_abs_x_ph2m,contractionary,-4.950567102967556,-11.727157291334631,1.8260230853995205,4.119874302084028,0.013484248346499642,-0.06675467627242579,-0.15813190131482022,0.02462254876996866,1863,driscoll_kraay,cumulative,lag1_individual_fe_direction_dummy,individual
25,mp_abs_x_ph2m,contractionary,-4.322405807044819,-9.631453398914225,0.9866417848245863,3.227671754421732,0.013484248346499642,-0.058284393356544555,-0.1298729095686975,0.013304122855608384,1836,driscoll_kraay,cumulative,lag1_individual_fe_direction_dummy,individual
26,mp_abs_x_ph2m,contractionary,-2.8877262171709437,-6.96427305917906,1.1888206248371724,2.4783645032071826,0.013484248346499642,-0.03893881746903097,-0.09390798748280725,0.016030352544745313,1809,driscoll_kraay,cumulative,lag1_individual_fe_direction_dummy,individual
27,mp_abs_x_ph2m,contractionary,-5.035850431133106,-13.016141502975469,2.9444406407092556,4.851672477771061,0.013484248346499642,-0.0679046578492261,-0.17551288453930233,0.03970356884085013,1782,driscoll_kraay,cumulative,lag1_individual_fe_direction_dummy,individual
28,mp_abs_x_ph2m,contractionary,2.242142464034583,-5.466427812042484,9.95071274011165,4.686477963613047,0.013484248346499642,0.03023360581327496,-0.07371067018579353,0.13417788181234344,1755,driscoll_kraay,cumulative,lag1_individual_fe_direction_dummy,individual
29,mp_abs_x_ph2m,contractionary,-4.0517775305919255,-6.387975268931359,-1.715579792252492,1.4203073757202826,0.013484248346499642,-0.05463517446726857,-0.08613704495756828,-0.023133303976968864,1728,driscoll_kraay,cumulative,lag1_individual_fe_direction_dummy,individual
30,mp_abs_x_ph2m,contractionary,-7.408568338327446,-13.828448578629708,-0.9886880980251851,3.903010052147131,0.013484248346499642,-0.09989897536602146,-0.18646623488104297,-0.013331715850999978,1701,driscoll_kraay,cumulative,lag1_individual_fe_direction_dummy,individual
31,mp_abs_x_ph2m,contractionary,-1.5477853995498383,-7.273326053652362,4.177755254552686,3.48088155705021,0.013484248346499642,-0.020870722714616194,-0.09807533481251463,0.056333889383282244,1674,driscoll_kraay,cumulative,lag1_individual_fe_direction_dummy,individual
32,mp_abs_x_ph2m,contractionary,-4.334240625697139,-7.927561758610895,-0.7409194927833829,2.184584132007857,0.013484248346499642,-0.05844397699038822,-0.10689721153532275,-0.009990742445453685,1647,driscoll_kraay,cumulative,lag1_individual_fe_direction_dummy,individual
33,mp_abs_x_ph2m,contractionary,-6.462524732799778,-14.044399051425678,1.1193495858261207,4.609452290705007,0.013484248346499642,-0.08714228844246845,-0.18937816468676785,0.015093587801830927,1620,driscoll_kraay,cumulative,lag1_individual_fe_direction_dummy,individual
34,mp_abs_x_ph2m,contractionary,-2.555661053169509,-6.921346694737512,1.8100245883984933,2.654148411770383,0.013484248346499642,-0.03446116833041449,-0.09332915772406505,0.024406821063236078,1593,driscoll_kraay,cumulative,lag1_individual_fe_direction_dummy,individual
35,mp_abs_x_ph2m,contractionary,-3.3990143034225886,-6.199822311556743,-0.5982062952884339,1.702770363418354,0.013484248346499642,-0.04583315300065467,-0.08359994375320061,-0.008066362248108742,1566,driscoll_kraay,cumulative,lag1_individual_fe_direction_dummy,individual
36,mp_abs_x_ph2m,contractionary,-7.643728473106764,-12.390700627809391,-2.8967563184041367,2.885954152346395,0.013484248346499642,-0.10306993302458212,-0.16707928445251086,-0.03906058159665337,1539,driscoll_kraay,cumulative,lag1_individual_fe_direction_dummy,individual
37,mp_abs_x_ph2m,contractionary,-1.6047416237828676,-7.030959173514441,3.8214759259487057,3.298906030798851,0.013484248346499642,-0.021638734587053284,-0.09480719960976859,0.05152973043566202,1512,driscoll_kraay,cumulative,lag1_individual_fe_direction_dummy,individual
38,mp_abs_x_ph2m,contractionary,-0.6834481945060119,-5.039834262739446,3.6729378737274225,2.648494672627768,0.013484248346499642,-0.009215785186685857,-0.06795837682397662,0.04952680645060491,1485,driscoll_kraay,cumulative,lag1_individual_fe_direction_dummy,individual
39,mp_abs_x_ph2m,contractionary,-7.928301455171524,-12.653235851035811,-3.2033670593072365,2.872556146300602,0.013484248346499642,-0.10690718578744733,-0.17061937460219964,-0.04319499697269503,1458,driscoll_kraay,cumulative,lag1_individual_fe_direction_dummy,individual
40,mp_abs_x_ph2m,contractionary,0.789679865532298,-5.996572106023022,7.575931837087618,4.125748249181771,0.013484248346499642,0.010648239421067948,-0.08085926750530681,0.1021557463474427,1431,driscoll_kraay,cumulative,lag1_individual_fe_direction_dummy,individual
41,mp_abs_x_ph2m,contractionary,-0.05119475711774156,-5.260813125708353,5.15842361147287,3.1672230788377083,0.013484248346499642,-6.903228190143575e-4,-0.07093811069157648,0.06955746505354776,1404,driscoll_kraay,cumulative,lag1_individual_fe_direction_dummy,individual
42,mp_abs_x_ph2m,contractionary,-5.842592933820745,-10.31188634182323,-1.3732995258182594,2.717137461213346,0.013484248346499642,-0.07878297410714287,-0.13904803635402213,-0.01851791186026361,1377,driscoll_kraay,cumulative,lag1_individual_fe_direction_dummy,individual
43,mp_abs_x_ph2m,contractionary,-2.087779525074854,-9.422635562178169,5.24707651202846,4.459275838846247,0.013484248346499642,-0.028152137608846408,-0.1270571579989697,0.07075288278127688,1350,driscoll_kraay,cumulative,lag1_individual_fe_direction_dummy,individual
44,mp_abs_x_ph2m,contractionary,-1.9475619613292987,-7.750985718769211,3.8558617961106143,3.5282311218146662,0.013484248346499642,-0.026261409156760195,-0.10451621636205607,0.05199339804853569,1323,driscoll_kraay,cumulative,lag1_individual_fe_direction_dummy,individual
45,mp_abs_x_ph2m,contractionary,-8.995580137659688,-10.876665955425214,-7.114494319894163,1.1436189743228886,0.013484248346499642,-0.12129863659704268,-0.1466636649248714,-0.09593360826921397,1296,driscoll_kraay,cumulative,lag1_individual_fe_direction_dummy,individual
46,mp_abs_x_ph2m,contractionary,-2.903800091188148,-8.964600831703184,3.1570006493268883,3.6847052170520276,0.013484248346499642,-0.039155561578169296,-0.12088090394192297,0.04256978078558439,1269,driscoll_kraay,cumulative,lag1_individual_fe_direction_dummy,individual
47,mp_abs_x_ph2m,contractionary,-3.601436724644647,-8.291575335397573,1.0887018861082787,2.8514018110204162,0.013484248346499642,-0.04856266719931267,-0.11180566100621193,0.014680326607586598,1242,driscoll_kraay,cumulative,lag1_individual_fe_direction_dummy,individual
48,mp_abs_x_ph2m,contractionary,-5.394211363736985,-7.726610467912019,-3.061812259561951,1.4179979701281027,0.013484248346499642,-0.07273688566214002,-0.10418753442598948,-0.04128623689829057,1215,driscoll_kraay,cumulative,lag1_individual_fe_direction_dummy,individual
0,mp_abs_x_wh2m,contractionary,-1.5143233232679496,-7.7944462285282246,4.765799581992326,3.818043625498574,0.015756301808010444,-0.023860135316319177,-0.12281164720299945,0.07509137657036109,2511,driscoll_kraay,cumulative,lag1_individual_fe_direction_dummy,individual
1,mp_abs_x_wh2m,contractionary,3.842675194055339,1.4701369493039684,6.21521343880671,1.4424008348685537,0.015756301808010444,0.06054635010769102,0.023163921472341076,0.09792877874304098,2484,driscoll_kraay,cumulative,lag1_individual_fe_direction_dummy,individual
2,mp_abs_x_wh2m,contractionary,3.5093670609953302,0.7591361032238475,6.2595980187668125,1.6720217001124216,0.015756301808010444,0.055294646568133016,0.011961177555751911,0.09862811558051413,2457,driscoll_kraay,cumulative,lag1_individual_fe_direction_dummy,individual
3,mp_abs_x_wh2m,contractionary,-1.5076720400929036,-7.177476276555157,4.16213219636935,3.44699622115952,0.015756301808010444,-0.02375533569120261,-0.11309048243323809,0.06557981105083287,2430,driscoll_kraay,cumulative,lag1_individual_fe_direction_dummy,individual
4,mp_abs_x_wh2m,contractionary,1.37184828778146,-1.415015568422294,4.158712143985214,1.6942929209870514,0.015756301808010444,0.021615255657087048,-0.02229541235909512,0.06552592367326922,2403,driscoll_kraay,cumulative,lag1_individual_fe_direction_dummy,individual
5,mp_abs_x_wh2m,contractionary,3.043005573773525,0.8419851663570852,5.244025981189965,1.338125393866051,0.015756301808010444,0.04794651422383365,0.013266572398990116,0.08262645604867719,2376,driscoll_kraay,cumulative,lag1_individual_fe_direction_dummy,individual
6,mp_abs_x_wh2m,contractionary,-1.2652253545730856,-5.8154471341778855,3.2849964250317143,2.7663384176244676,0.015756301808010444,-0.019935272541800563,-0.09162994019463618,0.05175939511103504,2349,driscoll_kraay,cumulative,lag1_individual_fe_direction_dummy,individual
7,mp_abs_x_wh2m,contractionary,0.904394511180698,-2.1977307037908167,4.006519726152213,1.8859582178876988,0.015756301808010444,0.014249912871671154,-0.03462810826165931,0.06312793400500162,2322,driscoll_kraay,cumulative,lag1_individual_fe_direction_dummy,individual
8,mp_abs_x_wh2m,contractionary,5.94186848690119,3.061732231042778,8.822004742759603,1.750998513585906,0.015756301808010444,0.0936218731831215,0.04824157708762317,0.13900216927861983,2295,driscoll_kraay,cumulative,lag1_individual_fe_direction_dummy,individual
9,mp_abs_x_wh2m,contractionary,0.25907527069260905,-2.770628631075116,3.288779172460334,1.8419291857494327,0.015756301808010444,0.004082068156024751,-0.04365486090913435,0.05181899722118385,2268,driscoll_kraay,cumulative,lag1_individual_fe_direction_dummy,individual
10,mp_abs_x_wh2m,contractionary,2.5174593129451397,0.035740237217099846,4.9991783886731795,1.5087780669746236,0.015756301808010444,0.039665848724150236,5.631339642825124e-4,0.07876856348401795,2241,driscoll_kraay,cumulative,lag1_individual_fe_direction_dummy,individual
11,mp_abs_x_wh2m,contractionary,4.269196537150209,0.8049216662842209,7.733471408016197,2.10612957536324,0.015756301808010444,0.06726674911705176,0.012682588705780849,0.12185090952832267,2214,driscoll_kraay,cumulative,lag1_individual_fe_direction_dummy,individual
12,mp_abs_x_wh2m,contractionary,1.9117392216801754,-2.202333240324,6.025811683684351,2.501178460255512,0.015756301808010444,0.030121940155003826,-0.03470062721635854,0.0949445075263662,2187,driscoll_kraay,cumulative,lag1_individual_fe_direction_dummy,individual
13,mp_abs_x_wh2m,contractionary,2.5850700777078814,0.29493808513102326,4.87520207028474,1.3923013908668145,0.015756301808010444,0.04073114433922239,0.00464713348400108,0.07681515519444371,2160,driscoll_kraay,cumulative,lag1_individual_fe_direction_dummy,individual
14,mp_abs_x_wh2m,contractionary,5.516343651175466,2.8428166602337166,8.189870642117217,1.6253889994435526,0.015756301808010444,0.08691717544462293,0.04479227728348272,0.12904207360576317,2133,driscoll_kraay,cumulative,lag1_individual_fe_direction_dummy,individual
15,mp_abs_x_wh2m,contractionary,4.428738397283701,1.0781187455859396,7.779358048981463,2.0370321083874874,0.015756301808010444,0.06978053881632645,0.01698716434032569,0.12257391329232721,2106,driscoll_kraay,cumulative,lag1_individual_fe_direction_dummy,individual
16,mp_abs_x_wh2m,contractionary,5.9989040523393475,2.784676222102009,9.213131882576686,1.9541117687137328,0.015756301808010444,0.09452054276595565,0.04387619899302957,0.1451648865388817,2079,driscoll_kraay,cumulative,lag1_individual_fe_direction_dummy,individual
17,mp_abs_x_wh2m,contractionary,3.7697981628579798,-1.678540265103741,9.2181365908197,3.312354569846758,0.015756301808010444,0.05939807760927363,-0.026447587013872405,0.14524374223241968,2052,driscoll_kraay,cumulative,lag1_individual_fe_direction_dummy,individual
18,mp_abs_x_wh2m,contractionary,4.613600272843769,1.0985581008862937,8.128642444801244,2.1369939028995315,0.015756301808010444,0.07269327832044575,0.017309212991199228,0.12807734364969228,2025,driscoll_kraay,cumulative,lag1_individual_fe_direction_dummy,individual
19,mp_abs_x_wh2m,contractionary,3.5568511790906423,0.32936933592177464,6.78433302225951,1.9621696364257029,0.015756301808010444,0.05604282066392997,0.005189642663087457,0.10689599866477248,1998,driscoll_kraay,cumulative,lag1_individual_fe_direction_dummy,individual
20,mp_abs_x_wh2m,contractionary,0.9149604531802702,-2.58054212372022,4.41046303008076,2.125114672591848,0.015756301808010444,0.014416393042702346,-0.04065980052962002,0.0694925866150247,1971,driscoll_kraay,cumulative,lag1_individual_fe_direction_dummy,individual
21,mp_abs_x_wh2m,contractionary,1.7010904148321007,-2.7385926072094016,6.140773436873603,2.699135624772822,0.015756301808010444,0.026802893978808265,-0.04315009164837753,0.09675587960599406,1944,driscoll_kraay,cumulative,lag1_individual_fe_direction_dummy,individual
22,mp_abs_x_wh2m,contractionary,3.9809391088659307,0.08191603949623971,7.879962178235622,2.3704377128049003,0.015756301808010444,0.06272487807860375,0.0012906938412196567,0.12415906231598783,1917,driscoll_kraay,cumulative,lag1_individual_fe_direction_dummy,individual
23,mp_abs_x_wh2m,contractionary,-0.6213377443179322,-4.060141715044596,2.8174662264087313,2.0906443676085953,0.015756301808010444,-0.009789985024181765,-0.06397281824553579,0.044392848197172256,1890,driscoll_kraay,cumulative,lag1_individual_fe_direction_dummy,individual
24,mp_abs_x_wh2m,contractionary,4.487278531344134,-1.3491357606611523,10.32369282334942,3.5482879426921063,0.015756301808010444,0.07070291483646403,-0.02125739022495686,0.1626632198978849,1863,driscoll_kraay,cumulative,lag1_individual_fe_direction_dummy,individual
25,mp_abs_x_wh2m,contractionary,3.543693124037754,-0.8956467502591408,7.983032998334648,2.698927005757133,0.015756301808010444,0.05583549837731024,-0.014112080510446778,0.12578307726506727,1836,driscoll_kraay,cumulative,lag1_individual_fe_direction_dummy,individual
26,mp_abs_x_wh2m,contractionary,2.253576689942335,-1.3958923989467142,5.903045778831384,2.2187196654409176,0.015756301808010444,0.0355080344742286,-0.02199410192931215,0.09301017087776935,1809,driscoll_kraay,cumulative,lag1_individual_fe_direction_dummy,individual
27,mp_abs_x_wh2m,contractionary,4.573616101423974,-2.256053577146849,11.403285779994796,4.15214434078779,0.015756301808010444,0.07206327564801224,-0.035547061056567325,0.1796736123525918,1782,driscoll_kraay,cumulative,lag1_individual_fe_direction_dummy,individual
28,mp_abs_x_wh2m,contractionary,-1.73374435473843,-8.20037105590788,4.732882346431019,3.931429882399035,0.015756301808010444,-0.027317399311193022,-0.12920752129455784,0.07457272267217177,1755,driscoll_kraay,cumulative,lag1_individual_fe_direction_dummy,individual
29,mp_abs_x_wh2m,contractionary,4.082326857210518,2.1334981742826757,6.03115554013836,1.184803712011597,0.015756301808010444,0.06432237404115568,0.033616041140837105,0.09502870694147424,1728,driscoll_kraay,cumulative,lag1_individual_fe_direction_dummy,individual
30,mp_abs_x_wh2m,contractionary,6.500366776163131,1.0270783705783684,11.973655181747894,3.3275230791987322,0.015756301808010444,0.10242174078799016,0.016182956787312366,0.18866052478866796,1701,driscoll_kraay,cumulative,lag1_individual_fe_direction_dummy,individual
31,mp_abs_x_wh2m,contractionary,2.005224191650166,-2.876581850761518,6.88703023406185,2.96792733555234,0.015756301808010444,0.031594917556363795,-0.045324291816043735,0.10851412692877131,1674,driscoll_kraay,cumulative,lag1_individual_fe_direction_dummy,individual
32,mp_abs_x_wh2m,contractionary,3.7446858047776552,0.6767847950633574,6.812586814491953,1.8651513784848226,0.015756301808010444,0.05900239971624921,0.010663625490090756,0.10734117394240766,1647,driscoll_kraay,cumulative,lag1_individual_fe_direction_dummy,individual
33,mp_abs_x_wh2m,contractionary,5.480258048147607,-1.0163126751738227,11.976828771469037,3.949634555241249,0.015756301808010444,0.08634859979239193,-0.016013329241345235,0.1887105288261291,1620,driscoll_kraay,cumulative,lag1_individual_fe_direction_dummy,individual
34,mp_abs_x_wh2m,contractionary,2.1465107650614095,-1.5224634964207122,5.815485026543531,2.2305779683764944,0.015756301808010444,0.033821071448450965,-0.02398839434128357,0.0916305372381855,1593,driscoll_kraay,cumulative,lag1_individual_fe_direction_dummy,individual
35,mp_abs_x_wh2m,contractionary,3.160077348372418,0.8439131641636219,5.476241532581214,1.4081278396190873,0.015756301808010444,0.04979113243761318,0.01329695051431509,0.08628531436091126,1566,driscoll_kraay,cumulative,lag1_individual_fe_direction_dummy,individual
36,mp_abs_x_wh2m,contractionary,6.323667106633316,2.200710073107987,10.446624140158644,2.506579896210405,0.015756301808010444,0.09963760746550268,0.034675052103818174,0.16460016282718717,1539,driscoll_kraay,cumulative,lag1_individual_fe_direction_dummy,individual
37,mp_abs_x_wh2m,contractionary,1.537051214749575,-3.1096512699929977,6.183753699492147,2.8249945214606416,0.015756301808010444,0.024218242833963375,-0.04899660392767264,0.09743308959559939,1512,driscoll_kraay,cumulative,lag1_individual_fe_direction_dummy,individual
38,mp_abs_x_wh2m,contractionary,1.087706033956516,-2.745880109838535,4.9212921777515675,2.3306548868424963,0.015756301808010444,0.017138224549412925,-0.04326491573922882,0.07754136483805468,1485,driscoll_kraay,cumulative,lag1_individual_fe_direction_dummy,individual
39,mp_abs_x_wh2m,contractionary,7.1552626614311245,3.2200429311215997,11.09048239174065,2.3924437201156667,0.015756301808010444,0.11274047800909684,0.05073596825750251,0.1747449877606912,1458,driscoll_kraay,cumulative,lag1_individual_fe_direction_dummy,individual
40,mp_abs_x_wh2m,contractionary,-0.23524076248900988,-6.22533009587193,5.754848570893911,3.641715733991963,0.015756301808010444,-0.0037065244513233416,-0.09808817984504872,0.09067513094240204,1431,driscoll_kraay,cumulative,lag1_individual_fe_direction_dummy,individual
41,mp_abs_x_wh2m,contractionary,0.22880564341214107,-4.236170997375618,4.6937822841999,2.71451305309338,0.015756301808010444,0.003605130772977711,-0.06674638874499085,0.07395665029094627,1404,driscoll_kraay,cumulative,lag1_individual_fe_direction_dummy,individual
42,mp_abs_x_wh2m,contractionary,5.509502646364354,1.7166817227567535,9.302323569971955,2.305871392725148,0.015756301808010444,0.086809386508149,0.02704855533205072,0.14657021768424727,1377,driscoll_kraay,cumulative,lag1_individual_fe_direction_dummy,individual
43,mp_abs_x_wh2m,contractionary,1.8927983862145759,-4.426435885235232,8.212032657664384,3.8418216477789033,0.015756301808010444,0.029823502634911972,-0.0697442597415742,0.12939126501139814,1350,driscoll_kraay,cumulative,lag1_individual_fe_direction_dummy,individual
44,mp_abs_x_wh2m,contractionary,1.5529917194067742,-3.432624465942188,6.538607904755736,3.0310394211727956,0.015756301808010444,0.024469406236314203,-0.05408546707894578,0.10302427955157419,1323,driscoll_kraay,cumulative,lag1_individual_fe_direction_dummy,individual
45,mp_abs_x_wh2m,contractionary,7.949386863218111,6.25898327706825,9.639790449367972,1.0276924088879633,0.015756301808010444,0.125252938605498,0.09861842952477759,0.15188744768621837,1296,driscoll_kraay,cumulative,lag1_individual_fe_direction_dummy,individual
46,mp_abs_x_wh2m,contractionary,2.6483213601898665,-2.7415354573748436,8.038178177754578,3.2768002752646934,0.015756301808010444,0.04172775063575227,-0.043196460083759984,0.12665196135526455,1269,driscoll_kraay,cumulative,lag1_individual_fe_direction_dummy,individual
47,mp_abs_x_wh2m,contractionary,2.619288097540787,-1.1925060084201933,6.431082203501767,2.317406268559993,0.015756301808010444,0.04127029378698214,-0.01878948457653441,0.10133007215049869,1242,driscoll_kraay,cumulative,lag1_individual_fe_direction_dummy,individual
48,mp_abs_x_wh2m,contractionary,4.868455659940387,2.845479588164206,6.891431731716567,1.2298821236303628,0.015756301808010444,0.07670885671693739,0.04483423517964849,0.10858347825422629,1215,driscoll_kraay,cumulative,lag1_individual_fe_direction_dummy,individual
0,mp_abs_x_ph2m,con_minus_exp,0.1419031862857864,-7.371162470538469,7.6549688431100424,NA,NA,0.0019134578050371458,-0.09939458535513856,0.10322150096521286,2511,driscoll_kraay,cumulative,lag1_tfe_direction_dummy,twoways
1,mp_abs_x_ph2m,con_minus_exp,-2.8960974557798735,-8.182673038232986,2.3904781266732393,NA,NA,-0.039051697329401586,-0.11033719538574036,0.03223380072693719,2484,driscoll_kraay,cumulative,lag1_tfe_direction_dummy,twoways
2,mp_abs_x_ph2m,con_minus_exp,-1.3874959757759595,-5.1008012686824,2.3258093171304806,NA,NA,-0.01870934031713189,-0.06878047107305393,0.031361790438790144,2457,driscoll_kraay,cumulative,lag1_tfe_direction_dummy,twoways
3,mp_abs_x_ph2m,con_minus_exp,2.2260986756027283,-5.012730551854686,9.464927903060142,NA,NA,0.03001726738564113,-0.06759290365529479,0.12762743842657703,2430,driscoll_kraay,cumulative,lag1_tfe_direction_dummy,twoways
4,mp_abs_x_ph2m,con_minus_exp,0.03211217643458819,-4.476785240849897,4.541009593719073,NA,NA,4.330085619905985e-4,-0.06036608398156423,0.06123210110554543,2403,driscoll_kraay,cumulative,lag1_tfe_direction_dummy,twoways
5,mp_abs_x_ph2m,con_minus_exp,1.6343358466623163,-2.942080098143292,6.210751791467925,NA,NA,0.022037790437981434,-0.03967173869865819,0.08374731957462106,2376,driscoll_kraay,cumulative,lag1_tfe_direction_dummy,twoways
6,mp_abs_x_ph2m,con_minus_exp,-3.755179450370475,-9.709616385216941,2.199257484475991,NA,NA,-0.050635772294467515,-0.13092687868750738,0.02965533409857235,2349,driscoll_kraay,cumulative,lag1_tfe_direction_dummy,twoways
7,mp_abs_x_ph2m,con_minus_exp,-1.0113954990291945,-6.245664345810562,4.222873347752174,NA,NA,-0.013637908085441597,-0.08421808912778783,0.056942272956904655,2322,driscoll_kraay,cumulative,lag1_tfe_direction_dummy,twoways
8,mp_abs_x_ph2m,con_minus_exp,-1.451611357346176,-5.627400064641366,2.724177349949014,NA,NA,-0.019573888045055273,-0.07588126001673232,0.03673348392662177,2295,driscoll_kraay,cumulative,lag1_tfe_direction_dummy,twoways
9,mp_abs_x_ph2m,con_minus_exp,-0.8231585321443479,-5.184013330508352,3.5376962662196556,NA,NA,-0.011099674075974494,-0.06990252318013934,0.04770317502819035,2268,driscoll_kraay,cumulative,lag1_tfe_direction_dummy,twoways
10,mp_abs_x_ph2m,con_minus_exp,-1.917507231775946,-9.323479907359927,5.4884654438080345,NA,NA,-0.025856143719475908,-0.12572011852444073,0.07400783108548892,2241,driscoll_kraay,cumulative,lag1_tfe_direction_dummy,twoways
11,mp_abs_x_ph2m,con_minus_exp,-2.581798581122459,-7.9594412888506705,2.7958441266057528,NA,NA,-0.03481361324849564,-0.10732708303824565,0.03769985654125436,2214,driscoll_kraay,cumulative,lag1_tfe_direction_dummy,twoways
12,mp_abs_x_ph2m,con_minus_exp,-4.051710287451617,-8.340339866356372,0.2369192914531375,NA,NA,-0.05463426774406506,-0.11246321405216095,0.0031946785640308366,2187,driscoll_kraay,cumulative,lag1_tfe_direction_dummy,twoways
13,mp_abs_x_ph2m,con_minus_exp,-2.334747812471779,-8.935249357573962,4.265753732630405,NA,NA,-0.03148231932981624,-0.1204851213754287,0.057520482715796226,2160,driscoll_kraay,cumulative,lag1_tfe_direction_dummy,twoways
14,mp_abs_x_ph2m,con_minus_exp,-2.7042367499591076,-7.7731952741571435,2.3647217742389284,NA,NA,-0.036464599924179664,-0.10481569552257229,0.03188649567421297,2133,driscoll_kraay,cumulative,lag1_tfe_direction_dummy,twoways
15,mp_abs_x_ph2m,con_minus_exp,-6.074651014657449,-9.611981828789798,-2.5373202005251008,NA,NA,-0.08191210289995707,-0.12961035008144342,-0.034213855718470736,2106,driscoll_kraay,cumulative,lag1_tfe_direction_dummy,twoways
16,mp_abs_x_ph2m,con_minus_exp,-7.223352603134179,-12.570086325888091,-1.8766188803802697,NA,NA,-0.09740148039499594,-0.16949816575521423,-0.02530479503477766,2079,driscoll_kraay,cumulative,lag1_tfe_direction_dummy,twoways
17,mp_abs_x_ph2m,con_minus_exp,-3.386142257340092,-9.143112428484764,2.3708279138045807,NA,NA,-0.04565958313455071,-0.12328799864565601,0.031968832376554616,2052,driscoll_kraay,cumulative,lag1_tfe_direction_dummy,twoways
18,mp_abs_x_ph2m,con_minus_exp,-3.085232714112069,-7.268105301135655,1.0976398729115175,NA,NA,-0.04160204412383227,-0.09800493688902374,0.014800848641359207,2025,driscoll_kraay,cumulative,lag1_tfe_direction_dummy,twoways
19,mp_abs_x_ph2m,con_minus_exp,-3.6741716366632517,-9.606359819391693,2.2580165460651895,NA,NA,-0.04954344281643233,-0.12953454151051305,0.030447655877648368,1998,driscoll_kraay,cumulative,lag1_tfe_direction_dummy,twoways
20,mp_abs_x_ph2m,con_minus_exp,-0.4559499049206587,-6.152711801760338,5.240811991919021,NA,NA,-0.006148141751513061,-0.08296469393937568,0.07066841043634955,1971,driscoll_kraay,cumulative,lag1_tfe_direction_dummy,twoways
21,mp_abs_x_ph2m,con_minus_exp,-0.9678784607637818,-5.126193428695921,3.190436507168357,NA,NA,-0.013051113534166645,-0.0691228652647303,0.04302063819639702,1944,driscoll_kraay,cumulative,lag1_tfe_direction_dummy,twoways
22,mp_abs_x_ph2m,con_minus_exp,-5.6318974379912925,-12.410321402996752,1.1465265270141674,NA,NA,-0.07594190371588966,-0.16734385585788808,0.015460048426108763,1917,driscoll_kraay,cumulative,lag1_tfe_direction_dummy,twoways
23,mp_abs_x_ph2m,con_minus_exp,-2.66874622449312,-7.493648998486859,2.1561565495006185,NA,NA,-0.03598603686484852,-0.10104622411709513,0.029074150387398086,1890,driscoll_kraay,cumulative,lag1_tfe_direction_dummy,twoways
24,mp_abs_x_ph2m,con_minus_exp,0.6251030330765326,-6.842652804911921,8.092858871064987,NA,NA,0.008429044540154147,-0.09226802977030471,0.10912611885061302,1863,driscoll_kraay,cumulative,lag1_tfe_direction_dummy,twoways
25,mp_abs_x_ph2m,con_minus_exp,-5.116493575400296,-10.603077676454504,0.37009052565391254,NA,NA,-0.06899207003396748,-0.14297453262653892,0.004990392558603954,1836,driscoll_kraay,cumulative,lag1_tfe_direction_dummy,twoways
26,mp_abs_x_ph2m,con_minus_exp,-5.650090462108787,-8.675600755762472,-2.624580168455103,NA,NA,-0.07618722297126382,-0.11698395514578117,-0.035390490796746485,1809,driscoll_kraay,cumulative,lag1_tfe_direction_dummy,twoways
27,mp_abs_x_ph2m,con_minus_exp,0.8735749701891354,-7.628150044184899,9.375299984563169,NA,NA,0.011779501847316326,-0.1028598696201514,0.12641887331478402,1782,driscoll_kraay,cumulative,lag1_tfe_direction_dummy,twoways
28,mp_abs_x_ph2m,con_minus_exp,0.6640818171574399,-7.417094034626261,8.74525766894114,NA,NA,0.008954644144945687,-0.1000139379722415,0.11792322626213286,1755,driscoll_kraay,cumulative,lag1_tfe_direction_dummy,twoways
29,mp_abs_x_ph2m,con_minus_exp,-4.714986320967965,-8.487661187928927,-0.9423114540070026,NA,NA,-0.06357804650228072,-0.11444973133897984,-0.0127063616655816,1728,driscoll_kraay,cumulative,lag1_tfe_direction_dummy,twoways
30,mp_abs_x_ph2m,con_minus_exp,-0.0012327823642503954,-9.14080715618742,9.138341591458918,NA,NA,-1.662314355673801e-5,-0.12325691378149231,0.12322366749437882,1701,driscoll_kraay,cumulative,lag1_tfe_direction_dummy,twoways
31,mp_abs_x_ph2m,con_minus_exp,-1.1365375998825145,-8.697183345852444,6.424108146087414,NA,NA,-0.015325355251950468,-0.11727498015051505,0.0866242696466141,1674,driscoll_kraay,cumulative,lag1_tfe_direction_dummy,twoways
32,mp_abs_x_ph2m,con_minus_exp,-3.738384123866314,-7.6805060231921365,0.20373777545950866,NA,NA,-0.05040929994082485,-0.10356585064350912,0.002747250761859395,1647,driscoll_kraay,cumulative,lag1_tfe_direction_dummy,twoways
33,mp_abs_x_ph2m,con_minus_exp,-0.5101130517041034,-8.540590108395731,7.520364004987526,NA,NA,-0.0068784910739689425,-0.11516343804726635,0.10140645589932847,1620,driscoll_kraay,cumulative,lag1_tfe_direction_dummy,twoways
34,mp_abs_x_ph2m,con_minus_exp,-2.671305801945256,-9.592301351326753,4.249689747436243,NA,NA,-0.03602055084287522,-0.12934497363575406,0.05730387195000364,1593,driscoll_kraay,cumulative,lag1_tfe_direction_dummy,twoways
35,mp_abs_x_ph2m,con_minus_exp,-0.5478888016248243,-6.445975446548228,5.35019784329858,NA,NA,-0.007387868667375207,-0.08691913375669524,0.07214339642194482,1566,driscoll_kraay,cumulative,lag1_tfe_direction_dummy,twoways
36,mp_abs_x_ph2m,con_minus_exp,-1.8575672835805337,-8.031884426114026,4.316749858952957,NA,NA,-0.025047898572132646,-0.10830392429210427,0.058208127147838976,1539,driscoll_kraay,cumulative,lag1_tfe_direction_dummy,twoways
37,mp_abs_x_ph2m,con_minus_exp,1.330901970744818,-4.4869841548210045,7.148788096310642,NA,NA,0.017946212698368928,-0.06050360867041523,0.0963960340671531,1512,driscoll_kraay,cumulative,lag1_tfe_direction_dummy,twoways
38,mp_abs_x_ph2m,con_minus_exp,2.8807802155583286,-6.43267087778656,12.194231308903218,NA,NA,0.03884515585827128,-0.08673973164736984,0.16443004336391237,1485,driscoll_kraay,cumulative,lag1_tfe_direction_dummy,twoways
39,mp_abs_x_ph2m,con_minus_exp,-0.909802626942336,-6.988856816575717,5.169251562691044,NA,NA,-0.012268004567988225,-0.09423948097283386,0.0697034718368574,1458,driscoll_kraay,cumulative,lag1_tfe_direction_dummy,twoways
40,mp_abs_x_ph2m,con_minus_exp,3.982117547124012,-3.655848250405308,11.620083344653331,NA,NA,0.05369586195037417,-0.04929636572558138,0.1566880896263297,1431,driscoll_kraay,cumulative,lag1_tfe_direction_dummy,twoways
41,mp_abs_x_ph2m,con_minus_exp,2.887383899660068,-6.859744061176482,12.634511860496616,NA,NA,0.038934201574700955,-0.09249849251432972,0.17036689566373162,1404,driscoll_kraay,cumulative,lag1_tfe_direction_dummy,twoways
42,mp_abs_x_ph2m,con_minus_exp,-2.5008903866776224,-9.354217815450745,4.3524370420955005,NA,NA,-0.03372262706133458,-0.1261345961107892,0.05868934198812004,1377,driscoll_kraay,cumulative,lag1_tfe_direction_dummy,twoways
43,mp_abs_x_ph2m,con_minus_exp,2.1303688640507983,-6.2083314158812835,10.469069143982878,NA,NA,0.028726422832511294,-0.08371468262911898,0.14116752829414153,1350,driscoll_kraay,cumulative,lag1_tfe_direction_dummy,twoways
44,mp_abs_x_ph2m,con_minus_exp,-2.2085999901883953,-10.508196887264766,6.090996906887975,NA,NA,-0.029781310765776996,-0.1416951365017926,0.08213251497023862,1323,driscoll_kraay,cumulative,lag1_tfe_direction_dummy,twoways
45,mp_abs_x_ph2m,con_minus_exp,-3.5658773139064452,-11.353212171252387,4.221457543439497,NA,NA,-0.04808317527386357,-0.15308953244766962,0.05692318189994247,1296,driscoll_kraay,cumulative,lag1_tfe_direction_dummy,twoways
46,mp_abs_x_ph2m,con_minus_exp,-1.8779063202762178,-10.207898479339985,6.452085838787547,NA,NA,-0.025322155194065818,-0.1376458381912764,0.08700152780314474,1269,driscoll_kraay,cumulative,lag1_tfe_direction_dummy,twoways
47,mp_abs_x_ph2m,con_minus_exp,-2.3930981226460384,-10.395286113197068,5.609089867904991,NA,NA,-0.03226912940330125,-0.14017261958326827,0.07563436077666577,1242,driscoll_kraay,cumulative,lag1_tfe_direction_dummy,twoways
48,mp_abs_x_ph2m,con_minus_exp,0.7105256669634632,-7.702693401542734,9.12374473546966,NA,NA,0.009580904549897636,-0.10386503076334631,0.1230268398631416,1215,driscoll_kraay,cumulative,lag1_tfe_direction_dummy,twoways
0,mp_abs_x_wh2m,con_minus_exp,-1.8791324648065997,-10.777920710654351,7.019655781041153,NA,NA,-0.029608178252723348,-0.16982017157987636,0.11060381507442968,2511,driscoll_kraay,cumulative,lag1_tfe_direction_dummy,twoways
1,mp_abs_x_wh2m,con_minus_exp,5.588808590614757,1.5498553554669403,9.627761825762574,NA,NA,0.0880589549009276,0.024419988739498424,0.1516979210623568,2484,driscoll_kraay,cumulative,lag1_tfe_direction_dummy,twoways
2,mp_abs_x_wh2m,con_minus_exp,4.388423042081946,0.3640533280460929,8.4127927561178,NA,NA,0.06914531791227047,0.0057361341109048725,0.13255450171363606,2457,driscoll_kraay,cumulative,lag1_tfe_direction_dummy,twoways
3,mp_abs_x_wh2m,con_minus_exp,-0.1454252994804135,-9.80956887305815,9.518718274097324,NA,NA,-0.0022913649091336995,-0.1545625277703691,0.1499797979521017,2430,driscoll_kraay,cumulative,lag1_tfe_direction_dummy,twoways
4,mp_abs_x_wh2m,con_minus_exp,1.9248451698442235,-2.575371778172442,6.4250621178608895,NA,NA,0.030328441429756714,-0.040578335004717525,0.10123521786423093,2403,driscoll_kraay,cumulative,lag1_tfe_direction_dummy,twoways
5,mp_abs_x_wh2m,con_minus_exp,5.015547160034009,0.6366615197010308,9.394432800366987,NA,NA,0.0790264747858055,0.010031431053956024,0.14802151851765497,2376,driscoll_kraay,cumulative,lag1_tfe_direction_dummy,twoways
6,mp_abs_x_wh2m,con_minus_exp,-3.4493923719532984,-11.176546005330309,4.277761261423713,NA,NA,-0.054349667266745186,-0.17610103203109784,0.06740169749760748,2349,driscoll_kraay,cumulative,lag1_tfe_direction_dummy,twoways
7,mp_abs_x_wh2m,con_minus_exp,0.7409253861393408,-4.9834000633688245,6.465250835647506,NA,NA,0.011674244001228129,-0.07851995542849756,0.10186844343095383,2322,driscoll_kraay,cumulative,lag1_tfe_direction_dummy,twoways
8,mp_abs_x_wh2m,con_minus_exp,10.373974991087026,5.590349597307956,15.157600384866099,NA,NA,0.16345548090831963,0.08808323546747379,0.2388277263491655,2295,driscoll_kraay,cumulative,lag1_tfe_direction_dummy,twoways
9,mp_abs_x_wh2m,con_minus_exp,0.6125324217431933,-5.733033701122265,6.958098544608652,NA,NA,0.009651245704177296,-0.09033140927037756,0.10963390067873213,2268,driscoll_kraay,cumulative,lag1_tfe_direction_dummy,twoways
10,mp_abs_x_wh2m,con_minus_exp,0.8330652691094356,-3.4418148702648286,5.107945408483699,NA,NA,0.013126027805859704,-0.05423027386319095,0.08048232947491035,2241,driscoll_kraay,cumulative,lag1_tfe_direction_dummy,twoways
11,mp_abs_x_wh2m,con_minus_exp,6.8870841533576534,0.615793926590338,13.15837438012497,NA,NA,0.10851497649746926,0.009702634958897196,0.20732731803604137,2214,driscoll_kraay,cumulative,lag1_tfe_direction_dummy,twoways
12,mp_abs_x_wh2m,con_minus_exp,0.04620651813887666,-7.84292062812445,7.935333664402204,NA,NA,7.28043845293451e-4,-0.12357542447299968,0.12503151216358657,2187,driscoll_kraay,cumulative,lag1_tfe_direction_dummy,twoways
13,mp_abs_x_wh2m,con_minus_exp,2.5659614386635283,-4.266021049483031,9.397943926810086,NA,NA,0.04043006285529924,-0.06721671517498008,0.14807684088557854,2160,driscoll_kraay,cumulative,lag1_tfe_direction_dummy,twoways
14,mp_abs_x_wh2m,con_minus_exp,8.157174560825124,1.501849205769346,14.812499915880903,NA,NA,0.1285269042809857,0.0236635893562226,0.23339021920574882,2133,driscoll_kraay,cumulative,lag1_tfe_direction_dummy,twoways
15,mp_abs_x_wh2m,con_minus_exp,2.145706548039126,-4.932003938929673,9.223417035007925,NA,NA,0.033808399962328733,-0.07771014258007222,0.14532694250472972,2106,driscoll_kraay,cumulative,lag1_tfe_direction_dummy,twoways
16,mp_abs_x_wh2m,con_minus_exp,5.5997389033830745,-1.067524909359963,12.267002716126111,NA,NA,0.08823117620776115,-0.016820244659444566,0.19328259707496687,2079,driscoll_kraay,cumulative,lag1_tfe_direction_dummy,twoways
17,mp_abs_x_wh2m,con_minus_exp,2.530982574640265,-5.6266817566520935,10.688646905932623,NA,NA,0.03987892531684733,-0.08865569593543676,0.16841354656913143,2052,driscoll_kraay,cumulative,lag1_tfe_direction_dummy,twoways
18,mp_abs_x_wh2m,con_minus_exp,4.318684063678838,-1.6499001362486334,10.287268263606311,NA,NA,0.06804648952076878,-0.025996324499811017,0.1620893035413486,2025,driscoll_kraay,cumulative,lag1_tfe_direction_dummy,twoways
19,mp_abs_x_wh2m,con_minus_exp,3.2231101993304305,-2.5127315393899576,8.95895193805082,NA,NA,0.05078429706112696,-0.039591356497134855,0.1411599506193888,1998,driscoll_kraay,cumulative,lag1_tfe_direction_dummy,twoways
20,mp_abs_x_wh2m,con_minus_exp,0.08556419678345861,-4.9744231240830645,5.145551517649983,NA,NA,0.001348175308480172,-0.07837851206379895,0.0810748626807593,1971,driscoll_kraay,cumulative,lag1_tfe_direction_dummy,twoways
21,mp_abs_x_wh2m,con_minus_exp,-0.5885722008648584,-6.867059473090773,5.689915071361057,NA,NA,-0.009273721232631652,-0.1081994615915754,0.08965201912631209,1944,driscoll_kraay,cumulative,lag1_tfe_direction_dummy,twoways
22,mp_abs_x_wh2m,con_minus_exp,2.4715263756800634,-3.389626236265312,8.332678987625439,NA,NA,0.038942115501673286,-0.053407973994946775,0.13129220499829333,1917,driscoll_kraay,cumulative,lag1_tfe_direction_dummy,twoways
23,mp_abs_x_wh2m,con_minus_exp,-4.904183792531982,-11.337257571958501,1.5288899868945365,NA,NA,-0.07727179995708719,-0.17863325197892982,0.024089652064755447,1890,driscoll_kraay,cumulative,lag1_tfe_direction_dummy,twoways
24,mp_abs_x_wh2m,con_minus_exp,6.429944193179714,-3.3455834526398096,16.205471838999237,NA,NA,0.10131214131640377,-0.052714022603678454,0.255338305236486,1863,driscoll_kraay,cumulative,lag1_tfe_direction_dummy,twoways
25,mp_abs_x_wh2m,con_minus_exp,1.4039302656624955,-6.801614277828417,9.609474809153408,NA,NA,0.022120748983178562,-0.10716828734313753,0.15140978530949467,1836,driscoll_kraay,cumulative,lag1_tfe_direction_dummy,twoways
26,mp_abs_x_wh2m,con_minus_exp,-2.2287036530151068,-11.364029254606226,6.906621948576013,NA,NA,-0.03511612739752141,-0.17905507469063564,0.10882281989559285,1809,driscoll_kraay,cumulative,lag1_tfe_direction_dummy,twoways
27,mp_abs_x_wh2m,con_minus_exp,3.4420042375613824,-8.179191417974561,15.063199893097327,NA,NA,0.05423325759146801,-0.1288738085270961,0.2373403237100321,1782,driscoll_kraay,cumulative,lag1_tfe_direction_dummy,twoways
28,mp_abs_x_wh2m,con_minus_exp,-5.848983118087162,-15.873948871559953,4.1759826353856315,NA,NA,-0.0921583432785393,-0.25011472930522544,0.06579804274814685,1755,driscoll_kraay,cumulative,lag1_tfe_direction_dummy,twoways
29,mp_abs_x_wh2m,con_minus_exp,4.131566928681418,-1.8896867942993762,10.152820651662212,NA,NA,0.06509821546829919,-0.02977447545359272,0.1599709063901911,1728,driscoll_kraay,cumulative,lag1_tfe_direction_dummy,twoways
30,mp_abs_x_wh2m,con_minus_exp,6.101878261260049,-3.7921349762328465,15.995891498752943,NA,NA,0.09614303548015134,-0.05975002318223724,0.2520360941425399,1701,driscoll_kraay,cumulative,lag1_tfe_direction_dummy,twoways
31,mp_abs_x_wh2m,con_minus_exp,1.2327909782158586,-7.364364193188059,9.829946149619776,NA,NA,0.019424226718961497,-0.11603514485197639,0.15488359828989937,1674,driscoll_kraay,cumulative,lag1_tfe_direction_dummy,twoways
32,mp_abs_x_wh2m,con_minus_exp,6.814839805943511,-0.036864509367942055,13.666544121254963,NA,NA,0.1073766727556893,-5.808483356055244e-4,0.21533419384698407,1647,driscoll_kraay,cumulative,lag1_tfe_direction_dummy,twoways
33,mp_abs_x_wh2m,con_minus_exp,5.205092669967781,-7.753641061642821,18.163826401578383,NA,NA,0.08201301104667527,-0.1221687086782268,0.2861947307715773,1620,driscoll_kraay,cumulative,lag1_tfe_direction_dummy,twoways
34,mp_abs_x_wh2m,con_minus_exp,1.2945806017117638,-4.946545151087443,7.535706354510972,NA,NA,0.02039780267536631,-0.07793925830748438,0.11873486365821702,1593,driscoll_kraay,cumulative,lag1_tfe_direction_dummy,twoways
35,mp_abs_x_wh2m,con_minus_exp,8.635700263763063,0.43224840066769055,16.839152126858433,NA,NA,0.1360666996793662,0.006810636256949956,0.26532276310178243,1566,driscoll_kraay,cumulative,lag1_tfe_direction_dummy,twoways
36,mp_abs_x_wh2m,con_minus_exp,7.535729505388624,-3.4262673085352144,18.497726319312463,NA,NA,0.11873522843043244,-0.05398530178820047,0.2914557586490653,1539,driscoll_kraay,cumulative,lag1_tfe_direction_dummy,twoways
37,mp_abs_x_wh2m,con_minus_exp,2.7944728935316236,-5.573952195078913,11.16289798214216,NA,NA,0.04403055830478851,-0.08782487304908565,0.17588598965866267,1512,driscoll_kraay,cumulative,lag1_tfe_direction_dummy,twoways
38,mp_abs_x_wh2m,con_minus_exp,7.154535650947578,-0.10744558407649052,14.416516885971646,NA,NA,0.1127290230125005,-0.0016929450506471475,0.22715099107564815,1485,driscoll_kraay,cumulative,lag1_tfe_direction_dummy,twoways
39,mp_abs_x_wh2m,con_minus_exp,8.433873002065045,-2.931504060284479,19.799250064414565,NA,NA,0.13288664843096792,-0.0461896627252503,0.3119629595871861,1458,driscoll_kraay,cumulative,lag1_tfe_direction_dummy,twoways
40,mp_abs_x_wh2m,con_minus_exp,4.17880190509778,-5.951573210382442,14.309177020578002,NA,NA,0.06584246401260964,-0.09377478373525538,0.22545971176047463,1431,driscoll_kraay,cumulative,lag1_tfe_direction_dummy,twoways
41,mp_abs_x_wh2m,con_minus_exp,5.8677218209922914,-7.4083420093767804,19.143785651361362,NA,NA,0.09245359593700318,-0.11672807259670309,0.30163526447070943,1404,driscoll_kraay,cumulative,lag1_tfe_direction_dummy,twoways
42,mp_abs_x_wh2m,con_minus_exp,8.819984844328472,0.21175198684922591,17.428217701807718,NA,NA,0.13897034314931742,0.0033364282132422596,0.27460425808539257,1377,driscoll_kraay,cumulative,lag1_tfe_direction_dummy,twoways
43,mp_abs_x_wh2m,con_minus_exp,6.906796887966986,-3.7278567594876213,17.541450535421593,NA,NA,0.10882557629343512,-0.05873723619951876,0.276388388786389,1350,driscoll_kraay,cumulative,lag1_tfe_direction_dummy,twoways
44,mp_abs_x_wh2m,con_minus_exp,7.242616975037022,-7.935437410356236,22.42067136043028,NA,NA,0.11411685893850296,-0.1250331468161497,0.3532668646931556,1323,driscoll_kraay,cumulative,lag1_tfe_direction_dummy,twoways
45,mp_abs_x_wh2m,con_minus_exp,11.60525383935786,4.876998428547054,18.333509250168667,NA,NA,0.18285588205149442,0.07684345915738006,0.2888683049456088,1296,driscoll_kraay,cumulative,lag1_tfe_direction_dummy,twoways
46,mp_abs_x_wh2m,con_minus_exp,11.014815368460475,-2.374285644780154,24.4039163817011,NA,NA,0.173552755304975,-0.03740996119758279,0.38451547180753276,1269,driscoll_kraay,cumulative,lag1_tfe_direction_dummy,twoways
47,mp_abs_x_wh2m,con_minus_exp,8.779581687956671,-0.35865196301931324,17.917815338932655,NA,NA,0.1383337388235271,-0.005651028573367703,0.28231850622042187,1242,driscoll_kraay,cumulative,lag1_tfe_direction_dummy,twoways
48,mp_abs_x_wh2m,con_minus_exp,5.267331472728644,-4.370824586434555,14.905487531891843,NA,NA,0.08299366440714466,-0.06886803133373527,0.23485536014802458,1215,driscoll_kraay,cumulative,lag1_tfe_direction_dummy,twoways
0,mp_abs_x_ph2m,con_minus_exp,2.3597633289686124,-6.446455310996375,11.1659819689336,NA,NA,0.031819634766775504,-0.0869256043680867,0.15056487390163772,2511,driscoll_kraay,cumulative,lag1_individual_fe_direction_dummy,individual
1,mp_abs_x_ph2m,con_minus_exp,-4.047909965593503,-8.651405409625825,0.5555854784388197,NA,NA,-0.05458302326033362,-0.1166576990896451,0.007491652568977866,2484,driscoll_kraay,cumulative,lag1_individual_fe_direction_dummy,individual
2,mp_abs_x_ph2m,con_minus_exp,-2.7374764282050768,-6.651667605999678,1.1767147495895243,NA,NA,-0.03691281200060605,-0.08969273791766638,0.015867113916454283,2457,driscoll_kraay,cumulative,lag1_individual_fe_direction_dummy,individual
3,mp_abs_x_ph2m,con_minus_exp,2.7952365558328043,-5.356859364451326,10.947332476116935,NA,NA,0.03769166390606384,-0.07223322202753393,0.14761654983966163,2430,driscoll_kraay,cumulative,lag1_individual_fe_direction_dummy,individual
4,mp_abs_x_ph2m,con_minus_exp,-0.6299337442660498,-5.196453995721861,3.9365865071897614,NA,NA,-0.00849418304952381,-0.07007027619947397,0.053081910100426344,2403,driscoll_kraay,cumulative,lag1_individual_fe_direction_dummy,individual
5,mp_abs_x_ph2m,con_minus_exp,-2.262632246967043,-5.717201167181653,1.1919366732475671,NA,NA,-0.030509895134902112,-0.07709216038517502,0.016072370115370792,2376,driscoll_kraay,cumulative,lag1_individual_fe_direction_dummy,individual
6,mp_abs_x_ph2m,con_minus_exp,1.2795435207124664,-5.092043609117715,7.6511306505426475,NA,NA,0.017253682603441404,-0.06866238061654961,0.10316974582343243,2349,driscoll_kraay,cumulative,lag1_individual_fe_direction_dummy,individual
7,mp_abs_x_ph2m,con_minus_exp,-0.2636939678673683,-4.990322788701846,4.462934852967109,NA,NA,-0.0035557149501974908,-0.06729075181205235,0.06017932191165737,2322,driscoll_kraay,cumulative,lag1_individual_fe_direction_dummy,individual
8,mp_abs_x_ph2m,con_minus_exp,-5.660737098186143,-9.9543026307804,-1.3671715655918861,NA,NA,-0.07633078485618568,-0.13422628878965764,-0.01843528092271372,2295,driscoll_kraay,cumulative,lag1_individual_fe_direction_dummy,individual
9,mp_abs_x_ph2m,con_minus_exp,0.19677577434816573,-4.178847311652751,4.572398860349082,NA,NA,0.0026533734098854412,-0.05634861495242808,0.06165536177219897,2268,driscoll_kraay,cumulative,lag1_individual_fe_direction_dummy,individual
10,mp_abs_x_ph2m,con_minus_exp,-1.6335303325931414,-6.363263707495155,3.0962030423088724,NA,NA,-0.022026928686226084,-0.08580382812613273,0.041749970753680574,2241,driscoll_kraay,cumulative,lag1_individual_fe_direction_dummy,individual
11,mp_abs_x_ph2m,con_minus_exp,-4.382871869309808,-9.827179747209463,1.0614360085898482,NA,NA,-0.05909973275666057,-0.13251213225706399,0.014312666743742842,2214,driscoll_kraay,cumulative,lag1_individual_fe_direction_dummy,individual
12,mp_abs_x_ph2m,con_minus_exp,-1.9388166217847183,-7.2305629299351395,3.3529296863657025,NA,NA,-0.026143484826466612,-0.09749870623223951,0.045211736579306286,2187,driscoll_kraay,cumulative,lag1_individual_fe_direction_dummy,individual
13,mp_abs_x_ph2m,con_minus_exp,-3.292105344931795,-7.194932730829641,0.6107220409660508,NA,NA,-0.04439156605389919,-0.09701825977886573,0.008235127671067358,2160,driscoll_kraay,cumulative,lag1_individual_fe_direction_dummy,individual
14,mp_abs_x_ph2m,con_minus_exp,-5.443390481775095,-9.13049541065976,-1.7562855528904309,NA,NA,-0.07340002910322771,-0.12311786764391144,-0.023682190562544007,2133,driscoll_kraay,cumulative,lag1_individual_fe_direction_dummy,individual
15,mp_abs_x_ph2m,con_minus_exp,-5.015090282675929,-9.05962483377899,-0.970555731572867,NA,NA,-0.06762472285171932,-0.12216223118479144,-0.013087214518647184,2106,driscoll_kraay,cumulative,lag1_individual_fe_direction_dummy,individual
16,mp_abs_x_ph2m,con_minus_exp,-7.699805083747822,-12.115028791751168,-3.2845813757444744,NA,NA,-0.1038260839688961,-0.16336205695296627,-0.04429011098482595,2079,driscoll_kraay,cumulative,lag1_individual_fe_direction_dummy,individual
17,mp_abs_x_ph2m,con_minus_exp,-3.1984455132295873,-9.975652989696302,3.578761963237126,NA,NA,-0.043128633623135265,-0.13451418233156656,0.04825691508529603,2052,driscoll_kraay,cumulative,lag1_individual_fe_direction_dummy,individual
18,mp_abs_x_ph2m,con_minus_exp,-4.872221005833591,-9.326324856556386,-0.4181171551107963,NA,NA,-0.06569823804169243,-0.12575848052593896,-0.005637995557445891,2025,driscoll_kraay,cumulative,lag1_individual_fe_direction_dummy,individual
19,mp_abs_x_ph2m,con_minus_exp,-4.519728776148676,-8.697072139513047,-0.3423854127843051,NA,NA,-0.06094514527640963,-0.11727348061661691,-0.004616809936202363,1998,driscoll_kraay,cumulative,lag1_individual_fe_direction_dummy,individual
20,mp_abs_x_ph2m,con_minus_exp,-0.4550623128415937,-5.602864071619824,4.6927394459366365,NA,NA,-0.006136173239488561,-0.07555041059340187,0.06327806411442474,1971,driscoll_kraay,cumulative,lag1_individual_fe_direction_dummy,individual
21,mp_abs_x_ph2m,con_minus_exp,-1.143406587289491,-7.0714643430960535,4.784651168517072,NA,NA,-0.015417978384035117,-0.09535338137572415,0.0645174246076539,1944,driscoll_kraay,cumulative,lag1_individual_fe_direction_dummy,individual
22,mp_abs_x_ph2m,con_minus_exp,-5.293343843577582,-10.330735074091594,-0.255952613063571,NA,NA,-0.07137676297021509,-0.13930219734094546,-0.0034513285994847223,1917,driscoll_kraay,cumulative,lag1_individual_fe_direction_dummy,individual
23,mp_abs_x_ph2m,con_minus_exp,1.410280065663971,-3.390212182404259,6.2107723137322015,NA,NA,0.019016566643530807,-0.04571446301486757,0.08374759630192918,1890,driscoll_kraay,cumulative,lag1_individual_fe_direction_dummy,individual
24,mp_abs_x_ph2m,con_minus_exp,-3.97079488630895,-12.775192341412874,4.833602568794975,NA,NA,-0.05354318438000069,-0.17226386620591144,0.06517749744591006,1863,driscoll_kraay,cumulative,lag1_individual_fe_direction_dummy,individual
25,mp_abs_x_ph2m,con_minus_exp,-3.4899236038029646,-10.075172635210059,3.0953254276041298,NA,NA,-0.047058996583990195,-0.13585612994702967,0.041738136779049285,1836,driscoll_kraay,cumulative,lag1_individual_fe_direction_dummy,individual
26,mp_abs_x_ph2m,con_minus_exp,-1.678104287255576,-6.707637695240031,3.351429120728879,NA,NA,-0.022627974960679965,-0.09044745250095906,0.045191502579599134,1809,driscoll_kraay,cumulative,lag1_individual_fe_direction_dummy,individual
27,mp_abs_x_ph2m,con_minus_exp,-2.7848176713870907,-12.849870174131619,7.280234831357437,NA,NA,-0.03755117308070437,-0.17327084064826936,0.09816849448686063,1782,driscoll_kraay,cumulative,lag1_individual_fe_direction_dummy,individual
28,mp_abs_x_ph2m,con_minus_exp,3.8028302390701336,-5.043355373272192,12.649015851412457,NA,NA,0.05127830736320029,-0.06800585635285564,0.1705624710792562,1755,driscoll_kraay,cumulative,lag1_individual_fe_direction_dummy,individual
29,mp_abs_x_ph2m,con_minus_exp,-3.3801443578291757,-7.08578684824989,0.32549813259153826,NA,NA,-0.04557870596798815,-0.09554650959216249,0.004389097656186173,1728,driscoll_kraay,cumulative,lag1_individual_fe_direction_dummy,individual
30,mp_abs_x_ph2m,con_minus_exp,-4.426421490041452,-13.030935013187687,4.1780920331047815,NA,NA,-0.05968696665800194,-0.17571236390492037,0.05633843058891647,1701,driscoll_kraay,cumulative,lag1_individual_fe_direction_dummy,individual
31,mp_abs_x_ph2m,con_minus_exp,-0.35574392684246825,-7.325945187911953,6.6144573342270165,NA,NA,-0.0047969394573028415,-0.09878486428664876,0.08919098537204308,1674,driscoll_kraay,cumulative,lag1_individual_fe_direction_dummy,individual
32,mp_abs_x_ph2m,con_minus_exp,-4.241908331698922,-9.110118070066918,0.6263014066690724,NA,NA,-0.05719894540771425,-0.12284309452271634,0.008445203707287838,1647,driscoll_kraay,cumulative,lag1_individual_fe_direction_dummy,individual
33,mp_abs_x_ph2m,con_minus_exp,-3.823246428158202,-13.973691559964202,6.327198703647798,NA,NA,-0.05155360432715289,-0.18842472731194332,0.0853175186576375,1620,driscoll_kraay,cumulative,lag1_individual_fe_direction_dummy,individual
34,mp_abs_x_ph2m,con_minus_exp,-1.5448617706688985,-7.288358509992249,4.198634968654451,NA,NA,-0.02083129977671261,-0.09827803618705958,0.056615436633634365,1593,driscoll_kraay,cumulative,lag1_individual_fe_direction_dummy,individual
35,mp_abs_x_ph2m,con_minus_exp,-3.198904688765612,-7.088423980114503,0.6906146025832793,NA,NA,-0.04313482526009765,-0.0955820693331474,0.00931241881295209,1566,driscoll_kraay,cumulative,lag1_individual_fe_direction_dummy,individual
36,mp_abs_x_ph2m,con_minus_exp,-5.723029022270821,-14.29644763402069,2.8503895894790494,NA,NA,-0.07717074463052478,-0.19277685036986222,0.03843536110881266,1539,driscoll_kraay,cumulative,lag1_individual_fe_direction_dummy,individual
37,mp_abs_x_ph2m,con_minus_exp,-0.2933935859147825,-7.904904744493326,7.31811757266376,NA,NA,-0.003956191975745007,-0.1065916987301713,0.09867931477868128,1512,driscoll_kraay,cumulative,lag1_individual_fe_direction_dummy,individual
38,mp_abs_x_ph2m,con_minus_exp,-1.5743813922145022,-7.99698014358018,4.848217359151176,NA,NA,-0.021229349684728206,-0.10783326627806153,0.0653745669086051,1485,driscoll_kraay,cumulative,lag1_individual_fe_direction_dummy,individual
39,mp_abs_x_ph2m,con_minus_exp,-5.822464685344012,-13.894518163245227,2.249588792557204,NA,NA,-0.07851155980590255,-0.1873571335681487,0.0303340139563436,1458,driscoll_kraay,cumulative,lag1_individual_fe_direction_dummy,individual
40,mp_abs_x_ph2m,con_minus_exp,0.5193298803244235,-7.067395864010958,8.106055624659804,NA,NA,0.007002773080052464,-0.09529852099334818,0.1093040671534531,1431,driscoll_kraay,cumulative,lag1_individual_fe_direction_dummy,individual
41,mp_abs_x_ph2m,con_minus_exp,-1.379093908902734,-9.845647578333168,7.0874597605276985,NA,NA,-0.01859604476078942,-0.13276115707835723,0.09556906755677838,1404,driscoll_kraay,cumulative,lag1_individual_fe_direction_dummy,individual
42,mp_abs_x_ph2m,con_minus_exp,-7.031151764380822,-14.630924614843993,0.5686210860823493,NA,NA,-0.09480979655284014,-0.19728702104547102,0.00766742793979075,1377,driscoll_kraay,cumulative,lag1_individual_fe_direction_dummy,individual
43,mp_abs_x_ph2m,con_minus_exp,-2.1191098958983394,-11.160871462319705,6.922651670523026,NA,NA,-0.028574604109818214,-0.1504959625612795,0.0933467543416431,1350,driscoll_kraay,cumulative,lag1_individual_fe_direction_dummy,individual
44,mp_abs_x_ph2m,con_minus_exp,-5.206996282650139,-13.511286995324667,3.097294430024389,NA,NA,-0.07021243101455492,-0.18218954932578876,0.041764687296678926,1323,driscoll_kraay,cumulative,lag1_individual_fe_direction_dummy,individual
45,mp_abs_x_ph2m,con_minus_exp,-8.32453901527029,-14.052700624910877,-2.5963774056297044,NA,NA,-0.11225015145203017,-0.18949010516530898,-0.03501019773875138,1296,driscoll_kraay,cumulative,lag1_individual_fe_direction_dummy,individual
46,mp_abs_x_ph2m,con_minus_exp,-6.404743203486632,-16.400768916314192,3.5912825093409277,NA,NA,-0.08636314795136944,-0.22115204114113235,0.04842574523839349,1269,driscoll_kraay,cumulative,lag1_individual_fe_direction_dummy,individual
47,mp_abs_x_ph2m,con_minus_exp,-6.8549163538634605,-12.381332756754222,-1.3284999509727005,NA,NA,-0.09243339450997673,-0.16695296575272497,-0.01791382326722849,1242,driscoll_kraay,cumulative,lag1_individual_fe_direction_dummy,individual
48,mp_abs_x_ph2m,con_minus_exp,-3.2573657296240843,-9.920077633234078,3.4053461739859077,NA,NA,-0.04392312845362817,-0.1337647904230847,0.04591853351582835,1215,driscoll_kraay,cumulative,lag1_individual_fe_direction_dummy,individual
0,mp_abs_x_wh2m,con_minus_exp,-1.961076395239136,-9.525036403735454,5.602883613257183,NA,NA,-0.030899311551953,-0.15007934830954223,0.08828072520563623,2511,driscoll_kraay,cumulative,lag1_individual_fe_direction_dummy,individual
1,mp_abs_x_wh2m,con_minus_exp,3.798722715226021,-0.03249931420704266,7.629944744659085,NA,NA,0.059853821586046095,-5.120690031995244e-4,0.12021971217529173,2484,driscoll_kraay,cumulative,lag1_individual_fe_direction_dummy,individual
2,mp_abs_x_wh2m,con_minus_exp,2.923119521650464,-0.48638537723847897,6.332624420539407,NA,NA,0.046057553404011825,-0.007663634798772486,0.09977874160679615,2457,driscoll_kraay,cumulative,lag1_individual_fe_direction_dummy,individual
3,mp_abs_x_wh2m,con_minus_exp,-1.6228818802925442,-8.552345698231536,5.306581937646446,NA,NA,-0.0255706167046408,-0.1347533399877759,0.08361210657849427,2430,driscoll_kraay,cumulative,lag1_individual_fe_direction_dummy,individual
4,mp_abs_x_wh2m,con_minus_exp,1.3195520186613954,-2.552761051869187,5.191865089191978,NA,NA,0.020791259857398374,-0.04022207357698511,0.08180459329178186,2403,driscoll_kraay,cumulative,lag1_individual_fe_direction_dummy,individual
5,mp_abs_x_wh2m,con_minus_exp,2.7255846837118147,-0.36879902680777077,5.819968394231401,NA,NA,0.04294513487985404,-0.005810908772883771,0.09170117853259185,2376,driscoll_kraay,cumulative,lag1_individual_fe_direction_dummy,individual
6,mp_abs_x_wh2m,con_minus_exp,-0.6185413876721468,-5.948986538439493,4.711903763095199,NA,NA,-0.009745924784907935,-0.09373402735144398,0.0742421777816281,2349,driscoll_kraay,cumulative,lag1_individual_fe_direction_dummy,individual
7,mp_abs_x_wh2m,con_minus_exp,0.7314832312868774,-3.2211114818392073,4.684077944412962,NA,NA,0.011525470559654749,-0.0507528046651063,0.0738037457844158,2322,driscoll_kraay,cumulative,lag1_individual_fe_direction_dummy,individual
8,mp_abs_x_wh2m,con_minus_exp,5.19330057578776,1.3877581572473319,8.99884299432819,NA,NA,0.08182721125182638,0.02186593636211738,0.14178848614153536,2295,driscoll_kraay,cumulative,lag1_individual_fe_direction_dummy,individual
9,mp_abs_x_wh2m,con_minus_exp,0.4348924447553223,-3.2314470614981223,4.101231951008766,NA,NA,0.006852296613588367,-0.05091565517757289,0.06462024840474963,2268,driscoll_kraay,cumulative,lag1_individual_fe_direction_dummy,individual
10,mp_abs_x_wh2m,con_minus_exp,1.8259472321715466,-1.6765697413393115,5.328464205682405,NA,NA,0.02877017567559621,-0.026416538846720197,0.08395689019791261,2241,driscoll_kraay,cumulative,lag1_individual_fe_direction_dummy,individual
11,mp_abs_x_wh2m,con_minus_exp,4.100152134460796,-0.7058992099143575,8.906203478835948,NA,NA,0.06460323448932252,-0.011122360997446734,0.14032882997609178,2214,driscoll_kraay,cumulative,lag1_individual_fe_direction_dummy,individual
12,mp_abs_x_wh2m,con_minus_exp,2.0206074901474054,-2.717266254371923,6.758481234666734,NA,NA,0.031837301450289006,-0.0428140671966061,0.10648867009718412,2187,driscoll_kraay,cumulative,lag1_individual_fe_direction_dummy,individual
13,mp_abs_x_wh2m,con_minus_exp,2.6626805236714866,-0.8578156970326105,6.183176744375584,NA,NA,0.04195399794927924,-0.01351600301809466,0.09742399891665314,2160,driscoll_kraay,cumulative,lag1_individual_fe_direction_dummy,individual
14,mp_abs_x_wh2m,con_minus_exp,4.9629102420395625,1.2734713891918599,8.652349094887265,NA,NA,0.0781971116196415,0.020065199551973275,0.13632902368730976,2133,driscoll_kraay,cumulative,lag1_individual_fe_direction_dummy,individual
15,mp_abs_x_wh2m,con_minus_exp,4.652517097826092,0.7563466108113774,8.548687584840804,NA,NA,0.07330646356027674,0.011917225471409876,0.1346957016491436,2106,driscoll_kraay,cumulative,lag1_individual_fe_direction_dummy,individual
16,mp_abs_x_wh2m,con_minus_exp,5.762932112318142,1.6032716257310935,9.92259259890519,NA,NA,0.09080249766075979,0.02526163161523867,0.1563433637062809,2079,driscoll_kraay,cumulative,lag1_individual_fe_direction_dummy,individual
17,mp_abs_x_wh2m,con_minus_exp,2.749868834524489,-3.548831676621208,9.048569345670185,NA,NA,0.04332776328920977,-0.05591646296267147,0.14257198954109102,2052,driscoll_kraay,cumulative,lag1_individual_fe_direction_dummy,individual
18,mp_abs_x_wh2m,con_minus_exp,4.265294066012461,0.16222851987853493,8.368359612146387,NA,NA,0.06720526060400836,0.002556121521073018,0.1318543996869437,2025,driscoll_kraay,cumulative,lag1_individual_fe_direction_dummy,individual
19,mp_abs_x_wh2m,con_minus_exp,3.257531112840012,-0.6327637336247978,7.147825959304822,NA,NA,0.05132664336289136,-0.00997001636015584,0.11262330308593856,1998,driscoll_kraay,cumulative,lag1_individual_fe_direction_dummy,individual
20,mp_abs_x_wh2m,con_minus_exp,0.08454338259748417,-4.720265342111079,4.889352107306047,NA,NA,0.0013320910520760593,-0.07437392534419385,0.07703810744834595,1971,driscoll_kraay,cumulative,lag1_individual_fe_direction_dummy,individual
21,mp_abs_x_wh2m,con_minus_exp,1.0751845254360255,-4.374041695030732,6.524410745902784,NA,NA,0.016940931882072505,-0.06891872106772579,0.1028005848318708,1944,driscoll_kraay,cumulative,lag1_individual_fe_direction_dummy,individual
22,mp_abs_x_wh2m,con_minus_exp,3.6021163530559916,-0.923171920514045,8.127404626626028,NA,NA,0.0567560324063201,-0.01454577540029992,0.12805784021294012,1917,driscoll_kraay,cumulative,lag1_individual_fe_direction_dummy,individual
23,mp_abs_x_wh2m,con_minus_exp,-1.951184065389066,-6.222887601998995,2.320519471220863,NA,NA,-0.030743445017250907,-0.09804969517442254,0.03656280513992073,1890,driscoll_kraay,cumulative,lag1_individual_fe_direction_dummy,individual
24,mp_abs_x_wh2m,con_minus_exp,3.6932621906719603,-3.79995806935608,11.186482450700002,NA,NA,0.058192153732341226,-0.059873286198559084,0.1762575936632415,1863,driscoll_kraay,cumulative,lag1_individual_fe_direction_dummy,individual
25,mp_abs_x_wh2m,con_minus_exp,2.7937715721142893,-2.665979652915105,8.253522797143683,NA,NA,0.044019508072872554,-0.04200598002534533,0.13004499617109044,1836,driscoll_kraay,cumulative,lag1_individual_fe_direction_dummy,individual
26,mp_abs_x_wh2m,con_minus_exp,1.020295101377679,-3.62426917270195,5.664859375457308,NA,NA,0.016076077550541322,-0.05710507891856025,0.08925723401964288,1809,driscoll_kraay,cumulative,lag1_individual_fe_direction_dummy,individual
27,mp_abs_x_wh2m,con_minus_exp,2.6975467682228453,-5.866389374897112,11.261482911342803,NA,NA,0.04250336102134235,-0.09243260151418463,0.17743932355686934,1782,driscoll_kraay,cumulative,lag1_individual_fe_direction_dummy,individual
28,mp_abs_x_wh2m,con_minus_exp,-2.939380456049734,-10.360593605780506,4.481832693681038,NA,NA,-0.04631376559408698,-0.16324463976282083,0.07061710857464684,1755,driscoll_kraay,cumulative,lag1_individual_fe_direction_dummy,individual
29,mp_abs_x_wh2m,con_minus_exp,3.3240436567382288,0.13697265300571448,6.511114660470743,NA,NA,0.0523746350785702,0.0021581824602019267,0.10259108769693846,1728,driscoll_kraay,cumulative,lag1_individual_fe_direction_dummy,individual
30,mp_abs_x_wh2m,con_minus_exp,3.961983109848261,-3.4653172410925643,11.389283460789088,NA,NA,0.062426201637009,-0.05460058431115654,0.17945298758517453,1701,driscoll_kraay,cumulative,lag1_individual_fe_direction_dummy,individual
31,mp_abs_x_wh2m,con_minus_exp,1.172654907358118,-4.842578558931828,7.1878883736480645,NA,NA,0.01847670463697904,-0.07630112930353018,0.11325453857748825,1674,driscoll_kraay,cumulative,lag1_individual_fe_direction_dummy,individual
32,mp_abs_x_wh2m,con_minus_exp,3.5153937197021334,-0.7523069020985234,7.783094341502789,NA,NA,0.055389604421611276,-0.011853574601713698,0.12263278344493625,1647,driscoll_kraay,cumulative,lag1_individual_fe_direction_dummy,individual
33,mp_abs_x_wh2m,con_minus_exp,3.0365617151085806,-5.90972891516447,11.982852345381632,NA,NA,0.04784498284190063,-0.09311547239085755,0.1888054380746588,1620,driscoll_kraay,cumulative,lag1_individual_fe_direction_dummy,individual
34,mp_abs_x_wh2m,con_minus_exp,1.6110509297394915,-3.2136464619036125,6.4357483213825954,NA,NA,0.025384204677051256,-0.05063518355799826,0.10140359291210076,1593,driscoll_kraay,cumulative,lag1_individual_fe_direction_dummy,individual
35,mp_abs_x_wh2m,con_minus_exp,2.813800741221237,-0.5136892336548287,6.141290716097302,NA,NA,0.0443350937062853,-0.008093842600991075,0.09676403001356168,1566,driscoll_kraay,cumulative,lag1_individual_fe_direction_dummy,individual
36,mp_abs_x_wh2m,con_minus_exp,4.847455407631047,-2.4440203661243105,12.138931181386404,NA,NA,0.07637797040350706,-0.038508722513578814,0.19126466332059291,1539,driscoll_kraay,cumulative,lag1_individual_fe_direction_dummy,individual
37,mp_abs_x_wh2m,con_minus_exp,0.6239450214657023,-5.7304820152419875,6.978372058173392,NA,NA,0.009831066069819159,-0.09029120413752867,0.10995333627716698,1512,driscoll_kraay,cumulative,lag1_individual_fe_direction_dummy,individual
38,mp_abs_x_wh2m,con_minus_exp,1.692595044039536,-3.752723758596143,7.1379138466752154,NA,NA,0.02666903835262966,-0.05912904814253214,0.11246712484779148,1485,driscoll_kraay,cumulative,lag1_individual_fe_direction_dummy,individual
39,mp_abs_x_wh2m,con_minus_exp,5.282281549931882,-1.7312321261656596,12.295795226029423,NA,NA,0.0832292223356119,-0.027277815879589745,0.19373626055081358,1458,driscoll_kraay,cumulative,lag1_individual_fe_direction_dummy,individual
40,mp_abs_x_wh2m,con_minus_exp,0.342740410927551,-6.303475716345954,6.988956538201056,NA,NA,0.005400321356376014,-0.09931946582621168,0.1101201085389637,1431,driscoll_kraay,cumulative,lag1_individual_fe_direction_dummy,individual
41,mp_abs_x_wh2m,con_minus_exp,1.4000494621221165,-5.735817235581114,8.535916159825346,NA,NA,0.022059601871338753,-0.09037526747940416,0.13449447122208166,1404,driscoll_kraay,cumulative,lag1_individual_fe_direction_dummy,individual
42,mp_abs_x_wh2m,con_minus_exp,6.818631006598517,0.578172922052929,13.059089091144106,NA,NA,0.10743640805742428,0.009109867057085247,0.20576294905776332,1377,driscoll_kraay,cumulative,lag1_individual_fe_direction_dummy,individual
43,mp_abs_x_wh2m,con_minus_exp,2.240587689463657,-5.370852762276668,9.85202814120398,NA,NA,0.03530337586250216,-0.08462477708881774,0.15523152881382205,1350,driscoll_kraay,cumulative,lag1_individual_fe_direction_dummy,individual
44,mp_abs_x_wh2m,con_minus_exp,4.031471257106081,-3.0267373763496295,11.089679890561792,NA,NA,0.06352107785728268,-0.04769018759535045,0.17473234330991583,1323,driscoll_kraay,cumulative,lag1_individual_fe_direction_dummy,individual
45,mp_abs_x_wh2m,con_minus_exp,7.611632817629846,2.7616376066235717,12.46162802863612,NA,NA,0.11993118392633277,0.04351319561431261,0.1963491722383529,1296,driscoll_kraay,cumulative,lag1_individual_fe_direction_dummy,individual
46,mp_abs_x_wh2m,con_minus_exp,5.759329594786555,-2.4835891013773543,14.002248290950467,NA,NA,0.09074573530726346,-0.03913217944838704,0.220623650062914,1269,driscoll_kraay,cumulative,lag1_individual_fe_direction_dummy,individual
47,mp_abs_x_wh2m,con_minus_exp,4.831983682109538,0.423077641802017,9.240889722417059,NA,NA,0.07613419322669948,0.006666139012453914,0.14560224744094502,1242,driscoll_kraay,cumulative,lag1_individual_fe_direction_dummy,individual
48,mp_abs_x_wh2m,con_minus_exp,3.171866426123569,-2.525995091659159,8.869727943906296,NA,NA,0.04997688470469841,-0.03980034102973472,0.13975411043913152,1215,driscoll_kraay,cumulative,lag1_individual_fe_direction_dummy,individual
