response_type,shock_variable,shock_type,shock_direction,shock_unit,shock_multiplier,shock_plot_label,spec,with_time_fe,horizon,term,term_label,term_role,household_exposure,baseline_household_type,term_note,estimate,std_error,conf_low,conf_high,n_obs,n_states,identified,note,plot_share_delta,plot_share_delta_pp,plot_estimate,plot_std_error,plot_conf_low,plot_conf_high,plot_effect_label
cumulative,mp_shock,Monthly monetary-policy shock from DI surprise,contractionary_rate_surprise,one-unit positive DI/rate surprise; positive mp_shock is contractionary,1.0,Contractionary Rate Surprise,lag1,False,0,aggregate_response_at_mean_composition,Aggregate response at mean household composition,aggregate_total_irf,sample_mean_composition,Ricardian,Linear combination of mp_shock plus PH2M/WH2M shock-share interactions evaluated at the horizon-specific sample mean lagged household shares. This aggregate level effect is not identified in month-FE specifications.,0.007410531293708722,0.010008615597860957,-0.012206355278098754,0.0270274178655162,2673,27,True,"Aggregate total IRF evaluated at sample mean lagged shares: PH2M=0.4882, WH2M=0.1977.",,,,,,,
cumulative,mp_shock,Monthly monetary-policy shock from DI surprise,contractionary_rate_surprise,one-unit positive DI/rate surprise; positive mp_shock is contractionary,1.0,Contractionary Rate Surprise,lag1,False,1,aggregate_response_at_mean_composition,Aggregate response at mean household composition,aggregate_total_irf,sample_mean_composition,Ricardian,Linear combination of mp_shock plus PH2M/WH2M shock-share interactions evaluated at the horizon-specific sample mean lagged household shares. This aggregate level effect is not identified in month-FE specifications.,0.006238926934336919,0.009619494763010326,-0.012615282801163318,0.025093136669837156,2646,27,True,"Aggregate total IRF evaluated at sample mean lagged shares: PH2M=0.4883, WH2M=0.1976.",,,,,,,
cumulative,mp_shock,Monthly monetary-policy shock from DI surprise,contractionary_rate_surprise,one-unit positive DI/rate surprise; positive mp_shock is contractionary,1.0,Contractionary Rate Surprise,lag1,False,2,aggregate_response_at_mean_composition,Aggregate response at mean household composition,aggregate_total_irf,sample_mean_composition,Ricardian,Linear combination of mp_shock plus PH2M/WH2M shock-share interactions evaluated at the horizon-specific sample mean lagged household shares. This aggregate level effect is not identified in month-FE specifications.,0.0009071530733532063,0.008225841744732539,-0.015215496746322568,0.01702980289302898,2619,27,True,"Aggregate total IRF evaluated at sample mean lagged shares: PH2M=0.4883, WH2M=0.1976.",,,,,,,
cumulative,mp_shock,Monthly monetary-policy shock from DI surprise,contractionary_rate_surprise,one-unit positive DI/rate surprise; positive mp_shock is contractionary,1.0,Contractionary Rate Surprise,lag1,False,3,aggregate_response_at_mean_composition,Aggregate response at mean household composition,aggregate_total_irf,sample_mean_composition,Ricardian,Linear combination of mp_shock plus PH2M/WH2M shock-share interactions evaluated at the horizon-specific sample mean lagged household shares. This aggregate level effect is not identified in month-FE specifications.,-0.006141772946621882,0.012273387776654234,-0.03019761298886418,0.017914067095620417,2592,27,True,"Aggregate total IRF evaluated at sample mean lagged shares: PH2M=0.4884, WH2M=0.1976.",,,,,,,
cumulative,mp_shock,Monthly monetary-policy shock from DI surprise,contractionary_rate_surprise,one-unit positive DI/rate surprise; positive mp_shock is contractionary,1.0,Contractionary Rate Surprise,lag1,False,4,aggregate_response_at_mean_composition,Aggregate response at mean household composition,aggregate_total_irf,sample_mean_composition,Ricardian,Linear combination of mp_shock plus PH2M/WH2M shock-share interactions evaluated at the horizon-specific sample mean lagged household shares. This aggregate level effect is not identified in month-FE specifications.,-0.007845379012751508,0.011760532773496925,-0.03089602324880548,0.015205265223302466,2565,27,True,"Aggregate total IRF evaluated at sample mean lagged shares: PH2M=0.4884, WH2M=0.1975.",,,,,,,
cumulative,mp_shock,Monthly monetary-policy shock from DI surprise,contractionary_rate_surprise,one-unit positive DI/rate surprise; positive mp_shock is contractionary,1.0,Contractionary Rate Surprise,lag1,False,5,aggregate_response_at_mean_composition,Aggregate response at mean household composition,aggregate_total_irf,sample_mean_composition,Ricardian,Linear combination of mp_shock plus PH2M/WH2M shock-share interactions evaluated at the horizon-specific sample mean lagged household shares. This aggregate level effect is not identified in month-FE specifications.,-0.027615892216142468,0.011425967276743845,-0.05001078807856041,-0.005220996353724531,2538,27,True,"Aggregate total IRF evaluated at sample mean lagged shares: PH2M=0.4885, WH2M=0.1975.",,,,,,,
cumulative,mp_shock,Monthly monetary-policy shock from DI surprise,contractionary_rate_surprise,one-unit positive DI/rate surprise; positive mp_shock is contractionary,1.0,Contractionary Rate Surprise,lag1,False,6,aggregate_response_at_mean_composition,Aggregate response at mean household composition,aggregate_total_irf,sample_mean_composition,Ricardian,Linear combination of mp_shock plus PH2M/WH2M shock-share interactions evaluated at the horizon-specific sample mean lagged household shares. This aggregate level effect is not identified in month-FE specifications.,-0.0428036569898696,0.013623239852267393,-0.06950520710031369,-0.01610210687942551,2511,27,True,"Aggregate total IRF evaluated at sample mean lagged shares: PH2M=0.4884, WH2M=0.1974.",,,,,,,
cumulative,mp_shock,Monthly monetary-policy shock from DI surprise,contractionary_rate_surprise,one-unit positive DI/rate surprise; positive mp_shock is contractionary,1.0,Contractionary Rate Surprise,lag1,False,7,aggregate_response_at_mean_composition,Aggregate response at mean household composition,aggregate_total_irf,sample_mean_composition,Ricardian,Linear combination of mp_shock plus PH2M/WH2M shock-share interactions evaluated at the horizon-specific sample mean lagged household shares. This aggregate level effect is not identified in month-FE specifications.,-0.001263071716244235,0.011015296295046773,-0.022853052454535908,0.020326909022047437,2484,27,True,"Aggregate total IRF evaluated at sample mean lagged shares: PH2M=0.4885, WH2M=0.1974.",,,,,,,
cumulative,mp_shock,Monthly monetary-policy shock from DI surprise,contractionary_rate_surprise,one-unit positive DI/rate surprise; positive mp_shock is contractionary,1.0,Contractionary Rate Surprise,lag1,False,8,aggregate_response_at_mean_composition,Aggregate response at mean household composition,aggregate_total_irf,sample_mean_composition,Ricardian,Linear combination of mp_shock plus PH2M/WH2M shock-share interactions evaluated at the horizon-specific sample mean lagged household shares. This aggregate level effect is not identified in month-FE specifications.,0.033149166726517576,0.015069506508633434,0.0036129339695960445,0.06268539948343911,2457,27,True,"Aggregate total IRF evaluated at sample mean lagged shares: PH2M=0.4885, WH2M=0.1974.",,,,,,,
cumulative,mp_shock,Monthly monetary-policy shock from DI surprise,contractionary_rate_surprise,one-unit positive DI/rate surprise; positive mp_shock is contractionary,1.0,Contractionary Rate Surprise,lag1,False,9,aggregate_response_at_mean_composition,Aggregate response at mean household composition,aggregate_total_irf,sample_mean_composition,Ricardian,Linear combination of mp_shock plus PH2M/WH2M shock-share interactions evaluated at the horizon-specific sample mean lagged household shares. This aggregate level effect is not identified in month-FE specifications.,-0.006157693903942142,0.016610890741728397,-0.0387150397577298,0.026399651949845518,2430,27,True,"Aggregate total IRF evaluated at sample mean lagged shares: PH2M=0.4886, WH2M=0.1973.",,,,,,,
cumulative,mp_shock,Monthly monetary-policy shock from DI surprise,contractionary_rate_surprise,one-unit positive DI/rate surprise; positive mp_shock is contractionary,1.0,Contractionary Rate Surprise,lag1,False,10,aggregate_response_at_mean_composition,Aggregate response at mean household composition,aggregate_total_irf,sample_mean_composition,Ricardian,Linear combination of mp_shock plus PH2M/WH2M shock-share interactions evaluated at the horizon-specific sample mean lagged household shares. This aggregate level effect is not identified in month-FE specifications.,-0.02370405175752839,0.015342871700042945,-0.05377608028961256,0.0063679767745557815,2403,27,True,"Aggregate total IRF evaluated at sample mean lagged shares: PH2M=0.4886, WH2M=0.1973.",,,,,,,
cumulative,mp_shock,Monthly monetary-policy shock from DI surprise,contractionary_rate_surprise,one-unit positive DI/rate surprise; positive mp_shock is contractionary,1.0,Contractionary Rate Surprise,lag1,False,11,aggregate_response_at_mean_composition,Aggregate response at mean household composition,aggregate_total_irf,sample_mean_composition,Ricardian,Linear combination of mp_shock plus PH2M/WH2M shock-share interactions evaluated at the horizon-specific sample mean lagged household shares. This aggregate level effect is not identified in month-FE specifications.,-0.015467288550384456,0.01756148184188215,-0.04988779296047347,0.01895321585970456,2376,27,True,"Aggregate total IRF evaluated at sample mean lagged shares: PH2M=0.4886, WH2M=0.1972.",,,,,,,
cumulative,mp_shock,Monthly monetary-policy shock from DI surprise,contractionary_rate_surprise,one-unit positive DI/rate surprise; positive mp_shock is contractionary,1.0,Contractionary Rate Surprise,lag1,False,12,aggregate_response_at_mean_composition,Aggregate response at mean household composition,aggregate_total_irf,sample_mean_composition,Ricardian,Linear combination of mp_shock plus PH2M/WH2M shock-share interactions evaluated at the horizon-specific sample mean lagged household shares. This aggregate level effect is not identified in month-FE specifications.,-0.010112305835569355,0.01874500481903259,-0.04685251528087324,0.026627903609734525,2349,27,True,"Aggregate total IRF evaluated at sample mean lagged shares: PH2M=0.4887, WH2M=0.1972.",,,,,,,
cumulative,mp_shock,Monthly monetary-policy shock from DI surprise,contractionary_rate_surprise,one-unit positive DI/rate surprise; positive mp_shock is contractionary,1.0,Contractionary Rate Surprise,lag1,False,13,aggregate_response_at_mean_composition,Aggregate response at mean household composition,aggregate_total_irf,sample_mean_composition,Ricardian,Linear combination of mp_shock plus PH2M/WH2M shock-share interactions evaluated at the horizon-specific sample mean lagged household shares. This aggregate level effect is not identified in month-FE specifications.,-0.06790951801485294,0.018590486199689026,-0.10434687096624343,-0.031472165063462454,2322,27,True,"Aggregate total IRF evaluated at sample mean lagged shares: PH2M=0.4887, WH2M=0.1972.",,,,,,,
cumulative,mp_shock,Monthly monetary-policy shock from DI surprise,contractionary_rate_surprise,one-unit positive DI/rate surprise; positive mp_shock is contractionary,1.0,Contractionary Rate Surprise,lag1,False,14,aggregate_response_at_mean_composition,Aggregate response at mean household composition,aggregate_total_irf,sample_mean_composition,Ricardian,Linear combination of mp_shock plus PH2M/WH2M shock-share interactions evaluated at the horizon-specific sample mean lagged household shares. This aggregate level effect is not identified in month-FE specifications.,-0.058999595509410974,0.017727037968519762,-0.0937445899277097,-0.024254601091112243,2295,27,True,"Aggregate total IRF evaluated at sample mean lagged shares: PH2M=0.4888, WH2M=0.1971.",,,,,,,
cumulative,mp_shock,Monthly monetary-policy shock from DI surprise,contractionary_rate_surprise,one-unit positive DI/rate surprise; positive mp_shock is contractionary,1.0,Contractionary Rate Surprise,lag1,False,15,aggregate_response_at_mean_composition,Aggregate response at mean household composition,aggregate_total_irf,sample_mean_composition,Ricardian,Linear combination of mp_shock plus PH2M/WH2M shock-share interactions evaluated at the horizon-specific sample mean lagged household shares. This aggregate level effect is not identified in month-FE specifications.,-0.054376104347042375,0.01883448490837237,-0.09129169476745222,-0.01746051392663253,2268,27,True,"Aggregate total IRF evaluated at sample mean lagged shares: PH2M=0.4888, WH2M=0.1971.",,,,,,,
cumulative,mp_shock,Monthly monetary-policy shock from DI surprise,contractionary_rate_surprise,one-unit positive DI/rate surprise; positive mp_shock is contractionary,1.0,Contractionary Rate Surprise,lag1,False,16,aggregate_response_at_mean_composition,Aggregate response at mean household composition,aggregate_total_irf,sample_mean_composition,Ricardian,Linear combination of mp_shock plus PH2M/WH2M shock-share interactions evaluated at the horizon-specific sample mean lagged household shares. This aggregate level effect is not identified in month-FE specifications.,-0.07691410842992065,0.01824046991954256,-0.11266542947222406,-0.041162787387617236,2241,27,True,"Aggregate total IRF evaluated at sample mean lagged shares: PH2M=0.4889, WH2M=0.1971.",,,,,,,
cumulative,mp_shock,Monthly monetary-policy shock from DI surprise,contractionary_rate_surprise,one-unit positive DI/rate surprise; positive mp_shock is contractionary,1.0,Contractionary Rate Surprise,lag1,False,17,aggregate_response_at_mean_composition,Aggregate response at mean household composition,aggregate_total_irf,sample_mean_composition,Ricardian,Linear combination of mp_shock plus PH2M/WH2M shock-share interactions evaluated at the horizon-specific sample mean lagged household shares. This aggregate level effect is not identified in month-FE specifications.,-0.07461137319829644,0.01847417881063473,-0.11082076366714051,-0.038401982729452375,2214,27,True,"Aggregate total IRF evaluated at sample mean lagged shares: PH2M=0.4889, WH2M=0.1970.",,,,,,,
cumulative,mp_shock,Monthly monetary-policy shock from DI surprise,contractionary_rate_surprise,one-unit positive DI/rate surprise; positive mp_shock is contractionary,1.0,Contractionary Rate Surprise,lag1,False,18,aggregate_response_at_mean_composition,Aggregate response at mean household composition,aggregate_total_irf,sample_mean_composition,Ricardian,Linear combination of mp_shock plus PH2M/WH2M shock-share interactions evaluated at the horizon-specific sample mean lagged household shares. This aggregate level effect is not identified in month-FE specifications.,-0.06487072422791275,0.020120656249866694,-0.10430721047765147,-0.025434237978174026,2187,27,True,"Aggregate total IRF evaluated at sample mean lagged shares: PH2M=0.4890, WH2M=0.1970.",,,,,,,
cumulative,mp_shock,Monthly monetary-policy shock from DI surprise,contractionary_rate_surprise,one-unit positive DI/rate surprise; positive mp_shock is contractionary,1.0,Contractionary Rate Surprise,lag1,False,19,aggregate_response_at_mean_composition,Aggregate response at mean household composition,aggregate_total_irf,sample_mean_composition,Ricardian,Linear combination of mp_shock plus PH2M/WH2M shock-share interactions evaluated at the horizon-specific sample mean lagged household shares. This aggregate level effect is not identified in month-FE specifications.,-0.09148472595992209,0.019697386779407203,-0.1300916040475602,-0.05287784787228397,2160,27,True,"Aggregate total IRF evaluated at sample mean lagged shares: PH2M=0.4890, WH2M=0.1970.",,,,,,,
cumulative,mp_shock,Monthly monetary-policy shock from DI surprise,contractionary_rate_surprise,one-unit positive DI/rate surprise; positive mp_shock is contractionary,1.0,Contractionary Rate Surprise,lag1,False,20,aggregate_response_at_mean_composition,Aggregate response at mean household composition,aggregate_total_irf,sample_mean_composition,Ricardian,Linear combination of mp_shock plus PH2M/WH2M shock-share interactions evaluated at the horizon-specific sample mean lagged household shares. This aggregate level effect is not identified in month-FE specifications.,-0.09363678321898021,0.019755840961846283,-0.13235823150419893,-0.054915334933761495,2133,27,True,"Aggregate total IRF evaluated at sample mean lagged shares: PH2M=0.4890, WH2M=0.1969.",,,,,,,
cumulative,mp_shock,Monthly monetary-policy shock from DI surprise,contractionary_rate_surprise,one-unit positive DI/rate surprise; positive mp_shock is contractionary,1.0,Contractionary Rate Surprise,lag1,False,21,aggregate_response_at_mean_composition,Aggregate response at mean household composition,aggregate_total_irf,sample_mean_composition,Ricardian,Linear combination of mp_shock plus PH2M/WH2M shock-share interactions evaluated at the horizon-specific sample mean lagged household shares. This aggregate level effect is not identified in month-FE specifications.,-0.07401835027147957,0.02050399272928769,-0.11420617602088345,-0.033830524522075696,2106,27,True,"Aggregate total IRF evaluated at sample mean lagged shares: PH2M=0.4891, WH2M=0.1969.",,,,,,,
cumulative,mp_shock,Monthly monetary-policy shock from DI surprise,contractionary_rate_surprise,one-unit positive DI/rate surprise; positive mp_shock is contractionary,1.0,Contractionary Rate Surprise,lag1,False,22,aggregate_response_at_mean_composition,Aggregate response at mean household composition,aggregate_total_irf,sample_mean_composition,Ricardian,Linear combination of mp_shock plus PH2M/WH2M shock-share interactions evaluated at the horizon-specific sample mean lagged household shares. This aggregate level effect is not identified in month-FE specifications.,-0.1046744676727199,0.023756547253253765,-0.15123730028909727,-0.05811163505634252,2079,27,True,"Aggregate total IRF evaluated at sample mean lagged shares: PH2M=0.4892, WH2M=0.1968.",,,,,,,
cumulative,mp_shock,Monthly monetary-policy shock from DI surprise,contractionary_rate_surprise,one-unit positive DI/rate surprise; positive mp_shock is contractionary,1.0,Contractionary Rate Surprise,lag1,False,23,aggregate_response_at_mean_composition,Aggregate response at mean household composition,aggregate_total_irf,sample_mean_composition,Ricardian,Linear combination of mp_shock plus PH2M/WH2M shock-share interactions evaluated at the horizon-specific sample mean lagged household shares. This aggregate level effect is not identified in month-FE specifications.,-0.13761833603785922,0.02096335154049366,-0.1787065050572268,-0.09653016701849165,2052,27,True,"Aggregate total IRF evaluated at sample mean lagged shares: PH2M=0.4893, WH2M=0.1968.",,,,,,,
cumulative,mp_shock,Monthly monetary-policy shock from DI surprise,contractionary_rate_surprise,one-unit positive DI/rate surprise; positive mp_shock is contractionary,1.0,Contractionary Rate Surprise,lag1,False,24,aggregate_response_at_mean_composition,Aggregate response at mean household composition,aggregate_total_irf,sample_mean_composition,Ricardian,Linear combination of mp_shock plus PH2M/WH2M shock-share interactions evaluated at the horizon-specific sample mean lagged household shares. This aggregate level effect is not identified in month-FE specifications.,-0.08470420741599077,0.023870220894383096,-0.13148984036898165,-0.037918574462999906,2025,27,True,"Aggregate total IRF evaluated at sample mean lagged shares: PH2M=0.4894, WH2M=0.1967.",,,,,,,
cumulative,mp_shock,Monthly monetary-policy shock from DI surprise,contractionary_rate_surprise,one-unit positive DI/rate surprise; positive mp_shock is contractionary,1.0,Contractionary Rate Surprise,lag1,False,25,aggregate_response_at_mean_composition,Aggregate response at mean household composition,aggregate_total_irf,sample_mean_composition,Ricardian,Linear combination of mp_shock plus PH2M/WH2M shock-share interactions evaluated at the horizon-specific sample mean lagged household shares. This aggregate level effect is not identified in month-FE specifications.,-0.11097924781475177,0.023920318190449666,-0.1578630714680331,-0.06409542416147043,1998,27,True,"Aggregate total IRF evaluated at sample mean lagged shares: PH2M=0.4895, WH2M=0.1967.",,,,,,,
cumulative,mp_shock,Monthly monetary-policy shock from DI surprise,contractionary_rate_surprise,one-unit positive DI/rate surprise; positive mp_shock is contractionary,1.0,Contractionary Rate Surprise,lag1,False,26,aggregate_response_at_mean_composition,Aggregate response at mean household composition,aggregate_total_irf,sample_mean_composition,Ricardian,Linear combination of mp_shock plus PH2M/WH2M shock-share interactions evaluated at the horizon-specific sample mean lagged household shares. This aggregate level effect is not identified in month-FE specifications.,-0.14688673448166967,0.02410806628197114,-0.1941385443943331,-0.09963492456900624,1971,27,True,"Aggregate total IRF evaluated at sample mean lagged shares: PH2M=0.4896, WH2M=0.1966.",,,,,,,
cumulative,mp_shock,Monthly monetary-policy shock from DI surprise,contractionary_rate_surprise,one-unit positive DI/rate surprise; positive mp_shock is contractionary,1.0,Contractionary Rate Surprise,lag1,False,27,aggregate_response_at_mean_composition,Aggregate response at mean household composition,aggregate_total_irf,sample_mean_composition,Ricardian,Linear combination of mp_shock plus PH2M/WH2M shock-share interactions evaluated at the horizon-specific sample mean lagged household shares. This aggregate level effect is not identified in month-FE specifications.,-0.11791864018791098,0.02323560563441177,-0.16346042723135806,-0.07237685314446392,1944,27,True,"Aggregate total IRF evaluated at sample mean lagged shares: PH2M=0.4897, WH2M=0.1966.",,,,,,,
cumulative,mp_shock,Monthly monetary-policy shock from DI surprise,contractionary_rate_surprise,one-unit positive DI/rate surprise; positive mp_shock is contractionary,1.0,Contractionary Rate Surprise,lag1,False,28,aggregate_response_at_mean_composition,Aggregate response at mean household composition,aggregate_total_irf,sample_mean_composition,Ricardian,Linear combination of mp_shock plus PH2M/WH2M shock-share interactions evaluated at the horizon-specific sample mean lagged household shares. This aggregate level effect is not identified in month-FE specifications.,-0.13489887601019557,0.022742019567708,-0.17947323436290324,-0.09032451765748789,1917,27,True,"Aggregate total IRF evaluated at sample mean lagged shares: PH2M=0.4897, WH2M=0.1966.",,,,,,,
cumulative,mp_shock,Monthly monetary-policy shock from DI surprise,contractionary_rate_surprise,one-unit positive DI/rate surprise; positive mp_shock is contractionary,1.0,Contractionary Rate Surprise,lag1,False,29,aggregate_response_at_mean_composition,Aggregate response at mean household composition,aggregate_total_irf,sample_mean_composition,Ricardian,Linear combination of mp_shock plus PH2M/WH2M shock-share interactions evaluated at the horizon-specific sample mean lagged household shares. This aggregate level effect is not identified in month-FE specifications.,-0.07224234521468642,0.021612147832540892,-0.11460215496646657,-0.02988253546290627,1890,27,True,"Aggregate total IRF evaluated at sample mean lagged shares: PH2M=0.4898, WH2M=0.1965.",,,,,,,
cumulative,mp_shock,Monthly monetary-policy shock from DI surprise,contractionary_rate_surprise,one-unit positive DI/rate surprise; positive mp_shock is contractionary,1.0,Contractionary Rate Surprise,lag1,False,30,aggregate_response_at_mean_composition,Aggregate response at mean household composition,aggregate_total_irf,sample_mean_composition,Ricardian,Linear combination of mp_shock plus PH2M/WH2M shock-share interactions evaluated at the horizon-specific sample mean lagged household shares. This aggregate level effect is not identified in month-FE specifications.,0.03980588888216452,0.019070619485829284,0.0024274746899391256,0.07718430307438992,1863,27,True,"Aggregate total IRF evaluated at sample mean lagged shares: PH2M=0.4898, WH2M=0.1965.",,,,,,,
cumulative,mp_shock,Monthly monetary-policy shock from DI surprise,contractionary_rate_surprise,one-unit positive DI/rate surprise; positive mp_shock is contractionary,1.0,Contractionary Rate Surprise,lag1,False,31,aggregate_response_at_mean_composition,Aggregate response at mean household composition,aggregate_total_irf,sample_mean_composition,Ricardian,Linear combination of mp_shock plus PH2M/WH2M shock-share interactions evaluated at the horizon-specific sample mean lagged household shares. This aggregate level effect is not identified in month-FE specifications.,-0.11208763920362608,0.018625726638518275,-0.14859406341512188,-0.07558121499213026,1836,27,True,"Aggregate total IRF evaluated at sample mean lagged shares: PH2M=0.4899, WH2M=0.1964.",,,,,,,
cumulative,mp_shock,Monthly monetary-policy shock from DI surprise,contractionary_rate_surprise,one-unit positive DI/rate surprise; positive mp_shock is contractionary,1.0,Contractionary Rate Surprise,lag1,False,32,aggregate_response_at_mean_composition,Aggregate response at mean household composition,aggregate_total_irf,sample_mean_composition,Ricardian,Linear combination of mp_shock plus PH2M/WH2M shock-share interactions evaluated at the horizon-specific sample mean lagged household shares. This aggregate level effect is not identified in month-FE specifications.,-0.029406451836487046,0.01637441695766065,-0.06150030907350192,0.00268740540052783,1809,27,True,"Aggregate total IRF evaluated at sample mean lagged shares: PH2M=0.4900, WH2M=0.1964.",,,,,,,
cumulative,mp_shock,Monthly monetary-policy shock from DI surprise,contractionary_rate_surprise,one-unit positive DI/rate surprise; positive mp_shock is contractionary,1.0,Contractionary Rate Surprise,lag1,False,33,aggregate_response_at_mean_composition,Aggregate response at mean household composition,aggregate_total_irf,sample_mean_composition,Ricardian,Linear combination of mp_shock plus PH2M/WH2M shock-share interactions evaluated at the horizon-specific sample mean lagged household shares. This aggregate level effect is not identified in month-FE specifications.,0.15752327636073896,0.02410139279305946,0.11028454648634242,0.2047620062351355,1782,27,True,"Aggregate total IRF evaluated at sample mean lagged shares: PH2M=0.4901, WH2M=0.1963.",,,,,,,
cumulative,mp_shock,Monthly monetary-policy shock from DI surprise,contractionary_rate_surprise,one-unit positive DI/rate surprise; positive mp_shock is contractionary,1.0,Contractionary Rate Surprise,lag1,False,34,aggregate_response_at_mean_composition,Aggregate response at mean household composition,aggregate_total_irf,sample_mean_composition,Ricardian,Linear combination of mp_shock plus PH2M/WH2M shock-share interactions evaluated at the horizon-specific sample mean lagged household shares. This aggregate level effect is not identified in month-FE specifications.,-0.14965753822708805,0.018981939255189175,-0.18686213916725883,-0.11245293728691727,1755,27,True,"Aggregate total IRF evaluated at sample mean lagged shares: PH2M=0.4901, WH2M=0.1963.",,,,,,,
cumulative,mp_shock,Monthly monetary-policy shock from DI surprise,contractionary_rate_surprise,one-unit positive DI/rate surprise; positive mp_shock is contractionary,1.0,Contractionary Rate Surprise,lag1,False,35,aggregate_response_at_mean_composition,Aggregate response at mean household composition,aggregate_total_irf,sample_mean_composition,Ricardian,Linear combination of mp_shock plus PH2M/WH2M shock-share interactions evaluated at the horizon-specific sample mean lagged household shares. This aggregate level effect is not identified in month-FE specifications.,-0.10171108221862268,0.01822609173529062,-0.1374342220197923,-0.06598794241745307,1728,27,True,"Aggregate total IRF evaluated at sample mean lagged shares: PH2M=0.4902, WH2M=0.1963.",,,,,,,
cumulative,mp_shock,Monthly monetary-policy shock from DI surprise,contractionary_rate_surprise,one-unit positive DI/rate surprise; positive mp_shock is contractionary,1.0,Contractionary Rate Surprise,lag1,False,36,aggregate_response_at_mean_composition,Aggregate response at mean household composition,aggregate_total_irf,sample_mean_composition,Ricardian,Linear combination of mp_shock plus PH2M/WH2M shock-share interactions evaluated at the horizon-specific sample mean lagged household shares. This aggregate level effect is not identified in month-FE specifications.,-0.10921793723226159,0.02251261718375486,-0.1533426669124211,-0.06509320755210206,1701,27,True,"Aggregate total IRF evaluated at sample mean lagged shares: PH2M=0.4902, WH2M=0.1962.",,,,,,,
cumulative,mp_shock,Monthly monetary-policy shock from DI surprise,contractionary_rate_surprise,one-unit positive DI/rate surprise; positive mp_shock is contractionary,1.0,Contractionary Rate Surprise,lag1,False,37,aggregate_response_at_mean_composition,Aggregate response at mean household composition,aggregate_total_irf,sample_mean_composition,Ricardian,Linear combination of mp_shock plus PH2M/WH2M shock-share interactions evaluated at the horizon-specific sample mean lagged household shares. This aggregate level effect is not identified in month-FE specifications.,-0.09705825799659129,0.01933976589076103,-0.13496419914248292,-0.059152316850699674,1674,27,True,"Aggregate total IRF evaluated at sample mean lagged shares: PH2M=0.4903, WH2M=0.1962.",,,,,,,
cumulative,mp_shock,Monthly monetary-policy shock from DI surprise,contractionary_rate_surprise,one-unit positive DI/rate surprise; positive mp_shock is contractionary,1.0,Contractionary Rate Surprise,lag1,False,38,aggregate_response_at_mean_composition,Aggregate response at mean household composition,aggregate_total_irf,sample_mean_composition,Ricardian,Linear combination of mp_shock plus PH2M/WH2M shock-share interactions evaluated at the horizon-specific sample mean lagged household shares. This aggregate level effect is not identified in month-FE specifications.,-0.029182842477090076,0.01832056955375644,-0.0650911588024527,0.006725473848272545,1647,27,True,"Aggregate total IRF evaluated at sample mean lagged shares: PH2M=0.4903, WH2M=0.1962.",,,,,,,
cumulative,mp_shock,Monthly monetary-policy shock from DI surprise,contractionary_rate_surprise,one-unit positive DI/rate surprise; positive mp_shock is contractionary,1.0,Contractionary Rate Surprise,lag1,False,39,aggregate_response_at_mean_composition,Aggregate response at mean household composition,aggregate_total_irf,sample_mean_composition,Ricardian,Linear combination of mp_shock plus PH2M/WH2M shock-share interactions evaluated at the horizon-specific sample mean lagged household shares. This aggregate level effect is not identified in month-FE specifications.,0.14992541961783395,0.022248031947901287,0.10631927699994743,0.1935315622357205,1620,27,True,"Aggregate total IRF evaluated at sample mean lagged shares: PH2M=0.4903, WH2M=0.1961.",,,,,,,
cumulative,mp_shock,Monthly monetary-policy shock from DI surprise,contractionary_rate_surprise,one-unit positive DI/rate surprise; positive mp_shock is contractionary,1.0,Contractionary Rate Surprise,lag1,False,40,aggregate_response_at_mean_composition,Aggregate response at mean household composition,aggregate_total_irf,sample_mean_composition,Ricardian,Linear combination of mp_shock plus PH2M/WH2M shock-share interactions evaluated at the horizon-specific sample mean lagged household shares. This aggregate level effect is not identified in month-FE specifications.,-0.058230749501829826,0.019623614266400306,-0.09669303346397443,-0.019768465539685226,1593,27,True,"Aggregate total IRF evaluated at sample mean lagged shares: PH2M=0.4904, WH2M=0.1961.",,,,,,,
cumulative,mp_shock,Monthly monetary-policy shock from DI surprise,contractionary_rate_surprise,one-unit positive DI/rate surprise; positive mp_shock is contractionary,1.0,Contractionary Rate Surprise,lag1,False,41,aggregate_response_at_mean_composition,Aggregate response at mean household composition,aggregate_total_irf,sample_mean_composition,Ricardian,Linear combination of mp_shock plus PH2M/WH2M shock-share interactions evaluated at the horizon-specific sample mean lagged household shares. This aggregate level effect is not identified in month-FE specifications.,-0.007337817646799527,0.02131931461930319,-0.04912367430063378,0.03444803900703473,1566,27,True,"Aggregate total IRF evaluated at sample mean lagged shares: PH2M=0.4904, WH2M=0.1961.",,,,,,,
cumulative,mp_shock,Monthly monetary-policy shock from DI surprise,contractionary_rate_surprise,one-unit positive DI/rate surprise; positive mp_shock is contractionary,1.0,Contractionary Rate Surprise,lag1,False,42,aggregate_response_at_mean_composition,Aggregate response at mean household composition,aggregate_total_irf,sample_mean_composition,Ricardian,Linear combination of mp_shock plus PH2M/WH2M shock-share interactions evaluated at the horizon-specific sample mean lagged household shares. This aggregate level effect is not identified in month-FE specifications.,-0.025131548926644487,0.018968477101868123,-0.062309764046306004,0.01204666619301703,1539,27,True,"Aggregate total IRF evaluated at sample mean lagged shares: PH2M=0.4904, WH2M=0.1960.",,,,,,,
cumulative,mp_shock,Monthly monetary-policy shock from DI surprise,contractionary_rate_surprise,one-unit positive DI/rate surprise; positive mp_shock is contractionary,1.0,Contractionary Rate Surprise,lag1,False,43,aggregate_response_at_mean_composition,Aggregate response at mean household composition,aggregate_total_irf,sample_mean_composition,Ricardian,Linear combination of mp_shock plus PH2M/WH2M shock-share interactions evaluated at the horizon-specific sample mean lagged household shares. This aggregate level effect is not identified in month-FE specifications.,-0.040906611874211296,0.01548532380380336,-0.07125784652966588,-0.010555377218756712,1512,27,True,"Aggregate total IRF evaluated at sample mean lagged shares: PH2M=0.4905, WH2M=0.1960.",,,,,,,
cumulative,mp_shock,Monthly monetary-policy shock from DI surprise,contractionary_rate_surprise,one-unit positive DI/rate surprise; positive mp_shock is contractionary,1.0,Contractionary Rate Surprise,lag1,False,44,aggregate_response_at_mean_composition,Aggregate response at mean household composition,aggregate_total_irf,sample_mean_composition,Ricardian,Linear combination of mp_shock plus PH2M/WH2M shock-share interactions evaluated at the horizon-specific sample mean lagged household shares. This aggregate level effect is not identified in month-FE specifications.,-0.029093029467097353,0.020862480192785502,-0.06998349064495693,0.011797431710762231,1485,27,True,"Aggregate total IRF evaluated at sample mean lagged shares: PH2M=0.4905, WH2M=0.1960.",,,,,,,
cumulative,mp_shock,Monthly monetary-policy shock from DI surprise,contractionary_rate_surprise,one-unit positive DI/rate surprise; positive mp_shock is contractionary,1.0,Contractionary Rate Surprise,lag1,False,45,aggregate_response_at_mean_composition,Aggregate response at mean household composition,aggregate_total_irf,sample_mean_composition,Ricardian,Linear combination of mp_shock plus PH2M/WH2M shock-share interactions evaluated at the horizon-specific sample mean lagged household shares. This aggregate level effect is not identified in month-FE specifications.,-0.11115910691825057,0.01765763429451159,-0.14576807013549328,-0.07655014370100785,1458,27,True,"Aggregate total IRF evaluated at sample mean lagged shares: PH2M=0.4905, WH2M=0.1959.",,,,,,,
cumulative,mp_shock,Monthly monetary-policy shock from DI surprise,contractionary_rate_surprise,one-unit positive DI/rate surprise; positive mp_shock is contractionary,1.0,Contractionary Rate Surprise,lag1,False,46,aggregate_response_at_mean_composition,Aggregate response at mean household composition,aggregate_total_irf,sample_mean_composition,Ricardian,Linear combination of mp_shock plus PH2M/WH2M shock-share interactions evaluated at the horizon-specific sample mean lagged household shares. This aggregate level effect is not identified in month-FE specifications.,-0.08252780074261501,0.022453005851405625,-0.12653569221137004,-0.03851990927385999,1431,27,True,"Aggregate total IRF evaluated at sample mean lagged shares: PH2M=0.4905, WH2M=0.1959.",,,,,,,
cumulative,mp_shock,Monthly monetary-policy shock from DI surprise,contractionary_rate_surprise,one-unit positive DI/rate surprise; positive mp_shock is contractionary,1.0,Contractionary Rate Surprise,lag1,False,47,aggregate_response_at_mean_composition,Aggregate response at mean household composition,aggregate_total_irf,sample_mean_composition,Ricardian,Linear combination of mp_shock plus PH2M/WH2M shock-share interactions evaluated at the horizon-specific sample mean lagged household shares. This aggregate level effect is not identified in month-FE specifications.,-0.10313530825448108,0.01941870005035474,-0.1411959603531764,-0.0650746561557858,1404,27,True,"Aggregate total IRF evaluated at sample mean lagged shares: PH2M=0.4905, WH2M=0.1959.",,,,,,,
cumulative,mp_shock,Monthly monetary-policy shock from DI surprise,contractionary_rate_surprise,one-unit positive DI/rate surprise; positive mp_shock is contractionary,1.0,Contractionary Rate Surprise,lag1,False,48,aggregate_response_at_mean_composition,Aggregate response at mean household composition,aggregate_total_irf,sample_mean_composition,Ricardian,Linear combination of mp_shock plus PH2M/WH2M shock-share interactions evaluated at the horizon-specific sample mean lagged household shares. This aggregate level effect is not identified in month-FE specifications.,-0.07961065612594054,0.017685722914229728,-0.1142746730378308,-0.044946639214050274,1377,27,True,"Aggregate total IRF evaluated at sample mean lagged shares: PH2M=0.4905, WH2M=0.1959.",,,,,,,
cumulative,mp_shock,Monthly monetary-policy shock from DI surprise,contractionary_rate_surprise,one-unit positive DI/rate surprise; positive mp_shock is contractionary,1.0,Contractionary Rate Surprise,lag2,False,0,aggregate_response_at_mean_composition,Aggregate response at mean household composition,aggregate_total_irf,sample_mean_composition,Ricardian,Linear combination of mp_shock plus PH2M/WH2M shock-share interactions evaluated at the horizon-specific sample mean lagged household shares. This aggregate level effect is not identified in month-FE specifications.,0.006708063202277903,0.009090599112105475,-0.01110951105744883,0.024525637462004635,2646,27,True,"Aggregate total IRF evaluated at sample mean lagged shares: PH2M=0.4882, WH2M=0.1977.",,,,,,,
cumulative,mp_shock,Monthly monetary-policy shock from DI surprise,contractionary_rate_surprise,one-unit positive DI/rate surprise; positive mp_shock is contractionary,1.0,Contractionary Rate Surprise,lag2,False,1,aggregate_response_at_mean_composition,Aggregate response at mean household composition,aggregate_total_irf,sample_mean_composition,Ricardian,Linear combination of mp_shock plus PH2M/WH2M shock-share interactions evaluated at the horizon-specific sample mean lagged household shares. This aggregate level effect is not identified in month-FE specifications.,-0.0014704234546749628,0.008739416142012341,-0.018599679093019152,0.015658832183669227,2619,27,True,"Aggregate total IRF evaluated at sample mean lagged shares: PH2M=0.4883, WH2M=0.1977.",,,,,,,
cumulative,mp_shock,Monthly monetary-policy shock from DI surprise,contractionary_rate_surprise,one-unit positive DI/rate surprise; positive mp_shock is contractionary,1.0,Contractionary Rate Surprise,lag2,False,2,aggregate_response_at_mean_composition,Aggregate response at mean household composition,aggregate_total_irf,sample_mean_composition,Ricardian,Linear combination of mp_shock plus PH2M/WH2M shock-share interactions evaluated at the horizon-specific sample mean lagged household shares. This aggregate level effect is not identified in month-FE specifications.,-0.004546759763286168,0.008799453404473467,-0.021793688436054164,0.012700168909481828,2592,27,True,"Aggregate total IRF evaluated at sample mean lagged shares: PH2M=0.4883, WH2M=0.1976.",,,,,,,
cumulative,mp_shock,Monthly monetary-policy shock from DI surprise,contractionary_rate_surprise,one-unit positive DI/rate surprise; positive mp_shock is contractionary,1.0,Contractionary Rate Surprise,lag2,False,3,aggregate_response_at_mean_composition,Aggregate response at mean household composition,aggregate_total_irf,sample_mean_composition,Ricardian,Linear combination of mp_shock plus PH2M/WH2M shock-share interactions evaluated at the horizon-specific sample mean lagged household shares. This aggregate level effect is not identified in month-FE specifications.,-0.013805963357219064,0.01243572627477012,-0.0381799868557685,0.010568060141330368,2565,27,True,"Aggregate total IRF evaluated at sample mean lagged shares: PH2M=0.4883, WH2M=0.1976.",,,,,,,
cumulative,mp_shock,Monthly monetary-policy shock from DI surprise,contractionary_rate_surprise,one-unit positive DI/rate surprise; positive mp_shock is contractionary,1.0,Contractionary Rate Surprise,lag2,False,4,aggregate_response_at_mean_composition,Aggregate response at mean household composition,aggregate_total_irf,sample_mean_composition,Ricardian,Linear combination of mp_shock plus PH2M/WH2M shock-share interactions evaluated at the horizon-specific sample mean lagged household shares. This aggregate level effect is not identified in month-FE specifications.,-0.016809104432509492,0.011623918398585672,-0.03959198449373741,0.005973775628718425,2538,27,True,"Aggregate total IRF evaluated at sample mean lagged shares: PH2M=0.4884, WH2M=0.1975.",,,,,,,
cumulative,mp_shock,Monthly monetary-policy shock from DI surprise,contractionary_rate_surprise,one-unit positive DI/rate surprise; positive mp_shock is contractionary,1.0,Contractionary Rate Surprise,lag2,False,5,aggregate_response_at_mean_composition,Aggregate response at mean household composition,aggregate_total_irf,sample_mean_composition,Ricardian,Linear combination of mp_shock plus PH2M/WH2M shock-share interactions evaluated at the horizon-specific sample mean lagged household shares. This aggregate level effect is not identified in month-FE specifications.,-0.03474194453248469,0.011250190761090002,-0.0567923184242211,-0.012691570640748287,2511,27,True,"Aggregate total IRF evaluated at sample mean lagged shares: PH2M=0.4884, WH2M=0.1975.",,,,,,,
cumulative,mp_shock,Monthly monetary-policy shock from DI surprise,contractionary_rate_surprise,one-unit positive DI/rate surprise; positive mp_shock is contractionary,1.0,Contractionary Rate Surprise,lag2,False,6,aggregate_response_at_mean_composition,Aggregate response at mean household composition,aggregate_total_irf,sample_mean_composition,Ricardian,Linear combination of mp_shock plus PH2M/WH2M shock-share interactions evaluated at the horizon-specific sample mean lagged household shares. This aggregate level effect is not identified in month-FE specifications.,-0.050498783627419,0.013370689723288564,-0.07670533548506459,-0.024292231769773413,2484,27,True,"Aggregate total IRF evaluated at sample mean lagged shares: PH2M=0.4884, WH2M=0.1974.",,,,,,,
cumulative,mp_shock,Monthly monetary-policy shock from DI surprise,contractionary_rate_surprise,one-unit positive DI/rate surprise; positive mp_shock is contractionary,1.0,Contractionary Rate Surprise,lag2,False,7,aggregate_response_at_mean_composition,Aggregate response at mean household composition,aggregate_total_irf,sample_mean_composition,Ricardian,Linear combination of mp_shock plus PH2M/WH2M shock-share interactions evaluated at the horizon-specific sample mean lagged household shares. This aggregate level effect is not identified in month-FE specifications.,-0.005804253438125906,0.011473696286197302,-0.028292698159072618,0.016684191282820806,2457,27,True,"Aggregate total IRF evaluated at sample mean lagged shares: PH2M=0.4884, WH2M=0.1974.",,,,,,,
cumulative,mp_shock,Monthly monetary-policy shock from DI surprise,contractionary_rate_surprise,one-unit positive DI/rate surprise; positive mp_shock is contractionary,1.0,Contractionary Rate Surprise,lag2,False,8,aggregate_response_at_mean_composition,Aggregate response at mean household composition,aggregate_total_irf,sample_mean_composition,Ricardian,Linear combination of mp_shock plus PH2M/WH2M shock-share interactions evaluated at the horizon-specific sample mean lagged household shares. This aggregate level effect is not identified in month-FE specifications.,0.030442684038594736,0.015536630830968469,-9.112390103462042e-06,0.060894480467292934,2430,27,True,"Aggregate total IRF evaluated at sample mean lagged shares: PH2M=0.4885, WH2M=0.1974.",,,,,,,
cumulative,mp_shock,Monthly monetary-policy shock from DI surprise,contractionary_rate_surprise,one-unit positive DI/rate surprise; positive mp_shock is contractionary,1.0,Contractionary Rate Surprise,lag2,False,9,aggregate_response_at_mean_composition,Aggregate response at mean household composition,aggregate_total_irf,sample_mean_composition,Ricardian,Linear combination of mp_shock plus PH2M/WH2M shock-share interactions evaluated at the horizon-specific sample mean lagged household shares. This aggregate level effect is not identified in month-FE specifications.,-0.006477359067081835,0.016782233740381035,-0.03937053719822866,0.02641581906406499,2403,27,True,"Aggregate total IRF evaluated at sample mean lagged shares: PH2M=0.4885, WH2M=0.1973.",,,,,,,
cumulative,mp_shock,Monthly monetary-policy shock from DI surprise,contractionary_rate_surprise,one-unit positive DI/rate surprise; positive mp_shock is contractionary,1.0,Contractionary Rate Surprise,lag2,False,10,aggregate_response_at_mean_composition,Aggregate response at mean household composition,aggregate_total_irf,sample_mean_composition,Ricardian,Linear combination of mp_shock plus PH2M/WH2M shock-share interactions evaluated at the horizon-specific sample mean lagged household shares. This aggregate level effect is not identified in month-FE specifications.,-0.024103155534689308,0.014662839395883316,-0.052842320750620606,0.00463600968124199,2376,27,True,"Aggregate total IRF evaluated at sample mean lagged shares: PH2M=0.4886, WH2M=0.1973.",,,,,,,
cumulative,mp_shock,Monthly monetary-policy shock from DI surprise,contractionary_rate_surprise,one-unit positive DI/rate surprise; positive mp_shock is contractionary,1.0,Contractionary Rate Surprise,lag2,False,11,aggregate_response_at_mean_composition,Aggregate response at mean household composition,aggregate_total_irf,sample_mean_composition,Ricardian,Linear combination of mp_shock plus PH2M/WH2M shock-share interactions evaluated at the horizon-specific sample mean lagged household shares. This aggregate level effect is not identified in month-FE specifications.,-0.014175507090437175,0.017407230746343247,-0.04829367935326994,0.01994266517239559,2349,27,True,"Aggregate total IRF evaluated at sample mean lagged shares: PH2M=0.4886, WH2M=0.1972.",,,,,,,
cumulative,mp_shock,Monthly monetary-policy shock from DI surprise,contractionary_rate_surprise,one-unit positive DI/rate surprise; positive mp_shock is contractionary,1.0,Contractionary Rate Surprise,lag2,False,12,aggregate_response_at_mean_composition,Aggregate response at mean household composition,aggregate_total_irf,sample_mean_composition,Ricardian,Linear combination of mp_shock plus PH2M/WH2M shock-share interactions evaluated at the horizon-specific sample mean lagged household shares. This aggregate level effect is not identified in month-FE specifications.,-0.009556922684147602,0.018876063739306788,-0.046554007613188904,0.0274401622448937,2322,27,True,"Aggregate total IRF evaluated at sample mean lagged shares: PH2M=0.4886, WH2M=0.1972.",,,,,,,
cumulative,mp_shock,Monthly monetary-policy shock from DI surprise,contractionary_rate_surprise,one-unit positive DI/rate surprise; positive mp_shock is contractionary,1.0,Contractionary Rate Surprise,lag2,False,13,aggregate_response_at_mean_composition,Aggregate response at mean household composition,aggregate_total_irf,sample_mean_composition,Ricardian,Linear combination of mp_shock plus PH2M/WH2M shock-share interactions evaluated at the horizon-specific sample mean lagged household shares. This aggregate level effect is not identified in month-FE specifications.,-0.06724217797372153,0.01852773810721411,-0.10355654466386119,-0.03092781128358188,2295,27,True,"Aggregate total IRF evaluated at sample mean lagged shares: PH2M=0.4887, WH2M=0.1972.",,,,,,,
cumulative,mp_shock,Monthly monetary-policy shock from DI surprise,contractionary_rate_surprise,one-unit positive DI/rate surprise; positive mp_shock is contractionary,1.0,Contractionary Rate Surprise,lag2,False,14,aggregate_response_at_mean_composition,Aggregate response at mean household composition,aggregate_total_irf,sample_mean_composition,Ricardian,Linear combination of mp_shock plus PH2M/WH2M shock-share interactions evaluated at the horizon-specific sample mean lagged household shares. This aggregate level effect is not identified in month-FE specifications.,-0.05707294453415386,0.017222557193675513,-0.09082915663375787,-0.023316732434549854,2268,27,True,"Aggregate total IRF evaluated at sample mean lagged shares: PH2M=0.4888, WH2M=0.1971.",,,,,,,
cumulative,mp_shock,Monthly monetary-policy shock from DI surprise,contractionary_rate_surprise,one-unit positive DI/rate surprise; positive mp_shock is contractionary,1.0,Contractionary Rate Surprise,lag2,False,15,aggregate_response_at_mean_composition,Aggregate response at mean household composition,aggregate_total_irf,sample_mean_composition,Ricardian,Linear combination of mp_shock plus PH2M/WH2M shock-share interactions evaluated at the horizon-specific sample mean lagged household shares. This aggregate level effect is not identified in month-FE specifications.,-0.04810267503877008,0.018703922097510813,-0.08476236234989128,-0.011442987727648887,2241,27,True,"Aggregate total IRF evaluated at sample mean lagged shares: PH2M=0.4888, WH2M=0.1971.",,,,,,,
cumulative,mp_shock,Monthly monetary-policy shock from DI surprise,contractionary_rate_surprise,one-unit positive DI/rate surprise; positive mp_shock is contractionary,1.0,Contractionary Rate Surprise,lag2,False,16,aggregate_response_at_mean_composition,Aggregate response at mean household composition,aggregate_total_irf,sample_mean_composition,Ricardian,Linear combination of mp_shock plus PH2M/WH2M shock-share interactions evaluated at the horizon-specific sample mean lagged household shares. This aggregate level effect is not identified in month-FE specifications.,-0.07796273921184432,0.01871594366821592,-0.11464598880154753,-0.041279489622141126,2214,27,True,"Aggregate total IRF evaluated at sample mean lagged shares: PH2M=0.4889, WH2M=0.1971.",,,,,,,
cumulative,mp_shock,Monthly monetary-policy shock from DI surprise,contractionary_rate_surprise,one-unit positive DI/rate surprise; positive mp_shock is contractionary,1.0,Contractionary Rate Surprise,lag2,False,17,aggregate_response_at_mean_composition,Aggregate response at mean household composition,aggregate_total_irf,sample_mean_composition,Ricardian,Linear combination of mp_shock plus PH2M/WH2M shock-share interactions evaluated at the horizon-specific sample mean lagged household shares. This aggregate level effect is not identified in month-FE specifications.,-0.06950770775520942,0.018314395042814586,-0.10540392203912602,-0.03361149347129284,2187,27,True,"Aggregate total IRF evaluated at sample mean lagged shares: PH2M=0.4889, WH2M=0.1970.",,,,,,,
cumulative,mp_shock,Monthly monetary-policy shock from DI surprise,contractionary_rate_surprise,one-unit positive DI/rate surprise; positive mp_shock is contractionary,1.0,Contractionary Rate Surprise,lag2,False,18,aggregate_response_at_mean_composition,Aggregate response at mean household composition,aggregate_total_irf,sample_mean_composition,Ricardian,Linear combination of mp_shock plus PH2M/WH2M shock-share interactions evaluated at the horizon-specific sample mean lagged household shares. This aggregate level effect is not identified in month-FE specifications.,-0.0611587842116464,0.020186278701465738,-0.10072389046651925,-0.021593677956773555,2160,27,True,"Aggregate total IRF evaluated at sample mean lagged shares: PH2M=0.4889, WH2M=0.1970.",,,,,,,
cumulative,mp_shock,Monthly monetary-policy shock from DI surprise,contractionary_rate_surprise,one-unit positive DI/rate surprise; positive mp_shock is contractionary,1.0,Contractionary Rate Surprise,lag2,False,19,aggregate_response_at_mean_composition,Aggregate response at mean household composition,aggregate_total_irf,sample_mean_composition,Ricardian,Linear combination of mp_shock plus PH2M/WH2M shock-share interactions evaluated at the horizon-specific sample mean lagged household shares. This aggregate level effect is not identified in month-FE specifications.,-0.08871371162594723,0.020083065473208428,-0.12807651995343575,-0.04935090329845871,2133,27,True,"Aggregate total IRF evaluated at sample mean lagged shares: PH2M=0.4890, WH2M=0.1970.",,,,,,,
cumulative,mp_shock,Monthly monetary-policy shock from DI surprise,contractionary_rate_surprise,one-unit positive DI/rate surprise; positive mp_shock is contractionary,1.0,Contractionary Rate Surprise,lag2,False,20,aggregate_response_at_mean_composition,Aggregate response at mean household composition,aggregate_total_irf,sample_mean_composition,Ricardian,Linear combination of mp_shock plus PH2M/WH2M shock-share interactions evaluated at the horizon-specific sample mean lagged household shares. This aggregate level effect is not identified in month-FE specifications.,-0.0838129791759256,0.02021037624347283,-0.12342531661313236,-0.044200641738718856,2106,27,True,"Aggregate total IRF evaluated at sample mean lagged shares: PH2M=0.4890, WH2M=0.1969.",,,,,,,
cumulative,mp_shock,Monthly monetary-policy shock from DI surprise,contractionary_rate_surprise,one-unit positive DI/rate surprise; positive mp_shock is contractionary,1.0,Contractionary Rate Surprise,lag2,False,21,aggregate_response_at_mean_composition,Aggregate response at mean household composition,aggregate_total_irf,sample_mean_composition,Ricardian,Linear combination of mp_shock plus PH2M/WH2M shock-share interactions evaluated at the horizon-specific sample mean lagged household shares. This aggregate level effect is not identified in month-FE specifications.,-0.06609221903693119,0.020901462443247382,-0.10705908542569606,-0.025125352648166316,2079,27,True,"Aggregate total IRF evaluated at sample mean lagged shares: PH2M=0.4891, WH2M=0.1969.",,,,,,,
cumulative,mp_shock,Monthly monetary-policy shock from DI surprise,contractionary_rate_surprise,one-unit positive DI/rate surprise; positive mp_shock is contractionary,1.0,Contractionary Rate Surprise,lag2,False,22,aggregate_response_at_mean_composition,Aggregate response at mean household composition,aggregate_total_irf,sample_mean_composition,Ricardian,Linear combination of mp_shock plus PH2M/WH2M shock-share interactions evaluated at the horizon-specific sample mean lagged household shares. This aggregate level effect is not identified in month-FE specifications.,-0.09644849100353658,0.024076494088821808,-0.14363841941762734,-0.049258562589445845,2052,27,True,"Aggregate total IRF evaluated at sample mean lagged shares: PH2M=0.4892, WH2M=0.1968.",,,,,,,
cumulative,mp_shock,Monthly monetary-policy shock from DI surprise,contractionary_rate_surprise,one-unit positive DI/rate surprise; positive mp_shock is contractionary,1.0,Contractionary Rate Surprise,lag2,False,23,aggregate_response_at_mean_composition,Aggregate response at mean household composition,aggregate_total_irf,sample_mean_composition,Ricardian,Linear combination of mp_shock plus PH2M/WH2M shock-share interactions evaluated at the horizon-specific sample mean lagged household shares. This aggregate level effect is not identified in month-FE specifications.,-0.13398433894930717,0.02136905985167763,-0.17586769625859533,-0.09210098164001901,2025,27,True,"Aggregate total IRF evaluated at sample mean lagged shares: PH2M=0.4893, WH2M=0.1968.",,,,,,,
cumulative,mp_shock,Monthly monetary-policy shock from DI surprise,contractionary_rate_surprise,one-unit positive DI/rate surprise; positive mp_shock is contractionary,1.0,Contractionary Rate Surprise,lag2,False,24,aggregate_response_at_mean_composition,Aggregate response at mean household composition,aggregate_total_irf,sample_mean_composition,Ricardian,Linear combination of mp_shock plus PH2M/WH2M shock-share interactions evaluated at the horizon-specific sample mean lagged household shares. This aggregate level effect is not identified in month-FE specifications.,-0.08522442854704348,0.023932877591629376,-0.13213286862663706,-0.03831598846744991,1998,27,True,"Aggregate total IRF evaluated at sample mean lagged shares: PH2M=0.4894, WH2M=0.1967.",,,,,,,
cumulative,mp_shock,Monthly monetary-policy shock from DI surprise,contractionary_rate_surprise,one-unit positive DI/rate surprise; positive mp_shock is contractionary,1.0,Contractionary Rate Surprise,lag2,False,25,aggregate_response_at_mean_composition,Aggregate response at mean household composition,aggregate_total_irf,sample_mean_composition,Ricardian,Linear combination of mp_shock plus PH2M/WH2M shock-share interactions evaluated at the horizon-specific sample mean lagged household shares. This aggregate level effect is not identified in month-FE specifications.,-0.10730842408063712,0.024822227222059345,-0.15595998943587344,-0.05865685872540081,1971,27,True,"Aggregate total IRF evaluated at sample mean lagged shares: PH2M=0.4895, WH2M=0.1967.",,,,,,,
cumulative,mp_shock,Monthly monetary-policy shock from DI surprise,contractionary_rate_surprise,one-unit positive DI/rate surprise; positive mp_shock is contractionary,1.0,Contractionary Rate Surprise,lag2,False,26,aggregate_response_at_mean_composition,Aggregate response at mean household composition,aggregate_total_irf,sample_mean_composition,Ricardian,Linear combination of mp_shock plus PH2M/WH2M shock-share interactions evaluated at the horizon-specific sample mean lagged household shares. This aggregate level effect is not identified in month-FE specifications.,-0.1487092320573683,0.024861418487115865,-0.1974376122921154,-0.0999808518226212,1944,27,True,"Aggregate total IRF evaluated at sample mean lagged shares: PH2M=0.4896, WH2M=0.1966.",,,,,,,
cumulative,mp_shock,Monthly monetary-policy shock from DI surprise,contractionary_rate_surprise,one-unit positive DI/rate surprise; positive mp_shock is contractionary,1.0,Contractionary Rate Surprise,lag2,False,27,aggregate_response_at_mean_composition,Aggregate response at mean household composition,aggregate_total_irf,sample_mean_composition,Ricardian,Linear combination of mp_shock plus PH2M/WH2M shock-share interactions evaluated at the horizon-specific sample mean lagged household shares. This aggregate level effect is not identified in month-FE specifications.,-0.11515566928816529,0.021910675917574358,-0.15810059408661103,-0.07221074448971954,1917,27,True,"Aggregate total IRF evaluated at sample mean lagged shares: PH2M=0.4896, WH2M=0.1966.",,,,,,,
cumulative,mp_shock,Monthly monetary-policy shock from DI surprise,contractionary_rate_surprise,one-unit positive DI/rate surprise; positive mp_shock is contractionary,1.0,Contractionary Rate Surprise,lag2,False,28,aggregate_response_at_mean_composition,Aggregate response at mean household composition,aggregate_total_irf,sample_mean_composition,Ricardian,Linear combination of mp_shock plus PH2M/WH2M shock-share interactions evaluated at the horizon-specific sample mean lagged household shares. This aggregate level effect is not identified in month-FE specifications.,-0.13220998310123377,0.022399188305962846,-0.17611239218092095,-0.0883075740215466,1890,27,True,"Aggregate total IRF evaluated at sample mean lagged shares: PH2M=0.4897, WH2M=0.1965.",,,,,,,
cumulative,mp_shock,Monthly monetary-policy shock from DI surprise,contractionary_rate_surprise,one-unit positive DI/rate surprise; positive mp_shock is contractionary,1.0,Contractionary Rate Surprise,lag2,False,29,aggregate_response_at_mean_composition,Aggregate response at mean household composition,aggregate_total_irf,sample_mean_composition,Ricardian,Linear combination of mp_shock plus PH2M/WH2M shock-share interactions evaluated at the horizon-specific sample mean lagged household shares. This aggregate level effect is not identified in month-FE specifications.,-0.06513628163006069,0.02084401502675116,-0.10599055108249297,-0.02428201217762841,1863,27,True,"Aggregate total IRF evaluated at sample mean lagged shares: PH2M=0.4898, WH2M=0.1965.",,,,,,,
cumulative,mp_shock,Monthly monetary-policy shock from DI surprise,contractionary_rate_surprise,one-unit positive DI/rate surprise; positive mp_shock is contractionary,1.0,Contractionary Rate Surprise,lag2,False,30,aggregate_response_at_mean_composition,Aggregate response at mean household composition,aggregate_total_irf,sample_mean_composition,Ricardian,Linear combination of mp_shock plus PH2M/WH2M shock-share interactions evaluated at the horizon-specific sample mean lagged household shares. This aggregate level effect is not identified in month-FE specifications.,0.04246263668825012,0.018341873554519182,0.006512564521392525,0.07841270885510772,1836,27,True,"Aggregate total IRF evaluated at sample mean lagged shares: PH2M=0.4898, WH2M=0.1965.",,,,,,,
cumulative,mp_shock,Monthly monetary-policy shock from DI surprise,contractionary_rate_surprise,one-unit positive DI/rate surprise; positive mp_shock is contractionary,1.0,Contractionary Rate Surprise,lag2,False,31,aggregate_response_at_mean_composition,Aggregate response at mean household composition,aggregate_total_irf,sample_mean_composition,Ricardian,Linear combination of mp_shock plus PH2M/WH2M shock-share interactions evaluated at the horizon-specific sample mean lagged household shares. This aggregate level effect is not identified in month-FE specifications.,-0.10977233985570267,0.0176873415975515,-0.1444395293869036,-0.07510515032450174,1809,27,True,"Aggregate total IRF evaluated at sample mean lagged shares: PH2M=0.4899, WH2M=0.1964.",,,,,,,
cumulative,mp_shock,Monthly monetary-policy shock from DI surprise,contractionary_rate_surprise,one-unit positive DI/rate surprise; positive mp_shock is contractionary,1.0,Contractionary Rate Surprise,lag2,False,32,aggregate_response_at_mean_composition,Aggregate response at mean household composition,aggregate_total_irf,sample_mean_composition,Ricardian,Linear combination of mp_shock plus PH2M/WH2M shock-share interactions evaluated at the horizon-specific sample mean lagged household shares. This aggregate level effect is not identified in month-FE specifications.,-0.02936476306012825,0.015200446985622994,-0.05915763915194932,0.00042811303169281584,1782,27,True,"Aggregate total IRF evaluated at sample mean lagged shares: PH2M=0.4900, WH2M=0.1964.",,,,,,,
cumulative,mp_shock,Monthly monetary-policy shock from DI surprise,contractionary_rate_surprise,one-unit positive DI/rate surprise; positive mp_shock is contractionary,1.0,Contractionary Rate Surprise,lag2,False,33,aggregate_response_at_mean_composition,Aggregate response at mean household composition,aggregate_total_irf,sample_mean_composition,Ricardian,Linear combination of mp_shock plus PH2M/WH2M shock-share interactions evaluated at the horizon-specific sample mean lagged household shares. This aggregate level effect is not identified in month-FE specifications.,0.15691847961720942,0.02393515707913091,0.11000557174211284,0.203831387492306,1755,27,True,"Aggregate total IRF evaluated at sample mean lagged shares: PH2M=0.4900, WH2M=0.1963.",,,,,,,
cumulative,mp_shock,Monthly monetary-policy shock from DI surprise,contractionary_rate_surprise,one-unit positive DI/rate surprise; positive mp_shock is contractionary,1.0,Contractionary Rate Surprise,lag2,False,34,aggregate_response_at_mean_composition,Aggregate response at mean household composition,aggregate_total_irf,sample_mean_composition,Ricardian,Linear combination of mp_shock plus PH2M/WH2M shock-share interactions evaluated at the horizon-specific sample mean lagged household shares. This aggregate level effect is not identified in month-FE specifications.,-0.15018285570793632,0.019884047756564976,-0.18915558931080367,-0.11121012210506898,1728,27,True,"Aggregate total IRF evaluated at sample mean lagged shares: PH2M=0.4901, WH2M=0.1963.",,,,,,,
cumulative,mp_shock,Monthly monetary-policy shock from DI surprise,contractionary_rate_surprise,one-unit positive DI/rate surprise; positive mp_shock is contractionary,1.0,Contractionary Rate Surprise,lag2,False,35,aggregate_response_at_mean_composition,Aggregate response at mean household composition,aggregate_total_irf,sample_mean_composition,Ricardian,Linear combination of mp_shock plus PH2M/WH2M shock-share interactions evaluated at the horizon-specific sample mean lagged household shares. This aggregate level effect is not identified in month-FE specifications.,-0.1057228454800141,0.018918486790633567,-0.14280307958965588,-0.06864261137037231,1701,27,True,"Aggregate total IRF evaluated at sample mean lagged shares: PH2M=0.4901, WH2M=0.1962.",,,,,,,
cumulative,mp_shock,Monthly monetary-policy shock from DI surprise,contractionary_rate_surprise,one-unit positive DI/rate surprise; positive mp_shock is contractionary,1.0,Contractionary Rate Surprise,lag2,False,36,aggregate_response_at_mean_composition,Aggregate response at mean household composition,aggregate_total_irf,sample_mean_composition,Ricardian,Linear combination of mp_shock plus PH2M/WH2M shock-share interactions evaluated at the horizon-specific sample mean lagged household shares. This aggregate level effect is not identified in month-FE specifications.,-0.11002455664088717,0.022513407723348915,-0.15415083577865105,-0.0658982775031233,1674,27,True,"Aggregate total IRF evaluated at sample mean lagged shares: PH2M=0.4902, WH2M=0.1962.",,,,,,,
cumulative,mp_shock,Monthly monetary-policy shock from DI surprise,contractionary_rate_surprise,one-unit positive DI/rate surprise; positive mp_shock is contractionary,1.0,Contractionary Rate Surprise,lag2,False,37,aggregate_response_at_mean_composition,Aggregate response at mean household composition,aggregate_total_irf,sample_mean_composition,Ricardian,Linear combination of mp_shock plus PH2M/WH2M shock-share interactions evaluated at the horizon-specific sample mean lagged household shares. This aggregate level effect is not identified in month-FE specifications.,-0.1026814425283672,0.019357085900343123,-0.14062133089303971,-0.06474155416369468,1647,27,True,"Aggregate total IRF evaluated at sample mean lagged shares: PH2M=0.4902, WH2M=0.1962.",,,,,,,
cumulative,mp_shock,Monthly monetary-policy shock from DI surprise,contractionary_rate_surprise,one-unit positive DI/rate surprise; positive mp_shock is contractionary,1.0,Contractionary Rate Surprise,lag2,False,38,aggregate_response_at_mean_composition,Aggregate response at mean household composition,aggregate_total_irf,sample_mean_composition,Ricardian,Linear combination of mp_shock plus PH2M/WH2M shock-share interactions evaluated at the horizon-specific sample mean lagged household shares. This aggregate level effect is not identified in month-FE specifications.,-0.04163215581246982,0.016339142158205477,-0.07365687444255256,-0.009607437182387081,1620,27,True,"Aggregate total IRF evaluated at sample mean lagged shares: PH2M=0.4903, WH2M=0.1961.",,,,,,,
cumulative,mp_shock,Monthly monetary-policy shock from DI surprise,contractionary_rate_surprise,one-unit positive DI/rate surprise; positive mp_shock is contractionary,1.0,Contractionary Rate Surprise,lag2,False,39,aggregate_response_at_mean_composition,Aggregate response at mean household composition,aggregate_total_irf,sample_mean_composition,Ricardian,Linear combination of mp_shock plus PH2M/WH2M shock-share interactions evaluated at the horizon-specific sample mean lagged household shares. This aggregate level effect is not identified in month-FE specifications.,0.14307866892154592,0.02233774284068924,0.09929669295379501,0.18686064488929682,1593,27,True,"Aggregate total IRF evaluated at sample mean lagged shares: PH2M=0.4903, WH2M=0.1961.",,,,,,,
cumulative,mp_shock,Monthly monetary-policy shock from DI surprise,contractionary_rate_surprise,one-unit positive DI/rate surprise; positive mp_shock is contractionary,1.0,Contractionary Rate Surprise,lag2,False,40,aggregate_response_at_mean_composition,Aggregate response at mean household composition,aggregate_total_irf,sample_mean_composition,Ricardian,Linear combination of mp_shock plus PH2M/WH2M shock-share interactions evaluated at the horizon-specific sample mean lagged household shares. This aggregate level effect is not identified in month-FE specifications.,-0.06470897893788874,0.02020353821134768,-0.10430791383213019,-0.025110044043647292,1566,27,True,"Aggregate total IRF evaluated at sample mean lagged shares: PH2M=0.4904, WH2M=0.1961.",,,,,,,
cumulative,mp_shock,Monthly monetary-policy shock from DI surprise,contractionary_rate_surprise,one-unit positive DI/rate surprise; positive mp_shock is contractionary,1.0,Contractionary Rate Surprise,lag2,False,41,aggregate_response_at_mean_composition,Aggregate response at mean household composition,aggregate_total_irf,sample_mean_composition,Ricardian,Linear combination of mp_shock plus PH2M/WH2M shock-share interactions evaluated at the horizon-specific sample mean lagged household shares. This aggregate level effect is not identified in month-FE specifications.,-0.016529538308519776,0.021362385304124112,-0.058399813504603035,0.025340736887563484,1539,27,True,"Aggregate total IRF evaluated at sample mean lagged shares: PH2M=0.4904, WH2M=0.1961.",,,,,,,
cumulative,mp_shock,Monthly monetary-policy shock from DI surprise,contractionary_rate_surprise,one-unit positive DI/rate surprise; positive mp_shock is contractionary,1.0,Contractionary Rate Surprise,lag2,False,42,aggregate_response_at_mean_composition,Aggregate response at mean household composition,aggregate_total_irf,sample_mean_composition,Ricardian,Linear combination of mp_shock plus PH2M/WH2M shock-share interactions evaluated at the horizon-specific sample mean lagged household shares. This aggregate level effect is not identified in month-FE specifications.,-0.03013160340854726,0.019326657592262757,-0.06801185228938225,0.007748645472287742,1512,27,True,"Aggregate total IRF evaluated at sample mean lagged shares: PH2M=0.4904, WH2M=0.1960.",,,,,,,
cumulative,mp_shock,Monthly monetary-policy shock from DI surprise,contractionary_rate_surprise,one-unit positive DI/rate surprise; positive mp_shock is contractionary,1.0,Contractionary Rate Surprise,lag2,False,43,aggregate_response_at_mean_composition,Aggregate response at mean household composition,aggregate_total_irf,sample_mean_composition,Ricardian,Linear combination of mp_shock plus PH2M/WH2M shock-share interactions evaluated at the horizon-specific sample mean lagged household shares. This aggregate level effect is not identified in month-FE specifications.,-0.046814649262857166,0.015997462927301632,-0.07816967660036836,-0.015459621925345966,1485,27,True,"Aggregate total IRF evaluated at sample mean lagged shares: PH2M=0.4905, WH2M=0.1960.",,,,,,,
cumulative,mp_shock,Monthly monetary-policy shock from DI surprise,contractionary_rate_surprise,one-unit positive DI/rate surprise; positive mp_shock is contractionary,1.0,Contractionary Rate Surprise,lag2,False,44,aggregate_response_at_mean_composition,Aggregate response at mean household composition,aggregate_total_irf,sample_mean_composition,Ricardian,Linear combination of mp_shock plus PH2M/WH2M shock-share interactions evaluated at the horizon-specific sample mean lagged household shares. This aggregate level effect is not identified in month-FE specifications.,-0.04048900335729133,0.020407666692552482,-0.0804880300746942,-0.0004899766398884647,1458,27,True,"Aggregate total IRF evaluated at sample mean lagged shares: PH2M=0.4905, WH2M=0.1959.",,,,,,,
cumulative,mp_shock,Monthly monetary-policy shock from DI surprise,contractionary_rate_surprise,one-unit positive DI/rate surprise; positive mp_shock is contractionary,1.0,Contractionary Rate Surprise,lag2,False,45,aggregate_response_at_mean_composition,Aggregate response at mean household composition,aggregate_total_irf,sample_mean_composition,Ricardian,Linear combination of mp_shock plus PH2M/WH2M shock-share interactions evaluated at the horizon-specific sample mean lagged household shares. This aggregate level effect is not identified in month-FE specifications.,-0.12233567315696806,0.01850799555395678,-0.15861134444272335,-0.08606000187121277,1431,27,True,"Aggregate total IRF evaluated at sample mean lagged shares: PH2M=0.4905, WH2M=0.1959.",,,,,,,
cumulative,mp_shock,Monthly monetary-policy shock from DI surprise,contractionary_rate_surprise,one-unit positive DI/rate surprise; positive mp_shock is contractionary,1.0,Contractionary Rate Surprise,lag2,False,46,aggregate_response_at_mean_composition,Aggregate response at mean household composition,aggregate_total_irf,sample_mean_composition,Ricardian,Linear combination of mp_shock plus PH2M/WH2M shock-share interactions evaluated at the horizon-specific sample mean lagged household shares. This aggregate level effect is not identified in month-FE specifications.,-0.09320626210815297,0.02214101135095837,-0.13660264435603137,-0.04980987986027457,1404,27,True,"Aggregate total IRF evaluated at sample mean lagged shares: PH2M=0.4905, WH2M=0.1959.",,,,,,,
cumulative,mp_shock,Monthly monetary-policy shock from DI surprise,contractionary_rate_surprise,one-unit positive DI/rate surprise; positive mp_shock is contractionary,1.0,Contractionary Rate Surprise,lag2,False,47,aggregate_response_at_mean_composition,Aggregate response at mean household composition,aggregate_total_irf,sample_mean_composition,Ricardian,Linear combination of mp_shock plus PH2M/WH2M shock-share interactions evaluated at the horizon-specific sample mean lagged household shares. This aggregate level effect is not identified in month-FE specifications.,-0.11400320461884855,0.01963940569180263,-0.15249643977478172,-0.0755099694629154,1377,27,True,"Aggregate total IRF evaluated at sample mean lagged shares: PH2M=0.4905, WH2M=0.1959.",,,,,,,
cumulative,mp_shock,Monthly monetary-policy shock from DI surprise,contractionary_rate_surprise,one-unit positive DI/rate surprise; positive mp_shock is contractionary,1.0,Contractionary Rate Surprise,lag2,False,48,aggregate_response_at_mean_composition,Aggregate response at mean household composition,aggregate_total_irf,sample_mean_composition,Ricardian,Linear combination of mp_shock plus PH2M/WH2M shock-share interactions evaluated at the horizon-specific sample mean lagged household shares. This aggregate level effect is not identified in month-FE specifications.,-0.08860417898262607,0.01806153454343331,-0.12400478668775536,-0.05320357127749678,1350,27,True,"Aggregate total IRF evaluated at sample mean lagged shares: PH2M=0.4905, WH2M=0.1959.",,,,,,,
cumulative,mp_shock,Monthly monetary-policy shock from DI surprise,expansionary_rate_surprise,one-unit negative DI/rate surprise; source mp_shock values are sign-flipped for this reported IRF,-1.0,Expansionary Rate Surprise,lag1,False,0,aggregate_response_at_mean_composition,Aggregate response at mean household composition,aggregate_total_irf,sample_mean_composition,Ricardian,Linear combination of mp_shock plus PH2M/WH2M shock-share interactions evaluated at the horizon-specific sample mean lagged household shares. This aggregate level effect is not identified in month-FE specifications.,-0.007410531293708722,0.010008615597860957,-0.0270274178655162,0.012206355278098754,2673,27,True,"Aggregate total IRF evaluated at sample mean lagged shares: PH2M=0.4882, WH2M=0.1977.",,,,,,,
cumulative,mp_shock,Monthly monetary-policy shock from DI surprise,expansionary_rate_surprise,one-unit negative DI/rate surprise; source mp_shock values are sign-flipped for this reported IRF,-1.0,Expansionary Rate Surprise,lag1,False,1,aggregate_response_at_mean_composition,Aggregate response at mean household composition,aggregate_total_irf,sample_mean_composition,Ricardian,Linear combination of mp_shock plus PH2M/WH2M shock-share interactions evaluated at the horizon-specific sample mean lagged household shares. This aggregate level effect is not identified in month-FE specifications.,-0.006238926934336919,0.009619494763010326,-0.025093136669837156,0.012615282801163318,2646,27,True,"Aggregate total IRF evaluated at sample mean lagged shares: PH2M=0.4883, WH2M=0.1976.",,,,,,,
cumulative,mp_shock,Monthly monetary-policy shock from DI surprise,expansionary_rate_surprise,one-unit negative DI/rate surprise; source mp_shock values are sign-flipped for this reported IRF,-1.0,Expansionary Rate Surprise,lag1,False,2,aggregate_response_at_mean_composition,Aggregate response at mean household composition,aggregate_total_irf,sample_mean_composition,Ricardian,Linear combination of mp_shock plus PH2M/WH2M shock-share interactions evaluated at the horizon-specific sample mean lagged household shares. This aggregate level effect is not identified in month-FE specifications.,-0.0009071530733532063,0.008225841744732539,-0.01702980289302898,0.015215496746322568,2619,27,True,"Aggregate total IRF evaluated at sample mean lagged shares: PH2M=0.4883, WH2M=0.1976.",,,,,,,
cumulative,mp_shock,Monthly monetary-policy shock from DI surprise,expansionary_rate_surprise,one-unit negative DI/rate surprise; source mp_shock values are sign-flipped for this reported IRF,-1.0,Expansionary Rate Surprise,lag1,False,3,aggregate_response_at_mean_composition,Aggregate response at mean household composition,aggregate_total_irf,sample_mean_composition,Ricardian,Linear combination of mp_shock plus PH2M/WH2M shock-share interactions evaluated at the horizon-specific sample mean lagged household shares. This aggregate level effect is not identified in month-FE specifications.,0.006141772946621882,0.012273387776654234,-0.017914067095620417,0.03019761298886418,2592,27,True,"Aggregate total IRF evaluated at sample mean lagged shares: PH2M=0.4884, WH2M=0.1976.",,,,,,,
cumulative,mp_shock,Monthly monetary-policy shock from DI surprise,expansionary_rate_surprise,one-unit negative DI/rate surprise; source mp_shock values are sign-flipped for this reported IRF,-1.0,Expansionary Rate Surprise,lag1,False,4,aggregate_response_at_mean_composition,Aggregate response at mean household composition,aggregate_total_irf,sample_mean_composition,Ricardian,Linear combination of mp_shock plus PH2M/WH2M shock-share interactions evaluated at the horizon-specific sample mean lagged household shares. This aggregate level effect is not identified in month-FE specifications.,0.007845379012751508,0.011760532773496925,-0.015205265223302466,0.03089602324880548,2565,27,True,"Aggregate total IRF evaluated at sample mean lagged shares: PH2M=0.4884, WH2M=0.1975.",,,,,,,
cumulative,mp_shock,Monthly monetary-policy shock from DI surprise,expansionary_rate_surprise,one-unit negative DI/rate surprise; source mp_shock values are sign-flipped for this reported IRF,-1.0,Expansionary Rate Surprise,lag1,False,5,aggregate_response_at_mean_composition,Aggregate response at mean household composition,aggregate_total_irf,sample_mean_composition,Ricardian,Linear combination of mp_shock plus PH2M/WH2M shock-share interactions evaluated at the horizon-specific sample mean lagged household shares. This aggregate level effect is not identified in month-FE specifications.,0.027615892216142468,0.011425967276743845,0.005220996353724531,0.05001078807856041,2538,27,True,"Aggregate total IRF evaluated at sample mean lagged shares: PH2M=0.4885, WH2M=0.1975.",,,,,,,
cumulative,mp_shock,Monthly monetary-policy shock from DI surprise,expansionary_rate_surprise,one-unit negative DI/rate surprise; source mp_shock values are sign-flipped for this reported IRF,-1.0,Expansionary Rate Surprise,lag1,False,6,aggregate_response_at_mean_composition,Aggregate response at mean household composition,aggregate_total_irf,sample_mean_composition,Ricardian,Linear combination of mp_shock plus PH2M/WH2M shock-share interactions evaluated at the horizon-specific sample mean lagged household shares. This aggregate level effect is not identified in month-FE specifications.,0.0428036569898696,0.013623239852267393,0.01610210687942551,0.06950520710031369,2511,27,True,"Aggregate total IRF evaluated at sample mean lagged shares: PH2M=0.4884, WH2M=0.1974.",,,,,,,
cumulative,mp_shock,Monthly monetary-policy shock from DI surprise,expansionary_rate_surprise,one-unit negative DI/rate surprise; source mp_shock values are sign-flipped for this reported IRF,-1.0,Expansionary Rate Surprise,lag1,False,7,aggregate_response_at_mean_composition,Aggregate response at mean household composition,aggregate_total_irf,sample_mean_composition,Ricardian,Linear combination of mp_shock plus PH2M/WH2M shock-share interactions evaluated at the horizon-specific sample mean lagged household shares. This aggregate level effect is not identified in month-FE specifications.,0.001263071716244235,0.011015296295046773,-0.020326909022047437,0.022853052454535908,2484,27,True,"Aggregate total IRF evaluated at sample mean lagged shares: PH2M=0.4885, WH2M=0.1974.",,,,,,,
cumulative,mp_shock,Monthly monetary-policy shock from DI surprise,expansionary_rate_surprise,one-unit negative DI/rate surprise; source mp_shock values are sign-flipped for this reported IRF,-1.0,Expansionary Rate Surprise,lag1,False,8,aggregate_response_at_mean_composition,Aggregate response at mean household composition,aggregate_total_irf,sample_mean_composition,Ricardian,Linear combination of mp_shock plus PH2M/WH2M shock-share interactions evaluated at the horizon-specific sample mean lagged household shares. This aggregate level effect is not identified in month-FE specifications.,-0.033149166726517576,0.015069506508633434,-0.06268539948343911,-0.0036129339695960445,2457,27,True,"Aggregate total IRF evaluated at sample mean lagged shares: PH2M=0.4885, WH2M=0.1974.",,,,,,,
cumulative,mp_shock,Monthly monetary-policy shock from DI surprise,expansionary_rate_surprise,one-unit negative DI/rate surprise; source mp_shock values are sign-flipped for this reported IRF,-1.0,Expansionary Rate Surprise,lag1,False,9,aggregate_response_at_mean_composition,Aggregate response at mean household composition,aggregate_total_irf,sample_mean_composition,Ricardian,Linear combination of mp_shock plus PH2M/WH2M shock-share interactions evaluated at the horizon-specific sample mean lagged household shares. This aggregate level effect is not identified in month-FE specifications.,0.006157693903942142,0.016610890741728397,-0.026399651949845518,0.0387150397577298,2430,27,True,"Aggregate total IRF evaluated at sample mean lagged shares: PH2M=0.4886, WH2M=0.1973.",,,,,,,
cumulative,mp_shock,Monthly monetary-policy shock from DI surprise,expansionary_rate_surprise,one-unit negative DI/rate surprise; source mp_shock values are sign-flipped for this reported IRF,-1.0,Expansionary Rate Surprise,lag1,False,10,aggregate_response_at_mean_composition,Aggregate response at mean household composition,aggregate_total_irf,sample_mean_composition,Ricardian,Linear combination of mp_shock plus PH2M/WH2M shock-share interactions evaluated at the horizon-specific sample mean lagged household shares. This aggregate level effect is not identified in month-FE specifications.,0.02370405175752839,0.015342871700042945,-0.0063679767745557815,0.05377608028961256,2403,27,True,"Aggregate total IRF evaluated at sample mean lagged shares: PH2M=0.4886, WH2M=0.1973.",,,,,,,
cumulative,mp_shock,Monthly monetary-policy shock from DI surprise,expansionary_rate_surprise,one-unit negative DI/rate surprise; source mp_shock values are sign-flipped for this reported IRF,-1.0,Expansionary Rate Surprise,lag1,False,11,aggregate_response_at_mean_composition,Aggregate response at mean household composition,aggregate_total_irf,sample_mean_composition,Ricardian,Linear combination of mp_shock plus PH2M/WH2M shock-share interactions evaluated at the horizon-specific sample mean lagged household shares. This aggregate level effect is not identified in month-FE specifications.,0.015467288550384456,0.01756148184188215,-0.01895321585970456,0.04988779296047347,2376,27,True,"Aggregate total IRF evaluated at sample mean lagged shares: PH2M=0.4886, WH2M=0.1972.",,,,,,,
cumulative,mp_shock,Monthly monetary-policy shock from DI surprise,expansionary_rate_surprise,one-unit negative DI/rate surprise; source mp_shock values are sign-flipped for this reported IRF,-1.0,Expansionary Rate Surprise,lag1,False,12,aggregate_response_at_mean_composition,Aggregate response at mean household composition,aggregate_total_irf,sample_mean_composition,Ricardian,Linear combination of mp_shock plus PH2M/WH2M shock-share interactions evaluated at the horizon-specific sample mean lagged household shares. This aggregate level effect is not identified in month-FE specifications.,0.010112305835569355,0.01874500481903259,-0.026627903609734525,0.04685251528087324,2349,27,True,"Aggregate total IRF evaluated at sample mean lagged shares: PH2M=0.4887, WH2M=0.1972.",,,,,,,
cumulative,mp_shock,Monthly monetary-policy shock from DI surprise,expansionary_rate_surprise,one-unit negative DI/rate surprise; source mp_shock values are sign-flipped for this reported IRF,-1.0,Expansionary Rate Surprise,lag1,False,13,aggregate_response_at_mean_composition,Aggregate response at mean household composition,aggregate_total_irf,sample_mean_composition,Ricardian,Linear combination of mp_shock plus PH2M/WH2M shock-share interactions evaluated at the horizon-specific sample mean lagged household shares. This aggregate level effect is not identified in month-FE specifications.,0.06790951801485294,0.018590486199689026,0.031472165063462454,0.10434687096624343,2322,27,True,"Aggregate total IRF evaluated at sample mean lagged shares: PH2M=0.4887, WH2M=0.1972.",,,,,,,
cumulative,mp_shock,Monthly monetary-policy shock from DI surprise,expansionary_rate_surprise,one-unit negative DI/rate surprise; source mp_shock values are sign-flipped for this reported IRF,-1.0,Expansionary Rate Surprise,lag1,False,14,aggregate_response_at_mean_composition,Aggregate response at mean household composition,aggregate_total_irf,sample_mean_composition,Ricardian,Linear combination of mp_shock plus PH2M/WH2M shock-share interactions evaluated at the horizon-specific sample mean lagged household shares. This aggregate level effect is not identified in month-FE specifications.,0.058999595509410974,0.017727037968519762,0.024254601091112243,0.0937445899277097,2295,27,True,"Aggregate total IRF evaluated at sample mean lagged shares: PH2M=0.4888, WH2M=0.1971.",,,,,,,
cumulative,mp_shock,Monthly monetary-policy shock from DI surprise,expansionary_rate_surprise,one-unit negative DI/rate surprise; source mp_shock values are sign-flipped for this reported IRF,-1.0,Expansionary Rate Surprise,lag1,False,15,aggregate_response_at_mean_composition,Aggregate response at mean household composition,aggregate_total_irf,sample_mean_composition,Ricardian,Linear combination of mp_shock plus PH2M/WH2M shock-share interactions evaluated at the horizon-specific sample mean lagged household shares. This aggregate level effect is not identified in month-FE specifications.,0.054376104347042375,0.01883448490837237,0.01746051392663253,0.09129169476745222,2268,27,True,"Aggregate total IRF evaluated at sample mean lagged shares: PH2M=0.4888, WH2M=0.1971.",,,,,,,
cumulative,mp_shock,Monthly monetary-policy shock from DI surprise,expansionary_rate_surprise,one-unit negative DI/rate surprise; source mp_shock values are sign-flipped for this reported IRF,-1.0,Expansionary Rate Surprise,lag1,False,16,aggregate_response_at_mean_composition,Aggregate response at mean household composition,aggregate_total_irf,sample_mean_composition,Ricardian,Linear combination of mp_shock plus PH2M/WH2M shock-share interactions evaluated at the horizon-specific sample mean lagged household shares. This aggregate level effect is not identified in month-FE specifications.,0.07691410842992065,0.01824046991954256,0.041162787387617236,0.11266542947222406,2241,27,True,"Aggregate total IRF evaluated at sample mean lagged shares: PH2M=0.4889, WH2M=0.1971.",,,,,,,
cumulative,mp_shock,Monthly monetary-policy shock from DI surprise,expansionary_rate_surprise,one-unit negative DI/rate surprise; source mp_shock values are sign-flipped for this reported IRF,-1.0,Expansionary Rate Surprise,lag1,False,17,aggregate_response_at_mean_composition,Aggregate response at mean household composition,aggregate_total_irf,sample_mean_composition,Ricardian,Linear combination of mp_shock plus PH2M/WH2M shock-share interactions evaluated at the horizon-specific sample mean lagged household shares. This aggregate level effect is not identified in month-FE specifications.,0.07461137319829644,0.01847417881063473,0.038401982729452375,0.11082076366714051,2214,27,True,"Aggregate total IRF evaluated at sample mean lagged shares: PH2M=0.4889, WH2M=0.1970.",,,,,,,
cumulative,mp_shock,Monthly monetary-policy shock from DI surprise,expansionary_rate_surprise,one-unit negative DI/rate surprise; source mp_shock values are sign-flipped for this reported IRF,-1.0,Expansionary Rate Surprise,lag1,False,18,aggregate_response_at_mean_composition,Aggregate response at mean household composition,aggregate_total_irf,sample_mean_composition,Ricardian,Linear combination of mp_shock plus PH2M/WH2M shock-share interactions evaluated at the horizon-specific sample mean lagged household shares. This aggregate level effect is not identified in month-FE specifications.,0.06487072422791275,0.020120656249866694,0.025434237978174026,0.10430721047765147,2187,27,True,"Aggregate total IRF evaluated at sample mean lagged shares: PH2M=0.4890, WH2M=0.1970.",,,,,,,
cumulative,mp_shock,Monthly monetary-policy shock from DI surprise,expansionary_rate_surprise,one-unit negative DI/rate surprise; source mp_shock values are sign-flipped for this reported IRF,-1.0,Expansionary Rate Surprise,lag1,False,19,aggregate_response_at_mean_composition,Aggregate response at mean household composition,aggregate_total_irf,sample_mean_composition,Ricardian,Linear combination of mp_shock plus PH2M/WH2M shock-share interactions evaluated at the horizon-specific sample mean lagged household shares. This aggregate level effect is not identified in month-FE specifications.,0.09148472595992209,0.019697386779407203,0.05287784787228397,0.1300916040475602,2160,27,True,"Aggregate total IRF evaluated at sample mean lagged shares: PH2M=0.4890, WH2M=0.1970.",,,,,,,
cumulative,mp_shock,Monthly monetary-policy shock from DI surprise,expansionary_rate_surprise,one-unit negative DI/rate surprise; source mp_shock values are sign-flipped for this reported IRF,-1.0,Expansionary Rate Surprise,lag1,False,20,aggregate_response_at_mean_composition,Aggregate response at mean household composition,aggregate_total_irf,sample_mean_composition,Ricardian,Linear combination of mp_shock plus PH2M/WH2M shock-share interactions evaluated at the horizon-specific sample mean lagged household shares. This aggregate level effect is not identified in month-FE specifications.,0.09363678321898021,0.019755840961846283,0.054915334933761495,0.13235823150419893,2133,27,True,"Aggregate total IRF evaluated at sample mean lagged shares: PH2M=0.4890, WH2M=0.1969.",,,,,,,
cumulative,mp_shock,Monthly monetary-policy shock from DI surprise,expansionary_rate_surprise,one-unit negative DI/rate surprise; source mp_shock values are sign-flipped for this reported IRF,-1.0,Expansionary Rate Surprise,lag1,False,21,aggregate_response_at_mean_composition,Aggregate response at mean household composition,aggregate_total_irf,sample_mean_composition,Ricardian,Linear combination of mp_shock plus PH2M/WH2M shock-share interactions evaluated at the horizon-specific sample mean lagged household shares. This aggregate level effect is not identified in month-FE specifications.,0.07401835027147957,0.02050399272928769,0.033830524522075696,0.11420617602088345,2106,27,True,"Aggregate total IRF evaluated at sample mean lagged shares: PH2M=0.4891, WH2M=0.1969.",,,,,,,
cumulative,mp_shock,Monthly monetary-policy shock from DI surprise,expansionary_rate_surprise,one-unit negative DI/rate surprise; source mp_shock values are sign-flipped for this reported IRF,-1.0,Expansionary Rate Surprise,lag1,False,22,aggregate_response_at_mean_composition,Aggregate response at mean household composition,aggregate_total_irf,sample_mean_composition,Ricardian,Linear combination of mp_shock plus PH2M/WH2M shock-share interactions evaluated at the horizon-specific sample mean lagged household shares. This aggregate level effect is not identified in month-FE specifications.,0.1046744676727199,0.023756547253253765,0.05811163505634252,0.15123730028909727,2079,27,True,"Aggregate total IRF evaluated at sample mean lagged shares: PH2M=0.4892, WH2M=0.1968.",,,,,,,
cumulative,mp_shock,Monthly monetary-policy shock from DI surprise,expansionary_rate_surprise,one-unit negative DI/rate surprise; source mp_shock values are sign-flipped for this reported IRF,-1.0,Expansionary Rate Surprise,lag1,False,23,aggregate_response_at_mean_composition,Aggregate response at mean household composition,aggregate_total_irf,sample_mean_composition,Ricardian,Linear combination of mp_shock plus PH2M/WH2M shock-share interactions evaluated at the horizon-specific sample mean lagged household shares. This aggregate level effect is not identified in month-FE specifications.,0.13761833603785922,0.02096335154049366,0.09653016701849165,0.1787065050572268,2052,27,True,"Aggregate total IRF evaluated at sample mean lagged shares: PH2M=0.4893, WH2M=0.1968.",,,,,,,
cumulative,mp_shock,Monthly monetary-policy shock from DI surprise,expansionary_rate_surprise,one-unit negative DI/rate surprise; source mp_shock values are sign-flipped for this reported IRF,-1.0,Expansionary Rate Surprise,lag1,False,24,aggregate_response_at_mean_composition,Aggregate response at mean household composition,aggregate_total_irf,sample_mean_composition,Ricardian,Linear combination of mp_shock plus PH2M/WH2M shock-share interactions evaluated at the horizon-specific sample mean lagged household shares. This aggregate level effect is not identified in month-FE specifications.,0.08470420741599077,0.023870220894383096,0.037918574462999906,0.13148984036898165,2025,27,True,"Aggregate total IRF evaluated at sample mean lagged shares: PH2M=0.4894, WH2M=0.1967.",,,,,,,
cumulative,mp_shock,Monthly monetary-policy shock from DI surprise,expansionary_rate_surprise,one-unit negative DI/rate surprise; source mp_shock values are sign-flipped for this reported IRF,-1.0,Expansionary Rate Surprise,lag1,False,25,aggregate_response_at_mean_composition,Aggregate response at mean household composition,aggregate_total_irf,sample_mean_composition,Ricardian,Linear combination of mp_shock plus PH2M/WH2M shock-share interactions evaluated at the horizon-specific sample mean lagged household shares. This aggregate level effect is not identified in month-FE specifications.,0.11097924781475177,0.023920318190449666,0.06409542416147043,0.1578630714680331,1998,27,True,"Aggregate total IRF evaluated at sample mean lagged shares: PH2M=0.4895, WH2M=0.1967.",,,,,,,
cumulative,mp_shock,Monthly monetary-policy shock from DI surprise,expansionary_rate_surprise,one-unit negative DI/rate surprise; source mp_shock values are sign-flipped for this reported IRF,-1.0,Expansionary Rate Surprise,lag1,False,26,aggregate_response_at_mean_composition,Aggregate response at mean household composition,aggregate_total_irf,sample_mean_composition,Ricardian,Linear combination of mp_shock plus PH2M/WH2M shock-share interactions evaluated at the horizon-specific sample mean lagged household shares. This aggregate level effect is not identified in month-FE specifications.,0.14688673448166967,0.02410806628197114,0.09963492456900624,0.1941385443943331,1971,27,True,"Aggregate total IRF evaluated at sample mean lagged shares: PH2M=0.4896, WH2M=0.1966.",,,,,,,
cumulative,mp_shock,Monthly monetary-policy shock from DI surprise,expansionary_rate_surprise,one-unit negative DI/rate surprise; source mp_shock values are sign-flipped for this reported IRF,-1.0,Expansionary Rate Surprise,lag1,False,27,aggregate_response_at_mean_composition,Aggregate response at mean household composition,aggregate_total_irf,sample_mean_composition,Ricardian,Linear combination of mp_shock plus PH2M/WH2M shock-share interactions evaluated at the horizon-specific sample mean lagged household shares. This aggregate level effect is not identified in month-FE specifications.,0.11791864018791098,0.02323560563441177,0.07237685314446392,0.16346042723135806,1944,27,True,"Aggregate total IRF evaluated at sample mean lagged shares: PH2M=0.4897, WH2M=0.1966.",,,,,,,
cumulative,mp_shock,Monthly monetary-policy shock from DI surprise,expansionary_rate_surprise,one-unit negative DI/rate surprise; source mp_shock values are sign-flipped for this reported IRF,-1.0,Expansionary Rate Surprise,lag1,False,28,aggregate_response_at_mean_composition,Aggregate response at mean household composition,aggregate_total_irf,sample_mean_composition,Ricardian,Linear combination of mp_shock plus PH2M/WH2M shock-share interactions evaluated at the horizon-specific sample mean lagged household shares. This aggregate level effect is not identified in month-FE specifications.,0.13489887601019557,0.022742019567708,0.09032451765748789,0.17947323436290324,1917,27,True,"Aggregate total IRF evaluated at sample mean lagged shares: PH2M=0.4897, WH2M=0.1966.",,,,,,,
cumulative,mp_shock,Monthly monetary-policy shock from DI surprise,expansionary_rate_surprise,one-unit negative DI/rate surprise; source mp_shock values are sign-flipped for this reported IRF,-1.0,Expansionary Rate Surprise,lag1,False,29,aggregate_response_at_mean_composition,Aggregate response at mean household composition,aggregate_total_irf,sample_mean_composition,Ricardian,Linear combination of mp_shock plus PH2M/WH2M shock-share interactions evaluated at the horizon-specific sample mean lagged household shares. This aggregate level effect is not identified in month-FE specifications.,0.07224234521468642,0.021612147832540892,0.02988253546290627,0.11460215496646657,1890,27,True,"Aggregate total IRF evaluated at sample mean lagged shares: PH2M=0.4898, WH2M=0.1965.",,,,,,,
cumulative,mp_shock,Monthly monetary-policy shock from DI surprise,expansionary_rate_surprise,one-unit negative DI/rate surprise; source mp_shock values are sign-flipped for this reported IRF,-1.0,Expansionary Rate Surprise,lag1,False,30,aggregate_response_at_mean_composition,Aggregate response at mean household composition,aggregate_total_irf,sample_mean_composition,Ricardian,Linear combination of mp_shock plus PH2M/WH2M shock-share interactions evaluated at the horizon-specific sample mean lagged household shares. This aggregate level effect is not identified in month-FE specifications.,-0.03980588888216452,0.019070619485829284,-0.07718430307438992,-0.0024274746899391256,1863,27,True,"Aggregate total IRF evaluated at sample mean lagged shares: PH2M=0.4898, WH2M=0.1965.",,,,,,,
cumulative,mp_shock,Monthly monetary-policy shock from DI surprise,expansionary_rate_surprise,one-unit negative DI/rate surprise; source mp_shock values are sign-flipped for this reported IRF,-1.0,Expansionary Rate Surprise,lag1,False,31,aggregate_response_at_mean_composition,Aggregate response at mean household composition,aggregate_total_irf,sample_mean_composition,Ricardian,Linear combination of mp_shock plus PH2M/WH2M shock-share interactions evaluated at the horizon-specific sample mean lagged household shares. This aggregate level effect is not identified in month-FE specifications.,0.11208763920362608,0.018625726638518275,0.07558121499213026,0.14859406341512188,1836,27,True,"Aggregate total IRF evaluated at sample mean lagged shares: PH2M=0.4899, WH2M=0.1964.",,,,,,,
cumulative,mp_shock,Monthly monetary-policy shock from DI surprise,expansionary_rate_surprise,one-unit negative DI/rate surprise; source mp_shock values are sign-flipped for this reported IRF,-1.0,Expansionary Rate Surprise,lag1,False,32,aggregate_response_at_mean_composition,Aggregate response at mean household composition,aggregate_total_irf,sample_mean_composition,Ricardian,Linear combination of mp_shock plus PH2M/WH2M shock-share interactions evaluated at the horizon-specific sample mean lagged household shares. This aggregate level effect is not identified in month-FE specifications.,0.029406451836487046,0.01637441695766065,-0.00268740540052783,0.06150030907350192,1809,27,True,"Aggregate total IRF evaluated at sample mean lagged shares: PH2M=0.4900, WH2M=0.1964.",,,,,,,
cumulative,mp_shock,Monthly monetary-policy shock from DI surprise,expansionary_rate_surprise,one-unit negative DI/rate surprise; source mp_shock values are sign-flipped for this reported IRF,-1.0,Expansionary Rate Surprise,lag1,False,33,aggregate_response_at_mean_composition,Aggregate response at mean household composition,aggregate_total_irf,sample_mean_composition,Ricardian,Linear combination of mp_shock plus PH2M/WH2M shock-share interactions evaluated at the horizon-specific sample mean lagged household shares. This aggregate level effect is not identified in month-FE specifications.,-0.15752327636073896,0.02410139279305946,-0.2047620062351355,-0.11028454648634242,1782,27,True,"Aggregate total IRF evaluated at sample mean lagged shares: PH2M=0.4901, WH2M=0.1963.",,,,,,,
cumulative,mp_shock,Monthly monetary-policy shock from DI surprise,expansionary_rate_surprise,one-unit negative DI/rate surprise; source mp_shock values are sign-flipped for this reported IRF,-1.0,Expansionary Rate Surprise,lag1,False,34,aggregate_response_at_mean_composition,Aggregate response at mean household composition,aggregate_total_irf,sample_mean_composition,Ricardian,Linear combination of mp_shock plus PH2M/WH2M shock-share interactions evaluated at the horizon-specific sample mean lagged household shares. This aggregate level effect is not identified in month-FE specifications.,0.14965753822708805,0.018981939255189175,0.11245293728691727,0.18686213916725883,1755,27,True,"Aggregate total IRF evaluated at sample mean lagged shares: PH2M=0.4901, WH2M=0.1963.",,,,,,,
cumulative,mp_shock,Monthly monetary-policy shock from DI surprise,expansionary_rate_surprise,one-unit negative DI/rate surprise; source mp_shock values are sign-flipped for this reported IRF,-1.0,Expansionary Rate Surprise,lag1,False,35,aggregate_response_at_mean_composition,Aggregate response at mean household composition,aggregate_total_irf,sample_mean_composition,Ricardian,Linear combination of mp_shock plus PH2M/WH2M shock-share interactions evaluated at the horizon-specific sample mean lagged household shares. This aggregate level effect is not identified in month-FE specifications.,0.10171108221862268,0.01822609173529062,0.06598794241745307,0.1374342220197923,1728,27,True,"Aggregate total IRF evaluated at sample mean lagged shares: PH2M=0.4902, WH2M=0.1963.",,,,,,,
cumulative,mp_shock,Monthly monetary-policy shock from DI surprise,expansionary_rate_surprise,one-unit negative DI/rate surprise; source mp_shock values are sign-flipped for this reported IRF,-1.0,Expansionary Rate Surprise,lag1,False,36,aggregate_response_at_mean_composition,Aggregate response at mean household composition,aggregate_total_irf,sample_mean_composition,Ricardian,Linear combination of mp_shock plus PH2M/WH2M shock-share interactions evaluated at the horizon-specific sample mean lagged household shares. This aggregate level effect is not identified in month-FE specifications.,0.10921793723226159,0.02251261718375486,0.06509320755210206,0.1533426669124211,1701,27,True,"Aggregate total IRF evaluated at sample mean lagged shares: PH2M=0.4902, WH2M=0.1962.",,,,,,,
cumulative,mp_shock,Monthly monetary-policy shock from DI surprise,expansionary_rate_surprise,one-unit negative DI/rate surprise; source mp_shock values are sign-flipped for this reported IRF,-1.0,Expansionary Rate Surprise,lag1,False,37,aggregate_response_at_mean_composition,Aggregate response at mean household composition,aggregate_total_irf,sample_mean_composition,Ricardian,Linear combination of mp_shock plus PH2M/WH2M shock-share interactions evaluated at the horizon-specific sample mean lagged household shares. This aggregate level effect is not identified in month-FE specifications.,0.09705825799659129,0.01933976589076103,0.059152316850699674,0.13496419914248292,1674,27,True,"Aggregate total IRF evaluated at sample mean lagged shares: PH2M=0.4903, WH2M=0.1962.",,,,,,,
cumulative,mp_shock,Monthly monetary-policy shock from DI surprise,expansionary_rate_surprise,one-unit negative DI/rate surprise; source mp_shock values are sign-flipped for this reported IRF,-1.0,Expansionary Rate Surprise,lag1,False,38,aggregate_response_at_mean_composition,Aggregate response at mean household composition,aggregate_total_irf,sample_mean_composition,Ricardian,Linear combination of mp_shock plus PH2M/WH2M shock-share interactions evaluated at the horizon-specific sample mean lagged household shares. This aggregate level effect is not identified in month-FE specifications.,0.029182842477090076,0.01832056955375644,-0.006725473848272545,0.0650911588024527,1647,27,True,"Aggregate total IRF evaluated at sample mean lagged shares: PH2M=0.4903, WH2M=0.1962.",,,,,,,
cumulative,mp_shock,Monthly monetary-policy shock from DI surprise,expansionary_rate_surprise,one-unit negative DI/rate surprise; source mp_shock values are sign-flipped for this reported IRF,-1.0,Expansionary Rate Surprise,lag1,False,39,aggregate_response_at_mean_composition,Aggregate response at mean household composition,aggregate_total_irf,sample_mean_composition,Ricardian,Linear combination of mp_shock plus PH2M/WH2M shock-share interactions evaluated at the horizon-specific sample mean lagged household shares. This aggregate level effect is not identified in month-FE specifications.,-0.14992541961783395,0.022248031947901287,-0.1935315622357205,-0.10631927699994743,1620,27,True,"Aggregate total IRF evaluated at sample mean lagged shares: PH2M=0.4903, WH2M=0.1961.",,,,,,,
cumulative,mp_shock,Monthly monetary-policy shock from DI surprise,expansionary_rate_surprise,one-unit negative DI/rate surprise; source mp_shock values are sign-flipped for this reported IRF,-1.0,Expansionary Rate Surprise,lag1,False,40,aggregate_response_at_mean_composition,Aggregate response at mean household composition,aggregate_total_irf,sample_mean_composition,Ricardian,Linear combination of mp_shock plus PH2M/WH2M shock-share interactions evaluated at the horizon-specific sample mean lagged household shares. This aggregate level effect is not identified in month-FE specifications.,0.058230749501829826,0.019623614266400306,0.019768465539685226,0.09669303346397443,1593,27,True,"Aggregate total IRF evaluated at sample mean lagged shares: PH2M=0.4904, WH2M=0.1961.",,,,,,,
cumulative,mp_shock,Monthly monetary-policy shock from DI surprise,expansionary_rate_surprise,one-unit negative DI/rate surprise; source mp_shock values are sign-flipped for this reported IRF,-1.0,Expansionary Rate Surprise,lag1,False,41,aggregate_response_at_mean_composition,Aggregate response at mean household composition,aggregate_total_irf,sample_mean_composition,Ricardian,Linear combination of mp_shock plus PH2M/WH2M shock-share interactions evaluated at the horizon-specific sample mean lagged household shares. This aggregate level effect is not identified in month-FE specifications.,0.007337817646799527,0.02131931461930319,-0.03444803900703473,0.04912367430063378,1566,27,True,"Aggregate total IRF evaluated at sample mean lagged shares: PH2M=0.4904, WH2M=0.1961.",,,,,,,
cumulative,mp_shock,Monthly monetary-policy shock from DI surprise,expansionary_rate_surprise,one-unit negative DI/rate surprise; source mp_shock values are sign-flipped for this reported IRF,-1.0,Expansionary Rate Surprise,lag1,False,42,aggregate_response_at_mean_composition,Aggregate response at mean household composition,aggregate_total_irf,sample_mean_composition,Ricardian,Linear combination of mp_shock plus PH2M/WH2M shock-share interactions evaluated at the horizon-specific sample mean lagged household shares. This aggregate level effect is not identified in month-FE specifications.,0.025131548926644487,0.018968477101868123,-0.01204666619301703,0.062309764046306004,1539,27,True,"Aggregate total IRF evaluated at sample mean lagged shares: PH2M=0.4904, WH2M=0.1960.",,,,,,,
cumulative,mp_shock,Monthly monetary-policy shock from DI surprise,expansionary_rate_surprise,one-unit negative DI/rate surprise; source mp_shock values are sign-flipped for this reported IRF,-1.0,Expansionary Rate Surprise,lag1,False,43,aggregate_response_at_mean_composition,Aggregate response at mean household composition,aggregate_total_irf,sample_mean_composition,Ricardian,Linear combination of mp_shock plus PH2M/WH2M shock-share interactions evaluated at the horizon-specific sample mean lagged household shares. This aggregate level effect is not identified in month-FE specifications.,0.040906611874211296,0.01548532380380336,0.010555377218756712,0.07125784652966588,1512,27,True,"Aggregate total IRF evaluated at sample mean lagged shares: PH2M=0.4905, WH2M=0.1960.",,,,,,,
cumulative,mp_shock,Monthly monetary-policy shock from DI surprise,expansionary_rate_surprise,one-unit negative DI/rate surprise; source mp_shock values are sign-flipped for this reported IRF,-1.0,Expansionary Rate Surprise,lag1,False,44,aggregate_response_at_mean_composition,Aggregate response at mean household composition,aggregate_total_irf,sample_mean_composition,Ricardian,Linear combination of mp_shock plus PH2M/WH2M shock-share interactions evaluated at the horizon-specific sample mean lagged household shares. This aggregate level effect is not identified in month-FE specifications.,0.029093029467097353,0.020862480192785502,-0.011797431710762231,0.06998349064495693,1485,27,True,"Aggregate total IRF evaluated at sample mean lagged shares: PH2M=0.4905, WH2M=0.1960.",,,,,,,
cumulative,mp_shock,Monthly monetary-policy shock from DI surprise,expansionary_rate_surprise,one-unit negative DI/rate surprise; source mp_shock values are sign-flipped for this reported IRF,-1.0,Expansionary Rate Surprise,lag1,False,45,aggregate_response_at_mean_composition,Aggregate response at mean household composition,aggregate_total_irf,sample_mean_composition,Ricardian,Linear combination of mp_shock plus PH2M/WH2M shock-share interactions evaluated at the horizon-specific sample mean lagged household shares. This aggregate level effect is not identified in month-FE specifications.,0.11115910691825057,0.01765763429451159,0.07655014370100785,0.14576807013549328,1458,27,True,"Aggregate total IRF evaluated at sample mean lagged shares: PH2M=0.4905, WH2M=0.1959.",,,,,,,
cumulative,mp_shock,Monthly monetary-policy shock from DI surprise,expansionary_rate_surprise,one-unit negative DI/rate surprise; source mp_shock values are sign-flipped for this reported IRF,-1.0,Expansionary Rate Surprise,lag1,False,46,aggregate_response_at_mean_composition,Aggregate response at mean household composition,aggregate_total_irf,sample_mean_composition,Ricardian,Linear combination of mp_shock plus PH2M/WH2M shock-share interactions evaluated at the horizon-specific sample mean lagged household shares. This aggregate level effect is not identified in month-FE specifications.,0.08252780074261501,0.022453005851405625,0.03851990927385999,0.12653569221137004,1431,27,True,"Aggregate total IRF evaluated at sample mean lagged shares: PH2M=0.4905, WH2M=0.1959.",,,,,,,
cumulative,mp_shock,Monthly monetary-policy shock from DI surprise,expansionary_rate_surprise,one-unit negative DI/rate surprise; source mp_shock values are sign-flipped for this reported IRF,-1.0,Expansionary Rate Surprise,lag1,False,47,aggregate_response_at_mean_composition,Aggregate response at mean household composition,aggregate_total_irf,sample_mean_composition,Ricardian,Linear combination of mp_shock plus PH2M/WH2M shock-share interactions evaluated at the horizon-specific sample mean lagged household shares. This aggregate level effect is not identified in month-FE specifications.,0.10313530825448108,0.01941870005035474,0.0650746561557858,0.1411959603531764,1404,27,True,"Aggregate total IRF evaluated at sample mean lagged shares: PH2M=0.4905, WH2M=0.1959.",,,,,,,
cumulative,mp_shock,Monthly monetary-policy shock from DI surprise,expansionary_rate_surprise,one-unit negative DI/rate surprise; source mp_shock values are sign-flipped for this reported IRF,-1.0,Expansionary Rate Surprise,lag1,False,48,aggregate_response_at_mean_composition,Aggregate response at mean household composition,aggregate_total_irf,sample_mean_composition,Ricardian,Linear combination of mp_shock plus PH2M/WH2M shock-share interactions evaluated at the horizon-specific sample mean lagged household shares. This aggregate level effect is not identified in month-FE specifications.,0.07961065612594054,0.017685722914229728,0.044946639214050274,0.1142746730378308,1377,27,True,"Aggregate total IRF evaluated at sample mean lagged shares: PH2M=0.4905, WH2M=0.1959.",,,,,,,
cumulative,mp_shock,Monthly monetary-policy shock from DI surprise,expansionary_rate_surprise,one-unit negative DI/rate surprise; source mp_shock values are sign-flipped for this reported IRF,-1.0,Expansionary Rate Surprise,lag2,False,0,aggregate_response_at_mean_composition,Aggregate response at mean household composition,aggregate_total_irf,sample_mean_composition,Ricardian,Linear combination of mp_shock plus PH2M/WH2M shock-share interactions evaluated at the horizon-specific sample mean lagged household shares. This aggregate level effect is not identified in month-FE specifications.,-0.006708063202277903,0.009090599112105475,-0.024525637462004635,0.01110951105744883,2646,27,True,"Aggregate total IRF evaluated at sample mean lagged shares: PH2M=0.4882, WH2M=0.1977.",,,,,,,
cumulative,mp_shock,Monthly monetary-policy shock from DI surprise,expansionary_rate_surprise,one-unit negative DI/rate surprise; source mp_shock values are sign-flipped for this reported IRF,-1.0,Expansionary Rate Surprise,lag2,False,1,aggregate_response_at_mean_composition,Aggregate response at mean household composition,aggregate_total_irf,sample_mean_composition,Ricardian,Linear combination of mp_shock plus PH2M/WH2M shock-share interactions evaluated at the horizon-specific sample mean lagged household shares. This aggregate level effect is not identified in month-FE specifications.,0.0014704234546749628,0.008739416142012341,-0.015658832183669227,0.018599679093019152,2619,27,True,"Aggregate total IRF evaluated at sample mean lagged shares: PH2M=0.4883, WH2M=0.1977.",,,,,,,
cumulative,mp_shock,Monthly monetary-policy shock from DI surprise,expansionary_rate_surprise,one-unit negative DI/rate surprise; source mp_shock values are sign-flipped for this reported IRF,-1.0,Expansionary Rate Surprise,lag2,False,2,aggregate_response_at_mean_composition,Aggregate response at mean household composition,aggregate_total_irf,sample_mean_composition,Ricardian,Linear combination of mp_shock plus PH2M/WH2M shock-share interactions evaluated at the horizon-specific sample mean lagged household shares. This aggregate level effect is not identified in month-FE specifications.,0.004546759763286168,0.008799453404473467,-0.012700168909481828,0.021793688436054164,2592,27,True,"Aggregate total IRF evaluated at sample mean lagged shares: PH2M=0.4883, WH2M=0.1976.",,,,,,,
cumulative,mp_shock,Monthly monetary-policy shock from DI surprise,expansionary_rate_surprise,one-unit negative DI/rate surprise; source mp_shock values are sign-flipped for this reported IRF,-1.0,Expansionary Rate Surprise,lag2,False,3,aggregate_response_at_mean_composition,Aggregate response at mean household composition,aggregate_total_irf,sample_mean_composition,Ricardian,Linear combination of mp_shock plus PH2M/WH2M shock-share interactions evaluated at the horizon-specific sample mean lagged household shares. This aggregate level effect is not identified in month-FE specifications.,0.013805963357219064,0.01243572627477012,-0.010568060141330368,0.0381799868557685,2565,27,True,"Aggregate total IRF evaluated at sample mean lagged shares: PH2M=0.4883, WH2M=0.1976.",,,,,,,
cumulative,mp_shock,Monthly monetary-policy shock from DI surprise,expansionary_rate_surprise,one-unit negative DI/rate surprise; source mp_shock values are sign-flipped for this reported IRF,-1.0,Expansionary Rate Surprise,lag2,False,4,aggregate_response_at_mean_composition,Aggregate response at mean household composition,aggregate_total_irf,sample_mean_composition,Ricardian,Linear combination of mp_shock plus PH2M/WH2M shock-share interactions evaluated at the horizon-specific sample mean lagged household shares. This aggregate level effect is not identified in month-FE specifications.,0.016809104432509492,0.011623918398585672,-0.005973775628718425,0.03959198449373741,2538,27,True,"Aggregate total IRF evaluated at sample mean lagged shares: PH2M=0.4884, WH2M=0.1975.",,,,,,,
cumulative,mp_shock,Monthly monetary-policy shock from DI surprise,expansionary_rate_surprise,one-unit negative DI/rate surprise; source mp_shock values are sign-flipped for this reported IRF,-1.0,Expansionary Rate Surprise,lag2,False,5,aggregate_response_at_mean_composition,Aggregate response at mean household composition,aggregate_total_irf,sample_mean_composition,Ricardian,Linear combination of mp_shock plus PH2M/WH2M shock-share interactions evaluated at the horizon-specific sample mean lagged household shares. This aggregate level effect is not identified in month-FE specifications.,0.03474194453248469,0.011250190761090002,0.012691570640748287,0.0567923184242211,2511,27,True,"Aggregate total IRF evaluated at sample mean lagged shares: PH2M=0.4884, WH2M=0.1975.",,,,,,,
cumulative,mp_shock,Monthly monetary-policy shock from DI surprise,expansionary_rate_surprise,one-unit negative DI/rate surprise; source mp_shock values are sign-flipped for this reported IRF,-1.0,Expansionary Rate Surprise,lag2,False,6,aggregate_response_at_mean_composition,Aggregate response at mean household composition,aggregate_total_irf,sample_mean_composition,Ricardian,Linear combination of mp_shock plus PH2M/WH2M shock-share interactions evaluated at the horizon-specific sample mean lagged household shares. This aggregate level effect is not identified in month-FE specifications.,0.050498783627419,0.013370689723288564,0.024292231769773413,0.07670533548506459,2484,27,True,"Aggregate total IRF evaluated at sample mean lagged shares: PH2M=0.4884, WH2M=0.1974.",,,,,,,
cumulative,mp_shock,Monthly monetary-policy shock from DI surprise,expansionary_rate_surprise,one-unit negative DI/rate surprise; source mp_shock values are sign-flipped for this reported IRF,-1.0,Expansionary Rate Surprise,lag2,False,7,aggregate_response_at_mean_composition,Aggregate response at mean household composition,aggregate_total_irf,sample_mean_composition,Ricardian,Linear combination of mp_shock plus PH2M/WH2M shock-share interactions evaluated at the horizon-specific sample mean lagged household shares. This aggregate level effect is not identified in month-FE specifications.,0.005804253438125906,0.011473696286197302,-0.016684191282820806,0.028292698159072618,2457,27,True,"Aggregate total IRF evaluated at sample mean lagged shares: PH2M=0.4884, WH2M=0.1974.",,,,,,,
cumulative,mp_shock,Monthly monetary-policy shock from DI surprise,expansionary_rate_surprise,one-unit negative DI/rate surprise; source mp_shock values are sign-flipped for this reported IRF,-1.0,Expansionary Rate Surprise,lag2,False,8,aggregate_response_at_mean_composition,Aggregate response at mean household composition,aggregate_total_irf,sample_mean_composition,Ricardian,Linear combination of mp_shock plus PH2M/WH2M shock-share interactions evaluated at the horizon-specific sample mean lagged household shares. This aggregate level effect is not identified in month-FE specifications.,-0.030442684038594736,0.015536630830968469,-0.060894480467292934,9.112390103462042e-06,2430,27,True,"Aggregate total IRF evaluated at sample mean lagged shares: PH2M=0.4885, WH2M=0.1974.",,,,,,,
cumulative,mp_shock,Monthly monetary-policy shock from DI surprise,expansionary_rate_surprise,one-unit negative DI/rate surprise; source mp_shock values are sign-flipped for this reported IRF,-1.0,Expansionary Rate Surprise,lag2,False,9,aggregate_response_at_mean_composition,Aggregate response at mean household composition,aggregate_total_irf,sample_mean_composition,Ricardian,Linear combination of mp_shock plus PH2M/WH2M shock-share interactions evaluated at the horizon-specific sample mean lagged household shares. This aggregate level effect is not identified in month-FE specifications.,0.006477359067081835,0.016782233740381035,-0.02641581906406499,0.03937053719822866,2403,27,True,"Aggregate total IRF evaluated at sample mean lagged shares: PH2M=0.4885, WH2M=0.1973.",,,,,,,
cumulative,mp_shock,Monthly monetary-policy shock from DI surprise,expansionary_rate_surprise,one-unit negative DI/rate surprise; source mp_shock values are sign-flipped for this reported IRF,-1.0,Expansionary Rate Surprise,lag2,False,10,aggregate_response_at_mean_composition,Aggregate response at mean household composition,aggregate_total_irf,sample_mean_composition,Ricardian,Linear combination of mp_shock plus PH2M/WH2M shock-share interactions evaluated at the horizon-specific sample mean lagged household shares. This aggregate level effect is not identified in month-FE specifications.,0.024103155534689308,0.014662839395883316,-0.00463600968124199,0.052842320750620606,2376,27,True,"Aggregate total IRF evaluated at sample mean lagged shares: PH2M=0.4886, WH2M=0.1973.",,,,,,,
cumulative,mp_shock,Monthly monetary-policy shock from DI surprise,expansionary_rate_surprise,one-unit negative DI/rate surprise; source mp_shock values are sign-flipped for this reported IRF,-1.0,Expansionary Rate Surprise,lag2,False,11,aggregate_response_at_mean_composition,Aggregate response at mean household composition,aggregate_total_irf,sample_mean_composition,Ricardian,Linear combination of mp_shock plus PH2M/WH2M shock-share interactions evaluated at the horizon-specific sample mean lagged household shares. This aggregate level effect is not identified in month-FE specifications.,0.014175507090437175,0.017407230746343247,-0.01994266517239559,0.04829367935326994,2349,27,True,"Aggregate total IRF evaluated at sample mean lagged shares: PH2M=0.4886, WH2M=0.1972.",,,,,,,
cumulative,mp_shock,Monthly monetary-policy shock from DI surprise,expansionary_rate_surprise,one-unit negative DI/rate surprise; source mp_shock values are sign-flipped for this reported IRF,-1.0,Expansionary Rate Surprise,lag2,False,12,aggregate_response_at_mean_composition,Aggregate response at mean household composition,aggregate_total_irf,sample_mean_composition,Ricardian,Linear combination of mp_shock plus PH2M/WH2M shock-share interactions evaluated at the horizon-specific sample mean lagged household shares. This aggregate level effect is not identified in month-FE specifications.,0.009556922684147602,0.018876063739306788,-0.0274401622448937,0.046554007613188904,2322,27,True,"Aggregate total IRF evaluated at sample mean lagged shares: PH2M=0.4886, WH2M=0.1972.",,,,,,,
cumulative,mp_shock,Monthly monetary-policy shock from DI surprise,expansionary_rate_surprise,one-unit negative DI/rate surprise; source mp_shock values are sign-flipped for this reported IRF,-1.0,Expansionary Rate Surprise,lag2,False,13,aggregate_response_at_mean_composition,Aggregate response at mean household composition,aggregate_total_irf,sample_mean_composition,Ricardian,Linear combination of mp_shock plus PH2M/WH2M shock-share interactions evaluated at the horizon-specific sample mean lagged household shares. This aggregate level effect is not identified in month-FE specifications.,0.06724217797372153,0.01852773810721411,0.03092781128358188,0.10355654466386119,2295,27,True,"Aggregate total IRF evaluated at sample mean lagged shares: PH2M=0.4887, WH2M=0.1972.",,,,,,,
cumulative,mp_shock,Monthly monetary-policy shock from DI surprise,expansionary_rate_surprise,one-unit negative DI/rate surprise; source mp_shock values are sign-flipped for this reported IRF,-1.0,Expansionary Rate Surprise,lag2,False,14,aggregate_response_at_mean_composition,Aggregate response at mean household composition,aggregate_total_irf,sample_mean_composition,Ricardian,Linear combination of mp_shock plus PH2M/WH2M shock-share interactions evaluated at the horizon-specific sample mean lagged household shares. This aggregate level effect is not identified in month-FE specifications.,0.05707294453415386,0.017222557193675513,0.023316732434549854,0.09082915663375787,2268,27,True,"Aggregate total IRF evaluated at sample mean lagged shares: PH2M=0.4888, WH2M=0.1971.",,,,,,,
cumulative,mp_shock,Monthly monetary-policy shock from DI surprise,expansionary_rate_surprise,one-unit negative DI/rate surprise; source mp_shock values are sign-flipped for this reported IRF,-1.0,Expansionary Rate Surprise,lag2,False,15,aggregate_response_at_mean_composition,Aggregate response at mean household composition,aggregate_total_irf,sample_mean_composition,Ricardian,Linear combination of mp_shock plus PH2M/WH2M shock-share interactions evaluated at the horizon-specific sample mean lagged household shares. This aggregate level effect is not identified in month-FE specifications.,0.04810267503877008,0.018703922097510813,0.011442987727648887,0.08476236234989128,2241,27,True,"Aggregate total IRF evaluated at sample mean lagged shares: PH2M=0.4888, WH2M=0.1971.",,,,,,,
cumulative,mp_shock,Monthly monetary-policy shock from DI surprise,expansionary_rate_surprise,one-unit negative DI/rate surprise; source mp_shock values are sign-flipped for this reported IRF,-1.0,Expansionary Rate Surprise,lag2,False,16,aggregate_response_at_mean_composition,Aggregate response at mean household composition,aggregate_total_irf,sample_mean_composition,Ricardian,Linear combination of mp_shock plus PH2M/WH2M shock-share interactions evaluated at the horizon-specific sample mean lagged household shares. This aggregate level effect is not identified in month-FE specifications.,0.07796273921184432,0.01871594366821592,0.041279489622141126,0.11464598880154753,2214,27,True,"Aggregate total IRF evaluated at sample mean lagged shares: PH2M=0.4889, WH2M=0.1971.",,,,,,,
cumulative,mp_shock,Monthly monetary-policy shock from DI surprise,expansionary_rate_surprise,one-unit negative DI/rate surprise; source mp_shock values are sign-flipped for this reported IRF,-1.0,Expansionary Rate Surprise,lag2,False,17,aggregate_response_at_mean_composition,Aggregate response at mean household composition,aggregate_total_irf,sample_mean_composition,Ricardian,Linear combination of mp_shock plus PH2M/WH2M shock-share interactions evaluated at the horizon-specific sample mean lagged household shares. This aggregate level effect is not identified in month-FE specifications.,0.06950770775520942,0.018314395042814586,0.03361149347129284,0.10540392203912602,2187,27,True,"Aggregate total IRF evaluated at sample mean lagged shares: PH2M=0.4889, WH2M=0.1970.",,,,,,,
cumulative,mp_shock,Monthly monetary-policy shock from DI surprise,expansionary_rate_surprise,one-unit negative DI/rate surprise; source mp_shock values are sign-flipped for this reported IRF,-1.0,Expansionary Rate Surprise,lag2,False,18,aggregate_response_at_mean_composition,Aggregate response at mean household composition,aggregate_total_irf,sample_mean_composition,Ricardian,Linear combination of mp_shock plus PH2M/WH2M shock-share interactions evaluated at the horizon-specific sample mean lagged household shares. This aggregate level effect is not identified in month-FE specifications.,0.0611587842116464,0.020186278701465738,0.021593677956773555,0.10072389046651925,2160,27,True,"Aggregate total IRF evaluated at sample mean lagged shares: PH2M=0.4889, WH2M=0.1970.",,,,,,,
cumulative,mp_shock,Monthly monetary-policy shock from DI surprise,expansionary_rate_surprise,one-unit negative DI/rate surprise; source mp_shock values are sign-flipped for this reported IRF,-1.0,Expansionary Rate Surprise,lag2,False,19,aggregate_response_at_mean_composition,Aggregate response at mean household composition,aggregate_total_irf,sample_mean_composition,Ricardian,Linear combination of mp_shock plus PH2M/WH2M shock-share interactions evaluated at the horizon-specific sample mean lagged household shares. This aggregate level effect is not identified in month-FE specifications.,0.08871371162594723,0.020083065473208428,0.04935090329845871,0.12807651995343575,2133,27,True,"Aggregate total IRF evaluated at sample mean lagged shares: PH2M=0.4890, WH2M=0.1970.",,,,,,,
cumulative,mp_shock,Monthly monetary-policy shock from DI surprise,expansionary_rate_surprise,one-unit negative DI/rate surprise; source mp_shock values are sign-flipped for this reported IRF,-1.0,Expansionary Rate Surprise,lag2,False,20,aggregate_response_at_mean_composition,Aggregate response at mean household composition,aggregate_total_irf,sample_mean_composition,Ricardian,Linear combination of mp_shock plus PH2M/WH2M shock-share interactions evaluated at the horizon-specific sample mean lagged household shares. This aggregate level effect is not identified in month-FE specifications.,0.0838129791759256,0.02021037624347283,0.044200641738718856,0.12342531661313236,2106,27,True,"Aggregate total IRF evaluated at sample mean lagged shares: PH2M=0.4890, WH2M=0.1969.",,,,,,,
cumulative,mp_shock,Monthly monetary-policy shock from DI surprise,expansionary_rate_surprise,one-unit negative DI/rate surprise; source mp_shock values are sign-flipped for this reported IRF,-1.0,Expansionary Rate Surprise,lag2,False,21,aggregate_response_at_mean_composition,Aggregate response at mean household composition,aggregate_total_irf,sample_mean_composition,Ricardian,Linear combination of mp_shock plus PH2M/WH2M shock-share interactions evaluated at the horizon-specific sample mean lagged household shares. This aggregate level effect is not identified in month-FE specifications.,0.06609221903693119,0.020901462443247382,0.025125352648166316,0.10705908542569606,2079,27,True,"Aggregate total IRF evaluated at sample mean lagged shares: PH2M=0.4891, WH2M=0.1969.",,,,,,,
cumulative,mp_shock,Monthly monetary-policy shock from DI surprise,expansionary_rate_surprise,one-unit negative DI/rate surprise; source mp_shock values are sign-flipped for this reported IRF,-1.0,Expansionary Rate Surprise,lag2,False,22,aggregate_response_at_mean_composition,Aggregate response at mean household composition,aggregate_total_irf,sample_mean_composition,Ricardian,Linear combination of mp_shock plus PH2M/WH2M shock-share interactions evaluated at the horizon-specific sample mean lagged household shares. This aggregate level effect is not identified in month-FE specifications.,0.09644849100353658,0.024076494088821808,0.049258562589445845,0.14363841941762734,2052,27,True,"Aggregate total IRF evaluated at sample mean lagged shares: PH2M=0.4892, WH2M=0.1968.",,,,,,,
cumulative,mp_shock,Monthly monetary-policy shock from DI surprise,expansionary_rate_surprise,one-unit negative DI/rate surprise; source mp_shock values are sign-flipped for this reported IRF,-1.0,Expansionary Rate Surprise,lag2,False,23,aggregate_response_at_mean_composition,Aggregate response at mean household composition,aggregate_total_irf,sample_mean_composition,Ricardian,Linear combination of mp_shock plus PH2M/WH2M shock-share interactions evaluated at the horizon-specific sample mean lagged household shares. This aggregate level effect is not identified in month-FE specifications.,0.13398433894930717,0.02136905985167763,0.09210098164001901,0.17586769625859533,2025,27,True,"Aggregate total IRF evaluated at sample mean lagged shares: PH2M=0.4893, WH2M=0.1968.",,,,,,,
cumulative,mp_shock,Monthly monetary-policy shock from DI surprise,expansionary_rate_surprise,one-unit negative DI/rate surprise; source mp_shock values are sign-flipped for this reported IRF,-1.0,Expansionary Rate Surprise,lag2,False,24,aggregate_response_at_mean_composition,Aggregate response at mean household composition,aggregate_total_irf,sample_mean_composition,Ricardian,Linear combination of mp_shock plus PH2M/WH2M shock-share interactions evaluated at the horizon-specific sample mean lagged household shares. This aggregate level effect is not identified in month-FE specifications.,0.08522442854704348,0.023932877591629376,0.03831598846744991,0.13213286862663706,1998,27,True,"Aggregate total IRF evaluated at sample mean lagged shares: PH2M=0.4894, WH2M=0.1967.",,,,,,,
cumulative,mp_shock,Monthly monetary-policy shock from DI surprise,expansionary_rate_surprise,one-unit negative DI/rate surprise; source mp_shock values are sign-flipped for this reported IRF,-1.0,Expansionary Rate Surprise,lag2,False,25,aggregate_response_at_mean_composition,Aggregate response at mean household composition,aggregate_total_irf,sample_mean_composition,Ricardian,Linear combination of mp_shock plus PH2M/WH2M shock-share interactions evaluated at the horizon-specific sample mean lagged household shares. This aggregate level effect is not identified in month-FE specifications.,0.10730842408063712,0.024822227222059345,0.05865685872540081,0.15595998943587344,1971,27,True,"Aggregate total IRF evaluated at sample mean lagged shares: PH2M=0.4895, WH2M=0.1967.",,,,,,,
cumulative,mp_shock,Monthly monetary-policy shock from DI surprise,expansionary_rate_surprise,one-unit negative DI/rate surprise; source mp_shock values are sign-flipped for this reported IRF,-1.0,Expansionary Rate Surprise,lag2,False,26,aggregate_response_at_mean_composition,Aggregate response at mean household composition,aggregate_total_irf,sample_mean_composition,Ricardian,Linear combination of mp_shock plus PH2M/WH2M shock-share interactions evaluated at the horizon-specific sample mean lagged household shares. This aggregate level effect is not identified in month-FE specifications.,0.1487092320573683,0.024861418487115865,0.0999808518226212,0.1974376122921154,1944,27,True,"Aggregate total IRF evaluated at sample mean lagged shares: PH2M=0.4896, WH2M=0.1966.",,,,,,,
cumulative,mp_shock,Monthly monetary-policy shock from DI surprise,expansionary_rate_surprise,one-unit negative DI/rate surprise; source mp_shock values are sign-flipped for this reported IRF,-1.0,Expansionary Rate Surprise,lag2,False,27,aggregate_response_at_mean_composition,Aggregate response at mean household composition,aggregate_total_irf,sample_mean_composition,Ricardian,Linear combination of mp_shock plus PH2M/WH2M shock-share interactions evaluated at the horizon-specific sample mean lagged household shares. This aggregate level effect is not identified in month-FE specifications.,0.11515566928816529,0.021910675917574358,0.07221074448971954,0.15810059408661103,1917,27,True,"Aggregate total IRF evaluated at sample mean lagged shares: PH2M=0.4896, WH2M=0.1966.",,,,,,,
cumulative,mp_shock,Monthly monetary-policy shock from DI surprise,expansionary_rate_surprise,one-unit negative DI/rate surprise; source mp_shock values are sign-flipped for this reported IRF,-1.0,Expansionary Rate Surprise,lag2,False,28,aggregate_response_at_mean_composition,Aggregate response at mean household composition,aggregate_total_irf,sample_mean_composition,Ricardian,Linear combination of mp_shock plus PH2M/WH2M shock-share interactions evaluated at the horizon-specific sample mean lagged household shares. This aggregate level effect is not identified in month-FE specifications.,0.13220998310123377,0.022399188305962846,0.0883075740215466,0.17611239218092095,1890,27,True,"Aggregate total IRF evaluated at sample mean lagged shares: PH2M=0.4897, WH2M=0.1965.",,,,,,,
cumulative,mp_shock,Monthly monetary-policy shock from DI surprise,expansionary_rate_surprise,one-unit negative DI/rate surprise; source mp_shock values are sign-flipped for this reported IRF,-1.0,Expansionary Rate Surprise,lag2,False,29,aggregate_response_at_mean_composition,Aggregate response at mean household composition,aggregate_total_irf,sample_mean_composition,Ricardian,Linear combination of mp_shock plus PH2M/WH2M shock-share interactions evaluated at the horizon-specific sample mean lagged household shares. This aggregate level effect is not identified in month-FE specifications.,0.06513628163006069,0.02084401502675116,0.02428201217762841,0.10599055108249297,1863,27,True,"Aggregate total IRF evaluated at sample mean lagged shares: PH2M=0.4898, WH2M=0.1965.",,,,,,,
cumulative,mp_shock,Monthly monetary-policy shock from DI surprise,expansionary_rate_surprise,one-unit negative DI/rate surprise; source mp_shock values are sign-flipped for this reported IRF,-1.0,Expansionary Rate Surprise,lag2,False,30,aggregate_response_at_mean_composition,Aggregate response at mean household composition,aggregate_total_irf,sample_mean_composition,Ricardian,Linear combination of mp_shock plus PH2M/WH2M shock-share interactions evaluated at the horizon-specific sample mean lagged household shares. This aggregate level effect is not identified in month-FE specifications.,-0.04246263668825012,0.018341873554519182,-0.07841270885510772,-0.006512564521392525,1836,27,True,"Aggregate total IRF evaluated at sample mean lagged shares: PH2M=0.4898, WH2M=0.1965.",,,,,,,
cumulative,mp_shock,Monthly monetary-policy shock from DI surprise,expansionary_rate_surprise,one-unit negative DI/rate surprise; source mp_shock values are sign-flipped for this reported IRF,-1.0,Expansionary Rate Surprise,lag2,False,31,aggregate_response_at_mean_composition,Aggregate response at mean household composition,aggregate_total_irf,sample_mean_composition,Ricardian,Linear combination of mp_shock plus PH2M/WH2M shock-share interactions evaluated at the horizon-specific sample mean lagged household shares. This aggregate level effect is not identified in month-FE specifications.,0.10977233985570267,0.0176873415975515,0.07510515032450174,0.1444395293869036,1809,27,True,"Aggregate total IRF evaluated at sample mean lagged shares: PH2M=0.4899, WH2M=0.1964.",,,,,,,
cumulative,mp_shock,Monthly monetary-policy shock from DI surprise,expansionary_rate_surprise,one-unit negative DI/rate surprise; source mp_shock values are sign-flipped for this reported IRF,-1.0,Expansionary Rate Surprise,lag2,False,32,aggregate_response_at_mean_composition,Aggregate response at mean household composition,aggregate_total_irf,sample_mean_composition,Ricardian,Linear combination of mp_shock plus PH2M/WH2M shock-share interactions evaluated at the horizon-specific sample mean lagged household shares. This aggregate level effect is not identified in month-FE specifications.,0.02936476306012825,0.015200446985622994,-0.00042811303169281584,0.05915763915194932,1782,27,True,"Aggregate total IRF evaluated at sample mean lagged shares: PH2M=0.4900, WH2M=0.1964.",,,,,,,
cumulative,mp_shock,Monthly monetary-policy shock from DI surprise,expansionary_rate_surprise,one-unit negative DI/rate surprise; source mp_shock values are sign-flipped for this reported IRF,-1.0,Expansionary Rate Surprise,lag2,False,33,aggregate_response_at_mean_composition,Aggregate response at mean household composition,aggregate_total_irf,sample_mean_composition,Ricardian,Linear combination of mp_shock plus PH2M/WH2M shock-share interactions evaluated at the horizon-specific sample mean lagged household shares. This aggregate level effect is not identified in month-FE specifications.,-0.15691847961720942,0.02393515707913091,-0.203831387492306,-0.11000557174211284,1755,27,True,"Aggregate total IRF evaluated at sample mean lagged shares: PH2M=0.4900, WH2M=0.1963.",,,,,,,
cumulative,mp_shock,Monthly monetary-policy shock from DI surprise,expansionary_rate_surprise,one-unit negative DI/rate surprise; source mp_shock values are sign-flipped for this reported IRF,-1.0,Expansionary Rate Surprise,lag2,False,34,aggregate_response_at_mean_composition,Aggregate response at mean household composition,aggregate_total_irf,sample_mean_composition,Ricardian,Linear combination of mp_shock plus PH2M/WH2M shock-share interactions evaluated at the horizon-specific sample mean lagged household shares. This aggregate level effect is not identified in month-FE specifications.,0.15018285570793632,0.019884047756564976,0.11121012210506898,0.18915558931080367,1728,27,True,"Aggregate total IRF evaluated at sample mean lagged shares: PH2M=0.4901, WH2M=0.1963.",,,,,,,
cumulative,mp_shock,Monthly monetary-policy shock from DI surprise,expansionary_rate_surprise,one-unit negative DI/rate surprise; source mp_shock values are sign-flipped for this reported IRF,-1.0,Expansionary Rate Surprise,lag2,False,35,aggregate_response_at_mean_composition,Aggregate response at mean household composition,aggregate_total_irf,sample_mean_composition,Ricardian,Linear combination of mp_shock plus PH2M/WH2M shock-share interactions evaluated at the horizon-specific sample mean lagged household shares. This aggregate level effect is not identified in month-FE specifications.,0.1057228454800141,0.018918486790633567,0.06864261137037231,0.14280307958965588,1701,27,True,"Aggregate total IRF evaluated at sample mean lagged shares: PH2M=0.4901, WH2M=0.1962.",,,,,,,
cumulative,mp_shock,Monthly monetary-policy shock from DI surprise,expansionary_rate_surprise,one-unit negative DI/rate surprise; source mp_shock values are sign-flipped for this reported IRF,-1.0,Expansionary Rate Surprise,lag2,False,36,aggregate_response_at_mean_composition,Aggregate response at mean household composition,aggregate_total_irf,sample_mean_composition,Ricardian,Linear combination of mp_shock plus PH2M/WH2M shock-share interactions evaluated at the horizon-specific sample mean lagged household shares. This aggregate level effect is not identified in month-FE specifications.,0.11002455664088717,0.022513407723348915,0.0658982775031233,0.15415083577865105,1674,27,True,"Aggregate total IRF evaluated at sample mean lagged shares: PH2M=0.4902, WH2M=0.1962.",,,,,,,
cumulative,mp_shock,Monthly monetary-policy shock from DI surprise,expansionary_rate_surprise,one-unit negative DI/rate surprise; source mp_shock values are sign-flipped for this reported IRF,-1.0,Expansionary Rate Surprise,lag2,False,37,aggregate_response_at_mean_composition,Aggregate response at mean household composition,aggregate_total_irf,sample_mean_composition,Ricardian,Linear combination of mp_shock plus PH2M/WH2M shock-share interactions evaluated at the horizon-specific sample mean lagged household shares. This aggregate level effect is not identified in month-FE specifications.,0.1026814425283672,0.019357085900343123,0.06474155416369468,0.14062133089303971,1647,27,True,"Aggregate total IRF evaluated at sample mean lagged shares: PH2M=0.4902, WH2M=0.1962.",,,,,,,
cumulative,mp_shock,Monthly monetary-policy shock from DI surprise,expansionary_rate_surprise,one-unit negative DI/rate surprise; source mp_shock values are sign-flipped for this reported IRF,-1.0,Expansionary Rate Surprise,lag2,False,38,aggregate_response_at_mean_composition,Aggregate response at mean household composition,aggregate_total_irf,sample_mean_composition,Ricardian,Linear combination of mp_shock plus PH2M/WH2M shock-share interactions evaluated at the horizon-specific sample mean lagged household shares. This aggregate level effect is not identified in month-FE specifications.,0.04163215581246982,0.016339142158205477,0.009607437182387081,0.07365687444255256,1620,27,True,"Aggregate total IRF evaluated at sample mean lagged shares: PH2M=0.4903, WH2M=0.1961.",,,,,,,
cumulative,mp_shock,Monthly monetary-policy shock from DI surprise,expansionary_rate_surprise,one-unit negative DI/rate surprise; source mp_shock values are sign-flipped for this reported IRF,-1.0,Expansionary Rate Surprise,lag2,False,39,aggregate_response_at_mean_composition,Aggregate response at mean household composition,aggregate_total_irf,sample_mean_composition,Ricardian,Linear combination of mp_shock plus PH2M/WH2M shock-share interactions evaluated at the horizon-specific sample mean lagged household shares. This aggregate level effect is not identified in month-FE specifications.,-0.14307866892154592,0.02233774284068924,-0.18686064488929682,-0.09929669295379501,1593,27,True,"Aggregate total IRF evaluated at sample mean lagged shares: PH2M=0.4903, WH2M=0.1961.",,,,,,,
cumulative,mp_shock,Monthly monetary-policy shock from DI surprise,expansionary_rate_surprise,one-unit negative DI/rate surprise; source mp_shock values are sign-flipped for this reported IRF,-1.0,Expansionary Rate Surprise,lag2,False,40,aggregate_response_at_mean_composition,Aggregate response at mean household composition,aggregate_total_irf,sample_mean_composition,Ricardian,Linear combination of mp_shock plus PH2M/WH2M shock-share interactions evaluated at the horizon-specific sample mean lagged household shares. This aggregate level effect is not identified in month-FE specifications.,0.06470897893788874,0.02020353821134768,0.025110044043647292,0.10430791383213019,1566,27,True,"Aggregate total IRF evaluated at sample mean lagged shares: PH2M=0.4904, WH2M=0.1961.",,,,,,,
cumulative,mp_shock,Monthly monetary-policy shock from DI surprise,expansionary_rate_surprise,one-unit negative DI/rate surprise; source mp_shock values are sign-flipped for this reported IRF,-1.0,Expansionary Rate Surprise,lag2,False,41,aggregate_response_at_mean_composition,Aggregate response at mean household composition,aggregate_total_irf,sample_mean_composition,Ricardian,Linear combination of mp_shock plus PH2M/WH2M shock-share interactions evaluated at the horizon-specific sample mean lagged household shares. This aggregate level effect is not identified in month-FE specifications.,0.016529538308519776,0.021362385304124112,-0.025340736887563484,0.058399813504603035,1539,27,True,"Aggregate total IRF evaluated at sample mean lagged shares: PH2M=0.4904, WH2M=0.1961.",,,,,,,
cumulative,mp_shock,Monthly monetary-policy shock from DI surprise,expansionary_rate_surprise,one-unit negative DI/rate surprise; source mp_shock values are sign-flipped for this reported IRF,-1.0,Expansionary Rate Surprise,lag2,False,42,aggregate_response_at_mean_composition,Aggregate response at mean household composition,aggregate_total_irf,sample_mean_composition,Ricardian,Linear combination of mp_shock plus PH2M/WH2M shock-share interactions evaluated at the horizon-specific sample mean lagged household shares. This aggregate level effect is not identified in month-FE specifications.,0.03013160340854726,0.019326657592262757,-0.007748645472287742,0.06801185228938225,1512,27,True,"Aggregate total IRF evaluated at sample mean lagged shares: PH2M=0.4904, WH2M=0.1960.",,,,,,,
cumulative,mp_shock,Monthly monetary-policy shock from DI surprise,expansionary_rate_surprise,one-unit negative DI/rate surprise; source mp_shock values are sign-flipped for this reported IRF,-1.0,Expansionary Rate Surprise,lag2,False,43,aggregate_response_at_mean_composition,Aggregate response at mean household composition,aggregate_total_irf,sample_mean_composition,Ricardian,Linear combination of mp_shock plus PH2M/WH2M shock-share interactions evaluated at the horizon-specific sample mean lagged household shares. This aggregate level effect is not identified in month-FE specifications.,0.046814649262857166,0.015997462927301632,0.015459621925345966,0.07816967660036836,1485,27,True,"Aggregate total IRF evaluated at sample mean lagged shares: PH2M=0.4905, WH2M=0.1960.",,,,,,,
cumulative,mp_shock,Monthly monetary-policy shock from DI surprise,expansionary_rate_surprise,one-unit negative DI/rate surprise; source mp_shock values are sign-flipped for this reported IRF,-1.0,Expansionary Rate Surprise,lag2,False,44,aggregate_response_at_mean_composition,Aggregate response at mean household composition,aggregate_total_irf,sample_mean_composition,Ricardian,Linear combination of mp_shock plus PH2M/WH2M shock-share interactions evaluated at the horizon-specific sample mean lagged household shares. This aggregate level effect is not identified in month-FE specifications.,0.04048900335729133,0.020407666692552482,0.0004899766398884647,0.0804880300746942,1458,27,True,"Aggregate total IRF evaluated at sample mean lagged shares: PH2M=0.4905, WH2M=0.1959.",,,,,,,
cumulative,mp_shock,Monthly monetary-policy shock from DI surprise,expansionary_rate_surprise,one-unit negative DI/rate surprise; source mp_shock values are sign-flipped for this reported IRF,-1.0,Expansionary Rate Surprise,lag2,False,45,aggregate_response_at_mean_composition,Aggregate response at mean household composition,aggregate_total_irf,sample_mean_composition,Ricardian,Linear combination of mp_shock plus PH2M/WH2M shock-share interactions evaluated at the horizon-specific sample mean lagged household shares. This aggregate level effect is not identified in month-FE specifications.,0.12233567315696806,0.01850799555395678,0.08606000187121277,0.15861134444272335,1431,27,True,"Aggregate total IRF evaluated at sample mean lagged shares: PH2M=0.4905, WH2M=0.1959.",,,,,,,
cumulative,mp_shock,Monthly monetary-policy shock from DI surprise,expansionary_rate_surprise,one-unit negative DI/rate surprise; source mp_shock values are sign-flipped for this reported IRF,-1.0,Expansionary Rate Surprise,lag2,False,46,aggregate_response_at_mean_composition,Aggregate response at mean household composition,aggregate_total_irf,sample_mean_composition,Ricardian,Linear combination of mp_shock plus PH2M/WH2M shock-share interactions evaluated at the horizon-specific sample mean lagged household shares. This aggregate level effect is not identified in month-FE specifications.,0.09320626210815297,0.02214101135095837,0.04980987986027457,0.13660264435603137,1404,27,True,"Aggregate total IRF evaluated at sample mean lagged shares: PH2M=0.4905, WH2M=0.1959.",,,,,,,
cumulative,mp_shock,Monthly monetary-policy shock from DI surprise,expansionary_rate_surprise,one-unit negative DI/rate surprise; source mp_shock values are sign-flipped for this reported IRF,-1.0,Expansionary Rate Surprise,lag2,False,47,aggregate_response_at_mean_composition,Aggregate response at mean household composition,aggregate_total_irf,sample_mean_composition,Ricardian,Linear combination of mp_shock plus PH2M/WH2M shock-share interactions evaluated at the horizon-specific sample mean lagged household shares. This aggregate level effect is not identified in month-FE specifications.,0.11400320461884855,0.01963940569180263,0.0755099694629154,0.15249643977478172,1377,27,True,"Aggregate total IRF evaluated at sample mean lagged shares: PH2M=0.4905, WH2M=0.1959.",,,,,,,
cumulative,mp_shock,Monthly monetary-policy shock from DI surprise,expansionary_rate_surprise,one-unit negative DI/rate surprise; source mp_shock values are sign-flipped for this reported IRF,-1.0,Expansionary Rate Surprise,lag2,False,48,aggregate_response_at_mean_composition,Aggregate response at mean household composition,aggregate_total_irf,sample_mean_composition,Ricardian,Linear combination of mp_shock plus PH2M/WH2M shock-share interactions evaluated at the horizon-specific sample mean lagged household shares. This aggregate level effect is not identified in month-FE specifications.,0.08860417898262607,0.01806153454343331,0.05320357127749678,0.12400478668775536,1350,27,True,"Aggregate total IRF evaluated at sample mean lagged shares: PH2M=0.4905, WH2M=0.1959.",,,,,,,
marginal,mp_shock,Monthly monetary-policy shock from DI surprise,contractionary_rate_surprise,one-unit positive DI/rate surprise; positive mp_shock is contractionary,1.0,Contractionary Rate Surprise,lag1,False,0,aggregate_response_at_mean_composition,Aggregate response at mean household composition,aggregate_total_irf,sample_mean_composition,Ricardian,Linear combination of mp_shock plus PH2M/WH2M shock-share interactions evaluated at the horizon-specific sample mean lagged household shares. This aggregate level effect is not identified in month-FE specifications.,0.007410531293708722,0.010008615597860957,-0.012206355278098754,0.0270274178655162,2673,27,True,"Aggregate total IRF evaluated at sample mean lagged shares: PH2M=0.4882, WH2M=0.1977.",,,,,,,
marginal,mp_shock,Monthly monetary-policy shock from DI surprise,contractionary_rate_surprise,one-unit positive DI/rate surprise; positive mp_shock is contractionary,1.0,Contractionary Rate Surprise,lag1,False,1,aggregate_response_at_mean_composition,Aggregate response at mean household composition,aggregate_total_irf,sample_mean_composition,Ricardian,Linear combination of mp_shock plus PH2M/WH2M shock-share interactions evaluated at the horizon-specific sample mean lagged household shares. This aggregate level effect is not identified in month-FE specifications.,-0.009964365571196343,0.007791476083350633,-0.02523565869456358,0.005306927552170897,2646,27,True,"Aggregate total IRF evaluated at sample mean lagged shares: PH2M=0.4883, WH2M=0.1976.",,,,,,,
marginal,mp_shock,Monthly monetary-policy shock from DI surprise,contractionary_rate_surprise,one-unit positive DI/rate surprise; positive mp_shock is contractionary,1.0,Contractionary Rate Surprise,lag1,False,2,aggregate_response_at_mean_composition,Aggregate response at mean household composition,aggregate_total_irf,sample_mean_composition,Ricardian,Linear combination of mp_shock plus PH2M/WH2M shock-share interactions evaluated at the horizon-specific sample mean lagged household shares. This aggregate level effect is not identified in month-FE specifications.,-0.008889949524852447,0.007302279045541686,-0.023202416454114153,0.005422517404409256,2619,27,True,"Aggregate total IRF evaluated at sample mean lagged shares: PH2M=0.4883, WH2M=0.1976.",,,,,,,
marginal,mp_shock,Monthly monetary-policy shock from DI surprise,contractionary_rate_surprise,one-unit positive DI/rate surprise; positive mp_shock is contractionary,1.0,Contractionary Rate Surprise,lag1,False,3,aggregate_response_at_mean_composition,Aggregate response at mean household composition,aggregate_total_irf,sample_mean_composition,Ricardian,Linear combination of mp_shock plus PH2M/WH2M shock-share interactions evaluated at the horizon-specific sample mean lagged household shares. This aggregate level effect is not identified in month-FE specifications.,-0.010688726009683736,0.0071891012025640045,-0.024779364366709182,0.0034019123473417127,2592,27,True,"Aggregate total IRF evaluated at sample mean lagged shares: PH2M=0.4884, WH2M=0.1976.",,,,,,,
marginal,mp_shock,Monthly monetary-policy shock from DI surprise,contractionary_rate_surprise,one-unit positive DI/rate surprise; positive mp_shock is contractionary,1.0,Contractionary Rate Surprise,lag1,False,4,aggregate_response_at_mean_composition,Aggregate response at mean household composition,aggregate_total_irf,sample_mean_composition,Ricardian,Linear combination of mp_shock plus PH2M/WH2M shock-share interactions evaluated at the horizon-specific sample mean lagged household shares. This aggregate level effect is not identified in month-FE specifications.,-0.005448672282447803,0.00736271260985736,-0.01987958899776823,0.008982244432872624,2565,27,True,"Aggregate total IRF evaluated at sample mean lagged shares: PH2M=0.4884, WH2M=0.1975.",,,,,,,
marginal,mp_shock,Monthly monetary-policy shock from DI surprise,contractionary_rate_surprise,one-unit positive DI/rate surprise; positive mp_shock is contractionary,1.0,Contractionary Rate Surprise,lag1,False,5,aggregate_response_at_mean_composition,Aggregate response at mean household composition,aggregate_total_irf,sample_mean_composition,Ricardian,Linear combination of mp_shock plus PH2M/WH2M shock-share interactions evaluated at the horizon-specific sample mean lagged household shares. This aggregate level effect is not identified in month-FE specifications.,-0.023740553927916436,0.007535630559418431,-0.03851038982437656,-0.008970718031456312,2538,27,True,"Aggregate total IRF evaluated at sample mean lagged shares: PH2M=0.4885, WH2M=0.1975.",,,,,,,
marginal,mp_shock,Monthly monetary-policy shock from DI surprise,contractionary_rate_surprise,one-unit positive DI/rate surprise; positive mp_shock is contractionary,1.0,Contractionary Rate Surprise,lag1,False,6,aggregate_response_at_mean_composition,Aggregate response at mean household composition,aggregate_total_irf,sample_mean_composition,Ricardian,Linear combination of mp_shock plus PH2M/WH2M shock-share interactions evaluated at the horizon-specific sample mean lagged household shares. This aggregate level effect is not identified in month-FE specifications.,-0.021049646203520893,0.008125080541069528,-0.03697480406401717,-0.005124488343024619,2511,27,True,"Aggregate total IRF evaluated at sample mean lagged shares: PH2M=0.4884, WH2M=0.1974.",,,,,,,
marginal,mp_shock,Monthly monetary-policy shock from DI surprise,contractionary_rate_surprise,one-unit positive DI/rate surprise; positive mp_shock is contractionary,1.0,Contractionary Rate Surprise,lag1,False,7,aggregate_response_at_mean_composition,Aggregate response at mean household composition,aggregate_total_irf,sample_mean_composition,Ricardian,Linear combination of mp_shock plus PH2M/WH2M shock-share interactions evaluated at the horizon-specific sample mean lagged household shares. This aggregate level effect is not identified in month-FE specifications.,0.03592705632998716,0.007663615486730544,0.020906369975995293,0.05094774268397903,2484,27,True,"Aggregate total IRF evaluated at sample mean lagged shares: PH2M=0.4885, WH2M=0.1974.",,,,,,,
marginal,mp_shock,Monthly monetary-policy shock from DI surprise,contractionary_rate_surprise,one-unit positive DI/rate surprise; positive mp_shock is contractionary,1.0,Contractionary Rate Surprise,lag1,False,8,aggregate_response_at_mean_composition,Aggregate response at mean household composition,aggregate_total_irf,sample_mean_composition,Ricardian,Linear combination of mp_shock plus PH2M/WH2M shock-share interactions evaluated at the horizon-specific sample mean lagged household shares. This aggregate level effect is not identified in month-FE specifications.,0.026774659801980794,0.00781513438225409,0.011456996412762776,0.04209232319119881,2457,27,True,"Aggregate total IRF evaluated at sample mean lagged shares: PH2M=0.4885, WH2M=0.1974.",,,,,,,
marginal,mp_shock,Monthly monetary-policy shock from DI surprise,contractionary_rate_surprise,one-unit positive DI/rate surprise; positive mp_shock is contractionary,1.0,Contractionary Rate Surprise,lag1,False,9,aggregate_response_at_mean_composition,Aggregate response at mean household composition,aggregate_total_irf,sample_mean_composition,Ricardian,Linear combination of mp_shock plus PH2M/WH2M shock-share interactions evaluated at the horizon-specific sample mean lagged household shares. This aggregate level effect is not identified in month-FE specifications.,0.016527022941203486,0.010199345684931159,-0.0034636946012615855,0.036517740483668557,2430,27,True,"Aggregate total IRF evaluated at sample mean lagged shares: PH2M=0.4886, WH2M=0.1973.",,,,,,,
marginal,mp_shock,Monthly monetary-policy shock from DI surprise,contractionary_rate_surprise,one-unit positive DI/rate surprise; positive mp_shock is contractionary,1.0,Contractionary Rate Surprise,lag1,False,10,aggregate_response_at_mean_composition,Aggregate response at mean household composition,aggregate_total_irf,sample_mean_composition,Ricardian,Linear combination of mp_shock plus PH2M/WH2M shock-share interactions evaluated at the horizon-specific sample mean lagged household shares. This aggregate level effect is not identified in month-FE specifications.,-0.024022088490157918,0.00590142854687439,-0.03558888844203172,-0.012455288538284115,2403,27,True,"Aggregate total IRF evaluated at sample mean lagged shares: PH2M=0.4886, WH2M=0.1973.",,,,,,,
marginal,mp_shock,Monthly monetary-policy shock from DI surprise,contractionary_rate_surprise,one-unit positive DI/rate surprise; positive mp_shock is contractionary,1.0,Contractionary Rate Surprise,lag1,False,11,aggregate_response_at_mean_composition,Aggregate response at mean household composition,aggregate_total_irf,sample_mean_composition,Ricardian,Linear combination of mp_shock plus PH2M/WH2M shock-share interactions evaluated at the horizon-specific sample mean lagged household shares. This aggregate level effect is not identified in month-FE specifications.,0.0022590900325817342,0.00801864481384821,-0.013457453802560755,0.017975633867724224,2376,27,True,"Aggregate total IRF evaluated at sample mean lagged shares: PH2M=0.4886, WH2M=0.1972.",,,,,,,
marginal,mp_shock,Monthly monetary-policy shock from DI surprise,contractionary_rate_surprise,one-unit positive DI/rate surprise; positive mp_shock is contractionary,1.0,Contractionary Rate Surprise,lag1,False,12,aggregate_response_at_mean_composition,Aggregate response at mean household composition,aggregate_total_irf,sample_mean_composition,Ricardian,Linear combination of mp_shock plus PH2M/WH2M shock-share interactions evaluated at the horizon-specific sample mean lagged household shares. This aggregate level effect is not identified in month-FE specifications.,-0.000388976698791392,0.00978353173294714,-0.019564698895367785,0.018786745497785,2349,27,True,"Aggregate total IRF evaluated at sample mean lagged shares: PH2M=0.4887, WH2M=0.1972.",,,,,,,
marginal,mp_shock,Monthly monetary-policy shock from DI surprise,contractionary_rate_surprise,one-unit positive DI/rate surprise; positive mp_shock is contractionary,1.0,Contractionary Rate Surprise,lag1,False,13,aggregate_response_at_mean_composition,Aggregate response at mean household composition,aggregate_total_irf,sample_mean_composition,Ricardian,Linear combination of mp_shock plus PH2M/WH2M shock-share interactions evaluated at the horizon-specific sample mean lagged household shares. This aggregate level effect is not identified in month-FE specifications.,-0.06255236908461634,0.00920427887751082,-0.08059275568453755,-0.04451198248469513,2322,27,True,"Aggregate total IRF evaluated at sample mean lagged shares: PH2M=0.4887, WH2M=0.1972.",,,,,,,
marginal,mp_shock,Monthly monetary-policy shock from DI surprise,contractionary_rate_surprise,one-unit positive DI/rate surprise; positive mp_shock is contractionary,1.0,Contractionary Rate Surprise,lag1,False,14,aggregate_response_at_mean_composition,Aggregate response at mean household composition,aggregate_total_irf,sample_mean_composition,Ricardian,Linear combination of mp_shock plus PH2M/WH2M shock-share interactions evaluated at the horizon-specific sample mean lagged household shares. This aggregate level effect is not identified in month-FE specifications.,0.0020740802638432657,0.007712051709982346,-0.013041541087722132,0.017189701615408663,2295,27,True,"Aggregate total IRF evaluated at sample mean lagged shares: PH2M=0.4888, WH2M=0.1971.",,,,,,,
marginal,mp_shock,Monthly monetary-policy shock from DI surprise,contractionary_rate_surprise,one-unit positive DI/rate surprise; positive mp_shock is contractionary,1.0,Contractionary Rate Surprise,lag1,False,15,aggregate_response_at_mean_composition,Aggregate response at mean household composition,aggregate_total_irf,sample_mean_composition,Ricardian,Linear combination of mp_shock plus PH2M/WH2M shock-share interactions evaluated at the horizon-specific sample mean lagged household shares. This aggregate level effect is not identified in month-FE specifications.,-0.0014966885013782405,0.01124468488768678,-0.02353627088124433,0.020542893878487848,2268,27,True,"Aggregate total IRF evaluated at sample mean lagged shares: PH2M=0.4888, WH2M=0.1971.",,,,,,,
marginal,mp_shock,Monthly monetary-policy shock from DI surprise,contractionary_rate_surprise,one-unit positive DI/rate surprise; positive mp_shock is contractionary,1.0,Contractionary Rate Surprise,lag1,False,16,aggregate_response_at_mean_composition,Aggregate response at mean household composition,aggregate_total_irf,sample_mean_composition,Ricardian,Linear combination of mp_shock plus PH2M/WH2M shock-share interactions evaluated at the horizon-specific sample mean lagged household shares. This aggregate level effect is not identified in month-FE specifications.,-0.030882132630605415,0.0067810947130639825,-0.04417307826821082,-0.01759118699300001,2241,27,True,"Aggregate total IRF evaluated at sample mean lagged shares: PH2M=0.4889, WH2M=0.1971.",,,,,,,
marginal,mp_shock,Monthly monetary-policy shock from DI surprise,contractionary_rate_surprise,one-unit positive DI/rate surprise; positive mp_shock is contractionary,1.0,Contractionary Rate Surprise,lag1,False,17,aggregate_response_at_mean_composition,Aggregate response at mean household composition,aggregate_total_irf,sample_mean_composition,Ricardian,Linear combination of mp_shock plus PH2M/WH2M shock-share interactions evaluated at the horizon-specific sample mean lagged household shares. This aggregate level effect is not identified in month-FE specifications.,-0.004325174951741645,0.006870038113459143,-0.017790449654121566,0.009140099750638276,2214,27,True,"Aggregate total IRF evaluated at sample mean lagged shares: PH2M=0.4889, WH2M=0.1970.",,,,,,,
marginal,mp_shock,Monthly monetary-policy shock from DI surprise,contractionary_rate_surprise,one-unit positive DI/rate surprise; positive mp_shock is contractionary,1.0,Contractionary Rate Surprise,lag1,False,18,aggregate_response_at_mean_composition,Aggregate response at mean household composition,aggregate_total_irf,sample_mean_composition,Ricardian,Linear combination of mp_shock plus PH2M/WH2M shock-share interactions evaluated at the horizon-specific sample mean lagged household shares. This aggregate level effect is not identified in month-FE specifications.,-0.0011532522758407326,0.01156305851198889,-0.023816846959338955,0.02151034240765749,2187,27,True,"Aggregate total IRF evaluated at sample mean lagged shares: PH2M=0.4890, WH2M=0.1970.",,,,,,,
marginal,mp_shock,Monthly monetary-policy shock from DI surprise,contractionary_rate_surprise,one-unit positive DI/rate surprise; positive mp_shock is contractionary,1.0,Contractionary Rate Surprise,lag1,False,19,aggregate_response_at_mean_composition,Aggregate response at mean household composition,aggregate_total_irf,sample_mean_composition,Ricardian,Linear combination of mp_shock plus PH2M/WH2M shock-share interactions evaluated at the horizon-specific sample mean lagged household shares. This aggregate level effect is not identified in month-FE specifications.,-0.03638094413252961,0.009870004298451614,-0.055726152557494774,-0.017035735707564448,2160,27,True,"Aggregate total IRF evaluated at sample mean lagged shares: PH2M=0.4890, WH2M=0.1970.",,,,,,,
marginal,mp_shock,Monthly monetary-policy shock from DI surprise,contractionary_rate_surprise,one-unit positive DI/rate surprise; positive mp_shock is contractionary,1.0,Contractionary Rate Surprise,lag1,False,20,aggregate_response_at_mean_composition,Aggregate response at mean household composition,aggregate_total_irf,sample_mean_composition,Ricardian,Linear combination of mp_shock plus PH2M/WH2M shock-share interactions evaluated at the horizon-specific sample mean lagged household shares. This aggregate level effect is not identified in month-FE specifications.,-0.01185535598966242,0.005639057203559625,-0.022907908108639283,-0.0008028038706855544,2133,27,True,"Aggregate total IRF evaluated at sample mean lagged shares: PH2M=0.4890, WH2M=0.1969.",,,,,,,
marginal,mp_shock,Monthly monetary-policy shock from DI surprise,contractionary_rate_surprise,one-unit positive DI/rate surprise; positive mp_shock is contractionary,1.0,Contractionary Rate Surprise,lag1,False,21,aggregate_response_at_mean_composition,Aggregate response at mean household composition,aggregate_total_irf,sample_mean_composition,Ricardian,Linear combination of mp_shock plus PH2M/WH2M shock-share interactions evaluated at the horizon-specific sample mean lagged household shares. This aggregate level effect is not identified in month-FE specifications.,0.0059321216011773426,0.007402475914346221,-0.00857673119094125,0.020440974393295935,2106,27,True,"Aggregate total IRF evaluated at sample mean lagged shares: PH2M=0.4891, WH2M=0.1969.",,,,,,,
marginal,mp_shock,Monthly monetary-policy shock from DI surprise,contractionary_rate_surprise,one-unit positive DI/rate surprise; positive mp_shock is contractionary,1.0,Contractionary Rate Surprise,lag1,False,22,aggregate_response_at_mean_composition,Aggregate response at mean household composition,aggregate_total_irf,sample_mean_composition,Ricardian,Linear combination of mp_shock plus PH2M/WH2M shock-share interactions evaluated at the horizon-specific sample mean lagged household shares. This aggregate level effect is not identified in month-FE specifications.,-0.0399370128779615,0.010819213523053938,-0.06114267138314722,-0.018731354372775785,2079,27,True,"Aggregate total IRF evaluated at sample mean lagged shares: PH2M=0.4892, WH2M=0.1968.",,,,,,,
marginal,mp_shock,Monthly monetary-policy shock from DI surprise,contractionary_rate_surprise,one-unit positive DI/rate surprise; positive mp_shock is contractionary,1.0,Contractionary Rate Surprise,lag1,False,23,aggregate_response_at_mean_composition,Aggregate response at mean household composition,aggregate_total_irf,sample_mean_composition,Ricardian,Linear combination of mp_shock plus PH2M/WH2M shock-share interactions evaluated at the horizon-specific sample mean lagged household shares. This aggregate level effect is not identified in month-FE specifications.,-0.042314286433919046,0.010334583088254497,-0.06257006928689786,-0.022058503580940234,2052,27,True,"Aggregate total IRF evaluated at sample mean lagged shares: PH2M=0.4893, WH2M=0.1968.",,,,,,,
marginal,mp_shock,Monthly monetary-policy shock from DI surprise,contractionary_rate_surprise,one-unit positive DI/rate surprise; positive mp_shock is contractionary,1.0,Contractionary Rate Surprise,lag1,False,24,aggregate_response_at_mean_composition,Aggregate response at mean household composition,aggregate_total_irf,sample_mean_composition,Ricardian,Linear combination of mp_shock plus PH2M/WH2M shock-share interactions evaluated at the horizon-specific sample mean lagged household shares. This aggregate level effect is not identified in month-FE specifications.,-0.008403327035096317,0.010701761228668602,-0.029378779043286778,0.012572124973094144,2025,27,True,"Aggregate total IRF evaluated at sample mean lagged shares: PH2M=0.4894, WH2M=0.1967.",,,,,,,
marginal,mp_shock,Monthly monetary-policy shock from DI surprise,contractionary_rate_surprise,one-unit positive DI/rate surprise; positive mp_shock is contractionary,1.0,Contractionary Rate Surprise,lag1,False,25,aggregate_response_at_mean_composition,Aggregate response at mean household composition,aggregate_total_irf,sample_mean_composition,Ricardian,Linear combination of mp_shock plus PH2M/WH2M shock-share interactions evaluated at the horizon-specific sample mean lagged household shares. This aggregate level effect is not identified in month-FE specifications.,-0.037190325218355524,0.008380163180008574,-0.05361544505117233,-0.02076520538553872,1998,27,True,"Aggregate total IRF evaluated at sample mean lagged shares: PH2M=0.4895, WH2M=0.1967.",,,,,,,
marginal,mp_shock,Monthly monetary-policy shock from DI surprise,contractionary_rate_surprise,one-unit positive DI/rate surprise; positive mp_shock is contractionary,1.0,Contractionary Rate Surprise,lag1,False,26,aggregate_response_at_mean_composition,Aggregate response at mean household composition,aggregate_total_irf,sample_mean_composition,Ricardian,Linear combination of mp_shock plus PH2M/WH2M shock-share interactions evaluated at the horizon-specific sample mean lagged household shares. This aggregate level effect is not identified in month-FE specifications.,-0.04891497625564325,0.009197115835188514,-0.06694132329261274,-0.03088862921867376,1971,27,True,"Aggregate total IRF evaluated at sample mean lagged shares: PH2M=0.4896, WH2M=0.1966.",,,,,,,
marginal,mp_shock,Monthly monetary-policy shock from DI surprise,contractionary_rate_surprise,one-unit positive DI/rate surprise; positive mp_shock is contractionary,1.0,Contractionary Rate Surprise,lag1,False,27,aggregate_response_at_mean_composition,Aggregate response at mean household composition,aggregate_total_irf,sample_mean_composition,Ricardian,Linear combination of mp_shock plus PH2M/WH2M shock-share interactions evaluated at the horizon-specific sample mean lagged household shares. This aggregate level effect is not identified in month-FE specifications.,0.0172544865361125,0.011585864927692407,-0.005453808722164617,0.03996278179438962,1944,27,True,"Aggregate total IRF evaluated at sample mean lagged shares: PH2M=0.4897, WH2M=0.1966.",,,,,,,
marginal,mp_shock,Monthly monetary-policy shock from DI surprise,contractionary_rate_surprise,one-unit positive DI/rate surprise; positive mp_shock is contractionary,1.0,Contractionary Rate Surprise,lag1,False,28,aggregate_response_at_mean_composition,Aggregate response at mean household composition,aggregate_total_irf,sample_mean_composition,Ricardian,Linear combination of mp_shock plus PH2M/WH2M shock-share interactions evaluated at the horizon-specific sample mean lagged household shares. This aggregate level effect is not identified in month-FE specifications.,-0.03302324384232663,0.00797459736176047,-0.048653454671377154,-0.01739303301327611,1917,27,True,"Aggregate total IRF evaluated at sample mean lagged shares: PH2M=0.4897, WH2M=0.1966.",,,,,,,
marginal,mp_shock,Monthly monetary-policy shock from DI surprise,contractionary_rate_surprise,one-unit positive DI/rate surprise; positive mp_shock is contractionary,1.0,Contractionary Rate Surprise,lag1,False,29,aggregate_response_at_mean_composition,Aggregate response at mean household composition,aggregate_total_irf,sample_mean_composition,Ricardian,Linear combination of mp_shock plus PH2M/WH2M shock-share interactions evaluated at the horizon-specific sample mean lagged household shares. This aggregate level effect is not identified in month-FE specifications.,0.045099432538725476,0.010834759291253448,0.02386330432786872,0.06633556074958223,1890,27,True,"Aggregate total IRF evaluated at sample mean lagged shares: PH2M=0.4898, WH2M=0.1965.",,,,,,,
marginal,mp_shock,Monthly monetary-policy shock from DI surprise,contractionary_rate_surprise,one-unit positive DI/rate surprise; positive mp_shock is contractionary,1.0,Contractionary Rate Surprise,lag1,False,30,aggregate_response_at_mean_composition,Aggregate response at mean household composition,aggregate_total_irf,sample_mean_composition,Ricardian,Linear combination of mp_shock plus PH2M/WH2M shock-share interactions evaluated at the horizon-specific sample mean lagged household shares. This aggregate level effect is not identified in month-FE specifications.,0.09368582226956376,0.007751229735210124,0.07849341198855192,0.1088782325505756,1863,27,True,"Aggregate total IRF evaluated at sample mean lagged shares: PH2M=0.4898, WH2M=0.1965.",,,,,,,
marginal,mp_shock,Monthly monetary-policy shock from DI surprise,contractionary_rate_surprise,one-unit positive DI/rate surprise; positive mp_shock is contractionary,1.0,Contractionary Rate Surprise,lag1,False,31,aggregate_response_at_mean_composition,Aggregate response at mean household composition,aggregate_total_irf,sample_mean_composition,Ricardian,Linear combination of mp_shock plus PH2M/WH2M shock-share interactions evaluated at the horizon-specific sample mean lagged household shares. This aggregate level effect is not identified in month-FE specifications.,-0.041166307677595104,0.008719459439313008,-0.0582564481786486,-0.024076167176541607,1836,27,True,"Aggregate total IRF evaluated at sample mean lagged shares: PH2M=0.4899, WH2M=0.1964.",,,,,,,
marginal,mp_shock,Monthly monetary-policy shock from DI surprise,contractionary_rate_surprise,one-unit positive DI/rate surprise; positive mp_shock is contractionary,1.0,Contractionary Rate Surprise,lag1,False,32,aggregate_response_at_mean_composition,Aggregate response at mean household composition,aggregate_total_irf,sample_mean_composition,Ricardian,Linear combination of mp_shock plus PH2M/WH2M shock-share interactions evaluated at the horizon-specific sample mean lagged household shares. This aggregate level effect is not identified in month-FE specifications.,0.06708613904597503,0.008012485777721231,0.05138166692164142,0.08279061117030864,1809,27,True,"Aggregate total IRF evaluated at sample mean lagged shares: PH2M=0.4900, WH2M=0.1964.",,,,,,,
marginal,mp_shock,Monthly monetary-policy shock from DI surprise,contractionary_rate_surprise,one-unit positive DI/rate surprise; positive mp_shock is contractionary,1.0,Contractionary Rate Surprise,lag1,False,33,aggregate_response_at_mean_composition,Aggregate response at mean household composition,aggregate_total_irf,sample_mean_composition,Ricardian,Linear combination of mp_shock plus PH2M/WH2M shock-share interactions evaluated at the horizon-specific sample mean lagged household shares. This aggregate level effect is not identified in month-FE specifications.,0.16931025110023296,0.013612969978855749,0.1426288299416757,0.19599167225879022,1782,27,True,"Aggregate total IRF evaluated at sample mean lagged shares: PH2M=0.4901, WH2M=0.1963.",,,,,,,
marginal,mp_shock,Monthly monetary-policy shock from DI surprise,contractionary_rate_surprise,one-unit positive DI/rate surprise; positive mp_shock is contractionary,1.0,Contractionary Rate Surprise,lag1,False,34,aggregate_response_at_mean_composition,Aggregate response at mean household composition,aggregate_total_irf,sample_mean_composition,Ricardian,Linear combination of mp_shock plus PH2M/WH2M shock-share interactions evaluated at the horizon-specific sample mean lagged household shares. This aggregate level effect is not identified in month-FE specifications.,-0.07385755031679814,0.008941196329838471,-0.09138229512328154,-0.056332805510314735,1755,27,True,"Aggregate total IRF evaluated at sample mean lagged shares: PH2M=0.4901, WH2M=0.1963.",,,,,,,
marginal,mp_shock,Monthly monetary-policy shock from DI surprise,contractionary_rate_surprise,one-unit positive DI/rate surprise; positive mp_shock is contractionary,1.0,Contractionary Rate Surprise,lag1,False,35,aggregate_response_at_mean_composition,Aggregate response at mean household composition,aggregate_total_irf,sample_mean_composition,Ricardian,Linear combination of mp_shock plus PH2M/WH2M shock-share interactions evaluated at the horizon-specific sample mean lagged household shares. This aggregate level effect is not identified in month-FE specifications.,0.03325614302808905,0.010770209526397448,0.012146532356350052,0.054365753699828046,1728,27,True,"Aggregate total IRF evaluated at sample mean lagged shares: PH2M=0.4902, WH2M=0.1963.",,,,,,,
marginal,mp_shock,Monthly monetary-policy shock from DI surprise,contractionary_rate_surprise,one-unit positive DI/rate surprise; positive mp_shock is contractionary,1.0,Contractionary Rate Surprise,lag1,False,36,aggregate_response_at_mean_composition,Aggregate response at mean household composition,aggregate_total_irf,sample_mean_composition,Ricardian,Linear combination of mp_shock plus PH2M/WH2M shock-share interactions evaluated at the horizon-specific sample mean lagged household shares. This aggregate level effect is not identified in month-FE specifications.,-0.027695053618292567,0.013983220489888934,-0.055102165778474876,-0.00028794145811025795,1701,27,True,"Aggregate total IRF evaluated at sample mean lagged shares: PH2M=0.4902, WH2M=0.1962.",,,,,,,
marginal,mp_shock,Monthly monetary-policy shock from DI surprise,contractionary_rate_surprise,one-unit positive DI/rate surprise; positive mp_shock is contractionary,1.0,Contractionary Rate Surprise,lag1,False,37,aggregate_response_at_mean_composition,Aggregate response at mean household composition,aggregate_total_irf,sample_mean_composition,Ricardian,Linear combination of mp_shock plus PH2M/WH2M shock-share interactions evaluated at the horizon-specific sample mean lagged household shares. This aggregate level effect is not identified in month-FE specifications.,-0.006975533598253425,0.019464151314305914,-0.04512527017429301,0.031174202977786163,1674,27,True,"Aggregate total IRF evaluated at sample mean lagged shares: PH2M=0.4903, WH2M=0.1962.",,,,,,,
marginal,mp_shock,Monthly monetary-policy shock from DI surprise,contractionary_rate_surprise,one-unit positive DI/rate surprise; positive mp_shock is contractionary,1.0,Contractionary Rate Surprise,lag1,False,38,aggregate_response_at_mean_composition,Aggregate response at mean household composition,aggregate_total_irf,sample_mean_composition,Ricardian,Linear combination of mp_shock plus PH2M/WH2M shock-share interactions evaluated at the horizon-specific sample mean lagged household shares. This aggregate level effect is not identified in month-FE specifications.,0.04826944778897787,0.014789458223986465,0.0192821096699644,0.07725678590799134,1647,27,True,"Aggregate total IRF evaluated at sample mean lagged shares: PH2M=0.4903, WH2M=0.1962.",,,,,,,
marginal,mp_shock,Monthly monetary-policy shock from DI surprise,contractionary_rate_surprise,one-unit positive DI/rate surprise; positive mp_shock is contractionary,1.0,Contractionary Rate Surprise,lag1,False,39,aggregate_response_at_mean_composition,Aggregate response at mean household composition,aggregate_total_irf,sample_mean_composition,Ricardian,Linear combination of mp_shock plus PH2M/WH2M shock-share interactions evaluated at the horizon-specific sample mean lagged household shares. This aggregate level effect is not identified in month-FE specifications.,0.16126425478911366,0.01363954846954273,0.13453073978880992,0.1879977697894174,1620,27,True,"Aggregate total IRF evaluated at sample mean lagged shares: PH2M=0.4903, WH2M=0.1961.",,,,,,,
marginal,mp_shock,Monthly monetary-policy shock from DI surprise,contractionary_rate_surprise,one-unit positive DI/rate surprise; positive mp_shock is contractionary,1.0,Contractionary Rate Surprise,lag1,False,40,aggregate_response_at_mean_composition,Aggregate response at mean household composition,aggregate_total_irf,sample_mean_composition,Ricardian,Linear combination of mp_shock plus PH2M/WH2M shock-share interactions evaluated at the horizon-specific sample mean lagged household shares. This aggregate level effect is not identified in month-FE specifications.,-0.0013263405130597115,0.00729867655293656,-0.015631746556815367,0.012979065530695945,1593,27,True,"Aggregate total IRF evaluated at sample mean lagged shares: PH2M=0.4904, WH2M=0.1961.",,,,,,,
marginal,mp_shock,Monthly monetary-policy shock from DI surprise,contractionary_rate_surprise,one-unit positive DI/rate surprise; positive mp_shock is contractionary,1.0,Contractionary Rate Surprise,lag1,False,41,aggregate_response_at_mean_composition,Aggregate response at mean household composition,aggregate_total_irf,sample_mean_composition,Ricardian,Linear combination of mp_shock plus PH2M/WH2M shock-share interactions evaluated at the horizon-specific sample mean lagged household shares. This aggregate level effect is not identified in month-FE specifications.,0.03104065938641376,0.012229024501401039,0.007071771363667725,0.055009547409159795,1566,27,True,"Aggregate total IRF evaluated at sample mean lagged shares: PH2M=0.4904, WH2M=0.1961.",,,,,,,
marginal,mp_shock,Monthly monetary-policy shock from DI surprise,contractionary_rate_surprise,one-unit positive DI/rate surprise; positive mp_shock is contractionary,1.0,Contractionary Rate Surprise,lag1,False,42,aggregate_response_at_mean_composition,Aggregate response at mean household composition,aggregate_total_irf,sample_mean_composition,Ricardian,Linear combination of mp_shock plus PH2M/WH2M shock-share interactions evaluated at the horizon-specific sample mean lagged household shares. This aggregate level effect is not identified in month-FE specifications.,-0.038951904717486496,0.011463471024092287,-0.061420307924707374,-0.016483501510265616,1539,27,True,"Aggregate total IRF evaluated at sample mean lagged shares: PH2M=0.4904, WH2M=0.1960.",,,,,,,
marginal,mp_shock,Monthly monetary-policy shock from DI surprise,contractionary_rate_surprise,one-unit positive DI/rate surprise; positive mp_shock is contractionary,1.0,Contractionary Rate Surprise,lag1,False,43,aggregate_response_at_mean_composition,Aggregate response at mean household composition,aggregate_total_irf,sample_mean_composition,Ricardian,Linear combination of mp_shock plus PH2M/WH2M shock-share interactions evaluated at the horizon-specific sample mean lagged household shares. This aggregate level effect is not identified in month-FE specifications.,-0.03893863666549724,0.014833048518047827,-0.06801141176087097,-0.0098658615701235,1512,27,True,"Aggregate total IRF evaluated at sample mean lagged shares: PH2M=0.4905, WH2M=0.1960.",,,,,,,
marginal,mp_shock,Monthly monetary-policy shock from DI surprise,contractionary_rate_surprise,one-unit positive DI/rate surprise; positive mp_shock is contractionary,1.0,Contractionary Rate Surprise,lag1,False,44,aggregate_response_at_mean_composition,Aggregate response at mean household composition,aggregate_total_irf,sample_mean_composition,Ricardian,Linear combination of mp_shock plus PH2M/WH2M shock-share interactions evaluated at the horizon-specific sample mean lagged household shares. This aggregate level effect is not identified in month-FE specifications.,-0.010844914081062695,0.012146021797664396,-0.03465111680448491,0.012961288642359521,1485,27,True,"Aggregate total IRF evaluated at sample mean lagged shares: PH2M=0.4905, WH2M=0.1960.",,,,,,,
marginal,mp_shock,Monthly monetary-policy shock from DI surprise,contractionary_rate_surprise,one-unit positive DI/rate surprise; positive mp_shock is contractionary,1.0,Contractionary Rate Surprise,lag1,False,45,aggregate_response_at_mean_composition,Aggregate response at mean household composition,aggregate_total_irf,sample_mean_composition,Ricardian,Linear combination of mp_shock plus PH2M/WH2M shock-share interactions evaluated at the horizon-specific sample mean lagged household shares. This aggregate level effect is not identified in month-FE specifications.,-0.10511944917325927,0.01846805604269743,-0.14131683901694622,-0.06892205932957232,1458,27,True,"Aggregate total IRF evaluated at sample mean lagged shares: PH2M=0.4905, WH2M=0.1959.",,,,,,,
marginal,mp_shock,Monthly monetary-policy shock from DI surprise,contractionary_rate_surprise,one-unit positive DI/rate surprise; positive mp_shock is contractionary,1.0,Contractionary Rate Surprise,lag1,False,46,aggregate_response_at_mean_composition,Aggregate response at mean household composition,aggregate_total_irf,sample_mean_composition,Ricardian,Linear combination of mp_shock plus PH2M/WH2M shock-share interactions evaluated at the horizon-specific sample mean lagged household shares. This aggregate level effect is not identified in month-FE specifications.,0.0071501665156326055,0.01499159864749833,-0.022233366833464118,0.03653369986472933,1431,27,True,"Aggregate total IRF evaluated at sample mean lagged shares: PH2M=0.4905, WH2M=0.1959.",,,,,,,
marginal,mp_shock,Monthly monetary-policy shock from DI surprise,contractionary_rate_surprise,one-unit positive DI/rate surprise; positive mp_shock is contractionary,1.0,Contractionary Rate Surprise,lag1,False,47,aggregate_response_at_mean_composition,Aggregate response at mean household composition,aggregate_total_irf,sample_mean_composition,Ricardian,Linear combination of mp_shock plus PH2M/WH2M shock-share interactions evaluated at the horizon-specific sample mean lagged household shares. This aggregate level effect is not identified in month-FE specifications.,-0.045824442622176546,0.021344846360565373,-0.08766034148888469,-0.003988543755468414,1404,27,True,"Aggregate total IRF evaluated at sample mean lagged shares: PH2M=0.4905, WH2M=0.1959.",,,,,,,
marginal,mp_shock,Monthly monetary-policy shock from DI surprise,contractionary_rate_surprise,one-unit positive DI/rate surprise; positive mp_shock is contractionary,1.0,Contractionary Rate Surprise,lag1,False,48,aggregate_response_at_mean_composition,Aggregate response at mean household composition,aggregate_total_irf,sample_mean_composition,Ricardian,Linear combination of mp_shock plus PH2M/WH2M shock-share interactions evaluated at the horizon-specific sample mean lagged household shares. This aggregate level effect is not identified in month-FE specifications.,0.002980209583824306,0.014494982641317183,-0.02542995639315737,0.03139037556080598,1377,27,True,"Aggregate total IRF evaluated at sample mean lagged shares: PH2M=0.4905, WH2M=0.1959.",,,,,,,
marginal,mp_shock,Monthly monetary-policy shock from DI surprise,contractionary_rate_surprise,one-unit positive DI/rate surprise; positive mp_shock is contractionary,1.0,Contractionary Rate Surprise,lag2,False,0,aggregate_response_at_mean_composition,Aggregate response at mean household composition,aggregate_total_irf,sample_mean_composition,Ricardian,Linear combination of mp_shock plus PH2M/WH2M shock-share interactions evaluated at the horizon-specific sample mean lagged household shares. This aggregate level effect is not identified in month-FE specifications.,0.006708063202277903,0.009090599112105475,-0.01110951105744883,0.024525637462004635,2646,27,True,"Aggregate total IRF evaluated at sample mean lagged shares: PH2M=0.4882, WH2M=0.1977.",,,,,,,
marginal,mp_shock,Monthly monetary-policy shock from DI surprise,contractionary_rate_surprise,one-unit positive DI/rate surprise; positive mp_shock is contractionary,1.0,Contractionary Rate Surprise,lag2,False,1,aggregate_response_at_mean_composition,Aggregate response at mean household composition,aggregate_total_irf,sample_mean_composition,Ricardian,Linear combination of mp_shock plus PH2M/WH2M shock-share interactions evaluated at the horizon-specific sample mean lagged household shares. This aggregate level effect is not identified in month-FE specifications.,-0.008951623304315481,0.008115135989848117,-0.02485728984441779,0.006954043235786828,2619,27,True,"Aggregate total IRF evaluated at sample mean lagged shares: PH2M=0.4883, WH2M=0.1977.",,,,,,,
marginal,mp_shock,Monthly monetary-policy shock from DI surprise,contractionary_rate_surprise,one-unit positive DI/rate surprise; positive mp_shock is contractionary,1.0,Contractionary Rate Surprise,lag2,False,2,aggregate_response_at_mean_composition,Aggregate response at mean household composition,aggregate_total_irf,sample_mean_composition,Ricardian,Linear combination of mp_shock plus PH2M/WH2M shock-share interactions evaluated at the horizon-specific sample mean lagged household shares. This aggregate level effect is not identified in month-FE specifications.,-0.006484717235721582,0.006965311673833929,-0.020136728116436083,0.007167293644992918,2592,27,True,"Aggregate total IRF evaluated at sample mean lagged shares: PH2M=0.4883, WH2M=0.1976.",,,,,,,
marginal,mp_shock,Monthly monetary-policy shock from DI surprise,contractionary_rate_surprise,one-unit positive DI/rate surprise; positive mp_shock is contractionary,1.0,Contractionary Rate Surprise,lag2,False,3,aggregate_response_at_mean_composition,Aggregate response at mean household composition,aggregate_total_irf,sample_mean_composition,Ricardian,Linear combination of mp_shock plus PH2M/WH2M shock-share interactions evaluated at the horizon-specific sample mean lagged household shares. This aggregate level effect is not identified in month-FE specifications.,-0.011656640945922447,0.007320172645699339,-0.026004179331493155,0.002690897439648258,2565,27,True,"Aggregate total IRF evaluated at sample mean lagged shares: PH2M=0.4883, WH2M=0.1976.",,,,,,,
marginal,mp_shock,Monthly monetary-policy shock from DI surprise,contractionary_rate_surprise,one-unit positive DI/rate surprise; positive mp_shock is contractionary,1.0,Contractionary Rate Surprise,lag2,False,4,aggregate_response_at_mean_composition,Aggregate response at mean household composition,aggregate_total_irf,sample_mean_composition,Ricardian,Linear combination of mp_shock plus PH2M/WH2M shock-share interactions evaluated at the horizon-specific sample mean lagged household shares. This aggregate level effect is not identified in month-FE specifications.,-0.006340578946115227,0.007545524863492884,-0.021129807678561277,0.008448649786330824,2538,27,True,"Aggregate total IRF evaluated at sample mean lagged shares: PH2M=0.4884, WH2M=0.1975.",,,,,,,
marginal,mp_shock,Monthly monetary-policy shock from DI surprise,contractionary_rate_surprise,one-unit positive DI/rate surprise; positive mp_shock is contractionary,1.0,Contractionary Rate Surprise,lag2,False,5,aggregate_response_at_mean_composition,Aggregate response at mean household composition,aggregate_total_irf,sample_mean_composition,Ricardian,Linear combination of mp_shock plus PH2M/WH2M shock-share interactions evaluated at the horizon-specific sample mean lagged household shares. This aggregate level effect is not identified in month-FE specifications.,-0.024583457579845258,0.0077984501621409545,-0.03986841989764153,-0.009298495262048987,2511,27,True,"Aggregate total IRF evaluated at sample mean lagged shares: PH2M=0.4884, WH2M=0.1975.",,,,,,,
marginal,mp_shock,Monthly monetary-policy shock from DI surprise,contractionary_rate_surprise,one-unit positive DI/rate surprise; positive mp_shock is contractionary,1.0,Contractionary Rate Surprise,lag2,False,6,aggregate_response_at_mean_composition,Aggregate response at mean household composition,aggregate_total_irf,sample_mean_composition,Ricardian,Linear combination of mp_shock plus PH2M/WH2M shock-share interactions evaluated at the horizon-specific sample mean lagged household shares. This aggregate level effect is not identified in month-FE specifications.,-0.021880597018610934,0.007859100667747419,-0.03728443432739587,-0.0064767597098259935,2484,27,True,"Aggregate total IRF evaluated at sample mean lagged shares: PH2M=0.4884, WH2M=0.1974.",,,,,,,
marginal,mp_shock,Monthly monetary-policy shock from DI surprise,contractionary_rate_surprise,one-unit positive DI/rate surprise; positive mp_shock is contractionary,1.0,Contractionary Rate Surprise,lag2,False,7,aggregate_response_at_mean_composition,Aggregate response at mean household composition,aggregate_total_irf,sample_mean_composition,Ricardian,Linear combination of mp_shock plus PH2M/WH2M shock-share interactions evaluated at the horizon-specific sample mean lagged household shares. This aggregate level effect is not identified in month-FE specifications.,0.036818068285675215,0.00748238372408,0.022152596186478413,0.05148354038487202,2457,27,True,"Aggregate total IRF evaluated at sample mean lagged shares: PH2M=0.4884, WH2M=0.1974.",,,,,,,
marginal,mp_shock,Monthly monetary-policy shock from DI surprise,contractionary_rate_surprise,one-unit positive DI/rate surprise; positive mp_shock is contractionary,1.0,Contractionary Rate Surprise,lag2,False,8,aggregate_response_at_mean_composition,Aggregate response at mean household composition,aggregate_total_irf,sample_mean_composition,Ricardian,Linear combination of mp_shock plus PH2M/WH2M shock-share interactions evaluated at the horizon-specific sample mean lagged household shares. This aggregate level effect is not identified in month-FE specifications.,0.028032891304260343,0.008100594866293418,0.012155725366325244,0.04391005724219545,2430,27,True,"Aggregate total IRF evaluated at sample mean lagged shares: PH2M=0.4885, WH2M=0.1974.",,,,,,,
marginal,mp_shock,Monthly monetary-policy shock from DI surprise,contractionary_rate_surprise,one-unit positive DI/rate surprise; positive mp_shock is contractionary,1.0,Contractionary Rate Surprise,lag2,False,9,aggregate_response_at_mean_composition,Aggregate response at mean household composition,aggregate_total_irf,sample_mean_composition,Ricardian,Linear combination of mp_shock plus PH2M/WH2M shock-share interactions evaluated at the horizon-specific sample mean lagged household shares. This aggregate level effect is not identified in month-FE specifications.,0.019297878422855186,0.009859854533516938,-2.743646283801318e-05,0.03862319330854838,2403,27,True,"Aggregate total IRF evaluated at sample mean lagged shares: PH2M=0.4885, WH2M=0.1973.",,,,,,,
marginal,mp_shock,Monthly monetary-policy shock from DI surprise,contractionary_rate_surprise,one-unit positive DI/rate surprise; positive mp_shock is contractionary,1.0,Contractionary Rate Surprise,lag2,False,10,aggregate_response_at_mean_composition,Aggregate response at mean household composition,aggregate_total_irf,sample_mean_composition,Ricardian,Linear combination of mp_shock plus PH2M/WH2M shock-share interactions evaluated at the horizon-specific sample mean lagged household shares. This aggregate level effect is not identified in month-FE specifications.,-0.022956100729430176,0.005497025114574322,-0.03373026995399585,-0.012181931504864504,2376,27,True,"Aggregate total IRF evaluated at sample mean lagged shares: PH2M=0.4886, WH2M=0.1973.",,,,,,,
marginal,mp_shock,Monthly monetary-policy shock from DI surprise,contractionary_rate_surprise,one-unit positive DI/rate surprise; positive mp_shock is contractionary,1.0,Contractionary Rate Surprise,lag2,False,11,aggregate_response_at_mean_composition,Aggregate response at mean household composition,aggregate_total_irf,sample_mean_composition,Ricardian,Linear combination of mp_shock plus PH2M/WH2M shock-share interactions evaluated at the horizon-specific sample mean lagged household shares. This aggregate level effect is not identified in month-FE specifications.,0.004129084605641986,0.007855805209246013,-0.011268293604480199,0.019526462815764173,2349,27,True,"Aggregate total IRF evaluated at sample mean lagged shares: PH2M=0.4886, WH2M=0.1972.",,,,,,,
marginal,mp_shock,Monthly monetary-policy shock from DI surprise,contractionary_rate_surprise,one-unit positive DI/rate surprise; positive mp_shock is contractionary,1.0,Contractionary Rate Surprise,lag2,False,12,aggregate_response_at_mean_composition,Aggregate response at mean household composition,aggregate_total_irf,sample_mean_composition,Ricardian,Linear combination of mp_shock plus PH2M/WH2M shock-share interactions evaluated at the horizon-specific sample mean lagged household shares. This aggregate level effect is not identified in month-FE specifications.,-0.001026017375968677,0.01021906850598924,-0.021055391647707585,0.01900335689577023,2322,27,True,"Aggregate total IRF evaluated at sample mean lagged shares: PH2M=0.4886, WH2M=0.1972.",,,,,,,
marginal,mp_shock,Monthly monetary-policy shock from DI surprise,contractionary_rate_surprise,one-unit positive DI/rate surprise; positive mp_shock is contractionary,1.0,Contractionary Rate Surprise,lag2,False,13,aggregate_response_at_mean_composition,Aggregate response at mean household composition,aggregate_total_irf,sample_mean_composition,Ricardian,Linear combination of mp_shock plus PH2M/WH2M shock-share interactions evaluated at the horizon-specific sample mean lagged household shares. This aggregate level effect is not identified in month-FE specifications.,-0.06418418743905255,0.009501153258629682,-0.08280644782596672,-0.04556192705213837,2295,27,True,"Aggregate total IRF evaluated at sample mean lagged shares: PH2M=0.4887, WH2M=0.1972.",,,,,,,
marginal,mp_shock,Monthly monetary-policy shock from DI surprise,contractionary_rate_surprise,one-unit positive DI/rate surprise; positive mp_shock is contractionary,1.0,Contractionary Rate Surprise,lag2,False,14,aggregate_response_at_mean_composition,Aggregate response at mean household composition,aggregate_total_irf,sample_mean_composition,Ricardian,Linear combination of mp_shock plus PH2M/WH2M shock-share interactions evaluated at the horizon-specific sample mean lagged household shares. This aggregate level effect is not identified in month-FE specifications.,0.0026916077787443385,0.007286840471062129,-0.011590599544537434,0.016973815102026113,2268,27,True,"Aggregate total IRF evaluated at sample mean lagged shares: PH2M=0.4888, WH2M=0.1971.",,,,,,,
marginal,mp_shock,Monthly monetary-policy shock from DI surprise,contractionary_rate_surprise,one-unit positive DI/rate surprise; positive mp_shock is contractionary,1.0,Contractionary Rate Surprise,lag2,False,15,aggregate_response_at_mean_composition,Aggregate response at mean household composition,aggregate_total_irf,sample_mean_composition,Ricardian,Linear combination of mp_shock plus PH2M/WH2M shock-share interactions evaluated at the horizon-specific sample mean lagged household shares. This aggregate level effect is not identified in month-FE specifications.,-0.0009005413393106398,0.010470275407355439,-0.0214222811377273,0.01962119845910602,2241,27,True,"Aggregate total IRF evaluated at sample mean lagged shares: PH2M=0.4888, WH2M=0.1971.",,,,,,,
marginal,mp_shock,Monthly monetary-policy shock from DI surprise,contractionary_rate_surprise,one-unit positive DI/rate surprise; positive mp_shock is contractionary,1.0,Contractionary Rate Surprise,lag2,False,16,aggregate_response_at_mean_composition,Aggregate response at mean household composition,aggregate_total_irf,sample_mean_composition,Ricardian,Linear combination of mp_shock plus PH2M/WH2M shock-share interactions evaluated at the horizon-specific sample mean lagged household shares. This aggregate level effect is not identified in month-FE specifications.,-0.03483861571031575,0.007523658344833658,-0.04958498606618972,-0.020092245354441776,2214,27,True,"Aggregate total IRF evaluated at sample mean lagged shares: PH2M=0.4889, WH2M=0.1971.",,,,,,,
marginal,mp_shock,Monthly monetary-policy shock from DI surprise,contractionary_rate_surprise,one-unit positive DI/rate surprise; positive mp_shock is contractionary,1.0,Contractionary Rate Surprise,lag2,False,17,aggregate_response_at_mean_composition,Aggregate response at mean household composition,aggregate_total_irf,sample_mean_composition,Ricardian,Linear combination of mp_shock plus PH2M/WH2M shock-share interactions evaluated at the horizon-specific sample mean lagged household shares. This aggregate level effect is not identified in month-FE specifications.,-0.004324434377983077,0.006400364169587206,-0.016869148150374,0.008220279394407845,2187,27,True,"Aggregate total IRF evaluated at sample mean lagged shares: PH2M=0.4889, WH2M=0.1970.",,,,,,,
marginal,mp_shock,Monthly monetary-policy shock from DI surprise,contractionary_rate_surprise,one-unit positive DI/rate surprise; positive mp_shock is contractionary,1.0,Contractionary Rate Surprise,lag2,False,18,aggregate_response_at_mean_composition,Aggregate response at mean household composition,aggregate_total_irf,sample_mean_composition,Ricardian,Linear combination of mp_shock plus PH2M/WH2M shock-share interactions evaluated at the horizon-specific sample mean lagged household shares. This aggregate level effect is not identified in month-FE specifications.,-0.0017765699123093448,0.011849522839354748,-0.02500163467744465,0.02144849485282596,2160,27,True,"Aggregate total IRF evaluated at sample mean lagged shares: PH2M=0.4889, WH2M=0.1970.",,,,,,,
marginal,mp_shock,Monthly monetary-policy shock from DI surprise,contractionary_rate_surprise,one-unit positive DI/rate surprise; positive mp_shock is contractionary,1.0,Contractionary Rate Surprise,lag2,False,19,aggregate_response_at_mean_composition,Aggregate response at mean household composition,aggregate_total_irf,sample_mean_composition,Ricardian,Linear combination of mp_shock plus PH2M/WH2M shock-share interactions evaluated at the horizon-specific sample mean lagged household shares. This aggregate level effect is not identified in month-FE specifications.,-0.037291919166198034,0.010058476033864651,-0.05700653219257275,-0.01757730613982332,2133,27,True,"Aggregate total IRF evaluated at sample mean lagged shares: PH2M=0.4890, WH2M=0.1970.",,,,,,,
marginal,mp_shock,Monthly monetary-policy shock from DI surprise,contractionary_rate_surprise,one-unit positive DI/rate surprise; positive mp_shock is contractionary,1.0,Contractionary Rate Surprise,lag2,False,20,aggregate_response_at_mean_composition,Aggregate response at mean household composition,aggregate_total_irf,sample_mean_composition,Ricardian,Linear combination of mp_shock plus PH2M/WH2M shock-share interactions evaluated at the horizon-specific sample mean lagged household shares. This aggregate level effect is not identified in month-FE specifications.,-0.009993461201762532,0.0052592091614117,-0.020301511158129462,0.0003145887546043991,2106,27,True,"Aggregate total IRF evaluated at sample mean lagged shares: PH2M=0.4890, WH2M=0.1969.",,,,,,,
marginal,mp_shock,Monthly monetary-policy shock from DI surprise,contractionary_rate_surprise,one-unit positive DI/rate surprise; positive mp_shock is contractionary,1.0,Contractionary Rate Surprise,lag2,False,21,aggregate_response_at_mean_composition,Aggregate response at mean household composition,aggregate_total_irf,sample_mean_composition,Ricardian,Linear combination of mp_shock plus PH2M/WH2M shock-share interactions evaluated at the horizon-specific sample mean lagged household shares. This aggregate level effect is not identified in month-FE specifications.,0.00727703978985228,0.007293126082685278,-0.007017487332210866,0.021571566911915425,2079,27,True,"Aggregate total IRF evaluated at sample mean lagged shares: PH2M=0.4891, WH2M=0.1969.",,,,,,,
marginal,mp_shock,Monthly monetary-policy shock from DI surprise,contractionary_rate_surprise,one-unit positive DI/rate surprise; positive mp_shock is contractionary,1.0,Contractionary Rate Surprise,lag2,False,22,aggregate_response_at_mean_composition,Aggregate response at mean household composition,aggregate_total_irf,sample_mean_composition,Ricardian,Linear combination of mp_shock plus PH2M/WH2M shock-share interactions evaluated at the horizon-specific sample mean lagged household shares. This aggregate level effect is not identified in month-FE specifications.,-0.04013358375265122,0.011135661673489766,-0.06195948063269116,-0.01830768687261128,2052,27,True,"Aggregate total IRF evaluated at sample mean lagged shares: PH2M=0.4892, WH2M=0.1968.",,,,,,,
marginal,mp_shock,Monthly monetary-policy shock from DI surprise,contractionary_rate_surprise,one-unit positive DI/rate surprise; positive mp_shock is contractionary,1.0,Contractionary Rate Surprise,lag2,False,23,aggregate_response_at_mean_composition,Aggregate response at mean household composition,aggregate_total_irf,sample_mean_composition,Ricardian,Linear combination of mp_shock plus PH2M/WH2M shock-share interactions evaluated at the horizon-specific sample mean lagged household shares. This aggregate level effect is not identified in month-FE specifications.,-0.04613417387722807,0.010644443198693603,-0.06699728254666754,-0.025271065207788608,2025,27,True,"Aggregate total IRF evaluated at sample mean lagged shares: PH2M=0.4893, WH2M=0.1968.",,,,,,,
marginal,mp_shock,Monthly monetary-policy shock from DI surprise,contractionary_rate_surprise,one-unit positive DI/rate surprise; positive mp_shock is contractionary,1.0,Contractionary Rate Surprise,lag2,False,24,aggregate_response_at_mean_composition,Aggregate response at mean household composition,aggregate_total_irf,sample_mean_composition,Ricardian,Linear combination of mp_shock plus PH2M/WH2M shock-share interactions evaluated at the horizon-specific sample mean lagged household shares. This aggregate level effect is not identified in month-FE specifications.,-0.013761131366655587,0.010971402244679369,-0.03526507976622715,0.0077428170329159746,1998,27,True,"Aggregate total IRF evaluated at sample mean lagged shares: PH2M=0.4894, WH2M=0.1967.",,,,,,,
marginal,mp_shock,Monthly monetary-policy shock from DI surprise,contractionary_rate_surprise,one-unit positive DI/rate surprise; positive mp_shock is contractionary,1.0,Contractionary Rate Surprise,lag2,False,25,aggregate_response_at_mean_composition,Aggregate response at mean household composition,aggregate_total_irf,sample_mean_composition,Ricardian,Linear combination of mp_shock plus PH2M/WH2M shock-share interactions evaluated at the horizon-specific sample mean lagged household shares. This aggregate level effect is not identified in month-FE specifications.,-0.036578814790499736,0.009035499442431934,-0.054288393697666325,-0.018869235883333148,1971,27,True,"Aggregate total IRF evaluated at sample mean lagged shares: PH2M=0.4895, WH2M=0.1967.",,,,,,,
marginal,mp_shock,Monthly monetary-policy shock from DI surprise,contractionary_rate_surprise,one-unit positive DI/rate surprise; positive mp_shock is contractionary,1.0,Contractionary Rate Surprise,lag2,False,26,aggregate_response_at_mean_composition,Aggregate response at mean household composition,aggregate_total_irf,sample_mean_composition,Ricardian,Linear combination of mp_shock plus PH2M/WH2M shock-share interactions evaluated at the horizon-specific sample mean lagged household shares. This aggregate level effect is not identified in month-FE specifications.,-0.05525676373819011,0.009493171130818967,-0.07386337915459529,-0.03665014832178493,1944,27,True,"Aggregate total IRF evaluated at sample mean lagged shares: PH2M=0.4896, WH2M=0.1966.",,,,,,,
marginal,mp_shock,Monthly monetary-policy shock from DI surprise,contractionary_rate_surprise,one-unit positive DI/rate surprise; positive mp_shock is contractionary,1.0,Contractionary Rate Surprise,lag2,False,27,aggregate_response_at_mean_composition,Aggregate response at mean household composition,aggregate_total_irf,sample_mean_composition,Ricardian,Linear combination of mp_shock plus PH2M/WH2M shock-share interactions evaluated at the horizon-specific sample mean lagged household shares. This aggregate level effect is not identified in month-FE specifications.,0.015658588395981915,0.0109405676737914,-0.005784924244649228,0.03710210103661306,1917,27,True,"Aggregate total IRF evaluated at sample mean lagged shares: PH2M=0.4896, WH2M=0.1966.",,,,,,,
marginal,mp_shock,Monthly monetary-policy shock from DI surprise,contractionary_rate_surprise,one-unit positive DI/rate surprise; positive mp_shock is contractionary,1.0,Contractionary Rate Surprise,lag2,False,28,aggregate_response_at_mean_composition,Aggregate response at mean household composition,aggregate_total_irf,sample_mean_composition,Ricardian,Linear combination of mp_shock plus PH2M/WH2M shock-share interactions evaluated at the horizon-specific sample mean lagged household shares. This aggregate level effect is not identified in month-FE specifications.,-0.034061409032223156,0.007799530819506845,-0.04934848943845657,-0.01877432862598974,1890,27,True,"Aggregate total IRF evaluated at sample mean lagged shares: PH2M=0.4897, WH2M=0.1965.",,,,,,,
marginal,mp_shock,Monthly monetary-policy shock from DI surprise,contractionary_rate_surprise,one-unit positive DI/rate surprise; positive mp_shock is contractionary,1.0,Contractionary Rate Surprise,lag2,False,29,aggregate_response_at_mean_composition,Aggregate response at mean household composition,aggregate_total_irf,sample_mean_composition,Ricardian,Linear combination of mp_shock plus PH2M/WH2M shock-share interactions evaluated at the horizon-specific sample mean lagged household shares. This aggregate level effect is not identified in month-FE specifications.,0.047217065328788874,0.011440755634806683,0.024793184284567775,0.06964094637300997,1863,27,True,"Aggregate total IRF evaluated at sample mean lagged shares: PH2M=0.4898, WH2M=0.1965.",,,,,,,
marginal,mp_shock,Monthly monetary-policy shock from DI surprise,contractionary_rate_surprise,one-unit positive DI/rate surprise; positive mp_shock is contractionary,1.0,Contractionary Rate Surprise,lag2,False,30,aggregate_response_at_mean_composition,Aggregate response at mean household composition,aggregate_total_irf,sample_mean_composition,Ricardian,Linear combination of mp_shock plus PH2M/WH2M shock-share interactions evaluated at the horizon-specific sample mean lagged household shares. This aggregate level effect is not identified in month-FE specifications.,0.08994736246157747,0.007643613115207226,0.0749658807557713,0.10492884416738364,1836,27,True,"Aggregate total IRF evaluated at sample mean lagged shares: PH2M=0.4898, WH2M=0.1965.",,,,,,,
marginal,mp_shock,Monthly monetary-policy shock from DI surprise,contractionary_rate_surprise,one-unit positive DI/rate surprise; positive mp_shock is contractionary,1.0,Contractionary Rate Surprise,lag2,False,31,aggregate_response_at_mean_composition,Aggregate response at mean household composition,aggregate_total_irf,sample_mean_composition,Ricardian,Linear combination of mp_shock plus PH2M/WH2M shock-share interactions evaluated at the horizon-specific sample mean lagged household shares. This aggregate level effect is not identified in month-FE specifications.,-0.042713051967130156,0.008678931423045344,-0.05972375755629903,-0.02570234637796128,1809,27,True,"Aggregate total IRF evaluated at sample mean lagged shares: PH2M=0.4899, WH2M=0.1964.",,,,,,,
marginal,mp_shock,Monthly monetary-policy shock from DI surprise,contractionary_rate_surprise,one-unit positive DI/rate surprise; positive mp_shock is contractionary,1.0,Contractionary Rate Surprise,lag2,False,32,aggregate_response_at_mean_composition,Aggregate response at mean household composition,aggregate_total_irf,sample_mean_composition,Ricardian,Linear combination of mp_shock plus PH2M/WH2M shock-share interactions evaluated at the horizon-specific sample mean lagged household shares. This aggregate level effect is not identified in month-FE specifications.,0.06367552591800373,0.00799645922842388,0.048002465830292926,0.07934858600571452,1782,27,True,"Aggregate total IRF evaluated at sample mean lagged shares: PH2M=0.4900, WH2M=0.1964.",,,,,,,
marginal,mp_shock,Monthly monetary-policy shock from DI surprise,contractionary_rate_surprise,one-unit positive DI/rate surprise; positive mp_shock is contractionary,1.0,Contractionary Rate Surprise,lag2,False,33,aggregate_response_at_mean_composition,Aggregate response at mean household composition,aggregate_total_irf,sample_mean_composition,Ricardian,Linear combination of mp_shock plus PH2M/WH2M shock-share interactions evaluated at the horizon-specific sample mean lagged household shares. This aggregate level effect is not identified in month-FE specifications.,0.16726331835915326,0.01403725528913303,0.13975029799245253,0.19477633872585398,1755,27,True,"Aggregate total IRF evaluated at sample mean lagged shares: PH2M=0.4900, WH2M=0.1963.",,,,,,,
marginal,mp_shock,Monthly monetary-policy shock from DI surprise,contractionary_rate_surprise,one-unit positive DI/rate surprise; positive mp_shock is contractionary,1.0,Contractionary Rate Surprise,lag2,False,34,aggregate_response_at_mean_composition,Aggregate response at mean household composition,aggregate_total_irf,sample_mean_composition,Ricardian,Linear combination of mp_shock plus PH2M/WH2M shock-share interactions evaluated at the horizon-specific sample mean lagged household shares. This aggregate level effect is not identified in month-FE specifications.,-0.07452447337701784,0.00986053133091831,-0.09385111478561772,-0.05519783196841795,1728,27,True,"Aggregate total IRF evaluated at sample mean lagged shares: PH2M=0.4901, WH2M=0.1963.",,,,,,,
marginal,mp_shock,Monthly monetary-policy shock from DI surprise,contractionary_rate_surprise,one-unit positive DI/rate surprise; positive mp_shock is contractionary,1.0,Contractionary Rate Surprise,lag2,False,35,aggregate_response_at_mean_composition,Aggregate response at mean household composition,aggregate_total_irf,sample_mean_composition,Ricardian,Linear combination of mp_shock plus PH2M/WH2M shock-share interactions evaluated at the horizon-specific sample mean lagged household shares. This aggregate level effect is not identified in month-FE specifications.,0.027495543941608025,0.01100786907589769,0.005920120552848556,0.04907096733036749,1701,27,True,"Aggregate total IRF evaluated at sample mean lagged shares: PH2M=0.4901, WH2M=0.1962.",,,,,,,
marginal,mp_shock,Monthly monetary-policy shock from DI surprise,contractionary_rate_surprise,one-unit positive DI/rate surprise; positive mp_shock is contractionary,1.0,Contractionary Rate Surprise,lag2,False,36,aggregate_response_at_mean_composition,Aggregate response at mean household composition,aggregate_total_irf,sample_mean_composition,Ricardian,Linear combination of mp_shock plus PH2M/WH2M shock-share interactions evaluated at the horizon-specific sample mean lagged household shares. This aggregate level effect is not identified in month-FE specifications.,-0.028331007511321157,0.013928462590278596,-0.055630794188267205,-0.00103122083437511,1674,27,True,"Aggregate total IRF evaluated at sample mean lagged shares: PH2M=0.4902, WH2M=0.1962.",,,,,,,
marginal,mp_shock,Monthly monetary-policy shock from DI surprise,contractionary_rate_surprise,one-unit positive DI/rate surprise; positive mp_shock is contractionary,1.0,Contractionary Rate Surprise,lag2,False,37,aggregate_response_at_mean_composition,Aggregate response at mean household composition,aggregate_total_irf,sample_mean_composition,Ricardian,Linear combination of mp_shock plus PH2M/WH2M shock-share interactions evaluated at the horizon-specific sample mean lagged household shares. This aggregate level effect is not identified in month-FE specifications.,-0.01230260704504213,0.019952268712569544,-0.051409053721678435,0.026803839631594176,1647,27,True,"Aggregate total IRF evaluated at sample mean lagged shares: PH2M=0.4902, WH2M=0.1962.",,,,,,,
marginal,mp_shock,Monthly monetary-policy shock from DI surprise,contractionary_rate_surprise,one-unit positive DI/rate surprise; positive mp_shock is contractionary,1.0,Contractionary Rate Surprise,lag2,False,38,aggregate_response_at_mean_composition,Aggregate response at mean household composition,aggregate_total_irf,sample_mean_composition,Ricardian,Linear combination of mp_shock plus PH2M/WH2M shock-share interactions evaluated at the horizon-specific sample mean lagged household shares. This aggregate level effect is not identified in month-FE specifications.,0.04162228699385308,0.014581954289846823,0.013041656585753306,0.07020291740195285,1620,27,True,"Aggregate total IRF evaluated at sample mean lagged shares: PH2M=0.4903, WH2M=0.1961.",,,,,,,
marginal,mp_shock,Monthly monetary-policy shock from DI surprise,contractionary_rate_surprise,one-unit positive DI/rate surprise; positive mp_shock is contractionary,1.0,Contractionary Rate Surprise,lag2,False,39,aggregate_response_at_mean_composition,Aggregate response at mean household composition,aggregate_total_irf,sample_mean_composition,Ricardian,Linear combination of mp_shock plus PH2M/WH2M shock-share interactions evaluated at the horizon-specific sample mean lagged household shares. This aggregate level effect is not identified in month-FE specifications.,0.15845074764808054,0.013817789828233003,0.13136787958474386,0.18553361571141722,1593,27,True,"Aggregate total IRF evaluated at sample mean lagged shares: PH2M=0.4903, WH2M=0.1961.",,,,,,,
marginal,mp_shock,Monthly monetary-policy shock from DI surprise,contractionary_rate_surprise,one-unit positive DI/rate surprise; positive mp_shock is contractionary,1.0,Contractionary Rate Surprise,lag2,False,40,aggregate_response_at_mean_composition,Aggregate response at mean household composition,aggregate_total_irf,sample_mean_composition,Ricardian,Linear combination of mp_shock plus PH2M/WH2M shock-share interactions evaluated at the horizon-specific sample mean lagged household shares. This aggregate level effect is not identified in month-FE specifications.,-0.004866476891337323,0.008738425214250332,-0.021993790311267976,0.012260836528593328,1566,27,True,"Aggregate total IRF evaluated at sample mean lagged shares: PH2M=0.4904, WH2M=0.1961.",,,,,,,
marginal,mp_shock,Monthly monetary-policy shock from DI surprise,contractionary_rate_surprise,one-unit positive DI/rate surprise; positive mp_shock is contractionary,1.0,Contractionary Rate Surprise,lag2,False,41,aggregate_response_at_mean_composition,Aggregate response at mean household composition,aggregate_total_irf,sample_mean_composition,Ricardian,Linear combination of mp_shock plus PH2M/WH2M shock-share interactions evaluated at the horizon-specific sample mean lagged household shares. This aggregate level effect is not identified in month-FE specifications.,0.02667492009239697,0.012087841318914282,0.0029827511073249775,0.050367089077468966,1539,27,True,"Aggregate total IRF evaluated at sample mean lagged shares: PH2M=0.4904, WH2M=0.1961.",,,,,,,
marginal,mp_shock,Monthly monetary-policy shock from DI surprise,contractionary_rate_surprise,one-unit positive DI/rate surprise; positive mp_shock is contractionary,1.0,Contractionary Rate Surprise,lag2,False,42,aggregate_response_at_mean_composition,Aggregate response at mean household composition,aggregate_total_irf,sample_mean_composition,Ricardian,Linear combination of mp_shock plus PH2M/WH2M shock-share interactions evaluated at the horizon-specific sample mean lagged household shares. This aggregate level effect is not identified in month-FE specifications.,-0.03988304167415552,0.011528079007973235,-0.06247807652978306,-0.017288006818527976,1512,27,True,"Aggregate total IRF evaluated at sample mean lagged shares: PH2M=0.4904, WH2M=0.1960.",,,,,,,
marginal,mp_shock,Monthly monetary-policy shock from DI surprise,contractionary_rate_surprise,one-unit positive DI/rate surprise; positive mp_shock is contractionary,1.0,Contractionary Rate Surprise,lag2,False,43,aggregate_response_at_mean_composition,Aggregate response at mean household composition,aggregate_total_irf,sample_mean_composition,Ricardian,Linear combination of mp_shock plus PH2M/WH2M shock-share interactions evaluated at the horizon-specific sample mean lagged household shares. This aggregate level effect is not identified in month-FE specifications.,-0.04146819620041625,0.015387002394116363,-0.07162672089288433,-0.01130967150794818,1485,27,True,"Aggregate total IRF evaluated at sample mean lagged shares: PH2M=0.4905, WH2M=0.1960.",,,,,,,
marginal,mp_shock,Monthly monetary-policy shock from DI surprise,contractionary_rate_surprise,one-unit positive DI/rate surprise; positive mp_shock is contractionary,1.0,Contractionary Rate Surprise,lag2,False,44,aggregate_response_at_mean_composition,Aggregate response at mean household composition,aggregate_total_irf,sample_mean_composition,Ricardian,Linear combination of mp_shock plus PH2M/WH2M shock-share interactions evaluated at the horizon-specific sample mean lagged household shares. This aggregate level effect is not identified in month-FE specifications.,-0.017233953514306857,0.011658741567727678,-0.040085086987053105,0.00561717995843939,1458,27,True,"Aggregate total IRF evaluated at sample mean lagged shares: PH2M=0.4905, WH2M=0.1959.",,,,,,,
marginal,mp_shock,Monthly monetary-policy shock from DI surprise,contractionary_rate_surprise,one-unit positive DI/rate surprise; positive mp_shock is contractionary,1.0,Contractionary Rate Surprise,lag2,False,45,aggregate_response_at_mean_composition,Aggregate response at mean household composition,aggregate_total_irf,sample_mean_composition,Ricardian,Linear combination of mp_shock plus PH2M/WH2M shock-share interactions evaluated at the horizon-specific sample mean lagged household shares. This aggregate level effect is not identified in month-FE specifications.,-0.10677091663875277,0.0189413291647362,-0.1438959218016357,-0.06964591147586982,1431,27,True,"Aggregate total IRF evaluated at sample mean lagged shares: PH2M=0.4905, WH2M=0.1959.",,,,,,,
marginal,mp_shock,Monthly monetary-policy shock from DI surprise,contractionary_rate_surprise,one-unit positive DI/rate surprise; positive mp_shock is contractionary,1.0,Contractionary Rate Surprise,lag2,False,46,aggregate_response_at_mean_composition,Aggregate response at mean household composition,aggregate_total_irf,sample_mean_composition,Ricardian,Linear combination of mp_shock plus PH2M/WH2M shock-share interactions evaluated at the horizon-specific sample mean lagged household shares. This aggregate level effect is not identified in month-FE specifications.,0.003440152960328957,0.014863584351994086,-0.02569247236957945,0.032572778290237366,1404,27,True,"Aggregate total IRF evaluated at sample mean lagged shares: PH2M=0.4905, WH2M=0.1959.",,,,,,,
marginal,mp_shock,Monthly monetary-policy shock from DI surprise,contractionary_rate_surprise,one-unit positive DI/rate surprise; positive mp_shock is contractionary,1.0,Contractionary Rate Surprise,lag2,False,47,aggregate_response_at_mean_composition,Aggregate response at mean household composition,aggregate_total_irf,sample_mean_composition,Ricardian,Linear combination of mp_shock plus PH2M/WH2M shock-share interactions evaluated at the horizon-specific sample mean lagged household shares. This aggregate level effect is not identified in month-FE specifications.,-0.04558992066764268,0.022063425568059035,-0.08883423478103838,-0.002345606554246975,1377,27,True,"Aggregate total IRF evaluated at sample mean lagged shares: PH2M=0.4905, WH2M=0.1959.",,,,,,,
marginal,mp_shock,Monthly monetary-policy shock from DI surprise,contractionary_rate_surprise,one-unit positive DI/rate surprise; positive mp_shock is contractionary,1.0,Contractionary Rate Surprise,lag2,False,48,aggregate_response_at_mean_composition,Aggregate response at mean household composition,aggregate_total_irf,sample_mean_composition,Ricardian,Linear combination of mp_shock plus PH2M/WH2M shock-share interactions evaluated at the horizon-specific sample mean lagged household shares. This aggregate level effect is not identified in month-FE specifications.,0.002182612627379954,0.01442163434984686,-0.026083790698319894,0.030449015953079802,1350,27,True,"Aggregate total IRF evaluated at sample mean lagged shares: PH2M=0.4905, WH2M=0.1959.",,,,,,,
marginal,mp_shock,Monthly monetary-policy shock from DI surprise,expansionary_rate_surprise,one-unit negative DI/rate surprise; source mp_shock values are sign-flipped for this reported IRF,-1.0,Expansionary Rate Surprise,lag1,False,0,aggregate_response_at_mean_composition,Aggregate response at mean household composition,aggregate_total_irf,sample_mean_composition,Ricardian,Linear combination of mp_shock plus PH2M/WH2M shock-share interactions evaluated at the horizon-specific sample mean lagged household shares. This aggregate level effect is not identified in month-FE specifications.,-0.007410531293708722,0.010008615597860957,-0.0270274178655162,0.012206355278098754,2673,27,True,"Aggregate total IRF evaluated at sample mean lagged shares: PH2M=0.4882, WH2M=0.1977.",,,,,,,
marginal,mp_shock,Monthly monetary-policy shock from DI surprise,expansionary_rate_surprise,one-unit negative DI/rate surprise; source mp_shock values are sign-flipped for this reported IRF,-1.0,Expansionary Rate Surprise,lag1,False,1,aggregate_response_at_mean_composition,Aggregate response at mean household composition,aggregate_total_irf,sample_mean_composition,Ricardian,Linear combination of mp_shock plus PH2M/WH2M shock-share interactions evaluated at the horizon-specific sample mean lagged household shares. This aggregate level effect is not identified in month-FE specifications.,0.009964365571196343,0.007791476083350633,-0.005306927552170897,0.02523565869456358,2646,27,True,"Aggregate total IRF evaluated at sample mean lagged shares: PH2M=0.4883, WH2M=0.1976.",,,,,,,
marginal,mp_shock,Monthly monetary-policy shock from DI surprise,expansionary_rate_surprise,one-unit negative DI/rate surprise; source mp_shock values are sign-flipped for this reported IRF,-1.0,Expansionary Rate Surprise,lag1,False,2,aggregate_response_at_mean_composition,Aggregate response at mean household composition,aggregate_total_irf,sample_mean_composition,Ricardian,Linear combination of mp_shock plus PH2M/WH2M shock-share interactions evaluated at the horizon-specific sample mean lagged household shares. This aggregate level effect is not identified in month-FE specifications.,0.008889949524852447,0.007302279045541686,-0.005422517404409256,0.023202416454114153,2619,27,True,"Aggregate total IRF evaluated at sample mean lagged shares: PH2M=0.4883, WH2M=0.1976.",,,,,,,
marginal,mp_shock,Monthly monetary-policy shock from DI surprise,expansionary_rate_surprise,one-unit negative DI/rate surprise; source mp_shock values are sign-flipped for this reported IRF,-1.0,Expansionary Rate Surprise,lag1,False,3,aggregate_response_at_mean_composition,Aggregate response at mean household composition,aggregate_total_irf,sample_mean_composition,Ricardian,Linear combination of mp_shock plus PH2M/WH2M shock-share interactions evaluated at the horizon-specific sample mean lagged household shares. This aggregate level effect is not identified in month-FE specifications.,0.010688726009683736,0.0071891012025640045,-0.0034019123473417127,0.024779364366709182,2592,27,True,"Aggregate total IRF evaluated at sample mean lagged shares: PH2M=0.4884, WH2M=0.1976.",,,,,,,
marginal,mp_shock,Monthly monetary-policy shock from DI surprise,expansionary_rate_surprise,one-unit negative DI/rate surprise; source mp_shock values are sign-flipped for this reported IRF,-1.0,Expansionary Rate Surprise,lag1,False,4,aggregate_response_at_mean_composition,Aggregate response at mean household composition,aggregate_total_irf,sample_mean_composition,Ricardian,Linear combination of mp_shock plus PH2M/WH2M shock-share interactions evaluated at the horizon-specific sample mean lagged household shares. This aggregate level effect is not identified in month-FE specifications.,0.005448672282447803,0.00736271260985736,-0.008982244432872624,0.01987958899776823,2565,27,True,"Aggregate total IRF evaluated at sample mean lagged shares: PH2M=0.4884, WH2M=0.1975.",,,,,,,
marginal,mp_shock,Monthly monetary-policy shock from DI surprise,expansionary_rate_surprise,one-unit negative DI/rate surprise; source mp_shock values are sign-flipped for this reported IRF,-1.0,Expansionary Rate Surprise,lag1,False,5,aggregate_response_at_mean_composition,Aggregate response at mean household composition,aggregate_total_irf,sample_mean_composition,Ricardian,Linear combination of mp_shock plus PH2M/WH2M shock-share interactions evaluated at the horizon-specific sample mean lagged household shares. This aggregate level effect is not identified in month-FE specifications.,0.023740553927916436,0.007535630559418431,0.008970718031456312,0.03851038982437656,2538,27,True,"Aggregate total IRF evaluated at sample mean lagged shares: PH2M=0.4885, WH2M=0.1975.",,,,,,,
marginal,mp_shock,Monthly monetary-policy shock from DI surprise,expansionary_rate_surprise,one-unit negative DI/rate surprise; source mp_shock values are sign-flipped for this reported IRF,-1.0,Expansionary Rate Surprise,lag1,False,6,aggregate_response_at_mean_composition,Aggregate response at mean household composition,aggregate_total_irf,sample_mean_composition,Ricardian,Linear combination of mp_shock plus PH2M/WH2M shock-share interactions evaluated at the horizon-specific sample mean lagged household shares. This aggregate level effect is not identified in month-FE specifications.,0.021049646203520893,0.008125080541069528,0.005124488343024619,0.03697480406401717,2511,27,True,"Aggregate total IRF evaluated at sample mean lagged shares: PH2M=0.4884, WH2M=0.1974.",,,,,,,
marginal,mp_shock,Monthly monetary-policy shock from DI surprise,expansionary_rate_surprise,one-unit negative DI/rate surprise; source mp_shock values are sign-flipped for this reported IRF,-1.0,Expansionary Rate Surprise,lag1,False,7,aggregate_response_at_mean_composition,Aggregate response at mean household composition,aggregate_total_irf,sample_mean_composition,Ricardian,Linear combination of mp_shock plus PH2M/WH2M shock-share interactions evaluated at the horizon-specific sample mean lagged household shares. This aggregate level effect is not identified in month-FE specifications.,-0.03592705632998716,0.007663615486730544,-0.05094774268397903,-0.020906369975995293,2484,27,True,"Aggregate total IRF evaluated at sample mean lagged shares: PH2M=0.4885, WH2M=0.1974.",,,,,,,
marginal,mp_shock,Monthly monetary-policy shock from DI surprise,expansionary_rate_surprise,one-unit negative DI/rate surprise; source mp_shock values are sign-flipped for this reported IRF,-1.0,Expansionary Rate Surprise,lag1,False,8,aggregate_response_at_mean_composition,Aggregate response at mean household composition,aggregate_total_irf,sample_mean_composition,Ricardian,Linear combination of mp_shock plus PH2M/WH2M shock-share interactions evaluated at the horizon-specific sample mean lagged household shares. This aggregate level effect is not identified in month-FE specifications.,-0.026774659801980794,0.00781513438225409,-0.04209232319119881,-0.011456996412762776,2457,27,True,"Aggregate total IRF evaluated at sample mean lagged shares: PH2M=0.4885, WH2M=0.1974.",,,,,,,
marginal,mp_shock,Monthly monetary-policy shock from DI surprise,expansionary_rate_surprise,one-unit negative DI/rate surprise; source mp_shock values are sign-flipped for this reported IRF,-1.0,Expansionary Rate Surprise,lag1,False,9,aggregate_response_at_mean_composition,Aggregate response at mean household composition,aggregate_total_irf,sample_mean_composition,Ricardian,Linear combination of mp_shock plus PH2M/WH2M shock-share interactions evaluated at the horizon-specific sample mean lagged household shares. This aggregate level effect is not identified in month-FE specifications.,-0.016527022941203486,0.010199345684931159,-0.036517740483668557,0.0034636946012615855,2430,27,True,"Aggregate total IRF evaluated at sample mean lagged shares: PH2M=0.4886, WH2M=0.1973.",,,,,,,
marginal,mp_shock,Monthly monetary-policy shock from DI surprise,expansionary_rate_surprise,one-unit negative DI/rate surprise; source mp_shock values are sign-flipped for this reported IRF,-1.0,Expansionary Rate Surprise,lag1,False,10,aggregate_response_at_mean_composition,Aggregate response at mean household composition,aggregate_total_irf,sample_mean_composition,Ricardian,Linear combination of mp_shock plus PH2M/WH2M shock-share interactions evaluated at the horizon-specific sample mean lagged household shares. This aggregate level effect is not identified in month-FE specifications.,0.024022088490157918,0.00590142854687439,0.012455288538284115,0.03558888844203172,2403,27,True,"Aggregate total IRF evaluated at sample mean lagged shares: PH2M=0.4886, WH2M=0.1973.",,,,,,,
marginal,mp_shock,Monthly monetary-policy shock from DI surprise,expansionary_rate_surprise,one-unit negative DI/rate surprise; source mp_shock values are sign-flipped for this reported IRF,-1.0,Expansionary Rate Surprise,lag1,False,11,aggregate_response_at_mean_composition,Aggregate response at mean household composition,aggregate_total_irf,sample_mean_composition,Ricardian,Linear combination of mp_shock plus PH2M/WH2M shock-share interactions evaluated at the horizon-specific sample mean lagged household shares. This aggregate level effect is not identified in month-FE specifications.,-0.0022590900325817342,0.00801864481384821,-0.017975633867724224,0.013457453802560755,2376,27,True,"Aggregate total IRF evaluated at sample mean lagged shares: PH2M=0.4886, WH2M=0.1972.",,,,,,,
marginal,mp_shock,Monthly monetary-policy shock from DI surprise,expansionary_rate_surprise,one-unit negative DI/rate surprise; source mp_shock values are sign-flipped for this reported IRF,-1.0,Expansionary Rate Surprise,lag1,False,12,aggregate_response_at_mean_composition,Aggregate response at mean household composition,aggregate_total_irf,sample_mean_composition,Ricardian,Linear combination of mp_shock plus PH2M/WH2M shock-share interactions evaluated at the horizon-specific sample mean lagged household shares. This aggregate level effect is not identified in month-FE specifications.,0.000388976698791392,0.00978353173294714,-0.018786745497785,0.019564698895367785,2349,27,True,"Aggregate total IRF evaluated at sample mean lagged shares: PH2M=0.4887, WH2M=0.1972.",,,,,,,
marginal,mp_shock,Monthly monetary-policy shock from DI surprise,expansionary_rate_surprise,one-unit negative DI/rate surprise; source mp_shock values are sign-flipped for this reported IRF,-1.0,Expansionary Rate Surprise,lag1,False,13,aggregate_response_at_mean_composition,Aggregate response at mean household composition,aggregate_total_irf,sample_mean_composition,Ricardian,Linear combination of mp_shock plus PH2M/WH2M shock-share interactions evaluated at the horizon-specific sample mean lagged household shares. This aggregate level effect is not identified in month-FE specifications.,0.06255236908461634,0.00920427887751082,0.04451198248469513,0.08059275568453755,2322,27,True,"Aggregate total IRF evaluated at sample mean lagged shares: PH2M=0.4887, WH2M=0.1972.",,,,,,,
marginal,mp_shock,Monthly monetary-policy shock from DI surprise,expansionary_rate_surprise,one-unit negative DI/rate surprise; source mp_shock values are sign-flipped for this reported IRF,-1.0,Expansionary Rate Surprise,lag1,False,14,aggregate_response_at_mean_composition,Aggregate response at mean household composition,aggregate_total_irf,sample_mean_composition,Ricardian,Linear combination of mp_shock plus PH2M/WH2M shock-share interactions evaluated at the horizon-specific sample mean lagged household shares. This aggregate level effect is not identified in month-FE specifications.,-0.0020740802638432657,0.007712051709982346,-0.017189701615408663,0.013041541087722132,2295,27,True,"Aggregate total IRF evaluated at sample mean lagged shares: PH2M=0.4888, WH2M=0.1971.",,,,,,,
marginal,mp_shock,Monthly monetary-policy shock from DI surprise,expansionary_rate_surprise,one-unit negative DI/rate surprise; source mp_shock values are sign-flipped for this reported IRF,-1.0,Expansionary Rate Surprise,lag1,False,15,aggregate_response_at_mean_composition,Aggregate response at mean household composition,aggregate_total_irf,sample_mean_composition,Ricardian,Linear combination of mp_shock plus PH2M/WH2M shock-share interactions evaluated at the horizon-specific sample mean lagged household shares. This aggregate level effect is not identified in month-FE specifications.,0.0014966885013782405,0.01124468488768678,-0.020542893878487848,0.02353627088124433,2268,27,True,"Aggregate total IRF evaluated at sample mean lagged shares: PH2M=0.4888, WH2M=0.1971.",,,,,,,
marginal,mp_shock,Monthly monetary-policy shock from DI surprise,expansionary_rate_surprise,one-unit negative DI/rate surprise; source mp_shock values are sign-flipped for this reported IRF,-1.0,Expansionary Rate Surprise,lag1,False,16,aggregate_response_at_mean_composition,Aggregate response at mean household composition,aggregate_total_irf,sample_mean_composition,Ricardian,Linear combination of mp_shock plus PH2M/WH2M shock-share interactions evaluated at the horizon-specific sample mean lagged household shares. This aggregate level effect is not identified in month-FE specifications.,0.030882132630605415,0.0067810947130639825,0.01759118699300001,0.04417307826821082,2241,27,True,"Aggregate total IRF evaluated at sample mean lagged shares: PH2M=0.4889, WH2M=0.1971.",,,,,,,
marginal,mp_shock,Monthly monetary-policy shock from DI surprise,expansionary_rate_surprise,one-unit negative DI/rate surprise; source mp_shock values are sign-flipped for this reported IRF,-1.0,Expansionary Rate Surprise,lag1,False,17,aggregate_response_at_mean_composition,Aggregate response at mean household composition,aggregate_total_irf,sample_mean_composition,Ricardian,Linear combination of mp_shock plus PH2M/WH2M shock-share interactions evaluated at the horizon-specific sample mean lagged household shares. This aggregate level effect is not identified in month-FE specifications.,0.004325174951741645,0.006870038113459143,-0.009140099750638276,0.017790449654121566,2214,27,True,"Aggregate total IRF evaluated at sample mean lagged shares: PH2M=0.4889, WH2M=0.1970.",,,,,,,
marginal,mp_shock,Monthly monetary-policy shock from DI surprise,expansionary_rate_surprise,one-unit negative DI/rate surprise; source mp_shock values are sign-flipped for this reported IRF,-1.0,Expansionary Rate Surprise,lag1,False,18,aggregate_response_at_mean_composition,Aggregate response at mean household composition,aggregate_total_irf,sample_mean_composition,Ricardian,Linear combination of mp_shock plus PH2M/WH2M shock-share interactions evaluated at the horizon-specific sample mean lagged household shares. This aggregate level effect is not identified in month-FE specifications.,0.0011532522758407326,0.01156305851198889,-0.02151034240765749,0.023816846959338955,2187,27,True,"Aggregate total IRF evaluated at sample mean lagged shares: PH2M=0.4890, WH2M=0.1970.",,,,,,,
marginal,mp_shock,Monthly monetary-policy shock from DI surprise,expansionary_rate_surprise,one-unit negative DI/rate surprise; source mp_shock values are sign-flipped for this reported IRF,-1.0,Expansionary Rate Surprise,lag1,False,19,aggregate_response_at_mean_composition,Aggregate response at mean household composition,aggregate_total_irf,sample_mean_composition,Ricardian,Linear combination of mp_shock plus PH2M/WH2M shock-share interactions evaluated at the horizon-specific sample mean lagged household shares. This aggregate level effect is not identified in month-FE specifications.,0.03638094413252961,0.009870004298451614,0.017035735707564448,0.055726152557494774,2160,27,True,"Aggregate total IRF evaluated at sample mean lagged shares: PH2M=0.4890, WH2M=0.1970.",,,,,,,
marginal,mp_shock,Monthly monetary-policy shock from DI surprise,expansionary_rate_surprise,one-unit negative DI/rate surprise; source mp_shock values are sign-flipped for this reported IRF,-1.0,Expansionary Rate Surprise,lag1,False,20,aggregate_response_at_mean_composition,Aggregate response at mean household composition,aggregate_total_irf,sample_mean_composition,Ricardian,Linear combination of mp_shock plus PH2M/WH2M shock-share interactions evaluated at the horizon-specific sample mean lagged household shares. This aggregate level effect is not identified in month-FE specifications.,0.01185535598966242,0.005639057203559625,0.0008028038706855544,0.022907908108639283,2133,27,True,"Aggregate total IRF evaluated at sample mean lagged shares: PH2M=0.4890, WH2M=0.1969.",,,,,,,
marginal,mp_shock,Monthly monetary-policy shock from DI surprise,expansionary_rate_surprise,one-unit negative DI/rate surprise; source mp_shock values are sign-flipped for this reported IRF,-1.0,Expansionary Rate Surprise,lag1,False,21,aggregate_response_at_mean_composition,Aggregate response at mean household composition,aggregate_total_irf,sample_mean_composition,Ricardian,Linear combination of mp_shock plus PH2M/WH2M shock-share interactions evaluated at the horizon-specific sample mean lagged household shares. This aggregate level effect is not identified in month-FE specifications.,-0.0059321216011773426,0.007402475914346221,-0.020440974393295935,0.00857673119094125,2106,27,True,"Aggregate total IRF evaluated at sample mean lagged shares: PH2M=0.4891, WH2M=0.1969.",,,,,,,
marginal,mp_shock,Monthly monetary-policy shock from DI surprise,expansionary_rate_surprise,one-unit negative DI/rate surprise; source mp_shock values are sign-flipped for this reported IRF,-1.0,Expansionary Rate Surprise,lag1,False,22,aggregate_response_at_mean_composition,Aggregate response at mean household composition,aggregate_total_irf,sample_mean_composition,Ricardian,Linear combination of mp_shock plus PH2M/WH2M shock-share interactions evaluated at the horizon-specific sample mean lagged household shares. This aggregate level effect is not identified in month-FE specifications.,0.0399370128779615,0.010819213523053938,0.018731354372775785,0.06114267138314722,2079,27,True,"Aggregate total IRF evaluated at sample mean lagged shares: PH2M=0.4892, WH2M=0.1968.",,,,,,,
marginal,mp_shock,Monthly monetary-policy shock from DI surprise,expansionary_rate_surprise,one-unit negative DI/rate surprise; source mp_shock values are sign-flipped for this reported IRF,-1.0,Expansionary Rate Surprise,lag1,False,23,aggregate_response_at_mean_composition,Aggregate response at mean household composition,aggregate_total_irf,sample_mean_composition,Ricardian,Linear combination of mp_shock plus PH2M/WH2M shock-share interactions evaluated at the horizon-specific sample mean lagged household shares. This aggregate level effect is not identified in month-FE specifications.,0.042314286433919046,0.010334583088254497,0.022058503580940234,0.06257006928689786,2052,27,True,"Aggregate total IRF evaluated at sample mean lagged shares: PH2M=0.4893, WH2M=0.1968.",,,,,,,
marginal,mp_shock,Monthly monetary-policy shock from DI surprise,expansionary_rate_surprise,one-unit negative DI/rate surprise; source mp_shock values are sign-flipped for this reported IRF,-1.0,Expansionary Rate Surprise,lag1,False,24,aggregate_response_at_mean_composition,Aggregate response at mean household composition,aggregate_total_irf,sample_mean_composition,Ricardian,Linear combination of mp_shock plus PH2M/WH2M shock-share interactions evaluated at the horizon-specific sample mean lagged household shares. This aggregate level effect is not identified in month-FE specifications.,0.008403327035096317,0.010701761228668602,-0.012572124973094144,0.029378779043286778,2025,27,True,"Aggregate total IRF evaluated at sample mean lagged shares: PH2M=0.4894, WH2M=0.1967.",,,,,,,
marginal,mp_shock,Monthly monetary-policy shock from DI surprise,expansionary_rate_surprise,one-unit negative DI/rate surprise; source mp_shock values are sign-flipped for this reported IRF,-1.0,Expansionary Rate Surprise,lag1,False,25,aggregate_response_at_mean_composition,Aggregate response at mean household composition,aggregate_total_irf,sample_mean_composition,Ricardian,Linear combination of mp_shock plus PH2M/WH2M shock-share interactions evaluated at the horizon-specific sample mean lagged household shares. This aggregate level effect is not identified in month-FE specifications.,0.037190325218355524,0.008380163180008574,0.02076520538553872,0.05361544505117233,1998,27,True,"Aggregate total IRF evaluated at sample mean lagged shares: PH2M=0.4895, WH2M=0.1967.",,,,,,,
marginal,mp_shock,Monthly monetary-policy shock from DI surprise,expansionary_rate_surprise,one-unit negative DI/rate surprise; source mp_shock values are sign-flipped for this reported IRF,-1.0,Expansionary Rate Surprise,lag1,False,26,aggregate_response_at_mean_composition,Aggregate response at mean household composition,aggregate_total_irf,sample_mean_composition,Ricardian,Linear combination of mp_shock plus PH2M/WH2M shock-share interactions evaluated at the horizon-specific sample mean lagged household shares. This aggregate level effect is not identified in month-FE specifications.,0.04891497625564325,0.009197115835188514,0.03088862921867376,0.06694132329261274,1971,27,True,"Aggregate total IRF evaluated at sample mean lagged shares: PH2M=0.4896, WH2M=0.1966.",,,,,,,
marginal,mp_shock,Monthly monetary-policy shock from DI surprise,expansionary_rate_surprise,one-unit negative DI/rate surprise; source mp_shock values are sign-flipped for this reported IRF,-1.0,Expansionary Rate Surprise,lag1,False,27,aggregate_response_at_mean_composition,Aggregate response at mean household composition,aggregate_total_irf,sample_mean_composition,Ricardian,Linear combination of mp_shock plus PH2M/WH2M shock-share interactions evaluated at the horizon-specific sample mean lagged household shares. This aggregate level effect is not identified in month-FE specifications.,-0.0172544865361125,0.011585864927692407,-0.03996278179438962,0.005453808722164617,1944,27,True,"Aggregate total IRF evaluated at sample mean lagged shares: PH2M=0.4897, WH2M=0.1966.",,,,,,,
marginal,mp_shock,Monthly monetary-policy shock from DI surprise,expansionary_rate_surprise,one-unit negative DI/rate surprise; source mp_shock values are sign-flipped for this reported IRF,-1.0,Expansionary Rate Surprise,lag1,False,28,aggregate_response_at_mean_composition,Aggregate response at mean household composition,aggregate_total_irf,sample_mean_composition,Ricardian,Linear combination of mp_shock plus PH2M/WH2M shock-share interactions evaluated at the horizon-specific sample mean lagged household shares. This aggregate level effect is not identified in month-FE specifications.,0.03302324384232663,0.00797459736176047,0.01739303301327611,0.048653454671377154,1917,27,True,"Aggregate total IRF evaluated at sample mean lagged shares: PH2M=0.4897, WH2M=0.1966.",,,,,,,
marginal,mp_shock,Monthly monetary-policy shock from DI surprise,expansionary_rate_surprise,one-unit negative DI/rate surprise; source mp_shock values are sign-flipped for this reported IRF,-1.0,Expansionary Rate Surprise,lag1,False,29,aggregate_response_at_mean_composition,Aggregate response at mean household composition,aggregate_total_irf,sample_mean_composition,Ricardian,Linear combination of mp_shock plus PH2M/WH2M shock-share interactions evaluated at the horizon-specific sample mean lagged household shares. This aggregate level effect is not identified in month-FE specifications.,-0.045099432538725476,0.010834759291253448,-0.06633556074958223,-0.02386330432786872,1890,27,True,"Aggregate total IRF evaluated at sample mean lagged shares: PH2M=0.4898, WH2M=0.1965.",,,,,,,
marginal,mp_shock,Monthly monetary-policy shock from DI surprise,expansionary_rate_surprise,one-unit negative DI/rate surprise; source mp_shock values are sign-flipped for this reported IRF,-1.0,Expansionary Rate Surprise,lag1,False,30,aggregate_response_at_mean_composition,Aggregate response at mean household composition,aggregate_total_irf,sample_mean_composition,Ricardian,Linear combination of mp_shock plus PH2M/WH2M shock-share interactions evaluated at the horizon-specific sample mean lagged household shares. This aggregate level effect is not identified in month-FE specifications.,-0.09368582226956376,0.007751229735210124,-0.1088782325505756,-0.07849341198855192,1863,27,True,"Aggregate total IRF evaluated at sample mean lagged shares: PH2M=0.4898, WH2M=0.1965.",,,,,,,
marginal,mp_shock,Monthly monetary-policy shock from DI surprise,expansionary_rate_surprise,one-unit negative DI/rate surprise; source mp_shock values are sign-flipped for this reported IRF,-1.0,Expansionary Rate Surprise,lag1,False,31,aggregate_response_at_mean_composition,Aggregate response at mean household composition,aggregate_total_irf,sample_mean_composition,Ricardian,Linear combination of mp_shock plus PH2M/WH2M shock-share interactions evaluated at the horizon-specific sample mean lagged household shares. This aggregate level effect is not identified in month-FE specifications.,0.041166307677595104,0.008719459439313008,0.024076167176541607,0.0582564481786486,1836,27,True,"Aggregate total IRF evaluated at sample mean lagged shares: PH2M=0.4899, WH2M=0.1964.",,,,,,,
marginal,mp_shock,Monthly monetary-policy shock from DI surprise,expansionary_rate_surprise,one-unit negative DI/rate surprise; source mp_shock values are sign-flipped for this reported IRF,-1.0,Expansionary Rate Surprise,lag1,False,32,aggregate_response_at_mean_composition,Aggregate response at mean household composition,aggregate_total_irf,sample_mean_composition,Ricardian,Linear combination of mp_shock plus PH2M/WH2M shock-share interactions evaluated at the horizon-specific sample mean lagged household shares. This aggregate level effect is not identified in month-FE specifications.,-0.06708613904597503,0.008012485777721231,-0.08279061117030864,-0.05138166692164142,1809,27,True,"Aggregate total IRF evaluated at sample mean lagged shares: PH2M=0.4900, WH2M=0.1964.",,,,,,,
marginal,mp_shock,Monthly monetary-policy shock from DI surprise,expansionary_rate_surprise,one-unit negative DI/rate surprise; source mp_shock values are sign-flipped for this reported IRF,-1.0,Expansionary Rate Surprise,lag1,False,33,aggregate_response_at_mean_composition,Aggregate response at mean household composition,aggregate_total_irf,sample_mean_composition,Ricardian,Linear combination of mp_shock plus PH2M/WH2M shock-share interactions evaluated at the horizon-specific sample mean lagged household shares. This aggregate level effect is not identified in month-FE specifications.,-0.16931025110023296,0.013612969978855749,-0.19599167225879022,-0.1426288299416757,1782,27,True,"Aggregate total IRF evaluated at sample mean lagged shares: PH2M=0.4901, WH2M=0.1963.",,,,,,,
marginal,mp_shock,Monthly monetary-policy shock from DI surprise,expansionary_rate_surprise,one-unit negative DI/rate surprise; source mp_shock values are sign-flipped for this reported IRF,-1.0,Expansionary Rate Surprise,lag1,False,34,aggregate_response_at_mean_composition,Aggregate response at mean household composition,aggregate_total_irf,sample_mean_composition,Ricardian,Linear combination of mp_shock plus PH2M/WH2M shock-share interactions evaluated at the horizon-specific sample mean lagged household shares. This aggregate level effect is not identified in month-FE specifications.,0.07385755031679814,0.008941196329838471,0.056332805510314735,0.09138229512328154,1755,27,True,"Aggregate total IRF evaluated at sample mean lagged shares: PH2M=0.4901, WH2M=0.1963.",,,,,,,
marginal,mp_shock,Monthly monetary-policy shock from DI surprise,expansionary_rate_surprise,one-unit negative DI/rate surprise; source mp_shock values are sign-flipped for this reported IRF,-1.0,Expansionary Rate Surprise,lag1,False,35,aggregate_response_at_mean_composition,Aggregate response at mean household composition,aggregate_total_irf,sample_mean_composition,Ricardian,Linear combination of mp_shock plus PH2M/WH2M shock-share interactions evaluated at the horizon-specific sample mean lagged household shares. This aggregate level effect is not identified in month-FE specifications.,-0.03325614302808905,0.010770209526397448,-0.054365753699828046,-0.012146532356350052,1728,27,True,"Aggregate total IRF evaluated at sample mean lagged shares: PH2M=0.4902, WH2M=0.1963.",,,,,,,
marginal,mp_shock,Monthly monetary-policy shock from DI surprise,expansionary_rate_surprise,one-unit negative DI/rate surprise; source mp_shock values are sign-flipped for this reported IRF,-1.0,Expansionary Rate Surprise,lag1,False,36,aggregate_response_at_mean_composition,Aggregate response at mean household composition,aggregate_total_irf,sample_mean_composition,Ricardian,Linear combination of mp_shock plus PH2M/WH2M shock-share interactions evaluated at the horizon-specific sample mean lagged household shares. This aggregate level effect is not identified in month-FE specifications.,0.027695053618292567,0.013983220489888934,0.00028794145811025795,0.055102165778474876,1701,27,True,"Aggregate total IRF evaluated at sample mean lagged shares: PH2M=0.4902, WH2M=0.1962.",,,,,,,
marginal,mp_shock,Monthly monetary-policy shock from DI surprise,expansionary_rate_surprise,one-unit negative DI/rate surprise; source mp_shock values are sign-flipped for this reported IRF,-1.0,Expansionary Rate Surprise,lag1,False,37,aggregate_response_at_mean_composition,Aggregate response at mean household composition,aggregate_total_irf,sample_mean_composition,Ricardian,Linear combination of mp_shock plus PH2M/WH2M shock-share interactions evaluated at the horizon-specific sample mean lagged household shares. This aggregate level effect is not identified in month-FE specifications.,0.006975533598253425,0.019464151314305914,-0.031174202977786163,0.04512527017429301,1674,27,True,"Aggregate total IRF evaluated at sample mean lagged shares: PH2M=0.4903, WH2M=0.1962.",,,,,,,
marginal,mp_shock,Monthly monetary-policy shock from DI surprise,expansionary_rate_surprise,one-unit negative DI/rate surprise; source mp_shock values are sign-flipped for this reported IRF,-1.0,Expansionary Rate Surprise,lag1,False,38,aggregate_response_at_mean_composition,Aggregate response at mean household composition,aggregate_total_irf,sample_mean_composition,Ricardian,Linear combination of mp_shock plus PH2M/WH2M shock-share interactions evaluated at the horizon-specific sample mean lagged household shares. This aggregate level effect is not identified in month-FE specifications.,-0.04826944778897787,0.014789458223986465,-0.07725678590799134,-0.0192821096699644,1647,27,True,"Aggregate total IRF evaluated at sample mean lagged shares: PH2M=0.4903, WH2M=0.1962.",,,,,,,
marginal,mp_shock,Monthly monetary-policy shock from DI surprise,expansionary_rate_surprise,one-unit negative DI/rate surprise; source mp_shock values are sign-flipped for this reported IRF,-1.0,Expansionary Rate Surprise,lag1,False,39,aggregate_response_at_mean_composition,Aggregate response at mean household composition,aggregate_total_irf,sample_mean_composition,Ricardian,Linear combination of mp_shock plus PH2M/WH2M shock-share interactions evaluated at the horizon-specific sample mean lagged household shares. This aggregate level effect is not identified in month-FE specifications.,-0.16126425478911366,0.01363954846954273,-0.1879977697894174,-0.13453073978880992,1620,27,True,"Aggregate total IRF evaluated at sample mean lagged shares: PH2M=0.4903, WH2M=0.1961.",,,,,,,
marginal,mp_shock,Monthly monetary-policy shock from DI surprise,expansionary_rate_surprise,one-unit negative DI/rate surprise; source mp_shock values are sign-flipped for this reported IRF,-1.0,Expansionary Rate Surprise,lag1,False,40,aggregate_response_at_mean_composition,Aggregate response at mean household composition,aggregate_total_irf,sample_mean_composition,Ricardian,Linear combination of mp_shock plus PH2M/WH2M shock-share interactions evaluated at the horizon-specific sample mean lagged household shares. This aggregate level effect is not identified in month-FE specifications.,0.0013263405130597115,0.00729867655293656,-0.012979065530695945,0.015631746556815367,1593,27,True,"Aggregate total IRF evaluated at sample mean lagged shares: PH2M=0.4904, WH2M=0.1961.",,,,,,,
marginal,mp_shock,Monthly monetary-policy shock from DI surprise,expansionary_rate_surprise,one-unit negative DI/rate surprise; source mp_shock values are sign-flipped for this reported IRF,-1.0,Expansionary Rate Surprise,lag1,False,41,aggregate_response_at_mean_composition,Aggregate response at mean household composition,aggregate_total_irf,sample_mean_composition,Ricardian,Linear combination of mp_shock plus PH2M/WH2M shock-share interactions evaluated at the horizon-specific sample mean lagged household shares. This aggregate level effect is not identified in month-FE specifications.,-0.03104065938641376,0.012229024501401039,-0.055009547409159795,-0.007071771363667725,1566,27,True,"Aggregate total IRF evaluated at sample mean lagged shares: PH2M=0.4904, WH2M=0.1961.",,,,,,,
marginal,mp_shock,Monthly monetary-policy shock from DI surprise,expansionary_rate_surprise,one-unit negative DI/rate surprise; source mp_shock values are sign-flipped for this reported IRF,-1.0,Expansionary Rate Surprise,lag1,False,42,aggregate_response_at_mean_composition,Aggregate response at mean household composition,aggregate_total_irf,sample_mean_composition,Ricardian,Linear combination of mp_shock plus PH2M/WH2M shock-share interactions evaluated at the horizon-specific sample mean lagged household shares. This aggregate level effect is not identified in month-FE specifications.,0.038951904717486496,0.011463471024092287,0.016483501510265616,0.061420307924707374,1539,27,True,"Aggregate total IRF evaluated at sample mean lagged shares: PH2M=0.4904, WH2M=0.1960.",,,,,,,
marginal,mp_shock,Monthly monetary-policy shock from DI surprise,expansionary_rate_surprise,one-unit negative DI/rate surprise; source mp_shock values are sign-flipped for this reported IRF,-1.0,Expansionary Rate Surprise,lag1,False,43,aggregate_response_at_mean_composition,Aggregate response at mean household composition,aggregate_total_irf,sample_mean_composition,Ricardian,Linear combination of mp_shock plus PH2M/WH2M shock-share interactions evaluated at the horizon-specific sample mean lagged household shares. This aggregate level effect is not identified in month-FE specifications.,0.03893863666549724,0.014833048518047827,0.0098658615701235,0.06801141176087097,1512,27,True,"Aggregate total IRF evaluated at sample mean lagged shares: PH2M=0.4905, WH2M=0.1960.",,,,,,,
marginal,mp_shock,Monthly monetary-policy shock from DI surprise,expansionary_rate_surprise,one-unit negative DI/rate surprise; source mp_shock values are sign-flipped for this reported IRF,-1.0,Expansionary Rate Surprise,lag1,False,44,aggregate_response_at_mean_composition,Aggregate response at mean household composition,aggregate_total_irf,sample_mean_composition,Ricardian,Linear combination of mp_shock plus PH2M/WH2M shock-share interactions evaluated at the horizon-specific sample mean lagged household shares. This aggregate level effect is not identified in month-FE specifications.,0.010844914081062695,0.012146021797664396,-0.012961288642359521,0.03465111680448491,1485,27,True,"Aggregate total IRF evaluated at sample mean lagged shares: PH2M=0.4905, WH2M=0.1960.",,,,,,,
marginal,mp_shock,Monthly monetary-policy shock from DI surprise,expansionary_rate_surprise,one-unit negative DI/rate surprise; source mp_shock values are sign-flipped for this reported IRF,-1.0,Expansionary Rate Surprise,lag1,False,45,aggregate_response_at_mean_composition,Aggregate response at mean household composition,aggregate_total_irf,sample_mean_composition,Ricardian,Linear combination of mp_shock plus PH2M/WH2M shock-share interactions evaluated at the horizon-specific sample mean lagged household shares. This aggregate level effect is not identified in month-FE specifications.,0.10511944917325927,0.01846805604269743,0.06892205932957232,0.14131683901694622,1458,27,True,"Aggregate total IRF evaluated at sample mean lagged shares: PH2M=0.4905, WH2M=0.1959.",,,,,,,
marginal,mp_shock,Monthly monetary-policy shock from DI surprise,expansionary_rate_surprise,one-unit negative DI/rate surprise; source mp_shock values are sign-flipped for this reported IRF,-1.0,Expansionary Rate Surprise,lag1,False,46,aggregate_response_at_mean_composition,Aggregate response at mean household composition,aggregate_total_irf,sample_mean_composition,Ricardian,Linear combination of mp_shock plus PH2M/WH2M shock-share interactions evaluated at the horizon-specific sample mean lagged household shares. This aggregate level effect is not identified in month-FE specifications.,-0.0071501665156326055,0.01499159864749833,-0.03653369986472933,0.022233366833464118,1431,27,True,"Aggregate total IRF evaluated at sample mean lagged shares: PH2M=0.4905, WH2M=0.1959.",,,,,,,
marginal,mp_shock,Monthly monetary-policy shock from DI surprise,expansionary_rate_surprise,one-unit negative DI/rate surprise; source mp_shock values are sign-flipped for this reported IRF,-1.0,Expansionary Rate Surprise,lag1,False,47,aggregate_response_at_mean_composition,Aggregate response at mean household composition,aggregate_total_irf,sample_mean_composition,Ricardian,Linear combination of mp_shock plus PH2M/WH2M shock-share interactions evaluated at the horizon-specific sample mean lagged household shares. This aggregate level effect is not identified in month-FE specifications.,0.045824442622176546,0.021344846360565373,0.003988543755468414,0.08766034148888469,1404,27,True,"Aggregate total IRF evaluated at sample mean lagged shares: PH2M=0.4905, WH2M=0.1959.",,,,,,,
marginal,mp_shock,Monthly monetary-policy shock from DI surprise,expansionary_rate_surprise,one-unit negative DI/rate surprise; source mp_shock values are sign-flipped for this reported IRF,-1.0,Expansionary Rate Surprise,lag1,False,48,aggregate_response_at_mean_composition,Aggregate response at mean household composition,aggregate_total_irf,sample_mean_composition,Ricardian,Linear combination of mp_shock plus PH2M/WH2M shock-share interactions evaluated at the horizon-specific sample mean lagged household shares. This aggregate level effect is not identified in month-FE specifications.,-0.002980209583824306,0.014494982641317183,-0.03139037556080598,0.02542995639315737,1377,27,True,"Aggregate total IRF evaluated at sample mean lagged shares: PH2M=0.4905, WH2M=0.1959.",,,,,,,
marginal,mp_shock,Monthly monetary-policy shock from DI surprise,expansionary_rate_surprise,one-unit negative DI/rate surprise; source mp_shock values are sign-flipped for this reported IRF,-1.0,Expansionary Rate Surprise,lag2,False,0,aggregate_response_at_mean_composition,Aggregate response at mean household composition,aggregate_total_irf,sample_mean_composition,Ricardian,Linear combination of mp_shock plus PH2M/WH2M shock-share interactions evaluated at the horizon-specific sample mean lagged household shares. This aggregate level effect is not identified in month-FE specifications.,-0.006708063202277903,0.009090599112105475,-0.024525637462004635,0.01110951105744883,2646,27,True,"Aggregate total IRF evaluated at sample mean lagged shares: PH2M=0.4882, WH2M=0.1977.",,,,,,,
marginal,mp_shock,Monthly monetary-policy shock from DI surprise,expansionary_rate_surprise,one-unit negative DI/rate surprise; source mp_shock values are sign-flipped for this reported IRF,-1.0,Expansionary Rate Surprise,lag2,False,1,aggregate_response_at_mean_composition,Aggregate response at mean household composition,aggregate_total_irf,sample_mean_composition,Ricardian,Linear combination of mp_shock plus PH2M/WH2M shock-share interactions evaluated at the horizon-specific sample mean lagged household shares. This aggregate level effect is not identified in month-FE specifications.,0.008951623304315481,0.008115135989848117,-0.006954043235786828,0.02485728984441779,2619,27,True,"Aggregate total IRF evaluated at sample mean lagged shares: PH2M=0.4883, WH2M=0.1977.",,,,,,,
marginal,mp_shock,Monthly monetary-policy shock from DI surprise,expansionary_rate_surprise,one-unit negative DI/rate surprise; source mp_shock values are sign-flipped for this reported IRF,-1.0,Expansionary Rate Surprise,lag2,False,2,aggregate_response_at_mean_composition,Aggregate response at mean household composition,aggregate_total_irf,sample_mean_composition,Ricardian,Linear combination of mp_shock plus PH2M/WH2M shock-share interactions evaluated at the horizon-specific sample mean lagged household shares. This aggregate level effect is not identified in month-FE specifications.,0.006484717235721582,0.006965311673833929,-0.007167293644992918,0.020136728116436083,2592,27,True,"Aggregate total IRF evaluated at sample mean lagged shares: PH2M=0.4883, WH2M=0.1976.",,,,,,,
marginal,mp_shock,Monthly monetary-policy shock from DI surprise,expansionary_rate_surprise,one-unit negative DI/rate surprise; source mp_shock values are sign-flipped for this reported IRF,-1.0,Expansionary Rate Surprise,lag2,False,3,aggregate_response_at_mean_composition,Aggregate response at mean household composition,aggregate_total_irf,sample_mean_composition,Ricardian,Linear combination of mp_shock plus PH2M/WH2M shock-share interactions evaluated at the horizon-specific sample mean lagged household shares. This aggregate level effect is not identified in month-FE specifications.,0.011656640945922447,0.007320172645699339,-0.002690897439648258,0.026004179331493155,2565,27,True,"Aggregate total IRF evaluated at sample mean lagged shares: PH2M=0.4883, WH2M=0.1976.",,,,,,,
marginal,mp_shock,Monthly monetary-policy shock from DI surprise,expansionary_rate_surprise,one-unit negative DI/rate surprise; source mp_shock values are sign-flipped for this reported IRF,-1.0,Expansionary Rate Surprise,lag2,False,4,aggregate_response_at_mean_composition,Aggregate response at mean household composition,aggregate_total_irf,sample_mean_composition,Ricardian,Linear combination of mp_shock plus PH2M/WH2M shock-share interactions evaluated at the horizon-specific sample mean lagged household shares. This aggregate level effect is not identified in month-FE specifications.,0.006340578946115227,0.007545524863492884,-0.008448649786330824,0.021129807678561277,2538,27,True,"Aggregate total IRF evaluated at sample mean lagged shares: PH2M=0.4884, WH2M=0.1975.",,,,,,,
marginal,mp_shock,Monthly monetary-policy shock from DI surprise,expansionary_rate_surprise,one-unit negative DI/rate surprise; source mp_shock values are sign-flipped for this reported IRF,-1.0,Expansionary Rate Surprise,lag2,False,5,aggregate_response_at_mean_composition,Aggregate response at mean household composition,aggregate_total_irf,sample_mean_composition,Ricardian,Linear combination of mp_shock plus PH2M/WH2M shock-share interactions evaluated at the horizon-specific sample mean lagged household shares. This aggregate level effect is not identified in month-FE specifications.,0.024583457579845258,0.0077984501621409545,0.009298495262048987,0.03986841989764153,2511,27,True,"Aggregate total IRF evaluated at sample mean lagged shares: PH2M=0.4884, WH2M=0.1975.",,,,,,,
marginal,mp_shock,Monthly monetary-policy shock from DI surprise,expansionary_rate_surprise,one-unit negative DI/rate surprise; source mp_shock values are sign-flipped for this reported IRF,-1.0,Expansionary Rate Surprise,lag2,False,6,aggregate_response_at_mean_composition,Aggregate response at mean household composition,aggregate_total_irf,sample_mean_composition,Ricardian,Linear combination of mp_shock plus PH2M/WH2M shock-share interactions evaluated at the horizon-specific sample mean lagged household shares. This aggregate level effect is not identified in month-FE specifications.,0.021880597018610934,0.007859100667747419,0.0064767597098259935,0.03728443432739587,2484,27,True,"Aggregate total IRF evaluated at sample mean lagged shares: PH2M=0.4884, WH2M=0.1974.",,,,,,,
marginal,mp_shock,Monthly monetary-policy shock from DI surprise,expansionary_rate_surprise,one-unit negative DI/rate surprise; source mp_shock values are sign-flipped for this reported IRF,-1.0,Expansionary Rate Surprise,lag2,False,7,aggregate_response_at_mean_composition,Aggregate response at mean household composition,aggregate_total_irf,sample_mean_composition,Ricardian,Linear combination of mp_shock plus PH2M/WH2M shock-share interactions evaluated at the horizon-specific sample mean lagged household shares. This aggregate level effect is not identified in month-FE specifications.,-0.036818068285675215,0.00748238372408,-0.05148354038487202,-0.022152596186478413,2457,27,True,"Aggregate total IRF evaluated at sample mean lagged shares: PH2M=0.4884, WH2M=0.1974.",,,,,,,
marginal,mp_shock,Monthly monetary-policy shock from DI surprise,expansionary_rate_surprise,one-unit negative DI/rate surprise; source mp_shock values are sign-flipped for this reported IRF,-1.0,Expansionary Rate Surprise,lag2,False,8,aggregate_response_at_mean_composition,Aggregate response at mean household composition,aggregate_total_irf,sample_mean_composition,Ricardian,Linear combination of mp_shock plus PH2M/WH2M shock-share interactions evaluated at the horizon-specific sample mean lagged household shares. This aggregate level effect is not identified in month-FE specifications.,-0.028032891304260343,0.008100594866293418,-0.04391005724219545,-0.012155725366325244,2430,27,True,"Aggregate total IRF evaluated at sample mean lagged shares: PH2M=0.4885, WH2M=0.1974.",,,,,,,
marginal,mp_shock,Monthly monetary-policy shock from DI surprise,expansionary_rate_surprise,one-unit negative DI/rate surprise; source mp_shock values are sign-flipped for this reported IRF,-1.0,Expansionary Rate Surprise,lag2,False,9,aggregate_response_at_mean_composition,Aggregate response at mean household composition,aggregate_total_irf,sample_mean_composition,Ricardian,Linear combination of mp_shock plus PH2M/WH2M shock-share interactions evaluated at the horizon-specific sample mean lagged household shares. This aggregate level effect is not identified in month-FE specifications.,-0.019297878422855186,0.009859854533516938,-0.03862319330854838,2.743646283801318e-05,2403,27,True,"Aggregate total IRF evaluated at sample mean lagged shares: PH2M=0.4885, WH2M=0.1973.",,,,,,,
marginal,mp_shock,Monthly monetary-policy shock from DI surprise,expansionary_rate_surprise,one-unit negative DI/rate surprise; source mp_shock values are sign-flipped for this reported IRF,-1.0,Expansionary Rate Surprise,lag2,False,10,aggregate_response_at_mean_composition,Aggregate response at mean household composition,aggregate_total_irf,sample_mean_composition,Ricardian,Linear combination of mp_shock plus PH2M/WH2M shock-share interactions evaluated at the horizon-specific sample mean lagged household shares. This aggregate level effect is not identified in month-FE specifications.,0.022956100729430176,0.005497025114574322,0.012181931504864504,0.03373026995399585,2376,27,True,"Aggregate total IRF evaluated at sample mean lagged shares: PH2M=0.4886, WH2M=0.1973.",,,,,,,
marginal,mp_shock,Monthly monetary-policy shock from DI surprise,expansionary_rate_surprise,one-unit negative DI/rate surprise; source mp_shock values are sign-flipped for this reported IRF,-1.0,Expansionary Rate Surprise,lag2,False,11,aggregate_response_at_mean_composition,Aggregate response at mean household composition,aggregate_total_irf,sample_mean_composition,Ricardian,Linear combination of mp_shock plus PH2M/WH2M shock-share interactions evaluated at the horizon-specific sample mean lagged household shares. This aggregate level effect is not identified in month-FE specifications.,-0.004129084605641986,0.007855805209246013,-0.019526462815764173,0.011268293604480199,2349,27,True,"Aggregate total IRF evaluated at sample mean lagged shares: PH2M=0.4886, WH2M=0.1972.",,,,,,,
marginal,mp_shock,Monthly monetary-policy shock from DI surprise,expansionary_rate_surprise,one-unit negative DI/rate surprise; source mp_shock values are sign-flipped for this reported IRF,-1.0,Expansionary Rate Surprise,lag2,False,12,aggregate_response_at_mean_composition,Aggregate response at mean household composition,aggregate_total_irf,sample_mean_composition,Ricardian,Linear combination of mp_shock plus PH2M/WH2M shock-share interactions evaluated at the horizon-specific sample mean lagged household shares. This aggregate level effect is not identified in month-FE specifications.,0.001026017375968677,0.01021906850598924,-0.01900335689577023,0.021055391647707585,2322,27,True,"Aggregate total IRF evaluated at sample mean lagged shares: PH2M=0.4886, WH2M=0.1972.",,,,,,,
marginal,mp_shock,Monthly monetary-policy shock from DI surprise,expansionary_rate_surprise,one-unit negative DI/rate surprise; source mp_shock values are sign-flipped for this reported IRF,-1.0,Expansionary Rate Surprise,lag2,False,13,aggregate_response_at_mean_composition,Aggregate response at mean household composition,aggregate_total_irf,sample_mean_composition,Ricardian,Linear combination of mp_shock plus PH2M/WH2M shock-share interactions evaluated at the horizon-specific sample mean lagged household shares. This aggregate level effect is not identified in month-FE specifications.,0.06418418743905255,0.009501153258629682,0.04556192705213837,0.08280644782596672,2295,27,True,"Aggregate total IRF evaluated at sample mean lagged shares: PH2M=0.4887, WH2M=0.1972.",,,,,,,
marginal,mp_shock,Monthly monetary-policy shock from DI surprise,expansionary_rate_surprise,one-unit negative DI/rate surprise; source mp_shock values are sign-flipped for this reported IRF,-1.0,Expansionary Rate Surprise,lag2,False,14,aggregate_response_at_mean_composition,Aggregate response at mean household composition,aggregate_total_irf,sample_mean_composition,Ricardian,Linear combination of mp_shock plus PH2M/WH2M shock-share interactions evaluated at the horizon-specific sample mean lagged household shares. This aggregate level effect is not identified in month-FE specifications.,-0.0026916077787443385,0.007286840471062129,-0.016973815102026113,0.011590599544537434,2268,27,True,"Aggregate total IRF evaluated at sample mean lagged shares: PH2M=0.4888, WH2M=0.1971.",,,,,,,
marginal,mp_shock,Monthly monetary-policy shock from DI surprise,expansionary_rate_surprise,one-unit negative DI/rate surprise; source mp_shock values are sign-flipped for this reported IRF,-1.0,Expansionary Rate Surprise,lag2,False,15,aggregate_response_at_mean_composition,Aggregate response at mean household composition,aggregate_total_irf,sample_mean_composition,Ricardian,Linear combination of mp_shock plus PH2M/WH2M shock-share interactions evaluated at the horizon-specific sample mean lagged household shares. This aggregate level effect is not identified in month-FE specifications.,0.0009005413393106398,0.010470275407355439,-0.01962119845910602,0.0214222811377273,2241,27,True,"Aggregate total IRF evaluated at sample mean lagged shares: PH2M=0.4888, WH2M=0.1971.",,,,,,,
marginal,mp_shock,Monthly monetary-policy shock from DI surprise,expansionary_rate_surprise,one-unit negative DI/rate surprise; source mp_shock values are sign-flipped for this reported IRF,-1.0,Expansionary Rate Surprise,lag2,False,16,aggregate_response_at_mean_composition,Aggregate response at mean household composition,aggregate_total_irf,sample_mean_composition,Ricardian,Linear combination of mp_shock plus PH2M/WH2M shock-share interactions evaluated at the horizon-specific sample mean lagged household shares. This aggregate level effect is not identified in month-FE specifications.,0.03483861571031575,0.007523658344833658,0.020092245354441776,0.04958498606618972,2214,27,True,"Aggregate total IRF evaluated at sample mean lagged shares: PH2M=0.4889, WH2M=0.1971.",,,,,,,
marginal,mp_shock,Monthly monetary-policy shock from DI surprise,expansionary_rate_surprise,one-unit negative DI/rate surprise; source mp_shock values are sign-flipped for this reported IRF,-1.0,Expansionary Rate Surprise,lag2,False,17,aggregate_response_at_mean_composition,Aggregate response at mean household composition,aggregate_total_irf,sample_mean_composition,Ricardian,Linear combination of mp_shock plus PH2M/WH2M shock-share interactions evaluated at the horizon-specific sample mean lagged household shares. This aggregate level effect is not identified in month-FE specifications.,0.004324434377983077,0.006400364169587206,-0.008220279394407845,0.016869148150374,2187,27,True,"Aggregate total IRF evaluated at sample mean lagged shares: PH2M=0.4889, WH2M=0.1970.",,,,,,,
marginal,mp_shock,Monthly monetary-policy shock from DI surprise,expansionary_rate_surprise,one-unit negative DI/rate surprise; source mp_shock values are sign-flipped for this reported IRF,-1.0,Expansionary Rate Surprise,lag2,False,18,aggregate_response_at_mean_composition,Aggregate response at mean household composition,aggregate_total_irf,sample_mean_composition,Ricardian,Linear combination of mp_shock plus PH2M/WH2M shock-share interactions evaluated at the horizon-specific sample mean lagged household shares. This aggregate level effect is not identified in month-FE specifications.,0.0017765699123093448,0.011849522839354748,-0.02144849485282596,0.02500163467744465,2160,27,True,"Aggregate total IRF evaluated at sample mean lagged shares: PH2M=0.4889, WH2M=0.1970.",,,,,,,
marginal,mp_shock,Monthly monetary-policy shock from DI surprise,expansionary_rate_surprise,one-unit negative DI/rate surprise; source mp_shock values are sign-flipped for this reported IRF,-1.0,Expansionary Rate Surprise,lag2,False,19,aggregate_response_at_mean_composition,Aggregate response at mean household composition,aggregate_total_irf,sample_mean_composition,Ricardian,Linear combination of mp_shock plus PH2M/WH2M shock-share interactions evaluated at the horizon-specific sample mean lagged household shares. This aggregate level effect is not identified in month-FE specifications.,0.037291919166198034,0.010058476033864651,0.01757730613982332,0.05700653219257275,2133,27,True,"Aggregate total IRF evaluated at sample mean lagged shares: PH2M=0.4890, WH2M=0.1970.",,,,,,,
marginal,mp_shock,Monthly monetary-policy shock from DI surprise,expansionary_rate_surprise,one-unit negative DI/rate surprise; source mp_shock values are sign-flipped for this reported IRF,-1.0,Expansionary Rate Surprise,lag2,False,20,aggregate_response_at_mean_composition,Aggregate response at mean household composition,aggregate_total_irf,sample_mean_composition,Ricardian,Linear combination of mp_shock plus PH2M/WH2M shock-share interactions evaluated at the horizon-specific sample mean lagged household shares. This aggregate level effect is not identified in month-FE specifications.,0.009993461201762532,0.0052592091614117,-0.0003145887546043991,0.020301511158129462,2106,27,True,"Aggregate total IRF evaluated at sample mean lagged shares: PH2M=0.4890, WH2M=0.1969.",,,,,,,
marginal,mp_shock,Monthly monetary-policy shock from DI surprise,expansionary_rate_surprise,one-unit negative DI/rate surprise; source mp_shock values are sign-flipped for this reported IRF,-1.0,Expansionary Rate Surprise,lag2,False,21,aggregate_response_at_mean_composition,Aggregate response at mean household composition,aggregate_total_irf,sample_mean_composition,Ricardian,Linear combination of mp_shock plus PH2M/WH2M shock-share interactions evaluated at the horizon-specific sample mean lagged household shares. This aggregate level effect is not identified in month-FE specifications.,-0.00727703978985228,0.007293126082685278,-0.021571566911915425,0.007017487332210866,2079,27,True,"Aggregate total IRF evaluated at sample mean lagged shares: PH2M=0.4891, WH2M=0.1969.",,,,,,,
marginal,mp_shock,Monthly monetary-policy shock from DI surprise,expansionary_rate_surprise,one-unit negative DI/rate surprise; source mp_shock values are sign-flipped for this reported IRF,-1.0,Expansionary Rate Surprise,lag2,False,22,aggregate_response_at_mean_composition,Aggregate response at mean household composition,aggregate_total_irf,sample_mean_composition,Ricardian,Linear combination of mp_shock plus PH2M/WH2M shock-share interactions evaluated at the horizon-specific sample mean lagged household shares. This aggregate level effect is not identified in month-FE specifications.,0.04013358375265122,0.011135661673489766,0.01830768687261128,0.06195948063269116,2052,27,True,"Aggregate total IRF evaluated at sample mean lagged shares: PH2M=0.4892, WH2M=0.1968.",,,,,,,
marginal,mp_shock,Monthly monetary-policy shock from DI surprise,expansionary_rate_surprise,one-unit negative DI/rate surprise; source mp_shock values are sign-flipped for this reported IRF,-1.0,Expansionary Rate Surprise,lag2,False,23,aggregate_response_at_mean_composition,Aggregate response at mean household composition,aggregate_total_irf,sample_mean_composition,Ricardian,Linear combination of mp_shock plus PH2M/WH2M shock-share interactions evaluated at the horizon-specific sample mean lagged household shares. This aggregate level effect is not identified in month-FE specifications.,0.04613417387722807,0.010644443198693603,0.025271065207788608,0.06699728254666754,2025,27,True,"Aggregate total IRF evaluated at sample mean lagged shares: PH2M=0.4893, WH2M=0.1968.",,,,,,,
marginal,mp_shock,Monthly monetary-policy shock from DI surprise,expansionary_rate_surprise,one-unit negative DI/rate surprise; source mp_shock values are sign-flipped for this reported IRF,-1.0,Expansionary Rate Surprise,lag2,False,24,aggregate_response_at_mean_composition,Aggregate response at mean household composition,aggregate_total_irf,sample_mean_composition,Ricardian,Linear combination of mp_shock plus PH2M/WH2M shock-share interactions evaluated at the horizon-specific sample mean lagged household shares. This aggregate level effect is not identified in month-FE specifications.,0.013761131366655587,0.010971402244679369,-0.0077428170329159746,0.03526507976622715,1998,27,True,"Aggregate total IRF evaluated at sample mean lagged shares: PH2M=0.4894, WH2M=0.1967.",,,,,,,
marginal,mp_shock,Monthly monetary-policy shock from DI surprise,expansionary_rate_surprise,one-unit negative DI/rate surprise; source mp_shock values are sign-flipped for this reported IRF,-1.0,Expansionary Rate Surprise,lag2,False,25,aggregate_response_at_mean_composition,Aggregate response at mean household composition,aggregate_total_irf,sample_mean_composition,Ricardian,Linear combination of mp_shock plus PH2M/WH2M shock-share interactions evaluated at the horizon-specific sample mean lagged household shares. This aggregate level effect is not identified in month-FE specifications.,0.036578814790499736,0.009035499442431934,0.018869235883333148,0.054288393697666325,1971,27,True,"Aggregate total IRF evaluated at sample mean lagged shares: PH2M=0.4895, WH2M=0.1967.",,,,,,,
marginal,mp_shock,Monthly monetary-policy shock from DI surprise,expansionary_rate_surprise,one-unit negative DI/rate surprise; source mp_shock values are sign-flipped for this reported IRF,-1.0,Expansionary Rate Surprise,lag2,False,26,aggregate_response_at_mean_composition,Aggregate response at mean household composition,aggregate_total_irf,sample_mean_composition,Ricardian,Linear combination of mp_shock plus PH2M/WH2M shock-share interactions evaluated at the horizon-specific sample mean lagged household shares. This aggregate level effect is not identified in month-FE specifications.,0.05525676373819011,0.009493171130818967,0.03665014832178493,0.07386337915459529,1944,27,True,"Aggregate total IRF evaluated at sample mean lagged shares: PH2M=0.4896, WH2M=0.1966.",,,,,,,
marginal,mp_shock,Monthly monetary-policy shock from DI surprise,expansionary_rate_surprise,one-unit negative DI/rate surprise; source mp_shock values are sign-flipped for this reported IRF,-1.0,Expansionary Rate Surprise,lag2,False,27,aggregate_response_at_mean_composition,Aggregate response at mean household composition,aggregate_total_irf,sample_mean_composition,Ricardian,Linear combination of mp_shock plus PH2M/WH2M shock-share interactions evaluated at the horizon-specific sample mean lagged household shares. This aggregate level effect is not identified in month-FE specifications.,-0.015658588395981915,0.0109405676737914,-0.03710210103661306,0.005784924244649228,1917,27,True,"Aggregate total IRF evaluated at sample mean lagged shares: PH2M=0.4896, WH2M=0.1966.",,,,,,,
marginal,mp_shock,Monthly monetary-policy shock from DI surprise,expansionary_rate_surprise,one-unit negative DI/rate surprise; source mp_shock values are sign-flipped for this reported IRF,-1.0,Expansionary Rate Surprise,lag2,False,28,aggregate_response_at_mean_composition,Aggregate response at mean household composition,aggregate_total_irf,sample_mean_composition,Ricardian,Linear combination of mp_shock plus PH2M/WH2M shock-share interactions evaluated at the horizon-specific sample mean lagged household shares. This aggregate level effect is not identified in month-FE specifications.,0.034061409032223156,0.007799530819506845,0.01877432862598974,0.04934848943845657,1890,27,True,"Aggregate total IRF evaluated at sample mean lagged shares: PH2M=0.4897, WH2M=0.1965.",,,,,,,
marginal,mp_shock,Monthly monetary-policy shock from DI surprise,expansionary_rate_surprise,one-unit negative DI/rate surprise; source mp_shock values are sign-flipped for this reported IRF,-1.0,Expansionary Rate Surprise,lag2,False,29,aggregate_response_at_mean_composition,Aggregate response at mean household composition,aggregate_total_irf,sample_mean_composition,Ricardian,Linear combination of mp_shock plus PH2M/WH2M shock-share interactions evaluated at the horizon-specific sample mean lagged household shares. This aggregate level effect is not identified in month-FE specifications.,-0.047217065328788874,0.011440755634806683,-0.06964094637300997,-0.024793184284567775,1863,27,True,"Aggregate total IRF evaluated at sample mean lagged shares: PH2M=0.4898, WH2M=0.1965.",,,,,,,
marginal,mp_shock,Monthly monetary-policy shock from DI surprise,expansionary_rate_surprise,one-unit negative DI/rate surprise; source mp_shock values are sign-flipped for this reported IRF,-1.0,Expansionary Rate Surprise,lag2,False,30,aggregate_response_at_mean_composition,Aggregate response at mean household composition,aggregate_total_irf,sample_mean_composition,Ricardian,Linear combination of mp_shock plus PH2M/WH2M shock-share interactions evaluated at the horizon-specific sample mean lagged household shares. This aggregate level effect is not identified in month-FE specifications.,-0.08994736246157747,0.007643613115207226,-0.10492884416738364,-0.0749658807557713,1836,27,True,"Aggregate total IRF evaluated at sample mean lagged shares: PH2M=0.4898, WH2M=0.1965.",,,,,,,
marginal,mp_shock,Monthly monetary-policy shock from DI surprise,expansionary_rate_surprise,one-unit negative DI/rate surprise; source mp_shock values are sign-flipped for this reported IRF,-1.0,Expansionary Rate Surprise,lag2,False,31,aggregate_response_at_mean_composition,Aggregate response at mean household composition,aggregate_total_irf,sample_mean_composition,Ricardian,Linear combination of mp_shock plus PH2M/WH2M shock-share interactions evaluated at the horizon-specific sample mean lagged household shares. This aggregate level effect is not identified in month-FE specifications.,0.042713051967130156,0.008678931423045344,0.02570234637796128,0.05972375755629903,1809,27,True,"Aggregate total IRF evaluated at sample mean lagged shares: PH2M=0.4899, WH2M=0.1964.",,,,,,,
marginal,mp_shock,Monthly monetary-policy shock from DI surprise,expansionary_rate_surprise,one-unit negative DI/rate surprise; source mp_shock values are sign-flipped for this reported IRF,-1.0,Expansionary Rate Surprise,lag2,False,32,aggregate_response_at_mean_composition,Aggregate response at mean household composition,aggregate_total_irf,sample_mean_composition,Ricardian,Linear combination of mp_shock plus PH2M/WH2M shock-share interactions evaluated at the horizon-specific sample mean lagged household shares. This aggregate level effect is not identified in month-FE specifications.,-0.06367552591800373,0.00799645922842388,-0.07934858600571452,-0.048002465830292926,1782,27,True,"Aggregate total IRF evaluated at sample mean lagged shares: PH2M=0.4900, WH2M=0.1964.",,,,,,,
marginal,mp_shock,Monthly monetary-policy shock from DI surprise,expansionary_rate_surprise,one-unit negative DI/rate surprise; source mp_shock values are sign-flipped for this reported IRF,-1.0,Expansionary Rate Surprise,lag2,False,33,aggregate_response_at_mean_composition,Aggregate response at mean household composition,aggregate_total_irf,sample_mean_composition,Ricardian,Linear combination of mp_shock plus PH2M/WH2M shock-share interactions evaluated at the horizon-specific sample mean lagged household shares. This aggregate level effect is not identified in month-FE specifications.,-0.16726331835915326,0.01403725528913303,-0.19477633872585398,-0.13975029799245253,1755,27,True,"Aggregate total IRF evaluated at sample mean lagged shares: PH2M=0.4900, WH2M=0.1963.",,,,,,,
marginal,mp_shock,Monthly monetary-policy shock from DI surprise,expansionary_rate_surprise,one-unit negative DI/rate surprise; source mp_shock values are sign-flipped for this reported IRF,-1.0,Expansionary Rate Surprise,lag2,False,34,aggregate_response_at_mean_composition,Aggregate response at mean household composition,aggregate_total_irf,sample_mean_composition,Ricardian,Linear combination of mp_shock plus PH2M/WH2M shock-share interactions evaluated at the horizon-specific sample mean lagged household shares. This aggregate level effect is not identified in month-FE specifications.,0.07452447337701784,0.00986053133091831,0.05519783196841795,0.09385111478561772,1728,27,True,"Aggregate total IRF evaluated at sample mean lagged shares: PH2M=0.4901, WH2M=0.1963.",,,,,,,
marginal,mp_shock,Monthly monetary-policy shock from DI surprise,expansionary_rate_surprise,one-unit negative DI/rate surprise; source mp_shock values are sign-flipped for this reported IRF,-1.0,Expansionary Rate Surprise,lag2,False,35,aggregate_response_at_mean_composition,Aggregate response at mean household composition,aggregate_total_irf,sample_mean_composition,Ricardian,Linear combination of mp_shock plus PH2M/WH2M shock-share interactions evaluated at the horizon-specific sample mean lagged household shares. This aggregate level effect is not identified in month-FE specifications.,-0.027495543941608025,0.01100786907589769,-0.04907096733036749,-0.005920120552848556,1701,27,True,"Aggregate total IRF evaluated at sample mean lagged shares: PH2M=0.4901, WH2M=0.1962.",,,,,,,
marginal,mp_shock,Monthly monetary-policy shock from DI surprise,expansionary_rate_surprise,one-unit negative DI/rate surprise; source mp_shock values are sign-flipped for this reported IRF,-1.0,Expansionary Rate Surprise,lag2,False,36,aggregate_response_at_mean_composition,Aggregate response at mean household composition,aggregate_total_irf,sample_mean_composition,Ricardian,Linear combination of mp_shock plus PH2M/WH2M shock-share interactions evaluated at the horizon-specific sample mean lagged household shares. This aggregate level effect is not identified in month-FE specifications.,0.028331007511321157,0.013928462590278596,0.00103122083437511,0.055630794188267205,1674,27,True,"Aggregate total IRF evaluated at sample mean lagged shares: PH2M=0.4902, WH2M=0.1962.",,,,,,,
marginal,mp_shock,Monthly monetary-policy shock from DI surprise,expansionary_rate_surprise,one-unit negative DI/rate surprise; source mp_shock values are sign-flipped for this reported IRF,-1.0,Expansionary Rate Surprise,lag2,False,37,aggregate_response_at_mean_composition,Aggregate response at mean household composition,aggregate_total_irf,sample_mean_composition,Ricardian,Linear combination of mp_shock plus PH2M/WH2M shock-share interactions evaluated at the horizon-specific sample mean lagged household shares. This aggregate level effect is not identified in month-FE specifications.,0.01230260704504213,0.019952268712569544,-0.026803839631594176,0.051409053721678435,1647,27,True,"Aggregate total IRF evaluated at sample mean lagged shares: PH2M=0.4902, WH2M=0.1962.",,,,,,,
marginal,mp_shock,Monthly monetary-policy shock from DI surprise,expansionary_rate_surprise,one-unit negative DI/rate surprise; source mp_shock values are sign-flipped for this reported IRF,-1.0,Expansionary Rate Surprise,lag2,False,38,aggregate_response_at_mean_composition,Aggregate response at mean household composition,aggregate_total_irf,sample_mean_composition,Ricardian,Linear combination of mp_shock plus PH2M/WH2M shock-share interactions evaluated at the horizon-specific sample mean lagged household shares. This aggregate level effect is not identified in month-FE specifications.,-0.04162228699385308,0.014581954289846823,-0.07020291740195285,-0.013041656585753306,1620,27,True,"Aggregate total IRF evaluated at sample mean lagged shares: PH2M=0.4903, WH2M=0.1961.",,,,,,,
marginal,mp_shock,Monthly monetary-policy shock from DI surprise,expansionary_rate_surprise,one-unit negative DI/rate surprise; source mp_shock values are sign-flipped for this reported IRF,-1.0,Expansionary Rate Surprise,lag2,False,39,aggregate_response_at_mean_composition,Aggregate response at mean household composition,aggregate_total_irf,sample_mean_composition,Ricardian,Linear combination of mp_shock plus PH2M/WH2M shock-share interactions evaluated at the horizon-specific sample mean lagged household shares. This aggregate level effect is not identified in month-FE specifications.,-0.15845074764808054,0.013817789828233003,-0.18553361571141722,-0.13136787958474386,1593,27,True,"Aggregate total IRF evaluated at sample mean lagged shares: PH2M=0.4903, WH2M=0.1961.",,,,,,,
marginal,mp_shock,Monthly monetary-policy shock from DI surprise,expansionary_rate_surprise,one-unit negative DI/rate surprise; source mp_shock values are sign-flipped for this reported IRF,-1.0,Expansionary Rate Surprise,lag2,False,40,aggregate_response_at_mean_composition,Aggregate response at mean household composition,aggregate_total_irf,sample_mean_composition,Ricardian,Linear combination of mp_shock plus PH2M/WH2M shock-share interactions evaluated at the horizon-specific sample mean lagged household shares. This aggregate level effect is not identified in month-FE specifications.,0.004866476891337323,0.008738425214250332,-0.012260836528593328,0.021993790311267976,1566,27,True,"Aggregate total IRF evaluated at sample mean lagged shares: PH2M=0.4904, WH2M=0.1961.",,,,,,,
marginal,mp_shock,Monthly monetary-policy shock from DI surprise,expansionary_rate_surprise,one-unit negative DI/rate surprise; source mp_shock values are sign-flipped for this reported IRF,-1.0,Expansionary Rate Surprise,lag2,False,41,aggregate_response_at_mean_composition,Aggregate response at mean household composition,aggregate_total_irf,sample_mean_composition,Ricardian,Linear combination of mp_shock plus PH2M/WH2M shock-share interactions evaluated at the horizon-specific sample mean lagged household shares. This aggregate level effect is not identified in month-FE specifications.,-0.02667492009239697,0.012087841318914282,-0.050367089077468966,-0.0029827511073249775,1539,27,True,"Aggregate total IRF evaluated at sample mean lagged shares: PH2M=0.4904, WH2M=0.1961.",,,,,,,
marginal,mp_shock,Monthly monetary-policy shock from DI surprise,expansionary_rate_surprise,one-unit negative DI/rate surprise; source mp_shock values are sign-flipped for this reported IRF,-1.0,Expansionary Rate Surprise,lag2,False,42,aggregate_response_at_mean_composition,Aggregate response at mean household composition,aggregate_total_irf,sample_mean_composition,Ricardian,Linear combination of mp_shock plus PH2M/WH2M shock-share interactions evaluated at the horizon-specific sample mean lagged household shares. This aggregate level effect is not identified in month-FE specifications.,0.03988304167415552,0.011528079007973235,0.017288006818527976,0.06247807652978306,1512,27,True,"Aggregate total IRF evaluated at sample mean lagged shares: PH2M=0.4904, WH2M=0.1960.",,,,,,,
marginal,mp_shock,Monthly monetary-policy shock from DI surprise,expansionary_rate_surprise,one-unit negative DI/rate surprise; source mp_shock values are sign-flipped for this reported IRF,-1.0,Expansionary Rate Surprise,lag2,False,43,aggregate_response_at_mean_composition,Aggregate response at mean household composition,aggregate_total_irf,sample_mean_composition,Ricardian,Linear combination of mp_shock plus PH2M/WH2M shock-share interactions evaluated at the horizon-specific sample mean lagged household shares. This aggregate level effect is not identified in month-FE specifications.,0.04146819620041625,0.015387002394116363,0.01130967150794818,0.07162672089288433,1485,27,True,"Aggregate total IRF evaluated at sample mean lagged shares: PH2M=0.4905, WH2M=0.1960.",,,,,,,
marginal,mp_shock,Monthly monetary-policy shock from DI surprise,expansionary_rate_surprise,one-unit negative DI/rate surprise; source mp_shock values are sign-flipped for this reported IRF,-1.0,Expansionary Rate Surprise,lag2,False,44,aggregate_response_at_mean_composition,Aggregate response at mean household composition,aggregate_total_irf,sample_mean_composition,Ricardian,Linear combination of mp_shock plus PH2M/WH2M shock-share interactions evaluated at the horizon-specific sample mean lagged household shares. This aggregate level effect is not identified in month-FE specifications.,0.017233953514306857,0.011658741567727678,-0.00561717995843939,0.040085086987053105,1458,27,True,"Aggregate total IRF evaluated at sample mean lagged shares: PH2M=0.4905, WH2M=0.1959.",,,,,,,
marginal,mp_shock,Monthly monetary-policy shock from DI surprise,expansionary_rate_surprise,one-unit negative DI/rate surprise; source mp_shock values are sign-flipped for this reported IRF,-1.0,Expansionary Rate Surprise,lag2,False,45,aggregate_response_at_mean_composition,Aggregate response at mean household composition,aggregate_total_irf,sample_mean_composition,Ricardian,Linear combination of mp_shock plus PH2M/WH2M shock-share interactions evaluated at the horizon-specific sample mean lagged household shares. This aggregate level effect is not identified in month-FE specifications.,0.10677091663875277,0.0189413291647362,0.06964591147586982,0.1438959218016357,1431,27,True,"Aggregate total IRF evaluated at sample mean lagged shares: PH2M=0.4905, WH2M=0.1959.",,,,,,,
marginal,mp_shock,Monthly monetary-policy shock from DI surprise,expansionary_rate_surprise,one-unit negative DI/rate surprise; source mp_shock values are sign-flipped for this reported IRF,-1.0,Expansionary Rate Surprise,lag2,False,46,aggregate_response_at_mean_composition,Aggregate response at mean household composition,aggregate_total_irf,sample_mean_composition,Ricardian,Linear combination of mp_shock plus PH2M/WH2M shock-share interactions evaluated at the horizon-specific sample mean lagged household shares. This aggregate level effect is not identified in month-FE specifications.,-0.003440152960328957,0.014863584351994086,-0.032572778290237366,0.02569247236957945,1404,27,True,"Aggregate total IRF evaluated at sample mean lagged shares: PH2M=0.4905, WH2M=0.1959.",,,,,,,
marginal,mp_shock,Monthly monetary-policy shock from DI surprise,expansionary_rate_surprise,one-unit negative DI/rate surprise; source mp_shock values are sign-flipped for this reported IRF,-1.0,Expansionary Rate Surprise,lag2,False,47,aggregate_response_at_mean_composition,Aggregate response at mean household composition,aggregate_total_irf,sample_mean_composition,Ricardian,Linear combination of mp_shock plus PH2M/WH2M shock-share interactions evaluated at the horizon-specific sample mean lagged household shares. This aggregate level effect is not identified in month-FE specifications.,0.04558992066764268,0.022063425568059035,0.002345606554246975,0.08883423478103838,1377,27,True,"Aggregate total IRF evaluated at sample mean lagged shares: PH2M=0.4905, WH2M=0.1959.",,,,,,,
marginal,mp_shock,Monthly monetary-policy shock from DI surprise,expansionary_rate_surprise,one-unit negative DI/rate surprise; source mp_shock values are sign-flipped for this reported IRF,-1.0,Expansionary Rate Surprise,lag2,False,48,aggregate_response_at_mean_composition,Aggregate response at mean household composition,aggregate_total_irf,sample_mean_composition,Ricardian,Linear combination of mp_shock plus PH2M/WH2M shock-share interactions evaluated at the horizon-specific sample mean lagged household shares. This aggregate level effect is not identified in month-FE specifications.,-0.002182612627379954,0.01442163434984686,-0.030449015953079802,0.026083790698319894,1350,27,True,"Aggregate total IRF evaluated at sample mean lagged shares: PH2M=0.4905, WH2M=0.1959.",,,,,,,
