uf_code,date,year,month,pmc_retail_nominal_index,selic_aa_pct,ipca_mom_pct,credit_pf
11,2007-12-01,2007,12,36.40088,,,
11,2008-01-01,2008,1,22.11767,,,
11,2008-02-01,2008,2,22.49073,,,
11,2008-03-01,2008,3,25.79506,,,
11,2008-04-01,2008,4,24.56926,,,
11,2008-05-01,2008,5,30.21859,,,
11,2008-06-01,2008,6,26.4879,,,
11,2008-07-01,2008,7,29.15268,,,
11,2008-08-01,2008,8,30.80484,,,
11,2008-09-01,2008,9,29.41916,,,
11,2008-10-01,2008,10,30.75155,,,
11,2008-11-01,2008,11,31.3378,,,
11,2008-12-01,2008,12,44.44851,,,
11,2009-01-01,2009,1,29.36586,,,
11,2009-02-01,2009,2,27.28734,,,
11,2009-03-01,2009,3,30.96473,,,
11,2009-04-01,2009,4,29.84552,,,
11,2009-05-01,2009,5,32.83008,,,
11,2009-06-01,2009,6,30.96473,,,
11,2009-07-01,2009,7,34.64213,,,
11,2009-08-01,2009,8,34.58883,,,
11,2009-09-01,2009,9,34.48224,,,
11,2009-10-01,2009,10,36.34759,,,
11,2009-11-01,2009,11,36.77395,,,
11,2009-12-01,2009,12,54.84115,,,
11,2010-01-01,2010,1,34.16247,,,
11,2010-02-01,2010,2,37.20031,,,
11,2010-03-01,2010,3,42.47658,,,
11,2010-04-01,2010,4,41.35737,,,
11,2010-05-01,2010,5,46.47375,,,
11,2010-06-01,2010,6,42.36999,,,
11,2010-07-01,2010,7,45.35454,,,
11,2010-08-01,2010,8,44.71499,,,
11,2010-09-01,2010,9,45.35454,,,
11,2010-10-01,2010,10,47.85943,,,
11,2010-11-01,2010,11,48.71216,,,
11,2010-12-01,2010,12,68.85789,,,
11,2011-01-01,2011,1,44.92817,,0.83,
11,2011-02-01,2011,2,44.07544,,0.8,
11,2011-03-01,2011,3,47.53966,,0.79,
11,2011-04-01,2011,4,48.76546,,0.77,
11,2011-05-01,2011,5,54.04172,,0.47,
11,2011-06-01,2011,6,49.93796,,0.15,
11,2011-07-01,2011,7,56.28013,,0.16,
11,2011-08-01,2011,8,54.41479,,0.37,
11,2011-09-01,2011,9,52.12308,,0.53,
11,2011-10-01,2011,10,53.0824,,0.43,
11,2011-11-01,2011,11,54.46808,,0.52,
11,2011-12-01,2011,12,79.99666,,0.5,
11,2012-01-01,2012,1,49.35171,10.7,0.56,
11,2012-02-01,2012,2,47.69954,10.4,0.45,
11,2012-03-01,2012,3,52.76262,9.82,0.21,
11,2012-04-01,2012,4,51.8566,9.35,0.64,
11,2012-05-01,2012,5,57.23945,8.87,0.36,
11,2012-06-01,2012,6,55.37411,8.39,0.08,
11,2012-07-01,2012,7,58.83832,8.07,0.43,
11,2012-08-01,2012,8,59.90423,7.85,0.41,
11,2012-09-01,2012,9,57.93229,7.39,0.57,
11,2012-10-01,2012,10,60.01082,7.23,0.59,
11,2012-11-01,2012,11,58.30536,7.14,0.6,
11,2012-12-01,2012,12,83.35429,7.16,0.79,
11,2013-01-01,2013,1,55.90706,7.11,0.86,
11,2013-02-01,2013,2,53.24228,7.12,0.6,
11,2013-03-01,2013,3,61.07673,7.15,0.47,
11,2013-04-01,2013,4,59.53116,7.26,0.55,
11,2013-05-01,2013,5,67.84527,7.42,0.37,
11,2013-06-01,2013,6,62.83549,7.9,0.26,
11,2013-07-01,2013,7,69.01778,8.23,0.03,
11,2013-08-01,2013,8,68.21834,8.45,0.24,
11,2013-09-01,2013,9,63.15526,8.9,0.35,
11,2013-10-01,2013,10,66.56618,9.25,0.57,
11,2013-11-01,2013,11,71.57596,9.45,0.54,
11,2013-12-01,2013,12,99.82262,9.9,0.92,
11,2014-01-01,2014,1,64.75413,10.17,0.55,
11,2014-02-01,2014,2,61.07673,10.43,0.69,
11,2014-03-01,2014,3,65.28708,10.65,0.92,
11,2014-04-01,2014,4,69.81721,10.87,0.67,
11,2014-05-01,2014,5,82.18178,10.9,0.46,
11,2014-06-01,2014,6,73.12153,10.9,0.4,
11,2014-07-01,2014,7,77.01211,10.9,0.01,
11,2014-08-01,2014,8,79.78348,10.9,0.25,
11,2014-09-01,2014,9,75.14677,10.9,0.57,
11,2014-10-01,2014,10,79.6236,10.92,0.42,
11,2014-11-01,2014,11,82.18178,11.15,0.51,
11,2014-12-01,2014,12,110.74821,11.58,0.78,
11,2015-01-01,2015,1,74.02756,11.82,1.24,
11,2015-02-01,2015,2,67.20573,12.15,1.22,
11,2015-03-01,2015,3,73.17483,12.58,1.32,
11,2015-04-01,2015,4,73.38801,12.68,0.71,
11,2015-05-01,2015,5,79.99666,13.15,0.74,
11,2015-06-01,2015,6,72.96165,13.58,0.79,
11,2015-07-01,2015,7,78.71757,13.69,0.62,
11,2015-08-01,2015,8,75.25336,14.15,0.22,
11,2015-09-01,2015,9,71.0963,14.15,0.54,
11,2015-10-01,2015,10,76.79893,14.15,0.82,
11,2015-11-01,2015,11,79.09064,14.15,1.01,
11,2015-12-01,2015,12,103.60661,14.15,0.96,
11,2016-01-01,2016,1,71.36278,14.15,1.27,
11,2016-02-01,2016,2,69.01778,14.15,0.9,
11,2016-03-01,2016,3,71.0963,14.15,0.43,
11,2016-04-01,2016,4,67.68539,14.15,0.61,
11,2016-05-01,2016,5,72.26881,14.15,0.78,
11,2016-06-01,2016,6,70.45676,14.15,0.35,
11,2016-07-01,2016,7,74.61381,14.15,0.52,
11,2016-08-01,2016,8,71.52267,14.15,0.44,
11,2016-09-01,2016,9,65.60686,14.15,0.08,
11,2016-10-01,2016,10,70.03039,14.05,0.26,
11,2016-11-01,2016,11,75.57313,13.9,0.18,
11,2016-12-01,2016,12,94.65295,13.65,0.3,
11,2017-01-01,2017,1,67.15859,13.17,0.38,
11,2017-02-01,2017,2,62.22423,12.82,0.33,
11,2017-03-01,2017,3,70.53641,12.15,0.25,
11,2017-04-01,2017,4,66.54857,11.59,0.14,
11,2017-05-01,2017,5,74.80471,11.15,0.31,
11,2017-06-01,2017,6,69.4135,10.15,-0.23,
11,2017-07-01,2017,7,73.93837,10.01,0.24,
11,2017-08-01,2017,8,76.67995,9.15,0.19,
11,2017-09-01,2017,9,71.96644,8.35,0.16,
11,2017-10-01,2017,10,75.34119,8.01,0.42,
11,2017-11-01,2017,11,79.83885,7.4,0.28,
11,2017-12-01,2017,12,102.0832,7.0,0.44,
11,2018-01-01,2018,1,69.84922,6.9,0.29,
11,2018-02-01,2018,2,65.22994,6.72,0.32,
11,2018-03-01,2018,3,76.49439,6.58,0.09,
11,2018-04-01,2018,4,72.23101,6.4,0.22,
11,2018-05-01,2018,5,79.02505,6.4,0.4,
11,2018-06-01,2018,6,75.80499,6.4,1.26,
11,2018-07-01,2018,7,76.18848,6.4,0.33,
11,2018-08-01,2018,8,79.88677,6.4,-0.09,
11,2018-09-01,2018,9,78.28304,6.4,0.48,
11,2018-10-01,2018,10,81.56796,6.4,0.45,
11,2018-11-01,2018,11,93.67905,6.4,-0.21,
11,2018-12-01,2018,12,107.45132,6.4,0.15,
11,2019-01-01,2019,1,74.39876,6.4,0.32,
11,2019-02-01,2019,2,69.91457,6.4,0.43,
11,2019-03-01,2019,3,75.59679,6.4,0.75,
11,2019-04-01,2019,4,73.49681,6.4,0.57,
11,2019-05-01,2019,5,79.46814,6.4,0.13,
11,2019-06-01,2019,6,73.49051,6.4,0.01,
11,2019-07-01,2019,7,79.71592,6.4,0.19,
11,2019-08-01,2019,8,75.66081,5.9,0.11,
11,2019-09-01,2019,9,77.04169,5.71,-0.04,
11,2019-10-01,2019,10,79.95476,5.38,0.1,
11,2019-11-01,2019,11,99.27975,4.9,0.51,
11,2019-12-01,2019,12,104.98512,4.59,1.15,
11,2020-01-01,2020,1,77.15664,4.4,0.21,
11,2020-02-01,2020,2,73.67426,4.19,0.25,
11,2020-03-01,2020,3,58.99649,3.95,0.07,
11,2020-04-01,2020,4,45.65624,3.65,-0.31,
11,2020-05-01,2020,5,65.25148,3.01,-0.38,
11,2020-06-01,2020,6,69.74777,2.58,0.26,
11,2020-07-01,2020,7,82.01448,2.15,0.36,
11,2020-08-01,2020,8,92.07442,1.94,0.24,
11,2020-09-01,2020,9,91.63724,1.9,0.64,
11,2020-10-01,2020,10,93.45568,1.9,0.86,
11,2020-11-01,2020,11,112.46475,1.9,0.89,
11,2020-12-01,2020,12,111.92664,1.9,1.35,
11,2021-01-01,2021,1,70.87596,1.9,0.25,
11,2021-02-01,2021,2,75.05751,1.9,0.86,
11,2021-03-01,2021,3,78.09733,2.23,0.93,
11,2021-04-01,2021,4,80.84458,2.65,0.31,
11,2021-05-01,2021,5,94.46023,3.29,0.83,
11,2021-06-01,2021,6,90.46858,3.76,0.53,
11,2021-07-01,2021,7,121.83529,4.15,0.96,
11,2021-08-01,2021,8,95.46984,5.01,0.87,
11,2021-09-01,2021,9,89.66163,5.43,1.16,
11,2021-10-01,2021,10,93.74359,6.3,1.25,
11,2021-11-01,2021,11,110.52464,7.65,0.95,
11,2021-12-01,2021,12,117.03864,8.76,0.73,
11,2022-01-01,2022,1,82.7781,9.15,0.54,29325228794.09
11,2022-02-01,2022,2,85.22812,10.49,1.01,29608499383.77
11,2022-03-01,2022,3,92.04117,11.15,1.62,30085881577.46
11,2022-04-01,2022,4,96.80469,11.65,1.06,30473248982.11
11,2022-05-01,2022,5,104.85275,12.51,0.47,31035302561.37
11,2022-06-01,2022,6,96.99065,12.89,0.67,31717862929.86
11,2022-07-01,2022,7,102.10371,13.15,-0.68,32436842167.06
11,2022-08-01,2022,8,101.47206,13.58,-0.36,33387231384.13
11,2022-09-01,2022,9,96.93902,13.65,-0.29,34051580945.76
11,2022-10-01,2022,10,98.73783,13.65,0.59,34836131173.62
11,2022-11-01,2022,11,114.62232,13.65,0.41,35392589815.74
11,2022-12-01,2022,12,127.42958,13.65,0.62,35962584061.11
11,2023-01-01,2023,1,91.14752,,0.53,36539124755.03
11,2023-02-01,2023,2,87.9083,,0.84,36762989387.04
11,2023-03-01,2023,3,96.47475,,0.71,37086638479.19
11,2023-04-01,2023,4,97.39039,,0.61,37133465890.65
11,2023-05-01,2023,5,103.06004,,0.23,37407188938.49
11,2023-06-01,2023,6,95.21201,,-0.08,37565068665.21
11,2023-07-01,2023,7,102.35873,,0.12,37978255771.39
11,2023-08-01,2023,8,100.75065,,0.23,38706692575.73
11,2023-09-01,2023,9,100.945,,0.26,39222265662.77
11,2023-10-01,2023,10,100.94753,,0.24,39892629534.4
11,2023-11-01,2023,11,121.15892,,0.28,40554279427.48
11,2023-12-01,2023,12,130.79053,,0.56,41142990845.02
11,2024-01-01,2024,1,96.23319,,0.42,
11,2024-02-01,2024,2,93.23886,,0.83,
11,2024-03-01,2024,3,100.77383,,0.16,
11,2024-04-01,2024,4,104.26029,,0.38,
11,2024-05-01,2024,5,114.60788,,0.46,
11,2024-06-01,2024,6,107.19505,,0.21,
11,2024-07-01,2024,7,113.72563,,0.38,
11,2024-08-01,2024,8,110.46463,,-0.02,
11,2024-09-01,2024,9,105.14757,,0.44,
11,2024-10-01,2024,10,111.51047,,0.56,
11,2024-11-01,2024,11,135.49916,,0.39,
11,2024-12-01,2024,12,133.97842,,0.52,
11,2025-01-01,2025,1,100.60717,,0.16,
11,2025-02-01,2025,2,104.02632,,1.31,
11,2025-03-01,2025,3,111.31627,,0.56,
11,2025-04-01,2025,4,118.90177,,0.43,
11,2025-05-01,2025,5,127.44933,,0.26,
11,2025-06-01,2025,6,115.65148,,0.24,
11,2025-07-01,2025,7,120.63908,,0.26,
11,2025-08-01,2025,8,114.5851,,-0.11,
11,2025-09-01,2025,9,113.28571,,0.48,
11,2025-10-01,2025,10,121.83363,,0.09,
11,2025-11-01,2025,11,158.98827,,0.18,
12,2007-12-01,2007,12,27.98392,,,
12,2008-01-01,2008,1,19.04253,,,
12,2008-02-01,2008,2,18.51877,,,
12,2008-03-01,2008,3,21.811,,,
12,2008-04-01,2008,4,21.13759,,,
12,2008-05-01,2008,5,22.97076,,,
12,2008-06-01,2008,6,21.77359,,,
12,2008-07-01,2008,7,23.90605,,,
12,2008-08-01,2008,8,23.68158,,,
12,2008-09-01,2008,9,23.34487,,,
12,2008-10-01,2008,10,24.76652,,,
12,2008-11-01,2008,11,24.13052,,,
12,2008-12-01,2008,12,31.68767,,,
12,2009-01-01,2009,1,22.67147,,,
12,2009-02-01,2009,2,21.36206,,,
12,2009-03-01,2009,3,23.08299,,,
12,2009-04-01,2009,4,22.93335,,,
12,2009-05-01,2009,5,24.99099,,,
12,2009-06-01,2009,6,24.13052,,,
12,2009-07-01,2009,7,25.85146,,,
12,2009-08-01,2009,8,26.45004,,,
12,2009-09-01,2009,9,26.82416,,,
12,2009-10-01,2009,10,28.32063,,,
12,2009-11-01,2009,11,28.95662,,,
12,2009-12-01,2009,12,39.73118,,,
12,2010-01-01,2010,1,27.46016,,,
12,2010-02-01,2010,2,27.04863,,,
12,2010-03-01,2010,3,30.75238,,,
12,2010-04-01,2010,4,29.14368,,,
12,2010-05-01,2010,5,29.03145,,,
12,2010-06-01,2010,6,29.89192,,,
12,2010-07-01,2010,7,32.62297,,,
12,2010-08-01,2010,8,31.42579,,,
12,2010-09-01,2010,9,32.62297,,,
12,2010-10-01,2010,10,34.23167,,,
12,2010-11-01,2010,11,34.49355,,,
12,2010-12-01,2010,12,48.18622,,,
12,2011-01-01,2011,1,34.19426,,0.83,
12,2011-02-01,2011,2,32.36108,,0.8,
12,2011-03-01,2011,3,34.41873,,0.79,
12,2011-04-01,2011,4,34.49355,,0.77,
12,2011-05-01,2011,5,37.07495,,0.47,
12,2011-06-01,2011,6,33.67049,,0.15,
12,2011-07-01,2011,7,37.41166,,0.16,
12,2011-08-01,2011,8,37.48648,,0.37,
12,2011-09-01,2011,9,36.36413,,0.53,
12,2011-10-01,2011,10,35.9526,,0.43,
12,2011-11-01,2011,11,37.93542,,0.52,
12,2011-12-01,2011,12,57.57654,,0.5,
12,2012-01-01,2012,1,39.84342,10.7,0.56,
12,2012-02-01,2012,2,36.77566,10.4,0.45,
12,2012-03-01,2012,3,42.31259,9.82,0.21,
12,2012-04-01,2012,4,40.81612,9.35,0.64,
12,2012-05-01,2012,5,44.03352,8.87,0.36,
12,2012-06-01,2012,6,42.12553,8.39,0.08,
12,2012-07-01,2012,7,45.41775,8.07,0.43,
12,2012-08-01,2012,8,45.00623,7.85,0.41,
12,2012-09-01,2012,9,41.56435,7.39,0.57,
12,2012-10-01,2012,10,45.49258,7.23,0.59,
12,2012-11-01,2012,11,43.54717,7.14,0.6,
12,2012-12-01,2012,12,58.81113,7.16,0.79,
12,2013-01-01,2013,1,43.69682,7.11,0.86,
12,2013-02-01,2013,2,40.32977,7.12,0.6,
12,2013-03-01,2013,3,45.15587,7.15,0.47,
12,2013-04-01,2013,4,44.2954,7.26,0.55,
12,2013-05-01,2013,5,48.33586,7.42,0.37,
12,2013-06-01,2013,6,44.74434,7.9,0.26,
12,2013-07-01,2013,7,48.1488,8.23,0.03,
12,2013-08-01,2013,8,46.95163,8.45,0.24,
12,2013-09-01,2013,9,45.04364,8.9,0.35,
12,2013-10-01,2013,10,51.3288,9.25,0.57,
12,2013-11-01,2013,11,52.26409,9.45,0.54,
12,2013-12-01,2013,12,70.5958,9.9,0.92,
12,2014-01-01,2014,1,52.52597,10.17,0.55,
12,2014-02-01,2014,2,49.04668,10.43,0.69,
12,2014-03-01,2014,3,50.43092,10.65,0.92,
12,2014-04-01,2014,4,47.21351,10.87,0.67,
12,2014-05-01,2014,5,59.97089,10.9,0.46,
12,2014-06-01,2014,6,54.32173,10.9,0.4,
12,2014-07-01,2014,7,57.80101,10.9,0.01,
12,2014-08-01,2014,8,58.99819,10.9,0.25,
12,2014-09-01,2014,9,57.05278,10.9,0.57,
12,2014-10-01,2014,10,59.18524,10.92,0.42,
12,2014-11-01,2014,11,60.56948,11.15,0.51,
12,2014-12-01,2014,12,81.59483,11.58,0.78,
12,2015-01-01,2015,1,59.97089,11.82,1.24,
12,2015-02-01,2015,2,54.8829,12.15,1.22,
12,2015-03-01,2015,3,60.68171,12.58,1.32,
12,2015-04-01,2015,4,57.91325,12.68,0.71,
12,2015-05-01,2015,5,62.62712,13.15,0.74,
12,2015-06-01,2015,6,57.1276,13.58,0.79,
12,2015-07-01,2015,7,59.07301,13.69,0.62,
12,2015-08-01,2015,8,59.55936,14.15,0.22,
12,2015-09-01,2015,9,55.74337,14.15,0.54,
12,2015-10-01,2015,10,58.3996,14.15,0.82,
12,2015-11-01,2015,11,58.58666,14.15,1.01,
12,2015-12-01,2015,12,78.67672,14.15,0.96,
12,2016-01-01,2016,1,59.07301,14.15,1.27,
12,2016-02-01,2016,2,55.21961,14.15,0.9,
12,2016-03-01,2016,3,58.99819,14.15,0.43,
12,2016-04-01,2016,4,58.77372,14.15,0.61,
12,2016-05-01,2016,5,60.56948,14.15,0.78,
12,2016-06-01,2016,6,57.72619,14.15,0.35,
12,2016-07-01,2016,7,61.87888,14.15,0.52,
12,2016-08-01,2016,8,58.43701,14.15,0.44,
12,2016-09-01,2016,9,55.40667,14.15,0.08,
12,2016-10-01,2016,10,59.40971,14.05,0.26,
12,2016-11-01,2016,11,60.53206,13.9,0.18,
12,2016-12-01,2016,12,79.12566,13.65,0.3,
12,2017-01-01,2017,1,60.19963,13.17,0.38,
12,2017-02-01,2017,2,54.42831,12.82,0.33,
12,2017-03-01,2017,3,57.36167,12.15,0.25,
12,2017-04-01,2017,4,58.16113,11.59,0.14,
12,2017-05-01,2017,5,62.08622,11.15,0.31,
12,2017-06-01,2017,6,58.83373,10.15,-0.23,
12,2017-07-01,2017,7,64.34317,10.01,0.24,
12,2017-08-01,2017,8,64.72955,9.15,0.19,
12,2017-09-01,2017,9,63.36301,8.35,0.16,
12,2017-10-01,2017,10,64.01487,8.01,0.42,
12,2017-11-01,2017,11,66.33483,7.4,0.28,
12,2017-12-01,2017,12,84.05333,7.0,0.44,
12,2018-01-01,2018,1,61.77724,6.9,0.29,
12,2018-02-01,2018,2,58.25054,6.72,0.32,
12,2018-03-01,2018,3,65.75753,6.58,0.09,
12,2018-04-01,2018,4,61.73755,6.4,0.22,
12,2018-05-01,2018,5,67.4547,6.4,0.4,
12,2018-06-01,2018,6,64.9053,6.4,1.26,
12,2018-07-01,2018,7,64.68484,6.4,0.33,
12,2018-08-01,2018,8,68.98788,6.4,-0.09,
12,2018-09-01,2018,9,68.80688,6.4,0.48,
12,2018-10-01,2018,10,71.55018,6.4,0.45,
12,2018-11-01,2018,11,78.09537,6.4,-0.21,
12,2018-12-01,2018,12,89.50052,6.4,0.15,
12,2019-01-01,2019,1,66.98351,6.4,0.32,
12,2019-02-01,2019,2,63.67531,6.4,0.43,
12,2019-03-01,2019,3,70.71757,6.4,0.75,
12,2019-04-01,2019,4,67.35157,6.4,0.57,
12,2019-05-01,2019,5,74.0703,6.4,0.13,
12,2019-06-01,2019,6,70.61532,6.4,0.01,
12,2019-07-01,2019,7,74.92177,6.4,0.19,
12,2019-08-01,2019,8,74.75777,5.9,0.11,
12,2019-09-01,2019,9,72.44853,5.71,-0.04,
12,2019-10-01,2019,10,75.54864,5.38,0.1,
12,2019-11-01,2019,11,84.38036,4.9,0.51,
12,2019-12-01,2019,12,97.69897,4.59,1.15,
12,2020-01-01,2020,1,74.89272,4.4,0.21,
12,2020-02-01,2020,2,72.10981,4.19,0.25,
12,2020-03-01,2020,3,66.04987,3.95,0.07,
12,2020-04-01,2020,4,52.8918,3.65,-0.31,
12,2020-05-01,2020,5,63.347,3.01,-0.38,
12,2020-06-01,2020,6,67.47186,2.58,0.26,
12,2020-07-01,2020,7,81.41793,2.15,0.36,
12,2020-08-01,2020,8,93.4052,1.94,0.24,
12,2020-09-01,2020,9,87.83585,1.9,0.64,
12,2020-10-01,2020,10,91.73565,1.9,0.86,
12,2020-11-01,2020,11,102.68042,1.9,0.89,
12,2020-12-01,2020,12,106.569,1.9,1.35,
12,2021-01-01,2021,1,80.72411,1.9,0.25,
12,2021-02-01,2021,2,67.0619,1.9,0.86,
12,2021-03-01,2021,3,82.73094,2.23,0.93,
12,2021-04-01,2021,4,78.89627,2.65,0.31,
12,2021-05-01,2021,5,92.77962,3.29,0.83,
12,2021-06-01,2021,6,89.68938,3.76,0.53,
12,2021-07-01,2021,7,103.5637,4.15,0.96,
12,2021-08-01,2021,8,93.2118,5.01,0.87,
12,2021-09-01,2021,9,90.35659,5.43,1.16,
12,2021-10-01,2021,10,97.63703,6.3,1.25,
12,2021-11-01,2021,11,105.48207,7.65,0.95,
12,2021-12-01,2021,12,111.21278,8.76,0.73,
12,2022-01-01,2022,1,85.22912,9.15,0.54,7520599662.34
12,2022-02-01,2022,2,82.91267,10.49,1.01,7632577904.48
12,2022-03-01,2022,3,93.03054,11.15,1.62,7762851953.16
12,2022-04-01,2022,4,94.00923,11.65,1.06,7949392292.56
12,2022-05-01,2022,5,101.99278,12.51,0.47,8142392810.61
12,2022-06-01,2022,6,95.58853,12.89,0.67,8313286848.59
12,2022-07-01,2022,7,101.42156,13.15,-0.68,8480036249.37
12,2022-08-01,2022,8,103.06941,13.58,-0.36,8687082999.82
12,2022-09-01,2022,9,99.64841,13.65,-0.29,8834300208.13
12,2022-10-01,2022,10,106.38654,13.65,0.59,9010998783.34
12,2022-11-01,2022,11,113.25947,13.65,0.41,9186461737.81
12,2022-12-01,2022,12,123.45175,13.65,0.62,9321010521.81
12,2023-01-01,2023,1,97.2856,,0.53,9372322411.18
12,2023-02-01,2023,2,92.88637,,0.84,9458695811.75
12,2023-03-01,2023,3,103.17625,,0.71,9586864667.7
12,2023-04-01,2023,4,99.43107,,0.61,9717783824.43
12,2023-05-01,2023,5,109.6007,,0.23,9827504754.17
12,2023-06-01,2023,6,106.10949,,-0.08,9905250162.72
12,2023-07-01,2023,7,111.27709,,0.12,10015709865.83
12,2023-08-01,2023,8,110.18732,,0.23,10183836625.41
12,2023-09-01,2023,9,106.13584,,0.26,10356696665.4
12,2023-10-01,2023,10,110.7517,,0.24,10511448577.31
12,2023-11-01,2023,11,122.27655,,0.28,10721013239.74
12,2023-12-01,2023,12,133.65367,,0.56,10897970203.13
12,2024-01-01,2024,1,108.05686,,0.42,
12,2024-02-01,2024,2,104.12445,,0.83,
12,2024-03-01,2024,3,113.20169,,0.16,
12,2024-04-01,2024,4,114.08299,,0.38,
12,2024-05-01,2024,5,122.62022,,0.46,
12,2024-06-01,2024,6,114.49606,,0.21,
12,2024-07-01,2024,7,121.81806,,0.38,
12,2024-08-01,2024,8,120.38498,,-0.02,
12,2024-09-01,2024,9,116.20024,,0.44,
12,2024-10-01,2024,10,124.1568,,0.56,
12,2024-11-01,2024,11,139.62806,,0.39,
12,2024-12-01,2024,12,144.72723,,0.52,
12,2025-01-01,2025,1,117.25856,,0.16,
12,2025-02-01,2025,2,112.53476,,1.31,
12,2025-03-01,2025,3,123.22783,,0.56,
12,2025-04-01,2025,4,124.00874,,0.43,
12,2025-05-01,2025,5,134.41581,,0.26,
12,2025-06-01,2025,6,123.14735,,0.24,
12,2025-07-01,2025,7,130.79131,,0.26,
12,2025-08-01,2025,8,130.32984,,-0.11,
12,2025-09-01,2025,9,124.24645,,0.48,
12,2025-10-01,2025,10,131.29744,,0.09,
12,2025-11-01,2025,11,150.0417,,0.18,
13,2007-12-01,2007,12,47.41098,,,
13,2008-01-01,2008,1,30.63911,,,
13,2008-02-01,2008,2,28.95256,,,
13,2008-03-01,2008,3,31.57609,,,
13,2008-04-01,2008,4,30.9202,,,
13,2008-05-01,2008,5,34.9492,,,
13,2008-06-01,2008,6,32.79416,,,
13,2008-07-01,2008,7,35.0429,,,
13,2008-08-01,2008,8,35.08975,,,
13,2008-09-01,2008,9,33.45004,,,
13,2008-10-01,2008,10,35.83933,,,
13,2008-11-01,2008,11,34.99605,,,
13,2008-12-01,2008,12,49.75342,,,
13,2009-01-01,2009,1,34.38702,,,
13,2009-02-01,2009,2,31.0139,,,
13,2009-03-01,2009,3,34.80865,,,
13,2009-04-01,2009,4,34.19962,,,
13,2009-05-01,2009,5,37.52589,,,
13,2009-06-01,2009,6,35.79248,,,
13,2009-07-01,2009,7,38.13492,,,
13,2009-08-01,2009,8,38.7908,,,
13,2009-09-01,2009,9,37.66643,,,
13,2009-10-01,2009,10,40.19627,,,
13,2009-11-01,2009,11,39.11874,,,
13,2009-12-01,2009,12,53.40763,,,
13,2010-01-01,2010,1,38.7908,,,
13,2010-02-01,2010,2,36.35467,,,
13,2010-03-01,2010,3,39.44669,,,
13,2010-04-01,2010,4,38.41601,,,
13,2010-05-01,2010,5,41.18009,,,
13,2010-06-01,2010,6,40.7116,,,
13,2010-07-01,2010,7,41.36749,,,
13,2010-08-01,2010,8,44.7406,,,
13,2010-09-01,2010,9,43.33514,,,
13,2010-10-01,2010,10,45.06854,,,
13,2010-11-01,2010,11,45.02169,,,
13,2010-12-01,2010,12,61.93411,,,
13,2011-01-01,2011,1,44.50636,,0.83,
13,2011-02-01,2011,2,40.66475,,0.8,
13,2011-03-01,2011,3,42.25761,,0.79,
13,2011-04-01,2011,4,42.58555,,0.77,
13,2011-05-01,2011,5,45.77127,,0.47,
13,2011-06-01,2011,6,44.5532,,0.15,
13,2011-07-01,2011,7,45.67758,,0.16,
13,2011-08-01,2011,8,48.44165,,0.37,
13,2011-09-01,2011,9,44.60005,,0.53,
13,2011-10-01,2011,10,47.50468,,0.43,
13,2011-11-01,2011,11,49.05069,,0.52,
13,2011-12-01,2011,12,66.61899,,0.5,
13,2012-01-01,2012,1,46.47401,10.7,0.56,
13,2012-02-01,2012,2,43.24144,10.4,0.45,
13,2012-03-01,2012,3,48.62905,9.82,0.21,
13,2012-04-01,2012,4,47.27043,9.35,0.64,
13,2012-05-01,2012,5,51.58052,8.87,0.36,
13,2012-06-01,2012,6,49.37863,8.39,0.08,
13,2012-07-01,2012,7,49.70657,8.07,0.43,
13,2012-08-01,2012,8,50.97149,7.85,0.41,
13,2012-09-01,2012,9,48.20741,7.39,0.57,
13,2012-10-01,2012,10,49.70657,7.23,0.59,
13,2012-11-01,2012,11,51.15888,7.14,0.6,
13,2012-12-01,2012,12,68.25869,7.16,0.79,
13,2013-01-01,2013,1,50.73725,7.11,0.86,
13,2013-02-01,2013,2,46.94249,7.12,0.6,
13,2013-03-01,2013,3,53.31393,7.15,0.47,
13,2013-04-01,2013,4,51.11204,7.26,0.55,
13,2013-05-01,2013,5,55.09418,7.42,0.37,
13,2013-06-01,2013,6,53.45448,7.9,0.26,
13,2013-07-01,2013,7,55.75007,8.23,0.03,
13,2013-08-01,2013,8,57.90511,8.45,0.24,
13,2013-09-01,2013,9,54.11036,8.9,0.35,
13,2013-10-01,2013,10,57.76456,9.25,0.57,
13,2013-11-01,2013,11,58.3736,9.45,0.54,
13,2013-12-01,2013,12,78.05009,9.9,0.92,
13,2014-01-01,2014,1,57.34293,10.17,0.55,
13,2014-02-01,2014,2,50.6904,10.43,0.69,
13,2014-03-01,2014,3,53.59502,10.65,0.92,
13,2014-04-01,2014,4,52.93914,10.87,0.67,
13,2014-05-01,2014,5,61.13768,10.9,0.46,
13,2014-06-01,2014,6,55.51582,10.9,0.4,
13,2014-07-01,2014,7,56.4528,10.9,0.01,
13,2014-08-01,2014,8,59.96646,10.9,0.25,
13,2014-09-01,2014,9,57.76456,10.9,0.57,
13,2014-10-01,2014,10,61.04398,10.92,0.42,
13,2014-11-01,2014,11,62.07465,11.15,0.51,
13,2014-12-01,2014,12,77.53476,11.58,0.78,
13,2015-01-01,2015,1,57.43662,11.82,1.24,
13,2015-02-01,2015,2,52.14271,12.15,1.22,
13,2015-03-01,2015,3,54.81309,12.58,1.32,
13,2015-04-01,2015,4,55.70322,12.68,0.71,
13,2015-05-01,2015,5,58.3736,13.15,0.74,
13,2015-06-01,2015,6,55.42212,13.58,0.79,
13,2015-07-01,2015,7,57.24923,13.69,0.62,
13,2015-08-01,2015,8,60.57549,14.15,0.22,
13,2015-09-01,2015,9,56.5465,14.15,0.54,
13,2015-10-01,2015,10,61.32507,14.15,0.82,
13,2015-11-01,2015,11,60.76289,14.15,1.01,
13,2015-12-01,2015,12,76.50408,14.15,0.96,
13,2016-01-01,2016,1,55.75007,14.15,1.27,
13,2016-02-01,2016,2,51.76792,14.15,0.9,
13,2016-03-01,2016,3,55.32843,14.15,0.43,
13,2016-04-01,2016,4,53.12653,14.15,0.61,
13,2016-05-01,2016,5,55.18788,14.15,0.78,
13,2016-06-01,2016,6,54.20406,14.15,0.35,
13,2016-07-01,2016,7,60.107,14.15,0.52,
13,2016-08-01,2016,8,61.32507,14.15,0.44,
13,2016-09-01,2016,9,56.21855,14.15,0.08,
13,2016-10-01,2016,10,60.2944,14.05,0.26,
13,2016-11-01,2016,11,60.76289,13.9,0.18,
13,2016-12-01,2016,12,78.89337,13.65,0.3,
13,2017-01-01,2017,1,59.68107,13.17,0.38,
13,2017-02-01,2017,2,54.10287,12.82,0.33,
13,2017-03-01,2017,3,58.22575,12.15,0.25,
13,2017-04-01,2017,4,59.44289,11.59,0.14,
13,2017-05-01,2017,5,59.42014,11.15,0.31,
13,2017-06-01,2017,6,57.54059,10.15,-0.23,
13,2017-07-01,2017,7,63.4956,10.01,0.24,
13,2017-08-01,2017,8,63.79445,9.15,0.19,
13,2017-09-01,2017,9,62.80867,8.35,0.16,
13,2017-10-01,2017,10,64.02625,8.01,0.42,
13,2017-11-01,2017,11,67.21716,7.4,0.28,
13,2017-12-01,2017,12,83.54479,7.0,0.44,
13,2018-01-01,2018,1,64.45035,6.9,0.29,
13,2018-02-01,2018,2,59.35625,6.72,0.32,
13,2018-03-01,2018,3,66.09576,6.58,0.09,
13,2018-04-01,2018,4,58.65172,6.4,0.22,
13,2018-05-01,2018,5,65.32244,6.4,0.4,
13,2018-06-01,2018,6,61.69371,6.4,1.26,
13,2018-07-01,2018,7,62.31999,6.4,0.33,
13,2018-08-01,2018,8,65.73462,6.4,-0.09,
13,2018-09-01,2018,9,63.74409,6.4,0.48,
13,2018-10-01,2018,10,67.1606,6.4,0.45,
13,2018-11-01,2018,11,72.7255,6.4,-0.21,
13,2018-12-01,2018,12,84.69184,6.4,0.15,
13,2019-01-01,2019,1,62.82297,6.4,0.32,
13,2019-02-01,2019,2,58.97691,6.4,0.43,
13,2019-03-01,2019,3,66.67878,6.4,0.75,
13,2019-04-01,2019,4,64.33806,6.4,0.57,
13,2019-05-01,2019,5,69.56966,6.4,0.13,
13,2019-06-01,2019,6,72.6884,6.4,0.01,
13,2019-07-01,2019,7,74.55911,6.4,0.19,
13,2019-08-01,2019,8,75.63291,5.9,0.11,
13,2019-09-01,2019,9,72.91671,5.71,-0.04,
13,2019-10-01,2019,10,77.08804,5.38,0.1,
13,2019-11-01,2019,11,86.0204,4.9,0.51,
13,2019-12-01,2019,12,96.08133,4.59,1.15,
13,2020-01-01,2020,1,75.04349,4.4,0.21,
13,2020-02-01,2020,2,71.52515,4.19,0.25,
13,2020-03-01,2020,3,67.82079,3.95,0.07,
13,2020-04-01,2020,4,53.5716,3.65,-0.31,
13,2020-05-01,2020,5,64.09595,3.01,-0.38,
13,2020-06-01,2020,6,82.84868,2.58,0.26,
13,2020-07-01,2020,7,92.46751,2.15,0.36,
13,2020-08-01,2020,8,93.4604,1.94,0.24,
13,2020-09-01,2020,9,88.27707,1.9,0.64,
13,2020-10-01,2020,10,96.26353,1.9,0.86,
13,2020-11-01,2020,11,100.87847,1.9,0.89,
13,2020-12-01,2020,12,112.60178,1.9,1.35,
13,2021-01-01,2021,1,63.32088,1.9,0.25,
13,2021-02-01,2021,2,67.64296,1.9,0.86,
13,2021-03-01,2021,3,90.24967,2.23,0.93,
13,2021-04-01,2021,4,88.9604,2.65,0.31,
13,2021-05-01,2021,5,97.27322,3.29,0.83,
13,2021-06-01,2021,6,92.25306,3.76,0.53,
13,2021-07-01,2021,7,96.80007,4.15,0.96,
13,2021-08-01,2021,8,95.93513,5.01,0.87,
13,2021-09-01,2021,9,90.88111,5.43,1.16,
13,2021-10-01,2021,10,97.77192,6.3,1.25,
13,2021-11-01,2021,11,106.55209,7.65,0.95,
13,2021-12-01,2021,12,120.00559,8.76,0.73,
13,2022-01-01,2022,1,88.91258,9.15,0.54,25564269760.29
13,2022-02-01,2022,2,86.14237,10.49,1.01,25888353840.6
13,2022-03-01,2022,3,92.4359,11.15,1.62,26380966187.86
13,2022-04-01,2022,4,95.65544,11.65,1.06,26976610514.44
13,2022-05-01,2022,5,102.01573,12.51,0.47,27700864820.21
13,2022-06-01,2022,6,96.76757,12.89,0.67,28207312563.04
13,2022-07-01,2022,7,99.47126,13.15,-0.68,28679360467.72
13,2022-08-01,2022,8,102.05238,13.58,-0.36,29254616548.89
13,2022-09-01,2022,9,95.84278,13.65,-0.29,29660402559.38
13,2022-10-01,2022,10,104.30631,13.65,0.59,30220046841.97
13,2022-11-01,2022,11,109.64857,13.65,0.41,30783415108.1
13,2022-12-01,2022,12,126.74911,13.65,0.62,31013651455.96
13,2023-01-01,2023,1,93.97385,,0.53,31211021281.52
13,2023-02-01,2023,2,89.95044,,0.84,31287146785.9
13,2023-03-01,2023,3,101.80307,,0.71,31596036666.82
13,2023-04-01,2023,4,99.46182,,0.61,31784238168.53
13,2023-05-01,2023,5,104.36976,,0.23,32026260511.14
13,2023-06-01,2023,6,99.35299,,-0.08,31956846147.7
13,2023-07-01,2023,7,103.05483,,0.12,32167587500.12
13,2023-08-01,2023,8,105.98134,,0.23,32507307520.44
13,2023-09-01,2023,9,100.93341,,0.26,32741913366.17
13,2023-10-01,2023,10,105.54349,,0.24,33124454122.28
13,2023-11-01,2023,11,116.30877,,0.28,33565505954.15
13,2023-12-01,2023,12,134.43473,,0.56,33735647869.58
13,2024-01-01,2024,1,99.30302,,0.42,
13,2024-02-01,2024,2,96.27391,,0.83,
13,2024-03-01,2024,3,107.64789,,0.16,
13,2024-04-01,2024,4,104.57452,,0.38,
13,2024-05-01,2024,5,114.78802,,0.46,
13,2024-06-01,2024,6,108.09444,,0.21,
13,2024-07-01,2024,7,113.11689,,0.38,
13,2024-08-01,2024,8,115.80521,,-0.02,
13,2024-09-01,2024,9,111.44563,,0.44,
13,2024-10-01,2024,10,115.62195,,0.56,
13,2024-11-01,2024,11,131.19986,,0.39,
13,2024-12-01,2024,12,141.34656,,0.52,
13,2025-01-01,2025,1,107.44144,,0.16,
13,2025-02-01,2025,2,109.60815,,1.31,
13,2025-03-01,2025,3,111.33284,,0.56,
13,2025-04-01,2025,4,112.6437,,0.43,
13,2025-05-01,2025,5,121.2023,,0.26,
13,2025-06-01,2025,6,114.88162,,0.24,
13,2025-07-01,2025,7,118.6884,,0.26,
13,2025-08-01,2025,8,121.58043,,-0.11,
13,2025-09-01,2025,9,115.1745,,0.48,
13,2025-10-01,2025,10,119.22672,,0.09,
13,2025-11-01,2025,11,132.63088,,0.18,
14,2007-12-01,2007,12,19.8753,,,
14,2008-01-01,2008,1,14.94731,,,
14,2008-02-01,2008,2,14.15775,,,
14,2008-03-01,2008,3,16.11805,,,
14,2008-04-01,2008,4,16.19973,,,
14,2008-05-01,2008,5,18.75902,,,
14,2008-06-01,2008,6,17.88777,,,
14,2008-07-01,2008,7,18.26894,,,
14,2008-08-01,2008,8,18.9496,,,
14,2008-09-01,2008,9,18.16003,,,
14,2008-10-01,2008,10,19.49413,,,
14,2008-11-01,2008,11,19.19464,,,
14,2008-12-01,2008,12,22.95189,,,
14,2009-01-01,2009,1,18.26894,,,
14,2009-02-01,2009,2,17.64273,,,
14,2009-03-01,2009,3,20.22924,,,
14,2009-04-01,2009,4,20.93713,,,
14,2009-05-01,2009,5,21.15494,,,
14,2009-06-01,2009,6,19.92975,,,
14,2009-07-01,2009,7,19.65749,,,
14,2009-08-01,2009,8,19.49413,,,
14,2009-09-01,2009,9,18.78624,,,
14,2009-10-01,2009,10,20.96436,,,
14,2009-11-01,2009,11,21.64502,,,
14,2009-12-01,2009,12,27.03585,,,
14,2010-01-01,2010,1,20.50151,,,
14,2010-02-01,2010,2,20.61041,,,
14,2010-03-01,2010,3,23.03357,,,
14,2010-04-01,2010,4,23.36028,,,
14,2010-05-01,2010,5,24.31321,,,
14,2010-06-01,2010,6,24.99387,,,
14,2010-07-01,2010,7,24.74883,,,
14,2010-08-01,2010,8,25.62008,,,
14,2010-09-01,2010,9,27.41702,,,
14,2010-10-01,2010,10,26.65468,,,
14,2010-11-01,2010,11,24.42212,,,
14,2010-12-01,2010,12,30.41193,,,
14,2011-01-01,2011,1,25.62008,,0.83,
14,2011-02-01,2011,2,22.95189,,0.8,
14,2011-03-01,2011,3,25.59285,,0.79,
14,2011-04-01,2011,4,25.23891,,0.77,
14,2011-05-01,2011,5,25.81066,,0.47,
14,2011-06-01,2011,6,25.26614,,0.15,
14,2011-07-01,2011,7,26.65468,,0.16,
14,2011-08-01,2011,8,28.39718,,0.37,
14,2011-09-01,2011,9,28.58776,,0.53,
14,2011-10-01,2011,10,28.17936,,0.43,
14,2011-11-01,2011,11,28.66944,,0.52,
14,2011-12-01,2011,12,35.74831,,0.5,
14,2012-01-01,2012,1,32.31778,10.7,0.56,
14,2012-02-01,2012,2,32.04552,10.4,0.45,
14,2012-03-01,2012,3,34.55035,9.82,0.21,
14,2012-04-01,2012,4,31.88216,9.35,0.64,
14,2012-05-01,2012,5,33.81524,8.87,0.36,
14,2012-06-01,2012,6,34.06028,8.39,0.08,
14,2012-07-01,2012,7,35.72109,8.07,0.43,
14,2012-08-01,2012,8,37.95366,7.85,0.41,
14,2012-09-01,2012,9,38.17147,7.39,0.57,
14,2012-10-01,2012,10,38.22592,7.23,0.59,
14,2012-11-01,2012,11,38.03534,7.14,0.6,
14,2012-12-01,2012,12,43.67121,7.16,0.79,
14,2013-01-01,2013,1,36.10226,7.11,0.86,
14,2013-02-01,2013,2,35.99335,7.12,0.6,
14,2013-03-01,2013,3,40.45849,7.15,0.47,
14,2013-04-01,2013,4,40.40404,7.26,0.55,
14,2013-05-01,2013,5,41.84704,7.42,0.37,
14,2013-06-01,2013,6,39.26052,7.9,0.26,
14,2013-07-01,2013,7,39.6417,8.23,0.03,
14,2013-08-01,2013,8,40.29513,8.45,0.24,
14,2013-09-01,2013,9,38.85213,8.9,0.35,
14,2013-10-01,2013,10,39.7506,9.25,0.57,
14,2013-11-01,2013,11,39.7506,9.45,0.54,
14,2013-12-01,2013,12,48.05466,9.9,0.92,
14,2014-01-01,2014,1,38.33483,10.17,0.55,
14,2014-02-01,2014,2,37.68139,10.43,0.69,
14,2014-03-01,2014,3,38.85213,10.65,0.92,
14,2014-04-01,2014,4,43.9707,10.87,0.67,
14,2014-05-01,2014,5,46.17604,10.9,0.46,
14,2014-06-01,2014,6,44.43355,10.9,0.4,
14,2014-07-01,2014,7,45.33202,10.9,0.01,
14,2014-08-01,2014,8,45.30479,10.9,0.25,
14,2014-09-01,2014,9,46.3394,10.9,0.57,
14,2014-10-01,2014,10,50.17833,10.92,0.42,
14,2014-11-01,2014,11,49.47044,11.15,0.51,
14,2014-12-01,2014,12,64.00936,11.58,0.78,
14,2015-01-01,2015,1,51.29461,11.82,1.24,
14,2015-02-01,2015,2,45.27757,12.15,1.22,
14,2015-03-01,2015,3,51.10403,12.58,1.32,
14,2015-04-01,2015,4,49.76993,12.68,0.71,
14,2015-05-01,2015,5,54.23507,13.15,0.74,
14,2015-06-01,2015,6,49.96052,13.58,0.79,
14,2015-07-01,2015,7,52.49257,13.69,0.62,
14,2015-08-01,2015,8,52.27476,14.15,0.22,
14,2015-09-01,2015,9,51.40352,14.15,0.54,
14,2015-10-01,2015,10,55.32412,14.15,0.82,
14,2015-11-01,2015,11,57.47501,14.15,1.01,
14,2015-12-01,2015,12,68.96457,14.15,0.96,
14,2016-01-01,2016,1,54.7796,14.15,1.27,
14,2016-02-01,2016,2,51.81191,14.15,0.9,
14,2016-03-01,2016,3,56.68545,14.15,0.43,
14,2016-04-01,2016,4,55.84143,14.15,0.61,
14,2016-05-01,2016,5,55.70529,14.15,0.78,
14,2016-06-01,2016,6,56.90326,14.15,0.35,
14,2016-07-01,2016,7,62.18519,14.15,0.52,
14,2016-08-01,2016,8,65.56126,14.15,0.44,
14,2016-09-01,2016,9,64.58111,14.15,0.08,
14,2016-10-01,2016,10,65.77908,14.05,0.26,
14,2016-11-01,2016,11,63.98213,13.9,0.18,
14,2016-12-01,2016,12,75.47169,13.65,0.3,
14,2017-01-01,2017,1,49.07059,13.17,0.38,
14,2017-02-01,2017,2,49.05645,12.82,0.33,
14,2017-03-01,2017,3,52.7002,12.15,0.25,
14,2017-04-01,2017,4,51.32593,11.59,0.14,
14,2017-05-01,2017,5,54.15697,11.15,0.31,
14,2017-06-01,2017,6,53.85496,10.15,-0.23,
14,2017-07-01,2017,7,57.69329,10.01,0.24,
14,2017-08-01,2017,8,60.02582,9.15,0.19,
14,2017-09-01,2017,9,59.31129,8.35,0.16,
14,2017-10-01,2017,10,57.30095,8.01,0.42,
14,2017-11-01,2017,11,58.44202,7.4,0.28,
14,2017-12-01,2017,12,65.22438,7.0,0.44,
14,2018-01-01,2018,1,55.29281,6.9,0.29,
14,2018-02-01,2018,2,54.081,6.72,0.32,
14,2018-03-01,2018,3,58.50883,6.58,0.09,
14,2018-04-01,2018,4,54.59623,6.4,0.22,
14,2018-05-01,2018,5,61.03779,6.4,0.4,
14,2018-06-01,2018,6,56.15025,6.4,1.26,
14,2018-07-01,2018,7,57.11196,6.4,0.33,
14,2018-08-01,2018,8,59.97393,6.4,-0.09,
14,2018-09-01,2018,9,58.62799,6.4,0.48,
14,2018-10-01,2018,10,62.79141,6.4,0.45,
14,2018-11-01,2018,11,62.82979,6.4,-0.21,
14,2018-12-01,2018,12,72.22372,6.4,0.15,
14,2019-01-01,2019,1,57.97249,6.4,0.32,
14,2019-02-01,2019,2,53.35957,6.4,0.43,
14,2019-03-01,2019,3,57.61028,6.4,0.75,
14,2019-04-01,2019,4,61.14135,6.4,0.57,
14,2019-05-01,2019,5,64.45073,6.4,0.13,
14,2019-06-01,2019,6,63.26578,6.4,0.01,
14,2019-07-01,2019,7,64.89397,6.4,0.19,
14,2019-08-01,2019,8,64.1755,5.9,0.11,
14,2019-09-01,2019,9,62.93267,5.71,-0.04,
14,2019-10-01,2019,10,67.92879,5.38,0.1,
14,2019-11-01,2019,11,75.3477,4.9,0.51,
14,2019-12-01,2019,12,76.72786,4.59,1.15,
14,2020-01-01,2020,1,63.51464,4.4,0.21,
14,2020-02-01,2020,2,60.17856,4.19,0.25,
14,2020-03-01,2020,3,57.01544,3.95,0.07,
14,2020-04-01,2020,4,51.47708,3.65,-0.31,
14,2020-05-01,2020,5,59.46318,3.01,-0.38,
14,2020-06-01,2020,6,63.71233,2.58,0.26,
14,2020-07-01,2020,7,70.52469,2.15,0.36,
14,2020-08-01,2020,8,73.85949,1.94,0.24,
14,2020-09-01,2020,9,75.49125,1.9,0.64,
14,2020-10-01,2020,10,79.3086,1.9,0.86,
14,2020-11-01,2020,11,80.67711,1.9,0.89,
14,2020-12-01,2020,12,93.41554,1.9,1.35,
14,2021-01-01,2021,1,72.42533,1.9,0.25,
14,2021-02-01,2021,2,67.27525,1.9,0.86,
14,2021-03-01,2021,3,77.39019,2.23,0.93,
14,2021-04-01,2021,4,76.3626,2.65,0.31,
14,2021-05-01,2021,5,81.68166,3.29,0.83,
14,2021-06-01,2021,6,74.45993,3.76,0.53,
14,2021-07-01,2021,7,82.89983,4.15,0.96,
14,2021-08-01,2021,8,84.13301,5.01,0.87,
14,2021-09-01,2021,9,85.32603,5.43,1.16,
14,2021-10-01,2021,10,88.5631,6.3,1.25,
14,2021-11-01,2021,11,96.10069,7.65,0.95,
14,2021-12-01,2021,12,109.52182,8.76,0.73,
14,2022-01-01,2022,1,88.21386,9.15,0.54,5838857026.33
14,2022-02-01,2022,2,87.59577,10.49,1.01,5899260324.32
14,2022-03-01,2022,3,96.68773,11.15,1.62,6022430240.56
14,2022-04-01,2022,4,94.98924,11.65,1.06,6157825110.86
14,2022-05-01,2022,5,104.2468,12.51,0.47,6300760739.5199995
14,2022-06-01,2022,6,96.57328,12.89,0.67,6401932495.33
14,2022-07-01,2022,7,100.13694,13.15,-0.68,6501774067.62
14,2022-08-01,2022,8,104.74259,13.58,-0.36,6663357029.94
14,2022-09-01,2022,9,99.70969,13.65,-0.29,6761684767.85
14,2022-10-01,2022,10,105.96971,13.65,0.59,6887955765.95
14,2022-11-01,2022,11,105.88002,13.65,0.41,7047237807.48
14,2022-12-01,2022,12,115.25435,13.65,0.62,7167756978.09
14,2023-01-01,2023,1,100.17173,,0.53,7380986540.21
14,2023-02-01,2023,2,99.2205,,0.84,7506415052.57
14,2023-03-01,2023,3,106.52511,,0.71,7659999726.86
14,2023-04-01,2023,4,103.86572,,0.61,7743939584.08
14,2023-05-01,2023,5,105.63082,,0.23,7863131680.62
14,2023-06-01,2023,6,96.57446,,-0.08,7882208170.81
14,2023-07-01,2023,7,103.33929,,0.12,8016810747.45
14,2023-08-01,2023,8,103.70404,,0.23,8169174423.06
14,2023-09-01,2023,9,99.04048,,0.26,8271628143.65
14,2023-10-01,2023,10,101.96011,,0.24,8402336659.42
14,2023-11-01,2023,11,106.21382,,0.28,8535124066.23
14,2023-12-01,2023,12,125.32626,,0.56,8637006047.18
14,2024-01-01,2024,1,104.91365,,0.42,
14,2024-02-01,2024,2,101.55693,,0.83,
14,2024-03-01,2024,3,110.3038,,0.16,
14,2024-04-01,2024,4,112.72753,,0.38,
14,2024-05-01,2024,5,112.37554,,0.46,
14,2024-06-01,2024,6,104.67474,,0.21,
14,2024-07-01,2024,7,109.32686,,0.38,
14,2024-08-01,2024,8,114.50931,,-0.02,
14,2024-09-01,2024,9,112.39204,,0.44,
14,2024-10-01,2024,10,124.81797,,0.56,
14,2024-11-01,2024,11,128.40701,,0.39,
14,2024-12-01,2024,12,136.41277,,0.52,
14,2025-01-01,2025,1,105.79339,,0.16,
14,2025-02-01,2025,2,104.41404,,1.31,
14,2025-03-01,2025,3,113.27799,,0.56,
14,2025-04-01,2025,4,114.11154,,0.43,
14,2025-05-01,2025,5,121.03962,,0.26,
14,2025-06-01,2025,6,112.53346,,0.24,
14,2025-07-01,2025,7,120.30232,,0.26,
14,2025-08-01,2025,8,118.65133,,-0.11,
14,2025-09-01,2025,9,113.14232,,0.48,
14,2025-10-01,2025,10,119.29434,,0.09,
14,2025-11-01,2025,11,129.6985,,0.18,
15,2007-12-01,2007,12,42.26314,,,
15,2008-01-01,2008,1,27.73519,,,
15,2008-02-01,2008,2,22.57236,,,
15,2008-03-01,2008,3,25.33387,,,
15,2008-04-01,2008,4,25.17378,,,
15,2008-05-01,2008,5,28.45558,,,
15,2008-06-01,2008,6,26.45449,,,
15,2008-07-01,2008,7,27.9353,,,
15,2008-08-01,2008,8,27.85525,,,
15,2008-09-01,2008,9,27.33497,,,
15,2008-10-01,2008,10,28.97587,,,
15,2008-11-01,2008,11,27.41501,,,
15,2008-12-01,2008,12,41.8229,,,
15,2009-01-01,2009,1,27.17488,,,
15,2009-02-01,2009,2,24.21326,,,
15,2009-03-01,2009,3,26.53453,,,
15,2009-04-01,2009,4,26.73464,,,
15,2009-05-01,2009,5,29.81633,,,
15,2009-06-01,2009,6,28.09538,,,
15,2009-07-01,2009,7,30.09648,,,
15,2009-08-01,2009,8,30.69681,,,
15,2009-09-01,2009,9,30.01644,,,
15,2009-10-01,2009,10,33.4183,,,
15,2009-11-01,2009,11,31.17707,,,
15,2009-12-01,2009,12,49.10689,,,
15,2010-01-01,2010,1,31.93749,,,
15,2010-02-01,2010,2,28.65569,,,
15,2010-03-01,2010,3,32.65788,,,
15,2010-04-01,2010,4,31.81742,,,
15,2010-05-01,2010,5,35.9797,,,
15,2010-06-01,2010,6,32.73793,,,
15,2010-07-01,2010,7,34.97915,,,
15,2010-08-01,2010,8,35.13924,,,
15,2010-09-01,2010,9,34.93913,,,
15,2010-10-01,2010,10,37.46051,,,
15,2010-11-01,2010,11,36.09977,,,
15,2010-12-01,2010,12,56.51094,,,
15,2011-01-01,2011,1,35.9797,,0.83,
15,2011-02-01,2011,2,32.61786,,0.8,
15,2011-03-01,2011,3,35.37937,,0.79,
15,2011-04-01,2011,4,37.10031,,0.77,
15,2011-05-01,2011,5,38.50108,,0.47,
15,2011-06-01,2011,6,37.50053,,0.15,
15,2011-07-01,2011,7,39.46161,,0.16,
15,2011-08-01,2011,8,40.46216,,0.37,
15,2011-09-01,2011,9,38.58113,,0.53,
15,2011-10-01,2011,10,41.54275,,0.43,
15,2011-11-01,2011,11,39.98189,,0.52,
15,2011-12-01,2011,12,63.1946,,0.5,
15,2012-01-01,2012,1,40.70229,10.7,0.56,
15,2012-02-01,2012,2,37.02027,10.4,0.45,
15,2012-03-01,2012,3,41.90294,9.82,0.21,
15,2012-04-01,2012,4,40.9024,9.35,0.64,
15,2012-05-01,2012,5,45.06468,8.87,0.36,
15,2012-06-01,2012,6,42.7434,8.39,0.08,
15,2012-07-01,2012,7,44.02411,8.07,0.43,
15,2012-08-01,2012,8,45.46489,7.85,0.41,
15,2012-09-01,2012,9,43.22367,7.39,0.57,
15,2012-10-01,2012,10,47.18584,7.23,0.59,
15,2012-11-01,2012,11,44.3843,7.14,0.6,
15,2012-12-01,2012,12,68.35743,7.16,0.79,
15,2013-01-01,2013,1,47.38595,7.11,0.86,
15,2013-02-01,2013,2,41.50273,7.12,0.6,
15,2013-03-01,2013,3,48.78671,7.15,0.47,
15,2013-04-01,2013,4,46.86566,7.26,0.55,
15,2013-05-01,2013,5,51.90842,7.42,0.37,
15,2013-06-01,2013,6,48.90678,7.9,0.26,
15,2013-07-01,2013,7,50.98792,8.23,0.03,
15,2013-08-01,2013,8,52.14855,8.45,0.24,
15,2013-09-01,2013,9,48.98682,8.9,0.35,
15,2013-10-01,2013,10,53.38923,9.25,0.57,
15,2013-11-01,2013,11,51.62827,9.45,0.54,
15,2013-12-01,2013,12,77.28232,9.9,0.92,
15,2014-01-01,2014,1,52.86895,10.17,0.55,
15,2014-02-01,2014,2,47.34592,10.43,0.69,
15,2014-03-01,2014,3,50.78781,10.65,0.92,
15,2014-04-01,2014,4,50.66774,10.87,0.67,
15,2014-05-01,2014,5,56.11072,10.9,0.46,
15,2014-06-01,2014,6,50.38759,10.9,0.4,
15,2014-07-01,2014,7,53.34921,10.9,0.01,
15,2014-08-01,2014,8,53.8695,10.9,0.25,
15,2014-09-01,2014,9,51.54823,10.9,0.57,
15,2014-10-01,2014,10,62.43419,10.92,0.42,
15,2014-11-01,2014,11,56.0707,11.15,0.51,
15,2014-12-01,2014,12,77.72256,11.58,0.78,
15,2015-01-01,2015,1,54.50985,11.82,1.24,
15,2015-02-01,2015,2,47.82619,12.15,1.22,
15,2015-03-01,2015,3,56.15075,12.58,1.32,
15,2015-04-01,2015,4,53.54932,12.68,0.71,
15,2015-05-01,2015,5,57.95173,13.15,0.74,
15,2015-06-01,2015,6,53.58934,13.58,0.79,
15,2015-07-01,2015,7,56.63101,13.69,0.62,
15,2015-08-01,2015,8,54.91007,14.15,0.22,
15,2015-09-01,2015,9,51.94844,14.15,0.54,
15,2015-10-01,2015,10,58.83221,14.15,0.82,
15,2015-11-01,2015,11,58.03178,14.15,1.01,
15,2015-12-01,2015,12,78.28286,14.15,0.96,
15,2016-01-01,2016,1,55.23024,14.15,1.27,
15,2016-02-01,2016,2,51.70831,14.15,0.9,
15,2016-03-01,2016,3,56.0707,14.15,0.43,
15,2016-04-01,2016,4,55.19022,14.15,0.61,
15,2016-05-01,2016,5,54.87004,14.15,0.78,
15,2016-06-01,2016,6,52.74888,14.15,0.35,
15,2016-07-01,2016,7,54.99011,14.15,0.52,
15,2016-08-01,2016,8,53.82947,14.15,0.44,
15,2016-09-01,2016,9,50.42761,14.15,0.08,
15,2016-10-01,2016,10,54.54987,14.05,0.26,
15,2016-11-01,2016,11,55.27026,13.9,0.18,
15,2016-12-01,2016,12,75.08111,13.65,0.3,
15,2017-01-01,2017,1,50.97198,13.17,0.38,
15,2017-02-01,2017,2,45.88716,12.82,0.33,
15,2017-03-01,2017,3,54.08281,12.15,0.25,
15,2017-04-01,2017,4,52.88204,11.59,0.14,
15,2017-05-01,2017,5,55.65062,11.15,0.31,
15,2017-06-01,2017,6,53.23027,10.15,-0.23,
15,2017-07-01,2017,7,55.88294,10.01,0.24,
15,2017-08-01,2017,8,55.86663,9.15,0.19,
15,2017-09-01,2017,9,54.27498,8.35,0.16,
15,2017-10-01,2017,10,55.93196,8.01,0.42,
15,2017-11-01,2017,11,58.78918,7.4,0.28,
15,2017-12-01,2017,12,75.1743,7.0,0.44,
15,2018-01-01,2018,1,55.7345,6.9,0.29,
15,2018-02-01,2018,2,49.17258,6.72,0.32,
15,2018-03-01,2018,3,57.52757,6.58,0.09,
15,2018-04-01,2018,4,53.50014,6.4,0.22,
15,2018-05-01,2018,5,58.38648,6.4,0.4,
15,2018-06-01,2018,6,56.36784,6.4,1.26,
15,2018-07-01,2018,7,58.10232,6.4,0.33,
15,2018-08-01,2018,8,60.40271,6.4,-0.09,
15,2018-09-01,2018,9,57.34949,6.4,0.48,
15,2018-10-01,2018,10,60.764,6.4,0.45,
15,2018-11-01,2018,11,66.58826,6.4,-0.21,
15,2018-12-01,2018,12,79.97579,6.4,0.15,
15,2019-01-01,2019,1,58.6504,6.4,0.32,
15,2019-02-01,2019,2,54.40381,6.4,0.43,
15,2019-03-01,2019,3,60.40473,6.4,0.75,
15,2019-04-01,2019,4,58.51335,6.4,0.57,
15,2019-05-01,2019,5,61.64692,6.4,0.13,
15,2019-06-01,2019,6,58.75082,6.4,0.01,
15,2019-07-01,2019,7,61.04716,6.4,0.19,
15,2019-08-01,2019,8,64.29448,5.9,0.11,
15,2019-09-01,2019,9,61.44373,5.71,-0.04,
15,2019-10-01,2019,10,67.33399,5.38,0.1,
15,2019-11-01,2019,11,74.92561,4.9,0.51,
15,2019-12-01,2019,12,88.25426,4.59,1.15,
15,2020-01-01,2020,1,66.56054,4.4,0.21,
15,2020-02-01,2020,2,62.64103,4.19,0.25,
15,2020-03-01,2020,3,61.86786,3.95,0.07,
15,2020-04-01,2020,4,51.99811,3.65,-0.31,
15,2020-05-01,2020,5,54.85938,3.01,-0.38,
15,2020-06-01,2020,6,71.5129,2.58,0.26,
15,2020-07-01,2020,7,78.29033,2.15,0.36,
15,2020-08-01,2020,8,82.03048,1.94,0.24,
15,2020-09-01,2020,9,76.93818,1.9,0.64,
15,2020-10-01,2020,10,83.20139,1.9,0.86,
15,2020-11-01,2020,11,94.09282,1.9,0.89,
15,2020-12-01,2020,12,107.7618,1.9,1.35,
15,2021-01-01,2021,1,79.04462,1.9,0.25,
15,2021-02-01,2021,2,71.40726,1.9,0.86,
15,2021-03-01,2021,3,74.21973,2.23,0.93,
15,2021-04-01,2021,4,79.36091,2.65,0.31,
15,2021-05-01,2021,5,86.68958,3.29,0.83,
15,2021-06-01,2021,6,85.14937,3.76,0.53,
15,2021-07-01,2021,7,92.55505,4.15,0.96,
15,2021-08-01,2021,8,91.82973,5.01,0.87,
15,2021-09-01,2021,9,85.29001,5.43,1.16,
15,2021-10-01,2021,10,91.63754,6.3,1.25,
15,2021-11-01,2021,11,100.56932,7.65,0.95,
15,2021-12-01,2021,12,117.19018,8.76,0.73,
15,2022-01-01,2022,1,89.05228,9.15,0.54,58330053652.4
15,2022-02-01,2022,2,84.63247,10.49,1.01,58950052974.5
15,2022-03-01,2022,3,94.29042,11.15,1.62,59999535370.22
15,2022-04-01,2022,4,96.1869,11.65,1.06,61412697313.45
15,2022-05-01,2022,5,101.3121,12.51,0.47,62831880690.51
15,2022-06-01,2022,6,97.09273,12.89,0.67,64070295212.46
15,2022-07-01,2022,7,101.08994,13.15,-0.68,65545769547.340004
15,2022-08-01,2022,8,105.36248,13.58,-0.36,67161915176.1
15,2022-09-01,2022,9,95.70161,13.65,-0.29,68468177801.5
15,2022-10-01,2022,10,101.3476,13.65,0.59,69838948116.95
15,2022-11-01,2022,11,106.85794,13.65,0.41,71481276007.26
15,2022-12-01,2022,12,127.07354,13.65,0.62,72520942626.7
15,2023-01-01,2023,1,94.416,,0.53,73343713446.08
15,2023-02-01,2023,2,88.19593,,0.84,73876337741.15
15,2023-03-01,2023,3,98.4565,,0.71,74760993476.12
15,2023-04-01,2023,4,99.287,,0.61,75321227327.86
15,2023-05-01,2023,5,103.58341,,0.23,76241150077.76
15,2023-06-01,2023,6,98.5478,,-0.08,76377308412.38
15,2023-07-01,2023,7,102.34894,,0.12,77058674756.25
15,2023-08-01,2023,8,106.42494,,0.23,78384326135.74
15,2023-09-01,2023,9,99.601,,0.26,79224154792.65
15,2023-10-01,2023,10,103.37181,,0.24,80171813932.61
15,2023-11-01,2023,11,111.16404,,0.28,81576028139.26
15,2023-12-01,2023,12,132.22505,,0.56,82463277999.32
15,2024-01-01,2024,1,101.53452,,0.42,
15,2024-02-01,2024,2,102.01539,,0.83,
15,2024-03-01,2024,3,105.96071,,0.16,
15,2024-04-01,2024,4,102.63865,,0.38,
15,2024-05-01,2024,5,111.43485,,0.46,
15,2024-06-01,2024,6,105.26178,,0.21,
15,2024-07-01,2024,7,109.31595,,0.38,
15,2024-08-01,2024,8,117.07649,,-0.02,
15,2024-09-01,2024,9,106.98872,,0.44,
15,2024-10-01,2024,10,116.13992,,0.56,
15,2024-11-01,2024,11,123.45351,,0.39,
15,2024-12-01,2024,12,140.17625,,0.52,
15,2025-01-01,2025,1,109.55071,,0.16,
15,2025-02-01,2025,2,104.36387,,1.31,
15,2025-03-01,2025,3,111.62707,,0.56,
15,2025-04-01,2025,4,115.49242,,0.43,
15,2025-05-01,2025,5,122.23722,,0.26,
15,2025-06-01,2025,6,111.95232,,0.24,
15,2025-07-01,2025,7,117.44049,,0.26,
15,2025-08-01,2025,8,123.20897,,-0.11,
15,2025-09-01,2025,9,110.9114,,0.48,
15,2025-10-01,2025,10,121.75223,,0.09,
15,2025-11-01,2025,11,128.49596,,0.18,
16,2007-12-01,2007,12,43.10033,,,
16,2008-01-01,2008,1,29.26402,,,
16,2008-02-01,2008,2,25.9044,,,
16,2008-03-01,2008,3,28.42411,,,
16,2008-04-01,2008,4,30.32495,,,
16,2008-05-01,2008,5,34.43606,,,
16,2008-06-01,2008,6,31.47429,,,
16,2008-07-01,2008,7,36.51371,,,
16,2008-08-01,2008,8,34.96652,,,
16,2008-09-01,2008,9,33.90559,,,
16,2008-10-01,2008,10,35.80643,,,
16,2008-11-01,2008,11,35.6296,,,
16,2008-12-01,2008,12,48.40498,,,
16,2009-01-01,2009,1,33.24251,,,
16,2009-02-01,2009,2,29.79448,,,
16,2009-03-01,2009,3,32.31419,,,
16,2009-04-01,2009,4,32.49102,,,
16,2009-05-01,2009,5,36.55792,,,
16,2009-06-01,2009,6,35.76222,,,
16,2009-07-01,2009,7,41.15529,,,
16,2009-08-01,2009,8,39.29866,,,
16,2009-09-01,2009,9,37.35362,,,
16,2009-10-01,2009,10,40.66903,,,
16,2009-11-01,2009,11,37.70726,,,
16,2009-12-01,2009,12,58.17439,,,
16,2010-01-01,2010,1,40.49221,,,
16,2010-02-01,2010,2,35.40858,,,
16,2010-03-01,2010,3,39.12184,,,
16,2010-04-01,2010,4,38.32614,,,
16,2010-05-01,2010,5,45.08957,,,
16,2010-06-01,2010,6,41.42052,,,
16,2010-07-01,2010,7,45.08957,,,
16,2010-08-01,2010,8,42.43725,,,
16,2010-09-01,2010,9,42.21622,,,
16,2010-10-01,2010,10,42.52566,,,
16,2010-11-01,2010,11,44.4707,,,
16,2010-12-01,2010,12,60.6941,,,
16,2011-01-01,2011,1,41.59734,,0.83,
16,2011-02-01,2011,2,38.50296,,0.8,
16,2011-03-01,2011,3,38.45875,,0.79,
16,2011-04-01,2011,4,38.63558,,0.77,
16,2011-05-01,2011,5,42.17201,,0.47,
16,2011-06-01,2011,6,43.76341,,0.15,
16,2011-07-01,2011,7,44.86855,,0.16,
16,2011-08-01,2011,8,45.62004,,0.37,
16,2011-09-01,2011,9,43.14453,,0.53,
16,2011-10-01,2011,10,45.3106,,0.43,
16,2011-11-01,2011,11,44.82434,,0.52,
16,2011-12-01,2011,12,63.65587,,0.5,
16,2012-01-01,2012,1,47.6977,10.7,0.56,
16,2012-02-01,2012,2,44.4707,10.4,0.45,
16,2012-03-01,2012,3,47.07882,9.82,0.21,
16,2012-04-01,2012,4,44.33808,9.35,0.64,
16,2012-05-01,2012,5,51.32254,8.87,0.36,
16,2012-06-01,2012,6,51.98563,8.39,0.08,
16,2012-07-01,2012,7,53.70964,8.07,0.43,
16,2012-08-01,2012,8,58.66065,7.85,0.41,
16,2012-09-01,2012,9,55.38945,7.39,0.57,
16,2012-10-01,2012,10,55.08001,7.23,0.59,
16,2012-11-01,2012,11,55.52206,7.14,0.6,
16,2012-12-01,2012,12,75.06088,7.16,0.79,
16,2013-01-01,2013,1,51.54357,7.11,0.86,
16,2013-02-01,2013,2,48.58181,7.12,0.6,
16,2013-03-01,2013,3,52.47189,7.15,0.47,
16,2013-04-01,2013,4,51.67619,7.26,0.55,
16,2013-05-01,2013,5,55.87571,7.42,0.37,
16,2013-06-01,2013,6,57.99757,7.9,0.26,
16,2013-07-01,2013,7,61.53401,8.23,0.03,
16,2013-08-01,2013,8,61.22457,8.45,0.24,
16,2013-09-01,2013,9,57.59972,8.9,0.35,
16,2013-10-01,2013,10,59.50056,9.25,0.57,
16,2013-11-01,2013,11,61.13616,9.45,0.54,
16,2013-12-01,2013,12,80.63077,9.9,0.92,
16,2014-01-01,2014,1,56.31776,10.17,0.55,
16,2014-02-01,2014,2,55.91991,10.43,0.69,
16,2014-03-01,2014,3,60.56149,10.65,0.92,
16,2014-04-01,2014,4,61.88765,10.87,0.67,
16,2014-05-01,2014,5,65.20306,10.9,0.46,
16,2014-06-01,2014,6,63.56746,10.9,0.4,
16,2014-07-01,2014,7,69.97725,10.9,0.01,
16,2014-08-01,2014,8,68.47427,10.9,0.25,
16,2014-09-01,2014,9,66.21979,10.9,0.57,
16,2014-10-01,2014,10,70.86136,10.92,0.42,
16,2014-11-01,2014,11,75.28191,11.15,0.51,
16,2014-12-01,2014,12,89.25083,11.58,0.78,
16,2015-01-01,2015,1,69.5352,11.82,1.24,
16,2015-02-01,2015,2,60.25205,12.15,1.22,
16,2015-03-01,2015,3,64.31895,12.58,1.32,
16,2015-04-01,2015,4,60.16364,12.68,0.71,
16,2015-05-01,2015,5,64.93783,13.15,0.74,
16,2015-06-01,2015,6,61.71083,13.58,0.79,
16,2015-07-01,2015,7,62.2855,13.69,0.62,
16,2015-08-01,2015,8,61.35719,14.15,0.22,
16,2015-09-01,2015,9,57.99757,14.15,0.54,
16,2015-10-01,2015,10,60.82672,14.15,0.82,
16,2015-11-01,2015,11,59.54476,14.15,1.01,
16,2015-12-01,2015,12,75.32611,14.15,0.96,
16,2016-01-01,2016,1,57.95336,14.15,1.27,
16,2016-02-01,2016,2,54.24011,14.15,0.9,
16,2016-03-01,2016,3,55.0358,14.15,0.43,
16,2016-04-01,2016,4,53.09076,14.15,0.61,
16,2016-05-01,2016,5,56.36197,14.15,0.78,
16,2016-06-01,2016,6,55.08001,14.15,0.35,
16,2016-07-01,2016,7,56.27356,14.15,0.52,
16,2016-08-01,2016,8,54.94739,14.15,0.44,
16,2016-09-01,2016,9,54.41693,14.15,0.08,
16,2016-10-01,2016,10,56.14094,14.05,0.26,
16,2016-11-01,2016,11,58.35121,13.9,0.18,
16,2016-12-01,2016,12,71.34762,13.65,0.3,
16,2017-01-01,2017,1,61.34971,13.17,0.38,
16,2017-02-01,2017,2,57.12821,12.82,0.33,
16,2017-03-01,2017,3,57.98664,12.15,0.25,
16,2017-04-01,2017,4,55.75118,11.59,0.14,
16,2017-05-01,2017,5,56.76343,11.15,0.31,
16,2017-06-01,2017,6,56.61503,10.15,-0.23,
16,2017-07-01,2017,7,58.28764,10.01,0.24,
16,2017-08-01,2017,8,56.53981,9.15,0.19,
16,2017-09-01,2017,9,54.78719,8.35,0.16,
16,2017-10-01,2017,10,55.23291,8.01,0.42,
16,2017-11-01,2017,11,58.45555,7.4,0.28,
16,2017-12-01,2017,12,63.36073,7.0,0.44,
16,2018-01-01,2018,1,57.52202,6.9,0.29,
16,2018-02-01,2018,2,56.57793,6.72,0.32,
16,2018-03-01,2018,3,57.4826,6.58,0.09,
16,2018-04-01,2018,4,56.60013,6.4,0.22,
16,2018-05-01,2018,5,56.64059,6.4,0.4,
16,2018-06-01,2018,6,55.24177,6.4,1.26,
16,2018-07-01,2018,7,54.19932,6.4,0.33,
16,2018-08-01,2018,8,55.24608,6.4,-0.09,
16,2018-09-01,2018,9,53.95184,6.4,0.48,
16,2018-10-01,2018,10,56.3854,6.4,0.45,
16,2018-11-01,2018,11,61.16244,6.4,-0.21,
16,2018-12-01,2018,12,64.38668,6.4,0.15,
16,2019-01-01,2019,1,60.61856,6.4,0.32,
16,2019-02-01,2019,2,58.95849,6.4,0.43,
16,2019-03-01,2019,3,60.33261,6.4,0.75,
16,2019-04-01,2019,4,63.74237,6.4,0.57,
16,2019-05-01,2019,5,70.48488,6.4,0.13,
16,2019-06-01,2019,6,67.00581,6.4,0.01,
16,2019-07-01,2019,7,67.66436,6.4,0.19,
16,2019-08-01,2019,8,70.4692,5.9,0.11,
16,2019-09-01,2019,9,65.93128,5.71,-0.04,
16,2019-10-01,2019,10,70.19572,5.38,0.1,
16,2019-11-01,2019,11,73.0222,4.9,0.51,
16,2019-12-01,2019,12,91.43278,4.59,1.15,
16,2020-01-01,2020,1,68.04564,4.4,0.21,
16,2020-02-01,2020,2,61.6075,4.19,0.25,
16,2020-03-01,2020,3,56.05879,3.95,0.07,
16,2020-04-01,2020,4,38.65126,3.65,-0.31,
16,2020-05-01,2020,5,45.77131,3.01,-0.38,
16,2020-06-01,2020,6,57.41314,2.58,0.26,
16,2020-07-01,2020,7,76.08806,2.15,0.36,
16,2020-08-01,2020,8,88.78167,1.94,0.24,
16,2020-09-01,2020,9,79.89338,1.9,0.64,
16,2020-10-01,2020,10,85.07716,1.9,0.86,
16,2020-11-01,2020,11,84.86564,1.9,0.89,
16,2020-12-01,2020,12,108.06828,1.9,1.35,
16,2021-01-01,2021,1,79.10285,1.9,0.25,
16,2021-02-01,2021,2,72.85321,1.9,0.86,
16,2021-03-01,2021,3,67.67802,2.23,0.93,
16,2021-04-01,2021,4,75.71638,2.65,0.31,
16,2021-05-01,2021,5,94.70509,3.29,0.83,
16,2021-06-01,2021,6,83.92692,3.76,0.53,
16,2021-07-01,2021,7,91.58917,4.15,0.96,
16,2021-08-01,2021,8,88.49894,5.01,0.87,
16,2021-09-01,2021,9,84.57338,5.43,1.16,
16,2021-10-01,2021,10,87.96505,6.3,1.25,
16,2021-11-01,2021,11,93.8091,7.65,0.95,
16,2021-12-01,2021,12,113.52725,8.76,0.73,
16,2022-01-01,2022,1,82.05171,9.15,0.54,7038144516.96
16,2022-02-01,2022,2,83.45097,10.49,1.01,7110181157.4800005
16,2022-03-01,2022,3,89.95974,11.15,1.62,7196293694.75
16,2022-04-01,2022,4,91.55658,11.65,1.06,7339092916.79
16,2022-05-01,2022,5,98.34304,12.51,0.47,7482630571.2
16,2022-06-01,2022,6,99.1682,12.89,0.67,7556313665.49
16,2022-07-01,2022,7,102.82256,13.15,-0.68,7667889414.8
16,2022-08-01,2022,8,105.33262,13.58,-0.36,7805408397.9
16,2022-09-01,2022,9,99.90289,13.65,-0.29,7951605124.61
16,2022-10-01,2022,10,113.27745,13.65,0.59,8107037884.21
16,2022-11-01,2022,11,108.63896,13.65,0.41,8265718297.33
16,2022-12-01,2022,12,125.49527,13.65,0.62,8337865636.67
16,2023-01-01,2023,1,92.22826,,0.53,8461990276.02
16,2023-02-01,2023,2,88.39224,,0.84,8514784494.03
16,2023-03-01,2023,3,97.65324,,0.71,8619950186.3
16,2023-04-01,2023,4,94.28474,,0.61,8765266591.539999
16,2023-05-01,2023,5,98.10222,,0.23,8817515964.52
16,2023-06-01,2023,6,96.70752,,-0.08,8832116223.65
16,2023-07-01,2023,7,100.73957,,0.12,8926934576.89
16,2023-08-01,2023,8,100.99438,,0.23,9055471669.48
16,2023-09-01,2023,9,97.94136,,0.26,9201754469.81
16,2023-10-01,2023,10,101.1761,,0.24,9319911707.369999
16,2023-11-01,2023,11,109.176,,0.28,9491690968.96
16,2023-12-01,2023,12,140.15596,,0.56,9599916033.49
16,2024-01-01,2024,1,105.95622,,0.42,
16,2024-02-01,2024,2,104.92035,,0.83,
16,2024-03-01,2024,3,113.07209,,0.16,
16,2024-04-01,2024,4,118.52698,,0.38,
16,2024-05-01,2024,5,130.02215,,0.46,
16,2024-06-01,2024,6,125.67343,,0.21,
16,2024-07-01,2024,7,130.32859,,0.38,
16,2024-08-01,2024,8,130.01697,,-0.02,
16,2024-09-01,2024,9,114.98524,,0.44,
16,2024-10-01,2024,10,124.25261,,0.56,
16,2024-11-01,2024,11,135.02784,,0.39,
16,2024-12-01,2024,12,146.9299,,0.52,
16,2025-01-01,2025,1,129.08061,,0.16,
16,2025-02-01,2025,2,123.89157,,1.31,
16,2025-03-01,2025,3,132.57479,,0.56,
16,2025-04-01,2025,4,135.98015,,0.43,
16,2025-05-01,2025,5,145.8825,,0.26,
16,2025-06-01,2025,6,136.80701,,0.24,
16,2025-07-01,2025,7,151.23448,,0.26,
16,2025-08-01,2025,8,140.24428,,-0.11,
16,2025-09-01,2025,9,133.83548,,0.48,
16,2025-10-01,2025,10,143.6008,,0.09,
16,2025-11-01,2025,11,150.31618,,0.18,
17,2007-12-01,2007,12,26.28049,,,
17,2008-01-01,2008,1,20.0476,,,
17,2008-02-01,2008,2,18.32658,,,
17,2008-03-01,2008,3,19.90806,,,
17,2008-04-01,2008,4,20.14063,,,
17,2008-05-01,2008,5,21.90816,,,
17,2008-06-01,2008,6,21.53605,,,
17,2008-07-01,2008,7,21.95468,,,
17,2008-08-01,2008,8,22.93148,,,
17,2008-09-01,2008,9,23.07102,,,
17,2008-10-01,2008,10,23.30359,,,
17,2008-11-01,2008,11,20.6988,,,
17,2008-12-01,2008,12,28.69923,,,
17,2009-01-01,2009,1,21.39651,,,
17,2009-02-01,2009,2,19.02429,,,
17,2009-03-01,2009,3,21.76862,,,
17,2009-04-01,2009,4,21.21045,,,
17,2009-05-01,2009,5,24.18736,,,
17,2009-06-01,2009,6,22.14074,,,
17,2009-07-01,2009,7,22.09422,,,
17,2009-08-01,2009,8,21.48954,,,
17,2009-09-01,2009,9,21.39651,,,
17,2009-10-01,2009,10,21.95468,,,
17,2009-11-01,2009,11,21.44302,,,
17,2009-12-01,2009,12,28.65272,,,
17,2010-01-01,2010,1,22.18725,,,
17,2010-02-01,2010,2,27.30381,,,
17,2010-03-01,2010,3,32.37385,,,
17,2010-04-01,2010,4,31.21099,,,
17,2010-05-01,2010,5,33.72276,,,
17,2010-06-01,2010,6,33.16459,,,
17,2010-07-01,2010,7,36.09498,,,
17,2010-08-01,2010,8,37.67646,,,
17,2010-09-01,2010,9,38.65326,,,
17,2010-10-01,2010,10,39.7696,,,
17,2010-11-01,2010,11,38.28115,,,
17,2010-12-01,2010,12,52.00282,,,
17,2011-01-01,2011,1,37.39738,,0.83,
17,2011-02-01,2011,2,36.88572,,0.8,
17,2011-03-01,2011,3,40.32777,,0.79,
17,2011-04-01,2011,4,43.49073,,0.77,
17,2011-05-01,2011,5,45.90947,,0.47,
17,2011-06-01,2011,6,44.60707,,0.15,
17,2011-07-01,2011,7,48.83986,,0.16,
17,2011-08-01,2011,8,49.305,,0.37,
17,2011-09-01,2011,9,46.79323,,0.53,
17,2011-10-01,2011,10,47.44443,,0.43,
17,2011-11-01,2011,11,47.86306,,0.52,
17,2011-12-01,2011,12,69.39911,,0.5,
17,2012-01-01,2012,1,47.3514,10.7,0.56,
17,2012-02-01,2012,2,45.81644,10.4,0.45,
17,2012-03-01,2012,3,50.6074,9.82,0.21,
17,2012-04-01,2012,4,49.305,9.35,0.64,
17,2012-05-01,2012,5,52.79356,8.87,0.36,
17,2012-06-01,2012,6,51.81676,8.39,0.08,
17,2012-07-01,2012,7,54.93321,8.07,0.43,
17,2012-08-01,2012,8,56.56121,7.85,0.41,
17,2012-09-01,2012,9,52.84007,7.39,0.57,
17,2012-10-01,2012,10,58.09617,7.23,0.59,
17,2012-11-01,2012,11,60.74748,7.14,0.6,
17,2012-12-01,2012,12,77.02743,7.16,0.79,
17,2013-01-01,2013,1,53.30522,7.11,0.86,
17,2013-02-01,2013,2,48.60729,7.12,0.6,
17,2013-03-01,2013,3,57.67755,7.15,0.47,
17,2013-04-01,2013,4,58.1892,7.26,0.55,
17,2013-05-01,2013,5,57.72406,7.42,0.37,
17,2013-06-01,2013,6,56.93332,7.9,0.26,
17,2013-07-01,2013,7,59.11948,8.23,0.03,
17,2013-08-01,2013,8,62.51502,8.45,0.24,
17,2013-09-01,2013,9,61.58473,8.9,0.35,
17,2013-10-01,2013,10,64.84073,9.25,0.57,
17,2013-11-01,2013,11,68.79443,9.45,0.54,
17,2013-12-01,2013,12,81.63233,9.9,0.92,
17,2014-01-01,2014,1,61.95685,10.17,0.55,
17,2014-02-01,2014,2,58.8404,10.43,0.69,
17,2014-03-01,2014,3,62.42199,10.65,0.92,
17,2014-04-01,2014,4,63.81741,10.87,0.67,
17,2014-05-01,2014,5,70.65499,10.9,0.46,
17,2014-06-01,2014,6,61.30565,10.9,0.4,
17,2014-07-01,2014,7,65.49192,10.9,0.01,
17,2014-08-01,2014,8,66.37569,10.9,0.25,
17,2014-09-01,2014,9,65.72449,10.9,0.57,
17,2014-10-01,2014,10,71.81785,10.92,0.42,
17,2014-11-01,2014,11,76.28321,11.15,0.51,
17,2014-12-01,2014,12,87.16752,11.58,0.78,
17,2015-01-01,2015,1,63.86393,11.82,1.24,
17,2015-02-01,2015,2,60.37537,12.15,1.22,
17,2015-03-01,2015,3,68.56186,12.58,1.32,
17,2015-04-01,2015,4,67.77112,12.68,0.71,
17,2015-05-01,2015,5,71.86436,13.15,0.74,
17,2015-06-01,2015,6,68.51534,13.58,0.79,
17,2015-07-01,2015,7,71.67831,13.69,0.62,
17,2015-08-01,2015,8,68.7014,14.15,0.22,
17,2015-09-01,2015,9,65.86404,14.15,0.54,
17,2015-10-01,2015,10,69.6782,14.15,0.82,
17,2015-11-01,2015,11,76.65532,14.15,1.01,
17,2015-12-01,2015,12,86.42329,14.15,0.96,
17,2016-01-01,2016,1,65.0733,14.15,1.27,
17,2016-02-01,2016,2,63.91044,14.15,0.9,
17,2016-03-01,2016,3,69.95728,14.15,0.43,
17,2016-04-01,2016,4,67.77112,14.15,0.61,
17,2016-05-01,2016,5,68.46883,14.15,0.78,
17,2016-06-01,2016,6,66.74781,14.15,0.35,
17,2016-07-01,2016,7,71.91088,14.15,0.52,
17,2016-08-01,2016,8,71.91088,14.15,0.44,
17,2016-09-01,2016,9,66.37569,14.15,0.08,
17,2016-10-01,2016,10,68.60837,14.05,0.26,
17,2016-11-01,2016,11,78.84148,13.9,0.18,
17,2016-12-01,2016,12,89.30717,13.65,0.3,
17,2017-01-01,2017,1,63.35104,13.17,0.38,
17,2017-02-01,2017,2,56.45585,12.82,0.33,
17,2017-03-01,2017,3,75.40117,12.15,0.25,
17,2017-04-01,2017,4,64.61763,11.59,0.14,
17,2017-05-01,2017,5,70.44277,11.15,0.31,
17,2017-06-01,2017,6,70.98354,10.15,-0.23,
17,2017-07-01,2017,7,70.22485,10.01,0.24,
17,2017-08-01,2017,8,75.73963,9.15,0.19,
17,2017-09-01,2017,9,73.26967,8.35,0.16,
17,2017-10-01,2017,10,77.02275,8.01,0.42,
17,2017-11-01,2017,11,82.46581,7.4,0.28,
17,2017-12-01,2017,12,90.79554,7.0,0.44,
17,2018-01-01,2018,1,65.62969,6.9,0.29,
17,2018-02-01,2018,2,69.43685,6.72,0.32,
17,2018-03-01,2018,3,81.58552,6.58,0.09,
17,2018-04-01,2018,4,75.70334,6.4,0.22,
17,2018-05-01,2018,5,78.01942,6.4,0.4,
17,2018-06-01,2018,6,77.89262,6.4,1.26,
17,2018-07-01,2018,7,80.61839,6.4,0.33,
17,2018-08-01,2018,8,82.14419,6.4,-0.09,
17,2018-09-01,2018,9,79.34165,6.4,0.48,
17,2018-10-01,2018,10,83.82442,6.4,0.45,
17,2018-11-01,2018,11,91.6516,6.4,-0.21,
17,2018-12-01,2018,12,94.50162,6.4,0.15,
17,2019-01-01,2019,1,64.38694,6.4,0.32,
17,2019-02-01,2019,2,76.22211,6.4,0.43,
17,2019-03-01,2019,3,87.31416,6.4,0.75,
17,2019-04-01,2019,4,85.47952,6.4,0.57,
17,2019-05-01,2019,5,91.54613,6.4,0.13,
17,2019-06-01,2019,6,84.51053,6.4,0.01,
17,2019-07-01,2019,7,89.24698,6.4,0.19,
17,2019-08-01,2019,8,91.04332,5.9,0.11,
17,2019-09-01,2019,9,89.24651,5.71,-0.04,
17,2019-10-01,2019,10,93.49454,5.38,0.1,
17,2019-11-01,2019,11,99.39018,4.9,0.51,
17,2019-12-01,2019,12,106.96476,4.59,1.15,
17,2020-01-01,2020,1,72.07782,4.4,0.21,
17,2020-02-01,2020,2,88.19913,4.19,0.25,
17,2020-03-01,2020,3,93.43245,3.95,0.07,
17,2020-04-01,2020,4,75.69609,3.65,-0.31,
17,2020-05-01,2020,5,85.17976,3.01,-0.38,
17,2020-06-01,2020,6,96.6214,2.58,0.26,
17,2020-07-01,2020,7,95.23023,2.15,0.36,
17,2020-08-01,2020,8,89.99798,1.94,0.24,
17,2020-09-01,2020,9,91.49937,1.9,0.64,
17,2020-10-01,2020,10,88.20803,1.9,0.86,
17,2020-11-01,2020,11,93.56765,1.9,0.89,
17,2020-12-01,2020,12,97.91432,1.9,1.35,
17,2021-01-01,2021,1,77.05022,1.9,0.25,
17,2021-02-01,2021,2,75.00772,1.9,0.86,
17,2021-03-01,2021,3,79.44893,2.23,0.93,
17,2021-04-01,2021,4,81.95126,2.65,0.31,
17,2021-05-01,2021,5,90.26444,3.29,0.83,
17,2021-06-01,2021,6,87.11637,3.76,0.53,
17,2021-07-01,2021,7,101.43423,4.15,0.96,
17,2021-08-01,2021,8,95.49464,5.01,0.87,
17,2021-09-01,2021,9,91.75188,5.43,1.16,
17,2021-10-01,2021,10,97.59387,6.3,1.25,
17,2021-11-01,2021,11,101.93348,7.65,0.95,
17,2021-12-01,2021,12,113.66532,8.76,0.73,
17,2022-01-01,2022,1,87.13834,9.15,0.54,19907720828.65
17,2022-02-01,2022,2,83.54629,10.49,1.01,20139339160.63
17,2022-03-01,2022,3,94.19109,11.15,1.62,20479777093.97
17,2022-04-01,2022,4,94.71263,11.65,1.06,20769048369.43
17,2022-05-01,2022,5,100.87434,12.51,0.47,21006472597.06
17,2022-06-01,2022,6,101.53328,12.89,0.67,21520518235.56
17,2022-07-01,2022,7,103.28852,13.15,-0.68,22144193656.42
17,2022-08-01,2022,8,102.85741,13.58,-0.36,22860337599.9
17,2022-09-01,2022,9,100.04399,13.65,-0.29,23457773721.7
17,2022-10-01,2022,10,101.2416,13.65,0.59,23993020733.24
17,2022-11-01,2022,11,109.35463,13.65,0.41,24523331764.34
17,2022-12-01,2022,12,121.21788,13.65,0.62,24985071206.51
17,2023-01-01,2023,1,104.10045,,0.53,26050486999.0
17,2023-02-01,2023,2,100.46752,,0.84,26421087490.45
17,2023-03-01,2023,3,112.16313,,0.71,26892815409.94
17,2023-04-01,2023,4,108.98188,,0.61,27016700100.39
17,2023-05-01,2023,5,119.09734,,0.23,27019674319.53
17,2023-06-01,2023,6,112.50093,,-0.08,27137919752.57
17,2023-07-01,2023,7,115.95936,,0.12,27598627753.579998
17,2023-08-01,2023,8,114.02102,,0.23,28227709994.12
17,2023-09-01,2023,9,110.92312,,0.26,28787354301.62
17,2023-10-01,2023,10,116.76605,,0.24,29463911646.03
17,2023-11-01,2023,11,120.58126,,0.28,30189940269.11
17,2023-12-01,2023,12,135.86881,,0.56,30770678510.1
17,2024-01-01,2024,1,112.76753,,0.42,
17,2024-02-01,2024,2,110.29828,,0.83,
17,2024-03-01,2024,3,121.54409,,0.16,
17,2024-04-01,2024,4,122.62463,,0.38,
17,2024-05-01,2024,5,133.0889,,0.46,
17,2024-06-01,2024,6,125.72073,,0.21,
17,2024-07-01,2024,7,142.66473,,0.38,
17,2024-08-01,2024,8,135.35683,,-0.02,
17,2024-09-01,2024,9,124.16177,,0.44,
17,2024-10-01,2024,10,131.70428,,0.56,
17,2024-11-01,2024,11,136.75295,,0.39,
17,2024-12-01,2024,12,148.12014,,0.52,
17,2025-01-01,2025,1,128.48567,,0.16,
17,2025-02-01,2025,2,121.63213,,1.31,
17,2025-03-01,2025,3,127.00871,,0.56,
17,2025-04-01,2025,4,130.46773,,0.43,
17,2025-05-01,2025,5,133.24455,,0.26,
17,2025-06-01,2025,6,123.6107,,0.24,
17,2025-07-01,2025,7,132.28175,,0.26,
17,2025-08-01,2025,8,130.04427,,-0.11,
17,2025-09-01,2025,9,128.65321,,0.48,
17,2025-10-01,2025,10,136.13207,,0.09,
17,2025-11-01,2025,11,136.12528,,0.18,
21,2007-12-01,2007,12,30.65208,,,
21,2008-01-01,2008,1,20.92417,,,
21,2008-02-01,2008,2,18.79505,,,
21,2008-03-01,2008,3,20.74063,,,
21,2008-04-01,2008,4,20.96088,,,
21,2008-05-01,2008,5,22.72292,,,
21,2008-06-01,2008,6,21.4381,,,
21,2008-07-01,2008,7,23.89761,,,
21,2008-08-01,2008,8,23.75077,,,
21,2008-09-01,2008,9,23.53052,,,
21,2008-10-01,2008,10,24.11786,,,
21,2008-11-01,2008,11,23.0533,,,
21,2008-12-01,2008,12,31.71664,,,
21,2009-01-01,2009,1,23.23684,,,
21,2009-02-01,2009,2,21.07101,,,
21,2009-03-01,2009,3,22.17228,,,
21,2009-04-01,2009,4,22.57608,,,
21,2009-05-01,2009,5,24.2647,,,
21,2009-06-01,2009,6,24.2647,,,
21,2009-07-01,2009,7,25.65964,,,
21,2009-08-01,2009,8,25.69635,,,
21,2009-09-01,2009,9,24.70521,,,
21,2009-10-01,2009,10,25.95332,,,
21,2009-11-01,2009,11,25.21913,,,
21,2009-12-01,2009,12,36.37869,,,
21,2010-01-01,2010,1,27.38497,,,
21,2010-02-01,2010,2,24.2647,,,
21,2010-03-01,2010,3,28.33941,,,
21,2010-04-01,2010,4,27.16471,,,
21,2010-05-01,2010,5,30.61537,,,
21,2010-06-01,2010,6,29.9546,,,
21,2010-07-01,2010,7,32.52424,,,
21,2010-08-01,2010,8,32.08373,,,
21,2010-09-01,2010,9,32.04702,,,
21,2010-10-01,2010,10,32.92804,,,
21,2010-11-01,2010,11,32.34069,,,
21,2010-12-01,2010,12,45.95976,,,
21,2011-01-01,2011,1,32.48753,,0.83,
21,2011-02-01,2011,2,31.38626,,0.8,
21,2011-03-01,2011,3,34.10273,,0.79,
21,2011-04-01,2011,4,34.72678,,0.77,
21,2011-05-01,2011,5,36.04831,,0.47,
21,2011-06-01,2011,6,33.55209,,0.15,
21,2011-07-01,2011,7,36.78249,,0.16,
21,2011-08-01,2011,8,38.32427,,0.37,
21,2011-09-01,2011,9,36.78249,,0.53,
21,2011-10-01,2011,10,35.09387,,0.43,
21,2011-11-01,2011,11,37.95718,,0.52,
21,2011-12-01,2011,12,53.22816,,0.5,
21,2012-01-01,2012,1,38.06731,10.7,0.56,
21,2012-02-01,2012,2,36.74578,10.4,0.45,
21,2012-03-01,2012,3,40.0496,9.82,0.21,
21,2012-04-01,2012,4,38.14073,9.35,0.64,
21,2012-05-01,2012,5,41.37113,8.87,0.36,
21,2012-06-01,2012,6,40.08631,8.39,0.08,
21,2012-07-01,2012,7,42.43569,8.07,0.43,
21,2012-08-01,2012,8,43.24329,7.85,0.41,
21,2012-09-01,2012,9,41.40784,7.39,0.57,
21,2012-10-01,2012,10,44.85849,7.23,0.59,
21,2012-11-01,2012,11,44.12431,7.14,0.6,
21,2012-12-01,2012,12,59.94592,7.16,0.79,
21,2013-01-01,2013,1,45.48254,7.11,0.86,
21,2013-02-01,2013,2,40.74707,7.12,0.6,
21,2013-03-01,2013,3,46.14331,7.15,0.47,
21,2013-04-01,2013,4,44.82178,7.26,0.55,
21,2013-05-01,2013,5,49.15345,7.42,0.37,
21,2013-06-01,2013,6,46.18002,7.9,0.26,
21,2013-07-01,2013,7,50.87878,8.23,0.03,
21,2013-08-01,2013,8,51.17245,8.45,0.24,
21,2013-09-01,2013,9,48.1256,8.9,0.35,
21,2013-10-01,2013,10,52.12689,9.25,0.57,
21,2013-11-01,2013,11,52.71423,9.45,0.54,
21,2013-12-01,2013,12,69.49028,9.9,0.92,
21,2014-01-01,2014,1,52.45727,10.17,0.55,
21,2014-02-01,2014,2,48.82307,10.43,0.69,
21,2014-03-01,2014,3,50.43827,10.65,0.92,
21,2014-04-01,2014,4,50.80536,10.87,0.67,
21,2014-05-01,2014,5,55.4307,10.9,0.46,
21,2014-06-01,2014,6,51.7965,10.9,0.4,
21,2014-07-01,2014,7,54.99019,10.9,0.01,
21,2014-08-01,2014,8,56.27501,10.9,0.25,
21,2014-09-01,2014,9,53.59525,10.9,0.57,
21,2014-10-01,2014,10,58.95477,10.92,0.42,
21,2014-11-01,2014,11,56.86236,11.15,0.51,
21,2014-12-01,2014,12,74.29917,11.58,0.78,
21,2015-01-01,2015,1,54.69652,11.82,1.24,
21,2015-02-01,2015,2,48.23572,12.15,1.22,
21,2015-03-01,2015,3,54.25601,12.58,1.32,
21,2015-04-01,2015,4,52.93448,12.68,0.71,
21,2015-05-01,2015,5,56.16488,13.15,0.74,
21,2015-06-01,2015,6,53.30158,13.58,0.79,
21,2015-07-01,2015,7,57.37628,13.69,0.62,
21,2015-08-01,2015,8,55.79779,14.15,0.22,
21,2015-09-01,2015,9,52.56739,14.15,0.54,
21,2015-10-01,2015,10,57.41299,14.15,0.82,
21,2015-11-01,2015,11,56.89906,14.15,1.01,
21,2015-12-01,2015,12,73.19789,14.15,0.96,
21,2016-01-01,2016,1,55.72437,14.15,1.27,
21,2016-02-01,2016,2,52.86107,14.15,0.9,
21,2016-03-01,2016,3,57.59654,14.15,0.43,
21,2016-04-01,2016,4,56.78894,14.15,0.61,
21,2016-05-01,2016,5,58.03705,14.15,0.78,
21,2016-06-01,2016,6,56.71552,14.15,0.35,
21,2016-07-01,2016,7,58.40414,14.15,0.52,
21,2016-08-01,2016,8,59.0649,14.15,0.44,
21,2016-09-01,2016,9,55.24716,14.15,0.08,
21,2016-10-01,2016,10,58.84465,14.05,0.26,
21,2016-11-01,2016,11,60.53326,13.9,0.18,
21,2016-12-01,2016,12,77.16247,13.65,0.3,
21,2017-01-01,2017,1,58.48651,13.17,0.38,
21,2017-02-01,2017,2,53.23012,12.82,0.33,
21,2017-03-01,2017,3,60.85052,12.15,0.25,
21,2017-04-01,2017,4,59.20159,11.59,0.14,
21,2017-05-01,2017,5,62.16925,11.15,0.31,
21,2017-06-01,2017,6,59.4278,10.15,-0.23,
21,2017-07-01,2017,7,61.8344,10.01,0.24,
21,2017-08-01,2017,8,63.72559,9.15,0.19,
21,2017-09-01,2017,9,59.94059,8.35,0.16,
21,2017-10-01,2017,10,61.0351,8.01,0.42,
21,2017-11-01,2017,11,64.53157,7.4,0.28,
21,2017-12-01,2017,12,79.41356,7.0,0.44,
21,2018-01-01,2018,1,65.96769,6.9,0.29,
21,2018-02-01,2018,2,57.80654,6.72,0.32,
21,2018-03-01,2018,3,63.27348,6.58,0.09,
21,2018-04-01,2018,4,59.36332,6.4,0.22,
21,2018-05-01,2018,5,64.23886,6.4,0.4,
21,2018-06-01,2018,6,64.69183,6.4,1.26,
21,2018-07-01,2018,7,65.80027,6.4,0.33,
21,2018-08-01,2018,8,69.85558,6.4,-0.09,
21,2018-09-01,2018,9,62.75999,6.4,0.48,
21,2018-10-01,2018,10,66.53865,6.4,0.45,
21,2018-11-01,2018,11,73.41978,6.4,-0.21,
21,2018-12-01,2018,12,83.9043,6.4,0.15,
21,2019-01-01,2019,1,66.05913,6.4,0.32,
21,2019-02-01,2019,2,61.15192,6.4,0.43,
21,2019-03-01,2019,3,65.24944,6.4,0.75,
21,2019-04-01,2019,4,65.09044,6.4,0.57,
21,2019-05-01,2019,5,69.41849,6.4,0.13,
21,2019-06-01,2019,6,64.90434,6.4,0.01,
21,2019-07-01,2019,7,68.01221,6.4,0.19,
21,2019-08-01,2019,8,73.60644,5.9,0.11,
21,2019-09-01,2019,9,64.04273,5.71,-0.04,
21,2019-10-01,2019,10,68.56146,5.38,0.1,
21,2019-11-01,2019,11,76.00198,4.9,0.51,
21,2019-12-01,2019,12,86.6692,4.59,1.15,
21,2020-01-01,2020,1,70.837,4.4,0.21,
21,2020-02-01,2020,2,66.15594,4.19,0.25,
21,2020-03-01,2020,3,64.80872,3.95,0.07,
21,2020-04-01,2020,4,56.18415,3.65,-0.31,
21,2020-05-01,2020,5,63.23228,3.01,-0.38,
21,2020-06-01,2020,6,76.79494,2.58,0.26,
21,2020-07-01,2020,7,85.53485,2.15,0.36,
21,2020-08-01,2020,8,95.07574,1.94,0.24,
21,2020-09-01,2020,9,83.18306,1.9,0.64,
21,2020-10-01,2020,10,87.31236,1.9,0.86,
21,2020-11-01,2020,11,95.28186,1.9,0.89,
21,2020-12-01,2020,12,103.14147,1.9,1.35,
21,2021-01-01,2021,1,79.55756,1.9,0.25,
21,2021-02-01,2021,2,73.39022,1.9,0.86,
21,2021-03-01,2021,3,79.51304,2.23,0.93,
21,2021-04-01,2021,4,79.85421,2.65,0.31,
21,2021-05-01,2021,5,86.32023,3.29,0.83,
21,2021-06-01,2021,6,85.54658,3.76,0.53,
21,2021-07-01,2021,7,90.52471,4.15,0.96,
21,2021-08-01,2021,8,95.71976,5.01,0.87,
21,2021-09-01,2021,9,83.40026,5.43,1.16,
21,2021-10-01,2021,10,87.82306,6.3,1.25,
21,2021-11-01,2021,11,95.08233,7.65,0.95,
21,2021-12-01,2021,12,110.00162,8.76,0.73,
21,2022-01-01,2022,1,85.80058,9.15,0.54,48782921939.96
21,2022-02-01,2022,2,84.26585,10.49,1.01,49331900370.17
21,2022-03-01,2022,3,92.94037,11.15,1.62,50024942013.53
21,2022-04-01,2022,4,95.58557,11.65,1.06,51017612682.1
21,2022-05-01,2022,5,100.82738,12.51,0.47,51886513999.99
21,2022-06-01,2022,6,100.04496,12.89,0.67,52697598109.42
21,2022-07-01,2022,7,100.63012,13.15,-0.68,53542878140.88
21,2022-08-01,2022,8,110.6934,13.58,-0.36,54749093573.12
21,2022-09-01,2022,9,97.25277,13.65,-0.29,55887121700.7
21,2022-10-01,2022,10,101.58209,13.65,0.59,57091954363.79
21,2022-11-01,2022,11,107.56099,13.65,0.41,58339728515.53
21,2022-12-01,2022,12,122.81593,13.65,0.62,59264864978.659996
21,2023-01-01,2023,1,103.594,,0.53,60129656087.2
21,2023-02-01,2023,2,97.59402,,0.84,60500460833.04
21,2023-03-01,2023,3,104.40496,,0.71,61187699255.06
21,2023-04-01,2023,4,103.78357,,0.61,61597105110.2
21,2023-05-01,2023,5,112.13741,,0.23,62166362778.43
21,2023-06-01,2023,6,106.24684,,-0.08,62145019653.63
21,2023-07-01,2023,7,106.93379,,0.12,62693281092.41
21,2023-08-01,2023,8,116.52082,,0.23,63554838817.76
21,2023-09-01,2023,9,106.02619,,0.26,64121371460.29
21,2023-10-01,2023,10,110.35047,,0.24,64993741977.23
21,2023-11-01,2023,11,118.19779,,0.28,66117505919.68
21,2023-12-01,2023,12,134.55182,,0.56,66817051299.57
21,2024-01-01,2024,1,109.31159,,0.42,
21,2024-02-01,2024,2,109.20603,,0.83,
21,2024-03-01,2024,3,114.43887,,0.16,
21,2024-04-01,2024,4,111.30665,,0.38,
21,2024-05-01,2024,5,126.97297,,0.46,
21,2024-06-01,2024,6,117.1683,,0.21,
21,2024-07-01,2024,7,119.69446,,0.38,
21,2024-08-01,2024,8,129.59754,,-0.02,
21,2024-09-01,2024,9,112.27106,,0.44,
21,2024-10-01,2024,10,121.36171,,0.56,
21,2024-11-01,2024,11,130.47082,,0.39,
21,2024-12-01,2024,12,138.24478,,0.52,
21,2025-01-01,2025,1,117.24629,,0.16,
21,2025-02-01,2025,2,120.70106,,1.31,
21,2025-03-01,2025,3,121.28336,,0.56,
21,2025-04-01,2025,4,123.33961,,0.43,
21,2025-05-01,2025,5,133.13085,,0.26,
21,2025-06-01,2025,6,124.03778,,0.24,
21,2025-07-01,2025,7,127.68542,,0.26,
21,2025-08-01,2025,8,141.71891,,-0.11,
21,2025-09-01,2025,9,119.97722,,0.48,
21,2025-10-01,2025,10,126.05431,,0.09,
21,2025-11-01,2025,11,135.94801,,0.18,
22,2007-12-01,2007,12,39.04125,,,
22,2008-01-01,2008,1,31.38436,,,
22,2008-02-01,2008,2,26.13138,,,
22,2008-03-01,2008,3,28.09012,,,
22,2008-04-01,2008,4,27.60043,,,
22,2008-05-01,2008,5,30.89468,,,
22,2008-06-01,2008,6,29.29207,,,
22,2008-07-01,2008,7,31.91856,,,
22,2008-08-01,2008,8,31.11726,,,
22,2008-09-01,2008,9,31.38436,,,
22,2008-10-01,2008,10,31.7405,,,
22,2008-11-01,2008,11,32.71987,,,
22,2008-12-01,2008,12,43.31487,,,
22,2009-01-01,2009,1,33.38762,,,
22,2009-02-01,2009,2,29.3811,,,
22,2009-03-01,2009,3,31.7405,,,
22,2009-04-01,2009,4,31.69598,,,
22,2009-05-01,2009,5,35.96959,,,
22,2009-06-01,2009,6,36.28121,,,
22,2009-07-01,2009,7,39.79804,,,
22,2009-08-01,2009,8,39.97611,,,
22,2009-09-01,2009,9,37.61672,,,
22,2009-10-01,2009,10,38.19544,,,
22,2009-11-01,2009,11,37.43865,,,
22,2009-12-01,2009,12,53.15309,,,
22,2010-01-01,2010,1,37.48317,,,
22,2010-02-01,2010,2,33.56569,,,
22,2010-03-01,2010,3,38.77415,,,
22,2010-04-01,2010,4,33.96634,,,
22,2010-05-01,2010,5,39.08577,,,
22,2010-06-01,2010,6,37.08251,,,
22,2010-07-01,2010,7,41.0,,,
22,2010-08-01,2010,8,40.64386,,,
22,2010-09-01,2010,9,41.08903,,,
22,2010-10-01,2010,10,39.75352,,,
22,2010-11-01,2010,11,40.33224,,,
22,2010-12-01,2010,12,59.42996,,,
22,2011-01-01,2011,1,42.24647,,0.83,
22,2011-02-01,2011,2,38.15092,,0.8,
22,2011-03-01,2011,3,41.0,,0.79,
22,2011-04-01,2011,4,40.64386,,0.77,
22,2011-05-01,2011,5,44.16069,,0.47,
22,2011-06-01,2011,6,43.00325,,0.15,
22,2011-07-01,2011,7,46.11943,,0.16,
22,2011-08-01,2011,8,45.7633,,0.37,
22,2011-09-01,2011,9,43.09229,,0.53,
22,2011-10-01,2011,10,42.55808,,0.43,
22,2011-11-01,2011,11,44.69489,,0.52,
22,2011-12-01,2011,12,62.85776,,0.5,
22,2012-01-01,2012,1,47.32138,10.7,0.56,
22,2012-02-01,2012,2,44.87296,10.4,0.45,
22,2012-03-01,2012,3,48.47882,9.82,0.21,
22,2012-04-01,2012,4,44.47231,9.35,0.64,
22,2012-05-01,2012,5,50.48208,8.87,0.36,
22,2012-06-01,2012,6,46.92073,8.39,0.08,
22,2012-07-01,2012,7,49.10206,8.07,0.43,
22,2012-08-01,2012,8,49.59174,7.85,0.41,
22,2012-09-01,2012,9,47.3659,7.39,0.57,
22,2012-10-01,2012,10,50.34853,7.23,0.59,
22,2012-11-01,2012,11,51.14983,7.14,0.6,
22,2012-12-01,2012,12,66.19652,7.16,0.79,
22,2013-01-01,2013,1,51.90662,7.11,0.86,
22,2013-02-01,2013,2,47.633,7.12,0.6,
22,2013-03-01,2013,3,54.31053,7.15,0.47,
22,2013-04-01,2013,4,50.83821,7.26,0.55,
22,2013-05-01,2013,5,55.64603,7.42,0.37,
22,2013-06-01,2013,6,52.88599,7.9,0.26,
22,2013-07-01,2013,7,59.02931,8.23,0.03,
22,2013-08-01,2013,8,57.82735,8.45,0.24,
22,2013-09-01,2013,9,53.99891,8.9,0.35,
22,2013-10-01,2013,10,55.64603,9.25,0.57,
22,2013-11-01,2013,11,56.6254,9.45,0.54,
22,2013-12-01,2013,12,74.43213,9.9,0.92,
22,2014-01-01,2014,1,58.62866,10.17,0.55,
22,2014-02-01,2014,2,53.42019,10.43,0.69,
22,2014-03-01,2014,3,56.31378,10.65,0.92,
22,2014-04-01,2014,4,56.6254,10.87,0.67,
22,2014-05-01,2014,5,62.36807,10.9,0.46,
22,2014-06-01,2014,6,55.60151,10.9,0.4,
22,2014-07-01,2014,7,59.47448,10.9,0.01,
22,2014-08-01,2014,8,60.27578,10.9,0.25,
22,2014-09-01,2014,9,58.98479,10.9,0.57,
22,2014-10-01,2014,10,62.94679,10.92,0.42,
22,2014-11-01,2014,11,62.05645,11.15,0.51,
22,2014-12-01,2014,12,78.92833,11.58,0.78,
22,2015-01-01,2015,1,63.48099,11.82,1.24,
22,2015-02-01,2015,2,54.57763,12.15,1.22,
22,2015-03-01,2015,3,59.91965,12.58,1.32,
22,2015-04-01,2015,4,57.82735,12.68,0.71,
22,2015-05-01,2015,5,61.07708,13.15,0.74,
22,2015-06-01,2015,6,58.62866,13.58,0.79,
22,2015-07-01,2015,7,63.03582,13.69,0.62,
22,2015-08-01,2015,8,61.07708,14.15,0.22,
22,2015-09-01,2015,9,59.20738,14.15,0.54,
22,2015-10-01,2015,10,63.48099,14.15,0.82,
22,2015-11-01,2015,11,62.85776,14.15,1.01,
22,2015-12-01,2015,12,79.77415,14.15,0.96,
22,2016-01-01,2016,1,63.57002,14.15,1.27,
22,2016-02-01,2016,2,58.18349,14.15,0.9,
22,2016-03-01,2016,3,62.85776,14.15,0.43,
22,2016-04-01,2016,4,62.10097,14.15,0.61,
22,2016-05-01,2016,5,63.03582,14.15,0.78,
22,2016-06-01,2016,6,60.80998,14.15,0.35,
22,2016-07-01,2016,7,63.70358,14.15,0.52,
22,2016-08-01,2016,8,62.67969,14.15,0.44,
22,2016-09-01,2016,9,61.07708,14.15,0.08,
22,2016-10-01,2016,10,61.87839,14.05,0.26,
22,2016-11-01,2016,11,64.63843,13.9,0.18,
22,2016-12-01,2016,12,80.1748,13.65,0.3,
22,2017-01-01,2017,1,62.69302,13.17,0.38,
22,2017-02-01,2017,2,55.40245,12.82,0.33,
22,2017-03-01,2017,3,61.48769,12.15,0.25,
22,2017-04-01,2017,4,60.02611,11.59,0.14,
22,2017-05-01,2017,5,65.14282,11.15,0.31,
22,2017-06-01,2017,6,60.35129,10.15,-0.23,
22,2017-07-01,2017,7,65.51263,10.01,0.24,
22,2017-08-01,2017,8,66.99294,9.15,0.19,
22,2017-09-01,2017,9,64.64447,8.35,0.16,
22,2017-10-01,2017,10,63.65666,8.01,0.42,
22,2017-11-01,2017,11,69.44281,7.4,0.28,
22,2017-12-01,2017,12,81.62494,7.0,0.44,
22,2018-01-01,2018,1,67.73986,6.9,0.29,
22,2018-02-01,2018,2,58.65664,6.72,0.32,
22,2018-03-01,2018,3,63.24021,6.58,0.09,
22,2018-04-01,2018,4,60.27848,6.4,0.22,
22,2018-05-01,2018,5,67.21546,6.4,0.4,
22,2018-06-01,2018,6,64.10783,6.4,1.26,
22,2018-07-01,2018,7,66.08849,6.4,0.33,
22,2018-08-01,2018,8,66.99841,6.4,-0.09,
22,2018-09-01,2018,9,62.62596,6.4,0.48,
22,2018-10-01,2018,10,63.61786,6.4,0.45,
22,2018-11-01,2018,11,69.6464,6.4,-0.21,
22,2018-12-01,2018,12,79.42271,6.4,0.15,
22,2019-01-01,2019,1,64.74213,6.4,0.32,
22,2019-02-01,2019,2,56.93057,6.4,0.43,
22,2019-03-01,2019,3,61.22906,6.4,0.75,
22,2019-04-01,2019,4,60.48682,6.4,0.57,
22,2019-05-01,2019,5,65.62079,6.4,0.13,
22,2019-06-01,2019,6,52.8618,6.4,0.01,
22,2019-07-01,2019,7,57.25815,6.4,0.19,
22,2019-08-01,2019,8,65.76878,5.9,0.11,
22,2019-09-01,2019,9,62.94293,5.71,-0.04,
22,2019-10-01,2019,10,65.35643,5.38,0.1,
22,2019-11-01,2019,11,71.6058,4.9,0.51,
22,2019-12-01,2019,12,83.15376,4.59,1.15,
22,2020-01-01,2020,1,67.31739,4.4,0.21,
22,2020-02-01,2020,2,62.98799,4.19,0.25,
22,2020-03-01,2020,3,60.86452,3.95,0.07,
22,2020-04-01,2020,4,48.7719,3.65,-0.31,
22,2020-05-01,2020,5,54.41296,3.01,-0.38,
22,2020-06-01,2020,6,63.87278,2.58,0.26,
22,2020-07-01,2020,7,66.75546,2.15,0.36,
22,2020-08-01,2020,8,77.84692,1.94,0.24,
22,2020-09-01,2020,9,80.75873,1.9,0.64,
22,2020-10-01,2020,10,84.5226,1.9,0.86,
22,2020-11-01,2020,11,87.95867,1.9,0.89,
22,2020-12-01,2020,12,101.56451,1.9,1.35,
22,2021-01-01,2021,1,76.90051,1.9,0.25,
22,2021-02-01,2021,2,78.71214,1.9,0.86,
22,2021-03-01,2021,3,77.73386,2.23,0.93,
22,2021-04-01,2021,4,74.91133,2.65,0.31,
22,2021-05-01,2021,5,86.20366,3.29,0.83,
22,2021-06-01,2021,6,85.57261,3.76,0.53,
22,2021-07-01,2021,7,93.81899,4.15,0.96,
22,2021-08-01,2021,8,92.89871,5.01,0.87,
22,2021-09-01,2021,9,88.60088,5.43,1.16,
22,2021-10-01,2021,10,92.02506,6.3,1.25,
22,2021-11-01,2021,11,95.69343,7.65,0.95,
22,2021-12-01,2021,12,111.57484,8.76,0.73,
22,2022-01-01,2022,1,88.25983,9.15,0.54,23587208286.6
22,2022-02-01,2022,2,83.1046,10.49,1.01,23793413856.81
22,2022-03-01,2022,3,92.97182,11.15,1.62,24060030872.76
22,2022-04-01,2022,4,96.18286,11.65,1.06,24496970562.2
22,2022-05-01,2022,5,103.33638,12.51,0.47,24842717995.829998
22,2022-06-01,2022,6,102.74786,12.89,0.67,25078946528.08
22,2022-07-01,2022,7,103.4173,13.15,-0.68,25351194376.35
22,2022-08-01,2022,8,105.51671,13.58,-0.36,25667516930.45
22,2022-09-01,2022,9,98.4332,13.65,-0.29,26001113582.69
22,2022-10-01,2022,10,100.50431,13.65,0.59,26415355241.68
22,2022-11-01,2022,11,107.63135,13.65,0.41,26909491385.98
22,2022-12-01,2022,12,117.89379,13.65,0.62,27197861563.09
22,2023-01-01,2023,1,99.83707,,0.53,27619665400.59
22,2023-02-01,2023,2,88.78915,,0.84,27713951094.99
22,2023-03-01,2023,3,100.45158,,0.71,28063404772.91
22,2023-04-01,2023,4,96.88517,,0.61,28233326370.4
22,2023-05-01,2023,5,101.23172,,0.23,28520809854.85
22,2023-06-01,2023,6,98.9031,,-0.08,28522953217.68
22,2023-07-01,2023,7,103.11034,,0.12,28721823193.27
22,2023-08-01,2023,8,105.23372,,0.23,29074706622.3
22,2023-09-01,2023,9,99.69501,,0.26,29286431377.23
22,2023-10-01,2023,10,101.57811,,0.24,29567705338.41
22,2023-11-01,2023,11,107.30185,,0.28,29992317335.44
22,2023-12-01,2023,12,123.41213,,0.56,30227624388.44
22,2024-01-01,2024,1,105.16676,,0.42,
22,2024-02-01,2024,2,97.87095,,0.83,
22,2024-03-01,2024,3,102.50283,,0.16,
22,2024-04-01,2024,4,107.24225,,0.38,
22,2024-05-01,2024,5,113.95533,,0.46,
22,2024-06-01,2024,6,109.49949,,0.21,
22,2024-07-01,2024,7,114.67895,,0.38,
22,2024-08-01,2024,8,116.19561,,-0.02,
22,2024-09-01,2024,9,111.32287,,0.44,
22,2024-10-01,2024,10,116.60993,,0.56,
22,2024-11-01,2024,11,121.31424,,0.39,
22,2024-12-01,2024,12,133.75998,,0.52,
22,2025-01-01,2025,1,113.04079,,0.16,
22,2025-02-01,2025,2,105.72497,,1.31,
22,2025-03-01,2025,3,114.08798,,0.56,
22,2025-04-01,2025,4,117.57868,,0.43,
22,2025-05-01,2025,5,123.45316,,0.26,
22,2025-06-01,2025,6,112.36836,,0.24,
22,2025-07-01,2025,7,117.77398,,0.26,
22,2025-08-01,2025,8,116.76093,,-0.11,
22,2025-09-01,2025,9,110.48409,,0.48,
22,2025-10-01,2025,10,116.73064,,0.09,
22,2025-11-01,2025,11,122.49226,,0.18,
23,2007-12-01,2007,12,41.96298,,,
23,2008-01-01,2008,1,31.21213,,,
23,2008-02-01,2008,2,26.40646,,,
23,2008-03-01,2008,3,28.88361,,,
23,2008-04-01,2008,4,29.08178,,,
23,2008-05-01,2008,5,32.50025,,,
23,2008-06-01,2008,6,30.56807,,,
23,2008-07-01,2008,7,32.94614,,,
23,2008-08-01,2008,8,33.34249,,,
23,2008-09-01,2008,9,32.59934,,,
23,2008-10-01,2008,10,33.63974,,,
23,2008-11-01,2008,11,34.13517,,,
23,2008-12-01,2008,12,46.86774,,,
23,2009-01-01,2009,1,33.88746,,,
23,2009-02-01,2009,2,29.92401,,,
23,2009-03-01,2009,3,32.8966,,,
23,2009-04-01,2009,4,32.99568,,,
23,2009-05-01,2009,5,37.40502,,,
23,2009-06-01,2009,6,35.17558,,,
23,2009-07-01,2009,7,37.55365,,,
23,2009-08-01,2009,8,37.30593,,,
23,2009-09-01,2009,9,36.1169,,,
23,2009-10-01,2009,10,39.78308,,,
23,2009-11-01,2009,11,38.44542,,,
23,2009-12-01,2009,12,55.14144,,,
23,2010-01-01,2010,1,39.684,,,
23,2010-02-01,2010,2,36.26553,,,
23,2010-03-01,2010,3,40.87303,,,
23,2010-04-01,2010,4,39.88217,,,
23,2010-05-01,2010,5,43.10247,,,
23,2010-06-01,2010,6,41.02166,,,
23,2010-07-01,2010,7,44.24196,,,
23,2010-08-01,2010,8,44.04379,,,
23,2010-09-01,2010,9,42.95384,,,
23,2010-10-01,2010,10,45.23282,,,
23,2010-11-01,2010,11,47.41272,,,
23,2010-12-01,2010,12,65.00051,,,
23,2011-01-01,2011,1,46.71911,,0.83,
23,2011-02-01,2011,2,42.75567,,0.8,
23,2011-03-01,2011,3,46.4714,,0.79,
23,2011-04-01,2011,4,45.82734,,0.77,
23,2011-05-01,2011,5,48.00723,,0.47,
23,2011-06-01,2011,6,47.11546,,0.15,
23,2011-07-01,2011,7,50.18713,,0.16,
23,2011-08-01,2011,8,49.84033,,0.37,
23,2011-09-01,2011,9,47.80906,,0.53,
23,2011-10-01,2011,10,50.0385,,0.43,
23,2011-11-01,2011,11,50.13759,,0.52,
23,2011-12-01,2011,12,69.65756,,0.5,
23,2012-01-01,2012,1,50.0385,10.7,0.56,
23,2012-02-01,2012,2,48.50266,10.4,0.45,
23,2012-03-01,2012,3,51.67342,9.82,0.21,
23,2012-04-01,2012,4,50.97982,9.35,0.64,
23,2012-05-01,2012,5,54.34875,8.87,0.36,
23,2012-06-01,2012,6,53.70469,8.39,0.08,
23,2012-07-01,2012,7,57.27179,8.07,0.43,
23,2012-08-01,2012,8,58.26265,7.85,0.41,
23,2012-09-01,2012,9,56.23138,7.39,0.57,
23,2012-10-01,2012,10,59.84803,7.23,0.59,
23,2012-11-01,2012,11,59.74894,7.14,0.6,
23,2012-12-01,2012,12,76.74221,7.16,0.79,
23,2013-01-01,2013,1,59.40214,7.11,0.86,
23,2013-02-01,2013,2,52.61474,7.12,0.6,
23,2013-03-01,2013,3,59.94711,7.15,0.47,
23,2013-04-01,2013,4,58.85717,7.26,0.55,
23,2013-05-01,2013,5,62.67198,7.42,0.37,
23,2013-06-01,2013,6,59.0058,7.9,0.26,
23,2013-07-01,2013,7,64.25736,8.23,0.03,
23,2013-08-01,2013,8,65.00051,8.45,0.24,
23,2013-09-01,2013,9,62.02792,8.9,0.35,
23,2013-10-01,2013,10,65.24822,9.25,0.57,
23,2013-11-01,2013,11,66.88314,9.45,0.54,
23,2013-12-01,2013,12,85.26362,9.9,0.92,
23,2014-01-01,2014,1,68.12172,10.17,0.55,
23,2014-02-01,2014,2,62.37472,10.43,0.69,
23,2014-03-01,2014,3,65.24822,10.65,0.92,
23,2014-04-01,2014,4,67.37857,10.87,0.67,
23,2014-05-01,2014,5,72.38242,10.9,0.46,
23,2014-06-01,2014,6,66.8336,10.9,0.4,
23,2014-07-01,2014,7,69.7071,10.9,0.01,
23,2014-08-01,2014,8,69.55847,10.9,0.25,
23,2014-09-01,2014,9,68.27035,10.9,0.57,
23,2014-10-01,2014,10,71.19339,10.92,0.42,
23,2014-11-01,2014,11,73.72009,11.15,0.51,
23,2014-12-01,2014,12,91.40696,11.58,0.78,
23,2015-01-01,2015,1,73.07603,11.82,1.24,
23,2015-02-01,2015,2,62.82061,12.15,1.22,
23,2015-03-01,2015,3,69.65756,12.58,1.32,
23,2015-04-01,2015,4,68.56761,12.68,0.71,
23,2015-05-01,2015,5,73.2742,13.15,0.74,
23,2015-06-01,2015,6,68.27035,13.58,0.79,
23,2015-07-01,2015,7,72.18425,13.69,0.62,
23,2015-08-01,2015,8,70.84659,14.15,0.22,
23,2015-09-01,2015,9,68.17126,14.15,0.54,
23,2015-10-01,2015,10,74.36415,14.15,0.82,
23,2015-11-01,2015,11,74.95866,14.15,1.01,
23,2015-12-01,2015,12,94.72635,14.15,0.96,
23,2016-01-01,2016,1,74.11643,14.15,1.27,
23,2016-02-01,2016,2,68.71624,14.15,0.9,
23,2016-03-01,2016,3,75.00821,14.15,0.43,
23,2016-04-01,2016,4,73.47237,14.15,0.61,
23,2016-05-01,2016,5,73.91826,14.15,0.78,
23,2016-06-01,2016,6,72.33288,14.15,0.35,
23,2016-07-01,2016,7,76.89084,14.15,0.52,
23,2016-08-01,2016,8,75.25592,14.15,0.44,
23,2016-09-01,2016,9,72.28334,14.15,0.08,
23,2016-10-01,2016,10,76.04861,14.05,0.26,
23,2016-11-01,2016,11,79.0212,13.9,0.18,
23,2016-12-01,2016,12,97.15396,13.65,0.3,
23,2017-01-01,2017,1,75.48131,13.17,0.38,
23,2017-02-01,2017,2,65.77936,12.82,0.33,
23,2017-03-01,2017,3,72.52078,12.15,0.25,
23,2017-04-01,2017,4,70.03243,11.59,0.14,
23,2017-05-01,2017,5,75.68412,11.15,0.31,
23,2017-06-01,2017,6,72.83663,10.15,-0.23,
23,2017-07-01,2017,7,76.06694,10.01,0.24,
23,2017-08-01,2017,8,74.96118,9.15,0.19,
23,2017-09-01,2017,9,74.11284,8.35,0.16,
23,2017-10-01,2017,10,75.00761,8.01,0.42,
23,2017-11-01,2017,11,80.54201,7.4,0.28,
23,2017-12-01,2017,12,97.68371,7.0,0.44,
23,2018-01-01,2018,1,76.99675,6.9,0.29,
23,2018-02-01,2018,2,67.05465,6.72,0.32,
23,2018-03-01,2018,3,76.77504,6.58,0.09,
23,2018-04-01,2018,4,72.92773,6.4,0.22,
23,2018-05-01,2018,5,78.45795,6.4,0.4,
23,2018-06-01,2018,6,76.69742,6.4,1.26,
23,2018-07-01,2018,7,78.4208,6.4,0.33,
23,2018-08-01,2018,8,78.48121,6.4,-0.09,
23,2018-09-01,2018,9,75.34587,6.4,0.48,
23,2018-10-01,2018,10,77.77607,6.4,0.45,
23,2018-11-01,2018,11,84.55235,6.4,-0.21,
23,2018-12-01,2018,12,98.37692,6.4,0.15,
23,2019-01-01,2019,1,77.50442,6.4,0.32,
23,2019-02-01,2019,2,70.30326,6.4,0.43,
23,2019-03-01,2019,3,75.65454,6.4,0.75,
23,2019-04-01,2019,4,76.59465,6.4,0.57,
23,2019-05-01,2019,5,82.35764,6.4,0.13,
23,2019-06-01,2019,6,76.63716,6.4,0.01,
23,2019-07-01,2019,7,79.45767,6.4,0.19,
23,2019-08-01,2019,8,78.48125,5.9,0.11,
23,2019-09-01,2019,9,75.88849,5.71,-0.04,
23,2019-10-01,2019,10,81.00047,5.38,0.1,
23,2019-11-01,2019,11,84.63371,4.9,0.51,
23,2019-12-01,2019,12,99.01632,4.59,1.15,
23,2020-01-01,2020,1,79.12643,4.4,0.21,
23,2020-02-01,2020,2,70.60779,4.19,0.25,
23,2020-03-01,2020,3,66.94106,3.95,0.07,
23,2020-04-01,2020,4,53.53076,3.65,-0.31,
23,2020-05-01,2020,5,60.98875,3.01,-0.38,
23,2020-06-01,2020,6,72.33787,2.58,0.26,
23,2020-07-01,2020,7,83.12187,2.15,0.36,
23,2020-08-01,2020,8,86.92341,1.94,0.24,
23,2020-09-01,2020,9,83.1135,1.9,0.64,
23,2020-10-01,2020,10,88.75537,1.9,0.86,
23,2020-11-01,2020,11,93.60836,1.9,0.89,
23,2020-12-01,2020,12,109.28391,1.9,1.35,
23,2021-01-01,2021,1,81.3545,1.9,0.25,
23,2021-02-01,2021,2,72.81465,1.9,0.86,
23,2021-03-01,2021,3,69.2606,2.23,0.93,
23,2021-04-01,2021,4,72.53268,2.65,0.31,
23,2021-05-01,2021,5,85.10245,3.29,0.83,
23,2021-06-01,2021,6,84.04306,3.76,0.53,
23,2021-07-01,2021,7,88.81012,4.15,0.96,
23,2021-08-01,2021,8,88.55375,5.01,0.87,
23,2021-09-01,2021,9,85.38938,5.43,1.16,
23,2021-10-01,2021,10,91.25118,6.3,1.25,
23,2021-11-01,2021,11,99.5731,7.65,0.95,
23,2021-12-01,2021,12,113.71337,8.76,0.73,
23,2022-01-01,2022,1,88.61621,9.15,0.54,64867447112.38
23,2022-02-01,2022,2,83.21829,10.49,1.01,65447524933.95
23,2022-03-01,2022,3,91.84821,11.15,1.62,66381355108.82
23,2022-04-01,2022,4,97.34683,11.65,1.06,67667268633.21
23,2022-05-01,2022,5,103.69559,12.51,0.47,69062942553.84
23,2022-06-01,2022,6,99.648,12.89,0.67,70121308518.85
23,2022-07-01,2022,7,102.74933,13.15,-0.68,71218304243.77
23,2022-08-01,2022,8,101.71329,13.58,-0.36,72296783693.48
23,2022-09-01,2022,9,95.62952,13.65,-0.29,73294208300.71
23,2022-10-01,2022,10,101.05405,13.65,0.59,74522511418.71
23,2022-11-01,2022,11,108.11021,13.65,0.41,75985647223.88
23,2022-12-01,2022,12,126.37048,13.65,0.62,76663717477.56
23,2023-01-01,2023,1,105.04905,,0.53,77847678642.6
23,2023-02-01,2023,2,94.31775,,0.84,77928813774.99
23,2023-03-01,2023,3,105.66474,,0.71,78678394615.08
23,2023-04-01,2023,4,105.00774,,0.61,78995946315.01
23,2023-05-01,2023,5,111.62515,,0.23,79872658026.49
23,2023-06-01,2023,6,109.65263,,-0.08,79572113820.24
23,2023-07-01,2023,7,116.72017,,0.12,80407081893.86
23,2023-08-01,2023,8,112.29011,,0.23,81148383316.23
23,2023-09-01,2023,9,111.21215,,0.26,81790552217.05
23,2023-10-01,2023,10,113.40118,,0.24,82643712988.01
23,2023-11-01,2023,11,120.62681,,0.28,83714831994.46
23,2023-12-01,2023,12,139.63611,,0.56,84152228436.74
23,2024-01-01,2024,1,115.52159,,0.42,
23,2024-02-01,2024,2,106.288,,0.83,
23,2024-03-01,2024,3,117.53249,,0.16,
23,2024-04-01,2024,4,116.01382,,0.38,
23,2024-05-01,2024,5,128.93066,,0.46,
23,2024-06-01,2024,6,121.86795,,0.21,
23,2024-07-01,2024,7,127.53069,,0.38,
23,2024-08-01,2024,8,127.17986,,-0.02,
23,2024-09-01,2024,9,119.36449,,0.44,
23,2024-10-01,2024,10,129.02474,,0.56,
23,2024-11-01,2024,11,137.68053,,0.39,
23,2024-12-01,2024,12,152.78035,,0.52,
23,2025-01-01,2025,1,125.91674,,0.16,
23,2025-02-01,2025,2,117.61142,,1.31,
23,2025-03-01,2025,3,126.39046,,0.56,
23,2025-04-01,2025,4,128.49354,,0.43,
23,2025-05-01,2025,5,139.09993,,0.26,
23,2025-06-01,2025,6,129.98634,,0.24,
23,2025-07-01,2025,7,136.77044,,0.26,
23,2025-08-01,2025,8,136.77273,,-0.11,
23,2025-09-01,2025,9,131.00916,,0.48,
23,2025-10-01,2025,10,139.56594,,0.09,
23,2025-11-01,2025,11,149.25025,,0.18,
24,2007-12-01,2007,12,41.33784,,,
24,2008-01-01,2008,1,30.57278,,,
24,2008-02-01,2008,2,27.5155,,,
24,2008-03-01,2008,3,30.57278,,,
24,2008-04-01,2008,4,29.45321,,,
24,2008-05-01,2008,5,32.166,,,
24,2008-06-01,2008,6,30.70196,,,
24,2008-07-01,2008,7,32.12294,,,
24,2008-08-01,2008,8,32.89803,,,
24,2008-09-01,2008,9,31.39092,,,
24,2008-10-01,2008,10,32.94109,,,
24,2008-11-01,2008,11,32.63967,,,
24,2008-12-01,2008,12,44.78266,,,
24,2009-01-01,2009,1,32.94109,,,
24,2009-02-01,2009,2,29.23791,,,
24,2009-03-01,2009,3,31.86458,,,
24,2009-04-01,2009,4,31.90764,,,
24,2009-05-01,2009,5,34.49126,,,
24,2009-06-01,2009,6,32.76885,,,
24,2009-07-01,2009,7,34.57738,,,
24,2009-08-01,2009,8,35.13716,,,
24,2009-09-01,2009,9,33.75923,,,
24,2009-10-01,2009,10,35.86919,,,
24,2009-11-01,2009,11,35.05104,,,
24,2009-12-01,2009,12,49.64846,,,
24,2010-01-01,2010,1,36.38591,,,
24,2010-02-01,2010,2,32.98415,,,
24,2010-03-01,2010,3,38.32362,,,
24,2010-04-01,2010,4,35.78307,,,
24,2010-05-01,2010,5,38.53892,,,
24,2010-06-01,2010,6,36.42897,,,
24,2010-07-01,2010,7,39.18482,,,
24,2010-08-01,2010,8,38.96952,,,
24,2010-09-01,2010,9,37.8069,,,
24,2010-10-01,2010,10,41.03642,,,
24,2010-11-01,2010,11,39.14176,,,
24,2010-12-01,2010,12,55.76302,,,
24,2011-01-01,2011,1,41.51008,,0.83,
24,2011-02-01,2011,2,38.62504,,0.8,
24,2011-03-01,2011,3,40.26133,,0.79,
24,2011-04-01,2011,4,41.42396,,0.77,
24,2011-05-01,2011,5,41.51008,,0.47,
24,2011-06-01,2011,6,40.30439,,0.15,
24,2011-07-01,2011,7,43.14637,,0.16,
24,2011-08-01,2011,8,42.97413,,0.37,
24,2011-09-01,2011,9,40.82111,,0.53,
24,2011-10-01,2011,10,42.58658,,0.43,
24,2011-11-01,2011,11,43.01719,,0.52,
24,2011-12-01,2011,12,60.58577,,0.5,
24,2012-01-01,2012,1,41.51008,10.7,0.56,
24,2012-02-01,2012,2,41.8115,10.4,0.45,
24,2012-03-01,2012,3,45.08408,9.82,0.21,
24,2012-04-01,2012,4,42.37128,9.35,0.64,
24,2012-05-01,2012,5,46.11752,8.87,0.36,
24,2012-06-01,2012,6,45.98834,8.39,0.08,
24,2012-07-01,2012,7,47.15097,8.07,0.43,
24,2012-08-01,2012,8,48.65808,7.85,0.41,
24,2012-09-01,2012,9,47.88299,7.39,0.57,
24,2012-10-01,2012,10,48.91644,7.23,0.59,
24,2012-11-01,2012,11,50.76803,7.14,0.6,
24,2012-12-01,2012,12,66.35584,7.16,0.79,
24,2013-01-01,2013,1,50.98333,7.11,0.86,
24,2013-02-01,2013,2,47.75381,7.12,0.6,
24,2013-03-01,2013,3,54.60039,7.15,0.47,
24,2013-04-01,2013,4,51.84454,7.26,0.55,
24,2013-05-01,2013,5,56.02138,7.42,0.37,
24,2013-06-01,2013,6,52.79186,7.9,0.26,
24,2013-07-01,2013,7,57.14095,8.23,0.03,
24,2013-08-01,2013,8,58.73418,8.45,0.24,
24,2013-09-01,2013,9,55.16018,8.9,0.35,
24,2013-10-01,2013,10,57.09789,9.25,0.57,
24,2013-11-01,2013,11,57.78685,9.45,0.54,
24,2013-12-01,2013,12,74.62341,9.9,0.92,
24,2014-01-01,2014,1,57.70073,10.17,0.55,
24,2014-02-01,2014,2,54.29897,10.43,0.69,
24,2014-03-01,2014,3,56.15056,10.65,0.92,
24,2014-04-01,2014,4,57.27013,10.87,0.67,
24,2014-05-01,2014,5,62.26512,10.9,0.46,
24,2014-06-01,2014,6,57.09789,10.9,0.4,
24,2014-07-01,2014,7,60.58577,10.9,0.01,
24,2014-08-01,2014,8,61.87758,10.9,0.25,
24,2014-09-01,2014,9,59.55232,10.9,0.57,
24,2014-10-01,2014,10,62.09288,10.92,0.42,
24,2014-11-01,2014,11,64.84873,11.15,0.51,
24,2014-12-01,2014,12,80.2643,11.58,0.78,
24,2015-01-01,2015,1,62.52348,11.82,1.24,
24,2015-02-01,2015,2,56.83953,12.15,1.22,
24,2015-03-01,2015,3,62.00676,12.58,1.32,
24,2015-04-01,2015,4,59.93986,12.68,0.71,
24,2015-05-01,2015,5,63.59998,13.15,0.74,
24,2015-06-01,2015,6,60.24129,13.58,0.79,
24,2015-07-01,2015,7,63.38468,13.69,0.62,
24,2015-08-01,2015,8,62.65266,14.15,0.22,
24,2015-09-01,2015,9,59.63844,14.15,0.54,
24,2015-10-01,2015,10,64.28895,14.15,0.82,
24,2015-11-01,2015,11,65.27933,14.15,1.01,
24,2015-12-01,2015,12,81.21163,14.15,0.96,
24,2016-01-01,2016,1,63.55692,14.15,1.27,
24,2016-02-01,2016,2,58.99254,14.15,0.9,
24,2016-03-01,2016,3,64.11671,14.15,0.43,
24,2016-04-01,2016,4,62.65266,14.15,0.61,
24,2016-05-01,2016,5,63.68611,14.15,0.78,
24,2016-06-01,2016,6,61.61921,14.15,0.35,
24,2016-07-01,2016,7,65.49464,14.15,0.52,
24,2016-08-01,2016,8,64.15977,14.15,0.44,
24,2016-09-01,2016,9,62.86796,14.15,0.08,
24,2016-10-01,2016,10,65.10709,14.05,0.26,
24,2016-11-01,2016,11,67.99213,13.9,0.18,
24,2016-12-01,2016,12,82.76179,13.65,0.3,
24,2017-01-01,2017,1,66.89754,13.17,0.38,
24,2017-02-01,2017,2,60.02677,12.82,0.33,
24,2017-03-01,2017,3,66.47969,12.15,0.25,
24,2017-04-01,2017,4,63.64483,11.59,0.14,
24,2017-05-01,2017,5,65.90352,11.15,0.31,
24,2017-06-01,2017,6,64.57084,10.15,-0.23,
24,2017-07-01,2017,7,66.50589,10.01,0.24,
24,2017-08-01,2017,8,66.30204,9.15,0.19,
24,2017-09-01,2017,9,66.23231,8.35,0.16,
24,2017-10-01,2017,10,65.63678,8.01,0.42,
24,2017-11-01,2017,11,72.13443,7.4,0.28,
24,2017-12-01,2017,12,87.26272,7.0,0.44,
24,2018-01-01,2018,1,75.22193,6.9,0.29,
24,2018-02-01,2018,2,64.63374,6.72,0.32,
24,2018-03-01,2018,3,74.74233,6.58,0.09,
24,2018-04-01,2018,4,67.01461,6.4,0.22,
24,2018-05-01,2018,5,72.05237,6.4,0.4,
24,2018-06-01,2018,6,71.62925,6.4,1.26,
24,2018-07-01,2018,7,70.11069,6.4,0.33,
24,2018-08-01,2018,8,72.19638,6.4,-0.09,
24,2018-09-01,2018,9,70.9218,6.4,0.48,
24,2018-10-01,2018,10,71.88091,6.4,0.45,
24,2018-11-01,2018,11,77.48325,6.4,-0.21,
24,2018-12-01,2018,12,91.21085,6.4,0.15,
24,2019-01-01,2019,1,74.62343,6.4,0.32,
24,2019-02-01,2019,2,69.37617,6.4,0.43,
24,2019-03-01,2019,3,73.65897,6.4,0.75,
24,2019-04-01,2019,4,72.14839,6.4,0.57,
24,2019-05-01,2019,5,75.81982,6.4,0.13,
24,2019-06-01,2019,6,72.34238,6.4,0.01,
24,2019-07-01,2019,7,74.84864,6.4,0.19,
24,2019-08-01,2019,8,76.03327,5.9,0.11,
24,2019-09-01,2019,9,73.02937,5.71,-0.04,
24,2019-10-01,2019,10,76.76101,5.38,0.1,
24,2019-11-01,2019,11,81.90934,4.9,0.51,
24,2019-12-01,2019,12,93.22317,4.59,1.15,
24,2020-01-01,2020,1,77.05708,4.4,0.21,
24,2020-02-01,2020,2,74.01008,4.19,0.25,
24,2020-03-01,2020,3,71.80154,3.95,0.07,
24,2020-04-01,2020,4,61.38835,3.65,-0.31,
24,2020-05-01,2020,5,67.80187,3.01,-0.38,
24,2020-06-01,2020,6,68.14573,2.58,0.26,
24,2020-07-01,2020,7,77.00183,2.15,0.36,
24,2020-08-01,2020,8,81.44878,1.94,0.24,
24,2020-09-01,2020,9,81.27035,1.9,0.64,
24,2020-10-01,2020,10,87.76167,1.9,0.86,
24,2020-11-01,2020,11,90.16152,1.9,0.89,
24,2020-12-01,2020,12,104.13586,1.9,1.35,
24,2021-01-01,2021,1,83.37712,1.9,0.25,
24,2021-02-01,2021,2,77.5614,1.9,0.86,
24,2021-03-01,2021,3,82.07798,2.23,0.93,
24,2021-04-01,2021,4,81.04919,2.65,0.31,
24,2021-05-01,2021,5,86.4061,3.29,0.83,
24,2021-06-01,2021,6,86.20484,3.76,0.53,
24,2021-07-01,2021,7,92.12492,4.15,0.96,
24,2021-08-01,2021,8,89.05103,5.01,0.87,
24,2021-09-01,2021,9,87.21423,5.43,1.16,
24,2021-10-01,2021,10,93.53543,6.3,1.25,
24,2021-11-01,2021,11,95.11622,7.65,0.95,
24,2021-12-01,2021,12,113.42729,8.76,0.73,
24,2022-01-01,2022,1,88.55045,9.15,0.54,32345602562.15
24,2022-02-01,2022,2,86.49593,10.49,1.01,32577102233.68
24,2022-03-01,2022,3,95.3641,11.15,1.62,33052924969.35
24,2022-04-01,2022,4,101.79321,11.65,1.06,33620347912.89
24,2022-05-01,2022,5,102.17712,12.51,0.47,34161750309.28
24,2022-06-01,2022,6,100.09915,12.89,0.67,34564929837.11
24,2022-07-01,2022,7,102.38832,13.15,-0.68,35023282350.99
24,2022-08-01,2022,8,100.23161,13.58,-0.36,35504932236.39
24,2022-09-01,2022,9,99.05751,13.65,-0.29,35924501661.13
24,2022-10-01,2022,10,101.27514,13.65,0.59,36449101998.14
24,2022-11-01,2022,11,103.3718,13.65,0.41,37016156403.62
24,2022-12-01,2022,12,119.19566,13.65,0.62,37376762912.62
24,2023-01-01,2023,1,97.96635,,0.53,37723285597.88
24,2023-02-01,2023,2,90.56364,,0.84,37777476610.92
24,2023-03-01,2023,3,100.48984,,0.71,38073952230.76
24,2023-04-01,2023,4,96.37221,,0.61,38218811141.47
24,2023-05-01,2023,5,101.93036,,0.23,38533629987.37
24,2023-06-01,2023,6,99.0681,,-0.08,38487031904.08
24,2023-07-01,2023,7,102.88476,,0.12,38782484476.79
24,2023-08-01,2023,8,102.71194,,0.23,39154317172.47
24,2023-09-01,2023,9,100.44236,,0.26,39333883128.69
24,2023-10-01,2023,10,99.41702,,0.24,39634709672.159996
24,2023-11-01,2023,11,105.94108,,0.28,40178570417.28
24,2023-12-01,2023,12,125.48738,,0.56,40488116783.64
24,2024-01-01,2024,1,104.94109,,0.42,
24,2024-02-01,2024,2,98.71643,,0.83,
24,2024-03-01,2024,3,108.98049,,0.16,
24,2024-04-01,2024,4,105.18959,,0.38,
24,2024-05-01,2024,5,111.75975,,0.46,
24,2024-06-01,2024,6,107.60862,,0.21,
24,2024-07-01,2024,7,111.06546,,0.38,
24,2024-08-01,2024,8,113.0167,,-0.02,
24,2024-09-01,2024,9,108.08747,,0.44,
24,2024-10-01,2024,10,113.63314,,0.56,
24,2024-11-01,2024,11,118.30501,,0.39,
24,2024-12-01,2024,12,132.5321,,0.52,
24,2025-01-01,2025,1,112.90376,,0.16,
24,2025-02-01,2025,2,106.05389,,1.31,
24,2025-03-01,2025,3,111.61985,,0.56,
24,2025-04-01,2025,4,115.83493,,0.43,
24,2025-05-01,2025,5,122.16464,,0.26,
24,2025-06-01,2025,6,117.19843,,0.24,
24,2025-07-01,2025,7,122.78604,,0.26,
24,2025-08-01,2025,8,127.30847,,-0.11,
24,2025-09-01,2025,9,121.79293,,0.48,
24,2025-10-01,2025,10,128.25658,,0.09,
24,2025-11-01,2025,11,132.3088,,0.18,
25,2007-12-01,2007,12,37.91065,,,
25,2008-01-01,2008,1,28.55492,,,
25,2008-02-01,2008,2,23.18979,,,
25,2008-03-01,2008,3,25.62849,,,
25,2008-04-01,2008,4,25.05207,,,
25,2008-05-01,2008,5,28.68794,,,
25,2008-06-01,2008,6,26.73699,,,
25,2008-07-01,2008,7,28.33322,,,
25,2008-08-01,2008,8,31.57004,,,
25,2008-09-01,2008,9,31.43702,,,
25,2008-10-01,2008,10,28.24454,,,
25,2008-11-01,2008,11,29.35304,,,
25,2008-12-01,2008,12,40.39369,,,
25,2009-01-01,2009,1,27.71247,,,
25,2009-02-01,2009,2,24.25395,,,
25,2009-03-01,2009,3,27.09171,,,
25,2009-04-01,2009,4,27.80114,,,
25,2009-05-01,2009,5,30.99362,,,
25,2009-06-01,2009,6,29.5304,,,
25,2009-07-01,2009,7,30.23984,,,
25,2009-08-01,2009,8,29.84078,,,
25,2009-09-01,2009,9,29.04266,,,
25,2009-10-01,2009,10,31.21532,,,
25,2009-11-01,2009,11,30.46154,,,
25,2009-12-01,2009,12,44.78334,,,
25,2010-01-01,2010,1,31.57004,,,
25,2010-02-01,2010,2,28.46624,,,
25,2010-03-01,2010,3,34.27478,,,
25,2010-04-01,2010,4,31.57004,,,
25,2010-05-01,2010,5,37.64461,,,
25,2010-06-01,2010,6,36.44743,,,
25,2010-07-01,2010,7,39.37387,,,
25,2010-08-01,2010,8,40.83709,,,
25,2010-09-01,2010,9,38.97481,,,
25,2010-10-01,2010,10,38.22103,,,
25,2010-11-01,2010,11,38.48707,,,
25,2010-12-01,2010,12,53.29661,,,
25,2011-01-01,2011,1,38.97481,,0.83,
25,2011-02-01,2011,2,38.70877,,0.8,
25,2011-03-01,2011,3,40.08331,,0.79,
25,2011-04-01,2011,4,41.32483,,0.77,
25,2011-05-01,2011,5,42.74371,,0.47,
25,2011-06-01,2011,6,43.14277,,0.15,
25,2011-07-01,2011,7,44.2956,,0.16,
25,2011-08-01,2011,8,44.5173,,0.37,
25,2011-09-01,2011,9,43.6305,,0.53,
25,2011-10-01,2011,10,44.11824,,0.43,
25,2011-11-01,2011,11,45.6258,,0.52,
25,2011-12-01,2011,12,64.95802,,0.5,
25,2012-01-01,2012,1,45.13806,10.7,0.56,
25,2012-02-01,2012,2,43.27579,10.4,0.45,
25,2012-03-01,2012,3,46.86732,9.82,0.21,
25,2012-04-01,2012,4,43.05409,9.35,0.64,
25,2012-05-01,2012,5,49.35036,8.87,0.36,
25,2012-06-01,2012,6,47.57676,8.39,0.08,
25,2012-07-01,2012,7,47.8428,8.07,0.43,
25,2012-08-01,2012,8,47.35506,7.85,0.41,
25,2012-09-01,2012,9,50.54754,7.39,0.57,
25,2012-10-01,2012,10,53.42963,7.23,0.59,
25,2012-11-01,2012,11,54.49379,7.14,0.6,
25,2012-12-01,2012,12,71.20995,7.16,0.79,
25,2013-01-01,2013,1,53.87303,7.11,0.86,
25,2013-02-01,2013,2,47.35506,7.12,0.6,
25,2013-03-01,2013,3,55.95701,7.15,0.47,
25,2013-04-01,2013,4,52.85321,7.26,0.55,
25,2013-05-01,2013,5,57.46457,7.42,0.37,
25,2013-06-01,2013,6,55.02587,7.9,0.26,
25,2013-07-01,2013,7,58.52873,8.23,0.03,
25,2013-08-01,2013,8,59.28251,8.45,0.24,
25,2013-09-01,2013,9,55.29191,8.9,0.35,
25,2013-10-01,2013,10,61.01176,9.25,0.57,
25,2013-11-01,2013,11,64.86934,9.45,0.54,
25,2013-12-01,2013,12,78.43736,9.9,0.92,
25,2014-01-01,2014,1,59.59288,10.17,0.55,
25,2014-02-01,2014,2,52.05509,10.43,0.69,
25,2014-03-01,2014,3,56.40041,10.65,0.92,
25,2014-04-01,2014,4,59.14949,10.87,0.67,
25,2014-05-01,2014,5,63.98254,10.9,0.46,
25,2014-06-01,2014,6,62.03158,10.9,0.4,
25,2014-07-01,2014,7,60.1693,10.9,0.01,
25,2014-08-01,2014,8,61.98724,10.9,0.25,
25,2014-09-01,2014,9,61.54384,10.9,0.57,
25,2014-10-01,2014,10,67.17502,10.92,0.42,
25,2014-11-01,2014,11,69.12597,11.15,0.51,
25,2014-12-01,2014,12,79.72322,11.58,0.78,
25,2015-01-01,2015,1,60.1693,11.82,1.24,
25,2015-02-01,2015,2,52.05509,12.15,1.22,
25,2015-03-01,2015,3,57.15419,12.58,1.32,
25,2015-04-01,2015,4,55.51361,12.68,0.71,
25,2015-05-01,2015,5,58.88345,13.15,0.74,
25,2015-06-01,2015,6,60.03628,13.58,0.79,
25,2015-07-01,2015,7,62.8297,13.69,0.62,
25,2015-08-01,2015,8,58.08533,14.15,0.22,
25,2015-09-01,2015,9,56.57777,14.15,0.54,
25,2015-10-01,2015,10,60.56836,14.15,0.82,
25,2015-11-01,2015,11,64.24858,14.15,1.01,
25,2015-12-01,2015,12,77.94962,14.15,0.96,
25,2016-01-01,2016,1,62.56366,14.15,1.27,
25,2016-02-01,2016,2,57.19853,14.15,0.9,
25,2016-03-01,2016,3,61.98724,14.15,0.43,
25,2016-04-01,2016,4,60.6127,14.15,0.61,
25,2016-05-01,2016,5,62.56366,14.15,0.78,
25,2016-06-01,2016,6,62.51932,14.15,0.35,
25,2016-07-01,2016,7,64.02688,14.15,0.52,
25,2016-08-01,2016,8,64.55896,14.15,0.44,
25,2016-09-01,2016,9,61.58818,14.15,0.08,
25,2016-10-01,2016,10,66.46558,14.05,0.26,
25,2016-11-01,2016,11,76.9298,13.9,0.18,
25,2016-12-01,2016,12,83.80249,13.65,0.3,
25,2017-01-01,2017,1,66.59498,13.17,0.38,
25,2017-02-01,2017,2,59.64195,12.82,0.33,
25,2017-03-01,2017,3,64.00505,12.15,0.25,
25,2017-04-01,2017,4,63.10297,11.59,0.14,
25,2017-05-01,2017,5,66.40979,11.15,0.31,
25,2017-06-01,2017,6,61.77273,10.15,-0.23,
25,2017-07-01,2017,7,61.11533,10.01,0.24,
25,2017-08-01,2017,8,61.01756,9.15,0.19,
25,2017-09-01,2017,9,61.97148,8.35,0.16,
25,2017-10-01,2017,10,60.93986,8.01,0.42,
25,2017-11-01,2017,11,68.48283,7.4,0.28,
25,2017-12-01,2017,12,80.23351,7.0,0.44,
25,2018-01-01,2018,1,66.32556,6.9,0.29,
25,2018-02-01,2018,2,57.46308,6.72,0.32,
25,2018-03-01,2018,3,67.88173,6.58,0.09,
25,2018-04-01,2018,4,63.53119,6.4,0.22,
25,2018-05-01,2018,5,68.1106,6.4,0.4,
25,2018-06-01,2018,6,69.21903,6.4,1.26,
25,2018-07-01,2018,7,63.91859,6.4,0.33,
25,2018-08-01,2018,8,70.1985,6.4,-0.09,
25,2018-09-01,2018,9,62.37812,6.4,0.48,
25,2018-10-01,2018,10,64.44554,6.4,0.45,
25,2018-11-01,2018,11,71.68526,6.4,-0.21,
25,2018-12-01,2018,12,82.60647,6.4,0.15,
25,2019-01-01,2019,1,65.7518,6.4,0.32,
25,2019-02-01,2019,2,58.94492,6.4,0.43,
25,2019-03-01,2019,3,64.05586,6.4,0.75,
25,2019-04-01,2019,4,63.5998,6.4,0.57,
25,2019-05-01,2019,5,66.84557,6.4,0.13,
25,2019-06-01,2019,6,64.98342,6.4,0.01,
25,2019-07-01,2019,7,65.92823,6.4,0.19,
25,2019-08-01,2019,8,66.20228,5.9,0.11,
25,2019-09-01,2019,9,63.08057,5.71,-0.04,
25,2019-10-01,2019,10,69.84791,5.38,0.1,
25,2019-11-01,2019,11,84.47435,4.9,0.51,
25,2019-12-01,2019,12,93.37412,4.59,1.15,
25,2020-01-01,2020,1,73.15872,4.4,0.21,
25,2020-02-01,2020,2,67.99429,4.19,0.25,
25,2020-03-01,2020,3,66.27625,3.95,0.07,
25,2020-04-01,2020,4,54.68555,3.65,-0.31,
25,2020-05-01,2020,5,64.69411,3.01,-0.38,
25,2020-06-01,2020,6,61.82571,2.58,0.26,
25,2020-07-01,2020,7,75.38447,2.15,0.36,
25,2020-08-01,2020,8,78.86972,1.94,0.24,
25,2020-09-01,2020,9,74.7205,1.9,0.64,
25,2020-10-01,2020,10,82.98225,1.9,0.86,
25,2020-11-01,2020,11,86.64,1.9,0.89,
25,2020-12-01,2020,12,97.79414,1.9,1.35,
25,2021-01-01,2021,1,77.11322,1.9,0.25,
25,2021-02-01,2021,2,69.0848,1.9,0.86,
25,2021-03-01,2021,3,72.83517,2.23,0.93,
25,2021-04-01,2021,4,72.06944,2.65,0.31,
25,2021-05-01,2021,5,78.84819,3.29,0.83,
25,2021-06-01,2021,6,76.70861,3.76,0.53,
25,2021-07-01,2021,7,80.11945,4.15,0.96,
25,2021-08-01,2021,8,78.73192,5.01,0.87,
25,2021-09-01,2021,9,76.34386,5.43,1.16,
25,2021-10-01,2021,10,82.05268,6.3,1.25,
25,2021-11-01,2021,11,88.40254,7.65,0.95,
25,2021-12-01,2021,12,100.5303,8.76,0.73,
25,2022-01-01,2022,1,81.15218,9.15,0.54,37921284887.75
25,2022-02-01,2022,2,75.64481,10.49,1.01,38244930610.16
25,2022-03-01,2022,3,83.24047,11.15,1.62,38795813963.409996
25,2022-04-01,2022,4,87.66688,11.65,1.06,39399987166.05
25,2022-05-01,2022,5,91.82943,12.51,0.47,40061528285.83
25,2022-06-01,2022,6,92.60071,12.89,0.67,40499788429.61
25,2022-07-01,2022,7,92.44519,13.15,-0.68,41007123026.35
25,2022-08-01,2022,8,116.14935,13.58,-0.36,41577410834.19
25,2022-09-01,2022,9,114.65472,13.65,-0.29,42029917045.08
25,2022-10-01,2022,10,113.90776,13.65,0.59,42641743175.69
25,2022-11-01,2022,11,121.21573,13.65,0.41,43307090923.86
25,2022-12-01,2022,12,129.49277,13.65,0.62,43743980374.62
25,2023-01-01,2023,1,99.46226,,0.53,44420635760.88
25,2023-02-01,2023,2,87.74671,,0.84,44508347352.65
25,2023-03-01,2023,3,97.99507,,0.71,44894099045.58
25,2023-04-01,2023,4,94.15414,,0.61,45054059418.33
25,2023-05-01,2023,5,93.35933,,0.23,45415663892.69
25,2023-06-01,2023,6,91.33518,,-0.08,45281996226.11
25,2023-07-01,2023,7,97.19313,,0.12,45596208444.78
25,2023-08-01,2023,8,94.61075,,0.23,45964371298.11
25,2023-09-01,2023,9,92.48812,,0.26,46172583182.47
25,2023-10-01,2023,10,96.12006,,0.24,46566094209.36
25,2023-11-01,2023,11,114.63347,,0.28,47193056582.83
25,2023-12-01,2023,12,121.5476,,0.56,47415349570.08
25,2024-01-01,2024,1,104.42336,,0.42,
25,2024-02-01,2024,2,98.7964,,0.83,
25,2024-03-01,2024,3,104.93674,,0.16,
25,2024-04-01,2024,4,100.72922,,0.38,
25,2024-05-01,2024,5,109.85012,,0.46,
25,2024-06-01,2024,6,108.51373,,0.21,
25,2024-07-01,2024,7,116.39329,,0.38,
25,2024-08-01,2024,8,114.92095,,-0.02,
25,2024-09-01,2024,9,105.75391,,0.44,
25,2024-10-01,2024,10,116.49762,,0.56,
25,2024-11-01,2024,11,127.12692,,0.39,
25,2024-12-01,2024,12,136.33889,,0.52,
25,2025-01-01,2025,1,114.12562,,0.16,
25,2025-02-01,2025,2,104.76903,,1.31,
25,2025-03-01,2025,3,113.63148,,0.56,
25,2025-04-01,2025,4,117.37501,,0.43,
25,2025-05-01,2025,5,123.37249,,0.26,
25,2025-06-01,2025,6,115.94942,,0.24,
25,2025-07-01,2025,7,123.06988,,0.26,
25,2025-08-01,2025,8,122.8136,,-0.11,
25,2025-09-01,2025,9,114.37217,,0.48,
25,2025-10-01,2025,10,121.8086,,0.09,
25,2025-11-01,2025,11,134.84546,,0.18,
26,2007-12-01,2007,12,46.44672,,,
26,2008-01-01,2008,1,32.6168,,,
26,2008-02-01,2008,2,29.54348,,,
26,2008-03-01,2008,3,33.16207,,,
26,2008-04-01,2008,4,31.37756,,,
26,2008-05-01,2008,5,35.14485,,,
26,2008-06-01,2008,6,32.86465,,,
26,2008-07-01,2008,7,34.45088,,,
26,2008-08-01,2008,8,35.29356,,,
26,2008-09-01,2008,9,34.15346,,,
26,2008-10-01,2008,10,36.38409,,,
26,2008-11-01,2008,11,36.78065,,,
26,2008-12-01,2008,12,49.27219,,,
26,2009-01-01,2009,1,35.88839,,,
26,2009-02-01,2009,2,31.4767,,,
26,2009-03-01,2009,3,35.04571,,,
26,2009-04-01,2009,4,34.897,,,
26,2009-05-01,2009,5,37.52419,,,
26,2009-06-01,2009,6,36.43366,,,
26,2009-07-01,2009,7,37.37548,,,
26,2009-08-01,2009,8,38.36687,,,
26,2009-09-01,2009,9,37.37548,,,
26,2009-10-01,2009,10,40.89492,,,
26,2009-11-01,2009,11,40.94449,,,
26,2009-12-01,2009,12,57.15375,,,
26,2010-01-01,2010,1,41.19234,,,
26,2010-02-01,2010,2,37.47462,,,
26,2010-03-01,2010,3,42.97685,,,
26,2010-04-01,2010,4,40.25052,,,
26,2010-05-01,2010,5,43.8691,,,
26,2010-06-01,2010,6,41.78718,,,
26,2010-07-01,2010,7,43.17513,,,
26,2010-08-01,2010,8,44.26566,,,
26,2010-09-01,2010,9,43.32383,,,
26,2010-10-01,2010,10,46.34758,,,
26,2010-11-01,2010,11,46.79371,,,
26,2010-12-01,2010,12,65.67973,,,
26,2011-01-01,2011,1,45.60404,,0.83,
26,2011-02-01,2011,2,42.2333,,0.8,
26,2011-03-01,2011,3,44.56307,,0.79,
26,2011-04-01,2011,4,46.79371,,0.77,
26,2011-05-01,2011,5,47.7851,,0.47,
26,2011-06-01,2011,6,47.68596,,0.15,
26,2011-07-01,2011,7,49.37133,,0.16,
26,2011-08-01,2011,8,49.52003,,0.37,
26,2011-09-01,2011,9,47.88424,,0.53,
26,2011-10-01,2011,10,50.01573,,0.43,
26,2011-11-01,2011,11,51.99852,,0.52,
26,2011-12-01,2011,12,71.4298,,0.5,
26,2012-01-01,2012,1,51.94895,10.7,0.56,
26,2012-02-01,2012,2,48.52864,10.4,0.45,
26,2012-03-01,2012,3,53.68388,9.82,0.21,
26,2012-04-01,2012,4,51.30454,9.35,0.64,
26,2012-05-01,2012,5,55.27011,8.87,0.36,
26,2012-06-01,2012,6,55.17097,8.39,0.08,
26,2012-07-01,2012,7,54.87355,8.07,0.43,
26,2012-08-01,2012,8,57.74859,7.85,0.41,
26,2012-09-01,2012,9,54.17958,7.39,0.57,
26,2012-10-01,2012,10,58.04601,7.23,0.59,
26,2012-11-01,2012,11,59.83051,7.14,0.6,
26,2012-12-01,2012,12,82.13683,7.16,0.79,
26,2013-01-01,2013,1,60.27664,7.11,0.86,
26,2013-02-01,2013,2,52.39507,7.12,0.6,
26,2013-03-01,2013,3,61.8133,7.15,0.47,
26,2013-04-01,2013,4,57.84773,7.26,0.55,
26,2013-05-01,2013,5,62.9534,7.42,0.37,
26,2013-06-01,2013,6,61.41674,7.9,0.26,
26,2013-07-01,2013,7,65.43188,8.23,0.03,
26,2013-08-01,2013,8,67.11724,8.45,0.24,
26,2013-09-01,2013,9,62.9534,8.9,0.35,
26,2013-10-01,2013,10,66.22499,9.25,0.57,
26,2013-11-01,2013,11,69.94271,9.45,0.54,
26,2013-12-01,2013,12,92.19946,9.9,0.92,
26,2014-01-01,2014,1,67.61294,10.17,0.55,
26,2014-02-01,2014,2,61.76373,10.43,0.69,
26,2014-03-01,2014,3,64.04393,10.65,0.92,
26,2014-04-01,2014,4,65.7293,10.87,0.67,
26,2014-05-01,2014,5,70.63669,10.9,0.46,
26,2014-06-01,2014,6,65.97714,10.9,0.4,
26,2014-07-01,2014,7,67.41466,10.9,0.01,
26,2014-08-01,2014,8,70.43841,10.9,0.25,
26,2014-09-01,2014,9,66.77026,10.9,0.57,
26,2014-10-01,2014,10,70.7854,10.92,0.42,
26,2014-11-01,2014,11,75.49451,11.15,0.51,
26,2014-12-01,2014,12,96.31374,11.58,0.78,
26,2015-01-01,2015,1,70.7854,11.82,1.24,
26,2015-02-01,2015,2,62.70555,12.15,1.22,
26,2015-03-01,2015,3,67.31552,12.58,1.32,
26,2015-04-01,2015,4,64.29178,12.68,0.71,
26,2015-05-01,2015,5,68.30692,13.15,0.74,
26,2015-06-01,2015,6,67.06767,13.58,0.79,
26,2015-07-01,2015,7,67.46423,13.69,0.62,
26,2015-08-01,2015,8,67.66251,14.15,0.22,
26,2015-09-01,2015,9,63.64737,14.15,0.54,
26,2015-10-01,2015,10,69.49659,14.15,0.82,
26,2015-11-01,2015,11,73.01603,14.15,1.01,
26,2015-12-01,2015,12,94.97536,14.15,0.96,
26,2016-01-01,2016,1,71.18195,14.15,1.27,
26,2016-02-01,2016,2,63.84565,14.15,0.9,
26,2016-03-01,2016,3,68.25735,14.15,0.43,
26,2016-04-01,2016,4,65.08489,14.15,0.61,
26,2016-05-01,2016,5,66.32413,14.15,0.78,
26,2016-06-01,2016,6,67.46423,14.15,0.35,
26,2016-07-01,2016,7,68.35648,14.15,0.52,
26,2016-08-01,2016,8,67.61294,14.15,0.44,
26,2016-09-01,2016,9,64.78747,14.15,0.08,
26,2016-10-01,2016,10,69.59572,14.05,0.26,
26,2016-11-01,2016,11,74.8501,13.9,0.18,
26,2016-12-01,2016,12,94.47967,13.65,0.3,
26,2017-01-01,2017,1,71.95358,13.17,0.38,
26,2017-02-01,2017,2,64.28784,12.82,0.33,
26,2017-03-01,2017,3,73.37458,12.15,0.25,
26,2017-04-01,2017,4,70.52451,11.59,0.14,
26,2017-05-01,2017,5,72.49583,11.15,0.31,
26,2017-06-01,2017,6,72.71332,10.15,-0.23,
26,2017-07-01,2017,7,71.66094,10.01,0.24,
26,2017-08-01,2017,8,72.57059,9.15,0.19,
26,2017-09-01,2017,9,70.72997,8.35,0.16,
26,2017-10-01,2017,10,70.82172,8.01,0.42,
26,2017-11-01,2017,11,81.31143,7.4,0.28,
26,2017-12-01,2017,12,94.69164,7.0,0.44,
26,2018-01-01,2018,1,73.50481,6.9,0.29,
26,2018-02-01,2018,2,64.29953,6.72,0.32,
26,2018-03-01,2018,3,73.90214,6.58,0.09,
26,2018-04-01,2018,4,67.94317,6.4,0.22,
26,2018-05-01,2018,5,72.81051,6.4,0.4,
26,2018-06-01,2018,6,72.6747,6.4,1.26,
26,2018-07-01,2018,7,71.04209,6.4,0.33,
26,2018-08-01,2018,8,73.39,6.4,-0.09,
26,2018-09-01,2018,9,72.03087,6.4,0.48,
26,2018-10-01,2018,10,74.68038,6.4,0.45,
26,2018-11-01,2018,11,85.38714,6.4,-0.21,
26,2018-12-01,2018,12,97.33491,6.4,0.15,
26,2019-01-01,2019,1,73.03812,6.4,0.32,
26,2019-02-01,2019,2,68.61983,6.4,0.43,
26,2019-03-01,2019,3,72.86743,6.4,0.75,
26,2019-04-01,2019,4,73.49391,6.4,0.57,
26,2019-05-01,2019,5,76.78344,6.4,0.13,
26,2019-06-01,2019,6,74.31668,6.4,0.01,
26,2019-07-01,2019,7,75.0315,6.4,0.19,
26,2019-08-01,2019,8,79.10782,5.9,0.11,
26,2019-09-01,2019,9,74.42377,5.71,-0.04,
26,2019-10-01,2019,10,78.2751,5.38,0.1,
26,2019-11-01,2019,11,86.50634,4.9,0.51,
26,2019-12-01,2019,12,102.72573,4.59,1.15,
26,2020-01-01,2020,1,78.54157,4.4,0.21,
26,2020-02-01,2020,2,72.00225,4.19,0.25,
26,2020-03-01,2020,3,71.2449,3.95,0.07,
26,2020-04-01,2020,4,58.13001,3.65,-0.31,
26,2020-05-01,2020,5,65.54246,3.01,-0.38,
26,2020-06-01,2020,6,71.52845,2.58,0.26,
26,2020-07-01,2020,7,85.58013,2.15,0.36,
26,2020-08-01,2020,8,88.36065,1.94,0.24,
26,2020-09-01,2020,9,83.55982,1.9,0.64,
26,2020-10-01,2020,10,90.01462,1.9,0.86,
26,2020-11-01,2020,11,101.57038,1.9,0.89,
26,2020-12-01,2020,12,114.39348,1.9,1.35,
26,2021-01-01,2021,1,86.36726,1.9,0.25,
26,2021-02-01,2021,2,80.25671,1.9,0.86,
26,2021-03-01,2021,3,83.81321,2.23,0.93,
26,2021-04-01,2021,4,87.0441,2.65,0.31,
26,2021-05-01,2021,5,91.94916,3.29,0.83,
26,2021-06-01,2021,6,88.51826,3.76,0.53,
26,2021-07-01,2021,7,94.94809,4.15,0.96,
26,2021-08-01,2021,8,92.93954,5.01,0.87,
26,2021-09-01,2021,9,91.06852,5.43,1.16,
26,2021-10-01,2021,10,94.86116,6.3,1.25,
26,2021-11-01,2021,11,105.76135,7.65,0.95,
26,2021-12-01,2021,12,115.44895,8.76,0.73,
26,2022-01-01,2022,1,90.87843,9.15,0.54,72439971679.49
26,2022-02-01,2022,2,84.55796,10.49,1.01,73179287260.43001
26,2022-03-01,2022,3,97.73867,11.15,1.62,74386781173.9
26,2022-04-01,2022,4,95.26428,11.65,1.06,75770186288.78
26,2022-05-01,2022,5,101.05675,12.51,0.47,77137518263.17
26,2022-06-01,2022,6,101.00427,12.89,0.67,78178556408.92
26,2022-07-01,2022,7,101.63667,13.15,-0.68,79546961667.7
26,2022-08-01,2022,8,98.81313,13.58,-0.36,80762728084.22
26,2022-09-01,2022,9,96.49011,13.65,-0.29,81635310493.04
26,2022-10-01,2022,10,100.57412,13.65,0.59,82822190225.5
26,2022-11-01,2022,11,109.35265,13.65,0.41,83889523199.23
26,2022-12-01,2022,12,122.63295,13.65,0.62,84930393895.78
26,2023-01-01,2023,1,96.01457,,0.53,85776245639.72
26,2023-02-01,2023,2,88.03883,,0.84,85805649652.13
26,2023-03-01,2023,3,102.9091,,0.71,86589310456.86
26,2023-04-01,2023,4,99.71821,,0.61,86871901838.33
26,2023-05-01,2023,5,104.09237,,0.23,87580451225.42
26,2023-06-01,2023,6,100.05678,,-0.08,87156403026.34
26,2023-07-01,2023,7,104.35325,,0.12,87793002513.15
26,2023-08-01,2023,8,103.48362,,0.23,88569138564.26
26,2023-09-01,2023,9,99.57846,,0.26,88901156109.6
26,2023-10-01,2023,10,104.46957,,0.24,89752196537.72
26,2023-11-01,2023,11,114.29455,,0.28,91002026862.06
26,2023-12-01,2023,12,125.16839,,0.56,91329354795.97
26,2024-01-01,2024,1,101.62293,,0.42,
26,2024-02-01,2024,2,96.53755,,0.83,
26,2024-03-01,2024,3,108.91299,,0.16,
26,2024-04-01,2024,4,104.46353,,0.38,
26,2024-05-01,2024,5,112.14417,,0.46,
26,2024-06-01,2024,6,106.67499,,0.21,
26,2024-07-01,2024,7,113.23354,,0.38,
26,2024-08-01,2024,8,111.92315,,-0.02,
26,2024-09-01,2024,9,106.56748,,0.44,
26,2024-10-01,2024,10,114.17095,,0.56,
26,2024-11-01,2024,11,124.3264,,0.39,
26,2024-12-01,2024,12,135.43705,,0.52,
26,2025-01-01,2025,1,107.98161,,0.16,
26,2025-02-01,2025,2,104.7802,,1.31,
26,2025-03-01,2025,3,112.6101,,0.56,
26,2025-04-01,2025,4,114.7815,,0.43,
26,2025-05-01,2025,5,119.66259,,0.26,
26,2025-06-01,2025,6,112.99656,,0.24,
26,2025-07-01,2025,7,118.72783,,0.26,
26,2025-08-01,2025,8,115.10485,,-0.11,
26,2025-09-01,2025,9,111.91954,,0.48,
26,2025-10-01,2025,10,121.34604,,0.09,
26,2025-11-01,2025,11,132.21012,,0.18,
27,2007-12-01,2007,12,41.76955,,,
27,2008-01-01,2008,1,29.95549,,,
27,2008-02-01,2008,2,25.61925,,,
27,2008-03-01,2008,3,29.46877,,,
27,2008-04-01,2008,4,27.30065,,,
27,2008-05-01,2008,5,31.06168,,,
27,2008-06-01,2008,6,28.27409,,,
27,2008-07-01,2008,7,29.99974,,,
27,2008-08-01,2008,8,30.48646,,,
27,2008-09-01,2008,9,29.60151,,,
27,2008-10-01,2008,10,32.47759,,,
27,2008-11-01,2008,11,32.12361,,,
27,2008-12-01,2008,12,44.20316,,,
27,2009-01-01,2009,1,32.47759,,,
27,2009-02-01,2009,2,28.76081,,,
27,2009-03-01,2009,3,31.59265,,,
27,2009-04-01,2009,4,31.50415,,,
27,2009-05-01,2009,5,34.33598,,,
27,2009-06-01,2009,6,31.68114,,,
27,2009-07-01,2009,7,34.55722,,,
27,2009-08-01,2009,8,34.15899,,,
27,2009-09-01,2009,9,33.36254,,,
27,2009-10-01,2009,10,36.63685,,,
27,2009-11-01,2009,11,37.07932,,,
27,2009-12-01,2009,12,53.40662,,,
27,2010-01-01,2010,1,37.96427,,,
27,2010-02-01,2010,2,34.02625,,,
27,2010-03-01,2010,3,39.38019,,,
27,2010-04-01,2010,4,39.24745,,,
27,2010-05-01,2010,5,40.97309,,,
27,2010-06-01,2010,6,36.81384,,,
27,2010-07-01,2010,7,39.86691,,,
27,2010-08-01,2010,8,39.82266,,,
27,2010-09-01,2010,9,38.22976,,,
27,2010-10-01,2010,10,41.01734,,,
27,2010-11-01,2010,11,42.566,,,
27,2010-12-01,2010,12,60.84018,,,
27,2011-01-01,2011,1,42.25627,,0.83,
27,2011-02-01,2011,2,38.49524,,0.8,
27,2011-03-01,2011,3,40.66336,,0.79,
27,2011-04-01,2011,4,41.59256,,0.77,
27,2011-05-01,2011,5,43.53944,,0.47,
27,2011-06-01,2011,6,41.76955,,0.15,
27,2011-07-01,2011,7,42.96423,,0.16,
27,2011-08-01,2011,8,43.80493,,0.37,
27,2011-09-01,2011,9,41.76955,,0.53,
27,2011-10-01,2011,10,43.58369,,0.43,
27,2011-11-01,2011,11,45.57482,,0.52,
27,2011-12-01,2011,12,64.99943,,0.5,
27,2012-01-01,2012,1,46.19429,10.7,0.56,
27,2012-02-01,2012,2,44.99961,10.4,0.45,
27,2012-03-01,2012,3,46.7695,9.82,0.21,
27,2012-04-01,2012,4,45.30934,9.35,0.64,
27,2012-05-01,2012,5,48.22967,8.87,0.36,
27,2012-06-01,2012,6,47.38897,8.39,0.08,
27,2012-07-01,2012,7,47.65445,8.07,0.43,
27,2012-08-01,2012,8,49.3801,7.85,0.41,
27,2012-09-01,2012,9,47.21198,7.39,0.57,
27,2012-10-01,2012,10,49.42435,7.23,0.59,
27,2012-11-01,2012,11,52.38892,7.14,0.6,
27,2012-12-01,2012,12,72.433,7.16,0.79,
27,2013-01-01,2013,1,53.09688,7.11,0.86,
27,2013-02-01,2013,2,47.91994,7.12,0.6,
27,2013-03-01,2013,3,53.09688,7.15,0.47,
27,2013-04-01,2013,4,51.10575,7.26,0.55,
27,2013-05-01,2013,5,56.10571,7.42,0.37,
27,2013-06-01,2013,6,53.76059,7.9,0.26,
27,2013-07-01,2013,7,55.30925,8.23,0.03,
27,2013-08-01,2013,8,59.91098,8.45,0.24,
27,2013-09-01,2013,9,55.84022,8.9,0.35,
27,2013-10-01,2013,10,58.93754,9.25,0.57,
27,2013-11-01,2013,11,60.88443,9.45,0.54,
27,2013-12-01,2013,12,83.49485,9.9,0.92,
27,2014-01-01,2014,1,62.52158,10.17,0.55,
27,2014-02-01,2014,2,56.68092,10.43,0.69,
27,2014-03-01,2014,3,57.65437,10.65,0.92,
27,2014-04-01,2014,4,59.02604,10.87,0.67,
27,2014-05-01,2014,5,63.14104,10.9,0.46,
27,2014-06-01,2014,6,58.40657,10.9,0.4,
27,2014-07-01,2014,7,61.14991,10.9,0.01,
27,2014-08-01,2014,8,61.90212,10.9,0.25,
27,2014-09-01,2014,9,59.77824,10.9,0.57,
27,2014-10-01,2014,10,63.80475,10.92,0.42,
27,2014-11-01,2014,11,65.48616,11.15,0.51,
27,2014-12-01,2014,12,86.14969,11.58,0.78,
27,2015-01-01,2015,1,64.02599,11.82,1.24,
27,2015-02-01,2015,2,56.41544,12.15,1.22,
27,2015-03-01,2015,3,60.57469,12.58,1.32,
27,2015-04-01,2015,4,59.60125,12.68,0.71,
27,2015-05-01,2015,5,62.47733,13.15,0.74,
27,2015-06-01,2015,6,57.69861,13.58,0.79,
27,2015-07-01,2015,7,58.40657,13.69,0.62,
27,2015-08-01,2015,8,56.90216,14.15,0.22,
27,2015-09-01,2015,9,56.14995,14.15,0.54,
27,2015-10-01,2015,10,62.43309,14.15,0.82,
27,2015-11-01,2015,11,64.82245,14.15,1.01,
27,2015-12-01,2015,12,86.54792,14.15,0.96,
27,2016-01-01,2016,1,64.60121,14.15,1.27,
27,2016-02-01,2016,2,59.51276,14.15,0.9,
27,2016-03-01,2016,3,63.89325,14.15,0.43,
27,2016-04-01,2016,4,61.68088,14.15,0.61,
27,2016-05-01,2016,5,62.07911,14.15,0.78,
27,2016-06-01,2016,6,60.70744,14.15,0.35,
27,2016-07-01,2016,7,62.74282,14.15,0.52,
27,2016-08-01,2016,8,62.74282,14.15,0.44,
27,2016-09-01,2016,9,61.19416,14.15,0.08,
27,2016-10-01,2016,10,65.70739,14.05,0.26,
27,2016-11-01,2016,11,68.27374,13.9,0.18,
27,2016-12-01,2016,12,87.96384,13.65,0.3,
27,2017-01-01,2017,1,71.70782,13.17,0.38,
27,2017-02-01,2017,2,64.36102,12.82,0.33,
27,2017-03-01,2017,3,69.9652,12.15,0.25,
27,2017-04-01,2017,4,67.78369,11.59,0.14,
27,2017-05-01,2017,5,69.42784,11.15,0.31,
27,2017-06-01,2017,6,67.69147,10.15,-0.23,
27,2017-07-01,2017,7,68.72537,10.01,0.24,
27,2017-08-01,2017,8,69.27313,9.15,0.19,
27,2017-09-01,2017,9,69.20025,8.35,0.16,
27,2017-10-01,2017,10,68.82935,8.01,0.42,
27,2017-11-01,2017,11,74.52233,7.4,0.28,
27,2017-12-01,2017,12,91.36411,7.0,0.44,
27,2018-01-01,2018,1,72.19168,6.9,0.29,
27,2018-02-01,2018,2,63.30259,6.72,0.32,
27,2018-03-01,2018,3,72.26978,6.58,0.09,
27,2018-04-01,2018,4,66.85639,6.4,0.22,
27,2018-05-01,2018,5,73.15069,6.4,0.4,
27,2018-06-01,2018,6,70.85072,6.4,1.26,
27,2018-07-01,2018,7,68.57146,6.4,0.33,
27,2018-08-01,2018,8,72.57268,6.4,-0.09,
27,2018-09-01,2018,9,69.55106,6.4,0.48,
27,2018-10-01,2018,10,73.00881,6.4,0.45,
27,2018-11-01,2018,11,79.81514,6.4,-0.21,
27,2018-12-01,2018,12,92.64837,6.4,0.15,
27,2019-01-01,2019,1,72.64532,6.4,0.32,
27,2019-02-01,2019,2,65.764,6.4,0.43,
27,2019-03-01,2019,3,70.77095,6.4,0.75,
27,2019-04-01,2019,4,70.28935,6.4,0.57,
27,2019-05-01,2019,5,74.29157,6.4,0.13,
27,2019-06-01,2019,6,67.35835,6.4,0.01,
27,2019-07-01,2019,7,70.7226,6.4,0.19,
27,2019-08-01,2019,8,72.69801,5.9,0.11,
27,2019-09-01,2019,9,69.56972,5.71,-0.04,
27,2019-10-01,2019,10,74.25419,5.38,0.1,
27,2019-11-01,2019,11,80.16938,4.9,0.51,
27,2019-12-01,2019,12,93.70601,4.59,1.15,
27,2020-01-01,2020,1,75.42524,4.4,0.21,
27,2020-02-01,2020,2,70.8738,4.19,0.25,
27,2020-03-01,2020,3,67.22124,3.95,0.07,
27,2020-04-01,2020,4,54.58163,3.65,-0.31,
27,2020-05-01,2020,5,61.761,3.01,-0.38,
27,2020-06-01,2020,6,62.8599,2.58,0.26,
27,2020-07-01,2020,7,72.16936,2.15,0.36,
27,2020-08-01,2020,8,79.87014,1.94,0.24,
27,2020-09-01,2020,9,78.96012,1.9,0.64,
27,2020-10-01,2020,10,84.69622,1.9,0.86,
27,2020-11-01,2020,11,92.62131,1.9,0.89,
27,2020-12-01,2020,12,104.55692,1.9,1.35,
27,2021-01-01,2021,1,78.26608,1.9,0.25,
27,2021-02-01,2021,2,70.98096,1.9,0.86,
27,2021-03-01,2021,3,76.99606,2.23,0.93,
27,2021-04-01,2021,4,72.90961,2.65,0.31,
27,2021-05-01,2021,5,81.60565,3.29,0.83,
27,2021-06-01,2021,6,77.34131,3.76,0.53,
27,2021-07-01,2021,7,83.85273,4.15,0.96,
27,2021-08-01,2021,8,84.06844,5.01,0.87,
27,2021-09-01,2021,9,81.4189,5.43,1.16,
27,2021-10-01,2021,10,89.34789,6.3,1.25,
27,2021-11-01,2021,11,96.21613,7.65,0.95,
27,2021-12-01,2021,12,109.45667,8.76,0.73,
27,2022-01-01,2022,1,89.44028,9.15,0.54,25458197744.13
27,2022-02-01,2022,2,81.08252,10.49,1.01,25641219442.34
27,2022-03-01,2022,3,90.59707,11.15,1.62,26006207260.850002
27,2022-04-01,2022,4,97.04992,11.65,1.06,26546570755.35
27,2022-05-01,2022,5,103.96436,12.51,0.47,27067950569.65
27,2022-06-01,2022,6,99.70254,12.89,0.67,27398747415.63
27,2022-07-01,2022,7,101.61121,13.15,-0.68,27786583643.0
27,2022-08-01,2022,8,104.51132,13.58,-0.36,28204128696.83
27,2022-09-01,2022,9,97.75698,13.65,-0.29,28547626812.39
27,2022-10-01,2022,10,104.28473,13.65,0.59,29006823412.36
27,2022-11-01,2022,11,104.57488,13.65,0.41,29545687655.97
27,2022-12-01,2022,12,125.42418,13.65,0.62,29809355288.78
27,2023-01-01,2023,1,103.19034,,0.53,30085121915.86
27,2023-02-01,2023,2,90.01289,,0.84,30126213659.75
27,2023-03-01,2023,3,105.57012,,0.71,30444103773.38
27,2023-04-01,2023,4,104.82501,,0.61,30550577604.15
27,2023-05-01,2023,5,103.06009,,0.23,30821816312.29
27,2023-06-01,2023,6,102.44742,,-0.08,30763187684.31
27,2023-07-01,2023,7,104.86807,,0.12,31031422167.51
27,2023-08-01,2023,8,104.17229,,0.23,31371317080.28
27,2023-09-01,2023,9,101.28124,,0.26,31596219789.39
27,2023-10-01,2023,10,104.18513,,0.24,31918752366.11
27,2023-11-01,2023,11,111.78953,,0.28,32393777925.09
27,2023-12-01,2023,12,132.98681,,0.56,32562723083.13
27,2024-01-01,2024,1,109.41772,,0.42,
27,2024-02-01,2024,2,101.53618,,0.83,
27,2024-03-01,2024,3,111.26122,,0.16,
27,2024-04-01,2024,4,107.47429,,0.38,
27,2024-05-01,2024,5,116.08621,,0.46,
27,2024-06-01,2024,6,109.24892,,0.21,
27,2024-07-01,2024,7,113.47298,,0.38,
27,2024-08-01,2024,8,115.80934,,-0.02,
27,2024-09-01,2024,9,110.70947,,0.44,
27,2024-10-01,2024,10,119.48698,,0.56,
27,2024-11-01,2024,11,127.24039,,0.39,
27,2024-12-01,2024,12,145.17904,,0.52,
27,2025-01-01,2025,1,117.64743,,0.16,
27,2025-02-01,2025,2,112.29603,,1.31,
27,2025-03-01,2025,3,118.78974,,0.56,
27,2025-04-01,2025,4,121.60235,,0.43,
27,2025-05-01,2025,5,126.70044,,0.26,
27,2025-06-01,2025,6,117.90726,,0.24,
27,2025-07-01,2025,7,122.67769,,0.26,
27,2025-08-01,2025,8,123.59057,,-0.11,
27,2025-09-01,2025,9,117.32697,,0.48,
27,2025-10-01,2025,10,124.99178,,0.09,
27,2025-11-01,2025,11,132.72724,,0.18,
28,2007-12-01,2007,12,51.25809,,,
28,2008-01-01,2008,1,37.8226,,,
28,2008-02-01,2008,2,33.64518,,,
28,2008-03-01,2008,3,36.80647,,,
28,2008-04-01,2008,4,35.28227,,,
28,2008-05-01,2008,5,38.61292,,,
28,2008-06-01,2008,6,37.08873,,,
28,2008-07-01,2008,7,37.08873,,,
28,2008-08-01,2008,8,38.50002,,,
28,2008-09-01,2008,9,39.34679,,,
28,2008-10-01,2008,10,41.66131,,,
28,2008-11-01,2008,11,40.98389,,,
28,2008-12-01,2008,12,55.60486,,,
28,2009-01-01,2009,1,43.86292,,,
28,2009-02-01,2009,2,37.87905,,,
28,2009-03-01,2009,3,41.09679,,,
28,2009-04-01,2009,4,41.09679,,,
28,2009-05-01,2009,5,44.37099,,,
28,2009-06-01,2009,6,43.97583,,,
28,2009-07-01,2009,7,45.33067,,,
28,2009-08-01,2009,8,46.68551,,,
28,2009-09-01,2009,9,44.48389,,,
28,2009-10-01,2009,10,48.77422,,,
28,2009-11-01,2009,11,47.87099,,,
28,2009-12-01,2009,12,67.79842,,,
28,2010-01-01,2010,1,51.87906,,,
28,2010-02-01,2010,2,46.4597,,,
28,2010-03-01,2010,3,51.42744,,,
28,2010-04-01,2010,4,48.2097,,,
28,2010-05-01,2010,5,52.55648,,,
28,2010-06-01,2010,6,51.87906,,,
28,2010-07-01,2010,7,52.33067,,,
28,2010-08-01,2010,8,52.72583,,,
28,2010-09-01,2010,9,51.8226,,,
28,2010-10-01,2010,10,55.60486,,,
28,2010-11-01,2010,11,55.66132,,,
28,2010-12-01,2010,12,78.58068,,,
28,2011-01-01,2011,1,56.56454,,0.83,
28,2011-02-01,2011,2,48.37905,,0.8,
28,2011-03-01,2011,3,51.48389,,0.79,
28,2011-04-01,2011,4,53.00809,,0.77,
28,2011-05-01,2011,5,55.0968,,0.47,
28,2011-06-01,2011,6,54.75809,,0.15,
28,2011-07-01,2011,7,54.47583,,0.16,
28,2011-08-01,2011,8,55.94357,,0.37,
28,2011-09-01,2011,9,53.79841,,0.53,
28,2011-10-01,2011,10,56.62099,,0.43,
28,2011-11-01,2011,11,57.86293,,0.52,
28,2011-12-01,2011,12,79.48391,,0.5,
28,2012-01-01,2012,1,59.33067,10.7,0.56,
28,2012-02-01,2012,2,55.54841,10.4,0.45,
28,2012-03-01,2012,3,58.37099,9.82,0.21,
28,2012-04-01,2012,4,56.22583,9.35,0.64,
28,2012-05-01,2012,5,60.85487,8.87,0.36,
28,2012-06-01,2012,6,59.27422,8.39,0.08,
28,2012-07-01,2012,7,59.61293,8.07,0.43,
28,2012-08-01,2012,8,62.32261,7.85,0.41,
28,2012-09-01,2012,9,60.74196,7.39,0.57,
28,2012-10-01,2012,10,63.95971,7.23,0.59,
28,2012-11-01,2012,11,64.80648,7.14,0.6,
28,2012-12-01,2012,12,85.69359,7.16,0.79,
28,2013-01-01,2013,1,66.33068,7.11,0.86,
28,2013-02-01,2013,2,60.17745,7.12,0.6,
28,2013-03-01,2013,3,68.58874,7.15,0.47,
28,2013-04-01,2013,4,64.69358,7.26,0.55,
28,2013-05-01,2013,5,69.77423,7.42,0.37,
28,2013-06-01,2013,6,66.33068,7.9,0.26,
28,2013-07-01,2013,7,67.40326,8.23,0.03,
28,2013-08-01,2013,8,70.56455,8.45,0.24,
28,2013-09-01,2013,9,64.12906,8.9,0.35,
28,2013-10-01,2013,10,71.18552,9.25,0.57,
28,2013-11-01,2013,11,72.31455,9.45,0.54,
28,2013-12-01,2013,12,92.01617,9.9,0.92,
28,2014-01-01,2014,1,75.53229,10.17,0.55,
28,2014-02-01,2014,2,66.89519,10.43,0.69,
28,2014-03-01,2014,3,69.88713,10.65,0.92,
28,2014-04-01,2014,4,69.60487,10.87,0.67,
28,2014-05-01,2014,5,75.47584,10.9,0.46,
28,2014-06-01,2014,6,68.47584,10.9,0.4,
28,2014-07-01,2014,7,69.77423,10.9,0.01,
28,2014-08-01,2014,8,73.38713,10.9,0.25,
28,2014-09-01,2014,9,72.08874,10.9,0.57,
28,2014-10-01,2014,10,75.02423,10.92,0.42,
28,2014-11-01,2014,11,79.82262,11.15,0.51,
28,2014-12-01,2014,12,96.3065,11.58,0.78,
28,2015-01-01,2015,1,80.7823,11.82,1.24,
28,2015-02-01,2015,2,74.23391,12.15,1.22,
28,2015-03-01,2015,3,78.75004,12.58,1.32,
28,2015-04-01,2015,4,81.12101,12.68,0.71,
28,2015-05-01,2015,5,81.06455,13.15,0.74,
28,2015-06-01,2015,6,79.1452,13.58,0.79,
28,2015-07-01,2015,7,73.72584,13.69,0.62,
28,2015-08-01,2015,8,74.45971,14.15,0.22,
28,2015-09-01,2015,9,70.95971,14.15,0.54,
28,2015-10-01,2015,10,77.11294,14.15,0.82,
28,2015-11-01,2015,11,76.43552,14.15,1.01,
28,2015-12-01,2015,12,95.91133,14.15,0.96,
28,2016-01-01,2016,1,80.61294,14.15,1.27,
28,2016-02-01,2016,2,73.66939,14.15,0.9,
28,2016-03-01,2016,3,79.1452,14.15,0.43,
28,2016-04-01,2016,4,76.94358,14.15,0.61,
28,2016-05-01,2016,5,76.60487,14.15,0.78,
28,2016-06-01,2016,6,74.68552,14.15,0.35,
28,2016-07-01,2016,7,74.62907,14.15,0.52,
28,2016-08-01,2016,8,75.70165,14.15,0.44,
28,2016-09-01,2016,9,73.83874,14.15,0.08,
28,2016-10-01,2016,10,79.03229,14.05,0.26,
28,2016-11-01,2016,11,81.57262,13.9,0.18,
28,2016-12-01,2016,12,101.6694,13.65,0.3,
28,2017-01-01,2017,1,77.76075,13.17,0.38,
28,2017-02-01,2017,2,68.1758,12.82,0.33,
28,2017-03-01,2017,3,75.13964,12.15,0.25,
28,2017-04-01,2017,4,73.60457,11.59,0.14,
28,2017-05-01,2017,5,74.74208,11.15,0.31,
28,2017-06-01,2017,6,71.57771,10.15,-0.23,
28,2017-07-01,2017,7,73.04657,10.01,0.24,
28,2017-08-01,2017,8,75.06969,9.15,0.19,
28,2017-09-01,2017,9,75.75561,8.35,0.16,
28,2017-10-01,2017,10,74.53761,8.01,0.42,
28,2017-11-01,2017,11,82.47777,7.4,0.28,
28,2017-12-01,2017,12,92.82887,7.0,0.44,
28,2018-01-01,2018,1,79.39603,6.9,0.29,
28,2018-02-01,2018,2,69.12018,6.72,0.32,
28,2018-03-01,2018,3,77.49315,6.58,0.09,
28,2018-04-01,2018,4,71.60494,6.4,0.22,
28,2018-05-01,2018,5,77.02423,6.4,0.4,
28,2018-06-01,2018,6,77.08725,6.4,1.26,
28,2018-07-01,2018,7,75.56929,6.4,0.33,
28,2018-08-01,2018,8,79.3857,6.4,-0.09,
28,2018-09-01,2018,9,77.02686,6.4,0.48,
28,2018-10-01,2018,10,80.11727,6.4,0.45,
28,2018-11-01,2018,11,87.8908,6.4,-0.21,
28,2018-12-01,2018,12,96.55851,6.4,0.15,
28,2019-01-01,2019,1,79.80763,6.4,0.32,
28,2019-02-01,2019,2,72.16453,6.4,0.43,
28,2019-03-01,2019,3,78.32179,6.4,0.75,
28,2019-04-01,2019,4,78.1568,6.4,0.57,
28,2019-05-01,2019,5,80.28005,6.4,0.13,
28,2019-06-01,2019,6,74.46991,6.4,0.01,
28,2019-07-01,2019,7,77.55457,6.4,0.19,
28,2019-08-01,2019,8,79.37692,5.9,0.11,
28,2019-09-01,2019,9,74.88099,5.71,-0.04,
28,2019-10-01,2019,10,79.78318,5.38,0.1,
28,2019-11-01,2019,11,87.86754,4.9,0.51,
28,2019-12-01,2019,12,98.25136,4.59,1.15,
28,2020-01-01,2020,1,81.67682,4.4,0.21,
28,2020-02-01,2020,2,75.25489,4.19,0.25,
28,2020-03-01,2020,3,71.78778,3.95,0.07,
28,2020-04-01,2020,4,59.62871,3.65,-0.31,
28,2020-05-01,2020,5,69.45085,3.01,-0.38,
28,2020-06-01,2020,6,71.28902,2.58,0.26,
28,2020-07-01,2020,7,77.94648,2.15,0.36,
28,2020-08-01,2020,8,84.17364,1.94,0.24,
28,2020-09-01,2020,9,83.47272,1.9,0.64,
28,2020-10-01,2020,10,90.25703,1.9,0.86,
28,2020-11-01,2020,11,96.66091,1.9,0.89,
28,2020-12-01,2020,12,105.97593,1.9,1.35,
28,2021-01-01,2021,1,85.59501,1.9,0.25,
28,2021-02-01,2021,2,78.27267,1.9,0.86,
28,2021-03-01,2021,3,83.45886,2.23,0.93,
28,2021-04-01,2021,4,79.01111,2.65,0.31,
28,2021-05-01,2021,5,86.77142,3.29,0.83,
28,2021-06-01,2021,6,84.056,3.76,0.53,
28,2021-07-01,2021,7,89.64314,4.15,0.96,
28,2021-08-01,2021,8,87.23089,5.01,0.87,
28,2021-09-01,2021,9,84.70783,5.43,1.16,
28,2021-10-01,2021,10,91.26014,6.3,1.25,
28,2021-11-01,2021,11,96.29278,7.65,0.95,
28,2021-12-01,2021,12,109.17765,8.76,0.73,
28,2022-01-01,2022,1,90.04357,9.15,0.54,21083421801.12
28,2022-02-01,2022,2,83.53764,10.49,1.01,21214851215.59
28,2022-03-01,2022,3,93.00916,11.15,1.62,21542482388.3
28,2022-04-01,2022,4,99.2944,11.65,1.06,21971123262.4
28,2022-05-01,2022,5,103.97653,12.51,0.47,22394852491.03
28,2022-06-01,2022,6,103.92298,12.89,0.67,22752773543.95
28,2022-07-01,2022,7,100.00409,13.15,-0.68,23085361113.09
28,2022-08-01,2022,8,99.34342,13.58,-0.36,23433492563.44
28,2022-09-01,2022,9,96.20377,13.65,-0.29,23726912127.36
28,2022-10-01,2022,10,100.79708,13.65,0.59,24141533762.18
28,2022-11-01,2022,11,109.14136,13.65,0.41,24506933197.29
28,2022-12-01,2022,12,120.72599,13.65,0.62,24747064843.43
28,2023-01-01,2023,1,101.00091,,0.53,25076218800.72
28,2023-02-01,2023,2,91.17129,,0.84,25081666344.91
28,2023-03-01,2023,3,101.19924,,0.71,25425681610.37
28,2023-04-01,2023,4,98.70948,,0.61,25609757350.27
28,2023-05-01,2023,5,101.65244,,0.23,25917833364.54
28,2023-06-01,2023,6,100.38896,,-0.08,25980504130.09
28,2023-07-01,2023,7,102.87928,,0.12,26235639890.13
28,2023-08-01,2023,8,103.56107,,0.23,26551182767.53
28,2023-09-01,2023,9,100.25524,,0.26,26756088533.29
28,2023-10-01,2023,10,103.20774,,0.24,27048177646.59
28,2023-11-01,2023,11,111.49591,,0.28,27409834356.07
28,2023-12-01,2023,12,123.37263,,0.56,27616064383.24
28,2024-01-01,2024,1,106.13612,,0.42,
28,2024-02-01,2024,2,99.25871,,0.83,
28,2024-03-01,2024,3,110.69804,,0.16,
28,2024-04-01,2024,4,106.35465,,0.38,
28,2024-05-01,2024,5,113.86643,,0.46,
28,2024-06-01,2024,6,107.45953,,0.21,
28,2024-07-01,2024,7,111.24494,,0.38,
28,2024-08-01,2024,8,112.43668,,-0.02,
28,2024-09-01,2024,9,108.124,,0.44,
28,2024-10-01,2024,10,114.57669,,0.56,
28,2024-11-01,2024,11,120.95662,,0.39,
28,2024-12-01,2024,12,132.20801,,0.52,
28,2025-01-01,2025,1,110.22949,,0.16,
28,2025-02-01,2025,2,104.42814,,1.31,
28,2025-03-01,2025,3,110.92424,,0.56,
28,2025-04-01,2025,4,114.63665,,0.43,
28,2025-05-01,2025,5,120.84583,,0.26,
28,2025-06-01,2025,6,111.35273,,0.24,
28,2025-07-01,2025,7,117.26869,,0.26,
28,2025-08-01,2025,8,116.58947,,-0.11,
28,2025-09-01,2025,9,112.17393,,0.48,
28,2025-10-01,2025,10,120.48822,,0.09,
28,2025-11-01,2025,11,126.66998,,0.18,
29,2007-12-01,2007,12,52.67903,,,
29,2008-01-01,2008,1,38.95401,,,
29,2008-02-01,2008,2,34.91053,,,
29,2008-03-01,2008,3,39.52351,,,
29,2008-04-01,2008,4,37.75805,,,
29,2008-05-01,2008,5,41.74457,,,
29,2008-06-01,2008,6,40.43471,,,
29,2008-07-01,2008,7,40.49166,,,
29,2008-08-01,2008,8,42.25712,,,
29,2008-09-01,2008,9,41.34592,,,
29,2008-10-01,2008,10,43.79478,,,
29,2008-11-01,2008,11,42.59882,,,
29,2008-12-01,2008,12,57.34895,,,
29,2009-01-01,2009,1,42.48492,,,
29,2009-02-01,2009,2,38.89706,,,
29,2009-03-01,2009,3,42.71273,,,
29,2009-04-01,2009,4,41.51677,,,
29,2009-05-01,2009,5,44.76294,,,
29,2009-06-01,2009,6,44.36428,,,
29,2009-07-01,2009,7,44.81989,,,
29,2009-08-01,2009,8,45.95889,,,
29,2009-09-01,2009,9,45.21854,,,
29,2009-10-01,2009,10,48.92031,,,
29,2009-11-01,2009,11,46.7562,,,
29,2009-12-01,2009,12,65.03724,,,
29,2010-01-01,2010,1,47.95215,,,
29,2010-02-01,2010,2,44.19343,,,
29,2010-03-01,2010,3,51.36917,,,
29,2010-04-01,2010,4,47.15485,,,
29,2010-05-01,2010,5,50.85662,,,
29,2010-06-01,2010,6,49.48981,,,
29,2010-07-01,2010,7,49.54676,,,
29,2010-08-01,2010,8,49.83151,,,
29,2010-09-01,2010,9,49.66066,,,
29,2010-10-01,2010,10,53.70413,,,
29,2010-11-01,2010,11,54.38754,,,
29,2010-12-01,2010,12,74.32014,,,
29,2011-01-01,2011,1,53.13463,,0.83,
29,2011-02-01,2011,2,50.51492,,0.8,
29,2011-03-01,2011,3,53.70413,,0.79,
29,2011-04-01,2011,4,54.55839,,0.77,
29,2011-05-01,2011,5,55.41264,,0.47,
29,2011-06-01,2011,6,55.29874,,0.15,
29,2011-07-01,2011,7,56.0391,,0.16,
29,2011-08-01,2011,8,56.8364,,0.37,
29,2011-09-01,2011,9,54.61534,,0.53,
29,2011-10-01,2011,10,56.55165,,0.43,
29,2011-11-01,2011,11,57.00725,,0.52,
29,2011-12-01,2011,12,79.78737,,0.5,
29,2012-01-01,2012,1,58.94356,10.7,0.56,
29,2012-02-01,2012,2,56.32385,10.4,0.45,
29,2012-03-01,2012,3,62.58838,9.82,0.21,
29,2012-04-01,2012,4,59.17136,9.35,0.64,
29,2012-05-01,2012,5,62.30363,8.87,0.36,
29,2012-06-01,2012,6,63.89824,8.39,0.08,
29,2012-07-01,2012,7,62.36058,8.07,0.43,
29,2012-08-01,2012,8,63.55654,7.85,0.41,
29,2012-09-01,2012,9,61.67718,7.39,0.57,
29,2012-10-01,2012,10,65.5498,7.23,0.59,
29,2012-11-01,2012,11,65.6637,7.14,0.6,
29,2012-12-01,2012,12,87.70346,7.16,0.79,
29,2013-01-01,2013,1,65.37894,7.11,0.86,
29,2013-02-01,2013,2,57.7476,7.12,0.6,
29,2013-03-01,2013,3,67.42916,7.15,0.47,
29,2013-04-01,2013,4,64.92334,7.26,0.55,
29,2013-05-01,2013,5,70.33362,7.42,0.37,
29,2013-06-01,2013,6,68.39731,7.9,0.26,
29,2013-07-01,2013,7,69.70717,8.23,0.03,
29,2013-08-01,2013,8,73.18114,8.45,0.24,
29,2013-09-01,2013,9,68.28341,8.9,0.35,
29,2013-10-01,2013,10,71.92823,9.25,0.57,
29,2013-11-01,2013,11,73.75064,9.45,0.54,
29,2013-12-01,2013,12,97.44196,9.9,0.92,
29,2014-01-01,2014,1,76.25645,10.17,0.55,
29,2014-02-01,2014,2,69.99192,10.43,0.69,
29,2014-03-01,2014,3,73.12419,10.65,0.92,
29,2014-04-01,2014,4,70.96007,10.87,0.67,
29,2014-05-01,2014,5,79.78737,10.9,0.46,
29,2014-06-01,2014,6,73.80759,10.9,0.4,
29,2014-07-01,2014,7,74.54794,10.9,0.01,
29,2014-08-01,2014,8,77.85106,10.9,0.25,
29,2014-09-01,2014,9,75.00355,10.9,0.57,
29,2014-10-01,2014,10,79.55957,10.92,0.42,
29,2014-11-01,2014,11,82.46403,11.15,0.51,
29,2014-12-01,2014,12,103.19394,11.58,0.78,
29,2015-01-01,2015,1,77.05376,11.82,1.24,
29,2015-02-01,2015,2,70.10582,12.15,1.22,
29,2015-03-01,2015,3,78.13581,12.58,1.32,
29,2015-04-01,2015,4,73.86454,12.68,0.71,
29,2015-05-01,2015,5,77.85106,13.15,0.74,
29,2015-06-01,2015,6,75.63,13.58,0.79,
29,2015-07-01,2015,7,75.4022,13.69,0.62,
29,2015-08-01,2015,8,75.8578,14.15,0.22,
29,2015-09-01,2015,9,73.52284,14.15,0.54,
29,2015-10-01,2015,10,78.47751,14.15,0.82,
29,2015-11-01,2015,11,79.21787,14.15,1.01,
29,2015-12-01,2015,12,98.29622,14.15,0.96,
29,2016-01-01,2016,1,74.71879,14.15,1.27,
29,2016-02-01,2016,2,70.96007,14.15,0.9,
29,2016-03-01,2016,3,76.25645,14.15,0.43,
29,2016-04-01,2016,4,71.81433,14.15,0.61,
29,2016-05-01,2016,5,73.01028,14.15,0.78,
29,2016-06-01,2016,6,72.66858,14.15,0.35,
29,2016-07-01,2016,7,73.46589,14.15,0.52,
29,2016-08-01,2016,8,74.26319,14.15,0.44,
29,2016-09-01,2016,9,71.47263,14.15,0.08,
29,2016-10-01,2016,10,75.0605,14.05,0.26,
29,2016-11-01,2016,11,78.59141,13.9,0.18,
29,2016-12-01,2016,12,96.92941,13.65,0.3,
29,2017-01-01,2017,1,75.24546,13.17,0.38,
29,2017-02-01,2017,2,68.64353,12.82,0.33,
29,2017-03-01,2017,3,74.87233,12.15,0.25,
29,2017-04-01,2017,4,70.72038,11.59,0.14,
29,2017-05-01,2017,5,72.63915,11.15,0.31,
29,2017-06-01,2017,6,73.06324,10.15,-0.23,
29,2017-07-01,2017,7,72.6097,10.01,0.24,
29,2017-08-01,2017,8,73.81869,9.15,0.19,
29,2017-09-01,2017,9,72.10685,8.35,0.16,
29,2017-10-01,2017,10,72.60595,8.01,0.42,
29,2017-11-01,2017,11,82.47224,7.4,0.28,
29,2017-12-01,2017,12,99.12384,7.0,0.44,
29,2018-01-01,2018,1,74.5892,6.9,0.29,
29,2018-02-01,2018,2,67.69667,6.72,0.32,
29,2018-03-01,2018,3,75.66323,6.58,0.09,
29,2018-04-01,2018,4,70.85935,6.4,0.22,
29,2018-05-01,2018,5,73.59416,6.4,0.4,
29,2018-06-01,2018,6,77.0948,6.4,1.26,
29,2018-07-01,2018,7,73.43816,6.4,0.33,
29,2018-08-01,2018,8,77.45524,6.4,-0.09,
29,2018-09-01,2018,9,74.20546,6.4,0.48,
29,2018-10-01,2018,10,76.24647,6.4,0.45,
29,2018-11-01,2018,11,89.99626,6.4,-0.21,
29,2018-12-01,2018,12,102.06843,6.4,0.15,
29,2019-01-01,2019,1,77.14194,6.4,0.32,
29,2019-02-01,2019,2,73.40747,6.4,0.43,
29,2019-03-01,2019,3,76.05446,6.4,0.75,
29,2019-04-01,2019,4,76.37217,6.4,0.57,
29,2019-05-01,2019,5,80.64465,6.4,0.13,
29,2019-06-01,2019,6,76.98922,6.4,0.01,
29,2019-07-01,2019,7,77.27157,6.4,0.19,
29,2019-08-01,2019,8,79.37486,5.9,0.11,
29,2019-09-01,2019,9,76.83534,5.71,-0.04,
29,2019-10-01,2019,10,79.65661,5.38,0.1,
29,2019-11-01,2019,11,94.30762,4.9,0.51,
29,2019-12-01,2019,12,112.07269,4.59,1.15,
29,2020-01-01,2020,1,79.87913,4.4,0.21,
29,2020-02-01,2020,2,75.70633,4.19,0.25,
29,2020-03-01,2020,3,72.2006,3.95,0.07,
29,2020-04-01,2020,4,57.89437,3.65,-0.31,
29,2020-05-01,2020,5,64.54411,3.01,-0.38,
29,2020-06-01,2020,6,69.0535,2.58,0.26,
29,2020-07-01,2020,7,78.26924,2.15,0.36,
29,2020-08-01,2020,8,86.03284,1.94,0.24,
29,2020-09-01,2020,9,83.98879,1.9,0.64,
29,2020-10-01,2020,10,90.30617,1.9,0.86,
29,2020-11-01,2020,11,98.24753,1.9,0.89,
29,2020-12-01,2020,12,109.45691,1.9,1.35,
29,2021-01-01,2021,1,82.29594,1.9,0.25,
29,2021-02-01,2021,2,77.39908,1.9,0.86,
29,2021-03-01,2021,3,79.65286,2.23,0.93,
29,2021-04-01,2021,4,84.78631,2.65,0.31,
29,2021-05-01,2021,5,92.70993,3.29,0.83,
29,2021-06-01,2021,6,89.64852,3.76,0.53,
29,2021-07-01,2021,7,93.52938,4.15,0.96,
29,2021-08-01,2021,8,90.59722,5.01,0.87,
29,2021-09-01,2021,9,88.90018,5.43,1.16,
29,2021-10-01,2021,10,92.35044,6.3,1.25,
29,2021-11-01,2021,11,100.12966,7.65,0.95,
29,2021-12-01,2021,12,112.57953,8.76,0.73,
29,2022-01-01,2022,1,90.09336,9.15,0.54,113342924672.38
29,2022-02-01,2022,2,87.95359,10.49,1.01,114393735528.45
29,2022-03-01,2022,3,96.70744,11.15,1.62,116016435963.25
29,2022-04-01,2022,4,97.34845,11.65,1.06,118049406539.64
29,2022-05-01,2022,5,103.65125,12.51,0.47,119867420847.5
29,2022-06-01,2022,6,101.20535,12.89,0.67,121666119417.09
29,2022-07-01,2022,7,98.70288,13.15,-0.68,123332380635.98
29,2022-08-01,2022,8,99.59377,13.58,-0.36,125362199762.81999
29,2022-09-01,2022,9,96.53557,13.65,-0.29,127363920207.41
29,2022-10-01,2022,10,98.96752,13.65,0.59,129216905239.21
29,2022-11-01,2022,11,107.46625,13.65,0.41,131455678330.02
29,2022-12-01,2022,12,121.77457,13.65,0.62,132963234169.58
29,2023-01-01,2023,1,98.62483,,0.53,134233075964.99
29,2023-02-01,2023,2,91.91876,,0.84,134719874803.57
29,2023-03-01,2023,3,104.09315,,0.71,136258780588.8
29,2023-04-01,2023,4,100.87121,,0.61,136558662692.44
29,2023-05-01,2023,5,102.21504,,0.23,137657046097.01
29,2023-06-01,2023,6,103.21065,,-0.08,136956050010.61
29,2023-07-01,2023,7,104.6536,,0.12,137658002784.91
29,2023-08-01,2023,8,104.14074,,0.23,139232885406.52
29,2023-09-01,2023,9,102.97598,,0.26,140114211844.81
29,2023-10-01,2023,10,106.11357,,0.24,141559538060.91
29,2023-11-01,2023,11,112.7389,,0.28,143652361989.36
29,2023-12-01,2023,12,128.41041,,0.56,144971361446.41
29,2024-01-01,2024,1,109.47626,,0.42,
29,2024-02-01,2024,2,103.29408,,0.83,
29,2024-03-01,2024,3,116.72856,,0.16,
29,2024-04-01,2024,4,110.56328,,0.38,
29,2024-05-01,2024,5,118.84557,,0.46,
29,2024-06-01,2024,6,111.09663,,0.21,
29,2024-07-01,2024,7,112.69992,,0.38,
29,2024-08-01,2024,8,116.23223,,-0.02,
29,2024-09-01,2024,9,110.19681,,0.44,
29,2024-10-01,2024,10,119.48956,,0.56,
29,2024-11-01,2024,11,124.92647,,0.39,
29,2024-12-01,2024,12,140.59451,,0.52,
29,2025-01-01,2025,1,117.32901,,0.16,
29,2025-02-01,2025,2,113.08706,,1.31,
29,2025-03-01,2025,3,118.02279,,0.56,
29,2025-04-01,2025,4,121.08698,,0.43,
29,2025-05-01,2025,5,126.75979,,0.26,
29,2025-06-01,2025,6,118.98655,,0.24,
29,2025-07-01,2025,7,121.72575,,0.26,
29,2025-08-01,2025,8,123.06499,,-0.11,
29,2025-09-01,2025,9,121.43373,,0.48,
29,2025-10-01,2025,10,127.52331,,0.09,
29,2025-11-01,2025,11,131.04262,,0.18,
31,2007-12-01,2007,12,34.94191,,,
31,2008-01-01,2008,1,26.54439,,,
31,2008-02-01,2008,2,24.86488,,,
31,2008-03-01,2008,3,27.48655,,,
31,2008-04-01,2008,4,26.83113,,,
31,2008-05-01,2008,5,29.24798,,,
31,2008-06-01,2008,6,27.85522,,,
31,2008-07-01,2008,7,29.32991,,,
31,2008-08-01,2008,8,29.9034,,,
31,2008-09-01,2008,9,28.96124,,,
31,2008-10-01,2008,10,30.59978,,,
31,2008-11-01,2008,11,28.96124,,,
31,2008-12-01,2008,12,37.52262,,,
31,2009-01-01,2009,1,29.4528,,,
31,2009-02-01,2009,2,26.7492,,,
31,2009-03-01,2009,3,29.49376,,,
31,2009-04-01,2009,4,29.94436,,,
31,2009-05-01,2009,5,31.05038,,,
31,2009-06-01,2009,6,29.69858,,,
31,2009-07-01,2009,7,31.46001,,,
31,2009-08-01,2009,8,31.37809,,,
31,2009-09-01,2009,9,30.8046,,,
31,2009-10-01,2009,10,33.30337,,,
31,2009-11-01,2009,11,31.62387,,,
31,2009-12-01,2009,12,42.27439,,,
31,2010-01-01,2010,1,32.89374,,,
31,2010-02-01,2010,2,30.14918,,,
31,2010-03-01,2010,3,34.45035,,,
31,2010-04-01,2010,4,33.42626,,,
31,2010-05-01,2010,5,35.26962,,,
31,2010-06-01,2010,6,34.2865,,,
31,2010-07-01,2010,7,35.72022,,,
31,2010-08-01,2010,8,35.26962,,,
31,2010-09-01,2010,9,35.47444,,,
31,2010-10-01,2010,10,37.27684,,,
31,2010-11-01,2010,11,36.66238,,,
31,2010-12-01,2010,12,49.36109,,,
31,2011-01-01,2011,1,37.97322,,0.83,
31,2011-02-01,2011,2,35.80215,,0.8,
31,2011-03-01,2011,3,38.62864,,0.79,
31,2011-04-01,2011,4,39.65272,,0.77,
31,2011-05-01,2011,5,40.10332,,0.47,
31,2011-06-01,2011,6,38.75153,,0.15,
31,2011-07-01,2011,7,40.39007,,0.16,
31,2011-08-01,2011,8,40.75874,,0.37,
31,2011-09-01,2011,9,40.30814,,0.53,
31,2011-10-01,2011,10,41.65994,,0.43,
31,2011-11-01,2011,11,41.57801,,0.52,
31,2011-12-01,2011,12,55.99718,,0.5,
31,2012-01-01,2012,1,42.39728,10.7,0.56,
31,2012-02-01,2012,2,40.43103,10.4,0.45,
31,2012-03-01,2012,3,44.56835,9.82,0.21,
31,2012-04-01,2012,4,42.43825,9.35,0.64,
31,2012-05-01,2012,5,44.03582,8.87,0.36,
31,2012-06-01,2012,6,43.70812,8.39,0.08,
31,2012-07-01,2012,7,44.65028,8.07,0.43,
31,2012-08-01,2012,8,46.16593,7.85,0.41,
31,2012-09-01,2012,9,44.19968,7.39,0.57,
31,2012-10-01,2012,10,46.32978,7.23,0.59,
31,2012-11-01,2012,11,45.26473,7.14,0.6,
31,2012-12-01,2012,12,59.27427,7.16,0.79,
31,2013-01-01,2013,1,46.00208,7.11,0.86,
31,2013-02-01,2013,2,42.11054,7.12,0.6,
31,2013-03-01,2013,3,47.80447,7.15,0.47,
31,2013-04-01,2013,4,45.59244,7.26,0.55,
31,2013-05-01,2013,5,48.25507,7.42,0.37,
31,2013-06-01,2013,6,45.92015,7.9,0.26,
31,2013-07-01,2013,7,48.37796,8.23,0.03,
31,2013-08-01,2013,8,49.60687,8.45,0.24,
31,2013-09-01,2013,9,47.10809,8.9,0.35,
31,2013-10-01,2013,10,49.85265,9.25,0.57,
31,2013-11-01,2013,11,50.4671,9.45,0.54,
31,2013-12-01,2013,12,63.32966,9.9,0.92,
31,2014-01-01,2014,1,51.8189,10.17,0.55,
31,2014-02-01,2014,2,47.72254,10.43,0.69,
31,2014-03-01,2014,3,50.05747,10.65,0.92,
31,2014-04-01,2014,4,50.71288,10.87,0.67,
31,2014-05-01,2014,5,52.84299,10.9,0.46,
31,2014-06-01,2014,6,48.95145,10.9,0.4,
31,2014-07-01,2014,7,51.57312,10.9,0.01,
31,2014-08-01,2014,8,52.39239,10.9,0.25,
31,2014-09-01,2014,9,51.45023,10.9,0.57,
31,2014-10-01,2014,10,54.8502,10.92,0.42,
31,2014-11-01,2014,11,54.76828,11.15,0.51,
31,2014-12-01,2014,12,68.73685,11.58,0.78,
31,2015-01-01,2015,1,54.76828,11.82,1.24,
31,2015-02-01,2015,2,48.337,12.15,1.22,
31,2015-03-01,2015,3,53.29359,12.58,1.32,
31,2015-04-01,2015,4,52.63817,12.68,0.71,
31,2015-05-01,2015,5,54.44057,13.15,0.74,
31,2015-06-01,2015,6,52.55624,13.58,0.79,
31,2015-07-01,2015,7,55.54658,13.69,0.62,
31,2015-08-01,2015,8,54.93213,14.15,0.22,
31,2015-09-01,2015,9,53.82612,14.15,0.54,
31,2015-10-01,2015,10,59.31523,14.15,0.82,
31,2015-11-01,2015,11,58.0044,14.15,1.01,
31,2015-12-01,2015,12,73.89826,14.15,0.96,
31,2016-01-01,2016,1,57.47187,14.15,1.27,
31,2016-02-01,2016,2,55.13695,14.15,0.9,
31,2016-03-01,2016,3,60.09354,14.15,0.43,
31,2016-04-01,2016,4,57.79958,14.15,0.61,
31,2016-05-01,2016,5,58.78271,14.15,0.78,
31,2016-06-01,2016,6,58.49596,14.15,0.35,
31,2016-07-01,2016,7,61.32245,14.15,0.52,
31,2016-08-01,2016,8,61.4863,14.15,0.44,
31,2016-09-01,2016,9,60.38028,14.15,0.08,
31,2016-10-01,2016,10,61.9369,14.05,0.26,
31,2016-11-01,2016,11,62.71521,13.9,0.18,
31,2016-12-01,2016,12,77.66691,13.65,0.3,
31,2017-01-01,2017,1,61.75505,13.17,0.38,
31,2017-02-01,2017,2,57.65759,12.82,0.33,
31,2017-03-01,2017,3,64.41311,12.15,0.25,
31,2017-04-01,2017,4,60.96574,11.59,0.14,
31,2017-05-01,2017,5,61.70852,11.15,0.31,
31,2017-06-01,2017,6,61.65487,10.15,-0.23,
31,2017-07-01,2017,7,61.93221,10.01,0.24,
31,2017-08-01,2017,8,62.82407,9.15,0.19,
31,2017-09-01,2017,9,59.92655,8.35,0.16,
31,2017-10-01,2017,10,63.65058,8.01,0.42,
31,2017-11-01,2017,11,68.54598,7.4,0.28,
31,2017-12-01,2017,12,81.88541,7.0,0.44,
31,2018-01-01,2018,1,63.74103,6.9,0.29,
31,2018-02-01,2018,2,57.68272,6.72,0.32,
31,2018-03-01,2018,3,67.07935,6.58,0.09,
31,2018-04-01,2018,4,62.10689,6.4,0.22,
31,2018-05-01,2018,5,64.13386,6.4,0.4,
31,2018-06-01,2018,6,62.87334,6.4,1.26,
31,2018-07-01,2018,7,60.77997,6.4,0.33,
31,2018-08-01,2018,8,66.41248,6.4,-0.09,
31,2018-09-01,2018,9,61.31652,6.4,0.48,
31,2018-10-01,2018,10,67.64539,6.4,0.45,
31,2018-11-01,2018,11,70.65277,6.4,-0.21,
31,2018-12-01,2018,12,79.25493,6.4,0.15,
31,2019-01-01,2019,1,65.42721,6.4,0.32,
31,2019-02-01,2019,2,60.60317,6.4,0.43,
31,2019-03-01,2019,3,66.24392,6.4,0.75,
31,2019-04-01,2019,4,64.82715,6.4,0.57,
31,2019-05-01,2019,5,65.54992,6.4,0.13,
31,2019-06-01,2019,6,65.07388,6.4,0.01,
31,2019-07-01,2019,7,67.69324,6.4,0.19,
31,2019-08-01,2019,8,67.84874,5.9,0.11,
31,2019-09-01,2019,9,66.54477,5.71,-0.04,
31,2019-10-01,2019,10,70.62479,5.38,0.1,
31,2019-11-01,2019,11,74.82577,4.9,0.51,
31,2019-12-01,2019,12,84.641,4.59,1.15,
31,2020-01-01,2020,1,66.80931,4.4,0.21,
31,2020-02-01,2020,2,65.57032,4.19,0.25,
31,2020-03-01,2020,3,68.06255,3.95,0.07,
31,2020-04-01,2020,4,57.41201,3.65,-0.31,
31,2020-05-01,2020,5,66.30314,3.01,-0.38,
31,2020-06-01,2020,6,68.50502,2.58,0.26,
31,2020-07-01,2020,7,75.21911,2.15,0.36,
31,2020-08-01,2020,8,78.28031,1.94,0.24,
31,2020-09-01,2020,9,79.93831,1.9,0.64,
31,2020-10-01,2020,10,86.04466,1.9,0.86,
31,2020-11-01,2020,11,86.2584,1.9,0.89,
31,2020-12-01,2020,12,96.27783,1.9,1.35,
31,2021-01-01,2021,1,81.86975,1.9,0.25,
31,2021-02-01,2021,2,72.8532,1.9,0.86,
31,2021-03-01,2021,3,79.91174,2.23,0.93,
31,2021-04-01,2021,4,77.91849,2.65,0.31,
31,2021-05-01,2021,5,83.68585,3.29,0.83,
31,2021-06-01,2021,6,84.6474,3.76,0.53,
31,2021-07-01,2021,7,89.85787,4.15,0.96,
31,2021-08-01,2021,8,87.26036,5.01,0.87,
31,2021-09-01,2021,9,86.5443,5.43,1.16,
31,2021-10-01,2021,10,91.06171,6.3,1.25,
31,2021-11-01,2021,11,95.01916,7.65,0.95,
31,2021-12-01,2021,12,106.87356,8.76,0.73,
31,2022-01-01,2022,1,85.98037,9.15,0.54,260499971105.15
31,2022-02-01,2022,2,83.99726,10.49,1.01,262501573604.72
31,2022-03-01,2022,3,95.51739,11.15,1.62,266590033078.29
31,2022-04-01,2022,4,96.69893,11.65,1.06,270113733048.36
31,2022-05-01,2022,5,101.68124,12.51,0.47,274379233101.54
31,2022-06-01,2022,6,99.49636,12.89,0.67,278286560765.61
31,2022-07-01,2022,7,102.16257,13.15,-0.68,282641718215.05
31,2022-08-01,2022,8,102.34282,13.58,-0.36,288507893326.71
31,2022-09-01,2022,9,100.10924,13.65,-0.29,293254442166.0
31,2022-10-01,2022,10,104.74988,13.65,0.59,297727145020.1
31,2022-11-01,2022,11,107.18236,13.65,0.41,302362244709.91
31,2022-12-01,2022,12,120.08158,13.65,0.62,305446602855.51
31,2023-01-01,2023,1,96.43687,,0.53,309395517652.94
31,2023-02-01,2023,2,90.89625,,0.84,310677286851.85
31,2023-03-01,2023,3,102.48906,,0.71,314618563485.98
31,2023-04-01,2023,4,100.87568,,0.61,315809575396.75
31,2023-05-01,2023,5,103.52006,,0.23,318725320974.98
31,2023-06-01,2023,6,100.66408,,-0.08,319146396002.75
31,2023-07-01,2023,7,104.68668,,0.12,321419788292.0
31,2023-08-01,2023,8,107.54704,,0.23,325810974689.02
31,2023-09-01,2023,9,105.18088,,0.26,328716608765.21
31,2023-10-01,2023,10,106.79647,,0.24,332552410491.82
31,2023-11-01,2023,11,114.60697,,0.28,336880026356.47
31,2023-12-01,2023,12,126.6798,,0.56,339384684106.08
31,2024-01-01,2024,1,102.80474,,0.42,
31,2024-02-01,2024,2,100.54776,,0.83,
31,2024-03-01,2024,3,111.12936,,0.16,
31,2024-04-01,2024,4,107.32429,,0.38,
31,2024-05-01,2024,5,116.65531,,0.46,
31,2024-06-01,2024,6,110.20283,,0.21,
31,2024-07-01,2024,7,114.55174,,0.38,
31,2024-08-01,2024,8,115.89934,,-0.02,
31,2024-09-01,2024,9,110.45503,,0.44,
31,2024-10-01,2024,10,116.66253,,0.56,
31,2024-11-01,2024,11,124.19416,,0.39,
31,2024-12-01,2024,12,135.78536,,0.52,
31,2025-01-01,2025,1,111.97905,,0.16,
31,2025-02-01,2025,2,108.04726,,1.31,
31,2025-03-01,2025,3,117.17832,,0.56,
31,2025-04-01,2025,4,117.76995,,0.43,
31,2025-05-01,2025,5,124.98652,,0.26,
31,2025-06-01,2025,6,117.5383,,0.24,
31,2025-07-01,2025,7,122.12048,,0.26,
31,2025-08-01,2025,8,121.0191,,-0.11,
31,2025-09-01,2025,9,116.98493,,0.48,
31,2025-10-01,2025,10,122.77531,,0.09,
31,2025-11-01,2025,11,127.70106,,0.18,
32,2007-12-01,2007,12,39.49341,,,
32,2008-01-01,2008,1,29.68459,,,
32,2008-02-01,2008,2,28.00676,,,
32,2008-03-01,2008,3,31.06126,,,
32,2008-04-01,2008,4,29.81365,,,
32,2008-05-01,2008,5,32.43794,,,
32,2008-06-01,2008,6,29.64157,,,
32,2008-07-01,2008,7,31.49148,,,
32,2008-08-01,2008,8,31.70658,,,
32,2008-09-01,2008,9,30.7171,,,
32,2008-10-01,2008,10,32.61003,,,
32,2008-11-01,2008,11,31.57752,,,
32,2008-12-01,2008,12,42.03166,,,
32,2009-01-01,2009,1,32.3519,,,
32,2009-02-01,2009,2,29.2974,,,
32,2009-03-01,2009,3,30.45897,,,
32,2009-04-01,2009,4,30.97522,,,
32,2009-05-01,2009,5,31.70658,,,
32,2009-06-01,2009,6,30.32991,,,
32,2009-07-01,2009,7,32.13679,,,
32,2009-08-01,2009,8,31.70658,,,
32,2009-09-01,2009,9,31.23335,,,
32,2009-10-01,2009,10,34.71806,,,
32,2009-11-01,2009,11,33.68555,,,
32,2009-12-01,2009,12,45.77449,,,
32,2010-01-01,2010,1,35.62151,,,
32,2010-02-01,2010,2,33.25534,,,
32,2010-03-01,2010,3,36.91214,,,
32,2010-04-01,2010,4,34.8041,,,
32,2010-05-01,2010,5,36.39589,,,
32,2010-06-01,2010,6,34.8041,,,
32,2010-07-01,2010,7,36.95516,,,
32,2010-08-01,2010,8,35.92265,,,
32,2010-09-01,2010,9,35.96567,,,
32,2010-10-01,2010,10,38.84809,,,
32,2010-11-01,2010,11,37.94465,,,
32,2010-12-01,2010,12,52.48579,,,
32,2011-01-01,2011,1,40.78404,,0.83,
32,2011-02-01,2011,2,37.72954,,0.8,
32,2011-03-01,2011,3,41.3003,,0.79,
32,2011-04-01,2011,4,41.5154,,0.77,
32,2011-05-01,2011,5,41.21425,,0.47,
32,2011-06-01,2011,6,39.8806,,0.15,
32,2011-07-01,2011,7,42.97812,,0.16,
32,2011-08-01,2011,8,43.23625,,0.37,
32,2011-09-01,2011,9,41.81655,,0.53,
32,2011-10-01,2011,10,43.7525,,0.43,
32,2011-11-01,2011,11,43.27927,,0.52,
32,2011-12-01,2011,12,58.76688,,0.5,
32,2012-01-01,2012,1,44.48386,10.7,0.56,
32,2012-02-01,2012,2,43.66646,10.4,0.45,
32,2012-03-01,2012,3,48.05462,9.82,0.21,
32,2012-04-01,2012,4,44.69897,9.35,0.64,
32,2012-05-01,2012,5,47.58138,8.87,0.36,
32,2012-06-01,2012,6,47.75347,8.39,0.08,
32,2012-07-01,2012,7,47.88253,8.07,0.43,
32,2012-08-01,2012,8,50.11963,7.85,0.41,
32,2012-09-01,2012,9,48.87202,7.39,0.57,
32,2012-10-01,2012,10,52.22767,7.23,0.59,
32,2012-11-01,2012,11,50.85099,7.14,0.6,
32,2012-12-01,2012,12,68.48966,7.16,0.79,
32,2013-01-01,2013,1,51.2812,7.11,0.86,
32,2013-02-01,2013,2,46.5919,7.12,0.6,
32,2013-03-01,2013,3,53.56132,7.15,0.47,
32,2013-04-01,2013,4,50.42078,7.26,0.55,
32,2013-05-01,2013,5,53.21715,7.42,0.37,
32,2013-06-01,2013,6,49.99057,7.9,0.26,
32,2013-07-01,2013,7,53.38924,8.23,0.03,
32,2013-08-01,2013,8,55.41123,8.45,0.24,
32,2013-09-01,2013,9,50.42078,8.9,0.35,
32,2013-10-01,2013,10,55.66936,9.25,0.57,
32,2013-11-01,2013,11,56.87395,9.45,0.54,
32,2013-12-01,2013,12,70.55467,9.9,0.92,
32,2014-01-01,2014,1,56.87395,10.17,0.55,
32,2014-02-01,2014,2,50.4638,10.43,0.69,
32,2014-03-01,2014,3,54.1206,10.65,0.92,
32,2014-04-01,2014,4,56.61582,10.87,0.67,
32,2014-05-01,2014,5,57.94948,10.9,0.46,
32,2014-06-01,2014,6,51.8835,10.9,0.4,
32,2014-07-01,2014,7,56.05655,10.9,0.01,
32,2014-08-01,2014,8,56.5728,10.9,0.25,
32,2014-09-01,2014,9,55.54029,10.9,0.57,
32,2014-10-01,2014,10,58.93896,10.92,0.42,
32,2014-11-01,2014,11,59.6273,11.15,0.51,
32,2014-12-01,2014,12,75.93232,11.58,0.78,
32,2015-01-01,2015,1,60.01449,11.82,1.24,
32,2015-02-01,2015,2,52.65788,12.15,1.22,
32,2015-03-01,2015,3,56.74489,12.58,1.32,
32,2015-04-01,2015,4,55.7554,12.68,0.71,
32,2015-05-01,2015,5,56.91697,13.15,0.74,
32,2015-06-01,2015,6,53.90549,13.58,0.79,
32,2015-07-01,2015,7,56.91697,13.69,0.62,
32,2015-08-01,2015,8,55.54029,14.15,0.22,
32,2015-09-01,2015,9,52.57184,14.15,0.54,
32,2015-10-01,2015,10,56.78791,14.15,0.82,
32,2015-11-01,2015,11,55.62634,14.15,1.01,
32,2015-12-01,2015,12,74.16845,14.15,0.96,
32,2016-01-01,2016,1,58.50875,14.15,1.27,
32,2016-02-01,2016,2,54.98102,14.15,0.9,
32,2016-03-01,2016,3,56.95999,14.15,0.43,
32,2016-04-01,2016,4,55.49727,14.15,0.61,
32,2016-05-01,2016,5,53.81945,14.15,0.78,
32,2016-06-01,2016,6,53.81945,14.15,0.35,
32,2016-07-01,2016,7,55.49727,14.15,0.52,
32,2016-08-01,2016,8,55.02404,14.15,0.44,
32,2016-09-01,2016,9,52.22767,14.15,0.08,
32,2016-10-01,2016,10,55.97051,14.05,0.26,
32,2016-11-01,2016,11,58.33667,13.9,0.18,
32,2016-12-01,2016,12,74.25449,13.65,0.3,
32,2017-01-01,2017,1,56.22324,13.17,0.38,
32,2017-02-01,2017,2,43.56213,12.82,0.33,
32,2017-03-01,2017,3,52.93233,12.15,0.25,
32,2017-04-01,2017,4,53.41506,11.59,0.14,
32,2017-05-01,2017,5,55.13986,11.15,0.31,
32,2017-06-01,2017,6,53.3745,10.15,-0.23,
32,2017-07-01,2017,7,55.30884,10.01,0.24,
32,2017-08-01,2017,8,54.90174,9.15,0.19,
32,2017-09-01,2017,9,54.66413,8.35,0.16,
32,2017-10-01,2017,10,56.21553,8.01,0.42,
32,2017-11-01,2017,11,57.94907,7.4,0.28,
32,2017-12-01,2017,12,71.45597,7.0,0.44,
32,2018-01-01,2018,1,54.67482,6.9,0.29,
32,2018-02-01,2018,2,50.87341,6.72,0.32,
32,2018-03-01,2018,3,60.74541,6.58,0.09,
32,2018-04-01,2018,4,56.07715,6.4,0.22,
32,2018-05-01,2018,5,58.93054,6.4,0.4,
32,2018-06-01,2018,6,59.00307,6.4,1.26,
32,2018-07-01,2018,7,59.27916,6.4,0.33,
32,2018-08-01,2018,8,61.95097,6.4,-0.09,
32,2018-09-01,2018,9,58.34241,6.4,0.48,
32,2018-10-01,2018,10,63.15276,6.4,0.45,
32,2018-11-01,2018,11,66.00172,6.4,-0.21,
32,2018-12-01,2018,12,76.82991,6.4,0.15,
32,2019-01-01,2019,1,61.50287,6.4,0.32,
32,2019-02-01,2019,2,59.25389,6.4,0.43,
32,2019-03-01,2019,3,65.38297,6.4,0.75,
32,2019-04-01,2019,4,63.56264,6.4,0.57,
32,2019-05-01,2019,5,65.86154,6.4,0.13,
32,2019-06-01,2019,6,60.50652,6.4,0.01,
32,2019-07-01,2019,7,63.9169,6.4,0.19,
32,2019-08-01,2019,8,64.11129,5.9,0.11,
32,2019-09-01,2019,9,61.57625,5.71,-0.04,
32,2019-10-01,2019,10,67.82097,5.38,0.1,
32,2019-11-01,2019,11,71.32526,4.9,0.51,
32,2019-12-01,2019,12,80.90855,4.59,1.15,
32,2020-01-01,2020,1,66.12821,4.4,0.21,
32,2020-02-01,2020,2,64.1371,4.19,0.25,
32,2020-03-01,2020,3,64.38106,3.95,0.07,
32,2020-04-01,2020,4,54.04953,3.65,-0.31,
32,2020-05-01,2020,5,64.23994,3.01,-0.38,
32,2020-06-01,2020,6,65.37814,2.58,0.26,
32,2020-07-01,2020,7,70.40144,2.15,0.36,
32,2020-08-01,2020,8,71.3959,1.94,0.24,
32,2020-09-01,2020,9,72.88395,1.9,0.64,
32,2020-10-01,2020,10,80.65871,1.9,0.86,
32,2020-11-01,2020,11,79.90865,1.9,0.89,
32,2020-12-01,2020,12,96.13285,1.9,1.35,
32,2021-01-01,2021,1,74.46407,1.9,0.25,
32,2021-02-01,2021,2,70.80504,1.9,0.86,
32,2021-03-01,2021,3,78.13719,2.23,0.93,
32,2021-04-01,2021,4,74.05764,2.65,0.31,
32,2021-05-01,2021,5,80.53748,3.29,0.83,
32,2021-06-01,2021,6,80.51967,3.76,0.53,
32,2021-07-01,2021,7,87.28158,4.15,0.96,
32,2021-08-01,2021,8,84.27007,5.01,0.87,
32,2021-09-01,2021,9,85.58213,5.43,1.16,
32,2021-10-01,2021,10,89.23406,6.3,1.25,
32,2021-11-01,2021,11,93.66818,7.65,0.95,
32,2021-12-01,2021,12,110.81463,8.76,0.73,
32,2022-01-01,2022,1,88.00858,9.15,0.54,41677391800.6
32,2022-02-01,2022,2,86.75181,10.49,1.01,42004578174.29
32,2022-03-01,2022,3,97.38928,11.15,1.62,42592856306.63
32,2022-04-01,2022,4,98.75308,11.65,1.06,43165201581.02
32,2022-05-01,2022,5,100.25572,12.51,0.47,43777671445.18
32,2022-06-01,2022,6,97.86938,12.89,0.67,44419314768.18
32,2022-07-01,2022,7,102.81766,13.15,-0.68,45005401065.54
32,2022-08-01,2022,8,101.59591,13.58,-0.36,45732296531.92
32,2022-09-01,2022,9,96.89696,13.65,-0.29,46313433533.22
32,2022-10-01,2022,10,99.47729,13.65,0.59,47004606123.76
32,2022-11-01,2022,11,106.54493,13.65,0.41,47926565181.89
32,2022-12-01,2022,12,123.63939,13.65,0.62,48460713011.6
32,2023-01-01,2023,1,100.79571,,0.53,49248960583.97
32,2023-02-01,2023,2,90.79262,,0.84,49470320850.71
32,2023-03-01,2023,3,106.34336,,0.71,50109563827.61
32,2023-04-01,2023,4,95.95668,,0.61,50379584299.91
32,2023-05-01,2023,5,101.12002,,0.23,50974413947.02
32,2023-06-01,2023,6,98.24238,,-0.08,51044409985.92
32,2023-07-01,2023,7,107.41442,,0.12,51545928058.87
32,2023-08-01,2023,8,104.63223,,0.23,52253824696.88
32,2023-09-01,2023,9,99.01193,,0.26,52731141039.46
32,2023-10-01,2023,10,97.31196,,0.24,53413859727.79
32,2023-11-01,2023,11,119.34149,,0.28,54376150510.38
32,2023-12-01,2023,12,117.37096,,0.56,54979574411.01
32,2024-01-01,2024,1,100.34355,,0.42,
32,2024-02-01,2024,2,93.98696,,0.83,
32,2024-03-01,2024,3,104.90996,,0.16,
32,2024-04-01,2024,4,100.74745,,0.38,
32,2024-05-01,2024,5,103.85985,,0.46,
32,2024-06-01,2024,6,100.40779,,0.21,
32,2024-07-01,2024,7,106.25774,,0.38,
32,2024-08-01,2024,8,106.7453,,-0.02,
32,2024-09-01,2024,9,102.52215,,0.44,
32,2024-10-01,2024,10,112.74979,,0.56,
32,2024-11-01,2024,11,128.42693,,0.39,
32,2024-12-01,2024,12,127.02074,,0.52,
32,2025-01-01,2025,1,109.34617,,0.16,
32,2025-02-01,2025,2,104.54647,,1.31,
32,2025-03-01,2025,3,111.42612,,0.56,
32,2025-04-01,2025,4,111.58773,,0.43,
32,2025-05-01,2025,5,115.16112,,0.26,
32,2025-06-01,2025,6,106.76248,,0.24,
32,2025-07-01,2025,7,114.20517,,0.26,
32,2025-08-01,2025,8,111.31604,,-0.11,
32,2025-09-01,2025,9,107.29306,,0.48,
32,2025-10-01,2025,10,117.59986,,0.09,
32,2025-11-01,2025,11,131.94172,,0.18,
33,2007-12-01,2007,12,49.12519,,,
33,2008-01-01,2008,1,34.38764,,,
33,2008-02-01,2008,2,31.77459,,,
33,2008-03-01,2008,3,35.79868,,,
33,2008-04-01,2008,4,33.91729,,,
33,2008-05-01,2008,5,37.41876,,,
33,2008-06-01,2008,6,35.32833,,,
33,2008-07-01,2008,7,36.94842,,,
33,2008-08-01,2008,8,37.05294,,,
33,2008-09-01,2008,9,35.6419,,,
33,2008-10-01,2008,10,38.09816,,,
33,2008-11-01,2008,11,37.62781,,,
33,2008-12-01,2008,12,54.50806,,,
33,2009-01-01,2009,1,39.35242,,,
33,2009-02-01,2009,2,36.00772,,,
33,2009-03-01,2009,3,39.03885,,,
33,2009-04-01,2009,4,38.04589,,,
33,2009-05-01,2009,5,39.97955,,,
33,2009-06-01,2009,6,38.72529,,,
33,2009-07-01,2009,7,40.44989,,,
33,2009-08-01,2009,8,40.55442,,,
33,2009-09-01,2009,9,38.98659,,,
33,2009-10-01,2009,10,42.64485,,,
33,2009-11-01,2009,11,42.22676,,,
33,2009-12-01,2009,12,59.15928,,,
33,2010-01-01,2010,1,42.85389,,,
33,2010-02-01,2010,2,40.55442,,,
33,2010-03-01,2010,3,44.99659,,,
33,2010-04-01,2010,4,42.27902,,,
33,2010-05-01,2010,5,45.41467,,,
33,2010-06-01,2010,6,44.10815,,,
33,2010-07-01,2010,7,45.31015,,,
33,2010-08-01,2010,8,45.62372,,,
33,2010-09-01,2010,9,45.72824,,,
33,2010-10-01,2010,10,48.86389,,,
33,2010-11-01,2010,11,48.28902,,,
33,2010-12-01,2010,12,69.19336,,,
33,2011-01-01,2011,1,49.22972,,0.83,
33,2011-02-01,2011,2,46.77346,,0.8,
33,2011-03-01,2011,3,49.02067,,0.79,
33,2011-04-01,2011,4,50.06589,,0.77,
33,2011-05-01,2011,5,51.16337,,0.47,
33,2011-06-01,2011,6,48.75937,,0.15,
33,2011-07-01,2011,7,50.32719,,0.16,
33,2011-08-01,2011,8,51.11111,,0.37,
33,2011-09-01,2011,9,50.32719,,0.53,
33,2011-10-01,2011,10,53.04476,,0.43,
33,2011-11-01,2011,11,53.41058,,0.52,
33,2011-12-01,2011,12,73.94909,,0.5,
33,2012-01-01,2012,1,52.10406,10.7,0.56,
33,2012-02-01,2012,2,50.37945,10.4,0.45,
33,2012-03-01,2012,3,54.61258,9.82,0.21,
33,2012-04-01,2012,4,51.58145,9.35,0.64,
33,2012-05-01,2012,5,53.77641,8.87,0.36,
33,2012-06-01,2012,6,53.72415,8.39,0.08,
33,2012-07-01,2012,7,55.08293,8.07,0.43,
33,2012-08-01,2012,8,57.01658,7.85,0.41,
33,2012-09-01,2012,9,55.13519,7.39,0.57,
33,2012-10-01,2012,10,59.05475,7.23,0.59,
33,2012-11-01,2012,11,58.58441,7.14,0.6,
33,2012-12-01,2012,12,81.89274,7.16,0.79,
33,2013-01-01,2013,1,59.05475,7.11,0.86,
33,2013-02-01,2013,2,54.92615,7.12,0.6,
33,2013-03-01,2013,3,64.43762,7.15,0.47,
33,2013-04-01,2013,4,58.68893,7.26,0.55,
33,2013-05-01,2013,5,62.97432,7.42,0.37,
33,2013-06-01,2013,6,59.83867,7.9,0.26,
33,2013-07-01,2013,7,63.49693,8.23,0.03,
33,2013-08-01,2013,8,65.58736,8.45,0.24,
33,2013-09-01,2013,9,61.98136,8.9,0.35,
33,2013-10-01,2013,10,66.47579,9.25,0.57,
33,2013-11-01,2013,11,68.72301,9.45,0.54,
33,2013-12-01,2013,12,90.14996,9.9,0.92,
33,2014-01-01,2014,1,66.05771,10.17,0.55,
33,2014-02-01,2014,2,62.24267,10.43,0.69,
33,2014-03-01,2014,3,65.06475,10.65,0.92,
33,2014-04-01,2014,4,67.25971,10.87,0.67,
33,2014-05-01,2014,5,70.81344,10.9,0.46,
33,2014-06-01,2014,6,66.84162,10.9,0.4,
33,2014-07-01,2014,7,69.19336,10.9,0.01,
33,2014-08-01,2014,8,71.64962,10.9,0.25,
33,2014-09-01,2014,9,69.03658,10.9,0.57,
33,2014-10-01,2014,10,74.52396,10.92,0.42,
33,2014-11-01,2014,11,74.15814,11.15,0.51,
33,2014-12-01,2014,12,98.35491,11.58,0.78,
33,2015-01-01,2015,1,72.43353,11.82,1.24,
33,2015-02-01,2015,2,67.25971,12.15,1.22,
33,2015-03-01,2015,3,71.96318,12.58,1.32,
33,2015-04-01,2015,4,69.24562,12.68,0.71,
33,2015-05-01,2015,5,73.63553,13.15,0.74,
33,2015-06-01,2015,6,69.45466,13.58,0.79,
33,2015-07-01,2015,7,72.27675,13.69,0.62,
33,2015-08-01,2015,8,73.53101,14.15,0.22,
33,2015-09-01,2015,9,70.6044,14.15,0.54,
33,2015-10-01,2015,10,76.45762,14.15,0.82,
33,2015-11-01,2015,11,76.92796,14.15,1.01,
33,2015-12-01,2015,12,101.75186,14.15,0.96,
33,2016-01-01,2016,1,72.27675,14.15,1.27,
33,2016-02-01,2016,2,70.18631,14.15,0.9,
33,2016-03-01,2016,3,76.09179,14.15,0.43,
33,2016-04-01,2016,4,70.70892,14.15,0.61,
33,2016-05-01,2016,5,73.32196,14.15,0.78,
33,2016-06-01,2016,6,74.62849,14.15,0.35,
33,2016-07-01,2016,7,72.90388,14.15,0.52,
33,2016-08-01,2016,8,76.50988,14.15,0.44,
33,2016-09-01,2016,9,73.74005,14.15,0.08,
33,2016-10-01,2016,10,76.40535,14.05,0.26,
33,2016-11-01,2016,11,78.49579,13.9,0.18,
33,2016-12-01,2016,12,101.33378,13.65,0.3,
33,2017-01-01,2017,1,72.101,13.17,0.38,
33,2017-02-01,2017,2,67.89185,12.82,0.33,
33,2017-03-01,2017,3,72.49205,12.15,0.25,
33,2017-04-01,2017,4,70.56835,11.59,0.14,
33,2017-05-01,2017,5,74.36236,11.15,0.31,
33,2017-06-01,2017,6,71.18217,10.15,-0.23,
33,2017-07-01,2017,7,72.71245,10.01,0.24,
33,2017-08-01,2017,8,73.9156,9.15,0.19,
33,2017-09-01,2017,9,72.98869,8.35,0.16,
33,2017-10-01,2017,10,73.65248,8.01,0.42,
33,2017-11-01,2017,11,76.59675,7.4,0.28,
33,2017-12-01,2017,12,97.69198,7.0,0.44,
33,2018-01-01,2018,1,72.74395,6.9,0.29,
33,2018-02-01,2018,2,66.89653,6.72,0.32,
33,2018-03-01,2018,3,78.0794,6.58,0.09,
33,2018-04-01,2018,4,70.37468,6.4,0.22,
33,2018-05-01,2018,5,75.33943,6.4,0.4,
33,2018-06-01,2018,6,73.07591,6.4,1.26,
33,2018-07-01,2018,7,72.35926,6.4,0.33,
33,2018-08-01,2018,8,76.65444,6.4,-0.09,
33,2018-09-01,2018,9,72.56412,6.4,0.48,
33,2018-10-01,2018,10,75.97472,6.4,0.45,
33,2018-11-01,2018,11,82.9484,6.4,-0.21,
33,2018-12-01,2018,12,101.20378,6.4,0.15,
33,2019-01-01,2019,1,75.10358,6.4,0.32,
33,2019-02-01,2019,2,71.87686,6.4,0.43,
33,2019-03-01,2019,3,77.10946,6.4,0.75,
33,2019-04-01,2019,4,74.38202,6.4,0.57,
33,2019-05-01,2019,5,76.90671,6.4,0.13,
33,2019-06-01,2019,6,74.38326,6.4,0.01,
33,2019-07-01,2019,7,78.47208,6.4,0.19,
33,2019-08-01,2019,8,80.12451,5.9,0.11,
33,2019-09-01,2019,9,75.44082,5.71,-0.04,
33,2019-10-01,2019,10,79.28228,5.38,0.1,
33,2019-11-01,2019,11,84.75942,4.9,0.51,
33,2019-12-01,2019,12,109.32567,4.59,1.15,
33,2020-01-01,2020,1,79.82753,4.4,0.21,
33,2020-02-01,2020,2,77.75477,4.19,0.25,
33,2020-03-01,2020,3,76.81233,3.95,0.07,
33,2020-04-01,2020,4,64.49387,3.65,-0.31,
33,2020-05-01,2020,5,73.55141,3.01,-0.38,
33,2020-06-01,2020,6,76.82114,2.58,0.26,
33,2020-07-01,2020,7,85.07031,2.15,0.36,
33,2020-08-01,2020,8,88.31993,1.94,0.24,
33,2020-09-01,2020,9,83.51188,1.9,0.64,
33,2020-10-01,2020,10,89.1324,1.9,0.86,
33,2020-11-01,2020,11,96.78337,1.9,0.89,
33,2020-12-01,2020,12,116.38145,1.9,1.35,
33,2021-01-01,2021,1,84.53655,1.9,0.25,
33,2021-02-01,2021,2,78.17935,1.9,0.86,
33,2021-03-01,2021,3,88.82698,2.23,0.93,
33,2021-04-01,2021,4,86.10178,2.65,0.31,
33,2021-05-01,2021,5,92.78477,3.29,0.83,
33,2021-06-01,2021,6,88.56578,3.76,0.53,
33,2021-07-01,2021,7,94.37203,4.15,0.96,
33,2021-08-01,2021,8,90.97275,5.01,0.87,
33,2021-09-01,2021,9,88.30492,5.43,1.16,
33,2021-10-01,2021,10,91.27397,6.3,1.25,
33,2021-11-01,2021,11,101.37824,7.65,0.95,
33,2021-12-01,2021,12,120.21481,8.76,0.73,
33,2022-01-01,2022,1,91.68781,9.15,0.54,201712637345.16
33,2022-02-01,2022,2,87.94241,10.49,1.01,203094908554.49
33,2022-03-01,2022,3,97.45803,11.15,1.62,206146800749.56
33,2022-04-01,2022,4,99.25234,11.65,1.06,208842676353.18
33,2022-05-01,2022,5,103.58865,12.51,0.47,211873364493.03
33,2022-06-01,2022,6,98.47996,12.89,0.67,213303078841.32
33,2022-07-01,2022,7,99.39844,13.15,-0.68,215230870147.62
33,2022-08-01,2022,8,96.39553,13.58,-0.36,217777023573.43
33,2022-09-01,2022,9,94.82552,13.65,-0.29,219202254639.6
33,2022-10-01,2022,10,99.44252,13.65,0.59,221753101565.49
33,2022-11-01,2022,11,107.71132,13.65,0.41,224341661697.51
33,2022-12-01,2022,12,123.81746,13.65,0.62,225862840197.49
33,2023-01-01,2023,1,96.60622,,0.53,227352976274.9
33,2023-02-01,2023,2,91.87162,,0.84,227014845489.06
33,2023-03-01,2023,3,100.29469,,0.71,228836100860.26
33,2023-04-01,2023,4,97.96438,,0.61,228902385594.48
33,2023-05-01,2023,5,100.24886,,0.23,230447957692.93
33,2023-06-01,2023,6,96.90195,,-0.08,229186724652.88
33,2023-07-01,2023,7,100.29575,,0.12,229797241515.69
33,2023-08-01,2023,8,99.53078,,0.23,230963744988.42
33,2023-09-01,2023,9,97.78787,,0.26,231205045535.3
33,2023-10-01,2023,10,97.23324,,0.24,232882281785.2
33,2023-11-01,2023,11,104.80112,,0.28,235594385389.33
33,2023-12-01,2023,12,125.24654,,0.56,236926603280.77
33,2024-01-01,2024,1,100.18011,,0.42,
33,2024-02-01,2024,2,99.50488,,0.83,
33,2024-03-01,2024,3,107.61726,,0.16,
33,2024-04-01,2024,4,100.64651,,0.38,
33,2024-05-01,2024,5,106.43338,,0.46,
33,2024-06-01,2024,6,101.87763,,0.21,
33,2024-07-01,2024,7,105.90944,,0.38,
33,2024-08-01,2024,8,105.778,,-0.02,
33,2024-09-01,2024,9,103.33506,,0.44,
33,2024-10-01,2024,10,107.78018,,0.56,
33,2024-11-01,2024,11,111.09323,,0.39,
33,2024-12-01,2024,12,132.41269,,0.52,
33,2025-01-01,2025,1,106.80941,,0.16,
33,2025-02-01,2025,2,102.82122,,1.31,
33,2025-03-01,2025,3,106.46199,,0.56,
33,2025-04-01,2025,4,106.86668,,0.43,
33,2025-05-01,2025,5,111.25271,,0.26,
33,2025-06-01,2025,6,103.3074,,0.24,
33,2025-07-01,2025,7,108.749,,0.26,
33,2025-08-01,2025,8,108.42154,,-0.11,
33,2025-09-01,2025,9,104.01275,,0.48,
33,2025-10-01,2025,10,108.55623,,0.09,
33,2025-11-01,2025,11,113.4118,,0.18,
35,2007-12-01,2007,12,36.40538,,,
35,2008-01-01,2008,1,26.36838,,,
35,2008-02-01,2008,2,25.00744,,,
35,2008-03-01,2008,3,28.57993,,,
35,2008-04-01,2008,4,27.17645,,,
35,2008-05-01,2008,5,30.4087,,,
35,2008-06-01,2008,6,28.70752,,,
35,2008-07-01,2008,7,29.34546,,,
35,2008-08-01,2008,8,30.74894,,,
35,2008-09-01,2008,9,29.72823,,,
35,2008-10-01,2008,10,31.25929,,,
35,2008-11-01,2008,11,31.00412,,,
35,2008-12-01,2008,12,40.82847,,,
35,2009-01-01,2009,1,30.23858,,,
35,2009-02-01,2009,2,28.19716,,,
35,2009-03-01,2009,3,31.04665,,,
35,2009-04-01,2009,4,31.76965,,,
35,2009-05-01,2009,5,33.25819,,,
35,2009-06-01,2009,6,31.9823,,,
35,2009-07-01,2009,7,32.74783,,,
35,2009-08-01,2009,8,33.68348,,,
35,2009-09-01,2009,9,32.66277,,,
35,2009-10-01,2009,10,35.34214,,,
35,2009-11-01,2009,11,34.95937,,,
35,2009-12-01,2009,12,45.67685,,,
35,2010-01-01,2010,1,34.53408,,,
35,2010-02-01,2010,2,32.66277,,,
35,2010-03-01,2010,3,37.21345,,,
35,2010-04-01,2010,4,36.32032,,,
35,2010-05-01,2010,5,38.10657,,,
35,2010-06-01,2010,6,36.5755,,,
35,2010-07-01,2010,7,37.17092,,,
35,2010-08-01,2010,8,37.80886,,,
35,2010-09-01,2010,9,37.34104,,,
35,2010-10-01,2010,10,39.97787,,,
35,2010-11-01,2010,11,39.68017,,,
35,2010-12-01,2010,12,52.99195,,,
35,2011-01-01,2011,1,38.82957,,0.83,
35,2011-02-01,2011,2,36.27779,,0.8,
35,2011-03-01,2011,3,40.48823,,0.79,
35,2011-04-01,2011,4,41.29629,,0.77,
35,2011-05-01,2011,5,41.89171,,0.47,
35,2011-06-01,2011,6,40.78594,,0.15,
35,2011-07-01,2011,7,41.89171,,0.16,
35,2011-08-01,2011,8,42.06183,,0.37,
35,2011-09-01,2011,9,41.46641,,0.53,
35,2011-10-01,2011,10,43.46531,,0.43,
35,2011-11-01,2011,11,43.8906,,0.52,
35,2011-12-01,2011,12,58.01045,,0.5,
35,2012-01-01,2012,1,44.01819,10.7,0.56,
35,2012-02-01,2012,2,41.93424,10.4,0.45,
35,2012-03-01,2012,3,46.78262,9.82,0.21,
35,2012-04-01,2012,4,44.69866,9.35,0.64,
35,2012-05-01,2012,5,46.95274,8.87,0.36,
35,2012-06-01,2012,6,45.80444,8.39,0.08,
35,2012-07-01,2012,7,46.78262,8.07,0.43,
35,2012-08-01,2012,8,48.39874,7.85,0.41,
35,2012-09-01,2012,9,47.37803,7.39,0.57,
35,2012-10-01,2012,10,49.54705,7.23,0.59,
35,2012-11-01,2012,11,50.61029,7.14,0.6,
35,2012-12-01,2012,12,66.09108,7.16,0.79,
35,2013-01-01,2013,1,49.16428,7.11,0.86,
35,2013-02-01,2013,2,45.08143,7.12,0.6,
35,2013-03-01,2013,3,53.11954,7.15,0.47,
35,2013-04-01,2013,4,48.44127,7.26,0.55,
35,2013-05-01,2013,5,52.65171,7.42,0.37,
35,2013-06-01,2013,6,50.35511,7.9,0.26,
35,2013-07-01,2013,7,52.82183,8.23,0.03,
35,2013-08-01,2013,8,55.11843,8.45,0.24,
35,2013-09-01,2013,9,52.56665,8.9,0.35,
35,2013-10-01,2013,10,56.01155,9.25,0.57,
35,2013-11-01,2013,11,57.20238,9.45,0.54,
35,2013-12-01,2013,12,72.76824,9.9,0.92,
35,2014-01-01,2014,1,55.45867,10.17,0.55,
35,2014-02-01,2014,2,51.631,10.43,0.69,
35,2014-03-01,2014,3,56.2242,10.65,0.92,
35,2014-04-01,2014,4,55.58626,10.87,0.67,
35,2014-05-01,2014,5,58.05298,10.9,0.46,
35,2014-06-01,2014,6,53.84254,10.9,0.4,
35,2014-07-01,2014,7,55.54373,10.9,0.01,
35,2014-08-01,2014,8,57.3725,10.9,0.25,
35,2014-09-01,2014,9,54.82072,10.9,0.57,
35,2014-10-01,2014,10,58.98863,10.92,0.42,
35,2014-11-01,2014,11,61.15764,11.15,0.51,
35,2014-12-01,2014,12,76.51085,11.58,0.78,
35,2015-01-01,2015,1,59.24381,11.82,1.24,
35,2015-02-01,2015,2,53.62989,12.15,1.22,
35,2015-03-01,2015,3,58.90357,12.58,1.32,
35,2015-04-01,2015,4,56.98973,12.68,0.71,
35,2015-05-01,2015,5,59.58404,13.15,0.74,
35,2015-06-01,2015,6,55.96902,13.58,0.79,
35,2015-07-01,2015,7,57.32997,13.69,0.62,
35,2015-08-01,2015,8,57.96792,14.15,0.22,
35,2015-09-01,2015,9,56.6495,14.15,0.54,
35,2015-10-01,2015,10,62.05076,14.15,0.82,
35,2015-11-01,2015,11,62.73124,14.15,1.01,
35,2015-12-01,2015,12,79.3178,14.15,0.96,
35,2016-01-01,2016,1,59.62657,14.15,1.27,
35,2016-02-01,2016,2,57.88286,14.15,0.9,
35,2016-03-01,2016,3,63.19906,14.15,0.43,
35,2016-04-01,2016,4,60.98752,14.15,0.61,
35,2016-05-01,2016,5,62.22088,14.15,0.78,
35,2016-06-01,2016,6,61.45535,14.15,0.35,
35,2016-07-01,2016,7,63.15653,14.15,0.52,
35,2016-08-01,2016,8,63.9646,14.15,0.44,
35,2016-09-01,2016,9,60.60476,14.15,0.08,
35,2016-10-01,2016,10,64.38989,14.05,0.26,
35,2016-11-01,2016,11,65.87843,13.9,0.18,
35,2016-12-01,2016,12,81.3167,13.65,0.3,
35,2017-01-01,2017,1,62.91747,13.17,0.38,
35,2017-02-01,2017,2,58.3441,12.82,0.33,
35,2017-03-01,2017,3,58.87809,12.15,0.25,
35,2017-04-01,2017,4,63.3921,11.59,0.14,
35,2017-05-01,2017,5,64.16552,11.15,0.31,
35,2017-06-01,2017,6,63.15141,10.15,-0.23,
35,2017-07-01,2017,7,64.29079,10.01,0.24,
35,2017-08-01,2017,8,63.369,9.15,0.19,
35,2017-09-01,2017,9,63.35725,8.35,0.16,
35,2017-10-01,2017,10,64.69787,8.01,0.42,
35,2017-11-01,2017,11,68.25464,7.4,0.28,
35,2017-12-01,2017,12,85.66336,7.0,0.44,
35,2018-01-01,2018,1,64.3829,6.9,0.29,
35,2018-02-01,2018,2,57.91426,6.72,0.32,
35,2018-03-01,2018,3,65.0599,6.58,0.09,
35,2018-04-01,2018,4,63.39574,6.4,0.22,
35,2018-05-01,2018,5,66.42546,6.4,0.4,
35,2018-06-01,2018,6,65.68781,6.4,1.26,
35,2018-07-01,2018,7,66.50311,6.4,0.33,
35,2018-08-01,2018,8,69.23927,6.4,-0.09,
35,2018-09-01,2018,9,66.62585,6.4,0.48,
35,2018-10-01,2018,10,67.93185,6.4,0.45,
35,2018-11-01,2018,11,74.48961,6.4,-0.21,
35,2018-12-01,2018,12,89.56441,6.4,0.15,
35,2019-01-01,2019,1,68.18911,6.4,0.32,
35,2019-02-01,2019,2,63.09218,6.4,0.43,
35,2019-03-01,2019,3,65.33709,6.4,0.75,
35,2019-04-01,2019,4,68.02001,6.4,0.57,
35,2019-05-01,2019,5,70.42959,6.4,0.13,
35,2019-06-01,2019,6,68.72579,6.4,0.01,
35,2019-07-01,2019,7,69.7379,6.4,0.19,
35,2019-08-01,2019,8,72.79643,5.9,0.11,
35,2019-09-01,2019,9,68.79914,5.71,-0.04,
35,2019-10-01,2019,10,72.55211,5.38,0.1,
35,2019-11-01,2019,11,78.93731,4.9,0.51,
35,2019-12-01,2019,12,95.60921,4.59,1.15,
35,2020-01-01,2020,1,72.11099,4.4,0.21,
35,2020-02-01,2020,2,68.74883,4.19,0.25,
35,2020-03-01,2020,3,72.21134,3.95,0.07,
35,2020-04-01,2020,4,59.89911,3.65,-0.31,
35,2020-05-01,2020,5,66.97661,3.01,-0.38,
35,2020-06-01,2020,6,70.72807,2.58,0.26,
35,2020-07-01,2020,7,76.84595,2.15,0.36,
35,2020-08-01,2020,8,78.79739,1.94,0.24,
35,2020-09-01,2020,9,77.86122,1.9,0.64,
35,2020-10-01,2020,10,84.58378,1.9,0.86,
35,2020-11-01,2020,11,88.60629,1.9,0.89,
35,2020-12-01,2020,12,105.55992,1.9,1.35,
35,2021-01-01,2021,1,80.07598,1.9,0.25,
35,2021-02-01,2021,2,75.42415,1.9,0.86,
35,2021-03-01,2021,3,81.06148,2.23,0.93,
35,2021-04-01,2021,4,80.74266,2.65,0.31,
35,2021-05-01,2021,5,88.10283,3.29,0.83,
35,2021-06-01,2021,6,85.36998,3.76,0.53,
35,2021-07-01,2021,7,91.5461,4.15,0.96,
35,2021-08-01,2021,8,88.05687,5.01,0.87,
35,2021-09-01,2021,9,84.23252,5.43,1.16,
35,2021-10-01,2021,10,89.71376,6.3,1.25,
35,2021-11-01,2021,11,96.17467,7.65,0.95,
35,2021-12-01,2021,12,114.4871,8.76,0.73,
35,2022-01-01,2022,1,88.40897,9.15,0.54,744119343492.72
35,2022-02-01,2022,2,84.65125,10.49,1.01,748952228445.3
35,2022-03-01,2022,3,94.62019,11.15,1.62,760486932335.22
35,2022-04-01,2022,4,98.27902,11.65,1.06,770990971595.41
35,2022-05-01,2022,5,102.03843,12.51,0.47,781975839479.76
35,2022-06-01,2022,6,99.27605,12.89,0.67,791600151864.41
35,2022-07-01,2022,7,101.1711,13.15,-0.68,802873596388.78
35,2022-08-01,2022,8,99.89147,13.58,-0.36,814727667388.36
35,2022-09-01,2022,9,96.14243,13.65,-0.29,824451906346.79
35,2022-10-01,2022,10,101.16527,13.65,0.59,836741306613.61
35,2022-11-01,2022,11,106.42685,13.65,0.41,847683799167.03
35,2022-12-01,2022,12,127.92897,13.65,0.62,855669020384.01
35,2023-01-01,2023,1,98.63082,,0.53,864216599026.26
35,2023-02-01,2023,2,91.94993,,0.84,866466985685.83
35,2023-03-01,2023,3,103.33638,,0.71,876346188412.4
35,2023-04-01,2023,4,102.50578,,0.61,879999599472.51
35,2023-05-01,2023,5,103.43921,,0.23,888645401274.68
35,2023-06-01,2023,6,101.94553,,-0.08,889067043371.22
35,2023-07-01,2023,7,103.70824,,0.12,896334291335.64
35,2023-08-01,2023,8,102.76799,,0.23,905808777319.51
35,2023-09-01,2023,9,101.75435,,0.26,912010665484.66
35,2023-10-01,2023,10,102.96079,,0.24,922312666590.82
35,2023-11-01,2023,11,113.24919,,0.28,934434771925.29
35,2023-12-01,2023,12,132.65453,,0.56,942226500258.82
35,2024-01-01,2024,1,103.43101,,0.42,
35,2024-02-01,2024,2,100.96604,,0.83,
35,2024-03-01,2024,3,111.76043,,0.16,
35,2024-04-01,2024,4,104.15838,,0.38,
35,2024-05-01,2024,5,114.81239,,0.46,
35,2024-06-01,2024,6,109.68344,,0.21,
35,2024-07-01,2024,7,112.57307,,0.38,
35,2024-08-01,2024,8,113.00567,,-0.02,
35,2024-09-01,2024,9,108.28353,,0.44,
35,2024-10-01,2024,10,113.89404,,0.56,
35,2024-11-01,2024,11,124.98786,,0.39,
35,2024-12-01,2024,12,142.09109,,0.52,
35,2025-01-01,2025,1,112.5424,,0.16,
35,2025-02-01,2025,2,106.66704,,1.31,
35,2025-03-01,2025,3,118.90037,,0.56,
35,2025-04-01,2025,4,118.53521,,0.43,
35,2025-05-01,2025,5,123.50815,,0.26,
35,2025-06-01,2025,6,115.701,,0.24,
35,2025-07-01,2025,7,119.59747,,0.26,
35,2025-08-01,2025,8,118.78473,,-0.11,
35,2025-09-01,2025,9,112.32798,,0.48,
35,2025-10-01,2025,10,118.45549,,0.09,
35,2025-11-01,2025,11,129.01928,,0.18,
41,2007-12-01,2007,12,36.27169,,,
41,2008-01-01,2008,1,27.37092,,,
41,2008-02-01,2008,2,24.73829,,,
41,2008-03-01,2008,3,29.126,,,
41,2008-04-01,2008,4,27.78879,,,
41,2008-05-01,2008,5,29.96175,,,
41,2008-06-01,2008,6,28.08131,,,
41,2008-07-01,2008,7,30.00354,,,
41,2008-08-01,2008,8,30.63035,,,
41,2008-09-01,2008,9,29.75281,,,
41,2008-10-01,2008,10,30.54678,,,
41,2008-11-01,2008,11,29.7946,,,
41,2008-12-01,2008,12,39.949,,,
41,2009-01-01,2009,1,30.25426,,,
41,2009-02-01,2009,2,26.86946,,,
41,2009-03-01,2009,3,29.96175,,,
41,2009-04-01,2009,4,31.46611,,,
41,2009-05-01,2009,5,32.38543,,,
41,2009-06-01,2009,6,30.58857,,,
41,2009-07-01,2009,7,31.88398,,,
41,2009-08-01,2009,8,33.13761,,,
41,2009-09-01,2009,9,31.13181,,,
41,2009-10-01,2009,10,33.59728,,,
41,2009-11-01,2009,11,32.63616,,,
41,2009-12-01,2009,12,44.33671,,,
41,2010-01-01,2010,1,34.22409,,,
41,2010-02-01,2010,2,31.21538,,,
41,2010-03-01,2010,3,36.14632,,,
41,2010-04-01,2010,4,34.76733,,,
41,2010-05-01,2010,5,36.43884,,,
41,2010-06-01,2010,6,34.60018,,,
41,2010-07-01,2010,7,36.10454,,,
41,2010-08-01,2010,8,36.94029,,,
41,2010-09-01,2010,9,35.81202,,,
41,2010-10-01,2010,10,37.60889,,,
41,2010-11-01,2010,11,37.14923,,,
41,2010-12-01,2010,12,50.18698,,,
41,2011-01-01,2011,1,38.36107,,0.83,
41,2011-02-01,2011,2,35.35236,,0.8,
41,2011-03-01,2011,3,38.73716,,0.79,
41,2011-04-01,2011,4,40.9519,,0.77,
41,2011-05-01,2011,5,40.53403,,0.47,
41,2011-06-01,2011,6,39.57291,,0.15,
41,2011-07-01,2011,7,41.57872,,0.16,
41,2011-08-01,2011,8,41.87123,,0.37,
41,2011-09-01,2011,9,41.11906,,0.53,
41,2011-10-01,2011,10,42.12196,,0.43,
41,2011-11-01,2011,11,42.6652,,0.52,
41,2011-12-01,2011,12,58.5863,,0.5,
41,2012-01-01,2012,1,46.00821,10.7,0.56,
41,2012-02-01,2012,2,42.20553,10.4,0.45,
41,2012-03-01,2012,3,46.46788,9.82,0.21,
41,2012-04-01,2012,4,44.62922,9.35,0.64,
41,2012-05-01,2012,5,45.92464,8.87,0.36,
41,2012-06-01,2012,6,45.00531,8.39,0.08,
41,2012-07-01,2012,7,45.84106,8.07,0.43,
41,2012-08-01,2012,8,47.30363,7.85,0.41,
41,2012-09-01,2012,9,45.29782,7.39,0.57,
41,2012-10-01,2012,10,47.26184,7.23,0.59,
41,2012-11-01,2012,11,49.1005,7.14,0.6,
41,2012-12-01,2012,12,63.72618,7.16,0.79,
41,2013-01-01,2013,1,52.73602,7.11,0.86,
41,2013-02-01,2013,2,45.84106,7.12,0.6,
41,2013-03-01,2013,3,53.65535,7.15,0.47,
41,2013-04-01,2013,4,49.35122,7.26,0.55,
41,2013-05-01,2013,5,52.23457,7.42,0.37,
41,2013-06-01,2013,6,50.93915,7.9,0.26,
41,2013-07-01,2013,7,53.65535,8.23,0.03,
41,2013-08-01,2013,8,55.28507,8.45,0.24,
41,2013-09-01,2013,9,51.73312,8.9,0.35,
41,2013-10-01,2013,10,54.95077,9.25,0.57,
41,2013-11-01,2013,11,57.33267,9.45,0.54,
41,2013-12-01,2013,12,73.96415,9.9,0.92,
41,2014-01-01,2014,1,59.29669,10.17,0.55,
41,2014-02-01,2014,2,51.60776,10.43,0.69,
41,2014-03-01,2014,3,56.12082,10.65,0.92,
41,2014-04-01,2014,4,56.91479,10.87,0.67,
41,2014-05-01,2014,5,59.00417,10.9,0.46,
41,2014-06-01,2014,6,54.07323,10.9,0.4,
41,2014-07-01,2014,7,57.08194,10.9,0.01,
41,2014-08-01,2014,8,58.21021,10.9,0.25,
41,2014-09-01,2014,9,55.74474,10.9,0.57,
41,2014-10-01,2014,10,60.21602,10.92,0.42,
41,2014-11-01,2014,11,60.80104,11.15,0.51,
41,2014-12-01,2014,12,78.64437,11.58,0.78,
41,2015-01-01,2015,1,64.10227,11.82,1.24,
41,2015-02-01,2015,2,55.5358,12.15,1.22,
41,2015-03-01,2015,3,60.5921,12.58,1.32,
41,2015-04-01,2015,4,59.21311,12.68,0.71,
41,2015-05-01,2015,5,61.42786,13.15,0.74,
41,2015-06-01,2015,6,58.21021,13.58,0.79,
41,2015-07-01,2015,7,59.88171,13.69,0.62,
41,2015-08-01,2015,8,60.29959,14.15,0.22,
41,2015-09-01,2015,9,58.66987,14.15,0.54,
41,2015-10-01,2015,10,63.68439,14.15,0.82,
41,2015-11-01,2015,11,61.55322,14.15,1.01,
41,2015-12-01,2015,12,81.40236,14.15,0.96,
41,2016-01-01,2016,1,64.22763,14.15,1.27,
41,2016-02-01,2016,2,60.13244,14.15,0.9,
41,2016-03-01,2016,3,64.89623,14.15,0.43,
41,2016-04-01,2016,4,63.39188,14.15,0.61,
41,2016-05-01,2016,5,64.01869,14.15,0.78,
41,2016-06-01,2016,6,62.93221,14.15,0.35,
41,2016-07-01,2016,7,65.10517,14.15,0.52,
41,2016-08-01,2016,8,64.22763,14.15,0.44,
41,2016-09-01,2016,9,63.01579,14.15,0.08,
41,2016-10-01,2016,10,65.27232,14.05,0.26,
41,2016-11-01,2016,11,66.3588,13.9,0.18,
41,2016-12-01,2016,12,85.79006,13.65,0.3,
41,2017-01-01,2017,1,65.81364,13.17,0.38,
41,2017-02-01,2017,2,60.89021,12.82,0.33,
41,2017-03-01,2017,3,67.35193,12.15,0.25,
41,2017-04-01,2017,4,66.11279,11.59,0.14,
41,2017-05-01,2017,5,65.23216,11.15,0.31,
41,2017-06-01,2017,6,64.45281,10.15,-0.23,
41,2017-07-01,2017,7,66.30995,10.01,0.24,
41,2017-08-01,2017,8,67.80896,9.15,0.19,
41,2017-09-01,2017,9,67.71898,8.35,0.16,
41,2017-10-01,2017,10,66.02224,8.01,0.42,
41,2017-11-01,2017,11,70.42562,7.4,0.28,
41,2017-12-01,2017,12,86.60293,7.0,0.44,
41,2018-01-01,2018,1,67.78615,6.9,0.29,
41,2018-02-01,2018,2,63.35624,6.72,0.32,
41,2018-03-01,2018,3,74.06429,6.58,0.09,
41,2018-04-01,2018,4,66.66304,6.4,0.22,
41,2018-05-01,2018,5,67.95084,6.4,0.4,
41,2018-06-01,2018,6,69.61527,6.4,1.26,
41,2018-07-01,2018,7,68.61013,6.4,0.33,
41,2018-08-01,2018,8,72.63485,6.4,-0.09,
41,2018-09-01,2018,9,70.25528,6.4,0.48,
41,2018-10-01,2018,10,72.53441,6.4,0.45,
41,2018-11-01,2018,11,76.1615,6.4,-0.21,
41,2018-12-01,2018,12,92.31916,6.4,0.15,
41,2019-01-01,2019,1,69.81599,6.4,0.32,
41,2019-02-01,2019,2,64.90718,6.4,0.43,
41,2019-03-01,2019,3,70.43448,6.4,0.75,
41,2019-04-01,2019,4,69.61756,6.4,0.57,
41,2019-05-01,2019,5,70.13763,6.4,0.13,
41,2019-06-01,2019,6,69.35605,6.4,0.01,
41,2019-07-01,2019,7,70.82965,6.4,0.19,
41,2019-08-01,2019,8,73.27761,5.9,0.11,
41,2019-09-01,2019,9,70.31988,5.71,-0.04,
41,2019-10-01,2019,10,74.77142,5.38,0.1,
41,2019-11-01,2019,11,79.27854,4.9,0.51,
41,2019-12-01,2019,12,93.50443,4.59,1.15,
41,2020-01-01,2020,1,74.09429,4.4,0.21,
41,2020-02-01,2020,2,71.44999,4.19,0.25,
41,2020-03-01,2020,3,73.19941,3.95,0.07,
41,2020-04-01,2020,4,61.15506,3.65,-0.31,
41,2020-05-01,2020,5,71.11223,3.01,-0.38,
41,2020-06-01,2020,6,70.45614,2.58,0.26,
41,2020-07-01,2020,7,73.28802,2.15,0.36,
41,2020-08-01,2020,8,76.27457,1.94,0.24,
41,2020-09-01,2020,9,77.08648,1.9,0.64,
41,2020-10-01,2020,10,84.84137,1.9,0.86,
41,2020-11-01,2020,11,84.49691,1.9,0.89,
41,2020-12-01,2020,12,101.11145,1.9,1.35,
41,2021-01-01,2021,1,78.75275,1.9,0.25,
41,2021-02-01,2021,2,75.21959,1.9,0.86,
41,2021-03-01,2021,3,80.67478,2.23,0.93,
41,2021-04-01,2021,4,79.99107,2.65,0.31,
41,2021-05-01,2021,5,85.56412,3.29,0.83,
41,2021-06-01,2021,6,81.86733,3.76,0.53,
41,2021-07-01,2021,7,95.16265,4.15,0.96,
41,2021-08-01,2021,8,86.06214,5.01,0.87,
41,2021-09-01,2021,9,85.25673,5.43,1.16,
41,2021-10-01,2021,10,89.99019,6.3,1.25,
41,2021-11-01,2021,11,94.65113,7.65,0.95,
41,2021-12-01,2021,12,112.74384,8.76,0.73,
41,2022-01-01,2022,1,89.00611,9.15,0.54,212477550135.59
41,2022-02-01,2022,2,86.92791,10.49,1.01,214547814850.83
41,2022-03-01,2022,3,97.40249,11.15,1.62,217070754768.41
41,2022-04-01,2022,4,99.65623,11.65,1.06,218605324607.45
41,2022-05-01,2022,5,100.63462,12.51,0.47,219931396474.25
41,2022-06-01,2022,6,98.54192,12.89,0.67,222664458279.63
41,2022-07-01,2022,7,102.27114,13.15,-0.68,226464192579.6
41,2022-08-01,2022,8,100.28196,13.58,-0.36,233194248726.79
41,2022-09-01,2022,9,95.74483,13.65,-0.29,237766699837.54
41,2022-10-01,2022,10,101.41265,13.65,0.59,241321297884.66
41,2022-11-01,2022,11,104.08353,13.65,0.41,245187976054.55
41,2022-12-01,2022,12,124.03661,13.65,0.62,248911249861.23
41,2023-01-01,2023,1,94.57959,,0.53,252445493854.17
41,2023-02-01,2023,2,90.04603,,0.84,254333403324.88
41,2023-03-01,2023,3,103.09561,,0.71,256737533283.23
41,2023-04-01,2023,4,100.5272,,0.61,255442347733.84
41,2023-05-01,2023,5,100.93481,,0.23,255023158672.27
41,2023-06-01,2023,6,99.0149,,-0.08,254287111175.92
41,2023-07-01,2023,7,101.4602,,0.12,257042341556.59
41,2023-08-01,2023,8,104.20386,,0.23,262005699263.1
41,2023-09-01,2023,9,102.8326,,0.26,264791385554.22
41,2023-10-01,2023,10,102.36022,,0.24,267777741655.77
41,2023-11-01,2023,11,110.59624,,0.28,271827600802.02
41,2023-12-01,2023,12,126.65998,,0.56,275300838703.8
41,2024-01-01,2024,1,100.7057,,0.42,
41,2024-02-01,2024,2,98.0844,,0.83,
41,2024-03-01,2024,3,109.92809,,0.16,
41,2024-04-01,2024,4,103.25563,,0.38,
41,2024-05-01,2024,5,110.45579,,0.46,
41,2024-06-01,2024,6,105.79336,,0.21,
41,2024-07-01,2024,7,109.20165,,0.38,
41,2024-08-01,2024,8,110.86854,,-0.02,
41,2024-09-01,2024,9,107.66336,,0.44,
41,2024-10-01,2024,10,113.16544,,0.56,
41,2024-11-01,2024,11,120.40439,,0.39,
41,2024-12-01,2024,12,133.01967,,0.52,
41,2025-01-01,2025,1,109.5578,,0.16,
41,2025-02-01,2025,2,105.53307,,1.31,
41,2025-03-01,2025,3,115.18152,,0.56,
41,2025-04-01,2025,4,116.97939,,0.43,
41,2025-05-01,2025,5,119.5703,,0.26,
41,2025-06-01,2025,6,113.62718,,0.24,
41,2025-07-01,2025,7,118.67404,,0.26,
41,2025-08-01,2025,8,120.08559,,-0.11,
41,2025-09-01,2025,9,115.19797,,0.48,
41,2025-10-01,2025,10,120.11589,,0.09,
41,2025-11-01,2025,11,128.68557,,0.18,
42,2007-12-01,2007,12,29.89901,,,
42,2008-01-01,2008,1,23.14124,,,
42,2008-02-01,2008,2,21.42707,,,
42,2008-03-01,2008,3,22.94345,,,
42,2008-04-01,2008,4,21.88858,,,
42,2008-05-01,2008,5,23.56978,,,
42,2008-06-01,2008,6,21.95451,,,
42,2008-07-01,2008,7,23.37199,,,
42,2008-08-01,2008,8,23.89943,,,
42,2008-09-01,2008,9,23.10828,,,
42,2008-10-01,2008,10,23.96536,,,
42,2008-11-01,2008,11,23.63571,,,
42,2008-12-01,2008,12,32.60212,,,
42,2009-01-01,2009,1,25.87731,,,
42,2009-02-01,2009,2,23.47089,,,
42,2009-03-01,2009,3,24.45983,,,
42,2009-04-01,2009,4,25.08616,,,
42,2009-05-01,2009,5,25.5147,,,
42,2009-06-01,2009,6,24.06425,,,
42,2009-07-01,2009,7,25.11912,,,
42,2009-08-01,2009,8,25.44877,,,
42,2009-09-01,2009,9,24.88837,,,
42,2009-10-01,2009,10,26.7344,,,
42,2009-11-01,2009,11,26.60254,,,
42,2009-12-01,2009,12,36.12934,,,
42,2010-01-01,2010,1,28.05298,,,
42,2010-02-01,2010,2,26.80033,,,
42,2010-03-01,2010,3,28.64635,,,
42,2010-04-01,2010,4,27.49258,,,
42,2010-05-01,2010,5,28.28374,,,
42,2010-06-01,2010,6,27.16294,,,
42,2010-07-01,2010,7,28.02002,,,
42,2010-08-01,2010,8,28.34967,,,
42,2010-09-01,2010,9,28.25077,,,
42,2010-10-01,2010,10,30.12976,,,
42,2010-11-01,2010,11,30.03087,,,
42,2010-12-01,2010,12,39.92029,,,
42,2011-01-01,2011,1,31.74503,,0.83,
42,2011-02-01,2011,2,28.81117,,0.8,
42,2011-03-01,2011,3,32.10765,,0.79,
42,2011-04-01,2011,4,31.81096,,0.77,
42,2011-05-01,2011,5,30.98685,,0.47,
42,2011-06-01,2011,6,30.62423,,0.15,
42,2011-07-01,2011,7,32.60212,,0.16,
42,2011-08-01,2011,8,32.66805,,0.37,
42,2011-09-01,2011,9,32.00875,,0.53,
42,2011-10-01,2011,10,33.06362,,0.43,
42,2011-11-01,2011,11,33.75588,,0.52,
42,2011-12-01,2011,12,45.4254,,0.5,
42,2012-01-01,2012,1,36.29417,10.7,0.56,
42,2012-02-01,2012,2,34.41518,10.4,0.45,
42,2012-03-01,2012,3,35.53598,9.82,0.21,
42,2012-04-01,2012,4,34.08553,9.35,0.64,
42,2012-05-01,2012,5,33.78885,8.87,0.36,
42,2012-06-01,2012,6,34.25035,8.39,0.08,
42,2012-07-01,2012,7,34.05257,8.07,0.43,
42,2012-08-01,2012,8,35.7997,7.85,0.41,
42,2012-09-01,2012,9,35.40412,7.39,0.57,
42,2012-10-01,2012,10,36.8216,7.23,0.59,
42,2012-11-01,2012,11,38.83245,7.14,0.6,
42,2012-12-01,2012,12,51.95241,7.16,0.79,
42,2013-01-01,2013,1,40.2829,7.11,0.86,
42,2013-02-01,2013,2,36.52492,7.12,0.6,
42,2013-03-01,2013,3,40.24993,7.15,0.47,
42,2013-04-01,2013,4,36.19527,7.26,0.55,
42,2013-05-01,2013,5,38.33798,7.42,0.37,
42,2013-06-01,2013,6,37.08532,7.9,0.26,
42,2013-07-01,2013,7,39.6236,8.23,0.03,
42,2013-08-01,2013,8,40.51365,8.45,0.24,
42,2013-09-01,2013,9,38.40391,8.9,0.35,
42,2013-10-01,2013,10,41.10702,9.25,0.57,
42,2013-11-01,2013,11,42.88711,9.45,0.54,
42,2013-12-01,2013,12,56.50155,9.9,0.92,
42,2014-01-01,2014,1,44.96389,10.17,0.55,
42,2014-02-01,2014,2,40.18401,10.43,0.69,
42,2014-03-01,2014,3,41.00812,10.65,0.92,
42,2014-04-01,2014,4,40.97516,10.87,0.67,
42,2014-05-01,2014,5,42.35968,10.9,0.46,
42,2014-06-01,2014,6,38.00833,10.9,0.4,
42,2014-07-01,2014,7,39.52471,10.9,0.01,
42,2014-08-01,2014,8,40.67848,10.9,0.25,
42,2014-09-01,2014,9,38.83245,10.9,0.57,
42,2014-10-01,2014,10,44.93093,10.92,0.42,
42,2014-11-01,2014,11,45.72208,11.15,0.51,
42,2014-12-01,2014,12,60.25953,11.58,0.78,
42,2015-01-01,2015,1,48.12851,11.82,1.24,
42,2015-02-01,2015,2,42.26078,12.15,1.22,
42,2015-03-01,2015,3,44.73314,12.58,1.32,
42,2015-04-01,2015,4,43.87606,12.68,0.71,
42,2015-05-01,2015,5,44.04088,13.15,0.74,
42,2015-06-01,2015,6,42.72229,13.58,0.79,
42,2015-07-01,2015,7,42.22782,13.69,0.62,
42,2015-08-01,2015,8,41.9641,14.15,0.22,
42,2015-09-01,2015,9,40.8433,14.15,0.54,
42,2015-10-01,2015,10,45.91987,14.15,0.82,
42,2015-11-01,2015,11,45.29354,14.15,1.01,
42,2015-12-01,2015,12,60.88586,14.15,0.96,
42,2016-01-01,2016,1,48.2274,14.15,1.27,
42,2016-02-01,2016,2,44.66721,14.15,0.9,
42,2016-03-01,2016,3,46.74399,14.15,0.43,
42,2016-04-01,2016,4,44.33756,14.15,0.61,
42,2016-05-01,2016,5,45.39243,14.15,0.78,
42,2016-06-01,2016,6,44.56831,14.15,0.35,
42,2016-07-01,2016,7,45.95283,14.15,0.52,
42,2016-08-01,2016,8,45.09575,14.15,0.44,
42,2016-09-01,2016,9,45.3265,14.15,0.08,
42,2016-10-01,2016,10,47.40328,14.05,0.26,
42,2016-11-01,2016,11,50.5679,13.9,0.18,
42,2016-12-01,2016,12,64.90755,13.65,0.3,
42,2017-01-01,2017,1,53.12059,13.17,0.38,
42,2017-02-01,2017,2,50.78239,12.82,0.33,
42,2017-03-01,2017,3,55.09021,12.15,0.25,
42,2017-04-01,2017,4,53.14682,11.59,0.14,
42,2017-05-01,2017,5,50.44843,11.15,0.31,
42,2017-06-01,2017,6,49.41815,10.15,-0.23,
42,2017-07-01,2017,7,50.98949,10.01,0.24,
42,2017-08-01,2017,8,51.35451,9.15,0.19,
42,2017-09-01,2017,9,50.81999,8.35,0.16,
42,2017-10-01,2017,10,52.96622,8.01,0.42,
42,2017-11-01,2017,11,57.67508,7.4,0.28,
42,2017-12-01,2017,12,70.80975,7.0,0.44,
42,2018-01-01,2018,1,61.55002,6.9,0.29,
42,2018-02-01,2018,2,55.89421,6.72,0.32,
42,2018-03-01,2018,3,63.07866,6.58,0.09,
42,2018-04-01,2018,4,56.68171,6.4,0.22,
42,2018-05-01,2018,5,55.11582,6.4,0.4,
42,2018-06-01,2018,6,56.24992,6.4,1.26,
42,2018-07-01,2018,7,55.53767,6.4,0.33,
42,2018-08-01,2018,8,56.64266,6.4,-0.09,
42,2018-09-01,2018,9,56.58362,6.4,0.48,
42,2018-10-01,2018,10,61.09248,6.4,0.45,
42,2018-11-01,2018,11,65.86599,6.4,-0.21,
42,2018-12-01,2018,12,78.04118,6.4,0.15,
42,2019-01-01,2019,1,68.39785,6.4,0.32,
42,2019-02-01,2019,2,61.56683,6.4,0.43,
42,2019-03-01,2019,3,66.77734,6.4,0.75,
42,2019-04-01,2019,4,64.06547,6.4,0.57,
42,2019-05-01,2019,5,64.42976,6.4,0.13,
42,2019-06-01,2019,6,60.14649,6.4,0.01,
42,2019-07-01,2019,7,62.73325,6.4,0.19,
42,2019-08-01,2019,8,64.59197,5.9,0.11,
42,2019-09-01,2019,9,62.72929,5.71,-0.04,
42,2019-10-01,2019,10,68.74632,5.38,0.1,
42,2019-11-01,2019,11,73.44385,4.9,0.51,
42,2019-12-01,2019,12,87.63643,4.59,1.15,
42,2020-01-01,2020,1,71.725,4.4,0.21,
42,2020-02-01,2020,2,68.27985,4.19,0.25,
42,2020-03-01,2020,3,65.76325,3.95,0.07,
42,2020-04-01,2020,4,59.5583,3.65,-0.31,
42,2020-05-01,2020,5,67.98004,3.01,-0.38,
42,2020-06-01,2020,6,68.16647,2.58,0.26,
42,2020-07-01,2020,7,72.40357,2.15,0.36,
42,2020-08-01,2020,8,73.82361,1.94,0.24,
42,2020-09-01,2020,9,73.09209,1.9,0.64,
42,2020-10-01,2020,10,81.54972,1.9,0.86,
42,2020-11-01,2020,11,84.50903,1.9,0.89,
42,2020-12-01,2020,12,100.51379,1.9,1.35,
42,2021-01-01,2021,1,78.88775,1.9,0.25,
42,2021-02-01,2021,2,73.00731,1.9,0.86,
42,2021-03-01,2021,3,78.56825,2.23,0.93,
42,2021-04-01,2021,4,77.89506,2.65,0.31,
42,2021-05-01,2021,5,81.53655,3.29,0.83,
42,2021-06-01,2021,6,79.82627,3.76,0.53,
42,2021-07-01,2021,7,94.56694,4.15,0.96,
42,2021-08-01,2021,8,85.215,5.01,0.87,
42,2021-09-01,2021,9,83.48783,5.43,1.16,
42,2021-10-01,2021,10,90.359,6.3,1.25,
42,2021-11-01,2021,11,94.30846,7.65,0.95,
42,2021-12-01,2021,12,115.46124,8.76,0.73,
42,2022-01-01,2022,1,91.65645,9.15,0.54,134561074577.55
42,2022-02-01,2022,2,86.30859,10.49,1.01,135277051099.2
42,2022-03-01,2022,3,96.49402,11.15,1.62,137219737855.91
42,2022-04-01,2022,4,97.40164,11.65,1.06,138411622502.09
42,2022-05-01,2022,5,97.82257,12.51,0.47,139893518266.91
42,2022-06-01,2022,6,97.63175,12.89,0.67,141152240236.42
42,2022-07-01,2022,7,101.04086,13.15,-0.68,142850753404.83
42,2022-08-01,2022,8,99.66283,13.58,-0.36,146016925070.86
42,2022-09-01,2022,9,96.14988,13.65,-0.29,148404277128.48
42,2022-10-01,2022,10,101.11228,13.65,0.59,150929412853.38
42,2022-11-01,2022,11,106.31355,13.65,0.41,153252513710.66
42,2022-12-01,2022,12,128.4056,13.65,0.62,154808587599.13
42,2023-01-01,2023,1,105.42747,,0.53,157475660247.28
42,2023-02-01,2023,2,94.08787,,0.84,158104132019.9
42,2023-03-01,2023,3,102.1982,,0.71,159903144234.63
42,2023-04-01,2023,4,100.04297,,0.61,160402797958.24
42,2023-05-01,2023,5,97.91614,,0.23,161476924506.88
42,2023-06-01,2023,6,96.14911,,-0.08,161323106251.78
42,2023-07-01,2023,7,100.91382,,0.12,162567234238.83
42,2023-08-01,2023,8,103.74097,,0.23,165173932362.81
42,2023-09-01,2023,9,104.37188,,0.26,166857607648.14
42,2023-10-01,2023,10,104.23405,,0.24,169174418838.74
42,2023-11-01,2023,11,112.9406,,0.28,171899914889.7
42,2023-12-01,2023,12,136.84497,,0.56,173654639672.68
42,2024-01-01,2024,1,109.00391,,0.42,
42,2024-02-01,2024,2,102.05497,,0.83,
42,2024-03-01,2024,3,109.96815,,0.16,
42,2024-04-01,2024,4,100.38703,,0.38,
42,2024-05-01,2024,5,108.38391,,0.46,
42,2024-06-01,2024,6,104.63886,,0.21,
42,2024-07-01,2024,7,109.14035,,0.38,
42,2024-08-01,2024,8,113.2033,,-0.02,
42,2024-09-01,2024,9,108.67077,,0.44,
42,2024-10-01,2024,10,116.3749,,0.56,
42,2024-11-01,2024,11,125.67186,,0.39,
42,2024-12-01,2024,12,144.58384,,0.52,
42,2025-01-01,2025,1,123.39308,,0.16,
42,2025-02-01,2025,2,115.05401,,1.31,
42,2025-03-01,2025,3,122.9986,,0.56,
42,2025-04-01,2025,4,120.80353,,0.43,
42,2025-05-01,2025,5,118.51857,,0.26,
42,2025-06-01,2025,6,114.83259,,0.24,
42,2025-07-01,2025,7,121.59373,,0.26,
42,2025-08-01,2025,8,124.21562,,-0.11,
42,2025-09-01,2025,9,120.20488,,0.48,
42,2025-10-01,2025,10,127.11211,,0.09,
42,2025-11-01,2025,11,136.40216,,0.18,
43,2007-12-01,2007,12,36.36478,,,
43,2008-01-01,2008,1,25.63544,,,
43,2008-02-01,2008,2,24.3326,,,
43,2008-03-01,2008,3,27.58972,,,
43,2008-04-01,2008,4,27.58972,,,
43,2008-05-01,2008,5,30.08045,,,
43,2008-06-01,2008,6,28.20282,,,
43,2008-07-01,2008,7,28.39442,,,
43,2008-08-01,2008,8,29.12248,,,
43,2008-09-01,2008,9,27.74299,,,
43,2008-10-01,2008,10,29.27575,,,
43,2008-11-01,2008,11,29.35239,,,
43,2008-12-01,2008,12,38.28073,,,
43,2009-01-01,2009,1,27.39812,,,
43,2009-02-01,2009,2,25.25225,,,
43,2009-03-01,2009,3,28.70097,,,
43,2009-04-01,2009,4,29.9655,,,
43,2009-05-01,2009,5,31.15339,,,
43,2009-06-01,2009,6,29.9655,,,
43,2009-07-01,2009,7,30.38701,,,
43,2009-08-01,2009,8,29.9655,,,
43,2009-09-01,2009,9,28.73929,,,
43,2009-10-01,2009,10,31.95809,,,
43,2009-11-01,2009,11,30.31037,,,
43,2009-12-01,2009,12,42.80238,,,
43,2010-01-01,2010,1,29.88886,,,
43,2010-02-01,2010,2,28.54769,,,
43,2010-03-01,2010,3,33.33757,,,
43,2010-04-01,2010,4,32.64783,,,
43,2010-05-01,2010,5,34.44883,,,
43,2010-06-01,2010,6,32.83943,,,
43,2010-07-01,2010,7,34.6021,,,
43,2010-08-01,2010,8,34.18059,,,
43,2010-09-01,2010,9,33.29926,,,
43,2010-10-01,2010,10,35.86663,,,
43,2010-11-01,2010,11,35.21521,,,
43,2010-12-01,2010,12,49.2783,,,
43,2011-01-01,2011,1,33.83572,,0.83,
43,2011-02-01,2011,2,32.07305,,0.8,
43,2011-03-01,2011,3,35.21521,,0.79,
43,2011-04-01,2011,4,37.8209,,0.77,
43,2011-05-01,2011,5,37.93586,,0.47,
43,2011-06-01,2011,6,37.32276,,0.15,
43,2011-07-01,2011,7,38.05082,,0.16,
43,2011-08-01,2011,8,37.8209,,0.37,
43,2011-09-01,2011,9,36.63301,,0.53,
43,2011-10-01,2011,10,38.77888,,0.43,
43,2011-11-01,2011,11,39.23871,,0.52,
43,2011-12-01,2011,12,55.10279,,0.5,
43,2012-01-01,2012,1,38.70224,10.7,0.56,
43,2012-02-01,2012,2,37.16948,10.4,0.45,
43,2012-03-01,2012,3,42.34255,9.82,0.21,
43,2012-04-01,2012,4,40.65651,9.35,0.64,
43,2012-05-01,2012,5,41.99768,8.87,0.36,
43,2012-06-01,2012,6,42.11264,8.39,0.08,
43,2012-07-01,2012,7,40.80979,8.07,0.43,
43,2012-08-01,2012,8,43.18557,7.85,0.41,
43,2012-09-01,2012,9,42.8407,7.39,0.57,
43,2012-10-01,2012,10,45.75295,7.23,0.59,
43,2012-11-01,2012,11,45.21648,7.14,0.6,
43,2012-12-01,2012,12,58.85806,7.16,0.79,
43,2013-01-01,2013,1,43.07061,7.11,0.86,
43,2013-02-01,2013,2,40.4266,7.12,0.6,
43,2013-03-01,2013,3,48.58856,7.15,0.47,
43,2013-04-01,2013,4,44.94825,7.26,0.55,
43,2013-05-01,2013,5,47.32403,7.42,0.37,
43,2013-06-01,2013,6,45.36976,7.9,0.26,
43,2013-07-01,2013,7,47.01748,8.23,0.03,
43,2013-08-01,2013,8,48.12873,8.45,0.24,
43,2013-09-01,2013,9,46.55765,8.9,0.35,
43,2013-10-01,2013,10,49.8914,9.25,0.57,
43,2013-11-01,2013,11,50.8877,9.45,0.54,
43,2013-12-01,2013,12,65.98541,9.9,0.92,
43,2014-01-01,2014,1,49.04838,10.17,0.55,
43,2014-02-01,2014,2,46.28941,10.43,0.69,
43,2014-03-01,2014,3,50.31291,10.65,0.92,
43,2014-04-01,2014,4,51.11761,10.87,0.67,
43,2014-05-01,2014,5,53.76163,10.9,0.46,
43,2014-06-01,2014,6,49.0867,10.9,0.4,
43,2014-07-01,2014,7,51.27089,10.9,0.01,
43,2014-08-01,2014,8,52.26719,10.9,0.25,
43,2014-09-01,2014,9,50.00636,10.9,0.57,
43,2014-10-01,2014,10,53.87659,10.92,0.42,
43,2014-11-01,2014,11,54.7196,11.15,0.51,
43,2014-12-01,2014,12,68.85933,11.58,0.78,
43,2015-01-01,2015,1,51.34753,11.82,1.24,
43,2015-02-01,2015,2,46.36605,12.15,1.22,
43,2015-03-01,2015,3,52.84197,12.58,1.32,
43,2015-04-01,2015,4,52.53542,12.68,0.71,
43,2015-05-01,2015,5,54.22146,13.15,0.74,
43,2015-06-01,2015,6,50.96434,13.58,0.79,
43,2015-07-01,2015,7,52.22887,13.69,0.62,
43,2015-08-01,2015,8,52.38214,14.15,0.22,
43,2015-09-01,2015,9,50.31291,14.15,0.54,
43,2015-10-01,2015,10,55.67758,14.15,0.82,
43,2015-11-01,2015,11,54.18314,14.15,1.01,
43,2015-12-01,2015,12,71.04352,14.15,0.96,
43,2016-01-01,2016,1,53.34012,14.15,1.27,
43,2016-02-01,2016,2,51.76904,14.15,0.9,
43,2016-03-01,2016,3,57.40194,14.15,0.43,
43,2016-04-01,2016,4,55.60094,14.15,0.61,
43,2016-05-01,2016,5,56.63556,14.15,0.78,
43,2016-06-01,2016,6,55.94581,14.15,0.35,
43,2016-07-01,2016,7,57.1337,14.15,0.52,
43,2016-08-01,2016,8,56.17573,14.15,0.44,
43,2016-09-01,2016,9,54.41305,14.15,0.08,
43,2016-10-01,2016,10,58.01504,14.05,0.26,
43,2016-11-01,2016,11,57.09539,13.9,0.18,
43,2016-12-01,2016,12,72.19309,13.65,0.3,
43,2017-01-01,2017,1,58.30295,13.17,0.38,
43,2017-02-01,2017,2,52.56609,12.82,0.33,
43,2017-03-01,2017,3,60.68053,12.15,0.25,
43,2017-04-01,2017,4,59.82098,11.59,0.14,
43,2017-05-01,2017,5,60.39027,11.15,0.31,
43,2017-06-01,2017,6,59.76611,10.15,-0.23,
43,2017-07-01,2017,7,58.4944,10.01,0.24,
43,2017-08-01,2017,8,60.93726,9.15,0.19,
43,2017-09-01,2017,9,60.71038,8.35,0.16,
43,2017-10-01,2017,10,63.03182,8.01,0.42,
43,2017-11-01,2017,11,65.6205,7.4,0.28,
43,2017-12-01,2017,12,82.92489,7.0,0.44,
43,2018-01-01,2018,1,62.70954,6.9,0.29,
43,2018-02-01,2018,2,58.30565,6.72,0.32,
43,2018-03-01,2018,3,68.90544,6.58,0.09,
43,2018-04-01,2018,4,62.23245,6.4,0.22,
43,2018-05-01,2018,5,65.70027,6.4,0.4,
43,2018-06-01,2018,6,66.30848,6.4,1.26,
43,2018-07-01,2018,7,62.83685,6.4,0.33,
43,2018-08-01,2018,8,68.47441,6.4,-0.09,
43,2018-09-01,2018,9,66.28462,6.4,0.48,
43,2018-10-01,2018,10,70.65322,6.4,0.45,
43,2018-11-01,2018,11,72.9617,6.4,-0.21,
43,2018-12-01,2018,12,88.65348,6.4,0.15,
43,2019-01-01,2019,1,68.07809,6.4,0.32,
43,2019-02-01,2019,2,63.27056,6.4,0.43,
43,2019-03-01,2019,3,70.46965,6.4,0.75,
43,2019-04-01,2019,4,70.08208,6.4,0.57,
43,2019-05-01,2019,5,71.08271,6.4,0.13,
43,2019-06-01,2019,6,68.08206,6.4,0.01,
43,2019-07-01,2019,7,69.91407,6.4,0.19,
43,2019-08-01,2019,8,67.18113,5.9,0.11,
43,2019-09-01,2019,9,63.9432,5.71,-0.04,
43,2019-10-01,2019,10,68.51232,5.38,0.1,
43,2019-11-01,2019,11,73.55467,4.9,0.51,
43,2019-12-01,2019,12,94.52678,4.59,1.15,
43,2020-01-01,2020,1,71.74131,4.4,0.21,
43,2020-02-01,2020,2,68.71047,4.19,0.25,
43,2020-03-01,2020,3,68.75719,3.95,0.07,
43,2020-04-01,2020,4,59.49936,3.65,-0.31,
43,2020-05-01,2020,5,68.6653,3.01,-0.38,
43,2020-06-01,2020,6,68.03632,2.58,0.26,
43,2020-07-01,2020,7,70.76812,2.15,0.36,
43,2020-08-01,2020,8,70.1878,1.94,0.24,
43,2020-09-01,2020,9,70.13734,1.9,0.64,
43,2020-10-01,2020,10,77.56474,1.9,0.86,
43,2020-11-01,2020,11,76.94421,1.9,0.89,
43,2020-12-01,2020,12,94.64903,1.9,1.35,
43,2021-01-01,2021,1,71.12784,1.9,0.25,
43,2021-02-01,2021,2,66.28311,1.9,0.86,
43,2021-03-01,2021,3,75.70609,2.23,0.93,
43,2021-04-01,2021,4,81.95858,2.65,0.31,
43,2021-05-01,2021,5,89.93513,3.29,0.83,
43,2021-06-01,2021,6,84.28724,3.76,0.53,
43,2021-07-01,2021,7,89.74711,4.15,0.96,
43,2021-08-01,2021,8,79.67887,5.01,0.87,
43,2021-09-01,2021,9,79.73801,5.43,1.16,
43,2021-10-01,2021,10,89.35292,6.3,1.25,
43,2021-11-01,2021,11,90.14563,7.65,0.95,
43,2021-12-01,2021,12,109.68282,8.76,0.73,
43,2022-01-01,2022,1,83.01858,9.15,0.54,204372042014.43
43,2022-02-01,2022,2,79.21292,10.49,1.01,205480644401.06
43,2022-03-01,2022,3,98.70934,11.15,1.62,208422990365.35
43,2022-04-01,2022,4,104.24723,11.65,1.06,210867262101.58
43,2022-05-01,2022,5,107.46485,12.51,0.47,212281763374.9
43,2022-06-01,2022,6,103.87089,12.89,0.67,213288469516.83
43,2022-07-01,2022,7,103.09394,13.15,-0.68,216134023681.52
43,2022-08-01,2022,8,98.35864,13.58,-0.36,224838878367.78
43,2022-09-01,2022,9,94.87683,13.65,-0.29,231012624291.01
43,2022-10-01,2022,10,101.8074,13.65,0.59,235768033214.5
43,2022-11-01,2022,11,102.73909,13.65,0.41,239818475731.68
43,2022-12-01,2022,12,122.60028,13.65,0.62,242735535752.41
43,2023-01-01,2023,1,96.39457,,0.53,243342077010.94
43,2023-02-01,2023,2,90.31236,,0.84,244214960090.47
43,2023-03-01,2023,3,103.16078,,0.71,247482061752.55
43,2023-04-01,2023,4,102.2157,,0.61,248246537980.38
43,2023-05-01,2023,5,102.20208,,0.23,249285880688.91
43,2023-06-01,2023,6,99.80965,,-0.08,246334516825.26
43,2023-07-01,2023,7,103.0038,,0.12,246159882517.92
43,2023-08-01,2023,8,103.88607,,0.23,252977552625.29
43,2023-09-01,2023,9,100.56256,,0.26,256253724449.55
43,2023-10-01,2023,10,105.20981,,0.24,260736583038.55
43,2023-11-01,2023,11,109.75327,,0.28,264667767261.29
43,2023-12-01,2023,12,129.53935,,0.56,267957266169.03
43,2024-01-01,2024,1,102.09209,,0.42,
43,2024-02-01,2024,2,99.07326,,0.83,
43,2024-03-01,2024,3,112.88292,,0.16,
43,2024-04-01,2024,4,105.22173,,0.38,
43,2024-05-01,2024,5,115.09512,,0.46,
43,2024-06-01,2024,6,114.67023,,0.21,
43,2024-07-01,2024,7,116.28026,,0.38,
43,2024-08-01,2024,8,115.59505,,-0.02,
43,2024-09-01,2024,9,109.06604,,0.44,
43,2024-10-01,2024,10,120.65509,,0.56,
43,2024-11-01,2024,11,125.76396,,0.39,
43,2024-12-01,2024,12,140.54326,,0.52,
43,2025-01-01,2025,1,114.82443,,0.16,
43,2025-02-01,2025,2,109.84412,,1.31,
43,2025-03-01,2025,3,117.69871,,0.56,
43,2025-04-01,2025,4,122.07514,,0.43,
43,2025-05-01,2025,5,123.5475,,0.26,
43,2025-06-01,2025,6,116.25854,,0.24,
43,2025-07-01,2025,7,120.21622,,0.26,
43,2025-08-01,2025,8,120.23085,,-0.11,
43,2025-09-01,2025,9,116.2716,,0.48,
43,2025-10-01,2025,10,125.20679,,0.09,
43,2025-11-01,2025,11,129.77327,,0.18,
50,2007-12-01,2007,12,30.28421,,,
50,2008-01-01,2008,1,22.64433,,,
50,2008-02-01,2008,2,21.54309,,,
50,2008-03-01,2008,3,23.2982,,,
50,2008-04-01,2008,4,23.33261,,,
50,2008-05-01,2008,5,25.08772,,,
50,2008-06-01,2008,6,23.22937,,,
50,2008-07-01,2008,7,25.50068,,,
50,2008-08-01,2008,8,25.87924,,,
50,2008-09-01,2008,9,25.43186,,,
50,2008-10-01,2008,10,27.11814,,,
50,2008-11-01,2008,11,24.88124,,,
50,2008-12-01,2008,12,33.7256,,,
50,2009-01-01,2009,1,26.49869,,,
50,2009-02-01,2009,2,22.33461,,,
50,2009-03-01,2009,3,24.88124,,,
50,2009-04-01,2009,4,25.22537,,,
50,2009-05-01,2009,5,27.11814,,,
50,2009-06-01,2009,6,25.15655,,,
50,2009-07-01,2009,7,26.5331,,,
50,2009-08-01,2009,8,26.67076,,,
50,2009-09-01,2009,9,26.25779,,,
50,2009-10-01,2009,10,28.46028,,,
50,2009-11-01,2009,11,27.59993,,,
50,2009-12-01,2009,12,36.78844,,,
50,2010-01-01,2010,1,28.15055,,,
50,2010-02-01,2010,2,26.49869,,,
50,2010-03-01,2010,3,29.66476,,,
50,2010-04-01,2010,4,29.14856,,,
50,2010-05-01,2010,5,31.41987,,,
50,2010-06-01,2010,6,29.28621,,,
50,2010-07-01,2010,7,30.4907,,,
50,2010-08-01,2010,8,29.87125,,,
50,2010-09-01,2010,9,30.45628,,,
50,2010-10-01,2010,10,31.93608,,,
50,2010-11-01,2010,11,30.80042,,,
50,2010-12-01,2010,12,42.56997,,,
50,2011-01-01,2011,1,30.52511,,0.83,
50,2011-02-01,2011,2,29.35504,,0.8,
50,2011-03-01,2011,3,32.10815,,0.79,
50,2011-04-01,2011,4,32.65877,,0.77,
50,2011-05-01,2011,5,36.27223,,0.47,
50,2011-06-01,2011,6,32.65877,,0.15,
50,2011-07-01,2011,7,34.24181,,0.16,
50,2011-08-01,2011,8,33.79443,,0.37,
50,2011-09-01,2011,9,33.14057,,0.53,
50,2011-10-01,2011,10,35.37747,,0.43,
50,2011-11-01,2011,11,35.17099,,0.52,
50,2011-12-01,2011,12,47.62881,,0.5,
50,2012-01-01,2012,1,37.71761,10.7,0.56,
50,2012-02-01,2012,2,35.75602,10.4,0.45,
50,2012-03-01,2012,3,38.9221,9.82,0.21,
50,2012-04-01,2012,4,36.75402,9.35,0.64,
50,2012-05-01,2012,5,39.98893,8.87,0.36,
50,2012-06-01,2012,6,39.30065,8.39,0.08,
50,2012-07-01,2012,7,39.98893,8.07,0.43,
50,2012-08-01,2012,8,41.88169,7.85,0.41,
50,2012-09-01,2012,9,41.12459,7.39,0.57,
50,2012-10-01,2012,10,44.04977,7.23,0.59,
50,2012-11-01,2012,11,44.8757,7.14,0.6,
50,2012-12-01,2012,12,54.51159,7.16,0.79,
50,2013-01-01,2013,1,45.83929,7.11,0.86,
50,2013-02-01,2013,2,41.91611,7.12,0.6,
50,2013-03-01,2013,3,46.66522,7.15,0.47,
50,2013-04-01,2013,4,44.56597,7.26,0.55,
50,2013-05-01,2013,5,47.49115,7.42,0.37,
50,2013-06-01,2013,6,44.80687,7.9,0.26,
50,2013-07-01,2013,7,48.1106,8.23,0.03,
50,2013-08-01,2013,8,48.28267,8.45,0.24,
50,2013-09-01,2013,9,47.07819,8.9,0.35,
50,2013-10-01,2013,10,50.45075,9.25,0.57,
50,2013-11-01,2013,11,51.89613,9.45,0.54,
50,2013-12-01,2013,12,67.31355,9.9,0.92,
50,2014-01-01,2014,1,51.00137,10.17,0.55,
50,2014-02-01,2014,2,47.38791,10.43,0.69,
50,2014-03-01,2014,3,50.20985,10.65,0.92,
50,2014-04-01,2014,4,50.72606,10.87,0.67,
50,2014-05-01,2014,5,54.47717,10.9,0.46,
50,2014-06-01,2014,6,49.41833,10.9,0.4,
50,2014-07-01,2014,7,51.75848,10.9,0.01,
50,2014-08-01,2014,8,52.92855,10.9,0.25,
50,2014-09-01,2014,9,52.03379,10.9,0.57,
50,2014-10-01,2014,10,56.74849,10.92,0.42,
50,2014-11-01,2014,11,56.64525,11.15,0.51,
50,2014-12-01,2014,12,72.16591,11.58,0.78,
50,2015-01-01,2015,1,55.85373,11.82,1.24,
50,2015-02-01,2015,2,50.03778,12.15,1.22,
50,2015-03-01,2015,3,55.68166,12.58,1.32,
50,2015-04-01,2015,4,54.75248,12.68,0.71,
50,2015-05-01,2015,5,57.19587,13.15,0.74,
50,2015-06-01,2015,6,54.16745,13.58,0.79,
50,2015-07-01,2015,7,57.33352,13.69,0.62,
50,2015-08-01,2015,8,56.67966,14.15,0.22,
50,2015-09-01,2015,9,54.51159,14.15,0.54,
50,2015-10-01,2015,10,60.08663,14.15,0.82,
50,2015-11-01,2015,11,59.0198,14.15,1.01,
50,2015-12-01,2015,12,76.19233,14.15,0.96,
50,2016-01-01,2016,1,56.95497,14.15,1.27,
50,2016-02-01,2016,2,53.82331,14.15,0.9,
50,2016-03-01,2016,3,58.5036,14.15,0.43,
50,2016-04-01,2016,4,56.81732,14.15,0.61,
50,2016-05-01,2016,5,59.15746,14.15,0.78,
50,2016-06-01,2016,6,56.61083,14.15,0.35,
50,2016-07-01,2016,7,59.0198,14.15,0.52,
50,2016-08-01,2016,8,57.7809,14.15,0.44,
50,2016-09-01,2016,9,55.88814,14.15,0.08,
50,2016-10-01,2016,10,58.95098,14.05,0.26,
50,2016-11-01,2016,11,60.91257,13.9,0.18,
50,2016-12-01,2016,12,76.26116,13.65,0.3,
50,2017-01-01,2017,1,59.28061,13.17,0.38,
50,2017-02-01,2017,2,54.45646,12.82,0.33,
50,2017-03-01,2017,3,57.99825,12.15,0.25,
50,2017-04-01,2017,4,55.84009,11.59,0.14,
50,2017-05-01,2017,5,58.1767,11.15,0.31,
50,2017-06-01,2017,6,56.25647,10.15,-0.23,
50,2017-07-01,2017,7,58.29341,10.01,0.24,
50,2017-08-01,2017,8,60.15194,9.15,0.19,
50,2017-09-01,2017,9,60.36021,8.35,0.16,
50,2017-10-01,2017,10,59.641,8.01,0.42,
50,2017-11-01,2017,11,60.9048,7.4,0.28,
50,2017-12-01,2017,12,74.07934,7.0,0.44,
50,2018-01-01,2018,1,57.88598,6.9,0.29,
50,2018-02-01,2018,2,53.43484,6.72,0.32,
50,2018-03-01,2018,3,62.16572,6.58,0.09,
50,2018-04-01,2018,4,54.85668,6.4,0.22,
50,2018-05-01,2018,5,59.35817,6.4,0.4,
50,2018-06-01,2018,6,59.81062,6.4,1.26,
50,2018-07-01,2018,7,60.36437,6.4,0.33,
50,2018-08-01,2018,8,63.42607,6.4,-0.09,
50,2018-09-01,2018,9,63.99756,6.4,0.48,
50,2018-10-01,2018,10,66.35103,6.4,0.45,
50,2018-11-01,2018,11,68.68178,6.4,-0.21,
50,2018-12-01,2018,12,79.63475,6.4,0.15,
50,2019-01-01,2019,1,63.2806,6.4,0.32,
50,2019-02-01,2019,2,58.44752,6.4,0.43,
50,2019-03-01,2019,3,61.78688,6.4,0.75,
50,2019-04-01,2019,4,60.13546,6.4,0.57,
50,2019-05-01,2019,5,62.74632,6.4,0.13,
50,2019-06-01,2019,6,59.48465,6.4,0.01,
50,2019-07-01,2019,7,62.93183,6.4,0.19,
50,2019-08-01,2019,8,65.05181,5.9,0.11,
50,2019-09-01,2019,9,64.8418,5.71,-0.04,
50,2019-10-01,2019,10,66.81777,5.38,0.1,
50,2019-11-01,2019,11,71.49391,4.9,0.51,
50,2019-12-01,2019,12,81.79571,4.59,1.15,
50,2020-01-01,2020,1,67.54694,4.4,0.21,
50,2020-02-01,2020,2,63.75461,4.19,0.25,
50,2020-03-01,2020,3,63.088,3.95,0.07,
50,2020-04-01,2020,4,53.61223,3.65,-0.31,
50,2020-05-01,2020,5,63.75057,3.01,-0.38,
50,2020-06-01,2020,6,64.04583,2.58,0.26,
50,2020-07-01,2020,7,66.60284,2.15,0.36,
50,2020-08-01,2020,8,70.1589,1.94,0.24,
50,2020-09-01,2020,9,74.24245,1.9,0.64,
50,2020-10-01,2020,10,80.42799,1.9,0.86,
50,2020-11-01,2020,11,80.94556,1.9,0.89,
50,2020-12-01,2020,12,91.15727,1.9,1.35,
50,2021-01-01,2021,1,72.68549,1.9,0.25,
50,2021-02-01,2021,2,69.21801,1.9,0.86,
50,2021-03-01,2021,3,76.29981,2.23,0.93,
50,2021-04-01,2021,4,74.62662,2.65,0.31,
50,2021-05-01,2021,5,80.43653,3.29,0.83,
50,2021-06-01,2021,6,76.8345,3.76,0.53,
50,2021-07-01,2021,7,90.91029,4.15,0.96,
50,2021-08-01,2021,8,87.72293,5.01,0.87,
50,2021-09-01,2021,9,88.17381,5.43,1.16,
50,2021-10-01,2021,10,93.42122,6.3,1.25,
50,2021-11-01,2021,11,93.55142,7.65,0.95,
50,2021-12-01,2021,12,106.84707,8.76,0.73,
50,2022-01-01,2022,1,84.7813,9.15,0.54,63366471735.46
50,2022-02-01,2022,2,84.81402,10.49,1.01,64081627702.18
50,2022-03-01,2022,3,95.42621,11.15,1.62,64971393485.97
50,2022-04-01,2022,4,94.92551,11.65,1.06,65557251264.84
50,2022-05-01,2022,5,101.81559,12.51,0.47,65915335704.97
50,2022-06-01,2022,6,99.16038,12.89,0.67,67085897883.11
50,2022-07-01,2022,7,104.73258,13.15,-0.68,68449147038.19
50,2022-08-01,2022,8,103.44467,13.58,-0.36,70472645269.86
50,2022-09-01,2022,9,101.53137,13.65,-0.29,71970071063.21
50,2022-10-01,2022,10,104.26279,13.65,0.59,72836057056.8
50,2022-11-01,2022,11,103.5199,13.65,0.41,73939976410.26
50,2022-12-01,2022,12,121.58566,13.65,0.62,75024312924.99
50,2023-01-01,2023,1,94.61484,,0.53,76142186718.61
50,2023-02-01,2023,2,92.17375,,0.84,77012877495.35
50,2023-03-01,2023,3,101.9617,,0.71,78223205785.89
50,2023-04-01,2023,4,99.34905,,0.61,77998340990.63
50,2023-05-01,2023,5,101.88628,,0.23,78461047425.0
50,2023-06-01,2023,6,99.45497,,-0.08,78070234098.48
50,2023-07-01,2023,7,103.70068,,0.12,78907893109.32
50,2023-08-01,2023,8,105.45477,,0.23,80800221642.61
50,2023-09-01,2023,9,107.92888,,0.26,81717317497.9
50,2023-10-01,2023,10,108.965,,0.24,82550912519.5
50,2023-11-01,2023,11,111.65595,,0.28,83884158834.75
50,2023-12-01,2023,12,128.40961,,0.56,84809525515.0
50,2024-01-01,2024,1,104.65797,,0.42,
50,2024-02-01,2024,2,104.90476,,0.83,
50,2024-03-01,2024,3,112.50722,,0.16,
50,2024-04-01,2024,4,106.81307,,0.38,
50,2024-05-01,2024,5,114.33497,,0.46,
50,2024-06-01,2024,6,109.14151,,0.21,
50,2024-07-01,2024,7,112.21131,,0.38,
50,2024-08-01,2024,8,113.48524,,-0.02,
50,2024-09-01,2024,9,111.26311,,0.44,
50,2024-10-01,2024,10,120.04339,,0.56,
50,2024-11-01,2024,11,120.46722,,0.39,
50,2024-12-01,2024,12,135.43413,,0.52,
50,2025-01-01,2025,1,111.57071,,0.16,
50,2025-02-01,2025,2,109.1719,,1.31,
50,2025-03-01,2025,3,117.24231,,0.56,
50,2025-04-01,2025,4,118.55443,,0.43,
50,2025-05-01,2025,5,123.24018,,0.26,
50,2025-06-01,2025,6,114.25778,,0.24,
50,2025-07-01,2025,7,119.86609,,0.26,
50,2025-08-01,2025,8,117.69651,,-0.11,
50,2025-09-01,2025,9,116.26685,,0.48,
50,2025-10-01,2025,10,124.5346,,0.09,
50,2025-11-01,2025,11,126.09218,,0.18,
51,2007-12-01,2007,12,37.66441,,,
51,2008-01-01,2008,1,25.29829,,,
51,2008-02-01,2008,2,26.16914,,,
51,2008-03-01,2008,3,29.73964,,,
51,2008-04-01,2008,4,28.43336,,,
51,2008-05-01,2008,5,31.26363,,,
51,2008-06-01,2008,6,30.04444,,,
51,2008-07-01,2008,7,33.04888,,,
51,2008-08-01,2008,8,32.39574,,,
51,2008-09-01,2008,9,31.61198,,,
51,2008-10-01,2008,10,33.48431,,,
51,2008-11-01,2008,11,31.30718,,,
51,2008-12-01,2008,12,40.45114,,,
51,2009-01-01,2009,1,29.56547,,,
51,2009-02-01,2009,2,28.4769,,,
51,2009-03-01,2009,3,31.61198,,,
51,2009-04-01,2009,4,30.52341,,,
51,2009-05-01,2009,5,33.00534,,,
51,2009-06-01,2009,6,31.91677,,,
51,2009-07-01,2009,7,33.52785,,,
51,2009-08-01,2009,8,33.91974,,,
51,2009-09-01,2009,9,34.05036,,,
51,2009-10-01,2009,10,36.27104,,,
51,2009-11-01,2009,11,34.65996,,,
51,2009-12-01,2009,12,47.54859,,,
51,2010-01-01,2010,1,35.09539,,,
51,2010-02-01,2010,2,34.61642,,,
51,2010-03-01,2010,3,39.1884,,,
51,2010-04-01,2010,4,36.83709,,,
51,2010-05-01,2010,5,39.40611,,,
51,2010-06-01,2010,6,37.22898,,,
51,2010-07-01,2010,7,40.53822,,,
51,2010-08-01,2010,8,40.49468,,,
51,2010-09-01,2010,9,40.32051,,,
51,2010-10-01,2010,10,42.80244,,,
51,2010-11-01,2010,11,40.75593,,,
51,2010-12-01,2010,12,55.56044,,,
51,2011-01-01,2011,1,38.79651,,0.83,
51,2011-02-01,2011,2,38.40463,,0.8,
51,2011-03-01,2011,3,41.67033,,0.79,
51,2011-04-01,2011,4,42.27993,,0.77,
51,2011-05-01,2011,5,42.62827,,0.47,
51,2011-06-01,2011,6,40.66885,,0.15,
51,2011-07-01,2011,7,44.8054,,0.16,
51,2011-08-01,2011,8,44.32643,,0.37,
51,2011-09-01,2011,9,42.06221,,0.53,
51,2011-10-01,2011,10,43.84746,,0.43,
51,2011-11-01,2011,11,43.67329,,0.52,
51,2011-12-01,2011,12,59.34865,,0.5,
51,2012-01-01,2012,1,42.32347,10.7,0.56,
51,2012-02-01,2012,2,41.5397,10.4,0.45,
51,2012-03-01,2012,3,46.41648,9.82,0.21,
51,2012-04-01,2012,4,44.19581,9.35,0.64,
51,2012-05-01,2012,5,44.32643,8.87,0.36,
51,2012-06-01,2012,6,45.15374,8.39,0.08,
51,2012-07-01,2012,7,48.11465,8.07,0.43,
51,2012-08-01,2012,8,49.24675,7.85,0.41,
51,2012-09-01,2012,9,48.0711,7.39,0.57,
51,2012-10-01,2012,10,49.37738,7.23,0.59,
51,2012-11-01,2012,11,48.46299,7.14,0.6,
51,2012-12-01,2012,12,61.4387,7.16,0.79,
51,2013-01-01,2013,1,46.98254,7.11,0.86,
51,2013-02-01,2013,2,45.37146,7.12,0.6,
51,2013-03-01,2013,3,51.6416,7.15,0.47,
51,2013-04-01,2013,4,48.6807,7.26,0.55,
51,2013-05-01,2013,5,53.16559,7.42,0.37,
51,2013-06-01,2013,6,50.94492,7.9,0.26,
51,2013-07-01,2013,7,52.81725,8.23,0.03,
51,2013-08-01,2013,8,54.2977,8.45,0.24,
51,2013-09-01,2013,9,52.90434,8.9,0.35,
51,2013-10-01,2013,10,56.1265,9.25,0.57,
51,2013-11-01,2013,11,56.43129,9.45,0.54,
51,2013-12-01,2013,12,66.79445,9.9,0.92,
51,2014-01-01,2014,1,52.68663,10.17,0.55,
51,2014-02-01,2014,2,51.98994,10.43,0.69,
51,2014-03-01,2014,3,56.47484,10.65,0.92,
51,2014-04-01,2014,4,55.86524,10.87,0.67,
51,2014-05-01,2014,5,55.47336,10.9,0.46,
51,2014-06-01,2014,6,54.99439,10.9,0.4,
51,2014-07-01,2014,7,56.56192,10.9,0.01,
51,2014-08-01,2014,8,57.78112,10.9,0.25,
51,2014-09-01,2014,9,56.56192,10.9,0.57,
51,2014-10-01,2014,10,60.78556,10.92,0.42,
51,2014-11-01,2014,11,58.95677,11.15,0.51,
51,2014-12-01,2014,12,72.1502,11.58,0.78,
51,2015-01-01,2015,1,54.6025,11.82,1.24,
51,2015-02-01,2015,2,51.16263,12.15,1.22,
51,2015-03-01,2015,3,55.47336,12.58,1.32,
51,2015-04-01,2015,4,53.29622,12.68,0.71,
51,2015-05-01,2015,5,56.91026,13.15,0.74,
51,2015-06-01,2015,6,54.82022,13.58,0.79,
51,2015-07-01,2015,7,58.08592,13.69,0.62,
51,2015-08-01,2015,8,57.04089,14.15,0.22,
51,2015-09-01,2015,9,55.60398,14.15,0.54,
51,2015-10-01,2015,10,59.13094,14.15,0.82,
51,2015-11-01,2015,11,58.34717,14.15,1.01,
51,2015-12-01,2015,12,72.01957,14.15,0.96,
51,2016-01-01,2016,1,55.16856,14.15,1.27,
51,2016-02-01,2016,2,54.03645,14.15,0.9,
51,2016-03-01,2016,3,57.5634,14.15,0.43,
51,2016-04-01,2016,4,57.21506,14.15,0.61,
51,2016-05-01,2016,5,56.64901,14.15,0.78,
51,2016-06-01,2016,6,57.69403,14.15,0.35,
51,2016-07-01,2016,7,60.78556,14.15,0.52,
51,2016-08-01,2016,8,59.21802,14.15,0.44,
51,2016-09-01,2016,9,54.77667,14.15,0.08,
51,2016-10-01,2016,10,56.30067,14.05,0.26,
51,2016-11-01,2016,11,55.47336,13.9,0.18,
51,2016-12-01,2016,12,67.31696,13.65,0.3,
51,2017-01-01,2017,1,57.37515,13.17,0.38,
51,2017-02-01,2017,2,51.31086,12.82,0.33,
51,2017-03-01,2017,3,58.75711,12.15,0.25,
51,2017-04-01,2017,4,57.52056,11.59,0.14,
51,2017-05-01,2017,5,61.07447,11.15,0.31,
51,2017-06-01,2017,6,60.48491,10.15,-0.23,
51,2017-07-01,2017,7,61.38689,10.01,0.24,
51,2017-08-01,2017,8,61.14612,9.15,0.19,
51,2017-09-01,2017,9,63.67559,8.35,0.16,
51,2017-10-01,2017,10,62.51811,8.01,0.42,
51,2017-11-01,2017,11,64.15813,7.4,0.28,
51,2017-12-01,2017,12,76.93967,7.0,0.44,
51,2018-01-01,2018,1,59.78481,6.9,0.29,
51,2018-02-01,2018,2,56.7945,6.72,0.32,
51,2018-03-01,2018,3,64.07433,6.58,0.09,
51,2018-04-01,2018,4,59.90317,6.4,0.22,
51,2018-05-01,2018,5,61.26123,6.4,0.4,
51,2018-06-01,2018,6,65.61322,6.4,1.26,
51,2018-07-01,2018,7,64.9308,6.4,0.33,
51,2018-08-01,2018,8,65.89188,6.4,-0.09,
51,2018-09-01,2018,9,65.03558,6.4,0.48,
51,2018-10-01,2018,10,68.91588,6.4,0.45,
51,2018-11-01,2018,11,70.21735,6.4,-0.21,
51,2018-12-01,2018,12,78.50497,6.4,0.15,
51,2019-01-01,2019,1,65.26069,6.4,0.32,
51,2019-02-01,2019,2,62.24539,6.4,0.43,
51,2019-03-01,2019,3,65.35411,6.4,0.75,
51,2019-04-01,2019,4,63.56755,6.4,0.57,
51,2019-05-01,2019,5,67.61248,6.4,0.13,
51,2019-06-01,2019,6,64.13298,6.4,0.01,
51,2019-07-01,2019,7,69.7001,6.4,0.19,
51,2019-08-01,2019,8,70.50218,5.9,0.11,
51,2019-09-01,2019,9,70.27633,5.71,-0.04,
51,2019-10-01,2019,10,72.422,5.38,0.1,
51,2019-11-01,2019,11,74.31919,4.9,0.51,
51,2019-12-01,2019,12,84.23265,4.59,1.15,
51,2020-01-01,2020,1,70.92781,4.4,0.21,
51,2020-02-01,2020,2,71.2803,4.19,0.25,
51,2020-03-01,2020,3,69.54501,3.95,0.07,
51,2020-04-01,2020,4,57.7047,3.65,-0.31,
51,2020-05-01,2020,5,69.38639,3.01,-0.38,
51,2020-06-01,2020,6,67.51198,2.58,0.26,
51,2020-07-01,2020,7,69.57588,2.15,0.36,
51,2020-08-01,2020,8,77.26734,1.94,0.24,
51,2020-09-01,2020,9,75.0113,1.9,0.64,
51,2020-10-01,2020,10,80.79174,1.9,0.86,
51,2020-11-01,2020,11,82.74093,1.9,0.89,
51,2020-12-01,2020,12,92.22232,1.9,1.35,
51,2021-01-01,2021,1,67.97122,1.9,0.25,
51,2021-02-01,2021,2,71.02977,1.9,0.86,
51,2021-03-01,2021,3,77.12567,2.23,0.93,
51,2021-04-01,2021,4,72.50116,2.65,0.31,
51,2021-05-01,2021,5,79.84414,3.29,0.83,
51,2021-06-01,2021,6,79.45881,3.76,0.53,
51,2021-07-01,2021,7,92.50739,4.15,0.96,
51,2021-08-01,2021,8,84.39072,5.01,0.87,
51,2021-09-01,2021,9,86.59142,5.43,1.16,
51,2021-10-01,2021,10,90.80772,6.3,1.25,
51,2021-11-01,2021,11,94.49677,7.65,0.95,
51,2021-12-01,2021,12,102.1878,8.76,0.73,
51,2022-01-01,2022,1,84.94696,9.15,0.54,103397166494.97
51,2022-02-01,2022,2,83.69415,10.49,1.01,103952191272.54
51,2022-03-01,2022,3,98.86828,11.15,1.62,104274064391.11
51,2022-04-01,2022,4,96.53127,11.65,1.06,104475299560.64
51,2022-05-01,2022,5,100.73905,12.51,0.47,105275209135.08
51,2022-06-01,2022,6,98.77036,12.89,0.67,108983881809.01
51,2022-07-01,2022,7,104.01269,13.15,-0.68,111644025901.18
51,2022-08-01,2022,8,104.50982,13.58,-0.36,114408252411.78
51,2022-09-01,2022,9,100.93249,13.65,-0.29,117015434407.71
51,2022-10-01,2022,10,104.50806,13.65,0.59,118916786101.56999
51,2022-11-01,2022,11,103.39375,13.65,0.41,120817428196.55
51,2022-12-01,2022,12,119.09312,13.65,0.62,123053404489.59
51,2023-01-01,2023,1,92.38261,,0.53,124800000192.37
51,2023-02-01,2023,2,89.98822,,0.84,126123661690.0
51,2023-03-01,2023,3,102.97805,,0.71,127326498884.72
51,2023-04-01,2023,4,102.35964,,0.61,125906023434.72
51,2023-05-01,2023,5,100.44884,,0.23,126044504581.54
51,2023-06-01,2023,6,97.07422,,-0.08,126193757645.66
51,2023-07-01,2023,7,101.17896,,0.12,127750729109.71
51,2023-08-01,2023,8,103.07202,,0.23,131237899417.24
51,2023-09-01,2023,9,105.25073,,0.26,134173587929.18
51,2023-10-01,2023,10,109.19042,,0.24,136833087303.6
51,2023-11-01,2023,11,111.35323,,0.28,138943951455.42
51,2023-12-01,2023,12,122.93928,,0.56,141058020311.44
51,2024-01-01,2024,1,103.45534,,0.42,
51,2024-02-01,2024,2,106.05541,,0.83,
51,2024-03-01,2024,3,102.99035,,0.16,
51,2024-04-01,2024,4,101.17049,,0.38,
51,2024-05-01,2024,5,108.28164,,0.46,
51,2024-06-01,2024,6,103.03897,,0.21,
51,2024-07-01,2024,7,108.8249,,0.38,
51,2024-08-01,2024,8,111.1224,,-0.02,
51,2024-09-01,2024,9,108.11174,,0.44,
51,2024-10-01,2024,10,115.05566,,0.56,
51,2024-11-01,2024,11,120.9216,,0.39,
51,2024-12-01,2024,12,128.75694,,0.52,
51,2025-01-01,2025,1,106.99989,,0.16,
51,2025-02-01,2025,2,106.96279,,1.31,
51,2025-03-01,2025,3,117.55257,,0.56,
51,2025-04-01,2025,4,113.01899,,0.43,
51,2025-05-01,2025,5,121.34876,,0.26,
51,2025-06-01,2025,6,114.59904,,0.24,
51,2025-07-01,2025,7,119.82465,,0.26,
51,2025-08-01,2025,8,119.14199,,-0.11,
51,2025-09-01,2025,9,117.12991,,0.48,
51,2025-10-01,2025,10,120.63757,,0.09,
51,2025-11-01,2025,11,128.95547,,0.18,
52,2007-12-01,2007,12,54.16341,,,
52,2008-01-01,2008,1,42.09917,,,
52,2008-02-01,2008,2,38.07775,,,
52,2008-03-01,2008,3,43.16735,,,
52,2008-04-01,2008,4,41.72216,,,
52,2008-05-01,2008,5,46.30908,,,
52,2008-06-01,2008,6,43.92137,,,
52,2008-07-01,2008,7,46.30908,,,
52,2008-08-01,2008,8,46.68609,,,
52,2008-09-01,2008,9,45.11523,,,
52,2008-10-01,2008,10,46.87459,,,
52,2008-11-01,2008,11,44.61255,,,
52,2008-12-01,2008,12,59.19017,,,
52,2009-01-01,2009,1,45.6179,,,
52,2009-02-01,2009,2,39.83712,,,
52,2009-03-01,2009,3,46.56042,,,
52,2009-04-01,2009,4,45.99491,,,
52,2009-05-01,2009,5,49.32514,,,
52,2009-06-01,2009,6,46.81176,,,
52,2009-07-01,2009,7,50.07916,,,
52,2009-08-01,2009,8,49.89065,,,
52,2009-09-01,2009,9,47.75428,,,
52,2009-10-01,2009,10,51.52435,,,
52,2009-11-01,2009,11,49.70215,,,
52,2009-12-01,2009,12,68.11268,,,
52,2010-01-01,2010,1,52.46687,,,
52,2010-02-01,2010,2,47.18877,,,
52,2010-03-01,2010,3,53.7864,,,
52,2010-04-01,2010,4,52.3412,,,
52,2010-05-01,2010,5,55.67144,,,
52,2010-06-01,2010,6,52.52971,,,
52,2010-07-01,2010,7,55.98561,,,
52,2010-08-01,2010,8,55.23159,,,
52,2010-09-01,2010,9,54.72892,,,
52,2010-10-01,2010,10,59.75568,,,
52,2010-11-01,2010,11,58.12198,,,
52,2010-12-01,2010,12,78.66889,,,
52,2011-01-01,2011,1,60.32119,,0.83,
52,2011-02-01,2011,2,54.16341,,0.8,
52,2011-03-01,2011,3,59.0645,,0.79,
52,2011-04-01,2011,4,60.38403,,0.77,
52,2011-05-01,2011,5,62.08056,,0.47,
52,2011-06-01,2011,6,59.69285,,0.15,
52,2011-07-01,2011,7,62.64607,,0.16,
52,2011-08-01,2011,8,63.14875,,0.37,
52,2011-09-01,2011,9,60.76104,,0.53,
52,2011-10-01,2011,10,63.52576,,0.43,
52,2011-11-01,2011,11,62.89741,,0.52,
52,2011-12-01,2011,12,85.45503,,0.5,
52,2012-01-01,2012,1,65.91347,10.7,0.56,
52,2012-02-01,2012,2,60.82387,10.4,0.45,
52,2012-03-01,2012,3,67.54717,9.82,0.21,
52,2012-04-01,2012,4,66.35331,9.35,0.64,
52,2012-05-01,2012,5,68.8667,8.87,0.36,
52,2012-06-01,2012,6,67.79851,8.39,0.08,
52,2012-07-01,2012,7,69.80922,8.07,0.43,
52,2012-08-01,2012,8,71.25441,7.85,0.41,
52,2012-09-01,2012,9,69.0552,7.39,0.57,
52,2012-10-01,2012,10,72.38543,7.23,0.59,
52,2012-11-01,2012,11,71.63142,7.14,0.6,
52,2012-12-01,2012,12,91.67565,7.16,0.79,
52,2013-01-01,2013,1,73.20228,7.11,0.86,
52,2013-02-01,2013,2,64.97095,7.12,0.6,
52,2013-03-01,2013,3,76.21834,7.15,0.47,
52,2013-04-01,2013,4,71.19158,7.26,0.55,
52,2013-05-01,2013,5,77.97771,7.42,0.37,
52,2013-06-01,2013,6,73.45362,7.9,0.26,
52,2013-07-01,2013,7,78.98306,8.23,0.03,
52,2013-08-01,2013,8,80.11409,8.45,0.24,
52,2013-09-01,2013,9,75.7785,8.9,0.35,
52,2013-10-01,2013,10,79.92558,9.25,0.57,
52,2013-11-01,2013,11,81.11944,9.45,0.54,
52,2013-12-01,2013,12,103.61422,9.9,0.92,
52,2014-01-01,2014,1,82.6903,10.17,0.55,
52,2014-02-01,2014,2,74.39614,10.43,0.69,
52,2014-03-01,2014,3,80.42826,10.65,0.92,
52,2014-04-01,2014,4,81.24511,10.87,0.67,
52,2014-05-01,2014,5,86.77455,10.9,0.46,
52,2014-06-01,2014,6,76.65818,10.9,0.4,
52,2014-07-01,2014,7,80.80527,10.9,0.01,
52,2014-08-01,2014,8,80.99377,10.9,0.25,
52,2014-09-01,2014,9,78.48039,10.9,0.57,
52,2014-10-01,2014,10,86.71172,10.92,0.42,
52,2014-11-01,2014,11,85.58069,11.15,0.51,
52,2014-12-01,2014,12,103.67705,11.58,0.78,
52,2015-01-01,2015,1,83.38148,11.82,1.24,
52,2015-02-01,2015,2,71.31725,12.15,1.22,
52,2015-03-01,2015,3,79.29724,12.58,1.32,
52,2015-04-01,2015,4,76.65818,12.68,0.71,
52,2015-05-01,2015,5,80.74243,13.15,0.74,
52,2015-06-01,2015,6,75.40149,13.58,0.79,
52,2015-07-01,2015,7,78.79456,13.69,0.62,
52,2015-08-01,2015,8,77.85204,14.15,0.22,
52,2015-09-01,2015,9,75.27582,14.15,0.54,
52,2015-10-01,2015,10,82.6903,14.15,0.82,
52,2015-11-01,2015,11,83.13015,14.15,1.01,
52,2015-12-01,2015,12,101.47784,14.15,0.96,
52,2016-01-01,2016,1,79.98842,14.15,1.27,
52,2016-02-01,2016,2,73.39079,14.15,0.9,
52,2016-03-01,2016,3,81.18227,14.15,0.43,
52,2016-04-01,2016,4,78.22905,14.15,0.61,
52,2016-05-01,2016,5,78.10338,14.15,0.78,
52,2016-06-01,2016,6,76.40685,14.15,0.35,
52,2016-07-01,2016,7,80.42826,14.15,0.52,
52,2016-08-01,2016,8,79.0459,14.15,0.44,
52,2016-09-01,2016,9,78.41755,14.15,0.08,
52,2016-10-01,2016,10,82.81597,14.05,0.26,
52,2016-11-01,2016,11,85.45503,13.9,0.18,
52,2016-12-01,2016,12,101.66635,13.65,0.3,
52,2017-01-01,2017,1,78.45956,13.17,0.38,
52,2017-02-01,2017,2,71.18344,12.82,0.33,
52,2017-03-01,2017,3,69.5121,12.15,0.25,
52,2017-04-01,2017,4,70.68541,11.59,0.14,
52,2017-05-01,2017,5,73.09921,11.15,0.31,
52,2017-06-01,2017,6,71.63709,10.15,-0.23,
52,2017-07-01,2017,7,71.68677,10.01,0.24,
52,2017-08-01,2017,8,70.9973,9.15,0.19,
52,2017-09-01,2017,9,71.3898,8.35,0.16,
52,2017-10-01,2017,10,73.28487,8.01,0.42,
52,2017-11-01,2017,11,81.03146,7.4,0.28,
52,2017-12-01,2017,12,93.5385,7.0,0.44,
52,2018-01-01,2018,1,71.13393,6.9,0.29,
52,2018-02-01,2018,2,62.92103,6.72,0.32,
52,2018-03-01,2018,3,73.41426,6.58,0.09,
52,2018-04-01,2018,4,72.637,6.4,0.22,
52,2018-05-01,2018,5,75.77039,6.4,0.4,
52,2018-06-01,2018,6,74.80877,6.4,1.26,
52,2018-07-01,2018,7,75.27683,6.4,0.33,
52,2018-08-01,2018,8,78.43341,6.4,-0.09,
52,2018-09-01,2018,9,74.67938,6.4,0.48,
52,2018-10-01,2018,10,79.25228,6.4,0.45,
52,2018-11-01,2018,11,89.23445,6.4,-0.21,
52,2018-12-01,2018,12,97.92954,6.4,0.15,
52,2019-01-01,2019,1,75.78673,6.4,0.32,
52,2019-02-01,2019,2,70.21518,6.4,0.43,
52,2019-03-01,2019,3,76.54414,6.4,0.75,
52,2019-04-01,2019,4,74.36231,6.4,0.57,
52,2019-05-01,2019,5,79.06143,6.4,0.13,
52,2019-06-01,2019,6,76.41332,6.4,0.01,
52,2019-07-01,2019,7,75.35638,6.4,0.19,
52,2019-08-01,2019,8,77.77205,5.9,0.11,
52,2019-09-01,2019,9,77.51416,5.71,-0.04,
52,2019-10-01,2019,10,82.3302,5.38,0.1,
52,2019-11-01,2019,11,93.11784,4.9,0.51,
52,2019-12-01,2019,12,99.91568,4.59,1.15,
52,2020-01-01,2020,1,79.79163,4.4,0.21,
52,2020-02-01,2020,2,74.54681,4.19,0.25,
52,2020-03-01,2020,3,73.29536,3.95,0.07,
52,2020-04-01,2020,4,60.58278,3.65,-0.31,
52,2020-05-01,2020,5,72.33909,3.01,-0.38,
52,2020-06-01,2020,6,73.78444,2.58,0.26,
52,2020-07-01,2020,7,78.70101,2.15,0.36,
52,2020-08-01,2020,8,83.67814,1.94,0.24,
52,2020-09-01,2020,9,84.29666,1.9,0.64,
52,2020-10-01,2020,10,90.5326,1.9,0.86,
52,2020-11-01,2020,11,92.57576,1.9,0.89,
52,2020-12-01,2020,12,102.94705,1.9,1.35,
52,2021-01-01,2021,1,82.45957,1.9,0.25,
52,2021-02-01,2021,2,77.38694,1.9,0.86,
52,2021-03-01,2021,3,78.84352,2.23,0.93,
52,2021-04-01,2021,4,84.53742,2.65,0.31,
52,2021-05-01,2021,5,91.41214,3.29,0.83,
52,2021-06-01,2021,6,88.96763,3.76,0.53,
52,2021-07-01,2021,7,95.59692,4.15,0.96,
52,2021-08-01,2021,8,91.47599,5.01,0.87,
52,2021-09-01,2021,9,88.45538,5.43,1.16,
52,2021-10-01,2021,10,93.55333,6.3,1.25,
52,2021-11-01,2021,11,99.56959,7.65,0.95,
52,2021-12-01,2021,12,112.21525,8.76,0.73,
52,2022-01-01,2022,1,89.1487,9.15,0.54,139877966564.1
52,2022-02-01,2022,2,86.08777,10.49,1.01,141210972563.69
52,2022-03-01,2022,3,98.98357,11.15,1.62,142070070991.27
52,2022-04-01,2022,4,100.66312,11.65,1.06,143135716282.4
52,2022-05-01,2022,5,102.99486,12.51,0.47,145872984816.29
52,2022-06-01,2022,6,100.52233,12.89,0.67,149146182025.7
52,2022-07-01,2022,7,102.45236,13.15,-0.68,152828259733.27
52,2022-08-01,2022,8,100.76913,13.58,-0.36,157136326182.08
52,2022-09-01,2022,9,96.36341,13.65,-0.29,160843276977.71
52,2022-10-01,2022,10,99.45421,13.65,0.59,164308817564.71
52,2022-11-01,2022,11,104.77724,13.65,0.41,167417125563.88
52,2022-12-01,2022,12,117.78331,13.65,0.62,170230584695.24
52,2023-01-01,2023,1,95.62977,,0.53,172731473831.66
52,2023-02-01,2023,2,89.36946,,0.84,174099438522.71
52,2023-03-01,2023,3,103.58861,,0.71,176028533544.4
52,2023-04-01,2023,4,98.77514,,0.61,175722626163.09
52,2023-05-01,2023,5,100.8704,,0.23,177577379016.36
52,2023-06-01,2023,6,98.38389,,-0.08,178283692916.43
52,2023-07-01,2023,7,100.958,,0.12,180814282202.77
52,2023-08-01,2023,8,102.51585,,0.23,184172528032.77
52,2023-09-01,2023,9,102.9167,,0.26,186633869957.22
52,2023-10-01,2023,10,104.65273,,0.24,189751196830.3
52,2023-11-01,2023,11,106.29111,,0.28,192887200483.53
52,2023-12-01,2023,12,123.12359,,0.56,195615873340.03
52,2024-01-01,2024,1,101.5366,,0.42,
52,2024-02-01,2024,2,96.36982,,0.83,
52,2024-03-01,2024,3,110.46414,,0.16,
52,2024-04-01,2024,4,103.11824,,0.38,
52,2024-05-01,2024,5,111.33258,,0.46,
52,2024-06-01,2024,6,108.23518,,0.21,
52,2024-07-01,2024,7,113.70349,,0.38,
52,2024-08-01,2024,8,113.53061,,-0.02,
52,2024-09-01,2024,9,109.16429,,0.44,
52,2024-10-01,2024,10,117.38407,,0.56,
52,2024-11-01,2024,11,119.42162,,0.39,
52,2024-12-01,2024,12,132.78994,,0.52,
52,2025-01-01,2025,1,108.11216,,0.16,
52,2025-02-01,2025,2,104.07217,,1.31,
52,2025-03-01,2025,3,117.50541,,0.56,
52,2025-04-01,2025,4,114.14617,,0.43,
52,2025-05-01,2025,5,119.51919,,0.26,
52,2025-06-01,2025,6,113.15769,,0.24,
52,2025-07-01,2025,7,117.40232,,0.26,
52,2025-08-01,2025,8,118.21137,,-0.11,
52,2025-09-01,2025,9,116.4967,,0.48,
52,2025-10-01,2025,10,125.52562,,0.09,
52,2025-11-01,2025,11,122.74555,,0.18,
53,2007-12-01,2007,12,68.17997,,,
53,2008-01-01,2008,1,50.64215,,,
53,2008-02-01,2008,2,48.26299,,,
53,2008-03-01,2008,3,52.95334,,,
53,2008-04-01,2008,4,51.25393,,,
53,2008-05-01,2008,5,55.6044,,,
53,2008-06-01,2008,6,52.2056,,,
53,2008-07-01,2008,7,53.15726,,,
53,2008-08-01,2008,8,53.70107,,,
53,2008-09-01,2008,9,51.18596,,,
53,2008-10-01,2008,10,53.905,,,
53,2008-11-01,2008,11,55.06059,,,
53,2008-12-01,2008,12,69.81139,,,
53,2009-01-01,2009,1,53.76905,,,
53,2009-02-01,2009,2,49.41858,,,
53,2009-03-01,2009,3,54.10893,,,
53,2009-04-01,2009,4,54.10893,,,
53,2009-05-01,2009,5,56.28416,,,
53,2009-06-01,2009,6,53.49714,,,
53,2009-07-01,2009,7,56.75999,,,
53,2009-08-01,2009,8,56.42011,,,
53,2009-09-01,2009,9,54.85666,,,
53,2009-10-01,2009,10,60.09082,,,
53,2009-11-01,2009,11,58.59535,,,
53,2009-12-01,2009,12,76.54102,,,
53,2010-01-01,2010,1,57.71166,,,
53,2010-02-01,2010,2,54.04095,,,
53,2010-03-01,2010,3,61.79022,,,
53,2010-04-01,2010,4,59.0032,,,
53,2010-05-01,2010,5,62.74188,,,
53,2010-06-01,2010,6,60.09082,,,
53,2010-07-01,2010,7,63.62557,,,
53,2010-08-01,2010,8,61.99415,,,
53,2010-09-01,2010,9,60.36272,,,
53,2010-10-01,2010,10,64.84914,,,
53,2010-11-01,2010,11,65.32497,,,
53,2010-12-01,2010,12,85.98969,,,
53,2011-01-01,2011,1,64.50926,,0.83,
53,2011-02-01,2011,2,60.97451,,0.8,
53,2011-03-01,2011,3,64.10141,,0.79,
53,2011-04-01,2011,4,66.34462,,0.77,
53,2011-05-01,2011,5,66.75247,,0.47,
53,2011-06-01,2011,6,64.37331,,0.15,
53,2011-07-01,2011,7,67.97604,,0.16,
53,2011-08-01,2011,8,67.84009,,0.37,
53,2011-09-01,2011,9,64.44129,,0.53,
53,2011-10-01,2011,10,68.6558,,0.43,
53,2011-11-01,2011,11,69.40354,,0.52,
53,2011-12-01,2011,12,90.20421,,0.5,
53,2012-01-01,2012,1,67.43223,10.7,0.56,
53,2012-02-01,2012,2,65.59688,10.4,0.45,
53,2012-03-01,2012,3,74.09388,9.82,0.21,
53,2012-04-01,2012,4,70.15127,9.35,0.64,
53,2012-05-01,2012,5,71.44282,8.87,0.36,
53,2012-06-01,2012,6,70.15127,8.39,0.08,
53,2012-07-01,2012,7,71.44282,8.07,0.43,
53,2012-08-01,2012,8,74.43376,7.85,0.41,
53,2012-09-01,2012,9,70.76306,7.39,0.57,
53,2012-10-01,2012,10,73.95793,7.23,0.59,
53,2012-11-01,2012,11,73.61805,7.14,0.6,
53,2012-12-01,2012,12,93.94289,7.16,0.79,
53,2013-01-01,2013,1,74.29781,7.11,0.86,
53,2013-02-01,2013,2,68.51985,7.12,0.6,
53,2013-03-01,2013,3,80.61958,7.15,0.47,
53,2013-04-01,2013,4,75.79328,7.26,0.55,
53,2013-05-01,2013,5,78.5803,7.42,0.37,
53,2013-06-01,2013,6,76.74495,7.9,0.26,
53,2013-07-01,2013,7,79.32804,8.23,0.03,
53,2013-08-01,2013,8,82.59089,8.45,0.24,
53,2013-09-01,2013,9,77.22078,8.9,0.35,
53,2013-10-01,2013,10,81.9791,9.25,0.57,
53,2013-11-01,2013,11,83.61053,9.45,0.54,
53,2013-12-01,2013,12,101.42025,9.9,0.92,
53,2014-01-01,2014,1,81.4353,10.17,0.55,
53,2014-02-01,2014,2,76.8809,10.43,0.69,
53,2014-03-01,2014,3,81.7072,10.65,0.92,
53,2014-04-01,2014,4,82.72684,10.87,0.67,
53,2014-05-01,2014,5,86.32957,10.9,0.46,
53,2014-06-01,2014,6,80.82351,10.9,0.4,
53,2014-07-01,2014,7,82.25101,10.9,0.01,
53,2014-08-01,2014,8,85.78576,10.9,0.25,
53,2014-09-01,2014,9,81.63922,10.9,0.57,
53,2014-10-01,2014,10,85.98969,10.92,0.42,
53,2014-11-01,2014,11,86.94136,11.15,0.51,
53,2014-12-01,2014,12,102.84775,11.58,0.78,
53,2015-01-01,2015,1,83.81446,11.82,1.24,
53,2015-02-01,2015,2,76.26912,12.15,1.22,
53,2015-03-01,2015,3,87.07731,12.58,1.32,
53,2015-04-01,2015,4,84.97005,12.68,0.71,
53,2015-05-01,2015,5,87.62112,13.15,0.74,
53,2015-06-01,2015,6,83.54255,13.58,0.79,
53,2015-07-01,2015,7,86.32957,13.69,0.62,
53,2015-08-01,2015,8,85.78576,14.15,0.22,
53,2015-09-01,2015,9,81.4353,14.15,0.54,
53,2015-10-01,2015,10,88.30088,14.15,0.82,
53,2015-11-01,2015,11,88.84468,14.15,1.01,
53,2015-12-01,2015,12,105.83869,14.15,0.96,
53,2016-01-01,2016,1,83.47458,14.15,1.27,
53,2016-02-01,2016,2,79.46399,14.15,0.9,
53,2016-03-01,2016,3,87.961,14.15,0.43,
53,2016-04-01,2016,4,81.50327,14.15,0.61,
53,2016-05-01,2016,5,82.25101,14.15,0.78,
53,2016-06-01,2016,6,80.61958,14.15,0.35,
53,2016-07-01,2016,7,83.47458,14.15,0.52,
53,2016-08-01,2016,8,82.31898,14.15,0.44,
53,2016-09-01,2016,9,79.19209,14.15,0.08,
53,2016-10-01,2016,10,84.08636,14.05,0.26,
53,2016-11-01,2016,11,86.94136,13.9,0.18,
53,2016-12-01,2016,12,102.9837,13.65,0.3,
53,2017-01-01,2017,1,75.67151,13.17,0.38,
53,2017-02-01,2017,2,70.8738,12.82,0.33,
53,2017-03-01,2017,3,78.2368,12.15,0.25,
53,2017-04-01,2017,4,74.44003,11.59,0.14,
53,2017-05-01,2017,5,78.46785,11.15,0.31,
53,2017-06-01,2017,6,77.58873,10.15,-0.23,
53,2017-07-01,2017,7,77.8,10.01,0.24,
53,2017-08-01,2017,8,79.40496,9.15,0.19,
53,2017-09-01,2017,9,78.41405,8.35,0.16,
53,2017-10-01,2017,10,79.53795,8.01,0.42,
53,2017-11-01,2017,11,85.7787,7.4,0.28,
53,2017-12-01,2017,12,98.64104,7.0,0.44,
53,2018-01-01,2018,1,76.32943,6.9,0.29,
53,2018-02-01,2018,2,68.38117,6.72,0.32,
53,2018-03-01,2018,3,85.17643,6.58,0.09,
53,2018-04-01,2018,4,79.23299,6.4,0.22,
53,2018-05-01,2018,5,82.34453,6.4,0.4,
53,2018-06-01,2018,6,80.60306,6.4,1.26,
53,2018-07-01,2018,7,79.79999,6.4,0.33,
53,2018-08-01,2018,8,81.99834,6.4,-0.09,
53,2018-09-01,2018,9,79.47079,6.4,0.48,
53,2018-10-01,2018,10,80.27557,6.4,0.45,
53,2018-11-01,2018,11,88.72341,6.4,-0.21,
53,2018-12-01,2018,12,98.58774,6.4,0.15,
53,2019-01-01,2019,1,75.60676,6.4,0.32,
53,2019-02-01,2019,2,73.45926,6.4,0.43,
53,2019-03-01,2019,3,82.05556,6.4,0.75,
53,2019-04-01,2019,4,81.26448,6.4,0.57,
53,2019-05-01,2019,5,85.13243,6.4,0.13,
53,2019-06-01,2019,6,82.50007,6.4,0.01,
53,2019-07-01,2019,7,82.26997,6.4,0.19,
53,2019-08-01,2019,8,83.25864,5.9,0.11,
53,2019-09-01,2019,9,80.98617,5.71,-0.04,
53,2019-10-01,2019,10,84.80629,5.38,0.1,
53,2019-11-01,2019,11,89.82677,4.9,0.51,
53,2019-12-01,2019,12,103.98207,4.59,1.15,
53,2020-01-01,2020,1,82.17353,4.4,0.21,
53,2020-02-01,2020,2,80.66856,4.19,0.25,
53,2020-03-01,2020,3,78.86473,3.95,0.07,
53,2020-04-01,2020,4,61.56599,3.65,-0.31,
53,2020-05-01,2020,5,65.57397,3.01,-0.38,
53,2020-06-01,2020,6,72.94334,2.58,0.26,
53,2020-07-01,2020,7,80.99902,2.15,0.36,
53,2020-08-01,2020,8,84.38318,1.94,0.24,
53,2020-09-01,2020,9,82.81293,1.9,0.64,
53,2020-10-01,2020,10,91.39796,1.9,0.86,
53,2020-11-01,2020,11,91.08102,1.9,0.89,
53,2020-12-01,2020,12,101.83146,1.9,1.35,
53,2021-01-01,2021,1,79.29077,1.9,0.25,
53,2021-02-01,2021,2,73.63624,1.9,0.86,
53,2021-03-01,2021,3,74.30161,2.23,0.93,
53,2021-04-01,2021,4,79.74063,2.65,0.31,
53,2021-05-01,2021,5,87.69259,3.29,0.83,
53,2021-06-01,2021,6,86.01738,3.76,0.53,
53,2021-07-01,2021,7,89.104,4.15,0.96,
53,2021-08-01,2021,8,86.36296,5.01,0.87,
53,2021-09-01,2021,9,87.20967,5.43,1.16,
53,2021-10-01,2021,10,93.99007,6.3,1.25,
53,2021-11-01,2021,11,101.1191,7.65,0.95,
53,2021-12-01,2021,12,109.08257,8.76,0.73,
53,2022-01-01,2022,1,84.65478,9.15,0.54,73399941501.77
53,2022-02-01,2022,2,86.95493,10.49,1.01,73614692551.79
53,2022-03-01,2022,3,100.56285,11.15,1.62,74741819350.36
53,2022-04-01,2022,4,100.94988,11.65,1.06,75329251805.88
53,2022-05-01,2022,5,106.27962,12.51,0.47,76233844458.0
53,2022-06-01,2022,6,101.51844,12.89,0.67,76917621302.49
53,2022-07-01,2022,7,96.5217,13.15,-0.68,77438658578.48
53,2022-08-01,2022,8,98.94352,13.58,-0.36,78579733938.82
53,2022-09-01,2022,9,97.80697,13.65,-0.29,79128121668.33
53,2022-10-01,2022,10,103.71471,13.65,0.59,79921519747.54
53,2022-11-01,2022,11,109.94725,13.65,0.41,80919733064.33
53,2022-12-01,2022,12,112.14535,13.65,0.62,81299671384.45
53,2023-01-01,2023,1,92.85511,,0.53,82196588207.8
53,2023-02-01,2023,2,86.89822,,0.84,82273189477.33
53,2023-03-01,2023,3,100.433,,0.71,83141994501.96
53,2023-04-01,2023,4,98.00627,,0.61,83263214290.28
53,2023-05-01,2023,5,102.13081,,0.23,83996604938.66
53,2023-06-01,2023,6,99.16148,,-0.08,84027331062.68
53,2023-07-01,2023,7,99.7664,,0.12,84525710967.47
53,2023-08-01,2023,8,102.02583,,0.23,83977673702.05
53,2023-09-01,2023,9,100.04675,,0.26,85394587463.55
53,2023-10-01,2023,10,102.92052,,0.24,86055434178.64
53,2023-11-01,2023,11,109.61296,,0.28,87154775502.75
53,2023-12-01,2023,12,123.98804,,0.56,87511100935.98
53,2024-01-01,2024,1,96.30304,,0.42,
53,2024-02-01,2024,2,94.50686,,0.83,
53,2024-03-01,2024,3,109.32461,,0.16,
53,2024-04-01,2024,4,103.32476,,0.38,
53,2024-05-01,2024,5,109.50694,,0.46,
53,2024-06-01,2024,6,106.84027,,0.21,
53,2024-07-01,2024,7,109.37946,,0.38,
53,2024-08-01,2024,8,111.00592,,-0.02,
53,2024-09-01,2024,9,107.29789,,0.44,
53,2024-10-01,2024,10,115.9818,,0.56,
53,2024-11-01,2024,11,119.92491,,0.39,
53,2024-12-01,2024,12,136.40729,,0.52,
53,2025-01-01,2025,1,107.38471,,0.16,
53,2025-02-01,2025,2,105.65369,,1.31,
53,2025-03-01,2025,3,117.54757,,0.56,
53,2025-04-01,2025,4,117.73872,,0.43,
53,2025-05-01,2025,5,124.1224,,0.26,
53,2025-06-01,2025,6,114.87243,,0.24,
53,2025-07-01,2025,7,119.44208,,0.26,
53,2025-08-01,2025,8,120.53898,,-0.11,
53,2025-09-01,2025,9,115.08635,,0.48,
53,2025-10-01,2025,10,125.47009,,0.09,
53,2025-11-01,2025,11,130.77639,,0.18,
