uf_code,date,year,month,pmc_retail_nominal_index
11,2007-12-01,2007,12,36.40088
11,2008-01-01,2008,1,22.11767
11,2008-02-01,2008,2,22.49073
11,2008-03-01,2008,3,25.79506
11,2008-04-01,2008,4,24.56926
11,2008-05-01,2008,5,30.21859
11,2008-06-01,2008,6,26.4879
11,2008-07-01,2008,7,29.15268
11,2008-08-01,2008,8,30.80484
11,2008-09-01,2008,9,29.41916
11,2008-10-01,2008,10,30.75155
11,2008-11-01,2008,11,31.3378
11,2008-12-01,2008,12,44.44851
11,2009-01-01,2009,1,29.36586
11,2009-02-01,2009,2,27.28734
11,2009-03-01,2009,3,30.96473
11,2009-04-01,2009,4,29.84552
11,2009-05-01,2009,5,32.83008
11,2009-06-01,2009,6,30.96473
11,2009-07-01,2009,7,34.64213
11,2009-08-01,2009,8,34.58883
11,2009-09-01,2009,9,34.48224
11,2009-10-01,2009,10,36.34759
11,2009-11-01,2009,11,36.77395
11,2009-12-01,2009,12,54.84115
11,2010-01-01,2010,1,34.16247
11,2010-02-01,2010,2,37.20031
11,2010-03-01,2010,3,42.47658
11,2010-04-01,2010,4,41.35737
11,2010-05-01,2010,5,46.47375
11,2010-06-01,2010,6,42.36999
11,2010-07-01,2010,7,45.35454
11,2010-08-01,2010,8,44.71499
11,2010-09-01,2010,9,45.35454
11,2010-10-01,2010,10,47.85943
11,2010-11-01,2010,11,48.71216
11,2010-12-01,2010,12,68.85789
11,2011-01-01,2011,1,44.92817
11,2011-02-01,2011,2,44.07544
11,2011-03-01,2011,3,47.53966
11,2011-04-01,2011,4,48.76546
11,2011-05-01,2011,5,54.04172
11,2011-06-01,2011,6,49.93796
11,2011-07-01,2011,7,56.28013
11,2011-08-01,2011,8,54.41479
11,2011-09-01,2011,9,52.12308
11,2011-10-01,2011,10,53.0824
11,2011-11-01,2011,11,54.46808
11,2011-12-01,2011,12,79.99666
11,2012-01-01,2012,1,49.35171
11,2012-02-01,2012,2,47.69954
11,2012-03-01,2012,3,52.76262
11,2012-04-01,2012,4,51.8566
11,2012-05-01,2012,5,57.23945
11,2012-06-01,2012,6,55.37411
11,2012-07-01,2012,7,58.83832
11,2012-08-01,2012,8,59.90423
11,2012-09-01,2012,9,57.93229
11,2012-10-01,2012,10,60.01082
11,2012-11-01,2012,11,58.30536
11,2012-12-01,2012,12,83.35429
11,2013-01-01,2013,1,55.90706
11,2013-02-01,2013,2,53.24228
11,2013-03-01,2013,3,61.07673
11,2013-04-01,2013,4,59.53116
11,2013-05-01,2013,5,67.84527
11,2013-06-01,2013,6,62.83549
11,2013-07-01,2013,7,69.01778
11,2013-08-01,2013,8,68.21834
11,2013-09-01,2013,9,63.15526
11,2013-10-01,2013,10,66.56618
11,2013-11-01,2013,11,71.57596
11,2013-12-01,2013,12,99.82262
11,2014-01-01,2014,1,64.75413
11,2014-02-01,2014,2,61.07673
11,2014-03-01,2014,3,65.28708
11,2014-04-01,2014,4,69.81721
11,2014-05-01,2014,5,82.18178
11,2014-06-01,2014,6,73.12153
11,2014-07-01,2014,7,77.01211
11,2014-08-01,2014,8,79.78348
11,2014-09-01,2014,9,75.14677
11,2014-10-01,2014,10,79.6236
11,2014-11-01,2014,11,82.18178
11,2014-12-01,2014,12,110.74821
11,2015-01-01,2015,1,74.02756
11,2015-02-01,2015,2,67.20573
11,2015-03-01,2015,3,73.17483
11,2015-04-01,2015,4,73.38801
11,2015-05-01,2015,5,79.99666
11,2015-06-01,2015,6,72.96165
11,2015-07-01,2015,7,78.71757
11,2015-08-01,2015,8,75.25336
11,2015-09-01,2015,9,71.0963
11,2015-10-01,2015,10,76.79893
11,2015-11-01,2015,11,79.09064
11,2015-12-01,2015,12,103.60661
11,2016-01-01,2016,1,71.36278
11,2016-02-01,2016,2,69.01778
11,2016-03-01,2016,3,71.0963
11,2016-04-01,2016,4,67.68539
11,2016-05-01,2016,5,72.26881
11,2016-06-01,2016,6,70.45676
11,2016-07-01,2016,7,74.61381
11,2016-08-01,2016,8,71.52267
11,2016-09-01,2016,9,65.60686
11,2016-10-01,2016,10,70.03039
11,2016-11-01,2016,11,75.57313
11,2016-12-01,2016,12,94.65295
11,2017-01-01,2017,1,67.15859
11,2017-02-01,2017,2,62.22423
11,2017-03-01,2017,3,70.53641
11,2017-04-01,2017,4,66.54857
11,2017-05-01,2017,5,74.80471
11,2017-06-01,2017,6,69.4135
11,2017-07-01,2017,7,73.93837
11,2017-08-01,2017,8,76.67995
11,2017-09-01,2017,9,71.96644
11,2017-10-01,2017,10,75.34119
11,2017-11-01,2017,11,79.83885
11,2017-12-01,2017,12,102.0832
11,2018-01-01,2018,1,69.84922
11,2018-02-01,2018,2,65.22994
11,2018-03-01,2018,3,76.49439
11,2018-04-01,2018,4,72.23101
11,2018-05-01,2018,5,79.02505
11,2018-06-01,2018,6,75.80499
11,2018-07-01,2018,7,76.18848
11,2018-08-01,2018,8,79.88677
11,2018-09-01,2018,9,78.28304
11,2018-10-01,2018,10,81.56796
11,2018-11-01,2018,11,93.67905
11,2018-12-01,2018,12,107.45132
11,2019-01-01,2019,1,74.39876
11,2019-02-01,2019,2,69.91457
11,2019-03-01,2019,3,75.59679
11,2019-04-01,2019,4,73.49681
11,2019-05-01,2019,5,79.46814
11,2019-06-01,2019,6,73.49051
11,2019-07-01,2019,7,79.71592
11,2019-08-01,2019,8,75.66081
11,2019-09-01,2019,9,77.04169
11,2019-10-01,2019,10,79.95476
11,2019-11-01,2019,11,99.27975
11,2019-12-01,2019,12,104.98512
11,2020-01-01,2020,1,77.15664
11,2020-02-01,2020,2,73.67426
11,2020-03-01,2020,3,58.99649
11,2020-04-01,2020,4,45.65624
11,2020-05-01,2020,5,65.25148
11,2020-06-01,2020,6,69.74777
11,2020-07-01,2020,7,82.01448
11,2020-08-01,2020,8,92.07442
11,2020-09-01,2020,9,91.63724
11,2020-10-01,2020,10,93.45568
11,2020-11-01,2020,11,112.46475
11,2020-12-01,2020,12,111.92664
11,2021-01-01,2021,1,70.87596
11,2021-02-01,2021,2,75.05751
11,2021-03-01,2021,3,78.09733
11,2021-04-01,2021,4,80.84458
11,2021-05-01,2021,5,94.46023
11,2021-06-01,2021,6,90.46858
11,2021-07-01,2021,7,121.83529
11,2021-08-01,2021,8,95.46984
11,2021-09-01,2021,9,89.66163
11,2021-10-01,2021,10,93.74359
11,2021-11-01,2021,11,110.52464
11,2021-12-01,2021,12,117.03864
11,2022-01-01,2022,1,82.7781
11,2022-02-01,2022,2,85.22812
11,2022-03-01,2022,3,92.04117
11,2022-04-01,2022,4,96.80469
11,2022-05-01,2022,5,104.85275
11,2022-06-01,2022,6,96.99065
11,2022-07-01,2022,7,102.10371
11,2022-08-01,2022,8,101.47206
11,2022-09-01,2022,9,96.93902
11,2022-10-01,2022,10,98.73783
11,2022-11-01,2022,11,114.62232
11,2022-12-01,2022,12,127.42958
11,2023-01-01,2023,1,91.14752
11,2023-02-01,2023,2,87.9083
11,2023-03-01,2023,3,96.47475
11,2023-04-01,2023,4,97.39039
11,2023-05-01,2023,5,103.06004
11,2023-06-01,2023,6,95.21201
11,2023-07-01,2023,7,102.35873
11,2023-08-01,2023,8,100.75065
11,2023-09-01,2023,9,100.945
11,2023-10-01,2023,10,100.94753
11,2023-11-01,2023,11,121.15892
11,2023-12-01,2023,12,130.79053
11,2024-01-01,2024,1,96.23319
11,2024-02-01,2024,2,93.23886
11,2024-03-01,2024,3,100.77383
11,2024-04-01,2024,4,104.26029
11,2024-05-01,2024,5,114.60788
11,2024-06-01,2024,6,107.19505
11,2024-07-01,2024,7,113.72563
11,2024-08-01,2024,8,110.46463
11,2024-09-01,2024,9,105.14757
11,2024-10-01,2024,10,111.51047
11,2024-11-01,2024,11,135.49916
11,2024-12-01,2024,12,133.97842
11,2025-01-01,2025,1,100.60717
11,2025-02-01,2025,2,104.02632
11,2025-03-01,2025,3,111.31627
11,2025-04-01,2025,4,118.90177
11,2025-05-01,2025,5,127.44933
11,2025-06-01,2025,6,115.65148
11,2025-07-01,2025,7,120.63908
11,2025-08-01,2025,8,114.5851
11,2025-09-01,2025,9,113.28571
11,2025-10-01,2025,10,121.83363
11,2025-11-01,2025,11,158.98827
12,2007-12-01,2007,12,27.98392
12,2008-01-01,2008,1,19.04253
12,2008-02-01,2008,2,18.51877
12,2008-03-01,2008,3,21.811
12,2008-04-01,2008,4,21.13759
12,2008-05-01,2008,5,22.97076
12,2008-06-01,2008,6,21.77359
12,2008-07-01,2008,7,23.90605
12,2008-08-01,2008,8,23.68158
12,2008-09-01,2008,9,23.34487
12,2008-10-01,2008,10,24.76652
12,2008-11-01,2008,11,24.13052
12,2008-12-01,2008,12,31.68767
12,2009-01-01,2009,1,22.67147
12,2009-02-01,2009,2,21.36206
12,2009-03-01,2009,3,23.08299
12,2009-04-01,2009,4,22.93335
12,2009-05-01,2009,5,24.99099
12,2009-06-01,2009,6,24.13052
12,2009-07-01,2009,7,25.85146
12,2009-08-01,2009,8,26.45004
12,2009-09-01,2009,9,26.82416
12,2009-10-01,2009,10,28.32063
12,2009-11-01,2009,11,28.95662
12,2009-12-01,2009,12,39.73118
12,2010-01-01,2010,1,27.46016
12,2010-02-01,2010,2,27.04863
12,2010-03-01,2010,3,30.75238
12,2010-04-01,2010,4,29.14368
12,2010-05-01,2010,5,29.03145
12,2010-06-01,2010,6,29.89192
12,2010-07-01,2010,7,32.62297
12,2010-08-01,2010,8,31.42579
12,2010-09-01,2010,9,32.62297
12,2010-10-01,2010,10,34.23167
12,2010-11-01,2010,11,34.49355
12,2010-12-01,2010,12,48.18622
12,2011-01-01,2011,1,34.19426
12,2011-02-01,2011,2,32.36108
12,2011-03-01,2011,3,34.41873
12,2011-04-01,2011,4,34.49355
12,2011-05-01,2011,5,37.07495
12,2011-06-01,2011,6,33.67049
12,2011-07-01,2011,7,37.41166
12,2011-08-01,2011,8,37.48648
12,2011-09-01,2011,9,36.36413
12,2011-10-01,2011,10,35.9526
12,2011-11-01,2011,11,37.93542
12,2011-12-01,2011,12,57.57654
12,2012-01-01,2012,1,39.84342
12,2012-02-01,2012,2,36.77566
12,2012-03-01,2012,3,42.31259
12,2012-04-01,2012,4,40.81612
12,2012-05-01,2012,5,44.03352
12,2012-06-01,2012,6,42.12553
12,2012-07-01,2012,7,45.41775
12,2012-08-01,2012,8,45.00623
12,2012-09-01,2012,9,41.56435
12,2012-10-01,2012,10,45.49258
12,2012-11-01,2012,11,43.54717
12,2012-12-01,2012,12,58.81113
12,2013-01-01,2013,1,43.69682
12,2013-02-01,2013,2,40.32977
12,2013-03-01,2013,3,45.15587
12,2013-04-01,2013,4,44.2954
12,2013-05-01,2013,5,48.33586
12,2013-06-01,2013,6,44.74434
12,2013-07-01,2013,7,48.1488
12,2013-08-01,2013,8,46.95163
12,2013-09-01,2013,9,45.04364
12,2013-10-01,2013,10,51.3288
12,2013-11-01,2013,11,52.26409
12,2013-12-01,2013,12,70.5958
12,2014-01-01,2014,1,52.52597
12,2014-02-01,2014,2,49.04668
12,2014-03-01,2014,3,50.43092
12,2014-04-01,2014,4,47.21351
12,2014-05-01,2014,5,59.97089
12,2014-06-01,2014,6,54.32173
12,2014-07-01,2014,7,57.80101
12,2014-08-01,2014,8,58.99819
12,2014-09-01,2014,9,57.05278
12,2014-10-01,2014,10,59.18524
12,2014-11-01,2014,11,60.56948
12,2014-12-01,2014,12,81.59483
12,2015-01-01,2015,1,59.97089
12,2015-02-01,2015,2,54.8829
12,2015-03-01,2015,3,60.68171
12,2015-04-01,2015,4,57.91325
12,2015-05-01,2015,5,62.62712
12,2015-06-01,2015,6,57.1276
12,2015-07-01,2015,7,59.07301
12,2015-08-01,2015,8,59.55936
12,2015-09-01,2015,9,55.74337
12,2015-10-01,2015,10,58.3996
12,2015-11-01,2015,11,58.58666
12,2015-12-01,2015,12,78.67672
12,2016-01-01,2016,1,59.07301
12,2016-02-01,2016,2,55.21961
12,2016-03-01,2016,3,58.99819
12,2016-04-01,2016,4,58.77372
12,2016-05-01,2016,5,60.56948
12,2016-06-01,2016,6,57.72619
12,2016-07-01,2016,7,61.87888
12,2016-08-01,2016,8,58.43701
12,2016-09-01,2016,9,55.40667
12,2016-10-01,2016,10,59.40971
12,2016-11-01,2016,11,60.53206
12,2016-12-01,2016,12,79.12566
12,2017-01-01,2017,1,60.19963
12,2017-02-01,2017,2,54.42831
12,2017-03-01,2017,3,57.36167
12,2017-04-01,2017,4,58.16113
12,2017-05-01,2017,5,62.08622
12,2017-06-01,2017,6,58.83373
12,2017-07-01,2017,7,64.34317
12,2017-08-01,2017,8,64.72955
12,2017-09-01,2017,9,63.36301
12,2017-10-01,2017,10,64.01487
12,2017-11-01,2017,11,66.33483
12,2017-12-01,2017,12,84.05333
12,2018-01-01,2018,1,61.77724
12,2018-02-01,2018,2,58.25054
12,2018-03-01,2018,3,65.75753
12,2018-04-01,2018,4,61.73755
12,2018-05-01,2018,5,67.4547
12,2018-06-01,2018,6,64.9053
12,2018-07-01,2018,7,64.68484
12,2018-08-01,2018,8,68.98788
12,2018-09-01,2018,9,68.80688
12,2018-10-01,2018,10,71.55018
12,2018-11-01,2018,11,78.09537
12,2018-12-01,2018,12,89.50052
12,2019-01-01,2019,1,66.98351
12,2019-02-01,2019,2,63.67531
12,2019-03-01,2019,3,70.71757
12,2019-04-01,2019,4,67.35157
12,2019-05-01,2019,5,74.0703
12,2019-06-01,2019,6,70.61532
12,2019-07-01,2019,7,74.92177
12,2019-08-01,2019,8,74.75777
12,2019-09-01,2019,9,72.44853
12,2019-10-01,2019,10,75.54864
12,2019-11-01,2019,11,84.38036
12,2019-12-01,2019,12,97.69897
12,2020-01-01,2020,1,74.89272
12,2020-02-01,2020,2,72.10981
12,2020-03-01,2020,3,66.04987
12,2020-04-01,2020,4,52.8918
12,2020-05-01,2020,5,63.347
12,2020-06-01,2020,6,67.47186
12,2020-07-01,2020,7,81.41793
12,2020-08-01,2020,8,93.4052
12,2020-09-01,2020,9,87.83585
12,2020-10-01,2020,10,91.73565
12,2020-11-01,2020,11,102.68042
12,2020-12-01,2020,12,106.569
12,2021-01-01,2021,1,80.72411
12,2021-02-01,2021,2,67.0619
12,2021-03-01,2021,3,82.73094
12,2021-04-01,2021,4,78.89627
12,2021-05-01,2021,5,92.77962
12,2021-06-01,2021,6,89.68938
12,2021-07-01,2021,7,103.5637
12,2021-08-01,2021,8,93.2118
12,2021-09-01,2021,9,90.35659
12,2021-10-01,2021,10,97.63703
12,2021-11-01,2021,11,105.48207
12,2021-12-01,2021,12,111.21278
12,2022-01-01,2022,1,85.22912
12,2022-02-01,2022,2,82.91267
12,2022-03-01,2022,3,93.03054
12,2022-04-01,2022,4,94.00923
12,2022-05-01,2022,5,101.99278
12,2022-06-01,2022,6,95.58853
12,2022-07-01,2022,7,101.42156
12,2022-08-01,2022,8,103.06941
12,2022-09-01,2022,9,99.64841
12,2022-10-01,2022,10,106.38654
12,2022-11-01,2022,11,113.25947
12,2022-12-01,2022,12,123.45175
12,2023-01-01,2023,1,97.2856
12,2023-02-01,2023,2,92.88637
12,2023-03-01,2023,3,103.17625
12,2023-04-01,2023,4,99.43107
12,2023-05-01,2023,5,109.6007
12,2023-06-01,2023,6,106.10949
12,2023-07-01,2023,7,111.27709
12,2023-08-01,2023,8,110.18732
12,2023-09-01,2023,9,106.13584
12,2023-10-01,2023,10,110.7517
12,2023-11-01,2023,11,122.27655
12,2023-12-01,2023,12,133.65367
12,2024-01-01,2024,1,108.05686
12,2024-02-01,2024,2,104.12445
12,2024-03-01,2024,3,113.20169
12,2024-04-01,2024,4,114.08299
12,2024-05-01,2024,5,122.62022
12,2024-06-01,2024,6,114.49606
12,2024-07-01,2024,7,121.81806
12,2024-08-01,2024,8,120.38498
12,2024-09-01,2024,9,116.20024
12,2024-10-01,2024,10,124.1568
12,2024-11-01,2024,11,139.62806
12,2024-12-01,2024,12,144.72723
12,2025-01-01,2025,1,117.25856
12,2025-02-01,2025,2,112.53476
12,2025-03-01,2025,3,123.22783
12,2025-04-01,2025,4,124.00874
12,2025-05-01,2025,5,134.41581
12,2025-06-01,2025,6,123.14735
12,2025-07-01,2025,7,130.79131
12,2025-08-01,2025,8,130.32984
12,2025-09-01,2025,9,124.24645
12,2025-10-01,2025,10,131.29744
12,2025-11-01,2025,11,150.0417
13,2007-12-01,2007,12,47.41098
13,2008-01-01,2008,1,30.63911
13,2008-02-01,2008,2,28.95256
13,2008-03-01,2008,3,31.57609
13,2008-04-01,2008,4,30.9202
13,2008-05-01,2008,5,34.9492
13,2008-06-01,2008,6,32.79416
13,2008-07-01,2008,7,35.0429
13,2008-08-01,2008,8,35.08975
13,2008-09-01,2008,9,33.45004
13,2008-10-01,2008,10,35.83933
13,2008-11-01,2008,11,34.99605
13,2008-12-01,2008,12,49.75342
13,2009-01-01,2009,1,34.38702
13,2009-02-01,2009,2,31.0139
13,2009-03-01,2009,3,34.80865
13,2009-04-01,2009,4,34.19962
13,2009-05-01,2009,5,37.52589
13,2009-06-01,2009,6,35.79248
13,2009-07-01,2009,7,38.13492
13,2009-08-01,2009,8,38.7908
13,2009-09-01,2009,9,37.66643
13,2009-10-01,2009,10,40.19627
13,2009-11-01,2009,11,39.11874
13,2009-12-01,2009,12,53.40763
13,2010-01-01,2010,1,38.7908
13,2010-02-01,2010,2,36.35467
13,2010-03-01,2010,3,39.44669
13,2010-04-01,2010,4,38.41601
13,2010-05-01,2010,5,41.18009
13,2010-06-01,2010,6,40.7116
13,2010-07-01,2010,7,41.36749
13,2010-08-01,2010,8,44.7406
13,2010-09-01,2010,9,43.33514
13,2010-10-01,2010,10,45.06854
13,2010-11-01,2010,11,45.02169
13,2010-12-01,2010,12,61.93411
13,2011-01-01,2011,1,44.50636
13,2011-02-01,2011,2,40.66475
13,2011-03-01,2011,3,42.25761
13,2011-04-01,2011,4,42.58555
13,2011-05-01,2011,5,45.77127
13,2011-06-01,2011,6,44.5532
13,2011-07-01,2011,7,45.67758
13,2011-08-01,2011,8,48.44165
13,2011-09-01,2011,9,44.60005
13,2011-10-01,2011,10,47.50468
13,2011-11-01,2011,11,49.05069
13,2011-12-01,2011,12,66.61899
13,2012-01-01,2012,1,46.47401
13,2012-02-01,2012,2,43.24144
13,2012-03-01,2012,3,48.62905
13,2012-04-01,2012,4,47.27043
13,2012-05-01,2012,5,51.58052
13,2012-06-01,2012,6,49.37863
13,2012-07-01,2012,7,49.70657
13,2012-08-01,2012,8,50.97149
13,2012-09-01,2012,9,48.20741
13,2012-10-01,2012,10,49.70657
13,2012-11-01,2012,11,51.15888
13,2012-12-01,2012,12,68.25869
13,2013-01-01,2013,1,50.73725
13,2013-02-01,2013,2,46.94249
13,2013-03-01,2013,3,53.31393
13,2013-04-01,2013,4,51.11204
13,2013-05-01,2013,5,55.09418
13,2013-06-01,2013,6,53.45448
13,2013-07-01,2013,7,55.75007
13,2013-08-01,2013,8,57.90511
13,2013-09-01,2013,9,54.11036
13,2013-10-01,2013,10,57.76456
13,2013-11-01,2013,11,58.3736
13,2013-12-01,2013,12,78.05009
13,2014-01-01,2014,1,57.34293
13,2014-02-01,2014,2,50.6904
13,2014-03-01,2014,3,53.59502
13,2014-04-01,2014,4,52.93914
13,2014-05-01,2014,5,61.13768
13,2014-06-01,2014,6,55.51582
13,2014-07-01,2014,7,56.4528
13,2014-08-01,2014,8,59.96646
13,2014-09-01,2014,9,57.76456
13,2014-10-01,2014,10,61.04398
13,2014-11-01,2014,11,62.07465
13,2014-12-01,2014,12,77.53476
13,2015-01-01,2015,1,57.43662
13,2015-02-01,2015,2,52.14271
13,2015-03-01,2015,3,54.81309
13,2015-04-01,2015,4,55.70322
13,2015-05-01,2015,5,58.3736
13,2015-06-01,2015,6,55.42212
13,2015-07-01,2015,7,57.24923
13,2015-08-01,2015,8,60.57549
13,2015-09-01,2015,9,56.5465
13,2015-10-01,2015,10,61.32507
13,2015-11-01,2015,11,60.76289
13,2015-12-01,2015,12,76.50408
13,2016-01-01,2016,1,55.75007
13,2016-02-01,2016,2,51.76792
13,2016-03-01,2016,3,55.32843
13,2016-04-01,2016,4,53.12653
13,2016-05-01,2016,5,55.18788
13,2016-06-01,2016,6,54.20406
13,2016-07-01,2016,7,60.107
13,2016-08-01,2016,8,61.32507
13,2016-09-01,2016,9,56.21855
13,2016-10-01,2016,10,60.2944
13,2016-11-01,2016,11,60.76289
13,2016-12-01,2016,12,78.89337
13,2017-01-01,2017,1,59.68107
13,2017-02-01,2017,2,54.10287
13,2017-03-01,2017,3,58.22575
13,2017-04-01,2017,4,59.44289
13,2017-05-01,2017,5,59.42014
13,2017-06-01,2017,6,57.54059
13,2017-07-01,2017,7,63.4956
13,2017-08-01,2017,8,63.79445
13,2017-09-01,2017,9,62.80867
13,2017-10-01,2017,10,64.02625
13,2017-11-01,2017,11,67.21716
13,2017-12-01,2017,12,83.54479
13,2018-01-01,2018,1,64.45035
13,2018-02-01,2018,2,59.35625
13,2018-03-01,2018,3,66.09576
13,2018-04-01,2018,4,58.65172
13,2018-05-01,2018,5,65.32244
13,2018-06-01,2018,6,61.69371
13,2018-07-01,2018,7,62.31999
13,2018-08-01,2018,8,65.73462
13,2018-09-01,2018,9,63.74409
13,2018-10-01,2018,10,67.1606
13,2018-11-01,2018,11,72.7255
13,2018-12-01,2018,12,84.69184
13,2019-01-01,2019,1,62.82297
13,2019-02-01,2019,2,58.97691
13,2019-03-01,2019,3,66.67878
13,2019-04-01,2019,4,64.33806
13,2019-05-01,2019,5,69.56966
13,2019-06-01,2019,6,72.6884
13,2019-07-01,2019,7,74.55911
13,2019-08-01,2019,8,75.63291
13,2019-09-01,2019,9,72.91671
13,2019-10-01,2019,10,77.08804
13,2019-11-01,2019,11,86.0204
13,2019-12-01,2019,12,96.08133
13,2020-01-01,2020,1,75.04349
13,2020-02-01,2020,2,71.52515
13,2020-03-01,2020,3,67.82079
13,2020-04-01,2020,4,53.5716
13,2020-05-01,2020,5,64.09595
13,2020-06-01,2020,6,82.84868
13,2020-07-01,2020,7,92.46751
13,2020-08-01,2020,8,93.4604
13,2020-09-01,2020,9,88.27707
13,2020-10-01,2020,10,96.26353
13,2020-11-01,2020,11,100.87847
13,2020-12-01,2020,12,112.60178
13,2021-01-01,2021,1,63.32088
13,2021-02-01,2021,2,67.64296
13,2021-03-01,2021,3,90.24967
13,2021-04-01,2021,4,88.9604
13,2021-05-01,2021,5,97.27322
13,2021-06-01,2021,6,92.25306
13,2021-07-01,2021,7,96.80007
13,2021-08-01,2021,8,95.93513
13,2021-09-01,2021,9,90.88111
13,2021-10-01,2021,10,97.77192
13,2021-11-01,2021,11,106.55209
13,2021-12-01,2021,12,120.00559
13,2022-01-01,2022,1,88.91258
13,2022-02-01,2022,2,86.14237
13,2022-03-01,2022,3,92.4359
13,2022-04-01,2022,4,95.65544
13,2022-05-01,2022,5,102.01573
13,2022-06-01,2022,6,96.76757
13,2022-07-01,2022,7,99.47126
13,2022-08-01,2022,8,102.05238
13,2022-09-01,2022,9,95.84278
13,2022-10-01,2022,10,104.30631
13,2022-11-01,2022,11,109.64857
13,2022-12-01,2022,12,126.74911
13,2023-01-01,2023,1,93.97385
13,2023-02-01,2023,2,89.95044
13,2023-03-01,2023,3,101.80307
13,2023-04-01,2023,4,99.46182
13,2023-05-01,2023,5,104.36976
13,2023-06-01,2023,6,99.35299
13,2023-07-01,2023,7,103.05483
13,2023-08-01,2023,8,105.98134
13,2023-09-01,2023,9,100.93341
13,2023-10-01,2023,10,105.54349
13,2023-11-01,2023,11,116.30877
13,2023-12-01,2023,12,134.43473
13,2024-01-01,2024,1,99.30302
13,2024-02-01,2024,2,96.27391
13,2024-03-01,2024,3,107.64789
13,2024-04-01,2024,4,104.57452
13,2024-05-01,2024,5,114.78802
13,2024-06-01,2024,6,108.09444
13,2024-07-01,2024,7,113.11689
13,2024-08-01,2024,8,115.80521
13,2024-09-01,2024,9,111.44563
13,2024-10-01,2024,10,115.62195
13,2024-11-01,2024,11,131.19986
13,2024-12-01,2024,12,141.34656
13,2025-01-01,2025,1,107.44144
13,2025-02-01,2025,2,109.60815
13,2025-03-01,2025,3,111.33284
13,2025-04-01,2025,4,112.6437
13,2025-05-01,2025,5,121.2023
13,2025-06-01,2025,6,114.88162
13,2025-07-01,2025,7,118.6884
13,2025-08-01,2025,8,121.58043
13,2025-09-01,2025,9,115.1745
13,2025-10-01,2025,10,119.22672
13,2025-11-01,2025,11,132.63088
14,2007-12-01,2007,12,19.8753
14,2008-01-01,2008,1,14.94731
14,2008-02-01,2008,2,14.15775
14,2008-03-01,2008,3,16.11805
14,2008-04-01,2008,4,16.19973
14,2008-05-01,2008,5,18.75902
14,2008-06-01,2008,6,17.88777
14,2008-07-01,2008,7,18.26894
14,2008-08-01,2008,8,18.9496
14,2008-09-01,2008,9,18.16003
14,2008-10-01,2008,10,19.49413
14,2008-11-01,2008,11,19.19464
14,2008-12-01,2008,12,22.95189
14,2009-01-01,2009,1,18.26894
14,2009-02-01,2009,2,17.64273
14,2009-03-01,2009,3,20.22924
14,2009-04-01,2009,4,20.93713
14,2009-05-01,2009,5,21.15494
14,2009-06-01,2009,6,19.92975
14,2009-07-01,2009,7,19.65749
14,2009-08-01,2009,8,19.49413
14,2009-09-01,2009,9,18.78624
14,2009-10-01,2009,10,20.96436
14,2009-11-01,2009,11,21.64502
14,2009-12-01,2009,12,27.03585
14,2010-01-01,2010,1,20.50151
14,2010-02-01,2010,2,20.61041
14,2010-03-01,2010,3,23.03357
14,2010-04-01,2010,4,23.36028
14,2010-05-01,2010,5,24.31321
14,2010-06-01,2010,6,24.99387
14,2010-07-01,2010,7,24.74883
14,2010-08-01,2010,8,25.62008
14,2010-09-01,2010,9,27.41702
14,2010-10-01,2010,10,26.65468
14,2010-11-01,2010,11,24.42212
14,2010-12-01,2010,12,30.41193
14,2011-01-01,2011,1,25.62008
14,2011-02-01,2011,2,22.95189
14,2011-03-01,2011,3,25.59285
14,2011-04-01,2011,4,25.23891
14,2011-05-01,2011,5,25.81066
14,2011-06-01,2011,6,25.26614
14,2011-07-01,2011,7,26.65468
14,2011-08-01,2011,8,28.39718
14,2011-09-01,2011,9,28.58776
14,2011-10-01,2011,10,28.17936
14,2011-11-01,2011,11,28.66944
14,2011-12-01,2011,12,35.74831
14,2012-01-01,2012,1,32.31778
14,2012-02-01,2012,2,32.04552
14,2012-03-01,2012,3,34.55035
14,2012-04-01,2012,4,31.88216
14,2012-05-01,2012,5,33.81524
14,2012-06-01,2012,6,34.06028
14,2012-07-01,2012,7,35.72109
14,2012-08-01,2012,8,37.95366
14,2012-09-01,2012,9,38.17147
14,2012-10-01,2012,10,38.22592
14,2012-11-01,2012,11,38.03534
14,2012-12-01,2012,12,43.67121
14,2013-01-01,2013,1,36.10226
14,2013-02-01,2013,2,35.99335
14,2013-03-01,2013,3,40.45849
14,2013-04-01,2013,4,40.40404
14,2013-05-01,2013,5,41.84704
14,2013-06-01,2013,6,39.26052
14,2013-07-01,2013,7,39.6417
14,2013-08-01,2013,8,40.29513
14,2013-09-01,2013,9,38.85213
14,2013-10-01,2013,10,39.7506
14,2013-11-01,2013,11,39.7506
14,2013-12-01,2013,12,48.05466
14,2014-01-01,2014,1,38.33483
14,2014-02-01,2014,2,37.68139
14,2014-03-01,2014,3,38.85213
14,2014-04-01,2014,4,43.9707
14,2014-05-01,2014,5,46.17604
14,2014-06-01,2014,6,44.43355
14,2014-07-01,2014,7,45.33202
14,2014-08-01,2014,8,45.30479
14,2014-09-01,2014,9,46.3394
14,2014-10-01,2014,10,50.17833
14,2014-11-01,2014,11,49.47044
14,2014-12-01,2014,12,64.00936
14,2015-01-01,2015,1,51.29461
14,2015-02-01,2015,2,45.27757
14,2015-03-01,2015,3,51.10403
14,2015-04-01,2015,4,49.76993
14,2015-05-01,2015,5,54.23507
14,2015-06-01,2015,6,49.96052
14,2015-07-01,2015,7,52.49257
14,2015-08-01,2015,8,52.27476
14,2015-09-01,2015,9,51.40352
14,2015-10-01,2015,10,55.32412
14,2015-11-01,2015,11,57.47501
14,2015-12-01,2015,12,68.96457
14,2016-01-01,2016,1,54.7796
14,2016-02-01,2016,2,51.81191
14,2016-03-01,2016,3,56.68545
14,2016-04-01,2016,4,55.84143
14,2016-05-01,2016,5,55.70529
14,2016-06-01,2016,6,56.90326
14,2016-07-01,2016,7,62.18519
14,2016-08-01,2016,8,65.56126
14,2016-09-01,2016,9,64.58111
14,2016-10-01,2016,10,65.77908
14,2016-11-01,2016,11,63.98213
14,2016-12-01,2016,12,75.47169
14,2017-01-01,2017,1,49.07059
14,2017-02-01,2017,2,49.05645
14,2017-03-01,2017,3,52.7002
14,2017-04-01,2017,4,51.32593
14,2017-05-01,2017,5,54.15697
14,2017-06-01,2017,6,53.85496
14,2017-07-01,2017,7,57.69329
14,2017-08-01,2017,8,60.02582
14,2017-09-01,2017,9,59.31129
14,2017-10-01,2017,10,57.30095
14,2017-11-01,2017,11,58.44202
14,2017-12-01,2017,12,65.22438
14,2018-01-01,2018,1,55.29281
14,2018-02-01,2018,2,54.081
14,2018-03-01,2018,3,58.50883
14,2018-04-01,2018,4,54.59623
14,2018-05-01,2018,5,61.03779
14,2018-06-01,2018,6,56.15025
14,2018-07-01,2018,7,57.11196
14,2018-08-01,2018,8,59.97393
14,2018-09-01,2018,9,58.62799
14,2018-10-01,2018,10,62.79141
14,2018-11-01,2018,11,62.82979
14,2018-12-01,2018,12,72.22372
14,2019-01-01,2019,1,57.97249
14,2019-02-01,2019,2,53.35957
14,2019-03-01,2019,3,57.61028
14,2019-04-01,2019,4,61.14135
14,2019-05-01,2019,5,64.45073
14,2019-06-01,2019,6,63.26578
14,2019-07-01,2019,7,64.89397
14,2019-08-01,2019,8,64.1755
14,2019-09-01,2019,9,62.93267
14,2019-10-01,2019,10,67.92879
14,2019-11-01,2019,11,75.3477
14,2019-12-01,2019,12,76.72786
14,2020-01-01,2020,1,63.51464
14,2020-02-01,2020,2,60.17856
14,2020-03-01,2020,3,57.01544
14,2020-04-01,2020,4,51.47708
14,2020-05-01,2020,5,59.46318
14,2020-06-01,2020,6,63.71233
14,2020-07-01,2020,7,70.52469
14,2020-08-01,2020,8,73.85949
14,2020-09-01,2020,9,75.49125
14,2020-10-01,2020,10,79.3086
14,2020-11-01,2020,11,80.67711
14,2020-12-01,2020,12,93.41554
14,2021-01-01,2021,1,72.42533
14,2021-02-01,2021,2,67.27525
14,2021-03-01,2021,3,77.39019
14,2021-04-01,2021,4,76.3626
14,2021-05-01,2021,5,81.68166
14,2021-06-01,2021,6,74.45993
14,2021-07-01,2021,7,82.89983
14,2021-08-01,2021,8,84.13301
14,2021-09-01,2021,9,85.32603
14,2021-10-01,2021,10,88.5631
14,2021-11-01,2021,11,96.10069
14,2021-12-01,2021,12,109.52182
14,2022-01-01,2022,1,88.21386
14,2022-02-01,2022,2,87.59577
14,2022-03-01,2022,3,96.68773
14,2022-04-01,2022,4,94.98924
14,2022-05-01,2022,5,104.2468
14,2022-06-01,2022,6,96.57328
14,2022-07-01,2022,7,100.13694
14,2022-08-01,2022,8,104.74259
14,2022-09-01,2022,9,99.70969
14,2022-10-01,2022,10,105.96971
14,2022-11-01,2022,11,105.88002
14,2022-12-01,2022,12,115.25435
14,2023-01-01,2023,1,100.17173
14,2023-02-01,2023,2,99.2205
14,2023-03-01,2023,3,106.52511
14,2023-04-01,2023,4,103.86572
14,2023-05-01,2023,5,105.63082
14,2023-06-01,2023,6,96.57446
14,2023-07-01,2023,7,103.33929
14,2023-08-01,2023,8,103.70404
14,2023-09-01,2023,9,99.04048
14,2023-10-01,2023,10,101.96011
14,2023-11-01,2023,11,106.21382
14,2023-12-01,2023,12,125.32626
14,2024-01-01,2024,1,104.91365
14,2024-02-01,2024,2,101.55693
14,2024-03-01,2024,3,110.3038
14,2024-04-01,2024,4,112.72753
14,2024-05-01,2024,5,112.37554
14,2024-06-01,2024,6,104.67474
14,2024-07-01,2024,7,109.32686
14,2024-08-01,2024,8,114.50931
14,2024-09-01,2024,9,112.39204
14,2024-10-01,2024,10,124.81797
14,2024-11-01,2024,11,128.40701
14,2024-12-01,2024,12,136.41277
14,2025-01-01,2025,1,105.79339
14,2025-02-01,2025,2,104.41404
14,2025-03-01,2025,3,113.27799
14,2025-04-01,2025,4,114.11154
14,2025-05-01,2025,5,121.03962
14,2025-06-01,2025,6,112.53346
14,2025-07-01,2025,7,120.30232
14,2025-08-01,2025,8,118.65133
14,2025-09-01,2025,9,113.14232
14,2025-10-01,2025,10,119.29434
14,2025-11-01,2025,11,129.6985
15,2007-12-01,2007,12,42.26314
15,2008-01-01,2008,1,27.73519
15,2008-02-01,2008,2,22.57236
15,2008-03-01,2008,3,25.33387
15,2008-04-01,2008,4,25.17378
15,2008-05-01,2008,5,28.45558
15,2008-06-01,2008,6,26.45449
15,2008-07-01,2008,7,27.9353
15,2008-08-01,2008,8,27.85525
15,2008-09-01,2008,9,27.33497
15,2008-10-01,2008,10,28.97587
15,2008-11-01,2008,11,27.41501
15,2008-12-01,2008,12,41.8229
15,2009-01-01,2009,1,27.17488
15,2009-02-01,2009,2,24.21326
15,2009-03-01,2009,3,26.53453
15,2009-04-01,2009,4,26.73464
15,2009-05-01,2009,5,29.81633
15,2009-06-01,2009,6,28.09538
15,2009-07-01,2009,7,30.09648
15,2009-08-01,2009,8,30.69681
15,2009-09-01,2009,9,30.01644
15,2009-10-01,2009,10,33.4183
15,2009-11-01,2009,11,31.17707
15,2009-12-01,2009,12,49.10689
15,2010-01-01,2010,1,31.93749
15,2010-02-01,2010,2,28.65569
15,2010-03-01,2010,3,32.65788
15,2010-04-01,2010,4,31.81742
15,2010-05-01,2010,5,35.9797
15,2010-06-01,2010,6,32.73793
15,2010-07-01,2010,7,34.97915
15,2010-08-01,2010,8,35.13924
15,2010-09-01,2010,9,34.93913
15,2010-10-01,2010,10,37.46051
15,2010-11-01,2010,11,36.09977
15,2010-12-01,2010,12,56.51094
15,2011-01-01,2011,1,35.9797
15,2011-02-01,2011,2,32.61786
15,2011-03-01,2011,3,35.37937
15,2011-04-01,2011,4,37.10031
15,2011-05-01,2011,5,38.50108
15,2011-06-01,2011,6,37.50053
15,2011-07-01,2011,7,39.46161
15,2011-08-01,2011,8,40.46216
15,2011-09-01,2011,9,38.58113
15,2011-10-01,2011,10,41.54275
15,2011-11-01,2011,11,39.98189
15,2011-12-01,2011,12,63.1946
15,2012-01-01,2012,1,40.70229
15,2012-02-01,2012,2,37.02027
15,2012-03-01,2012,3,41.90294
15,2012-04-01,2012,4,40.9024
15,2012-05-01,2012,5,45.06468
15,2012-06-01,2012,6,42.7434
15,2012-07-01,2012,7,44.02411
15,2012-08-01,2012,8,45.46489
15,2012-09-01,2012,9,43.22367
15,2012-10-01,2012,10,47.18584
15,2012-11-01,2012,11,44.3843
15,2012-12-01,2012,12,68.35743
15,2013-01-01,2013,1,47.38595
15,2013-02-01,2013,2,41.50273
15,2013-03-01,2013,3,48.78671
15,2013-04-01,2013,4,46.86566
15,2013-05-01,2013,5,51.90842
15,2013-06-01,2013,6,48.90678
15,2013-07-01,2013,7,50.98792
15,2013-08-01,2013,8,52.14855
15,2013-09-01,2013,9,48.98682
15,2013-10-01,2013,10,53.38923
15,2013-11-01,2013,11,51.62827
15,2013-12-01,2013,12,77.28232
15,2014-01-01,2014,1,52.86895
15,2014-02-01,2014,2,47.34592
15,2014-03-01,2014,3,50.78781
15,2014-04-01,2014,4,50.66774
15,2014-05-01,2014,5,56.11072
15,2014-06-01,2014,6,50.38759
15,2014-07-01,2014,7,53.34921
15,2014-08-01,2014,8,53.8695
15,2014-09-01,2014,9,51.54823
15,2014-10-01,2014,10,62.43419
15,2014-11-01,2014,11,56.0707
15,2014-12-01,2014,12,77.72256
15,2015-01-01,2015,1,54.50985
15,2015-02-01,2015,2,47.82619
15,2015-03-01,2015,3,56.15075
15,2015-04-01,2015,4,53.54932
15,2015-05-01,2015,5,57.95173
15,2015-06-01,2015,6,53.58934
15,2015-07-01,2015,7,56.63101
15,2015-08-01,2015,8,54.91007
15,2015-09-01,2015,9,51.94844
15,2015-10-01,2015,10,58.83221
15,2015-11-01,2015,11,58.03178
15,2015-12-01,2015,12,78.28286
15,2016-01-01,2016,1,55.23024
15,2016-02-01,2016,2,51.70831
15,2016-03-01,2016,3,56.0707
15,2016-04-01,2016,4,55.19022
15,2016-05-01,2016,5,54.87004
15,2016-06-01,2016,6,52.74888
15,2016-07-01,2016,7,54.99011
15,2016-08-01,2016,8,53.82947
15,2016-09-01,2016,9,50.42761
15,2016-10-01,2016,10,54.54987
15,2016-11-01,2016,11,55.27026
15,2016-12-01,2016,12,75.08111
15,2017-01-01,2017,1,50.97198
15,2017-02-01,2017,2,45.88716
15,2017-03-01,2017,3,54.08281
15,2017-04-01,2017,4,52.88204
15,2017-05-01,2017,5,55.65062
15,2017-06-01,2017,6,53.23027
15,2017-07-01,2017,7,55.88294
15,2017-08-01,2017,8,55.86663
15,2017-09-01,2017,9,54.27498
15,2017-10-01,2017,10,55.93196
15,2017-11-01,2017,11,58.78918
15,2017-12-01,2017,12,75.1743
15,2018-01-01,2018,1,55.7345
15,2018-02-01,2018,2,49.17258
15,2018-03-01,2018,3,57.52757
15,2018-04-01,2018,4,53.50014
15,2018-05-01,2018,5,58.38648
15,2018-06-01,2018,6,56.36784
15,2018-07-01,2018,7,58.10232
15,2018-08-01,2018,8,60.40271
15,2018-09-01,2018,9,57.34949
15,2018-10-01,2018,10,60.764
15,2018-11-01,2018,11,66.58826
15,2018-12-01,2018,12,79.97579
15,2019-01-01,2019,1,58.6504
15,2019-02-01,2019,2,54.40381
15,2019-03-01,2019,3,60.40473
15,2019-04-01,2019,4,58.51335
15,2019-05-01,2019,5,61.64692
15,2019-06-01,2019,6,58.75082
15,2019-07-01,2019,7,61.04716
15,2019-08-01,2019,8,64.29448
15,2019-09-01,2019,9,61.44373
15,2019-10-01,2019,10,67.33399
15,2019-11-01,2019,11,74.92561
15,2019-12-01,2019,12,88.25426
15,2020-01-01,2020,1,66.56054
15,2020-02-01,2020,2,62.64103
15,2020-03-01,2020,3,61.86786
15,2020-04-01,2020,4,51.99811
15,2020-05-01,2020,5,54.85938
15,2020-06-01,2020,6,71.5129
15,2020-07-01,2020,7,78.29033
15,2020-08-01,2020,8,82.03048
15,2020-09-01,2020,9,76.93818
15,2020-10-01,2020,10,83.20139
15,2020-11-01,2020,11,94.09282
15,2020-12-01,2020,12,107.7618
15,2021-01-01,2021,1,79.04462
15,2021-02-01,2021,2,71.40726
15,2021-03-01,2021,3,74.21973
15,2021-04-01,2021,4,79.36091
15,2021-05-01,2021,5,86.68958
15,2021-06-01,2021,6,85.14937
15,2021-07-01,2021,7,92.55505
15,2021-08-01,2021,8,91.82973
15,2021-09-01,2021,9,85.29001
15,2021-10-01,2021,10,91.63754
15,2021-11-01,2021,11,100.56932
15,2021-12-01,2021,12,117.19018
15,2022-01-01,2022,1,89.05228
15,2022-02-01,2022,2,84.63247
15,2022-03-01,2022,3,94.29042
15,2022-04-01,2022,4,96.1869
15,2022-05-01,2022,5,101.3121
15,2022-06-01,2022,6,97.09273
15,2022-07-01,2022,7,101.08994
15,2022-08-01,2022,8,105.36248
15,2022-09-01,2022,9,95.70161
15,2022-10-01,2022,10,101.3476
15,2022-11-01,2022,11,106.85794
15,2022-12-01,2022,12,127.07354
15,2023-01-01,2023,1,94.416
15,2023-02-01,2023,2,88.19593
15,2023-03-01,2023,3,98.4565
15,2023-04-01,2023,4,99.287
15,2023-05-01,2023,5,103.58341
15,2023-06-01,2023,6,98.5478
15,2023-07-01,2023,7,102.34894
15,2023-08-01,2023,8,106.42494
15,2023-09-01,2023,9,99.601
15,2023-10-01,2023,10,103.37181
15,2023-11-01,2023,11,111.16404
15,2023-12-01,2023,12,132.22505
15,2024-01-01,2024,1,101.53452
15,2024-02-01,2024,2,102.01539
15,2024-03-01,2024,3,105.96071
15,2024-04-01,2024,4,102.63865
15,2024-05-01,2024,5,111.43485
15,2024-06-01,2024,6,105.26178
15,2024-07-01,2024,7,109.31595
15,2024-08-01,2024,8,117.07649
15,2024-09-01,2024,9,106.98872
15,2024-10-01,2024,10,116.13992
15,2024-11-01,2024,11,123.45351
15,2024-12-01,2024,12,140.17625
15,2025-01-01,2025,1,109.55071
15,2025-02-01,2025,2,104.36387
15,2025-03-01,2025,3,111.62707
15,2025-04-01,2025,4,115.49242
15,2025-05-01,2025,5,122.23722
15,2025-06-01,2025,6,111.95232
15,2025-07-01,2025,7,117.44049
15,2025-08-01,2025,8,123.20897
15,2025-09-01,2025,9,110.9114
15,2025-10-01,2025,10,121.75223
15,2025-11-01,2025,11,128.49596
16,2007-12-01,2007,12,43.10033
16,2008-01-01,2008,1,29.26402
16,2008-02-01,2008,2,25.9044
16,2008-03-01,2008,3,28.42411
16,2008-04-01,2008,4,30.32495
16,2008-05-01,2008,5,34.43606
16,2008-06-01,2008,6,31.47429
16,2008-07-01,2008,7,36.51371
16,2008-08-01,2008,8,34.96652
16,2008-09-01,2008,9,33.90559
16,2008-10-01,2008,10,35.80643
16,2008-11-01,2008,11,35.6296
16,2008-12-01,2008,12,48.40498
16,2009-01-01,2009,1,33.24251
16,2009-02-01,2009,2,29.79448
16,2009-03-01,2009,3,32.31419
16,2009-04-01,2009,4,32.49102
16,2009-05-01,2009,5,36.55792
16,2009-06-01,2009,6,35.76222
16,2009-07-01,2009,7,41.15529
16,2009-08-01,2009,8,39.29866
16,2009-09-01,2009,9,37.35362
16,2009-10-01,2009,10,40.66903
16,2009-11-01,2009,11,37.70726
16,2009-12-01,2009,12,58.17439
16,2010-01-01,2010,1,40.49221
16,2010-02-01,2010,2,35.40858
16,2010-03-01,2010,3,39.12184
16,2010-04-01,2010,4,38.32614
16,2010-05-01,2010,5,45.08957
16,2010-06-01,2010,6,41.42052
16,2010-07-01,2010,7,45.08957
16,2010-08-01,2010,8,42.43725
16,2010-09-01,2010,9,42.21622
16,2010-10-01,2010,10,42.52566
16,2010-11-01,2010,11,44.4707
16,2010-12-01,2010,12,60.6941
16,2011-01-01,2011,1,41.59734
16,2011-02-01,2011,2,38.50296
16,2011-03-01,2011,3,38.45875
16,2011-04-01,2011,4,38.63558
16,2011-05-01,2011,5,42.17201
16,2011-06-01,2011,6,43.76341
16,2011-07-01,2011,7,44.86855
16,2011-08-01,2011,8,45.62004
16,2011-09-01,2011,9,43.14453
16,2011-10-01,2011,10,45.3106
16,2011-11-01,2011,11,44.82434
16,2011-12-01,2011,12,63.65587
16,2012-01-01,2012,1,47.6977
16,2012-02-01,2012,2,44.4707
16,2012-03-01,2012,3,47.07882
16,2012-04-01,2012,4,44.33808
16,2012-05-01,2012,5,51.32254
16,2012-06-01,2012,6,51.98563
16,2012-07-01,2012,7,53.70964
16,2012-08-01,2012,8,58.66065
16,2012-09-01,2012,9,55.38945
16,2012-10-01,2012,10,55.08001
16,2012-11-01,2012,11,55.52206
16,2012-12-01,2012,12,75.06088
16,2013-01-01,2013,1,51.54357
16,2013-02-01,2013,2,48.58181
16,2013-03-01,2013,3,52.47189
16,2013-04-01,2013,4,51.67619
16,2013-05-01,2013,5,55.87571
16,2013-06-01,2013,6,57.99757
16,2013-07-01,2013,7,61.53401
16,2013-08-01,2013,8,61.22457
16,2013-09-01,2013,9,57.59972
16,2013-10-01,2013,10,59.50056
16,2013-11-01,2013,11,61.13616
16,2013-12-01,2013,12,80.63077
16,2014-01-01,2014,1,56.31776
16,2014-02-01,2014,2,55.91991
16,2014-03-01,2014,3,60.56149
16,2014-04-01,2014,4,61.88765
16,2014-05-01,2014,5,65.20306
16,2014-06-01,2014,6,63.56746
16,2014-07-01,2014,7,69.97725
16,2014-08-01,2014,8,68.47427
16,2014-09-01,2014,9,66.21979
16,2014-10-01,2014,10,70.86136
16,2014-11-01,2014,11,75.28191
16,2014-12-01,2014,12,89.25083
16,2015-01-01,2015,1,69.5352
16,2015-02-01,2015,2,60.25205
16,2015-03-01,2015,3,64.31895
16,2015-04-01,2015,4,60.16364
16,2015-05-01,2015,5,64.93783
16,2015-06-01,2015,6,61.71083
16,2015-07-01,2015,7,62.2855
16,2015-08-01,2015,8,61.35719
16,2015-09-01,2015,9,57.99757
16,2015-10-01,2015,10,60.82672
16,2015-11-01,2015,11,59.54476
16,2015-12-01,2015,12,75.32611
16,2016-01-01,2016,1,57.95336
16,2016-02-01,2016,2,54.24011
16,2016-03-01,2016,3,55.0358
16,2016-04-01,2016,4,53.09076
16,2016-05-01,2016,5,56.36197
16,2016-06-01,2016,6,55.08001
16,2016-07-01,2016,7,56.27356
16,2016-08-01,2016,8,54.94739
16,2016-09-01,2016,9,54.41693
16,2016-10-01,2016,10,56.14094
16,2016-11-01,2016,11,58.35121
16,2016-12-01,2016,12,71.34762
16,2017-01-01,2017,1,61.34971
16,2017-02-01,2017,2,57.12821
16,2017-03-01,2017,3,57.98664
16,2017-04-01,2017,4,55.75118
16,2017-05-01,2017,5,56.76343
16,2017-06-01,2017,6,56.61503
16,2017-07-01,2017,7,58.28764
16,2017-08-01,2017,8,56.53981
16,2017-09-01,2017,9,54.78719
16,2017-10-01,2017,10,55.23291
16,2017-11-01,2017,11,58.45555
16,2017-12-01,2017,12,63.36073
16,2018-01-01,2018,1,57.52202
16,2018-02-01,2018,2,56.57793
16,2018-03-01,2018,3,57.4826
16,2018-04-01,2018,4,56.60013
16,2018-05-01,2018,5,56.64059
16,2018-06-01,2018,6,55.24177
16,2018-07-01,2018,7,54.19932
16,2018-08-01,2018,8,55.24608
16,2018-09-01,2018,9,53.95184
16,2018-10-01,2018,10,56.3854
16,2018-11-01,2018,11,61.16244
16,2018-12-01,2018,12,64.38668
16,2019-01-01,2019,1,60.61856
16,2019-02-01,2019,2,58.95849
16,2019-03-01,2019,3,60.33261
16,2019-04-01,2019,4,63.74237
16,2019-05-01,2019,5,70.48488
16,2019-06-01,2019,6,67.00581
16,2019-07-01,2019,7,67.66436
16,2019-08-01,2019,8,70.4692
16,2019-09-01,2019,9,65.93128
16,2019-10-01,2019,10,70.19572
16,2019-11-01,2019,11,73.0222
16,2019-12-01,2019,12,91.43278
16,2020-01-01,2020,1,68.04564
16,2020-02-01,2020,2,61.6075
16,2020-03-01,2020,3,56.05879
16,2020-04-01,2020,4,38.65126
16,2020-05-01,2020,5,45.77131
16,2020-06-01,2020,6,57.41314
16,2020-07-01,2020,7,76.08806
16,2020-08-01,2020,8,88.78167
16,2020-09-01,2020,9,79.89338
16,2020-10-01,2020,10,85.07716
16,2020-11-01,2020,11,84.86564
16,2020-12-01,2020,12,108.06828
16,2021-01-01,2021,1,79.10285
16,2021-02-01,2021,2,72.85321
16,2021-03-01,2021,3,67.67802
16,2021-04-01,2021,4,75.71638
16,2021-05-01,2021,5,94.70509
16,2021-06-01,2021,6,83.92692
16,2021-07-01,2021,7,91.58917
16,2021-08-01,2021,8,88.49894
16,2021-09-01,2021,9,84.57338
16,2021-10-01,2021,10,87.96505
16,2021-11-01,2021,11,93.8091
16,2021-12-01,2021,12,113.52725
16,2022-01-01,2022,1,82.05171
16,2022-02-01,2022,2,83.45097
16,2022-03-01,2022,3,89.95974
16,2022-04-01,2022,4,91.55658
16,2022-05-01,2022,5,98.34304
16,2022-06-01,2022,6,99.1682
16,2022-07-01,2022,7,102.82256
16,2022-08-01,2022,8,105.33262
16,2022-09-01,2022,9,99.90289
16,2022-10-01,2022,10,113.27745
16,2022-11-01,2022,11,108.63896
16,2022-12-01,2022,12,125.49527
16,2023-01-01,2023,1,92.22826
16,2023-02-01,2023,2,88.39224
16,2023-03-01,2023,3,97.65324
16,2023-04-01,2023,4,94.28474
16,2023-05-01,2023,5,98.10222
16,2023-06-01,2023,6,96.70752
16,2023-07-01,2023,7,100.73957
16,2023-08-01,2023,8,100.99438
16,2023-09-01,2023,9,97.94136
16,2023-10-01,2023,10,101.1761
16,2023-11-01,2023,11,109.176
16,2023-12-01,2023,12,140.15596
16,2024-01-01,2024,1,105.95622
16,2024-02-01,2024,2,104.92035
16,2024-03-01,2024,3,113.07209
16,2024-04-01,2024,4,118.52698
16,2024-05-01,2024,5,130.02215
16,2024-06-01,2024,6,125.67343
16,2024-07-01,2024,7,130.32859
16,2024-08-01,2024,8,130.01697
16,2024-09-01,2024,9,114.98524
16,2024-10-01,2024,10,124.25261
16,2024-11-01,2024,11,135.02784
16,2024-12-01,2024,12,146.9299
16,2025-01-01,2025,1,129.08061
16,2025-02-01,2025,2,123.89157
16,2025-03-01,2025,3,132.57479
16,2025-04-01,2025,4,135.98015
16,2025-05-01,2025,5,145.8825
16,2025-06-01,2025,6,136.80701
16,2025-07-01,2025,7,151.23448
16,2025-08-01,2025,8,140.24428
16,2025-09-01,2025,9,133.83548
16,2025-10-01,2025,10,143.6008
16,2025-11-01,2025,11,150.31618
17,2007-12-01,2007,12,26.28049
17,2008-01-01,2008,1,20.0476
17,2008-02-01,2008,2,18.32658
17,2008-03-01,2008,3,19.90806
17,2008-04-01,2008,4,20.14063
17,2008-05-01,2008,5,21.90816
17,2008-06-01,2008,6,21.53605
17,2008-07-01,2008,7,21.95468
17,2008-08-01,2008,8,22.93148
17,2008-09-01,2008,9,23.07102
17,2008-10-01,2008,10,23.30359
17,2008-11-01,2008,11,20.6988
17,2008-12-01,2008,12,28.69923
17,2009-01-01,2009,1,21.39651
17,2009-02-01,2009,2,19.02429
17,2009-03-01,2009,3,21.76862
17,2009-04-01,2009,4,21.21045
17,2009-05-01,2009,5,24.18736
17,2009-06-01,2009,6,22.14074
17,2009-07-01,2009,7,22.09422
17,2009-08-01,2009,8,21.48954
17,2009-09-01,2009,9,21.39651
17,2009-10-01,2009,10,21.95468
17,2009-11-01,2009,11,21.44302
17,2009-12-01,2009,12,28.65272
17,2010-01-01,2010,1,22.18725
17,2010-02-01,2010,2,27.30381
17,2010-03-01,2010,3,32.37385
17,2010-04-01,2010,4,31.21099
17,2010-05-01,2010,5,33.72276
17,2010-06-01,2010,6,33.16459
17,2010-07-01,2010,7,36.09498
17,2010-08-01,2010,8,37.67646
17,2010-09-01,2010,9,38.65326
17,2010-10-01,2010,10,39.7696
17,2010-11-01,2010,11,38.28115
17,2010-12-01,2010,12,52.00282
17,2011-01-01,2011,1,37.39738
17,2011-02-01,2011,2,36.88572
17,2011-03-01,2011,3,40.32777
17,2011-04-01,2011,4,43.49073
17,2011-05-01,2011,5,45.90947
17,2011-06-01,2011,6,44.60707
17,2011-07-01,2011,7,48.83986
17,2011-08-01,2011,8,49.305
17,2011-09-01,2011,9,46.79323
17,2011-10-01,2011,10,47.44443
17,2011-11-01,2011,11,47.86306
17,2011-12-01,2011,12,69.39911
17,2012-01-01,2012,1,47.3514
17,2012-02-01,2012,2,45.81644
17,2012-03-01,2012,3,50.6074
17,2012-04-01,2012,4,49.305
17,2012-05-01,2012,5,52.79356
17,2012-06-01,2012,6,51.81676
17,2012-07-01,2012,7,54.93321
17,2012-08-01,2012,8,56.56121
17,2012-09-01,2012,9,52.84007
17,2012-10-01,2012,10,58.09617
17,2012-11-01,2012,11,60.74748
17,2012-12-01,2012,12,77.02743
17,2013-01-01,2013,1,53.30522
17,2013-02-01,2013,2,48.60729
17,2013-03-01,2013,3,57.67755
17,2013-04-01,2013,4,58.1892
17,2013-05-01,2013,5,57.72406
17,2013-06-01,2013,6,56.93332
17,2013-07-01,2013,7,59.11948
17,2013-08-01,2013,8,62.51502
17,2013-09-01,2013,9,61.58473
17,2013-10-01,2013,10,64.84073
17,2013-11-01,2013,11,68.79443
17,2013-12-01,2013,12,81.63233
17,2014-01-01,2014,1,61.95685
17,2014-02-01,2014,2,58.8404
17,2014-03-01,2014,3,62.42199
17,2014-04-01,2014,4,63.81741
17,2014-05-01,2014,5,70.65499
17,2014-06-01,2014,6,61.30565
17,2014-07-01,2014,7,65.49192
17,2014-08-01,2014,8,66.37569
17,2014-09-01,2014,9,65.72449
17,2014-10-01,2014,10,71.81785
17,2014-11-01,2014,11,76.28321
17,2014-12-01,2014,12,87.16752
17,2015-01-01,2015,1,63.86393
17,2015-02-01,2015,2,60.37537
17,2015-03-01,2015,3,68.56186
17,2015-04-01,2015,4,67.77112
17,2015-05-01,2015,5,71.86436
17,2015-06-01,2015,6,68.51534
17,2015-07-01,2015,7,71.67831
17,2015-08-01,2015,8,68.7014
17,2015-09-01,2015,9,65.86404
17,2015-10-01,2015,10,69.6782
17,2015-11-01,2015,11,76.65532
17,2015-12-01,2015,12,86.42329
17,2016-01-01,2016,1,65.0733
17,2016-02-01,2016,2,63.91044
17,2016-03-01,2016,3,69.95728
17,2016-04-01,2016,4,67.77112
17,2016-05-01,2016,5,68.46883
17,2016-06-01,2016,6,66.74781
17,2016-07-01,2016,7,71.91088
17,2016-08-01,2016,8,71.91088
17,2016-09-01,2016,9,66.37569
17,2016-10-01,2016,10,68.60837
17,2016-11-01,2016,11,78.84148
17,2016-12-01,2016,12,89.30717
17,2017-01-01,2017,1,63.35104
17,2017-02-01,2017,2,56.45585
17,2017-03-01,2017,3,75.40117
17,2017-04-01,2017,4,64.61763
17,2017-05-01,2017,5,70.44277
17,2017-06-01,2017,6,70.98354
17,2017-07-01,2017,7,70.22485
17,2017-08-01,2017,8,75.73963
17,2017-09-01,2017,9,73.26967
17,2017-10-01,2017,10,77.02275
17,2017-11-01,2017,11,82.46581
17,2017-12-01,2017,12,90.79554
17,2018-01-01,2018,1,65.62969
17,2018-02-01,2018,2,69.43685
17,2018-03-01,2018,3,81.58552
17,2018-04-01,2018,4,75.70334
17,2018-05-01,2018,5,78.01942
17,2018-06-01,2018,6,77.89262
17,2018-07-01,2018,7,80.61839
17,2018-08-01,2018,8,82.14419
17,2018-09-01,2018,9,79.34165
17,2018-10-01,2018,10,83.82442
17,2018-11-01,2018,11,91.6516
17,2018-12-01,2018,12,94.50162
17,2019-01-01,2019,1,64.38694
17,2019-02-01,2019,2,76.22211
17,2019-03-01,2019,3,87.31416
17,2019-04-01,2019,4,85.47952
17,2019-05-01,2019,5,91.54613
17,2019-06-01,2019,6,84.51053
17,2019-07-01,2019,7,89.24698
17,2019-08-01,2019,8,91.04332
17,2019-09-01,2019,9,89.24651
17,2019-10-01,2019,10,93.49454
17,2019-11-01,2019,11,99.39018
17,2019-12-01,2019,12,106.96476
17,2020-01-01,2020,1,72.07782
17,2020-02-01,2020,2,88.19913
17,2020-03-01,2020,3,93.43245
17,2020-04-01,2020,4,75.69609
17,2020-05-01,2020,5,85.17976
17,2020-06-01,2020,6,96.6214
17,2020-07-01,2020,7,95.23023
17,2020-08-01,2020,8,89.99798
17,2020-09-01,2020,9,91.49937
17,2020-10-01,2020,10,88.20803
17,2020-11-01,2020,11,93.56765
17,2020-12-01,2020,12,97.91432
17,2021-01-01,2021,1,77.05022
17,2021-02-01,2021,2,75.00772
17,2021-03-01,2021,3,79.44893
17,2021-04-01,2021,4,81.95126
17,2021-05-01,2021,5,90.26444
17,2021-06-01,2021,6,87.11637
17,2021-07-01,2021,7,101.43423
17,2021-08-01,2021,8,95.49464
17,2021-09-01,2021,9,91.75188
17,2021-10-01,2021,10,97.59387
17,2021-11-01,2021,11,101.93348
17,2021-12-01,2021,12,113.66532
17,2022-01-01,2022,1,87.13834
17,2022-02-01,2022,2,83.54629
17,2022-03-01,2022,3,94.19109
17,2022-04-01,2022,4,94.71263
17,2022-05-01,2022,5,100.87434
17,2022-06-01,2022,6,101.53328
17,2022-07-01,2022,7,103.28852
17,2022-08-01,2022,8,102.85741
17,2022-09-01,2022,9,100.04399
17,2022-10-01,2022,10,101.2416
17,2022-11-01,2022,11,109.35463
17,2022-12-01,2022,12,121.21788
17,2023-01-01,2023,1,104.10045
17,2023-02-01,2023,2,100.46752
17,2023-03-01,2023,3,112.16313
17,2023-04-01,2023,4,108.98188
17,2023-05-01,2023,5,119.09734
17,2023-06-01,2023,6,112.50093
17,2023-07-01,2023,7,115.95936
17,2023-08-01,2023,8,114.02102
17,2023-09-01,2023,9,110.92312
17,2023-10-01,2023,10,116.76605
17,2023-11-01,2023,11,120.58126
17,2023-12-01,2023,12,135.86881
17,2024-01-01,2024,1,112.76753
17,2024-02-01,2024,2,110.29828
17,2024-03-01,2024,3,121.54409
17,2024-04-01,2024,4,122.62463
17,2024-05-01,2024,5,133.0889
17,2024-06-01,2024,6,125.72073
17,2024-07-01,2024,7,142.66473
17,2024-08-01,2024,8,135.35683
17,2024-09-01,2024,9,124.16177
17,2024-10-01,2024,10,131.70428
17,2024-11-01,2024,11,136.75295
17,2024-12-01,2024,12,148.12014
17,2025-01-01,2025,1,128.48567
17,2025-02-01,2025,2,121.63213
17,2025-03-01,2025,3,127.00871
17,2025-04-01,2025,4,130.46773
17,2025-05-01,2025,5,133.24455
17,2025-06-01,2025,6,123.6107
17,2025-07-01,2025,7,132.28175
17,2025-08-01,2025,8,130.04427
17,2025-09-01,2025,9,128.65321
17,2025-10-01,2025,10,136.13207
17,2025-11-01,2025,11,136.12528
21,2007-12-01,2007,12,30.65208
21,2008-01-01,2008,1,20.92417
21,2008-02-01,2008,2,18.79505
21,2008-03-01,2008,3,20.74063
21,2008-04-01,2008,4,20.96088
21,2008-05-01,2008,5,22.72292
21,2008-06-01,2008,6,21.4381
21,2008-07-01,2008,7,23.89761
21,2008-08-01,2008,8,23.75077
21,2008-09-01,2008,9,23.53052
21,2008-10-01,2008,10,24.11786
21,2008-11-01,2008,11,23.0533
21,2008-12-01,2008,12,31.71664
21,2009-01-01,2009,1,23.23684
21,2009-02-01,2009,2,21.07101
21,2009-03-01,2009,3,22.17228
21,2009-04-01,2009,4,22.57608
21,2009-05-01,2009,5,24.2647
21,2009-06-01,2009,6,24.2647
21,2009-07-01,2009,7,25.65964
21,2009-08-01,2009,8,25.69635
21,2009-09-01,2009,9,24.70521
21,2009-10-01,2009,10,25.95332
21,2009-11-01,2009,11,25.21913
21,2009-12-01,2009,12,36.37869
21,2010-01-01,2010,1,27.38497
21,2010-02-01,2010,2,24.2647
21,2010-03-01,2010,3,28.33941
21,2010-04-01,2010,4,27.16471
21,2010-05-01,2010,5,30.61537
21,2010-06-01,2010,6,29.9546
21,2010-07-01,2010,7,32.52424
21,2010-08-01,2010,8,32.08373
21,2010-09-01,2010,9,32.04702
21,2010-10-01,2010,10,32.92804
21,2010-11-01,2010,11,32.34069
21,2010-12-01,2010,12,45.95976
21,2011-01-01,2011,1,32.48753
21,2011-02-01,2011,2,31.38626
21,2011-03-01,2011,3,34.10273
21,2011-04-01,2011,4,34.72678
21,2011-05-01,2011,5,36.04831
21,2011-06-01,2011,6,33.55209
21,2011-07-01,2011,7,36.78249
21,2011-08-01,2011,8,38.32427
21,2011-09-01,2011,9,36.78249
21,2011-10-01,2011,10,35.09387
21,2011-11-01,2011,11,37.95718
21,2011-12-01,2011,12,53.22816
21,2012-01-01,2012,1,38.06731
21,2012-02-01,2012,2,36.74578
21,2012-03-01,2012,3,40.0496
21,2012-04-01,2012,4,38.14073
21,2012-05-01,2012,5,41.37113
21,2012-06-01,2012,6,40.08631
21,2012-07-01,2012,7,42.43569
21,2012-08-01,2012,8,43.24329
21,2012-09-01,2012,9,41.40784
21,2012-10-01,2012,10,44.85849
21,2012-11-01,2012,11,44.12431
21,2012-12-01,2012,12,59.94592
21,2013-01-01,2013,1,45.48254
21,2013-02-01,2013,2,40.74707
21,2013-03-01,2013,3,46.14331
21,2013-04-01,2013,4,44.82178
21,2013-05-01,2013,5,49.15345
21,2013-06-01,2013,6,46.18002
21,2013-07-01,2013,7,50.87878
21,2013-08-01,2013,8,51.17245
21,2013-09-01,2013,9,48.1256
21,2013-10-01,2013,10,52.12689
21,2013-11-01,2013,11,52.71423
21,2013-12-01,2013,12,69.49028
21,2014-01-01,2014,1,52.45727
21,2014-02-01,2014,2,48.82307
21,2014-03-01,2014,3,50.43827
21,2014-04-01,2014,4,50.80536
21,2014-05-01,2014,5,55.4307
21,2014-06-01,2014,6,51.7965
21,2014-07-01,2014,7,54.99019
21,2014-08-01,2014,8,56.27501
21,2014-09-01,2014,9,53.59525
21,2014-10-01,2014,10,58.95477
21,2014-11-01,2014,11,56.86236
21,2014-12-01,2014,12,74.29917
21,2015-01-01,2015,1,54.69652
21,2015-02-01,2015,2,48.23572
21,2015-03-01,2015,3,54.25601
21,2015-04-01,2015,4,52.93448
21,2015-05-01,2015,5,56.16488
21,2015-06-01,2015,6,53.30158
21,2015-07-01,2015,7,57.37628
21,2015-08-01,2015,8,55.79779
21,2015-09-01,2015,9,52.56739
21,2015-10-01,2015,10,57.41299
21,2015-11-01,2015,11,56.89906
21,2015-12-01,2015,12,73.19789
21,2016-01-01,2016,1,55.72437
21,2016-02-01,2016,2,52.86107
21,2016-03-01,2016,3,57.59654
21,2016-04-01,2016,4,56.78894
21,2016-05-01,2016,5,58.03705
21,2016-06-01,2016,6,56.71552
21,2016-07-01,2016,7,58.40414
21,2016-08-01,2016,8,59.0649
21,2016-09-01,2016,9,55.24716
21,2016-10-01,2016,10,58.84465
21,2016-11-01,2016,11,60.53326
21,2016-12-01,2016,12,77.16247
21,2017-01-01,2017,1,58.48651
21,2017-02-01,2017,2,53.23012
21,2017-03-01,2017,3,60.85052
21,2017-04-01,2017,4,59.20159
21,2017-05-01,2017,5,62.16925
21,2017-06-01,2017,6,59.4278
21,2017-07-01,2017,7,61.8344
21,2017-08-01,2017,8,63.72559
21,2017-09-01,2017,9,59.94059
21,2017-10-01,2017,10,61.0351
21,2017-11-01,2017,11,64.53157
21,2017-12-01,2017,12,79.41356
21,2018-01-01,2018,1,65.96769
21,2018-02-01,2018,2,57.80654
21,2018-03-01,2018,3,63.27348
21,2018-04-01,2018,4,59.36332
21,2018-05-01,2018,5,64.23886
21,2018-06-01,2018,6,64.69183
21,2018-07-01,2018,7,65.80027
21,2018-08-01,2018,8,69.85558
21,2018-09-01,2018,9,62.75999
21,2018-10-01,2018,10,66.53865
21,2018-11-01,2018,11,73.41978
21,2018-12-01,2018,12,83.9043
21,2019-01-01,2019,1,66.05913
21,2019-02-01,2019,2,61.15192
21,2019-03-01,2019,3,65.24944
21,2019-04-01,2019,4,65.09044
21,2019-05-01,2019,5,69.41849
21,2019-06-01,2019,6,64.90434
21,2019-07-01,2019,7,68.01221
21,2019-08-01,2019,8,73.60644
21,2019-09-01,2019,9,64.04273
21,2019-10-01,2019,10,68.56146
21,2019-11-01,2019,11,76.00198
21,2019-12-01,2019,12,86.6692
21,2020-01-01,2020,1,70.837
21,2020-02-01,2020,2,66.15594
21,2020-03-01,2020,3,64.80872
21,2020-04-01,2020,4,56.18415
21,2020-05-01,2020,5,63.23228
21,2020-06-01,2020,6,76.79494
21,2020-07-01,2020,7,85.53485
21,2020-08-01,2020,8,95.07574
21,2020-09-01,2020,9,83.18306
21,2020-10-01,2020,10,87.31236
21,2020-11-01,2020,11,95.28186
21,2020-12-01,2020,12,103.14147
21,2021-01-01,2021,1,79.55756
21,2021-02-01,2021,2,73.39022
21,2021-03-01,2021,3,79.51304
21,2021-04-01,2021,4,79.85421
21,2021-05-01,2021,5,86.32023
21,2021-06-01,2021,6,85.54658
21,2021-07-01,2021,7,90.52471
21,2021-08-01,2021,8,95.71976
21,2021-09-01,2021,9,83.40026
21,2021-10-01,2021,10,87.82306
21,2021-11-01,2021,11,95.08233
21,2021-12-01,2021,12,110.00162
21,2022-01-01,2022,1,85.80058
21,2022-02-01,2022,2,84.26585
21,2022-03-01,2022,3,92.94037
21,2022-04-01,2022,4,95.58557
21,2022-05-01,2022,5,100.82738
21,2022-06-01,2022,6,100.04496
21,2022-07-01,2022,7,100.63012
21,2022-08-01,2022,8,110.6934
21,2022-09-01,2022,9,97.25277
21,2022-10-01,2022,10,101.58209
21,2022-11-01,2022,11,107.56099
21,2022-12-01,2022,12,122.81593
21,2023-01-01,2023,1,103.594
21,2023-02-01,2023,2,97.59402
21,2023-03-01,2023,3,104.40496
21,2023-04-01,2023,4,103.78357
21,2023-05-01,2023,5,112.13741
21,2023-06-01,2023,6,106.24684
21,2023-07-01,2023,7,106.93379
21,2023-08-01,2023,8,116.52082
21,2023-09-01,2023,9,106.02619
21,2023-10-01,2023,10,110.35047
21,2023-11-01,2023,11,118.19779
21,2023-12-01,2023,12,134.55182
21,2024-01-01,2024,1,109.31159
21,2024-02-01,2024,2,109.20603
21,2024-03-01,2024,3,114.43887
21,2024-04-01,2024,4,111.30665
21,2024-05-01,2024,5,126.97297
21,2024-06-01,2024,6,117.1683
21,2024-07-01,2024,7,119.69446
21,2024-08-01,2024,8,129.59754
21,2024-09-01,2024,9,112.27106
21,2024-10-01,2024,10,121.36171
21,2024-11-01,2024,11,130.47082
21,2024-12-01,2024,12,138.24478
21,2025-01-01,2025,1,117.24629
21,2025-02-01,2025,2,120.70106
21,2025-03-01,2025,3,121.28336
21,2025-04-01,2025,4,123.33961
21,2025-05-01,2025,5,133.13085
21,2025-06-01,2025,6,124.03778
21,2025-07-01,2025,7,127.68542
21,2025-08-01,2025,8,141.71891
21,2025-09-01,2025,9,119.97722
21,2025-10-01,2025,10,126.05431
21,2025-11-01,2025,11,135.94801
22,2007-12-01,2007,12,39.04125
22,2008-01-01,2008,1,31.38436
22,2008-02-01,2008,2,26.13138
22,2008-03-01,2008,3,28.09012
22,2008-04-01,2008,4,27.60043
22,2008-05-01,2008,5,30.89468
22,2008-06-01,2008,6,29.29207
22,2008-07-01,2008,7,31.91856
22,2008-08-01,2008,8,31.11726
22,2008-09-01,2008,9,31.38436
22,2008-10-01,2008,10,31.7405
22,2008-11-01,2008,11,32.71987
22,2008-12-01,2008,12,43.31487
22,2009-01-01,2009,1,33.38762
22,2009-02-01,2009,2,29.3811
22,2009-03-01,2009,3,31.7405
22,2009-04-01,2009,4,31.69598
22,2009-05-01,2009,5,35.96959
22,2009-06-01,2009,6,36.28121
22,2009-07-01,2009,7,39.79804
22,2009-08-01,2009,8,39.97611
22,2009-09-01,2009,9,37.61672
22,2009-10-01,2009,10,38.19544
22,2009-11-01,2009,11,37.43865
22,2009-12-01,2009,12,53.15309
22,2010-01-01,2010,1,37.48317
22,2010-02-01,2010,2,33.56569
22,2010-03-01,2010,3,38.77415
22,2010-04-01,2010,4,33.96634
22,2010-05-01,2010,5,39.08577
22,2010-06-01,2010,6,37.08251
22,2010-07-01,2010,7,41.0
22,2010-08-01,2010,8,40.64386
22,2010-09-01,2010,9,41.08903
22,2010-10-01,2010,10,39.75352
22,2010-11-01,2010,11,40.33224
22,2010-12-01,2010,12,59.42996
22,2011-01-01,2011,1,42.24647
22,2011-02-01,2011,2,38.15092
22,2011-03-01,2011,3,41.0
22,2011-04-01,2011,4,40.64386
22,2011-05-01,2011,5,44.16069
22,2011-06-01,2011,6,43.00325
22,2011-07-01,2011,7,46.11943
22,2011-08-01,2011,8,45.7633
22,2011-09-01,2011,9,43.09229
22,2011-10-01,2011,10,42.55808
22,2011-11-01,2011,11,44.69489
22,2011-12-01,2011,12,62.85776
22,2012-01-01,2012,1,47.32138
22,2012-02-01,2012,2,44.87296
22,2012-03-01,2012,3,48.47882
22,2012-04-01,2012,4,44.47231
22,2012-05-01,2012,5,50.48208
22,2012-06-01,2012,6,46.92073
22,2012-07-01,2012,7,49.10206
22,2012-08-01,2012,8,49.59174
22,2012-09-01,2012,9,47.3659
22,2012-10-01,2012,10,50.34853
22,2012-11-01,2012,11,51.14983
22,2012-12-01,2012,12,66.19652
22,2013-01-01,2013,1,51.90662
22,2013-02-01,2013,2,47.633
22,2013-03-01,2013,3,54.31053
22,2013-04-01,2013,4,50.83821
22,2013-05-01,2013,5,55.64603
22,2013-06-01,2013,6,52.88599
22,2013-07-01,2013,7,59.02931
22,2013-08-01,2013,8,57.82735
22,2013-09-01,2013,9,53.99891
22,2013-10-01,2013,10,55.64603
22,2013-11-01,2013,11,56.6254
22,2013-12-01,2013,12,74.43213
22,2014-01-01,2014,1,58.62866
22,2014-02-01,2014,2,53.42019
22,2014-03-01,2014,3,56.31378
22,2014-04-01,2014,4,56.6254
22,2014-05-01,2014,5,62.36807
22,2014-06-01,2014,6,55.60151
22,2014-07-01,2014,7,59.47448
22,2014-08-01,2014,8,60.27578
22,2014-09-01,2014,9,58.98479
22,2014-10-01,2014,10,62.94679
22,2014-11-01,2014,11,62.05645
22,2014-12-01,2014,12,78.92833
22,2015-01-01,2015,1,63.48099
22,2015-02-01,2015,2,54.57763
22,2015-03-01,2015,3,59.91965
22,2015-04-01,2015,4,57.82735
22,2015-05-01,2015,5,61.07708
22,2015-06-01,2015,6,58.62866
22,2015-07-01,2015,7,63.03582
22,2015-08-01,2015,8,61.07708
22,2015-09-01,2015,9,59.20738
22,2015-10-01,2015,10,63.48099
22,2015-11-01,2015,11,62.85776
22,2015-12-01,2015,12,79.77415
22,2016-01-01,2016,1,63.57002
22,2016-02-01,2016,2,58.18349
22,2016-03-01,2016,3,62.85776
22,2016-04-01,2016,4,62.10097
22,2016-05-01,2016,5,63.03582
22,2016-06-01,2016,6,60.80998
22,2016-07-01,2016,7,63.70358
22,2016-08-01,2016,8,62.67969
22,2016-09-01,2016,9,61.07708
22,2016-10-01,2016,10,61.87839
22,2016-11-01,2016,11,64.63843
22,2016-12-01,2016,12,80.1748
22,2017-01-01,2017,1,62.69302
22,2017-02-01,2017,2,55.40245
22,2017-03-01,2017,3,61.48769
22,2017-04-01,2017,4,60.02611
22,2017-05-01,2017,5,65.14282
22,2017-06-01,2017,6,60.35129
22,2017-07-01,2017,7,65.51263
22,2017-08-01,2017,8,66.99294
22,2017-09-01,2017,9,64.64447
22,2017-10-01,2017,10,63.65666
22,2017-11-01,2017,11,69.44281
22,2017-12-01,2017,12,81.62494
22,2018-01-01,2018,1,67.73986
22,2018-02-01,2018,2,58.65664
22,2018-03-01,2018,3,63.24021
22,2018-04-01,2018,4,60.27848
22,2018-05-01,2018,5,67.21546
22,2018-06-01,2018,6,64.10783
22,2018-07-01,2018,7,66.08849
22,2018-08-01,2018,8,66.99841
22,2018-09-01,2018,9,62.62596
22,2018-10-01,2018,10,63.61786
22,2018-11-01,2018,11,69.6464
22,2018-12-01,2018,12,79.42271
22,2019-01-01,2019,1,64.74213
22,2019-02-01,2019,2,56.93057
22,2019-03-01,2019,3,61.22906
22,2019-04-01,2019,4,60.48682
22,2019-05-01,2019,5,65.62079
22,2019-06-01,2019,6,52.8618
22,2019-07-01,2019,7,57.25815
22,2019-08-01,2019,8,65.76878
22,2019-09-01,2019,9,62.94293
22,2019-10-01,2019,10,65.35643
22,2019-11-01,2019,11,71.6058
22,2019-12-01,2019,12,83.15376
22,2020-01-01,2020,1,67.31739
22,2020-02-01,2020,2,62.98799
22,2020-03-01,2020,3,60.86452
22,2020-04-01,2020,4,48.7719
22,2020-05-01,2020,5,54.41296
22,2020-06-01,2020,6,63.87278
22,2020-07-01,2020,7,66.75546
22,2020-08-01,2020,8,77.84692
22,2020-09-01,2020,9,80.75873
22,2020-10-01,2020,10,84.5226
22,2020-11-01,2020,11,87.95867
22,2020-12-01,2020,12,101.56451
22,2021-01-01,2021,1,76.90051
22,2021-02-01,2021,2,78.71214
22,2021-03-01,2021,3,77.73386
22,2021-04-01,2021,4,74.91133
22,2021-05-01,2021,5,86.20366
22,2021-06-01,2021,6,85.57261
22,2021-07-01,2021,7,93.81899
22,2021-08-01,2021,8,92.89871
22,2021-09-01,2021,9,88.60088
22,2021-10-01,2021,10,92.02506
22,2021-11-01,2021,11,95.69343
22,2021-12-01,2021,12,111.57484
22,2022-01-01,2022,1,88.25983
22,2022-02-01,2022,2,83.1046
22,2022-03-01,2022,3,92.97182
22,2022-04-01,2022,4,96.18286
22,2022-05-01,2022,5,103.33638
22,2022-06-01,2022,6,102.74786
22,2022-07-01,2022,7,103.4173
22,2022-08-01,2022,8,105.51671
22,2022-09-01,2022,9,98.4332
22,2022-10-01,2022,10,100.50431
22,2022-11-01,2022,11,107.63135
22,2022-12-01,2022,12,117.89379
22,2023-01-01,2023,1,99.83707
22,2023-02-01,2023,2,88.78915
22,2023-03-01,2023,3,100.45158
22,2023-04-01,2023,4,96.88517
22,2023-05-01,2023,5,101.23172
22,2023-06-01,2023,6,98.9031
22,2023-07-01,2023,7,103.11034
22,2023-08-01,2023,8,105.23372
22,2023-09-01,2023,9,99.69501
22,2023-10-01,2023,10,101.57811
22,2023-11-01,2023,11,107.30185
22,2023-12-01,2023,12,123.41213
22,2024-01-01,2024,1,105.16676
22,2024-02-01,2024,2,97.87095
22,2024-03-01,2024,3,102.50283
22,2024-04-01,2024,4,107.24225
22,2024-05-01,2024,5,113.95533
22,2024-06-01,2024,6,109.49949
22,2024-07-01,2024,7,114.67895
22,2024-08-01,2024,8,116.19561
22,2024-09-01,2024,9,111.32287
22,2024-10-01,2024,10,116.60993
22,2024-11-01,2024,11,121.31424
22,2024-12-01,2024,12,133.75998
22,2025-01-01,2025,1,113.04079
22,2025-02-01,2025,2,105.72497
22,2025-03-01,2025,3,114.08798
22,2025-04-01,2025,4,117.57868
22,2025-05-01,2025,5,123.45316
22,2025-06-01,2025,6,112.36836
22,2025-07-01,2025,7,117.77398
22,2025-08-01,2025,8,116.76093
22,2025-09-01,2025,9,110.48409
22,2025-10-01,2025,10,116.73064
22,2025-11-01,2025,11,122.49226
23,2007-12-01,2007,12,41.96298
23,2008-01-01,2008,1,31.21213
23,2008-02-01,2008,2,26.40646
23,2008-03-01,2008,3,28.88361
23,2008-04-01,2008,4,29.08178
23,2008-05-01,2008,5,32.50025
23,2008-06-01,2008,6,30.56807
23,2008-07-01,2008,7,32.94614
23,2008-08-01,2008,8,33.34249
23,2008-09-01,2008,9,32.59934
23,2008-10-01,2008,10,33.63974
23,2008-11-01,2008,11,34.13517
23,2008-12-01,2008,12,46.86774
23,2009-01-01,2009,1,33.88746
23,2009-02-01,2009,2,29.92401
23,2009-03-01,2009,3,32.8966
23,2009-04-01,2009,4,32.99568
23,2009-05-01,2009,5,37.40502
23,2009-06-01,2009,6,35.17558
23,2009-07-01,2009,7,37.55365
23,2009-08-01,2009,8,37.30593
23,2009-09-01,2009,9,36.1169
23,2009-10-01,2009,10,39.78308
23,2009-11-01,2009,11,38.44542
23,2009-12-01,2009,12,55.14144
23,2010-01-01,2010,1,39.684
23,2010-02-01,2010,2,36.26553
23,2010-03-01,2010,3,40.87303
23,2010-04-01,2010,4,39.88217
23,2010-05-01,2010,5,43.10247
23,2010-06-01,2010,6,41.02166
23,2010-07-01,2010,7,44.24196
23,2010-08-01,2010,8,44.04379
23,2010-09-01,2010,9,42.95384
23,2010-10-01,2010,10,45.23282
23,2010-11-01,2010,11,47.41272
23,2010-12-01,2010,12,65.00051
23,2011-01-01,2011,1,46.71911
23,2011-02-01,2011,2,42.75567
23,2011-03-01,2011,3,46.4714
23,2011-04-01,2011,4,45.82734
23,2011-05-01,2011,5,48.00723
23,2011-06-01,2011,6,47.11546
23,2011-07-01,2011,7,50.18713
23,2011-08-01,2011,8,49.84033
23,2011-09-01,2011,9,47.80906
23,2011-10-01,2011,10,50.0385
23,2011-11-01,2011,11,50.13759
23,2011-12-01,2011,12,69.65756
23,2012-01-01,2012,1,50.0385
23,2012-02-01,2012,2,48.50266
23,2012-03-01,2012,3,51.67342
23,2012-04-01,2012,4,50.97982
23,2012-05-01,2012,5,54.34875
23,2012-06-01,2012,6,53.70469
23,2012-07-01,2012,7,57.27179
23,2012-08-01,2012,8,58.26265
23,2012-09-01,2012,9,56.23138
23,2012-10-01,2012,10,59.84803
23,2012-11-01,2012,11,59.74894
23,2012-12-01,2012,12,76.74221
23,2013-01-01,2013,1,59.40214
23,2013-02-01,2013,2,52.61474
23,2013-03-01,2013,3,59.94711
23,2013-04-01,2013,4,58.85717
23,2013-05-01,2013,5,62.67198
23,2013-06-01,2013,6,59.0058
23,2013-07-01,2013,7,64.25736
23,2013-08-01,2013,8,65.00051
23,2013-09-01,2013,9,62.02792
23,2013-10-01,2013,10,65.24822
23,2013-11-01,2013,11,66.88314
23,2013-12-01,2013,12,85.26362
23,2014-01-01,2014,1,68.12172
23,2014-02-01,2014,2,62.37472
23,2014-03-01,2014,3,65.24822
23,2014-04-01,2014,4,67.37857
23,2014-05-01,2014,5,72.38242
23,2014-06-01,2014,6,66.8336
23,2014-07-01,2014,7,69.7071
23,2014-08-01,2014,8,69.55847
23,2014-09-01,2014,9,68.27035
23,2014-10-01,2014,10,71.19339
23,2014-11-01,2014,11,73.72009
23,2014-12-01,2014,12,91.40696
23,2015-01-01,2015,1,73.07603
23,2015-02-01,2015,2,62.82061
23,2015-03-01,2015,3,69.65756
23,2015-04-01,2015,4,68.56761
23,2015-05-01,2015,5,73.2742
23,2015-06-01,2015,6,68.27035
23,2015-07-01,2015,7,72.18425
23,2015-08-01,2015,8,70.84659
23,2015-09-01,2015,9,68.17126
23,2015-10-01,2015,10,74.36415
23,2015-11-01,2015,11,74.95866
23,2015-12-01,2015,12,94.72635
23,2016-01-01,2016,1,74.11643
23,2016-02-01,2016,2,68.71624
23,2016-03-01,2016,3,75.00821
23,2016-04-01,2016,4,73.47237
23,2016-05-01,2016,5,73.91826
23,2016-06-01,2016,6,72.33288
23,2016-07-01,2016,7,76.89084
23,2016-08-01,2016,8,75.25592
23,2016-09-01,2016,9,72.28334
23,2016-10-01,2016,10,76.04861
23,2016-11-01,2016,11,79.0212
23,2016-12-01,2016,12,97.15396
23,2017-01-01,2017,1,75.48131
23,2017-02-01,2017,2,65.77936
23,2017-03-01,2017,3,72.52078
23,2017-04-01,2017,4,70.03243
23,2017-05-01,2017,5,75.68412
23,2017-06-01,2017,6,72.83663
23,2017-07-01,2017,7,76.06694
23,2017-08-01,2017,8,74.96118
23,2017-09-01,2017,9,74.11284
23,2017-10-01,2017,10,75.00761
23,2017-11-01,2017,11,80.54201
23,2017-12-01,2017,12,97.68371
23,2018-01-01,2018,1,76.99675
23,2018-02-01,2018,2,67.05465
23,2018-03-01,2018,3,76.77504
23,2018-04-01,2018,4,72.92773
23,2018-05-01,2018,5,78.45795
23,2018-06-01,2018,6,76.69742
23,2018-07-01,2018,7,78.4208
23,2018-08-01,2018,8,78.48121
23,2018-09-01,2018,9,75.34587
23,2018-10-01,2018,10,77.77607
23,2018-11-01,2018,11,84.55235
23,2018-12-01,2018,12,98.37692
23,2019-01-01,2019,1,77.50442
23,2019-02-01,2019,2,70.30326
23,2019-03-01,2019,3,75.65454
23,2019-04-01,2019,4,76.59465
23,2019-05-01,2019,5,82.35764
23,2019-06-01,2019,6,76.63716
23,2019-07-01,2019,7,79.45767
23,2019-08-01,2019,8,78.48125
23,2019-09-01,2019,9,75.88849
23,2019-10-01,2019,10,81.00047
23,2019-11-01,2019,11,84.63371
23,2019-12-01,2019,12,99.01632
23,2020-01-01,2020,1,79.12643
23,2020-02-01,2020,2,70.60779
23,2020-03-01,2020,3,66.94106
23,2020-04-01,2020,4,53.53076
23,2020-05-01,2020,5,60.98875
23,2020-06-01,2020,6,72.33787
23,2020-07-01,2020,7,83.12187
23,2020-08-01,2020,8,86.92341
23,2020-09-01,2020,9,83.1135
23,2020-10-01,2020,10,88.75537
23,2020-11-01,2020,11,93.60836
23,2020-12-01,2020,12,109.28391
23,2021-01-01,2021,1,81.3545
23,2021-02-01,2021,2,72.81465
23,2021-03-01,2021,3,69.2606
23,2021-04-01,2021,4,72.53268
23,2021-05-01,2021,5,85.10245
23,2021-06-01,2021,6,84.04306
23,2021-07-01,2021,7,88.81012
23,2021-08-01,2021,8,88.55375
23,2021-09-01,2021,9,85.38938
23,2021-10-01,2021,10,91.25118
23,2021-11-01,2021,11,99.5731
23,2021-12-01,2021,12,113.71337
23,2022-01-01,2022,1,88.61621
23,2022-02-01,2022,2,83.21829
23,2022-03-01,2022,3,91.84821
23,2022-04-01,2022,4,97.34683
23,2022-05-01,2022,5,103.69559
23,2022-06-01,2022,6,99.648
23,2022-07-01,2022,7,102.74933
23,2022-08-01,2022,8,101.71329
23,2022-09-01,2022,9,95.62952
23,2022-10-01,2022,10,101.05405
23,2022-11-01,2022,11,108.11021
23,2022-12-01,2022,12,126.37048
23,2023-01-01,2023,1,105.04905
23,2023-02-01,2023,2,94.31775
23,2023-03-01,2023,3,105.66474
23,2023-04-01,2023,4,105.00774
23,2023-05-01,2023,5,111.62515
23,2023-06-01,2023,6,109.65263
23,2023-07-01,2023,7,116.72017
23,2023-08-01,2023,8,112.29011
23,2023-09-01,2023,9,111.21215
23,2023-10-01,2023,10,113.40118
23,2023-11-01,2023,11,120.62681
23,2023-12-01,2023,12,139.63611
23,2024-01-01,2024,1,115.52159
23,2024-02-01,2024,2,106.288
23,2024-03-01,2024,3,117.53249
23,2024-04-01,2024,4,116.01382
23,2024-05-01,2024,5,128.93066
23,2024-06-01,2024,6,121.86795
23,2024-07-01,2024,7,127.53069
23,2024-08-01,2024,8,127.17986
23,2024-09-01,2024,9,119.36449
23,2024-10-01,2024,10,129.02474
23,2024-11-01,2024,11,137.68053
23,2024-12-01,2024,12,152.78035
23,2025-01-01,2025,1,125.91674
23,2025-02-01,2025,2,117.61142
23,2025-03-01,2025,3,126.39046
23,2025-04-01,2025,4,128.49354
23,2025-05-01,2025,5,139.09993
23,2025-06-01,2025,6,129.98634
23,2025-07-01,2025,7,136.77044
23,2025-08-01,2025,8,136.77273
23,2025-09-01,2025,9,131.00916
23,2025-10-01,2025,10,139.56594
23,2025-11-01,2025,11,149.25025
24,2007-12-01,2007,12,41.33784
24,2008-01-01,2008,1,30.57278
24,2008-02-01,2008,2,27.5155
24,2008-03-01,2008,3,30.57278
24,2008-04-01,2008,4,29.45321
24,2008-05-01,2008,5,32.166
24,2008-06-01,2008,6,30.70196
24,2008-07-01,2008,7,32.12294
24,2008-08-01,2008,8,32.89803
24,2008-09-01,2008,9,31.39092
24,2008-10-01,2008,10,32.94109
24,2008-11-01,2008,11,32.63967
24,2008-12-01,2008,12,44.78266
24,2009-01-01,2009,1,32.94109
24,2009-02-01,2009,2,29.23791
24,2009-03-01,2009,3,31.86458
24,2009-04-01,2009,4,31.90764
24,2009-05-01,2009,5,34.49126
24,2009-06-01,2009,6,32.76885
24,2009-07-01,2009,7,34.57738
24,2009-08-01,2009,8,35.13716
24,2009-09-01,2009,9,33.75923
24,2009-10-01,2009,10,35.86919
24,2009-11-01,2009,11,35.05104
24,2009-12-01,2009,12,49.64846
24,2010-01-01,2010,1,36.38591
24,2010-02-01,2010,2,32.98415
24,2010-03-01,2010,3,38.32362
24,2010-04-01,2010,4,35.78307
24,2010-05-01,2010,5,38.53892
24,2010-06-01,2010,6,36.42897
24,2010-07-01,2010,7,39.18482
24,2010-08-01,2010,8,38.96952
24,2010-09-01,2010,9,37.8069
24,2010-10-01,2010,10,41.03642
24,2010-11-01,2010,11,39.14176
24,2010-12-01,2010,12,55.76302
24,2011-01-01,2011,1,41.51008
24,2011-02-01,2011,2,38.62504
24,2011-03-01,2011,3,40.26133
24,2011-04-01,2011,4,41.42396
24,2011-05-01,2011,5,41.51008
24,2011-06-01,2011,6,40.30439
24,2011-07-01,2011,7,43.14637
24,2011-08-01,2011,8,42.97413
24,2011-09-01,2011,9,40.82111
24,2011-10-01,2011,10,42.58658
24,2011-11-01,2011,11,43.01719
24,2011-12-01,2011,12,60.58577
24,2012-01-01,2012,1,41.51008
24,2012-02-01,2012,2,41.8115
24,2012-03-01,2012,3,45.08408
24,2012-04-01,2012,4,42.37128
24,2012-05-01,2012,5,46.11752
24,2012-06-01,2012,6,45.98834
24,2012-07-01,2012,7,47.15097
24,2012-08-01,2012,8,48.65808
24,2012-09-01,2012,9,47.88299
24,2012-10-01,2012,10,48.91644
24,2012-11-01,2012,11,50.76803
24,2012-12-01,2012,12,66.35584
24,2013-01-01,2013,1,50.98333
24,2013-02-01,2013,2,47.75381
24,2013-03-01,2013,3,54.60039
24,2013-04-01,2013,4,51.84454
24,2013-05-01,2013,5,56.02138
24,2013-06-01,2013,6,52.79186
24,2013-07-01,2013,7,57.14095
24,2013-08-01,2013,8,58.73418
24,2013-09-01,2013,9,55.16018
24,2013-10-01,2013,10,57.09789
24,2013-11-01,2013,11,57.78685
24,2013-12-01,2013,12,74.62341
24,2014-01-01,2014,1,57.70073
24,2014-02-01,2014,2,54.29897
24,2014-03-01,2014,3,56.15056
24,2014-04-01,2014,4,57.27013
24,2014-05-01,2014,5,62.26512
24,2014-06-01,2014,6,57.09789
24,2014-07-01,2014,7,60.58577
24,2014-08-01,2014,8,61.87758
24,2014-09-01,2014,9,59.55232
24,2014-10-01,2014,10,62.09288
24,2014-11-01,2014,11,64.84873
24,2014-12-01,2014,12,80.2643
24,2015-01-01,2015,1,62.52348
24,2015-02-01,2015,2,56.83953
24,2015-03-01,2015,3,62.00676
24,2015-04-01,2015,4,59.93986
24,2015-05-01,2015,5,63.59998
24,2015-06-01,2015,6,60.24129
24,2015-07-01,2015,7,63.38468
24,2015-08-01,2015,8,62.65266
24,2015-09-01,2015,9,59.63844
24,2015-10-01,2015,10,64.28895
24,2015-11-01,2015,11,65.27933
24,2015-12-01,2015,12,81.21163
24,2016-01-01,2016,1,63.55692
24,2016-02-01,2016,2,58.99254
24,2016-03-01,2016,3,64.11671
24,2016-04-01,2016,4,62.65266
24,2016-05-01,2016,5,63.68611
24,2016-06-01,2016,6,61.61921
24,2016-07-01,2016,7,65.49464
24,2016-08-01,2016,8,64.15977
24,2016-09-01,2016,9,62.86796
24,2016-10-01,2016,10,65.10709
24,2016-11-01,2016,11,67.99213
24,2016-12-01,2016,12,82.76179
24,2017-01-01,2017,1,66.89754
24,2017-02-01,2017,2,60.02677
24,2017-03-01,2017,3,66.47969
24,2017-04-01,2017,4,63.64483
24,2017-05-01,2017,5,65.90352
24,2017-06-01,2017,6,64.57084
24,2017-07-01,2017,7,66.50589
24,2017-08-01,2017,8,66.30204
24,2017-09-01,2017,9,66.23231
24,2017-10-01,2017,10,65.63678
24,2017-11-01,2017,11,72.13443
24,2017-12-01,2017,12,87.26272
24,2018-01-01,2018,1,75.22193
24,2018-02-01,2018,2,64.63374
24,2018-03-01,2018,3,74.74233
24,2018-04-01,2018,4,67.01461
24,2018-05-01,2018,5,72.05237
24,2018-06-01,2018,6,71.62925
24,2018-07-01,2018,7,70.11069
24,2018-08-01,2018,8,72.19638
24,2018-09-01,2018,9,70.9218
24,2018-10-01,2018,10,71.88091
24,2018-11-01,2018,11,77.48325
24,2018-12-01,2018,12,91.21085
24,2019-01-01,2019,1,74.62343
24,2019-02-01,2019,2,69.37617
24,2019-03-01,2019,3,73.65897
24,2019-04-01,2019,4,72.14839
24,2019-05-01,2019,5,75.81982
24,2019-06-01,2019,6,72.34238
24,2019-07-01,2019,7,74.84864
24,2019-08-01,2019,8,76.03327
24,2019-09-01,2019,9,73.02937
24,2019-10-01,2019,10,76.76101
24,2019-11-01,2019,11,81.90934
24,2019-12-01,2019,12,93.22317
24,2020-01-01,2020,1,77.05708
24,2020-02-01,2020,2,74.01008
24,2020-03-01,2020,3,71.80154
24,2020-04-01,2020,4,61.38835
24,2020-05-01,2020,5,67.80187
24,2020-06-01,2020,6,68.14573
24,2020-07-01,2020,7,77.00183
24,2020-08-01,2020,8,81.44878
24,2020-09-01,2020,9,81.27035
24,2020-10-01,2020,10,87.76167
24,2020-11-01,2020,11,90.16152
24,2020-12-01,2020,12,104.13586
24,2021-01-01,2021,1,83.37712
24,2021-02-01,2021,2,77.5614
24,2021-03-01,2021,3,82.07798
24,2021-04-01,2021,4,81.04919
24,2021-05-01,2021,5,86.4061
24,2021-06-01,2021,6,86.20484
24,2021-07-01,2021,7,92.12492
24,2021-08-01,2021,8,89.05103
24,2021-09-01,2021,9,87.21423
24,2021-10-01,2021,10,93.53543
24,2021-11-01,2021,11,95.11622
24,2021-12-01,2021,12,113.42729
24,2022-01-01,2022,1,88.55045
24,2022-02-01,2022,2,86.49593
24,2022-03-01,2022,3,95.3641
24,2022-04-01,2022,4,101.79321
24,2022-05-01,2022,5,102.17712
24,2022-06-01,2022,6,100.09915
24,2022-07-01,2022,7,102.38832
24,2022-08-01,2022,8,100.23161
24,2022-09-01,2022,9,99.05751
24,2022-10-01,2022,10,101.27514
24,2022-11-01,2022,11,103.3718
24,2022-12-01,2022,12,119.19566
24,2023-01-01,2023,1,97.96635
24,2023-02-01,2023,2,90.56364
24,2023-03-01,2023,3,100.48984
24,2023-04-01,2023,4,96.37221
24,2023-05-01,2023,5,101.93036
24,2023-06-01,2023,6,99.0681
24,2023-07-01,2023,7,102.88476
24,2023-08-01,2023,8,102.71194
24,2023-09-01,2023,9,100.44236
24,2023-10-01,2023,10,99.41702
24,2023-11-01,2023,11,105.94108
24,2023-12-01,2023,12,125.48738
24,2024-01-01,2024,1,104.94109
24,2024-02-01,2024,2,98.71643
24,2024-03-01,2024,3,108.98049
24,2024-04-01,2024,4,105.18959
24,2024-05-01,2024,5,111.75975
24,2024-06-01,2024,6,107.60862
24,2024-07-01,2024,7,111.06546
24,2024-08-01,2024,8,113.0167
24,2024-09-01,2024,9,108.08747
24,2024-10-01,2024,10,113.63314
24,2024-11-01,2024,11,118.30501
24,2024-12-01,2024,12,132.5321
24,2025-01-01,2025,1,112.90376
24,2025-02-01,2025,2,106.05389
24,2025-03-01,2025,3,111.61985
24,2025-04-01,2025,4,115.83493
24,2025-05-01,2025,5,122.16464
24,2025-06-01,2025,6,117.19843
24,2025-07-01,2025,7,122.78604
24,2025-08-01,2025,8,127.30847
24,2025-09-01,2025,9,121.79293
24,2025-10-01,2025,10,128.25658
24,2025-11-01,2025,11,132.3088
25,2007-12-01,2007,12,37.91065
25,2008-01-01,2008,1,28.55492
25,2008-02-01,2008,2,23.18979
25,2008-03-01,2008,3,25.62849
25,2008-04-01,2008,4,25.05207
25,2008-05-01,2008,5,28.68794
25,2008-06-01,2008,6,26.73699
25,2008-07-01,2008,7,28.33322
25,2008-08-01,2008,8,31.57004
25,2008-09-01,2008,9,31.43702
25,2008-10-01,2008,10,28.24454
25,2008-11-01,2008,11,29.35304
25,2008-12-01,2008,12,40.39369
25,2009-01-01,2009,1,27.71247
25,2009-02-01,2009,2,24.25395
25,2009-03-01,2009,3,27.09171
25,2009-04-01,2009,4,27.80114
25,2009-05-01,2009,5,30.99362
25,2009-06-01,2009,6,29.5304
25,2009-07-01,2009,7,30.23984
25,2009-08-01,2009,8,29.84078
25,2009-09-01,2009,9,29.04266
25,2009-10-01,2009,10,31.21532
25,2009-11-01,2009,11,30.46154
25,2009-12-01,2009,12,44.78334
25,2010-01-01,2010,1,31.57004
25,2010-02-01,2010,2,28.46624
25,2010-03-01,2010,3,34.27478
25,2010-04-01,2010,4,31.57004
25,2010-05-01,2010,5,37.64461
25,2010-06-01,2010,6,36.44743
25,2010-07-01,2010,7,39.37387
25,2010-08-01,2010,8,40.83709
25,2010-09-01,2010,9,38.97481
25,2010-10-01,2010,10,38.22103
25,2010-11-01,2010,11,38.48707
25,2010-12-01,2010,12,53.29661
25,2011-01-01,2011,1,38.97481
25,2011-02-01,2011,2,38.70877
25,2011-03-01,2011,3,40.08331
25,2011-04-01,2011,4,41.32483
25,2011-05-01,2011,5,42.74371
25,2011-06-01,2011,6,43.14277
25,2011-07-01,2011,7,44.2956
25,2011-08-01,2011,8,44.5173
25,2011-09-01,2011,9,43.6305
25,2011-10-01,2011,10,44.11824
25,2011-11-01,2011,11,45.6258
25,2011-12-01,2011,12,64.95802
25,2012-01-01,2012,1,45.13806
25,2012-02-01,2012,2,43.27579
25,2012-03-01,2012,3,46.86732
25,2012-04-01,2012,4,43.05409
25,2012-05-01,2012,5,49.35036
25,2012-06-01,2012,6,47.57676
25,2012-07-01,2012,7,47.8428
25,2012-08-01,2012,8,47.35506
25,2012-09-01,2012,9,50.54754
25,2012-10-01,2012,10,53.42963
25,2012-11-01,2012,11,54.49379
25,2012-12-01,2012,12,71.20995
25,2013-01-01,2013,1,53.87303
25,2013-02-01,2013,2,47.35506
25,2013-03-01,2013,3,55.95701
25,2013-04-01,2013,4,52.85321
25,2013-05-01,2013,5,57.46457
25,2013-06-01,2013,6,55.02587
25,2013-07-01,2013,7,58.52873
25,2013-08-01,2013,8,59.28251
25,2013-09-01,2013,9,55.29191
25,2013-10-01,2013,10,61.01176
25,2013-11-01,2013,11,64.86934
25,2013-12-01,2013,12,78.43736
25,2014-01-01,2014,1,59.59288
25,2014-02-01,2014,2,52.05509
25,2014-03-01,2014,3,56.40041
25,2014-04-01,2014,4,59.14949
25,2014-05-01,2014,5,63.98254
25,2014-06-01,2014,6,62.03158
25,2014-07-01,2014,7,60.1693
25,2014-08-01,2014,8,61.98724
25,2014-09-01,2014,9,61.54384
25,2014-10-01,2014,10,67.17502
25,2014-11-01,2014,11,69.12597
25,2014-12-01,2014,12,79.72322
25,2015-01-01,2015,1,60.1693
25,2015-02-01,2015,2,52.05509
25,2015-03-01,2015,3,57.15419
25,2015-04-01,2015,4,55.51361
25,2015-05-01,2015,5,58.88345
25,2015-06-01,2015,6,60.03628
25,2015-07-01,2015,7,62.8297
25,2015-08-01,2015,8,58.08533
25,2015-09-01,2015,9,56.57777
25,2015-10-01,2015,10,60.56836
25,2015-11-01,2015,11,64.24858
25,2015-12-01,2015,12,77.94962
25,2016-01-01,2016,1,62.56366
25,2016-02-01,2016,2,57.19853
25,2016-03-01,2016,3,61.98724
25,2016-04-01,2016,4,60.6127
25,2016-05-01,2016,5,62.56366
25,2016-06-01,2016,6,62.51932
25,2016-07-01,2016,7,64.02688
25,2016-08-01,2016,8,64.55896
25,2016-09-01,2016,9,61.58818
25,2016-10-01,2016,10,66.46558
25,2016-11-01,2016,11,76.9298
25,2016-12-01,2016,12,83.80249
25,2017-01-01,2017,1,66.59498
25,2017-02-01,2017,2,59.64195
25,2017-03-01,2017,3,64.00505
25,2017-04-01,2017,4,63.10297
25,2017-05-01,2017,5,66.40979
25,2017-06-01,2017,6,61.77273
25,2017-07-01,2017,7,61.11533
25,2017-08-01,2017,8,61.01756
25,2017-09-01,2017,9,61.97148
25,2017-10-01,2017,10,60.93986
25,2017-11-01,2017,11,68.48283
25,2017-12-01,2017,12,80.23351
25,2018-01-01,2018,1,66.32556
25,2018-02-01,2018,2,57.46308
25,2018-03-01,2018,3,67.88173
25,2018-04-01,2018,4,63.53119
25,2018-05-01,2018,5,68.1106
25,2018-06-01,2018,6,69.21903
25,2018-07-01,2018,7,63.91859
25,2018-08-01,2018,8,70.1985
25,2018-09-01,2018,9,62.37812
25,2018-10-01,2018,10,64.44554
25,2018-11-01,2018,11,71.68526
25,2018-12-01,2018,12,82.60647
25,2019-01-01,2019,1,65.7518
25,2019-02-01,2019,2,58.94492
25,2019-03-01,2019,3,64.05586
25,2019-04-01,2019,4,63.5998
25,2019-05-01,2019,5,66.84557
25,2019-06-01,2019,6,64.98342
25,2019-07-01,2019,7,65.92823
25,2019-08-01,2019,8,66.20228
25,2019-09-01,2019,9,63.08057
25,2019-10-01,2019,10,69.84791
25,2019-11-01,2019,11,84.47435
25,2019-12-01,2019,12,93.37412
25,2020-01-01,2020,1,73.15872
25,2020-02-01,2020,2,67.99429
25,2020-03-01,2020,3,66.27625
25,2020-04-01,2020,4,54.68555
25,2020-05-01,2020,5,64.69411
25,2020-06-01,2020,6,61.82571
25,2020-07-01,2020,7,75.38447
25,2020-08-01,2020,8,78.86972
25,2020-09-01,2020,9,74.7205
25,2020-10-01,2020,10,82.98225
25,2020-11-01,2020,11,86.64
25,2020-12-01,2020,12,97.79414
25,2021-01-01,2021,1,77.11322
25,2021-02-01,2021,2,69.0848
25,2021-03-01,2021,3,72.83517
25,2021-04-01,2021,4,72.06944
25,2021-05-01,2021,5,78.84819
25,2021-06-01,2021,6,76.70861
25,2021-07-01,2021,7,80.11945
25,2021-08-01,2021,8,78.73192
25,2021-09-01,2021,9,76.34386
25,2021-10-01,2021,10,82.05268
25,2021-11-01,2021,11,88.40254
25,2021-12-01,2021,12,100.5303
25,2022-01-01,2022,1,81.15218
25,2022-02-01,2022,2,75.64481
25,2022-03-01,2022,3,83.24047
25,2022-04-01,2022,4,87.66688
25,2022-05-01,2022,5,91.82943
25,2022-06-01,2022,6,92.60071
25,2022-07-01,2022,7,92.44519
25,2022-08-01,2022,8,116.14935
25,2022-09-01,2022,9,114.65472
25,2022-10-01,2022,10,113.90776
25,2022-11-01,2022,11,121.21573
25,2022-12-01,2022,12,129.49277
25,2023-01-01,2023,1,99.46226
25,2023-02-01,2023,2,87.74671
25,2023-03-01,2023,3,97.99507
25,2023-04-01,2023,4,94.15414
25,2023-05-01,2023,5,93.35933
25,2023-06-01,2023,6,91.33518
25,2023-07-01,2023,7,97.19313
25,2023-08-01,2023,8,94.61075
25,2023-09-01,2023,9,92.48812
25,2023-10-01,2023,10,96.12006
25,2023-11-01,2023,11,114.63347
25,2023-12-01,2023,12,121.5476
25,2024-01-01,2024,1,104.42336
25,2024-02-01,2024,2,98.7964
25,2024-03-01,2024,3,104.93674
25,2024-04-01,2024,4,100.72922
25,2024-05-01,2024,5,109.85012
25,2024-06-01,2024,6,108.51373
25,2024-07-01,2024,7,116.39329
25,2024-08-01,2024,8,114.92095
25,2024-09-01,2024,9,105.75391
25,2024-10-01,2024,10,116.49762
25,2024-11-01,2024,11,127.12692
25,2024-12-01,2024,12,136.33889
25,2025-01-01,2025,1,114.12562
25,2025-02-01,2025,2,104.76903
25,2025-03-01,2025,3,113.63148
25,2025-04-01,2025,4,117.37501
25,2025-05-01,2025,5,123.37249
25,2025-06-01,2025,6,115.94942
25,2025-07-01,2025,7,123.06988
25,2025-08-01,2025,8,122.8136
25,2025-09-01,2025,9,114.37217
25,2025-10-01,2025,10,121.8086
25,2025-11-01,2025,11,134.84546
26,2007-12-01,2007,12,46.44672
26,2008-01-01,2008,1,32.6168
26,2008-02-01,2008,2,29.54348
26,2008-03-01,2008,3,33.16207
26,2008-04-01,2008,4,31.37756
26,2008-05-01,2008,5,35.14485
26,2008-06-01,2008,6,32.86465
26,2008-07-01,2008,7,34.45088
26,2008-08-01,2008,8,35.29356
26,2008-09-01,2008,9,34.15346
26,2008-10-01,2008,10,36.38409
26,2008-11-01,2008,11,36.78065
26,2008-12-01,2008,12,49.27219
26,2009-01-01,2009,1,35.88839
26,2009-02-01,2009,2,31.4767
26,2009-03-01,2009,3,35.04571
26,2009-04-01,2009,4,34.897
26,2009-05-01,2009,5,37.52419
26,2009-06-01,2009,6,36.43366
26,2009-07-01,2009,7,37.37548
26,2009-08-01,2009,8,38.36687
26,2009-09-01,2009,9,37.37548
26,2009-10-01,2009,10,40.89492
26,2009-11-01,2009,11,40.94449
26,2009-12-01,2009,12,57.15375
26,2010-01-01,2010,1,41.19234
26,2010-02-01,2010,2,37.47462
26,2010-03-01,2010,3,42.97685
26,2010-04-01,2010,4,40.25052
26,2010-05-01,2010,5,43.8691
26,2010-06-01,2010,6,41.78718
26,2010-07-01,2010,7,43.17513
26,2010-08-01,2010,8,44.26566
26,2010-09-01,2010,9,43.32383
26,2010-10-01,2010,10,46.34758
26,2010-11-01,2010,11,46.79371
26,2010-12-01,2010,12,65.67973
26,2011-01-01,2011,1,45.60404
26,2011-02-01,2011,2,42.2333
26,2011-03-01,2011,3,44.56307
26,2011-04-01,2011,4,46.79371
26,2011-05-01,2011,5,47.7851
26,2011-06-01,2011,6,47.68596
26,2011-07-01,2011,7,49.37133
26,2011-08-01,2011,8,49.52003
26,2011-09-01,2011,9,47.88424
26,2011-10-01,2011,10,50.01573
26,2011-11-01,2011,11,51.99852
26,2011-12-01,2011,12,71.4298
26,2012-01-01,2012,1,51.94895
26,2012-02-01,2012,2,48.52864
26,2012-03-01,2012,3,53.68388
26,2012-04-01,2012,4,51.30454
26,2012-05-01,2012,5,55.27011
26,2012-06-01,2012,6,55.17097
26,2012-07-01,2012,7,54.87355
26,2012-08-01,2012,8,57.74859
26,2012-09-01,2012,9,54.17958
26,2012-10-01,2012,10,58.04601
26,2012-11-01,2012,11,59.83051
26,2012-12-01,2012,12,82.13683
26,2013-01-01,2013,1,60.27664
26,2013-02-01,2013,2,52.39507
26,2013-03-01,2013,3,61.8133
26,2013-04-01,2013,4,57.84773
26,2013-05-01,2013,5,62.9534
26,2013-06-01,2013,6,61.41674
26,2013-07-01,2013,7,65.43188
26,2013-08-01,2013,8,67.11724
26,2013-09-01,2013,9,62.9534
26,2013-10-01,2013,10,66.22499
26,2013-11-01,2013,11,69.94271
26,2013-12-01,2013,12,92.19946
26,2014-01-01,2014,1,67.61294
26,2014-02-01,2014,2,61.76373
26,2014-03-01,2014,3,64.04393
26,2014-04-01,2014,4,65.7293
26,2014-05-01,2014,5,70.63669
26,2014-06-01,2014,6,65.97714
26,2014-07-01,2014,7,67.41466
26,2014-08-01,2014,8,70.43841
26,2014-09-01,2014,9,66.77026
26,2014-10-01,2014,10,70.7854
26,2014-11-01,2014,11,75.49451
26,2014-12-01,2014,12,96.31374
26,2015-01-01,2015,1,70.7854
26,2015-02-01,2015,2,62.70555
26,2015-03-01,2015,3,67.31552
26,2015-04-01,2015,4,64.29178
26,2015-05-01,2015,5,68.30692
26,2015-06-01,2015,6,67.06767
26,2015-07-01,2015,7,67.46423
26,2015-08-01,2015,8,67.66251
26,2015-09-01,2015,9,63.64737
26,2015-10-01,2015,10,69.49659
26,2015-11-01,2015,11,73.01603
26,2015-12-01,2015,12,94.97536
26,2016-01-01,2016,1,71.18195
26,2016-02-01,2016,2,63.84565
26,2016-03-01,2016,3,68.25735
26,2016-04-01,2016,4,65.08489
26,2016-05-01,2016,5,66.32413
26,2016-06-01,2016,6,67.46423
26,2016-07-01,2016,7,68.35648
26,2016-08-01,2016,8,67.61294
26,2016-09-01,2016,9,64.78747
26,2016-10-01,2016,10,69.59572
26,2016-11-01,2016,11,74.8501
26,2016-12-01,2016,12,94.47967
26,2017-01-01,2017,1,71.95358
26,2017-02-01,2017,2,64.28784
26,2017-03-01,2017,3,73.37458
26,2017-04-01,2017,4,70.52451
26,2017-05-01,2017,5,72.49583
26,2017-06-01,2017,6,72.71332
26,2017-07-01,2017,7,71.66094
26,2017-08-01,2017,8,72.57059
26,2017-09-01,2017,9,70.72997
26,2017-10-01,2017,10,70.82172
26,2017-11-01,2017,11,81.31143
26,2017-12-01,2017,12,94.69164
26,2018-01-01,2018,1,73.50481
26,2018-02-01,2018,2,64.29953
26,2018-03-01,2018,3,73.90214
26,2018-04-01,2018,4,67.94317
26,2018-05-01,2018,5,72.81051
26,2018-06-01,2018,6,72.6747
26,2018-07-01,2018,7,71.04209
26,2018-08-01,2018,8,73.39
26,2018-09-01,2018,9,72.03087
26,2018-10-01,2018,10,74.68038
26,2018-11-01,2018,11,85.38714
26,2018-12-01,2018,12,97.33491
26,2019-01-01,2019,1,73.03812
26,2019-02-01,2019,2,68.61983
26,2019-03-01,2019,3,72.86743
26,2019-04-01,2019,4,73.49391
26,2019-05-01,2019,5,76.78344
26,2019-06-01,2019,6,74.31668
26,2019-07-01,2019,7,75.0315
26,2019-08-01,2019,8,79.10782
26,2019-09-01,2019,9,74.42377
26,2019-10-01,2019,10,78.2751
26,2019-11-01,2019,11,86.50634
26,2019-12-01,2019,12,102.72573
26,2020-01-01,2020,1,78.54157
26,2020-02-01,2020,2,72.00225
26,2020-03-01,2020,3,71.2449
26,2020-04-01,2020,4,58.13001
26,2020-05-01,2020,5,65.54246
26,2020-06-01,2020,6,71.52845
26,2020-07-01,2020,7,85.58013
26,2020-08-01,2020,8,88.36065
26,2020-09-01,2020,9,83.55982
26,2020-10-01,2020,10,90.01462
26,2020-11-01,2020,11,101.57038
26,2020-12-01,2020,12,114.39348
26,2021-01-01,2021,1,86.36726
26,2021-02-01,2021,2,80.25671
26,2021-03-01,2021,3,83.81321
26,2021-04-01,2021,4,87.0441
26,2021-05-01,2021,5,91.94916
26,2021-06-01,2021,6,88.51826
26,2021-07-01,2021,7,94.94809
26,2021-08-01,2021,8,92.93954
26,2021-09-01,2021,9,91.06852
26,2021-10-01,2021,10,94.86116
26,2021-11-01,2021,11,105.76135
26,2021-12-01,2021,12,115.44895
26,2022-01-01,2022,1,90.87843
26,2022-02-01,2022,2,84.55796
26,2022-03-01,2022,3,97.73867
26,2022-04-01,2022,4,95.26428
26,2022-05-01,2022,5,101.05675
26,2022-06-01,2022,6,101.00427
26,2022-07-01,2022,7,101.63667
26,2022-08-01,2022,8,98.81313
26,2022-09-01,2022,9,96.49011
26,2022-10-01,2022,10,100.57412
26,2022-11-01,2022,11,109.35265
26,2022-12-01,2022,12,122.63295
26,2023-01-01,2023,1,96.01457
26,2023-02-01,2023,2,88.03883
26,2023-03-01,2023,3,102.9091
26,2023-04-01,2023,4,99.71821
26,2023-05-01,2023,5,104.09237
26,2023-06-01,2023,6,100.05678
26,2023-07-01,2023,7,104.35325
26,2023-08-01,2023,8,103.48362
26,2023-09-01,2023,9,99.57846
26,2023-10-01,2023,10,104.46957
26,2023-11-01,2023,11,114.29455
26,2023-12-01,2023,12,125.16839
26,2024-01-01,2024,1,101.62293
26,2024-02-01,2024,2,96.53755
26,2024-03-01,2024,3,108.91299
26,2024-04-01,2024,4,104.46353
26,2024-05-01,2024,5,112.14417
26,2024-06-01,2024,6,106.67499
26,2024-07-01,2024,7,113.23354
26,2024-08-01,2024,8,111.92315
26,2024-09-01,2024,9,106.56748
26,2024-10-01,2024,10,114.17095
26,2024-11-01,2024,11,124.3264
26,2024-12-01,2024,12,135.43705
26,2025-01-01,2025,1,107.98161
26,2025-02-01,2025,2,104.7802
26,2025-03-01,2025,3,112.6101
26,2025-04-01,2025,4,114.7815
26,2025-05-01,2025,5,119.66259
26,2025-06-01,2025,6,112.99656
26,2025-07-01,2025,7,118.72783
26,2025-08-01,2025,8,115.10485
26,2025-09-01,2025,9,111.91954
26,2025-10-01,2025,10,121.34604
26,2025-11-01,2025,11,132.21012
27,2007-12-01,2007,12,41.76955
27,2008-01-01,2008,1,29.95549
27,2008-02-01,2008,2,25.61925
27,2008-03-01,2008,3,29.46877
27,2008-04-01,2008,4,27.30065
27,2008-05-01,2008,5,31.06168
27,2008-06-01,2008,6,28.27409
27,2008-07-01,2008,7,29.99974
27,2008-08-01,2008,8,30.48646
27,2008-09-01,2008,9,29.60151
27,2008-10-01,2008,10,32.47759
27,2008-11-01,2008,11,32.12361
27,2008-12-01,2008,12,44.20316
27,2009-01-01,2009,1,32.47759
27,2009-02-01,2009,2,28.76081
27,2009-03-01,2009,3,31.59265
27,2009-04-01,2009,4,31.50415
27,2009-05-01,2009,5,34.33598
27,2009-06-01,2009,6,31.68114
27,2009-07-01,2009,7,34.55722
27,2009-08-01,2009,8,34.15899
27,2009-09-01,2009,9,33.36254
27,2009-10-01,2009,10,36.63685
27,2009-11-01,2009,11,37.07932
27,2009-12-01,2009,12,53.40662
27,2010-01-01,2010,1,37.96427
27,2010-02-01,2010,2,34.02625
27,2010-03-01,2010,3,39.38019
27,2010-04-01,2010,4,39.24745
27,2010-05-01,2010,5,40.97309
27,2010-06-01,2010,6,36.81384
27,2010-07-01,2010,7,39.86691
27,2010-08-01,2010,8,39.82266
27,2010-09-01,2010,9,38.22976
27,2010-10-01,2010,10,41.01734
27,2010-11-01,2010,11,42.566
27,2010-12-01,2010,12,60.84018
27,2011-01-01,2011,1,42.25627
27,2011-02-01,2011,2,38.49524
27,2011-03-01,2011,3,40.66336
27,2011-04-01,2011,4,41.59256
27,2011-05-01,2011,5,43.53944
27,2011-06-01,2011,6,41.76955
27,2011-07-01,2011,7,42.96423
27,2011-08-01,2011,8,43.80493
27,2011-09-01,2011,9,41.76955
27,2011-10-01,2011,10,43.58369
27,2011-11-01,2011,11,45.57482
27,2011-12-01,2011,12,64.99943
27,2012-01-01,2012,1,46.19429
27,2012-02-01,2012,2,44.99961
27,2012-03-01,2012,3,46.7695
27,2012-04-01,2012,4,45.30934
27,2012-05-01,2012,5,48.22967
27,2012-06-01,2012,6,47.38897
27,2012-07-01,2012,7,47.65445
27,2012-08-01,2012,8,49.3801
27,2012-09-01,2012,9,47.21198
27,2012-10-01,2012,10,49.42435
27,2012-11-01,2012,11,52.38892
27,2012-12-01,2012,12,72.433
27,2013-01-01,2013,1,53.09688
27,2013-02-01,2013,2,47.91994
27,2013-03-01,2013,3,53.09688
27,2013-04-01,2013,4,51.10575
27,2013-05-01,2013,5,56.10571
27,2013-06-01,2013,6,53.76059
27,2013-07-01,2013,7,55.30925
27,2013-08-01,2013,8,59.91098
27,2013-09-01,2013,9,55.84022
27,2013-10-01,2013,10,58.93754
27,2013-11-01,2013,11,60.88443
27,2013-12-01,2013,12,83.49485
27,2014-01-01,2014,1,62.52158
27,2014-02-01,2014,2,56.68092
27,2014-03-01,2014,3,57.65437
27,2014-04-01,2014,4,59.02604
27,2014-05-01,2014,5,63.14104
27,2014-06-01,2014,6,58.40657
27,2014-07-01,2014,7,61.14991
27,2014-08-01,2014,8,61.90212
27,2014-09-01,2014,9,59.77824
27,2014-10-01,2014,10,63.80475
27,2014-11-01,2014,11,65.48616
27,2014-12-01,2014,12,86.14969
27,2015-01-01,2015,1,64.02599
27,2015-02-01,2015,2,56.41544
27,2015-03-01,2015,3,60.57469
27,2015-04-01,2015,4,59.60125
27,2015-05-01,2015,5,62.47733
27,2015-06-01,2015,6,57.69861
27,2015-07-01,2015,7,58.40657
27,2015-08-01,2015,8,56.90216
27,2015-09-01,2015,9,56.14995
27,2015-10-01,2015,10,62.43309
27,2015-11-01,2015,11,64.82245
27,2015-12-01,2015,12,86.54792
27,2016-01-01,2016,1,64.60121
27,2016-02-01,2016,2,59.51276
27,2016-03-01,2016,3,63.89325
27,2016-04-01,2016,4,61.68088
27,2016-05-01,2016,5,62.07911
27,2016-06-01,2016,6,60.70744
27,2016-07-01,2016,7,62.74282
27,2016-08-01,2016,8,62.74282
27,2016-09-01,2016,9,61.19416
27,2016-10-01,2016,10,65.70739
27,2016-11-01,2016,11,68.27374
27,2016-12-01,2016,12,87.96384
27,2017-01-01,2017,1,71.70782
27,2017-02-01,2017,2,64.36102
27,2017-03-01,2017,3,69.9652
27,2017-04-01,2017,4,67.78369
27,2017-05-01,2017,5,69.42784
27,2017-06-01,2017,6,67.69147
27,2017-07-01,2017,7,68.72537
27,2017-08-01,2017,8,69.27313
27,2017-09-01,2017,9,69.20025
27,2017-10-01,2017,10,68.82935
27,2017-11-01,2017,11,74.52233
27,2017-12-01,2017,12,91.36411
27,2018-01-01,2018,1,72.19168
27,2018-02-01,2018,2,63.30259
27,2018-03-01,2018,3,72.26978
27,2018-04-01,2018,4,66.85639
27,2018-05-01,2018,5,73.15069
27,2018-06-01,2018,6,70.85072
27,2018-07-01,2018,7,68.57146
27,2018-08-01,2018,8,72.57268
27,2018-09-01,2018,9,69.55106
27,2018-10-01,2018,10,73.00881
27,2018-11-01,2018,11,79.81514
27,2018-12-01,2018,12,92.64837
27,2019-01-01,2019,1,72.64532
27,2019-02-01,2019,2,65.764
27,2019-03-01,2019,3,70.77095
27,2019-04-01,2019,4,70.28935
27,2019-05-01,2019,5,74.29157
27,2019-06-01,2019,6,67.35835
27,2019-07-01,2019,7,70.7226
27,2019-08-01,2019,8,72.69801
27,2019-09-01,2019,9,69.56972
27,2019-10-01,2019,10,74.25419
27,2019-11-01,2019,11,80.16938
27,2019-12-01,2019,12,93.70601
27,2020-01-01,2020,1,75.42524
27,2020-02-01,2020,2,70.8738
27,2020-03-01,2020,3,67.22124
27,2020-04-01,2020,4,54.58163
27,2020-05-01,2020,5,61.761
27,2020-06-01,2020,6,62.8599
27,2020-07-01,2020,7,72.16936
27,2020-08-01,2020,8,79.87014
27,2020-09-01,2020,9,78.96012
27,2020-10-01,2020,10,84.69622
27,2020-11-01,2020,11,92.62131
27,2020-12-01,2020,12,104.55692
27,2021-01-01,2021,1,78.26608
27,2021-02-01,2021,2,70.98096
27,2021-03-01,2021,3,76.99606
27,2021-04-01,2021,4,72.90961
27,2021-05-01,2021,5,81.60565
27,2021-06-01,2021,6,77.34131
27,2021-07-01,2021,7,83.85273
27,2021-08-01,2021,8,84.06844
27,2021-09-01,2021,9,81.4189
27,2021-10-01,2021,10,89.34789
27,2021-11-01,2021,11,96.21613
27,2021-12-01,2021,12,109.45667
27,2022-01-01,2022,1,89.44028
27,2022-02-01,2022,2,81.08252
27,2022-03-01,2022,3,90.59707
27,2022-04-01,2022,4,97.04992
27,2022-05-01,2022,5,103.96436
27,2022-06-01,2022,6,99.70254
27,2022-07-01,2022,7,101.61121
27,2022-08-01,2022,8,104.51132
27,2022-09-01,2022,9,97.75698
27,2022-10-01,2022,10,104.28473
27,2022-11-01,2022,11,104.57488
27,2022-12-01,2022,12,125.42418
27,2023-01-01,2023,1,103.19034
27,2023-02-01,2023,2,90.01289
27,2023-03-01,2023,3,105.57012
27,2023-04-01,2023,4,104.82501
27,2023-05-01,2023,5,103.06009
27,2023-06-01,2023,6,102.44742
27,2023-07-01,2023,7,104.86807
27,2023-08-01,2023,8,104.17229
27,2023-09-01,2023,9,101.28124
27,2023-10-01,2023,10,104.18513
27,2023-11-01,2023,11,111.78953
27,2023-12-01,2023,12,132.98681
27,2024-01-01,2024,1,109.41772
27,2024-02-01,2024,2,101.53618
27,2024-03-01,2024,3,111.26122
27,2024-04-01,2024,4,107.47429
27,2024-05-01,2024,5,116.08621
27,2024-06-01,2024,6,109.24892
27,2024-07-01,2024,7,113.47298
27,2024-08-01,2024,8,115.80934
27,2024-09-01,2024,9,110.70947
27,2024-10-01,2024,10,119.48698
27,2024-11-01,2024,11,127.24039
27,2024-12-01,2024,12,145.17904
27,2025-01-01,2025,1,117.64743
27,2025-02-01,2025,2,112.29603
27,2025-03-01,2025,3,118.78974
27,2025-04-01,2025,4,121.60235
27,2025-05-01,2025,5,126.70044
27,2025-06-01,2025,6,117.90726
27,2025-07-01,2025,7,122.67769
27,2025-08-01,2025,8,123.59057
27,2025-09-01,2025,9,117.32697
27,2025-10-01,2025,10,124.99178
27,2025-11-01,2025,11,132.72724
28,2007-12-01,2007,12,51.25809
28,2008-01-01,2008,1,37.8226
28,2008-02-01,2008,2,33.64518
28,2008-03-01,2008,3,36.80647
28,2008-04-01,2008,4,35.28227
28,2008-05-01,2008,5,38.61292
28,2008-06-01,2008,6,37.08873
28,2008-07-01,2008,7,37.08873
28,2008-08-01,2008,8,38.50002
28,2008-09-01,2008,9,39.34679
28,2008-10-01,2008,10,41.66131
28,2008-11-01,2008,11,40.98389
28,2008-12-01,2008,12,55.60486
28,2009-01-01,2009,1,43.86292
28,2009-02-01,2009,2,37.87905
28,2009-03-01,2009,3,41.09679
28,2009-04-01,2009,4,41.09679
28,2009-05-01,2009,5,44.37099
28,2009-06-01,2009,6,43.97583
28,2009-07-01,2009,7,45.33067
28,2009-08-01,2009,8,46.68551
28,2009-09-01,2009,9,44.48389
28,2009-10-01,2009,10,48.77422
28,2009-11-01,2009,11,47.87099
28,2009-12-01,2009,12,67.79842
28,2010-01-01,2010,1,51.87906
28,2010-02-01,2010,2,46.4597
28,2010-03-01,2010,3,51.42744
28,2010-04-01,2010,4,48.2097
28,2010-05-01,2010,5,52.55648
28,2010-06-01,2010,6,51.87906
28,2010-07-01,2010,7,52.33067
28,2010-08-01,2010,8,52.72583
28,2010-09-01,2010,9,51.8226
28,2010-10-01,2010,10,55.60486
28,2010-11-01,2010,11,55.66132
28,2010-12-01,2010,12,78.58068
28,2011-01-01,2011,1,56.56454
28,2011-02-01,2011,2,48.37905
28,2011-03-01,2011,3,51.48389
28,2011-04-01,2011,4,53.00809
28,2011-05-01,2011,5,55.0968
28,2011-06-01,2011,6,54.75809
28,2011-07-01,2011,7,54.47583
28,2011-08-01,2011,8,55.94357
28,2011-09-01,2011,9,53.79841
28,2011-10-01,2011,10,56.62099
28,2011-11-01,2011,11,57.86293
28,2011-12-01,2011,12,79.48391
28,2012-01-01,2012,1,59.33067
28,2012-02-01,2012,2,55.54841
28,2012-03-01,2012,3,58.37099
28,2012-04-01,2012,4,56.22583
28,2012-05-01,2012,5,60.85487
28,2012-06-01,2012,6,59.27422
28,2012-07-01,2012,7,59.61293
28,2012-08-01,2012,8,62.32261
28,2012-09-01,2012,9,60.74196
28,2012-10-01,2012,10,63.95971
28,2012-11-01,2012,11,64.80648
28,2012-12-01,2012,12,85.69359
28,2013-01-01,2013,1,66.33068
28,2013-02-01,2013,2,60.17745
28,2013-03-01,2013,3,68.58874
28,2013-04-01,2013,4,64.69358
28,2013-05-01,2013,5,69.77423
28,2013-06-01,2013,6,66.33068
28,2013-07-01,2013,7,67.40326
28,2013-08-01,2013,8,70.56455
28,2013-09-01,2013,9,64.12906
28,2013-10-01,2013,10,71.18552
28,2013-11-01,2013,11,72.31455
28,2013-12-01,2013,12,92.01617
28,2014-01-01,2014,1,75.53229
28,2014-02-01,2014,2,66.89519
28,2014-03-01,2014,3,69.88713
28,2014-04-01,2014,4,69.60487
28,2014-05-01,2014,5,75.47584
28,2014-06-01,2014,6,68.47584
28,2014-07-01,2014,7,69.77423
28,2014-08-01,2014,8,73.38713
28,2014-09-01,2014,9,72.08874
28,2014-10-01,2014,10,75.02423
28,2014-11-01,2014,11,79.82262
28,2014-12-01,2014,12,96.3065
28,2015-01-01,2015,1,80.7823
28,2015-02-01,2015,2,74.23391
28,2015-03-01,2015,3,78.75004
28,2015-04-01,2015,4,81.12101
28,2015-05-01,2015,5,81.06455
28,2015-06-01,2015,6,79.1452
28,2015-07-01,2015,7,73.72584
28,2015-08-01,2015,8,74.45971
28,2015-09-01,2015,9,70.95971
28,2015-10-01,2015,10,77.11294
28,2015-11-01,2015,11,76.43552
28,2015-12-01,2015,12,95.91133
28,2016-01-01,2016,1,80.61294
28,2016-02-01,2016,2,73.66939
28,2016-03-01,2016,3,79.1452
28,2016-04-01,2016,4,76.94358
28,2016-05-01,2016,5,76.60487
28,2016-06-01,2016,6,74.68552
28,2016-07-01,2016,7,74.62907
28,2016-08-01,2016,8,75.70165
28,2016-09-01,2016,9,73.83874
28,2016-10-01,2016,10,79.03229
28,2016-11-01,2016,11,81.57262
28,2016-12-01,2016,12,101.6694
28,2017-01-01,2017,1,77.76075
28,2017-02-01,2017,2,68.1758
28,2017-03-01,2017,3,75.13964
28,2017-04-01,2017,4,73.60457
28,2017-05-01,2017,5,74.74208
28,2017-06-01,2017,6,71.57771
28,2017-07-01,2017,7,73.04657
28,2017-08-01,2017,8,75.06969
28,2017-09-01,2017,9,75.75561
28,2017-10-01,2017,10,74.53761
28,2017-11-01,2017,11,82.47777
28,2017-12-01,2017,12,92.82887
28,2018-01-01,2018,1,79.39603
28,2018-02-01,2018,2,69.12018
28,2018-03-01,2018,3,77.49315
28,2018-04-01,2018,4,71.60494
28,2018-05-01,2018,5,77.02423
28,2018-06-01,2018,6,77.08725
28,2018-07-01,2018,7,75.56929
28,2018-08-01,2018,8,79.3857
28,2018-09-01,2018,9,77.02686
28,2018-10-01,2018,10,80.11727
28,2018-11-01,2018,11,87.8908
28,2018-12-01,2018,12,96.55851
28,2019-01-01,2019,1,79.80763
28,2019-02-01,2019,2,72.16453
28,2019-03-01,2019,3,78.32179
28,2019-04-01,2019,4,78.1568
28,2019-05-01,2019,5,80.28005
28,2019-06-01,2019,6,74.46991
28,2019-07-01,2019,7,77.55457
28,2019-08-01,2019,8,79.37692
28,2019-09-01,2019,9,74.88099
28,2019-10-01,2019,10,79.78318
28,2019-11-01,2019,11,87.86754
28,2019-12-01,2019,12,98.25136
28,2020-01-01,2020,1,81.67682
28,2020-02-01,2020,2,75.25489
28,2020-03-01,2020,3,71.78778
28,2020-04-01,2020,4,59.62871
28,2020-05-01,2020,5,69.45085
28,2020-06-01,2020,6,71.28902
28,2020-07-01,2020,7,77.94648
28,2020-08-01,2020,8,84.17364
28,2020-09-01,2020,9,83.47272
28,2020-10-01,2020,10,90.25703
28,2020-11-01,2020,11,96.66091
28,2020-12-01,2020,12,105.97593
28,2021-01-01,2021,1,85.59501
28,2021-02-01,2021,2,78.27267
28,2021-03-01,2021,3,83.45886
28,2021-04-01,2021,4,79.01111
28,2021-05-01,2021,5,86.77142
28,2021-06-01,2021,6,84.056
28,2021-07-01,2021,7,89.64314
28,2021-08-01,2021,8,87.23089
28,2021-09-01,2021,9,84.70783
28,2021-10-01,2021,10,91.26014
28,2021-11-01,2021,11,96.29278
28,2021-12-01,2021,12,109.17765
28,2022-01-01,2022,1,90.04357
28,2022-02-01,2022,2,83.53764
28,2022-03-01,2022,3,93.00916
28,2022-04-01,2022,4,99.2944
28,2022-05-01,2022,5,103.97653
28,2022-06-01,2022,6,103.92298
28,2022-07-01,2022,7,100.00409
28,2022-08-01,2022,8,99.34342
28,2022-09-01,2022,9,96.20377
28,2022-10-01,2022,10,100.79708
28,2022-11-01,2022,11,109.14136
28,2022-12-01,2022,12,120.72599
28,2023-01-01,2023,1,101.00091
28,2023-02-01,2023,2,91.17129
28,2023-03-01,2023,3,101.19924
28,2023-04-01,2023,4,98.70948
28,2023-05-01,2023,5,101.65244
28,2023-06-01,2023,6,100.38896
28,2023-07-01,2023,7,102.87928
28,2023-08-01,2023,8,103.56107
28,2023-09-01,2023,9,100.25524
28,2023-10-01,2023,10,103.20774
28,2023-11-01,2023,11,111.49591
28,2023-12-01,2023,12,123.37263
28,2024-01-01,2024,1,106.13612
28,2024-02-01,2024,2,99.25871
28,2024-03-01,2024,3,110.69804
28,2024-04-01,2024,4,106.35465
28,2024-05-01,2024,5,113.86643
28,2024-06-01,2024,6,107.45953
28,2024-07-01,2024,7,111.24494
28,2024-08-01,2024,8,112.43668
28,2024-09-01,2024,9,108.124
28,2024-10-01,2024,10,114.57669
28,2024-11-01,2024,11,120.95662
28,2024-12-01,2024,12,132.20801
28,2025-01-01,2025,1,110.22949
28,2025-02-01,2025,2,104.42814
28,2025-03-01,2025,3,110.92424
28,2025-04-01,2025,4,114.63665
28,2025-05-01,2025,5,120.84583
28,2025-06-01,2025,6,111.35273
28,2025-07-01,2025,7,117.26869
28,2025-08-01,2025,8,116.58947
28,2025-09-01,2025,9,112.17393
28,2025-10-01,2025,10,120.48822
28,2025-11-01,2025,11,126.66998
29,2007-12-01,2007,12,52.67903
29,2008-01-01,2008,1,38.95401
29,2008-02-01,2008,2,34.91053
29,2008-03-01,2008,3,39.52351
29,2008-04-01,2008,4,37.75805
29,2008-05-01,2008,5,41.74457
29,2008-06-01,2008,6,40.43471
29,2008-07-01,2008,7,40.49166
29,2008-08-01,2008,8,42.25712
29,2008-09-01,2008,9,41.34592
29,2008-10-01,2008,10,43.79478
29,2008-11-01,2008,11,42.59882
29,2008-12-01,2008,12,57.34895
29,2009-01-01,2009,1,42.48492
29,2009-02-01,2009,2,38.89706
29,2009-03-01,2009,3,42.71273
29,2009-04-01,2009,4,41.51677
29,2009-05-01,2009,5,44.76294
29,2009-06-01,2009,6,44.36428
29,2009-07-01,2009,7,44.81989
29,2009-08-01,2009,8,45.95889
29,2009-09-01,2009,9,45.21854
29,2009-10-01,2009,10,48.92031
29,2009-11-01,2009,11,46.7562
29,2009-12-01,2009,12,65.03724
29,2010-01-01,2010,1,47.95215
29,2010-02-01,2010,2,44.19343
29,2010-03-01,2010,3,51.36917
29,2010-04-01,2010,4,47.15485
29,2010-05-01,2010,5,50.85662
29,2010-06-01,2010,6,49.48981
29,2010-07-01,2010,7,49.54676
29,2010-08-01,2010,8,49.83151
29,2010-09-01,2010,9,49.66066
29,2010-10-01,2010,10,53.70413
29,2010-11-01,2010,11,54.38754
29,2010-12-01,2010,12,74.32014
29,2011-01-01,2011,1,53.13463
29,2011-02-01,2011,2,50.51492
29,2011-03-01,2011,3,53.70413
29,2011-04-01,2011,4,54.55839
29,2011-05-01,2011,5,55.41264
29,2011-06-01,2011,6,55.29874
29,2011-07-01,2011,7,56.0391
29,2011-08-01,2011,8,56.8364
29,2011-09-01,2011,9,54.61534
29,2011-10-01,2011,10,56.55165
29,2011-11-01,2011,11,57.00725
29,2011-12-01,2011,12,79.78737
29,2012-01-01,2012,1,58.94356
29,2012-02-01,2012,2,56.32385
29,2012-03-01,2012,3,62.58838
29,2012-04-01,2012,4,59.17136
29,2012-05-01,2012,5,62.30363
29,2012-06-01,2012,6,63.89824
29,2012-07-01,2012,7,62.36058
29,2012-08-01,2012,8,63.55654
29,2012-09-01,2012,9,61.67718
29,2012-10-01,2012,10,65.5498
29,2012-11-01,2012,11,65.6637
29,2012-12-01,2012,12,87.70346
29,2013-01-01,2013,1,65.37894
29,2013-02-01,2013,2,57.7476
29,2013-03-01,2013,3,67.42916
29,2013-04-01,2013,4,64.92334
29,2013-05-01,2013,5,70.33362
29,2013-06-01,2013,6,68.39731
29,2013-07-01,2013,7,69.70717
29,2013-08-01,2013,8,73.18114
29,2013-09-01,2013,9,68.28341
29,2013-10-01,2013,10,71.92823
29,2013-11-01,2013,11,73.75064
29,2013-12-01,2013,12,97.44196
29,2014-01-01,2014,1,76.25645
29,2014-02-01,2014,2,69.99192
29,2014-03-01,2014,3,73.12419
29,2014-04-01,2014,4,70.96007
29,2014-05-01,2014,5,79.78737
29,2014-06-01,2014,6,73.80759
29,2014-07-01,2014,7,74.54794
29,2014-08-01,2014,8,77.85106
29,2014-09-01,2014,9,75.00355
29,2014-10-01,2014,10,79.55957
29,2014-11-01,2014,11,82.46403
29,2014-12-01,2014,12,103.19394
29,2015-01-01,2015,1,77.05376
29,2015-02-01,2015,2,70.10582
29,2015-03-01,2015,3,78.13581
29,2015-04-01,2015,4,73.86454
29,2015-05-01,2015,5,77.85106
29,2015-06-01,2015,6,75.63
29,2015-07-01,2015,7,75.4022
29,2015-08-01,2015,8,75.8578
29,2015-09-01,2015,9,73.52284
29,2015-10-01,2015,10,78.47751
29,2015-11-01,2015,11,79.21787
29,2015-12-01,2015,12,98.29622
29,2016-01-01,2016,1,74.71879
29,2016-02-01,2016,2,70.96007
29,2016-03-01,2016,3,76.25645
29,2016-04-01,2016,4,71.81433
29,2016-05-01,2016,5,73.01028
29,2016-06-01,2016,6,72.66858
29,2016-07-01,2016,7,73.46589
29,2016-08-01,2016,8,74.26319
29,2016-09-01,2016,9,71.47263
29,2016-10-01,2016,10,75.0605
29,2016-11-01,2016,11,78.59141
29,2016-12-01,2016,12,96.92941
29,2017-01-01,2017,1,75.24546
29,2017-02-01,2017,2,68.64353
29,2017-03-01,2017,3,74.87233
29,2017-04-01,2017,4,70.72038
29,2017-05-01,2017,5,72.63915
29,2017-06-01,2017,6,73.06324
29,2017-07-01,2017,7,72.6097
29,2017-08-01,2017,8,73.81869
29,2017-09-01,2017,9,72.10685
29,2017-10-01,2017,10,72.60595
29,2017-11-01,2017,11,82.47224
29,2017-12-01,2017,12,99.12384
29,2018-01-01,2018,1,74.5892
29,2018-02-01,2018,2,67.69667
29,2018-03-01,2018,3,75.66323
29,2018-04-01,2018,4,70.85935
29,2018-05-01,2018,5,73.59416
29,2018-06-01,2018,6,77.0948
29,2018-07-01,2018,7,73.43816
29,2018-08-01,2018,8,77.45524
29,2018-09-01,2018,9,74.20546
29,2018-10-01,2018,10,76.24647
29,2018-11-01,2018,11,89.99626
29,2018-12-01,2018,12,102.06843
29,2019-01-01,2019,1,77.14194
29,2019-02-01,2019,2,73.40747
29,2019-03-01,2019,3,76.05446
29,2019-04-01,2019,4,76.37217
29,2019-05-01,2019,5,80.64465
29,2019-06-01,2019,6,76.98922
29,2019-07-01,2019,7,77.27157
29,2019-08-01,2019,8,79.37486
29,2019-09-01,2019,9,76.83534
29,2019-10-01,2019,10,79.65661
29,2019-11-01,2019,11,94.30762
29,2019-12-01,2019,12,112.07269
29,2020-01-01,2020,1,79.87913
29,2020-02-01,2020,2,75.70633
29,2020-03-01,2020,3,72.2006
29,2020-04-01,2020,4,57.89437
29,2020-05-01,2020,5,64.54411
29,2020-06-01,2020,6,69.0535
29,2020-07-01,2020,7,78.26924
29,2020-08-01,2020,8,86.03284
29,2020-09-01,2020,9,83.98879
29,2020-10-01,2020,10,90.30617
29,2020-11-01,2020,11,98.24753
29,2020-12-01,2020,12,109.45691
29,2021-01-01,2021,1,82.29594
29,2021-02-01,2021,2,77.39908
29,2021-03-01,2021,3,79.65286
29,2021-04-01,2021,4,84.78631
29,2021-05-01,2021,5,92.70993
29,2021-06-01,2021,6,89.64852
29,2021-07-01,2021,7,93.52938
29,2021-08-01,2021,8,90.59722
29,2021-09-01,2021,9,88.90018
29,2021-10-01,2021,10,92.35044
29,2021-11-01,2021,11,100.12966
29,2021-12-01,2021,12,112.57953
29,2022-01-01,2022,1,90.09336
29,2022-02-01,2022,2,87.95359
29,2022-03-01,2022,3,96.70744
29,2022-04-01,2022,4,97.34845
29,2022-05-01,2022,5,103.65125
29,2022-06-01,2022,6,101.20535
29,2022-07-01,2022,7,98.70288
29,2022-08-01,2022,8,99.59377
29,2022-09-01,2022,9,96.53557
29,2022-10-01,2022,10,98.96752
29,2022-11-01,2022,11,107.46625
29,2022-12-01,2022,12,121.77457
29,2023-01-01,2023,1,98.62483
29,2023-02-01,2023,2,91.91876
29,2023-03-01,2023,3,104.09315
29,2023-04-01,2023,4,100.87121
29,2023-05-01,2023,5,102.21504
29,2023-06-01,2023,6,103.21065
29,2023-07-01,2023,7,104.6536
29,2023-08-01,2023,8,104.14074
29,2023-09-01,2023,9,102.97598
29,2023-10-01,2023,10,106.11357
29,2023-11-01,2023,11,112.7389
29,2023-12-01,2023,12,128.41041
29,2024-01-01,2024,1,109.47626
29,2024-02-01,2024,2,103.29408
29,2024-03-01,2024,3,116.72856
29,2024-04-01,2024,4,110.56328
29,2024-05-01,2024,5,118.84557
29,2024-06-01,2024,6,111.09663
29,2024-07-01,2024,7,112.69992
29,2024-08-01,2024,8,116.23223
29,2024-09-01,2024,9,110.19681
29,2024-10-01,2024,10,119.48956
29,2024-11-01,2024,11,124.92647
29,2024-12-01,2024,12,140.59451
29,2025-01-01,2025,1,117.32901
29,2025-02-01,2025,2,113.08706
29,2025-03-01,2025,3,118.02279
29,2025-04-01,2025,4,121.08698
29,2025-05-01,2025,5,126.75979
29,2025-06-01,2025,6,118.98655
29,2025-07-01,2025,7,121.72575
29,2025-08-01,2025,8,123.06499
29,2025-09-01,2025,9,121.43373
29,2025-10-01,2025,10,127.52331
29,2025-11-01,2025,11,131.04262
31,2007-12-01,2007,12,34.94191
31,2008-01-01,2008,1,26.54439
31,2008-02-01,2008,2,24.86488
31,2008-03-01,2008,3,27.48655
31,2008-04-01,2008,4,26.83113
31,2008-05-01,2008,5,29.24798
31,2008-06-01,2008,6,27.85522
31,2008-07-01,2008,7,29.32991
31,2008-08-01,2008,8,29.9034
31,2008-09-01,2008,9,28.96124
31,2008-10-01,2008,10,30.59978
31,2008-11-01,2008,11,28.96124
31,2008-12-01,2008,12,37.52262
31,2009-01-01,2009,1,29.4528
31,2009-02-01,2009,2,26.7492
31,2009-03-01,2009,3,29.49376
31,2009-04-01,2009,4,29.94436
31,2009-05-01,2009,5,31.05038
31,2009-06-01,2009,6,29.69858
31,2009-07-01,2009,7,31.46001
31,2009-08-01,2009,8,31.37809
31,2009-09-01,2009,9,30.8046
31,2009-10-01,2009,10,33.30337
31,2009-11-01,2009,11,31.62387
31,2009-12-01,2009,12,42.27439
31,2010-01-01,2010,1,32.89374
31,2010-02-01,2010,2,30.14918
31,2010-03-01,2010,3,34.45035
31,2010-04-01,2010,4,33.42626
31,2010-05-01,2010,5,35.26962
31,2010-06-01,2010,6,34.2865
31,2010-07-01,2010,7,35.72022
31,2010-08-01,2010,8,35.26962
31,2010-09-01,2010,9,35.47444
31,2010-10-01,2010,10,37.27684
31,2010-11-01,2010,11,36.66238
31,2010-12-01,2010,12,49.36109
31,2011-01-01,2011,1,37.97322
31,2011-02-01,2011,2,35.80215
31,2011-03-01,2011,3,38.62864
31,2011-04-01,2011,4,39.65272
31,2011-05-01,2011,5,40.10332
31,2011-06-01,2011,6,38.75153
31,2011-07-01,2011,7,40.39007
31,2011-08-01,2011,8,40.75874
31,2011-09-01,2011,9,40.30814
31,2011-10-01,2011,10,41.65994
31,2011-11-01,2011,11,41.57801
31,2011-12-01,2011,12,55.99718
31,2012-01-01,2012,1,42.39728
31,2012-02-01,2012,2,40.43103
31,2012-03-01,2012,3,44.56835
31,2012-04-01,2012,4,42.43825
31,2012-05-01,2012,5,44.03582
31,2012-06-01,2012,6,43.70812
31,2012-07-01,2012,7,44.65028
31,2012-08-01,2012,8,46.16593
31,2012-09-01,2012,9,44.19968
31,2012-10-01,2012,10,46.32978
31,2012-11-01,2012,11,45.26473
31,2012-12-01,2012,12,59.27427
31,2013-01-01,2013,1,46.00208
31,2013-02-01,2013,2,42.11054
31,2013-03-01,2013,3,47.80447
31,2013-04-01,2013,4,45.59244
31,2013-05-01,2013,5,48.25507
31,2013-06-01,2013,6,45.92015
31,2013-07-01,2013,7,48.37796
31,2013-08-01,2013,8,49.60687
31,2013-09-01,2013,9,47.10809
31,2013-10-01,2013,10,49.85265
31,2013-11-01,2013,11,50.4671
31,2013-12-01,2013,12,63.32966
31,2014-01-01,2014,1,51.8189
31,2014-02-01,2014,2,47.72254
31,2014-03-01,2014,3,50.05747
31,2014-04-01,2014,4,50.71288
31,2014-05-01,2014,5,52.84299
31,2014-06-01,2014,6,48.95145
31,2014-07-01,2014,7,51.57312
31,2014-08-01,2014,8,52.39239
31,2014-09-01,2014,9,51.45023
31,2014-10-01,2014,10,54.8502
31,2014-11-01,2014,11,54.76828
31,2014-12-01,2014,12,68.73685
31,2015-01-01,2015,1,54.76828
31,2015-02-01,2015,2,48.337
31,2015-03-01,2015,3,53.29359
31,2015-04-01,2015,4,52.63817
31,2015-05-01,2015,5,54.44057
31,2015-06-01,2015,6,52.55624
31,2015-07-01,2015,7,55.54658
31,2015-08-01,2015,8,54.93213
31,2015-09-01,2015,9,53.82612
31,2015-10-01,2015,10,59.31523
31,2015-11-01,2015,11,58.0044
31,2015-12-01,2015,12,73.89826
31,2016-01-01,2016,1,57.47187
31,2016-02-01,2016,2,55.13695
31,2016-03-01,2016,3,60.09354
31,2016-04-01,2016,4,57.79958
31,2016-05-01,2016,5,58.78271
31,2016-06-01,2016,6,58.49596
31,2016-07-01,2016,7,61.32245
31,2016-08-01,2016,8,61.4863
31,2016-09-01,2016,9,60.38028
31,2016-10-01,2016,10,61.9369
31,2016-11-01,2016,11,62.71521
31,2016-12-01,2016,12,77.66691
31,2017-01-01,2017,1,61.75505
31,2017-02-01,2017,2,57.65759
31,2017-03-01,2017,3,64.41311
31,2017-04-01,2017,4,60.96574
31,2017-05-01,2017,5,61.70852
31,2017-06-01,2017,6,61.65487
31,2017-07-01,2017,7,61.93221
31,2017-08-01,2017,8,62.82407
31,2017-09-01,2017,9,59.92655
31,2017-10-01,2017,10,63.65058
31,2017-11-01,2017,11,68.54598
31,2017-12-01,2017,12,81.88541
31,2018-01-01,2018,1,63.74103
31,2018-02-01,2018,2,57.68272
31,2018-03-01,2018,3,67.07935
31,2018-04-01,2018,4,62.10689
31,2018-05-01,2018,5,64.13386
31,2018-06-01,2018,6,62.87334
31,2018-07-01,2018,7,60.77997
31,2018-08-01,2018,8,66.41248
31,2018-09-01,2018,9,61.31652
31,2018-10-01,2018,10,67.64539
31,2018-11-01,2018,11,70.65277
31,2018-12-01,2018,12,79.25493
31,2019-01-01,2019,1,65.42721
31,2019-02-01,2019,2,60.60317
31,2019-03-01,2019,3,66.24392
31,2019-04-01,2019,4,64.82715
31,2019-05-01,2019,5,65.54992
31,2019-06-01,2019,6,65.07388
31,2019-07-01,2019,7,67.69324
31,2019-08-01,2019,8,67.84874
31,2019-09-01,2019,9,66.54477
31,2019-10-01,2019,10,70.62479
31,2019-11-01,2019,11,74.82577
31,2019-12-01,2019,12,84.641
31,2020-01-01,2020,1,66.80931
31,2020-02-01,2020,2,65.57032
31,2020-03-01,2020,3,68.06255
31,2020-04-01,2020,4,57.41201
31,2020-05-01,2020,5,66.30314
31,2020-06-01,2020,6,68.50502
31,2020-07-01,2020,7,75.21911
31,2020-08-01,2020,8,78.28031
31,2020-09-01,2020,9,79.93831
31,2020-10-01,2020,10,86.04466
31,2020-11-01,2020,11,86.2584
31,2020-12-01,2020,12,96.27783
31,2021-01-01,2021,1,81.86975
31,2021-02-01,2021,2,72.8532
31,2021-03-01,2021,3,79.91174
31,2021-04-01,2021,4,77.91849
31,2021-05-01,2021,5,83.68585
31,2021-06-01,2021,6,84.6474
31,2021-07-01,2021,7,89.85787
31,2021-08-01,2021,8,87.26036
31,2021-09-01,2021,9,86.5443
31,2021-10-01,2021,10,91.06171
31,2021-11-01,2021,11,95.01916
31,2021-12-01,2021,12,106.87356
31,2022-01-01,2022,1,85.98037
31,2022-02-01,2022,2,83.99726
31,2022-03-01,2022,3,95.51739
31,2022-04-01,2022,4,96.69893
31,2022-05-01,2022,5,101.68124
31,2022-06-01,2022,6,99.49636
31,2022-07-01,2022,7,102.16257
31,2022-08-01,2022,8,102.34282
31,2022-09-01,2022,9,100.10924
31,2022-10-01,2022,10,104.74988
31,2022-11-01,2022,11,107.18236
31,2022-12-01,2022,12,120.08158
31,2023-01-01,2023,1,96.43687
31,2023-02-01,2023,2,90.89625
31,2023-03-01,2023,3,102.48906
31,2023-04-01,2023,4,100.87568
31,2023-05-01,2023,5,103.52006
31,2023-06-01,2023,6,100.66408
31,2023-07-01,2023,7,104.68668
31,2023-08-01,2023,8,107.54704
31,2023-09-01,2023,9,105.18088
31,2023-10-01,2023,10,106.79647
31,2023-11-01,2023,11,114.60697
31,2023-12-01,2023,12,126.6798
31,2024-01-01,2024,1,102.80474
31,2024-02-01,2024,2,100.54776
31,2024-03-01,2024,3,111.12936
31,2024-04-01,2024,4,107.32429
31,2024-05-01,2024,5,116.65531
31,2024-06-01,2024,6,110.20283
31,2024-07-01,2024,7,114.55174
31,2024-08-01,2024,8,115.89934
31,2024-09-01,2024,9,110.45503
31,2024-10-01,2024,10,116.66253
31,2024-11-01,2024,11,124.19416
31,2024-12-01,2024,12,135.78536
31,2025-01-01,2025,1,111.97905
31,2025-02-01,2025,2,108.04726
31,2025-03-01,2025,3,117.17832
31,2025-04-01,2025,4,117.76995
31,2025-05-01,2025,5,124.98652
31,2025-06-01,2025,6,117.5383
31,2025-07-01,2025,7,122.12048
31,2025-08-01,2025,8,121.0191
31,2025-09-01,2025,9,116.98493
31,2025-10-01,2025,10,122.77531
31,2025-11-01,2025,11,127.70106
32,2007-12-01,2007,12,39.49341
32,2008-01-01,2008,1,29.68459
32,2008-02-01,2008,2,28.00676
32,2008-03-01,2008,3,31.06126
32,2008-04-01,2008,4,29.81365
32,2008-05-01,2008,5,32.43794
32,2008-06-01,2008,6,29.64157
32,2008-07-01,2008,7,31.49148
32,2008-08-01,2008,8,31.70658
32,2008-09-01,2008,9,30.7171
32,2008-10-01,2008,10,32.61003
32,2008-11-01,2008,11,31.57752
32,2008-12-01,2008,12,42.03166
32,2009-01-01,2009,1,32.3519
32,2009-02-01,2009,2,29.2974
32,2009-03-01,2009,3,30.45897
32,2009-04-01,2009,4,30.97522
32,2009-05-01,2009,5,31.70658
32,2009-06-01,2009,6,30.32991
32,2009-07-01,2009,7,32.13679
32,2009-08-01,2009,8,31.70658
32,2009-09-01,2009,9,31.23335
32,2009-10-01,2009,10,34.71806
32,2009-11-01,2009,11,33.68555
32,2009-12-01,2009,12,45.77449
32,2010-01-01,2010,1,35.62151
32,2010-02-01,2010,2,33.25534
32,2010-03-01,2010,3,36.91214
32,2010-04-01,2010,4,34.8041
32,2010-05-01,2010,5,36.39589
32,2010-06-01,2010,6,34.8041
32,2010-07-01,2010,7,36.95516
32,2010-08-01,2010,8,35.92265
32,2010-09-01,2010,9,35.96567
32,2010-10-01,2010,10,38.84809
32,2010-11-01,2010,11,37.94465
32,2010-12-01,2010,12,52.48579
32,2011-01-01,2011,1,40.78404
32,2011-02-01,2011,2,37.72954
32,2011-03-01,2011,3,41.3003
32,2011-04-01,2011,4,41.5154
32,2011-05-01,2011,5,41.21425
32,2011-06-01,2011,6,39.8806
32,2011-07-01,2011,7,42.97812
32,2011-08-01,2011,8,43.23625
32,2011-09-01,2011,9,41.81655
32,2011-10-01,2011,10,43.7525
32,2011-11-01,2011,11,43.27927
32,2011-12-01,2011,12,58.76688
32,2012-01-01,2012,1,44.48386
32,2012-02-01,2012,2,43.66646
32,2012-03-01,2012,3,48.05462
32,2012-04-01,2012,4,44.69897
32,2012-05-01,2012,5,47.58138
32,2012-06-01,2012,6,47.75347
32,2012-07-01,2012,7,47.88253
32,2012-08-01,2012,8,50.11963
32,2012-09-01,2012,9,48.87202
32,2012-10-01,2012,10,52.22767
32,2012-11-01,2012,11,50.85099
32,2012-12-01,2012,12,68.48966
32,2013-01-01,2013,1,51.2812
32,2013-02-01,2013,2,46.5919
32,2013-03-01,2013,3,53.56132
32,2013-04-01,2013,4,50.42078
32,2013-05-01,2013,5,53.21715
32,2013-06-01,2013,6,49.99057
32,2013-07-01,2013,7,53.38924
32,2013-08-01,2013,8,55.41123
32,2013-09-01,2013,9,50.42078
32,2013-10-01,2013,10,55.66936
32,2013-11-01,2013,11,56.87395
32,2013-12-01,2013,12,70.55467
32,2014-01-01,2014,1,56.87395
32,2014-02-01,2014,2,50.4638
32,2014-03-01,2014,3,54.1206
32,2014-04-01,2014,4,56.61582
32,2014-05-01,2014,5,57.94948
32,2014-06-01,2014,6,51.8835
32,2014-07-01,2014,7,56.05655
32,2014-08-01,2014,8,56.5728
32,2014-09-01,2014,9,55.54029
32,2014-10-01,2014,10,58.93896
32,2014-11-01,2014,11,59.6273
32,2014-12-01,2014,12,75.93232
32,2015-01-01,2015,1,60.01449
32,2015-02-01,2015,2,52.65788
32,2015-03-01,2015,3,56.74489
32,2015-04-01,2015,4,55.7554
32,2015-05-01,2015,5,56.91697
32,2015-06-01,2015,6,53.90549
32,2015-07-01,2015,7,56.91697
32,2015-08-01,2015,8,55.54029
32,2015-09-01,2015,9,52.57184
32,2015-10-01,2015,10,56.78791
32,2015-11-01,2015,11,55.62634
32,2015-12-01,2015,12,74.16845
32,2016-01-01,2016,1,58.50875
32,2016-02-01,2016,2,54.98102
32,2016-03-01,2016,3,56.95999
32,2016-04-01,2016,4,55.49727
32,2016-05-01,2016,5,53.81945
32,2016-06-01,2016,6,53.81945
32,2016-07-01,2016,7,55.49727
32,2016-08-01,2016,8,55.02404
32,2016-09-01,2016,9,52.22767
32,2016-10-01,2016,10,55.97051
32,2016-11-01,2016,11,58.33667
32,2016-12-01,2016,12,74.25449
32,2017-01-01,2017,1,56.22324
32,2017-02-01,2017,2,43.56213
32,2017-03-01,2017,3,52.93233
32,2017-04-01,2017,4,53.41506
32,2017-05-01,2017,5,55.13986
32,2017-06-01,2017,6,53.3745
32,2017-07-01,2017,7,55.30884
32,2017-08-01,2017,8,54.90174
32,2017-09-01,2017,9,54.66413
32,2017-10-01,2017,10,56.21553
32,2017-11-01,2017,11,57.94907
32,2017-12-01,2017,12,71.45597
32,2018-01-01,2018,1,54.67482
32,2018-02-01,2018,2,50.87341
32,2018-03-01,2018,3,60.74541
32,2018-04-01,2018,4,56.07715
32,2018-05-01,2018,5,58.93054
32,2018-06-01,2018,6,59.00307
32,2018-07-01,2018,7,59.27916
32,2018-08-01,2018,8,61.95097
32,2018-09-01,2018,9,58.34241
32,2018-10-01,2018,10,63.15276
32,2018-11-01,2018,11,66.00172
32,2018-12-01,2018,12,76.82991
32,2019-01-01,2019,1,61.50287
32,2019-02-01,2019,2,59.25389
32,2019-03-01,2019,3,65.38297
32,2019-04-01,2019,4,63.56264
32,2019-05-01,2019,5,65.86154
32,2019-06-01,2019,6,60.50652
32,2019-07-01,2019,7,63.9169
32,2019-08-01,2019,8,64.11129
32,2019-09-01,2019,9,61.57625
32,2019-10-01,2019,10,67.82097
32,2019-11-01,2019,11,71.32526
32,2019-12-01,2019,12,80.90855
32,2020-01-01,2020,1,66.12821
32,2020-02-01,2020,2,64.1371
32,2020-03-01,2020,3,64.38106
32,2020-04-01,2020,4,54.04953
32,2020-05-01,2020,5,64.23994
32,2020-06-01,2020,6,65.37814
32,2020-07-01,2020,7,70.40144
32,2020-08-01,2020,8,71.3959
32,2020-09-01,2020,9,72.88395
32,2020-10-01,2020,10,80.65871
32,2020-11-01,2020,11,79.90865
32,2020-12-01,2020,12,96.13285
32,2021-01-01,2021,1,74.46407
32,2021-02-01,2021,2,70.80504
32,2021-03-01,2021,3,78.13719
32,2021-04-01,2021,4,74.05764
32,2021-05-01,2021,5,80.53748
32,2021-06-01,2021,6,80.51967
32,2021-07-01,2021,7,87.28158
32,2021-08-01,2021,8,84.27007
32,2021-09-01,2021,9,85.58213
32,2021-10-01,2021,10,89.23406
32,2021-11-01,2021,11,93.66818
32,2021-12-01,2021,12,110.81463
32,2022-01-01,2022,1,88.00858
32,2022-02-01,2022,2,86.75181
32,2022-03-01,2022,3,97.38928
32,2022-04-01,2022,4,98.75308
32,2022-05-01,2022,5,100.25572
32,2022-06-01,2022,6,97.86938
32,2022-07-01,2022,7,102.81766
32,2022-08-01,2022,8,101.59591
32,2022-09-01,2022,9,96.89696
32,2022-10-01,2022,10,99.47729
32,2022-11-01,2022,11,106.54493
32,2022-12-01,2022,12,123.63939
32,2023-01-01,2023,1,100.79571
32,2023-02-01,2023,2,90.79262
32,2023-03-01,2023,3,106.34336
32,2023-04-01,2023,4,95.95668
32,2023-05-01,2023,5,101.12002
32,2023-06-01,2023,6,98.24238
32,2023-07-01,2023,7,107.41442
32,2023-08-01,2023,8,104.63223
32,2023-09-01,2023,9,99.01193
32,2023-10-01,2023,10,97.31196
32,2023-11-01,2023,11,119.34149
32,2023-12-01,2023,12,117.37096
32,2024-01-01,2024,1,100.34355
32,2024-02-01,2024,2,93.98696
32,2024-03-01,2024,3,104.90996
32,2024-04-01,2024,4,100.74745
32,2024-05-01,2024,5,103.85985
32,2024-06-01,2024,6,100.40779
32,2024-07-01,2024,7,106.25774
32,2024-08-01,2024,8,106.7453
32,2024-09-01,2024,9,102.52215
32,2024-10-01,2024,10,112.74979
32,2024-11-01,2024,11,128.42693
32,2024-12-01,2024,12,127.02074
32,2025-01-01,2025,1,109.34617
32,2025-02-01,2025,2,104.54647
32,2025-03-01,2025,3,111.42612
32,2025-04-01,2025,4,111.58773
32,2025-05-01,2025,5,115.16112
32,2025-06-01,2025,6,106.76248
32,2025-07-01,2025,7,114.20517
32,2025-08-01,2025,8,111.31604
32,2025-09-01,2025,9,107.29306
32,2025-10-01,2025,10,117.59986
32,2025-11-01,2025,11,131.94172
33,2007-12-01,2007,12,49.12519
33,2008-01-01,2008,1,34.38764
33,2008-02-01,2008,2,31.77459
33,2008-03-01,2008,3,35.79868
33,2008-04-01,2008,4,33.91729
33,2008-05-01,2008,5,37.41876
33,2008-06-01,2008,6,35.32833
33,2008-07-01,2008,7,36.94842
33,2008-08-01,2008,8,37.05294
33,2008-09-01,2008,9,35.6419
33,2008-10-01,2008,10,38.09816
33,2008-11-01,2008,11,37.62781
33,2008-12-01,2008,12,54.50806
33,2009-01-01,2009,1,39.35242
33,2009-02-01,2009,2,36.00772
33,2009-03-01,2009,3,39.03885
33,2009-04-01,2009,4,38.04589
33,2009-05-01,2009,5,39.97955
33,2009-06-01,2009,6,38.72529
33,2009-07-01,2009,7,40.44989
33,2009-08-01,2009,8,40.55442
33,2009-09-01,2009,9,38.98659
33,2009-10-01,2009,10,42.64485
33,2009-11-01,2009,11,42.22676
33,2009-12-01,2009,12,59.15928
33,2010-01-01,2010,1,42.85389
33,2010-02-01,2010,2,40.55442
33,2010-03-01,2010,3,44.99659
33,2010-04-01,2010,4,42.27902
33,2010-05-01,2010,5,45.41467
33,2010-06-01,2010,6,44.10815
33,2010-07-01,2010,7,45.31015
33,2010-08-01,2010,8,45.62372
33,2010-09-01,2010,9,45.72824
33,2010-10-01,2010,10,48.86389
33,2010-11-01,2010,11,48.28902
33,2010-12-01,2010,12,69.19336
33,2011-01-01,2011,1,49.22972
33,2011-02-01,2011,2,46.77346
33,2011-03-01,2011,3,49.02067
33,2011-04-01,2011,4,50.06589
33,2011-05-01,2011,5,51.16337
33,2011-06-01,2011,6,48.75937
33,2011-07-01,2011,7,50.32719
33,2011-08-01,2011,8,51.11111
33,2011-09-01,2011,9,50.32719
33,2011-10-01,2011,10,53.04476
33,2011-11-01,2011,11,53.41058
33,2011-12-01,2011,12,73.94909
33,2012-01-01,2012,1,52.10406
33,2012-02-01,2012,2,50.37945
33,2012-03-01,2012,3,54.61258
33,2012-04-01,2012,4,51.58145
33,2012-05-01,2012,5,53.77641
33,2012-06-01,2012,6,53.72415
33,2012-07-01,2012,7,55.08293
33,2012-08-01,2012,8,57.01658
33,2012-09-01,2012,9,55.13519
33,2012-10-01,2012,10,59.05475
33,2012-11-01,2012,11,58.58441
33,2012-12-01,2012,12,81.89274
33,2013-01-01,2013,1,59.05475
33,2013-02-01,2013,2,54.92615
33,2013-03-01,2013,3,64.43762
33,2013-04-01,2013,4,58.68893
33,2013-05-01,2013,5,62.97432
33,2013-06-01,2013,6,59.83867
33,2013-07-01,2013,7,63.49693
33,2013-08-01,2013,8,65.58736
33,2013-09-01,2013,9,61.98136
33,2013-10-01,2013,10,66.47579
33,2013-11-01,2013,11,68.72301
33,2013-12-01,2013,12,90.14996
33,2014-01-01,2014,1,66.05771
33,2014-02-01,2014,2,62.24267
33,2014-03-01,2014,3,65.06475
33,2014-04-01,2014,4,67.25971
33,2014-05-01,2014,5,70.81344
33,2014-06-01,2014,6,66.84162
33,2014-07-01,2014,7,69.19336
33,2014-08-01,2014,8,71.64962
33,2014-09-01,2014,9,69.03658
33,2014-10-01,2014,10,74.52396
33,2014-11-01,2014,11,74.15814
33,2014-12-01,2014,12,98.35491
33,2015-01-01,2015,1,72.43353
33,2015-02-01,2015,2,67.25971
33,2015-03-01,2015,3,71.96318
33,2015-04-01,2015,4,69.24562
33,2015-05-01,2015,5,73.63553
33,2015-06-01,2015,6,69.45466
33,2015-07-01,2015,7,72.27675
33,2015-08-01,2015,8,73.53101
33,2015-09-01,2015,9,70.6044
33,2015-10-01,2015,10,76.45762
33,2015-11-01,2015,11,76.92796
33,2015-12-01,2015,12,101.75186
33,2016-01-01,2016,1,72.27675
33,2016-02-01,2016,2,70.18631
33,2016-03-01,2016,3,76.09179
33,2016-04-01,2016,4,70.70892
33,2016-05-01,2016,5,73.32196
33,2016-06-01,2016,6,74.62849
33,2016-07-01,2016,7,72.90388
33,2016-08-01,2016,8,76.50988
33,2016-09-01,2016,9,73.74005
33,2016-10-01,2016,10,76.40535
33,2016-11-01,2016,11,78.49579
33,2016-12-01,2016,12,101.33378
33,2017-01-01,2017,1,72.101
33,2017-02-01,2017,2,67.89185
33,2017-03-01,2017,3,72.49205
33,2017-04-01,2017,4,70.56835
33,2017-05-01,2017,5,74.36236
33,2017-06-01,2017,6,71.18217
33,2017-07-01,2017,7,72.71245
33,2017-08-01,2017,8,73.9156
33,2017-09-01,2017,9,72.98869
33,2017-10-01,2017,10,73.65248
33,2017-11-01,2017,11,76.59675
33,2017-12-01,2017,12,97.69198
33,2018-01-01,2018,1,72.74395
33,2018-02-01,2018,2,66.89653
33,2018-03-01,2018,3,78.0794
33,2018-04-01,2018,4,70.37468
33,2018-05-01,2018,5,75.33943
33,2018-06-01,2018,6,73.07591
33,2018-07-01,2018,7,72.35926
33,2018-08-01,2018,8,76.65444
33,2018-09-01,2018,9,72.56412
33,2018-10-01,2018,10,75.97472
33,2018-11-01,2018,11,82.9484
33,2018-12-01,2018,12,101.20378
33,2019-01-01,2019,1,75.10358
33,2019-02-01,2019,2,71.87686
33,2019-03-01,2019,3,77.10946
33,2019-04-01,2019,4,74.38202
33,2019-05-01,2019,5,76.90671
33,2019-06-01,2019,6,74.38326
33,2019-07-01,2019,7,78.47208
33,2019-08-01,2019,8,80.12451
33,2019-09-01,2019,9,75.44082
33,2019-10-01,2019,10,79.28228
33,2019-11-01,2019,11,84.75942
33,2019-12-01,2019,12,109.32567
33,2020-01-01,2020,1,79.82753
33,2020-02-01,2020,2,77.75477
33,2020-03-01,2020,3,76.81233
33,2020-04-01,2020,4,64.49387
33,2020-05-01,2020,5,73.55141
33,2020-06-01,2020,6,76.82114
33,2020-07-01,2020,7,85.07031
33,2020-08-01,2020,8,88.31993
33,2020-09-01,2020,9,83.51188
33,2020-10-01,2020,10,89.1324
33,2020-11-01,2020,11,96.78337
33,2020-12-01,2020,12,116.38145
33,2021-01-01,2021,1,84.53655
33,2021-02-01,2021,2,78.17935
33,2021-03-01,2021,3,88.82698
33,2021-04-01,2021,4,86.10178
33,2021-05-01,2021,5,92.78477
33,2021-06-01,2021,6,88.56578
33,2021-07-01,2021,7,94.37203
33,2021-08-01,2021,8,90.97275
33,2021-09-01,2021,9,88.30492
33,2021-10-01,2021,10,91.27397
33,2021-11-01,2021,11,101.37824
33,2021-12-01,2021,12,120.21481
33,2022-01-01,2022,1,91.68781
33,2022-02-01,2022,2,87.94241
33,2022-03-01,2022,3,97.45803
33,2022-04-01,2022,4,99.25234
33,2022-05-01,2022,5,103.58865
33,2022-06-01,2022,6,98.47996
33,2022-07-01,2022,7,99.39844
33,2022-08-01,2022,8,96.39553
33,2022-09-01,2022,9,94.82552
33,2022-10-01,2022,10,99.44252
33,2022-11-01,2022,11,107.71132
33,2022-12-01,2022,12,123.81746
33,2023-01-01,2023,1,96.60622
33,2023-02-01,2023,2,91.87162
33,2023-03-01,2023,3,100.29469
33,2023-04-01,2023,4,97.96438
33,2023-05-01,2023,5,100.24886
33,2023-06-01,2023,6,96.90195
33,2023-07-01,2023,7,100.29575
33,2023-08-01,2023,8,99.53078
33,2023-09-01,2023,9,97.78787
33,2023-10-01,2023,10,97.23324
33,2023-11-01,2023,11,104.80112
33,2023-12-01,2023,12,125.24654
33,2024-01-01,2024,1,100.18011
33,2024-02-01,2024,2,99.50488
33,2024-03-01,2024,3,107.61726
33,2024-04-01,2024,4,100.64651
33,2024-05-01,2024,5,106.43338
33,2024-06-01,2024,6,101.87763
33,2024-07-01,2024,7,105.90944
33,2024-08-01,2024,8,105.778
33,2024-09-01,2024,9,103.33506
33,2024-10-01,2024,10,107.78018
33,2024-11-01,2024,11,111.09323
33,2024-12-01,2024,12,132.41269
33,2025-01-01,2025,1,106.80941
33,2025-02-01,2025,2,102.82122
33,2025-03-01,2025,3,106.46199
33,2025-04-01,2025,4,106.86668
33,2025-05-01,2025,5,111.25271
33,2025-06-01,2025,6,103.3074
33,2025-07-01,2025,7,108.749
33,2025-08-01,2025,8,108.42154
33,2025-09-01,2025,9,104.01275
33,2025-10-01,2025,10,108.55623
33,2025-11-01,2025,11,113.4118
35,2007-12-01,2007,12,36.40538
35,2008-01-01,2008,1,26.36838
35,2008-02-01,2008,2,25.00744
35,2008-03-01,2008,3,28.57993
35,2008-04-01,2008,4,27.17645
35,2008-05-01,2008,5,30.4087
35,2008-06-01,2008,6,28.70752
35,2008-07-01,2008,7,29.34546
35,2008-08-01,2008,8,30.74894
35,2008-09-01,2008,9,29.72823
35,2008-10-01,2008,10,31.25929
35,2008-11-01,2008,11,31.00412
35,2008-12-01,2008,12,40.82847
35,2009-01-01,2009,1,30.23858
35,2009-02-01,2009,2,28.19716
35,2009-03-01,2009,3,31.04665
35,2009-04-01,2009,4,31.76965
35,2009-05-01,2009,5,33.25819
35,2009-06-01,2009,6,31.9823
35,2009-07-01,2009,7,32.74783
35,2009-08-01,2009,8,33.68348
35,2009-09-01,2009,9,32.66277
35,2009-10-01,2009,10,35.34214
35,2009-11-01,2009,11,34.95937
35,2009-12-01,2009,12,45.67685
35,2010-01-01,2010,1,34.53408
35,2010-02-01,2010,2,32.66277
35,2010-03-01,2010,3,37.21345
35,2010-04-01,2010,4,36.32032
35,2010-05-01,2010,5,38.10657
35,2010-06-01,2010,6,36.5755
35,2010-07-01,2010,7,37.17092
35,2010-08-01,2010,8,37.80886
35,2010-09-01,2010,9,37.34104
35,2010-10-01,2010,10,39.97787
35,2010-11-01,2010,11,39.68017
35,2010-12-01,2010,12,52.99195
35,2011-01-01,2011,1,38.82957
35,2011-02-01,2011,2,36.27779
35,2011-03-01,2011,3,40.48823
35,2011-04-01,2011,4,41.29629
35,2011-05-01,2011,5,41.89171
35,2011-06-01,2011,6,40.78594
35,2011-07-01,2011,7,41.89171
35,2011-08-01,2011,8,42.06183
35,2011-09-01,2011,9,41.46641
35,2011-10-01,2011,10,43.46531
35,2011-11-01,2011,11,43.8906
35,2011-12-01,2011,12,58.01045
35,2012-01-01,2012,1,44.01819
35,2012-02-01,2012,2,41.93424
35,2012-03-01,2012,3,46.78262
35,2012-04-01,2012,4,44.69866
35,2012-05-01,2012,5,46.95274
35,2012-06-01,2012,6,45.80444
35,2012-07-01,2012,7,46.78262
35,2012-08-01,2012,8,48.39874
35,2012-09-01,2012,9,47.37803
35,2012-10-01,2012,10,49.54705
35,2012-11-01,2012,11,50.61029
35,2012-12-01,2012,12,66.09108
35,2013-01-01,2013,1,49.16428
35,2013-02-01,2013,2,45.08143
35,2013-03-01,2013,3,53.11954
35,2013-04-01,2013,4,48.44127
35,2013-05-01,2013,5,52.65171
35,2013-06-01,2013,6,50.35511
35,2013-07-01,2013,7,52.82183
35,2013-08-01,2013,8,55.11843
35,2013-09-01,2013,9,52.56665
35,2013-10-01,2013,10,56.01155
35,2013-11-01,2013,11,57.20238
35,2013-12-01,2013,12,72.76824
35,2014-01-01,2014,1,55.45867
35,2014-02-01,2014,2,51.631
35,2014-03-01,2014,3,56.2242
35,2014-04-01,2014,4,55.58626
35,2014-05-01,2014,5,58.05298
35,2014-06-01,2014,6,53.84254
35,2014-07-01,2014,7,55.54373
35,2014-08-01,2014,8,57.3725
35,2014-09-01,2014,9,54.82072
35,2014-10-01,2014,10,58.98863
35,2014-11-01,2014,11,61.15764
35,2014-12-01,2014,12,76.51085
35,2015-01-01,2015,1,59.24381
35,2015-02-01,2015,2,53.62989
35,2015-03-01,2015,3,58.90357
35,2015-04-01,2015,4,56.98973
35,2015-05-01,2015,5,59.58404
35,2015-06-01,2015,6,55.96902
35,2015-07-01,2015,7,57.32997
35,2015-08-01,2015,8,57.96792
35,2015-09-01,2015,9,56.6495
35,2015-10-01,2015,10,62.05076
35,2015-11-01,2015,11,62.73124
35,2015-12-01,2015,12,79.3178
35,2016-01-01,2016,1,59.62657
35,2016-02-01,2016,2,57.88286
35,2016-03-01,2016,3,63.19906
35,2016-04-01,2016,4,60.98752
35,2016-05-01,2016,5,62.22088
35,2016-06-01,2016,6,61.45535
35,2016-07-01,2016,7,63.15653
35,2016-08-01,2016,8,63.9646
35,2016-09-01,2016,9,60.60476
35,2016-10-01,2016,10,64.38989
35,2016-11-01,2016,11,65.87843
35,2016-12-01,2016,12,81.3167
35,2017-01-01,2017,1,62.91747
35,2017-02-01,2017,2,58.3441
35,2017-03-01,2017,3,58.87809
35,2017-04-01,2017,4,63.3921
35,2017-05-01,2017,5,64.16552
35,2017-06-01,2017,6,63.15141
35,2017-07-01,2017,7,64.29079
35,2017-08-01,2017,8,63.369
35,2017-09-01,2017,9,63.35725
35,2017-10-01,2017,10,64.69787
35,2017-11-01,2017,11,68.25464
35,2017-12-01,2017,12,85.66336
35,2018-01-01,2018,1,64.3829
35,2018-02-01,2018,2,57.91426
35,2018-03-01,2018,3,65.0599
35,2018-04-01,2018,4,63.39574
35,2018-05-01,2018,5,66.42546
35,2018-06-01,2018,6,65.68781
35,2018-07-01,2018,7,66.50311
35,2018-08-01,2018,8,69.23927
35,2018-09-01,2018,9,66.62585
35,2018-10-01,2018,10,67.93185
35,2018-11-01,2018,11,74.48961
35,2018-12-01,2018,12,89.56441
35,2019-01-01,2019,1,68.18911
35,2019-02-01,2019,2,63.09218
35,2019-03-01,2019,3,65.33709
35,2019-04-01,2019,4,68.02001
35,2019-05-01,2019,5,70.42959
35,2019-06-01,2019,6,68.72579
35,2019-07-01,2019,7,69.7379
35,2019-08-01,2019,8,72.79643
35,2019-09-01,2019,9,68.79914
35,2019-10-01,2019,10,72.55211
35,2019-11-01,2019,11,78.93731
35,2019-12-01,2019,12,95.60921
35,2020-01-01,2020,1,72.11099
35,2020-02-01,2020,2,68.74883
35,2020-03-01,2020,3,72.21134
35,2020-04-01,2020,4,59.89911
35,2020-05-01,2020,5,66.97661
35,2020-06-01,2020,6,70.72807
35,2020-07-01,2020,7,76.84595
35,2020-08-01,2020,8,78.79739
35,2020-09-01,2020,9,77.86122
35,2020-10-01,2020,10,84.58378
35,2020-11-01,2020,11,88.60629
35,2020-12-01,2020,12,105.55992
35,2021-01-01,2021,1,80.07598
35,2021-02-01,2021,2,75.42415
35,2021-03-01,2021,3,81.06148
35,2021-04-01,2021,4,80.74266
35,2021-05-01,2021,5,88.10283
35,2021-06-01,2021,6,85.36998
35,2021-07-01,2021,7,91.5461
35,2021-08-01,2021,8,88.05687
35,2021-09-01,2021,9,84.23252
35,2021-10-01,2021,10,89.71376
35,2021-11-01,2021,11,96.17467
35,2021-12-01,2021,12,114.4871
35,2022-01-01,2022,1,88.40897
35,2022-02-01,2022,2,84.65125
35,2022-03-01,2022,3,94.62019
35,2022-04-01,2022,4,98.27902
35,2022-05-01,2022,5,102.03843
35,2022-06-01,2022,6,99.27605
35,2022-07-01,2022,7,101.1711
35,2022-08-01,2022,8,99.89147
35,2022-09-01,2022,9,96.14243
35,2022-10-01,2022,10,101.16527
35,2022-11-01,2022,11,106.42685
35,2022-12-01,2022,12,127.92897
35,2023-01-01,2023,1,98.63082
35,2023-02-01,2023,2,91.94993
35,2023-03-01,2023,3,103.33638
35,2023-04-01,2023,4,102.50578
35,2023-05-01,2023,5,103.43921
35,2023-06-01,2023,6,101.94553
35,2023-07-01,2023,7,103.70824
35,2023-08-01,2023,8,102.76799
35,2023-09-01,2023,9,101.75435
35,2023-10-01,2023,10,102.96079
35,2023-11-01,2023,11,113.24919
35,2023-12-01,2023,12,132.65453
35,2024-01-01,2024,1,103.43101
35,2024-02-01,2024,2,100.96604
35,2024-03-01,2024,3,111.76043
35,2024-04-01,2024,4,104.15838
35,2024-05-01,2024,5,114.81239
35,2024-06-01,2024,6,109.68344
35,2024-07-01,2024,7,112.57307
35,2024-08-01,2024,8,113.00567
35,2024-09-01,2024,9,108.28353
35,2024-10-01,2024,10,113.89404
35,2024-11-01,2024,11,124.98786
35,2024-12-01,2024,12,142.09109
35,2025-01-01,2025,1,112.5424
35,2025-02-01,2025,2,106.66704
35,2025-03-01,2025,3,118.90037
35,2025-04-01,2025,4,118.53521
35,2025-05-01,2025,5,123.50815
35,2025-06-01,2025,6,115.701
35,2025-07-01,2025,7,119.59747
35,2025-08-01,2025,8,118.78473
35,2025-09-01,2025,9,112.32798
35,2025-10-01,2025,10,118.45549
35,2025-11-01,2025,11,129.01928
41,2007-12-01,2007,12,36.27169
41,2008-01-01,2008,1,27.37092
41,2008-02-01,2008,2,24.73829
41,2008-03-01,2008,3,29.126
41,2008-04-01,2008,4,27.78879
41,2008-05-01,2008,5,29.96175
41,2008-06-01,2008,6,28.08131
41,2008-07-01,2008,7,30.00354
41,2008-08-01,2008,8,30.63035
41,2008-09-01,2008,9,29.75281
41,2008-10-01,2008,10,30.54678
41,2008-11-01,2008,11,29.7946
41,2008-12-01,2008,12,39.949
41,2009-01-01,2009,1,30.25426
41,2009-02-01,2009,2,26.86946
41,2009-03-01,2009,3,29.96175
41,2009-04-01,2009,4,31.46611
41,2009-05-01,2009,5,32.38543
41,2009-06-01,2009,6,30.58857
41,2009-07-01,2009,7,31.88398
41,2009-08-01,2009,8,33.13761
41,2009-09-01,2009,9,31.13181
41,2009-10-01,2009,10,33.59728
41,2009-11-01,2009,11,32.63616
41,2009-12-01,2009,12,44.33671
41,2010-01-01,2010,1,34.22409
41,2010-02-01,2010,2,31.21538
41,2010-03-01,2010,3,36.14632
41,2010-04-01,2010,4,34.76733
41,2010-05-01,2010,5,36.43884
41,2010-06-01,2010,6,34.60018
41,2010-07-01,2010,7,36.10454
41,2010-08-01,2010,8,36.94029
41,2010-09-01,2010,9,35.81202
41,2010-10-01,2010,10,37.60889
41,2010-11-01,2010,11,37.14923
41,2010-12-01,2010,12,50.18698
41,2011-01-01,2011,1,38.36107
41,2011-02-01,2011,2,35.35236
41,2011-03-01,2011,3,38.73716
41,2011-04-01,2011,4,40.9519
41,2011-05-01,2011,5,40.53403
41,2011-06-01,2011,6,39.57291
41,2011-07-01,2011,7,41.57872
41,2011-08-01,2011,8,41.87123
41,2011-09-01,2011,9,41.11906
41,2011-10-01,2011,10,42.12196
41,2011-11-01,2011,11,42.6652
41,2011-12-01,2011,12,58.5863
41,2012-01-01,2012,1,46.00821
41,2012-02-01,2012,2,42.20553
41,2012-03-01,2012,3,46.46788
41,2012-04-01,2012,4,44.62922
41,2012-05-01,2012,5,45.92464
41,2012-06-01,2012,6,45.00531
41,2012-07-01,2012,7,45.84106
41,2012-08-01,2012,8,47.30363
41,2012-09-01,2012,9,45.29782
41,2012-10-01,2012,10,47.26184
41,2012-11-01,2012,11,49.1005
41,2012-12-01,2012,12,63.72618
41,2013-01-01,2013,1,52.73602
41,2013-02-01,2013,2,45.84106
41,2013-03-01,2013,3,53.65535
41,2013-04-01,2013,4,49.35122
41,2013-05-01,2013,5,52.23457
41,2013-06-01,2013,6,50.93915
41,2013-07-01,2013,7,53.65535
41,2013-08-01,2013,8,55.28507
41,2013-09-01,2013,9,51.73312
41,2013-10-01,2013,10,54.95077
41,2013-11-01,2013,11,57.33267
41,2013-12-01,2013,12,73.96415
41,2014-01-01,2014,1,59.29669
41,2014-02-01,2014,2,51.60776
41,2014-03-01,2014,3,56.12082
41,2014-04-01,2014,4,56.91479
41,2014-05-01,2014,5,59.00417
41,2014-06-01,2014,6,54.07323
41,2014-07-01,2014,7,57.08194
41,2014-08-01,2014,8,58.21021
41,2014-09-01,2014,9,55.74474
41,2014-10-01,2014,10,60.21602
41,2014-11-01,2014,11,60.80104
41,2014-12-01,2014,12,78.64437
41,2015-01-01,2015,1,64.10227
41,2015-02-01,2015,2,55.5358
41,2015-03-01,2015,3,60.5921
41,2015-04-01,2015,4,59.21311
41,2015-05-01,2015,5,61.42786
41,2015-06-01,2015,6,58.21021
41,2015-07-01,2015,7,59.88171
41,2015-08-01,2015,8,60.29959
41,2015-09-01,2015,9,58.66987
41,2015-10-01,2015,10,63.68439
41,2015-11-01,2015,11,61.55322
41,2015-12-01,2015,12,81.40236
41,2016-01-01,2016,1,64.22763
41,2016-02-01,2016,2,60.13244
41,2016-03-01,2016,3,64.89623
41,2016-04-01,2016,4,63.39188
41,2016-05-01,2016,5,64.01869
41,2016-06-01,2016,6,62.93221
41,2016-07-01,2016,7,65.10517
41,2016-08-01,2016,8,64.22763
41,2016-09-01,2016,9,63.01579
41,2016-10-01,2016,10,65.27232
41,2016-11-01,2016,11,66.3588
41,2016-12-01,2016,12,85.79006
41,2017-01-01,2017,1,65.81364
41,2017-02-01,2017,2,60.89021
41,2017-03-01,2017,3,67.35193
41,2017-04-01,2017,4,66.11279
41,2017-05-01,2017,5,65.23216
41,2017-06-01,2017,6,64.45281
41,2017-07-01,2017,7,66.30995
41,2017-08-01,2017,8,67.80896
41,2017-09-01,2017,9,67.71898
41,2017-10-01,2017,10,66.02224
41,2017-11-01,2017,11,70.42562
41,2017-12-01,2017,12,86.60293
41,2018-01-01,2018,1,67.78615
41,2018-02-01,2018,2,63.35624
41,2018-03-01,2018,3,74.06429
41,2018-04-01,2018,4,66.66304
41,2018-05-01,2018,5,67.95084
41,2018-06-01,2018,6,69.61527
41,2018-07-01,2018,7,68.61013
41,2018-08-01,2018,8,72.63485
41,2018-09-01,2018,9,70.25528
41,2018-10-01,2018,10,72.53441
41,2018-11-01,2018,11,76.1615
41,2018-12-01,2018,12,92.31916
41,2019-01-01,2019,1,69.81599
41,2019-02-01,2019,2,64.90718
41,2019-03-01,2019,3,70.43448
41,2019-04-01,2019,4,69.61756
41,2019-05-01,2019,5,70.13763
41,2019-06-01,2019,6,69.35605
41,2019-07-01,2019,7,70.82965
41,2019-08-01,2019,8,73.27761
41,2019-09-01,2019,9,70.31988
41,2019-10-01,2019,10,74.77142
41,2019-11-01,2019,11,79.27854
41,2019-12-01,2019,12,93.50443
41,2020-01-01,2020,1,74.09429
41,2020-02-01,2020,2,71.44999
41,2020-03-01,2020,3,73.19941
41,2020-04-01,2020,4,61.15506
41,2020-05-01,2020,5,71.11223
41,2020-06-01,2020,6,70.45614
41,2020-07-01,2020,7,73.28802
41,2020-08-01,2020,8,76.27457
41,2020-09-01,2020,9,77.08648
41,2020-10-01,2020,10,84.84137
41,2020-11-01,2020,11,84.49691
41,2020-12-01,2020,12,101.11145
41,2021-01-01,2021,1,78.75275
41,2021-02-01,2021,2,75.21959
41,2021-03-01,2021,3,80.67478
41,2021-04-01,2021,4,79.99107
41,2021-05-01,2021,5,85.56412
41,2021-06-01,2021,6,81.86733
41,2021-07-01,2021,7,95.16265
41,2021-08-01,2021,8,86.06214
41,2021-09-01,2021,9,85.25673
41,2021-10-01,2021,10,89.99019
41,2021-11-01,2021,11,94.65113
41,2021-12-01,2021,12,112.74384
41,2022-01-01,2022,1,89.00611
41,2022-02-01,2022,2,86.92791
41,2022-03-01,2022,3,97.40249
41,2022-04-01,2022,4,99.65623
41,2022-05-01,2022,5,100.63462
41,2022-06-01,2022,6,98.54192
41,2022-07-01,2022,7,102.27114
41,2022-08-01,2022,8,100.28196
41,2022-09-01,2022,9,95.74483
41,2022-10-01,2022,10,101.41265
41,2022-11-01,2022,11,104.08353
41,2022-12-01,2022,12,124.03661
41,2023-01-01,2023,1,94.57959
41,2023-02-01,2023,2,90.04603
41,2023-03-01,2023,3,103.09561
41,2023-04-01,2023,4,100.5272
41,2023-05-01,2023,5,100.93481
41,2023-06-01,2023,6,99.0149
41,2023-07-01,2023,7,101.4602
41,2023-08-01,2023,8,104.20386
41,2023-09-01,2023,9,102.8326
41,2023-10-01,2023,10,102.36022
41,2023-11-01,2023,11,110.59624
41,2023-12-01,2023,12,126.65998
41,2024-01-01,2024,1,100.7057
41,2024-02-01,2024,2,98.0844
41,2024-03-01,2024,3,109.92809
41,2024-04-01,2024,4,103.25563
41,2024-05-01,2024,5,110.45579
41,2024-06-01,2024,6,105.79336
41,2024-07-01,2024,7,109.20165
41,2024-08-01,2024,8,110.86854
41,2024-09-01,2024,9,107.66336
41,2024-10-01,2024,10,113.16544
41,2024-11-01,2024,11,120.40439
41,2024-12-01,2024,12,133.01967
41,2025-01-01,2025,1,109.5578
41,2025-02-01,2025,2,105.53307
41,2025-03-01,2025,3,115.18152
41,2025-04-01,2025,4,116.97939
41,2025-05-01,2025,5,119.5703
41,2025-06-01,2025,6,113.62718
41,2025-07-01,2025,7,118.67404
41,2025-08-01,2025,8,120.08559
41,2025-09-01,2025,9,115.19797
41,2025-10-01,2025,10,120.11589
41,2025-11-01,2025,11,128.68557
42,2007-12-01,2007,12,29.89901
42,2008-01-01,2008,1,23.14124
42,2008-02-01,2008,2,21.42707
42,2008-03-01,2008,3,22.94345
42,2008-04-01,2008,4,21.88858
42,2008-05-01,2008,5,23.56978
42,2008-06-01,2008,6,21.95451
42,2008-07-01,2008,7,23.37199
42,2008-08-01,2008,8,23.89943
42,2008-09-01,2008,9,23.10828
42,2008-10-01,2008,10,23.96536
42,2008-11-01,2008,11,23.63571
42,2008-12-01,2008,12,32.60212
42,2009-01-01,2009,1,25.87731
42,2009-02-01,2009,2,23.47089
42,2009-03-01,2009,3,24.45983
42,2009-04-01,2009,4,25.08616
42,2009-05-01,2009,5,25.5147
42,2009-06-01,2009,6,24.06425
42,2009-07-01,2009,7,25.11912
42,2009-08-01,2009,8,25.44877
42,2009-09-01,2009,9,24.88837
42,2009-10-01,2009,10,26.7344
42,2009-11-01,2009,11,26.60254
42,2009-12-01,2009,12,36.12934
42,2010-01-01,2010,1,28.05298
42,2010-02-01,2010,2,26.80033
42,2010-03-01,2010,3,28.64635
42,2010-04-01,2010,4,27.49258
42,2010-05-01,2010,5,28.28374
42,2010-06-01,2010,6,27.16294
42,2010-07-01,2010,7,28.02002
42,2010-08-01,2010,8,28.34967
42,2010-09-01,2010,9,28.25077
42,2010-10-01,2010,10,30.12976
42,2010-11-01,2010,11,30.03087
42,2010-12-01,2010,12,39.92029
42,2011-01-01,2011,1,31.74503
42,2011-02-01,2011,2,28.81117
42,2011-03-01,2011,3,32.10765
42,2011-04-01,2011,4,31.81096
42,2011-05-01,2011,5,30.98685
42,2011-06-01,2011,6,30.62423
42,2011-07-01,2011,7,32.60212
42,2011-08-01,2011,8,32.66805
42,2011-09-01,2011,9,32.00875
42,2011-10-01,2011,10,33.06362
42,2011-11-01,2011,11,33.75588
42,2011-12-01,2011,12,45.4254
42,2012-01-01,2012,1,36.29417
42,2012-02-01,2012,2,34.41518
42,2012-03-01,2012,3,35.53598
42,2012-04-01,2012,4,34.08553
42,2012-05-01,2012,5,33.78885
42,2012-06-01,2012,6,34.25035
42,2012-07-01,2012,7,34.05257
42,2012-08-01,2012,8,35.7997
42,2012-09-01,2012,9,35.40412
42,2012-10-01,2012,10,36.8216
42,2012-11-01,2012,11,38.83245
42,2012-12-01,2012,12,51.95241
42,2013-01-01,2013,1,40.2829
42,2013-02-01,2013,2,36.52492
42,2013-03-01,2013,3,40.24993
42,2013-04-01,2013,4,36.19527
42,2013-05-01,2013,5,38.33798
42,2013-06-01,2013,6,37.08532
42,2013-07-01,2013,7,39.6236
42,2013-08-01,2013,8,40.51365
42,2013-09-01,2013,9,38.40391
42,2013-10-01,2013,10,41.10702
42,2013-11-01,2013,11,42.88711
42,2013-12-01,2013,12,56.50155
42,2014-01-01,2014,1,44.96389
42,2014-02-01,2014,2,40.18401
42,2014-03-01,2014,3,41.00812
42,2014-04-01,2014,4,40.97516
42,2014-05-01,2014,5,42.35968
42,2014-06-01,2014,6,38.00833
42,2014-07-01,2014,7,39.52471
42,2014-08-01,2014,8,40.67848
42,2014-09-01,2014,9,38.83245
42,2014-10-01,2014,10,44.93093
42,2014-11-01,2014,11,45.72208
42,2014-12-01,2014,12,60.25953
42,2015-01-01,2015,1,48.12851
42,2015-02-01,2015,2,42.26078
42,2015-03-01,2015,3,44.73314
42,2015-04-01,2015,4,43.87606
42,2015-05-01,2015,5,44.04088
42,2015-06-01,2015,6,42.72229
42,2015-07-01,2015,7,42.22782
42,2015-08-01,2015,8,41.9641
42,2015-09-01,2015,9,40.8433
42,2015-10-01,2015,10,45.91987
42,2015-11-01,2015,11,45.29354
42,2015-12-01,2015,12,60.88586
42,2016-01-01,2016,1,48.2274
42,2016-02-01,2016,2,44.66721
42,2016-03-01,2016,3,46.74399
42,2016-04-01,2016,4,44.33756
42,2016-05-01,2016,5,45.39243
42,2016-06-01,2016,6,44.56831
42,2016-07-01,2016,7,45.95283
42,2016-08-01,2016,8,45.09575
42,2016-09-01,2016,9,45.3265
42,2016-10-01,2016,10,47.40328
42,2016-11-01,2016,11,50.5679
42,2016-12-01,2016,12,64.90755
42,2017-01-01,2017,1,53.12059
42,2017-02-01,2017,2,50.78239
42,2017-03-01,2017,3,55.09021
42,2017-04-01,2017,4,53.14682
42,2017-05-01,2017,5,50.44843
42,2017-06-01,2017,6,49.41815
42,2017-07-01,2017,7,50.98949
42,2017-08-01,2017,8,51.35451
42,2017-09-01,2017,9,50.81999
42,2017-10-01,2017,10,52.96622
42,2017-11-01,2017,11,57.67508
42,2017-12-01,2017,12,70.80975
42,2018-01-01,2018,1,61.55002
42,2018-02-01,2018,2,55.89421
42,2018-03-01,2018,3,63.07866
42,2018-04-01,2018,4,56.68171
42,2018-05-01,2018,5,55.11582
42,2018-06-01,2018,6,56.24992
42,2018-07-01,2018,7,55.53767
42,2018-08-01,2018,8,56.64266
42,2018-09-01,2018,9,56.58362
42,2018-10-01,2018,10,61.09248
42,2018-11-01,2018,11,65.86599
42,2018-12-01,2018,12,78.04118
42,2019-01-01,2019,1,68.39785
42,2019-02-01,2019,2,61.56683
42,2019-03-01,2019,3,66.77734
42,2019-04-01,2019,4,64.06547
42,2019-05-01,2019,5,64.42976
42,2019-06-01,2019,6,60.14649
42,2019-07-01,2019,7,62.73325
42,2019-08-01,2019,8,64.59197
42,2019-09-01,2019,9,62.72929
42,2019-10-01,2019,10,68.74632
42,2019-11-01,2019,11,73.44385
42,2019-12-01,2019,12,87.63643
42,2020-01-01,2020,1,71.725
42,2020-02-01,2020,2,68.27985
42,2020-03-01,2020,3,65.76325
42,2020-04-01,2020,4,59.5583
42,2020-05-01,2020,5,67.98004
42,2020-06-01,2020,6,68.16647
42,2020-07-01,2020,7,72.40357
42,2020-08-01,2020,8,73.82361
42,2020-09-01,2020,9,73.09209
42,2020-10-01,2020,10,81.54972
42,2020-11-01,2020,11,84.50903
42,2020-12-01,2020,12,100.51379
42,2021-01-01,2021,1,78.88775
42,2021-02-01,2021,2,73.00731
42,2021-03-01,2021,3,78.56825
42,2021-04-01,2021,4,77.89506
42,2021-05-01,2021,5,81.53655
42,2021-06-01,2021,6,79.82627
42,2021-07-01,2021,7,94.56694
42,2021-08-01,2021,8,85.215
42,2021-09-01,2021,9,83.48783
42,2021-10-01,2021,10,90.359
42,2021-11-01,2021,11,94.30846
42,2021-12-01,2021,12,115.46124
42,2022-01-01,2022,1,91.65645
42,2022-02-01,2022,2,86.30859
42,2022-03-01,2022,3,96.49402
42,2022-04-01,2022,4,97.40164
42,2022-05-01,2022,5,97.82257
42,2022-06-01,2022,6,97.63175
42,2022-07-01,2022,7,101.04086
42,2022-08-01,2022,8,99.66283
42,2022-09-01,2022,9,96.14988
42,2022-10-01,2022,10,101.11228
42,2022-11-01,2022,11,106.31355
42,2022-12-01,2022,12,128.4056
42,2023-01-01,2023,1,105.42747
42,2023-02-01,2023,2,94.08787
42,2023-03-01,2023,3,102.1982
42,2023-04-01,2023,4,100.04297
42,2023-05-01,2023,5,97.91614
42,2023-06-01,2023,6,96.14911
42,2023-07-01,2023,7,100.91382
42,2023-08-01,2023,8,103.74097
42,2023-09-01,2023,9,104.37188
42,2023-10-01,2023,10,104.23405
42,2023-11-01,2023,11,112.9406
42,2023-12-01,2023,12,136.84497
42,2024-01-01,2024,1,109.00391
42,2024-02-01,2024,2,102.05497
42,2024-03-01,2024,3,109.96815
42,2024-04-01,2024,4,100.38703
42,2024-05-01,2024,5,108.38391
42,2024-06-01,2024,6,104.63886
42,2024-07-01,2024,7,109.14035
42,2024-08-01,2024,8,113.2033
42,2024-09-01,2024,9,108.67077
42,2024-10-01,2024,10,116.3749
42,2024-11-01,2024,11,125.67186
42,2024-12-01,2024,12,144.58384
42,2025-01-01,2025,1,123.39308
42,2025-02-01,2025,2,115.05401
42,2025-03-01,2025,3,122.9986
42,2025-04-01,2025,4,120.80353
42,2025-05-01,2025,5,118.51857
42,2025-06-01,2025,6,114.83259
42,2025-07-01,2025,7,121.59373
42,2025-08-01,2025,8,124.21562
42,2025-09-01,2025,9,120.20488
42,2025-10-01,2025,10,127.11211
42,2025-11-01,2025,11,136.40216
43,2007-12-01,2007,12,36.36478
43,2008-01-01,2008,1,25.63544
43,2008-02-01,2008,2,24.3326
43,2008-03-01,2008,3,27.58972
43,2008-04-01,2008,4,27.58972
43,2008-05-01,2008,5,30.08045
43,2008-06-01,2008,6,28.20282
43,2008-07-01,2008,7,28.39442
43,2008-08-01,2008,8,29.12248
43,2008-09-01,2008,9,27.74299
43,2008-10-01,2008,10,29.27575
43,2008-11-01,2008,11,29.35239
43,2008-12-01,2008,12,38.28073
43,2009-01-01,2009,1,27.39812
43,2009-02-01,2009,2,25.25225
43,2009-03-01,2009,3,28.70097
43,2009-04-01,2009,4,29.9655
43,2009-05-01,2009,5,31.15339
43,2009-06-01,2009,6,29.9655
43,2009-07-01,2009,7,30.38701
43,2009-08-01,2009,8,29.9655
43,2009-09-01,2009,9,28.73929
43,2009-10-01,2009,10,31.95809
43,2009-11-01,2009,11,30.31037
43,2009-12-01,2009,12,42.80238
43,2010-01-01,2010,1,29.88886
43,2010-02-01,2010,2,28.54769
43,2010-03-01,2010,3,33.33757
43,2010-04-01,2010,4,32.64783
43,2010-05-01,2010,5,34.44883
43,2010-06-01,2010,6,32.83943
43,2010-07-01,2010,7,34.6021
43,2010-08-01,2010,8,34.18059
43,2010-09-01,2010,9,33.29926
43,2010-10-01,2010,10,35.86663
43,2010-11-01,2010,11,35.21521
43,2010-12-01,2010,12,49.2783
43,2011-01-01,2011,1,33.83572
43,2011-02-01,2011,2,32.07305
43,2011-03-01,2011,3,35.21521
43,2011-04-01,2011,4,37.8209
43,2011-05-01,2011,5,37.93586
43,2011-06-01,2011,6,37.32276
43,2011-07-01,2011,7,38.05082
43,2011-08-01,2011,8,37.8209
43,2011-09-01,2011,9,36.63301
43,2011-10-01,2011,10,38.77888
43,2011-11-01,2011,11,39.23871
43,2011-12-01,2011,12,55.10279
43,2012-01-01,2012,1,38.70224
43,2012-02-01,2012,2,37.16948
43,2012-03-01,2012,3,42.34255
43,2012-04-01,2012,4,40.65651
43,2012-05-01,2012,5,41.99768
43,2012-06-01,2012,6,42.11264
43,2012-07-01,2012,7,40.80979
43,2012-08-01,2012,8,43.18557
43,2012-09-01,2012,9,42.8407
43,2012-10-01,2012,10,45.75295
43,2012-11-01,2012,11,45.21648
43,2012-12-01,2012,12,58.85806
43,2013-01-01,2013,1,43.07061
43,2013-02-01,2013,2,40.4266
43,2013-03-01,2013,3,48.58856
43,2013-04-01,2013,4,44.94825
43,2013-05-01,2013,5,47.32403
43,2013-06-01,2013,6,45.36976
43,2013-07-01,2013,7,47.01748
43,2013-08-01,2013,8,48.12873
43,2013-09-01,2013,9,46.55765
43,2013-10-01,2013,10,49.8914
43,2013-11-01,2013,11,50.8877
43,2013-12-01,2013,12,65.98541
43,2014-01-01,2014,1,49.04838
43,2014-02-01,2014,2,46.28941
43,2014-03-01,2014,3,50.31291
43,2014-04-01,2014,4,51.11761
43,2014-05-01,2014,5,53.76163
43,2014-06-01,2014,6,49.0867
43,2014-07-01,2014,7,51.27089
43,2014-08-01,2014,8,52.26719
43,2014-09-01,2014,9,50.00636
43,2014-10-01,2014,10,53.87659
43,2014-11-01,2014,11,54.7196
43,2014-12-01,2014,12,68.85933
43,2015-01-01,2015,1,51.34753
43,2015-02-01,2015,2,46.36605
43,2015-03-01,2015,3,52.84197
43,2015-04-01,2015,4,52.53542
43,2015-05-01,2015,5,54.22146
43,2015-06-01,2015,6,50.96434
43,2015-07-01,2015,7,52.22887
43,2015-08-01,2015,8,52.38214
43,2015-09-01,2015,9,50.31291
43,2015-10-01,2015,10,55.67758
43,2015-11-01,2015,11,54.18314
43,2015-12-01,2015,12,71.04352
43,2016-01-01,2016,1,53.34012
43,2016-02-01,2016,2,51.76904
43,2016-03-01,2016,3,57.40194
43,2016-04-01,2016,4,55.60094
43,2016-05-01,2016,5,56.63556
43,2016-06-01,2016,6,55.94581
43,2016-07-01,2016,7,57.1337
43,2016-08-01,2016,8,56.17573
43,2016-09-01,2016,9,54.41305
43,2016-10-01,2016,10,58.01504
43,2016-11-01,2016,11,57.09539
43,2016-12-01,2016,12,72.19309
43,2017-01-01,2017,1,58.30295
43,2017-02-01,2017,2,52.56609
43,2017-03-01,2017,3,60.68053
43,2017-04-01,2017,4,59.82098
43,2017-05-01,2017,5,60.39027
43,2017-06-01,2017,6,59.76611
43,2017-07-01,2017,7,58.4944
43,2017-08-01,2017,8,60.93726
43,2017-09-01,2017,9,60.71038
43,2017-10-01,2017,10,63.03182
43,2017-11-01,2017,11,65.6205
43,2017-12-01,2017,12,82.92489
43,2018-01-01,2018,1,62.70954
43,2018-02-01,2018,2,58.30565
43,2018-03-01,2018,3,68.90544
43,2018-04-01,2018,4,62.23245
43,2018-05-01,2018,5,65.70027
43,2018-06-01,2018,6,66.30848
43,2018-07-01,2018,7,62.83685
43,2018-08-01,2018,8,68.47441
43,2018-09-01,2018,9,66.28462
43,2018-10-01,2018,10,70.65322
43,2018-11-01,2018,11,72.9617
43,2018-12-01,2018,12,88.65348
43,2019-01-01,2019,1,68.07809
43,2019-02-01,2019,2,63.27056
43,2019-03-01,2019,3,70.46965
43,2019-04-01,2019,4,70.08208
43,2019-05-01,2019,5,71.08271
43,2019-06-01,2019,6,68.08206
43,2019-07-01,2019,7,69.91407
43,2019-08-01,2019,8,67.18113
43,2019-09-01,2019,9,63.9432
43,2019-10-01,2019,10,68.51232
43,2019-11-01,2019,11,73.55467
43,2019-12-01,2019,12,94.52678
43,2020-01-01,2020,1,71.74131
43,2020-02-01,2020,2,68.71047
43,2020-03-01,2020,3,68.75719
43,2020-04-01,2020,4,59.49936
43,2020-05-01,2020,5,68.6653
43,2020-06-01,2020,6,68.03632
43,2020-07-01,2020,7,70.76812
43,2020-08-01,2020,8,70.1878
43,2020-09-01,2020,9,70.13734
43,2020-10-01,2020,10,77.56474
43,2020-11-01,2020,11,76.94421
43,2020-12-01,2020,12,94.64903
43,2021-01-01,2021,1,71.12784
43,2021-02-01,2021,2,66.28311
43,2021-03-01,2021,3,75.70609
43,2021-04-01,2021,4,81.95858
43,2021-05-01,2021,5,89.93513
43,2021-06-01,2021,6,84.28724
43,2021-07-01,2021,7,89.74711
43,2021-08-01,2021,8,79.67887
43,2021-09-01,2021,9,79.73801
43,2021-10-01,2021,10,89.35292
43,2021-11-01,2021,11,90.14563
43,2021-12-01,2021,12,109.68282
43,2022-01-01,2022,1,83.01858
43,2022-02-01,2022,2,79.21292
43,2022-03-01,2022,3,98.70934
43,2022-04-01,2022,4,104.24723
43,2022-05-01,2022,5,107.46485
43,2022-06-01,2022,6,103.87089
43,2022-07-01,2022,7,103.09394
43,2022-08-01,2022,8,98.35864
43,2022-09-01,2022,9,94.87683
43,2022-10-01,2022,10,101.8074
43,2022-11-01,2022,11,102.73909
43,2022-12-01,2022,12,122.60028
43,2023-01-01,2023,1,96.39457
43,2023-02-01,2023,2,90.31236
43,2023-03-01,2023,3,103.16078
43,2023-04-01,2023,4,102.2157
43,2023-05-01,2023,5,102.20208
43,2023-06-01,2023,6,99.80965
43,2023-07-01,2023,7,103.0038
43,2023-08-01,2023,8,103.88607
43,2023-09-01,2023,9,100.56256
43,2023-10-01,2023,10,105.20981
43,2023-11-01,2023,11,109.75327
43,2023-12-01,2023,12,129.53935
43,2024-01-01,2024,1,102.09209
43,2024-02-01,2024,2,99.07326
43,2024-03-01,2024,3,112.88292
43,2024-04-01,2024,4,105.22173
43,2024-05-01,2024,5,115.09512
43,2024-06-01,2024,6,114.67023
43,2024-07-01,2024,7,116.28026
43,2024-08-01,2024,8,115.59505
43,2024-09-01,2024,9,109.06604
43,2024-10-01,2024,10,120.65509
43,2024-11-01,2024,11,125.76396
43,2024-12-01,2024,12,140.54326
43,2025-01-01,2025,1,114.82443
43,2025-02-01,2025,2,109.84412
43,2025-03-01,2025,3,117.69871
43,2025-04-01,2025,4,122.07514
43,2025-05-01,2025,5,123.5475
43,2025-06-01,2025,6,116.25854
43,2025-07-01,2025,7,120.21622
43,2025-08-01,2025,8,120.23085
43,2025-09-01,2025,9,116.2716
43,2025-10-01,2025,10,125.20679
43,2025-11-01,2025,11,129.77327
50,2007-12-01,2007,12,30.28421
50,2008-01-01,2008,1,22.64433
50,2008-02-01,2008,2,21.54309
50,2008-03-01,2008,3,23.2982
50,2008-04-01,2008,4,23.33261
50,2008-05-01,2008,5,25.08772
50,2008-06-01,2008,6,23.22937
50,2008-07-01,2008,7,25.50068
50,2008-08-01,2008,8,25.87924
50,2008-09-01,2008,9,25.43186
50,2008-10-01,2008,10,27.11814
50,2008-11-01,2008,11,24.88124
50,2008-12-01,2008,12,33.7256
50,2009-01-01,2009,1,26.49869
50,2009-02-01,2009,2,22.33461
50,2009-03-01,2009,3,24.88124
50,2009-04-01,2009,4,25.22537
50,2009-05-01,2009,5,27.11814
50,2009-06-01,2009,6,25.15655
50,2009-07-01,2009,7,26.5331
50,2009-08-01,2009,8,26.67076
50,2009-09-01,2009,9,26.25779
50,2009-10-01,2009,10,28.46028
50,2009-11-01,2009,11,27.59993
50,2009-12-01,2009,12,36.78844
50,2010-01-01,2010,1,28.15055
50,2010-02-01,2010,2,26.49869
50,2010-03-01,2010,3,29.66476
50,2010-04-01,2010,4,29.14856
50,2010-05-01,2010,5,31.41987
50,2010-06-01,2010,6,29.28621
50,2010-07-01,2010,7,30.4907
50,2010-08-01,2010,8,29.87125
50,2010-09-01,2010,9,30.45628
50,2010-10-01,2010,10,31.93608
50,2010-11-01,2010,11,30.80042
50,2010-12-01,2010,12,42.56997
50,2011-01-01,2011,1,30.52511
50,2011-02-01,2011,2,29.35504
50,2011-03-01,2011,3,32.10815
50,2011-04-01,2011,4,32.65877
50,2011-05-01,2011,5,36.27223
50,2011-06-01,2011,6,32.65877
50,2011-07-01,2011,7,34.24181
50,2011-08-01,2011,8,33.79443
50,2011-09-01,2011,9,33.14057
50,2011-10-01,2011,10,35.37747
50,2011-11-01,2011,11,35.17099
50,2011-12-01,2011,12,47.62881
50,2012-01-01,2012,1,37.71761
50,2012-02-01,2012,2,35.75602
50,2012-03-01,2012,3,38.9221
50,2012-04-01,2012,4,36.75402
50,2012-05-01,2012,5,39.98893
50,2012-06-01,2012,6,39.30065
50,2012-07-01,2012,7,39.98893
50,2012-08-01,2012,8,41.88169
50,2012-09-01,2012,9,41.12459
50,2012-10-01,2012,10,44.04977
50,2012-11-01,2012,11,44.8757
50,2012-12-01,2012,12,54.51159
50,2013-01-01,2013,1,45.83929
50,2013-02-01,2013,2,41.91611
50,2013-03-01,2013,3,46.66522
50,2013-04-01,2013,4,44.56597
50,2013-05-01,2013,5,47.49115
50,2013-06-01,2013,6,44.80687
50,2013-07-01,2013,7,48.1106
50,2013-08-01,2013,8,48.28267
50,2013-09-01,2013,9,47.07819
50,2013-10-01,2013,10,50.45075
50,2013-11-01,2013,11,51.89613
50,2013-12-01,2013,12,67.31355
50,2014-01-01,2014,1,51.00137
50,2014-02-01,2014,2,47.38791
50,2014-03-01,2014,3,50.20985
50,2014-04-01,2014,4,50.72606
50,2014-05-01,2014,5,54.47717
50,2014-06-01,2014,6,49.41833
50,2014-07-01,2014,7,51.75848
50,2014-08-01,2014,8,52.92855
50,2014-09-01,2014,9,52.03379
50,2014-10-01,2014,10,56.74849
50,2014-11-01,2014,11,56.64525
50,2014-12-01,2014,12,72.16591
50,2015-01-01,2015,1,55.85373
50,2015-02-01,2015,2,50.03778
50,2015-03-01,2015,3,55.68166
50,2015-04-01,2015,4,54.75248
50,2015-05-01,2015,5,57.19587
50,2015-06-01,2015,6,54.16745
50,2015-07-01,2015,7,57.33352
50,2015-08-01,2015,8,56.67966
50,2015-09-01,2015,9,54.51159
50,2015-10-01,2015,10,60.08663
50,2015-11-01,2015,11,59.0198
50,2015-12-01,2015,12,76.19233
50,2016-01-01,2016,1,56.95497
50,2016-02-01,2016,2,53.82331
50,2016-03-01,2016,3,58.5036
50,2016-04-01,2016,4,56.81732
50,2016-05-01,2016,5,59.15746
50,2016-06-01,2016,6,56.61083
50,2016-07-01,2016,7,59.0198
50,2016-08-01,2016,8,57.7809
50,2016-09-01,2016,9,55.88814
50,2016-10-01,2016,10,58.95098
50,2016-11-01,2016,11,60.91257
50,2016-12-01,2016,12,76.26116
50,2017-01-01,2017,1,59.28061
50,2017-02-01,2017,2,54.45646
50,2017-03-01,2017,3,57.99825
50,2017-04-01,2017,4,55.84009
50,2017-05-01,2017,5,58.1767
50,2017-06-01,2017,6,56.25647
50,2017-07-01,2017,7,58.29341
50,2017-08-01,2017,8,60.15194
50,2017-09-01,2017,9,60.36021
50,2017-10-01,2017,10,59.641
50,2017-11-01,2017,11,60.9048
50,2017-12-01,2017,12,74.07934
50,2018-01-01,2018,1,57.88598
50,2018-02-01,2018,2,53.43484
50,2018-03-01,2018,3,62.16572
50,2018-04-01,2018,4,54.85668
50,2018-05-01,2018,5,59.35817
50,2018-06-01,2018,6,59.81062
50,2018-07-01,2018,7,60.36437
50,2018-08-01,2018,8,63.42607
50,2018-09-01,2018,9,63.99756
50,2018-10-01,2018,10,66.35103
50,2018-11-01,2018,11,68.68178
50,2018-12-01,2018,12,79.63475
50,2019-01-01,2019,1,63.2806
50,2019-02-01,2019,2,58.44752
50,2019-03-01,2019,3,61.78688
50,2019-04-01,2019,4,60.13546
50,2019-05-01,2019,5,62.74632
50,2019-06-01,2019,6,59.48465
50,2019-07-01,2019,7,62.93183
50,2019-08-01,2019,8,65.05181
50,2019-09-01,2019,9,64.8418
50,2019-10-01,2019,10,66.81777
50,2019-11-01,2019,11,71.49391
50,2019-12-01,2019,12,81.79571
50,2020-01-01,2020,1,67.54694
50,2020-02-01,2020,2,63.75461
50,2020-03-01,2020,3,63.088
50,2020-04-01,2020,4,53.61223
50,2020-05-01,2020,5,63.75057
50,2020-06-01,2020,6,64.04583
50,2020-07-01,2020,7,66.60284
50,2020-08-01,2020,8,70.1589
50,2020-09-01,2020,9,74.24245
50,2020-10-01,2020,10,80.42799
50,2020-11-01,2020,11,80.94556
50,2020-12-01,2020,12,91.15727
50,2021-01-01,2021,1,72.68549
50,2021-02-01,2021,2,69.21801
50,2021-03-01,2021,3,76.29981
50,2021-04-01,2021,4,74.62662
50,2021-05-01,2021,5,80.43653
50,2021-06-01,2021,6,76.8345
50,2021-07-01,2021,7,90.91029
50,2021-08-01,2021,8,87.72293
50,2021-09-01,2021,9,88.17381
50,2021-10-01,2021,10,93.42122
50,2021-11-01,2021,11,93.55142
50,2021-12-01,2021,12,106.84707
50,2022-01-01,2022,1,84.7813
50,2022-02-01,2022,2,84.81402
50,2022-03-01,2022,3,95.42621
50,2022-04-01,2022,4,94.92551
50,2022-05-01,2022,5,101.81559
50,2022-06-01,2022,6,99.16038
50,2022-07-01,2022,7,104.73258
50,2022-08-01,2022,8,103.44467
50,2022-09-01,2022,9,101.53137
50,2022-10-01,2022,10,104.26279
50,2022-11-01,2022,11,103.5199
50,2022-12-01,2022,12,121.58566
50,2023-01-01,2023,1,94.61484
50,2023-02-01,2023,2,92.17375
50,2023-03-01,2023,3,101.9617
50,2023-04-01,2023,4,99.34905
50,2023-05-01,2023,5,101.88628
50,2023-06-01,2023,6,99.45497
50,2023-07-01,2023,7,103.70068
50,2023-08-01,2023,8,105.45477
50,2023-09-01,2023,9,107.92888
50,2023-10-01,2023,10,108.965
50,2023-11-01,2023,11,111.65595
50,2023-12-01,2023,12,128.40961
50,2024-01-01,2024,1,104.65797
50,2024-02-01,2024,2,104.90476
50,2024-03-01,2024,3,112.50722
50,2024-04-01,2024,4,106.81307
50,2024-05-01,2024,5,114.33497
50,2024-06-01,2024,6,109.14151
50,2024-07-01,2024,7,112.21131
50,2024-08-01,2024,8,113.48524
50,2024-09-01,2024,9,111.26311
50,2024-10-01,2024,10,120.04339
50,2024-11-01,2024,11,120.46722
50,2024-12-01,2024,12,135.43413
50,2025-01-01,2025,1,111.57071
50,2025-02-01,2025,2,109.1719
50,2025-03-01,2025,3,117.24231
50,2025-04-01,2025,4,118.55443
50,2025-05-01,2025,5,123.24018
50,2025-06-01,2025,6,114.25778
50,2025-07-01,2025,7,119.86609
50,2025-08-01,2025,8,117.69651
50,2025-09-01,2025,9,116.26685
50,2025-10-01,2025,10,124.5346
50,2025-11-01,2025,11,126.09218
51,2007-12-01,2007,12,37.66441
51,2008-01-01,2008,1,25.29829
51,2008-02-01,2008,2,26.16914
51,2008-03-01,2008,3,29.73964
51,2008-04-01,2008,4,28.43336
51,2008-05-01,2008,5,31.26363
51,2008-06-01,2008,6,30.04444
51,2008-07-01,2008,7,33.04888
51,2008-08-01,2008,8,32.39574
51,2008-09-01,2008,9,31.61198
51,2008-10-01,2008,10,33.48431
51,2008-11-01,2008,11,31.30718
51,2008-12-01,2008,12,40.45114
51,2009-01-01,2009,1,29.56547
51,2009-02-01,2009,2,28.4769
51,2009-03-01,2009,3,31.61198
51,2009-04-01,2009,4,30.52341
51,2009-05-01,2009,5,33.00534
51,2009-06-01,2009,6,31.91677
51,2009-07-01,2009,7,33.52785
51,2009-08-01,2009,8,33.91974
51,2009-09-01,2009,9,34.05036
51,2009-10-01,2009,10,36.27104
51,2009-11-01,2009,11,34.65996
51,2009-12-01,2009,12,47.54859
51,2010-01-01,2010,1,35.09539
51,2010-02-01,2010,2,34.61642
51,2010-03-01,2010,3,39.1884
51,2010-04-01,2010,4,36.83709
51,2010-05-01,2010,5,39.40611
51,2010-06-01,2010,6,37.22898
51,2010-07-01,2010,7,40.53822
51,2010-08-01,2010,8,40.49468
51,2010-09-01,2010,9,40.32051
51,2010-10-01,2010,10,42.80244
51,2010-11-01,2010,11,40.75593
51,2010-12-01,2010,12,55.56044
51,2011-01-01,2011,1,38.79651
51,2011-02-01,2011,2,38.40463
51,2011-03-01,2011,3,41.67033
51,2011-04-01,2011,4,42.27993
51,2011-05-01,2011,5,42.62827
51,2011-06-01,2011,6,40.66885
51,2011-07-01,2011,7,44.8054
51,2011-08-01,2011,8,44.32643
51,2011-09-01,2011,9,42.06221
51,2011-10-01,2011,10,43.84746
51,2011-11-01,2011,11,43.67329
51,2011-12-01,2011,12,59.34865
51,2012-01-01,2012,1,42.32347
51,2012-02-01,2012,2,41.5397
51,2012-03-01,2012,3,46.41648
51,2012-04-01,2012,4,44.19581
51,2012-05-01,2012,5,44.32643
51,2012-06-01,2012,6,45.15374
51,2012-07-01,2012,7,48.11465
51,2012-08-01,2012,8,49.24675
51,2012-09-01,2012,9,48.0711
51,2012-10-01,2012,10,49.37738
51,2012-11-01,2012,11,48.46299
51,2012-12-01,2012,12,61.4387
51,2013-01-01,2013,1,46.98254
51,2013-02-01,2013,2,45.37146
51,2013-03-01,2013,3,51.6416
51,2013-04-01,2013,4,48.6807
51,2013-05-01,2013,5,53.16559
51,2013-06-01,2013,6,50.94492
51,2013-07-01,2013,7,52.81725
51,2013-08-01,2013,8,54.2977
51,2013-09-01,2013,9,52.90434
51,2013-10-01,2013,10,56.1265
51,2013-11-01,2013,11,56.43129
51,2013-12-01,2013,12,66.79445
51,2014-01-01,2014,1,52.68663
51,2014-02-01,2014,2,51.98994
51,2014-03-01,2014,3,56.47484
51,2014-04-01,2014,4,55.86524
51,2014-05-01,2014,5,55.47336
51,2014-06-01,2014,6,54.99439
51,2014-07-01,2014,7,56.56192
51,2014-08-01,2014,8,57.78112
51,2014-09-01,2014,9,56.56192
51,2014-10-01,2014,10,60.78556
51,2014-11-01,2014,11,58.95677
51,2014-12-01,2014,12,72.1502
51,2015-01-01,2015,1,54.6025
51,2015-02-01,2015,2,51.16263
51,2015-03-01,2015,3,55.47336
51,2015-04-01,2015,4,53.29622
51,2015-05-01,2015,5,56.91026
51,2015-06-01,2015,6,54.82022
51,2015-07-01,2015,7,58.08592
51,2015-08-01,2015,8,57.04089
51,2015-09-01,2015,9,55.60398
51,2015-10-01,2015,10,59.13094
51,2015-11-01,2015,11,58.34717
51,2015-12-01,2015,12,72.01957
51,2016-01-01,2016,1,55.16856
51,2016-02-01,2016,2,54.03645
51,2016-03-01,2016,3,57.5634
51,2016-04-01,2016,4,57.21506
51,2016-05-01,2016,5,56.64901
51,2016-06-01,2016,6,57.69403
51,2016-07-01,2016,7,60.78556
51,2016-08-01,2016,8,59.21802
51,2016-09-01,2016,9,54.77667
51,2016-10-01,2016,10,56.30067
51,2016-11-01,2016,11,55.47336
51,2016-12-01,2016,12,67.31696
51,2017-01-01,2017,1,57.37515
51,2017-02-01,2017,2,51.31086
51,2017-03-01,2017,3,58.75711
51,2017-04-01,2017,4,57.52056
51,2017-05-01,2017,5,61.07447
51,2017-06-01,2017,6,60.48491
51,2017-07-01,2017,7,61.38689
51,2017-08-01,2017,8,61.14612
51,2017-09-01,2017,9,63.67559
51,2017-10-01,2017,10,62.51811
51,2017-11-01,2017,11,64.15813
51,2017-12-01,2017,12,76.93967
51,2018-01-01,2018,1,59.78481
51,2018-02-01,2018,2,56.7945
51,2018-03-01,2018,3,64.07433
51,2018-04-01,2018,4,59.90317
51,2018-05-01,2018,5,61.26123
51,2018-06-01,2018,6,65.61322
51,2018-07-01,2018,7,64.9308
51,2018-08-01,2018,8,65.89188
51,2018-09-01,2018,9,65.03558
51,2018-10-01,2018,10,68.91588
51,2018-11-01,2018,11,70.21735
51,2018-12-01,2018,12,78.50497
51,2019-01-01,2019,1,65.26069
51,2019-02-01,2019,2,62.24539
51,2019-03-01,2019,3,65.35411
51,2019-04-01,2019,4,63.56755
51,2019-05-01,2019,5,67.61248
51,2019-06-01,2019,6,64.13298
51,2019-07-01,2019,7,69.7001
51,2019-08-01,2019,8,70.50218
51,2019-09-01,2019,9,70.27633
51,2019-10-01,2019,10,72.422
51,2019-11-01,2019,11,74.31919
51,2019-12-01,2019,12,84.23265
51,2020-01-01,2020,1,70.92781
51,2020-02-01,2020,2,71.2803
51,2020-03-01,2020,3,69.54501
51,2020-04-01,2020,4,57.7047
51,2020-05-01,2020,5,69.38639
51,2020-06-01,2020,6,67.51198
51,2020-07-01,2020,7,69.57588
51,2020-08-01,2020,8,77.26734
51,2020-09-01,2020,9,75.0113
51,2020-10-01,2020,10,80.79174
51,2020-11-01,2020,11,82.74093
51,2020-12-01,2020,12,92.22232
51,2021-01-01,2021,1,67.97122
51,2021-02-01,2021,2,71.02977
51,2021-03-01,2021,3,77.12567
51,2021-04-01,2021,4,72.50116
51,2021-05-01,2021,5,79.84414
51,2021-06-01,2021,6,79.45881
51,2021-07-01,2021,7,92.50739
51,2021-08-01,2021,8,84.39072
51,2021-09-01,2021,9,86.59142
51,2021-10-01,2021,10,90.80772
51,2021-11-01,2021,11,94.49677
51,2021-12-01,2021,12,102.1878
51,2022-01-01,2022,1,84.94696
51,2022-02-01,2022,2,83.69415
51,2022-03-01,2022,3,98.86828
51,2022-04-01,2022,4,96.53127
51,2022-05-01,2022,5,100.73905
51,2022-06-01,2022,6,98.77036
51,2022-07-01,2022,7,104.01269
51,2022-08-01,2022,8,104.50982
51,2022-09-01,2022,9,100.93249
51,2022-10-01,2022,10,104.50806
51,2022-11-01,2022,11,103.39375
51,2022-12-01,2022,12,119.09312
51,2023-01-01,2023,1,92.38261
51,2023-02-01,2023,2,89.98822
51,2023-03-01,2023,3,102.97805
51,2023-04-01,2023,4,102.35964
51,2023-05-01,2023,5,100.44884
51,2023-06-01,2023,6,97.07422
51,2023-07-01,2023,7,101.17896
51,2023-08-01,2023,8,103.07202
51,2023-09-01,2023,9,105.25073
51,2023-10-01,2023,10,109.19042
51,2023-11-01,2023,11,111.35323
51,2023-12-01,2023,12,122.93928
51,2024-01-01,2024,1,103.45534
51,2024-02-01,2024,2,106.05541
51,2024-03-01,2024,3,102.99035
51,2024-04-01,2024,4,101.17049
51,2024-05-01,2024,5,108.28164
51,2024-06-01,2024,6,103.03897
51,2024-07-01,2024,7,108.8249
51,2024-08-01,2024,8,111.1224
51,2024-09-01,2024,9,108.11174
51,2024-10-01,2024,10,115.05566
51,2024-11-01,2024,11,120.9216
51,2024-12-01,2024,12,128.75694
51,2025-01-01,2025,1,106.99989
51,2025-02-01,2025,2,106.96279
51,2025-03-01,2025,3,117.55257
51,2025-04-01,2025,4,113.01899
51,2025-05-01,2025,5,121.34876
51,2025-06-01,2025,6,114.59904
51,2025-07-01,2025,7,119.82465
51,2025-08-01,2025,8,119.14199
51,2025-09-01,2025,9,117.12991
51,2025-10-01,2025,10,120.63757
51,2025-11-01,2025,11,128.95547
52,2007-12-01,2007,12,54.16341
52,2008-01-01,2008,1,42.09917
52,2008-02-01,2008,2,38.07775
52,2008-03-01,2008,3,43.16735
52,2008-04-01,2008,4,41.72216
52,2008-05-01,2008,5,46.30908
52,2008-06-01,2008,6,43.92137
52,2008-07-01,2008,7,46.30908
52,2008-08-01,2008,8,46.68609
52,2008-09-01,2008,9,45.11523
52,2008-10-01,2008,10,46.87459
52,2008-11-01,2008,11,44.61255
52,2008-12-01,2008,12,59.19017
52,2009-01-01,2009,1,45.6179
52,2009-02-01,2009,2,39.83712
52,2009-03-01,2009,3,46.56042
52,2009-04-01,2009,4,45.99491
52,2009-05-01,2009,5,49.32514
52,2009-06-01,2009,6,46.81176
52,2009-07-01,2009,7,50.07916
52,2009-08-01,2009,8,49.89065
52,2009-09-01,2009,9,47.75428
52,2009-10-01,2009,10,51.52435
52,2009-11-01,2009,11,49.70215
52,2009-12-01,2009,12,68.11268
52,2010-01-01,2010,1,52.46687
52,2010-02-01,2010,2,47.18877
52,2010-03-01,2010,3,53.7864
52,2010-04-01,2010,4,52.3412
52,2010-05-01,2010,5,55.67144
52,2010-06-01,2010,6,52.52971
52,2010-07-01,2010,7,55.98561
52,2010-08-01,2010,8,55.23159
52,2010-09-01,2010,9,54.72892
52,2010-10-01,2010,10,59.75568
52,2010-11-01,2010,11,58.12198
52,2010-12-01,2010,12,78.66889
52,2011-01-01,2011,1,60.32119
52,2011-02-01,2011,2,54.16341
52,2011-03-01,2011,3,59.0645
52,2011-04-01,2011,4,60.38403
52,2011-05-01,2011,5,62.08056
52,2011-06-01,2011,6,59.69285
52,2011-07-01,2011,7,62.64607
52,2011-08-01,2011,8,63.14875
52,2011-09-01,2011,9,60.76104
52,2011-10-01,2011,10,63.52576
52,2011-11-01,2011,11,62.89741
52,2011-12-01,2011,12,85.45503
52,2012-01-01,2012,1,65.91347
52,2012-02-01,2012,2,60.82387
52,2012-03-01,2012,3,67.54717
52,2012-04-01,2012,4,66.35331
52,2012-05-01,2012,5,68.8667
52,2012-06-01,2012,6,67.79851
52,2012-07-01,2012,7,69.80922
52,2012-08-01,2012,8,71.25441
52,2012-09-01,2012,9,69.0552
52,2012-10-01,2012,10,72.38543
52,2012-11-01,2012,11,71.63142
52,2012-12-01,2012,12,91.67565
52,2013-01-01,2013,1,73.20228
52,2013-02-01,2013,2,64.97095
52,2013-03-01,2013,3,76.21834
52,2013-04-01,2013,4,71.19158
52,2013-05-01,2013,5,77.97771
52,2013-06-01,2013,6,73.45362
52,2013-07-01,2013,7,78.98306
52,2013-08-01,2013,8,80.11409
52,2013-09-01,2013,9,75.7785
52,2013-10-01,2013,10,79.92558
52,2013-11-01,2013,11,81.11944
52,2013-12-01,2013,12,103.61422
52,2014-01-01,2014,1,82.6903
52,2014-02-01,2014,2,74.39614
52,2014-03-01,2014,3,80.42826
52,2014-04-01,2014,4,81.24511
52,2014-05-01,2014,5,86.77455
52,2014-06-01,2014,6,76.65818
52,2014-07-01,2014,7,80.80527
52,2014-08-01,2014,8,80.99377
52,2014-09-01,2014,9,78.48039
52,2014-10-01,2014,10,86.71172
52,2014-11-01,2014,11,85.58069
52,2014-12-01,2014,12,103.67705
52,2015-01-01,2015,1,83.38148
52,2015-02-01,2015,2,71.31725
52,2015-03-01,2015,3,79.29724
52,2015-04-01,2015,4,76.65818
52,2015-05-01,2015,5,80.74243
52,2015-06-01,2015,6,75.40149
52,2015-07-01,2015,7,78.79456
52,2015-08-01,2015,8,77.85204
52,2015-09-01,2015,9,75.27582
52,2015-10-01,2015,10,82.6903
52,2015-11-01,2015,11,83.13015
52,2015-12-01,2015,12,101.47784
52,2016-01-01,2016,1,79.98842
52,2016-02-01,2016,2,73.39079
52,2016-03-01,2016,3,81.18227
52,2016-04-01,2016,4,78.22905
52,2016-05-01,2016,5,78.10338
52,2016-06-01,2016,6,76.40685
52,2016-07-01,2016,7,80.42826
52,2016-08-01,2016,8,79.0459
52,2016-09-01,2016,9,78.41755
52,2016-10-01,2016,10,82.81597
52,2016-11-01,2016,11,85.45503
52,2016-12-01,2016,12,101.66635
52,2017-01-01,2017,1,78.45956
52,2017-02-01,2017,2,71.18344
52,2017-03-01,2017,3,69.5121
52,2017-04-01,2017,4,70.68541
52,2017-05-01,2017,5,73.09921
52,2017-06-01,2017,6,71.63709
52,2017-07-01,2017,7,71.68677
52,2017-08-01,2017,8,70.9973
52,2017-09-01,2017,9,71.3898
52,2017-10-01,2017,10,73.28487
52,2017-11-01,2017,11,81.03146
52,2017-12-01,2017,12,93.5385
52,2018-01-01,2018,1,71.13393
52,2018-02-01,2018,2,62.92103
52,2018-03-01,2018,3,73.41426
52,2018-04-01,2018,4,72.637
52,2018-05-01,2018,5,75.77039
52,2018-06-01,2018,6,74.80877
52,2018-07-01,2018,7,75.27683
52,2018-08-01,2018,8,78.43341
52,2018-09-01,2018,9,74.67938
52,2018-10-01,2018,10,79.25228
52,2018-11-01,2018,11,89.23445
52,2018-12-01,2018,12,97.92954
52,2019-01-01,2019,1,75.78673
52,2019-02-01,2019,2,70.21518
52,2019-03-01,2019,3,76.54414
52,2019-04-01,2019,4,74.36231
52,2019-05-01,2019,5,79.06143
52,2019-06-01,2019,6,76.41332
52,2019-07-01,2019,7,75.35638
52,2019-08-01,2019,8,77.77205
52,2019-09-01,2019,9,77.51416
52,2019-10-01,2019,10,82.3302
52,2019-11-01,2019,11,93.11784
52,2019-12-01,2019,12,99.91568
52,2020-01-01,2020,1,79.79163
52,2020-02-01,2020,2,74.54681
52,2020-03-01,2020,3,73.29536
52,2020-04-01,2020,4,60.58278
52,2020-05-01,2020,5,72.33909
52,2020-06-01,2020,6,73.78444
52,2020-07-01,2020,7,78.70101
52,2020-08-01,2020,8,83.67814
52,2020-09-01,2020,9,84.29666
52,2020-10-01,2020,10,90.5326
52,2020-11-01,2020,11,92.57576
52,2020-12-01,2020,12,102.94705
52,2021-01-01,2021,1,82.45957
52,2021-02-01,2021,2,77.38694
52,2021-03-01,2021,3,78.84352
52,2021-04-01,2021,4,84.53742
52,2021-05-01,2021,5,91.41214
52,2021-06-01,2021,6,88.96763
52,2021-07-01,2021,7,95.59692
52,2021-08-01,2021,8,91.47599
52,2021-09-01,2021,9,88.45538
52,2021-10-01,2021,10,93.55333
52,2021-11-01,2021,11,99.56959
52,2021-12-01,2021,12,112.21525
52,2022-01-01,2022,1,89.1487
52,2022-02-01,2022,2,86.08777
52,2022-03-01,2022,3,98.98357
52,2022-04-01,2022,4,100.66312
52,2022-05-01,2022,5,102.99486
52,2022-06-01,2022,6,100.52233
52,2022-07-01,2022,7,102.45236
52,2022-08-01,2022,8,100.76913
52,2022-09-01,2022,9,96.36341
52,2022-10-01,2022,10,99.45421
52,2022-11-01,2022,11,104.77724
52,2022-12-01,2022,12,117.78331
52,2023-01-01,2023,1,95.62977
52,2023-02-01,2023,2,89.36946
52,2023-03-01,2023,3,103.58861
52,2023-04-01,2023,4,98.77514
52,2023-05-01,2023,5,100.8704
52,2023-06-01,2023,6,98.38389
52,2023-07-01,2023,7,100.958
52,2023-08-01,2023,8,102.51585
52,2023-09-01,2023,9,102.9167
52,2023-10-01,2023,10,104.65273
52,2023-11-01,2023,11,106.29111
52,2023-12-01,2023,12,123.12359
52,2024-01-01,2024,1,101.5366
52,2024-02-01,2024,2,96.36982
52,2024-03-01,2024,3,110.46414
52,2024-04-01,2024,4,103.11824
52,2024-05-01,2024,5,111.33258
52,2024-06-01,2024,6,108.23518
52,2024-07-01,2024,7,113.70349
52,2024-08-01,2024,8,113.53061
52,2024-09-01,2024,9,109.16429
52,2024-10-01,2024,10,117.38407
52,2024-11-01,2024,11,119.42162
52,2024-12-01,2024,12,132.78994
52,2025-01-01,2025,1,108.11216
52,2025-02-01,2025,2,104.07217
52,2025-03-01,2025,3,117.50541
52,2025-04-01,2025,4,114.14617
52,2025-05-01,2025,5,119.51919
52,2025-06-01,2025,6,113.15769
52,2025-07-01,2025,7,117.40232
52,2025-08-01,2025,8,118.21137
52,2025-09-01,2025,9,116.4967
52,2025-10-01,2025,10,125.52562
52,2025-11-01,2025,11,122.74555
53,2007-12-01,2007,12,68.17997
53,2008-01-01,2008,1,50.64215
53,2008-02-01,2008,2,48.26299
53,2008-03-01,2008,3,52.95334
53,2008-04-01,2008,4,51.25393
53,2008-05-01,2008,5,55.6044
53,2008-06-01,2008,6,52.2056
53,2008-07-01,2008,7,53.15726
53,2008-08-01,2008,8,53.70107
53,2008-09-01,2008,9,51.18596
53,2008-10-01,2008,10,53.905
53,2008-11-01,2008,11,55.06059
53,2008-12-01,2008,12,69.81139
53,2009-01-01,2009,1,53.76905
53,2009-02-01,2009,2,49.41858
53,2009-03-01,2009,3,54.10893
53,2009-04-01,2009,4,54.10893
53,2009-05-01,2009,5,56.28416
53,2009-06-01,2009,6,53.49714
53,2009-07-01,2009,7,56.75999
53,2009-08-01,2009,8,56.42011
53,2009-09-01,2009,9,54.85666
53,2009-10-01,2009,10,60.09082
53,2009-11-01,2009,11,58.59535
53,2009-12-01,2009,12,76.54102
53,2010-01-01,2010,1,57.71166
53,2010-02-01,2010,2,54.04095
53,2010-03-01,2010,3,61.79022
53,2010-04-01,2010,4,59.0032
53,2010-05-01,2010,5,62.74188
53,2010-06-01,2010,6,60.09082
53,2010-07-01,2010,7,63.62557
53,2010-08-01,2010,8,61.99415
53,2010-09-01,2010,9,60.36272
53,2010-10-01,2010,10,64.84914
53,2010-11-01,2010,11,65.32497
53,2010-12-01,2010,12,85.98969
53,2011-01-01,2011,1,64.50926
53,2011-02-01,2011,2,60.97451
53,2011-03-01,2011,3,64.10141
53,2011-04-01,2011,4,66.34462
53,2011-05-01,2011,5,66.75247
53,2011-06-01,2011,6,64.37331
53,2011-07-01,2011,7,67.97604
53,2011-08-01,2011,8,67.84009
53,2011-09-01,2011,9,64.44129
53,2011-10-01,2011,10,68.6558
53,2011-11-01,2011,11,69.40354
53,2011-12-01,2011,12,90.20421
53,2012-01-01,2012,1,67.43223
53,2012-02-01,2012,2,65.59688
53,2012-03-01,2012,3,74.09388
53,2012-04-01,2012,4,70.15127
53,2012-05-01,2012,5,71.44282
53,2012-06-01,2012,6,70.15127
53,2012-07-01,2012,7,71.44282
53,2012-08-01,2012,8,74.43376
53,2012-09-01,2012,9,70.76306
53,2012-10-01,2012,10,73.95793
53,2012-11-01,2012,11,73.61805
53,2012-12-01,2012,12,93.94289
53,2013-01-01,2013,1,74.29781
53,2013-02-01,2013,2,68.51985
53,2013-03-01,2013,3,80.61958
53,2013-04-01,2013,4,75.79328
53,2013-05-01,2013,5,78.5803
53,2013-06-01,2013,6,76.74495
53,2013-07-01,2013,7,79.32804
53,2013-08-01,2013,8,82.59089
53,2013-09-01,2013,9,77.22078
53,2013-10-01,2013,10,81.9791
53,2013-11-01,2013,11,83.61053
53,2013-12-01,2013,12,101.42025
53,2014-01-01,2014,1,81.4353
53,2014-02-01,2014,2,76.8809
53,2014-03-01,2014,3,81.7072
53,2014-04-01,2014,4,82.72684
53,2014-05-01,2014,5,86.32957
53,2014-06-01,2014,6,80.82351
53,2014-07-01,2014,7,82.25101
53,2014-08-01,2014,8,85.78576
53,2014-09-01,2014,9,81.63922
53,2014-10-01,2014,10,85.98969
53,2014-11-01,2014,11,86.94136
53,2014-12-01,2014,12,102.84775
53,2015-01-01,2015,1,83.81446
53,2015-02-01,2015,2,76.26912
53,2015-03-01,2015,3,87.07731
53,2015-04-01,2015,4,84.97005
53,2015-05-01,2015,5,87.62112
53,2015-06-01,2015,6,83.54255
53,2015-07-01,2015,7,86.32957
53,2015-08-01,2015,8,85.78576
53,2015-09-01,2015,9,81.4353
53,2015-10-01,2015,10,88.30088
53,2015-11-01,2015,11,88.84468
53,2015-12-01,2015,12,105.83869
53,2016-01-01,2016,1,83.47458
53,2016-02-01,2016,2,79.46399
53,2016-03-01,2016,3,87.961
53,2016-04-01,2016,4,81.50327
53,2016-05-01,2016,5,82.25101
53,2016-06-01,2016,6,80.61958
53,2016-07-01,2016,7,83.47458
53,2016-08-01,2016,8,82.31898
53,2016-09-01,2016,9,79.19209
53,2016-10-01,2016,10,84.08636
53,2016-11-01,2016,11,86.94136
53,2016-12-01,2016,12,102.9837
53,2017-01-01,2017,1,75.67151
53,2017-02-01,2017,2,70.8738
53,2017-03-01,2017,3,78.2368
53,2017-04-01,2017,4,74.44003
53,2017-05-01,2017,5,78.46785
53,2017-06-01,2017,6,77.58873
53,2017-07-01,2017,7,77.8
53,2017-08-01,2017,8,79.40496
53,2017-09-01,2017,9,78.41405
53,2017-10-01,2017,10,79.53795
53,2017-11-01,2017,11,85.7787
53,2017-12-01,2017,12,98.64104
53,2018-01-01,2018,1,76.32943
53,2018-02-01,2018,2,68.38117
53,2018-03-01,2018,3,85.17643
53,2018-04-01,2018,4,79.23299
53,2018-05-01,2018,5,82.34453
53,2018-06-01,2018,6,80.60306
53,2018-07-01,2018,7,79.79999
53,2018-08-01,2018,8,81.99834
53,2018-09-01,2018,9,79.47079
53,2018-10-01,2018,10,80.27557
53,2018-11-01,2018,11,88.72341
53,2018-12-01,2018,12,98.58774
53,2019-01-01,2019,1,75.60676
53,2019-02-01,2019,2,73.45926
53,2019-03-01,2019,3,82.05556
53,2019-04-01,2019,4,81.26448
53,2019-05-01,2019,5,85.13243
53,2019-06-01,2019,6,82.50007
53,2019-07-01,2019,7,82.26997
53,2019-08-01,2019,8,83.25864
53,2019-09-01,2019,9,80.98617
53,2019-10-01,2019,10,84.80629
53,2019-11-01,2019,11,89.82677
53,2019-12-01,2019,12,103.98207
53,2020-01-01,2020,1,82.17353
53,2020-02-01,2020,2,80.66856
53,2020-03-01,2020,3,78.86473
53,2020-04-01,2020,4,61.56599
53,2020-05-01,2020,5,65.57397
53,2020-06-01,2020,6,72.94334
53,2020-07-01,2020,7,80.99902
53,2020-08-01,2020,8,84.38318
53,2020-09-01,2020,9,82.81293
53,2020-10-01,2020,10,91.39796
53,2020-11-01,2020,11,91.08102
53,2020-12-01,2020,12,101.83146
53,2021-01-01,2021,1,79.29077
53,2021-02-01,2021,2,73.63624
53,2021-03-01,2021,3,74.30161
53,2021-04-01,2021,4,79.74063
53,2021-05-01,2021,5,87.69259
53,2021-06-01,2021,6,86.01738
53,2021-07-01,2021,7,89.104
53,2021-08-01,2021,8,86.36296
53,2021-09-01,2021,9,87.20967
53,2021-10-01,2021,10,93.99007
53,2021-11-01,2021,11,101.1191
53,2021-12-01,2021,12,109.08257
53,2022-01-01,2022,1,84.65478
53,2022-02-01,2022,2,86.95493
53,2022-03-01,2022,3,100.56285
53,2022-04-01,2022,4,100.94988
53,2022-05-01,2022,5,106.27962
53,2022-06-01,2022,6,101.51844
53,2022-07-01,2022,7,96.5217
53,2022-08-01,2022,8,98.94352
53,2022-09-01,2022,9,97.80697
53,2022-10-01,2022,10,103.71471
53,2022-11-01,2022,11,109.94725
53,2022-12-01,2022,12,112.14535
53,2023-01-01,2023,1,92.85511
53,2023-02-01,2023,2,86.89822
53,2023-03-01,2023,3,100.433
53,2023-04-01,2023,4,98.00627
53,2023-05-01,2023,5,102.13081
53,2023-06-01,2023,6,99.16148
53,2023-07-01,2023,7,99.7664
53,2023-08-01,2023,8,102.02583
53,2023-09-01,2023,9,100.04675
53,2023-10-01,2023,10,102.92052
53,2023-11-01,2023,11,109.61296
53,2023-12-01,2023,12,123.98804
53,2024-01-01,2024,1,96.30304
53,2024-02-01,2024,2,94.50686
53,2024-03-01,2024,3,109.32461
53,2024-04-01,2024,4,103.32476
53,2024-05-01,2024,5,109.50694
53,2024-06-01,2024,6,106.84027
53,2024-07-01,2024,7,109.37946
53,2024-08-01,2024,8,111.00592
53,2024-09-01,2024,9,107.29789
53,2024-10-01,2024,10,115.9818
53,2024-11-01,2024,11,119.92491
53,2024-12-01,2024,12,136.40729
53,2025-01-01,2025,1,107.38471
53,2025-02-01,2025,2,105.65369
53,2025-03-01,2025,3,117.54757
53,2025-04-01,2025,4,117.73872
53,2025-05-01,2025,5,124.1224
53,2025-06-01,2025,6,114.87243
53,2025-07-01,2025,7,119.44208
53,2025-08-01,2025,8,120.53898
53,2025-09-01,2025,9,115.08635
53,2025-10-01,2025,10,125.47009
53,2025-11-01,2025,11,130.77639
