dataset,response_label,group,direction,term,model_series,linear_sign_assumption,horizon,lp_estimate_1sd,lp_ci_low_1sd,lp_ci_high_1sd,lp_shock_sd,model_cum_response_at_model_shock,model_1sd_termshock,gap_model_minus_lp,model_in_lp_ci,sign_match
lp_controls,consumption,PH2M,contractionary,mp_pos_x_ph2m,cP,1.0,0,0.003844544744185,-0.0024835451846079,0.010172634672978,0.0078032329793046,-0.0016621351724325,-0.019160240285623433,-0.023004785029808433,False,False
lp_controls,consumption,PH2M,contractionary,mp_pos_x_ph2m,cP,1.0,1,0.0033056425821559,-0.0026003813347578,0.0092116664990696,0.0078032329793046,-0.0008007125459783,-0.009230202834950577,-0.012535845417106478,False,False
lp_controls,consumption,PH2M,contractionary,mp_pos_x_ph2m,cP,1.0,2,-0.0021614769470905,-0.0087987093839962,0.0044757554898151,0.0078032329793046,-0.0011840124942851,-0.01364868770479264,-0.01148721075770214,False,True
lp_controls,consumption,PH2M,contractionary,mp_pos_x_ph2m,cP,1.0,3,-0.0016789704675766,-0.0068057542996334,0.0034478133644802,0.0078032329793046,-0.0009938880879302,-0.011457031231636976,-0.009778060764060376,False,True
lp_controls,consumption,PH2M,contractionary,mp_pos_x_ph2m,cP,1.0,4,0.001903359651271,-0.0107137509039402,0.0145204702064824,0.0078032329793046,-0.0010690344945268,-0.012323280397692983,-0.014226640048963984,False,False
lp_controls,consumption,PH2M,contractionary,mp_pos_x_ph2m,cP,1.0,5,0.0023634059648987,-0.0071616979468803,0.0118885098766778,0.0078032329793046,-0.0010225073347684,-0.011786939205012557,-0.014150345169911257,False,False
lp_controls,consumption,PH2M,contractionary,mp_pos_x_ph2m,cP,1.0,6,0.0008694275382036738,-0.0086354336374228,0.0103742887138301,0.0078032329793046,-0.0010327708516346,-0.011905251754192384,-0.012774679292396058,False,False
lp_controls,consumption,PH2M,contractionary,mp_pos_x_ph2m,cP,1.0,7,0.0030769149815056,-0.0054495739235532,0.0116034038865644,0.0078032329793046,-0.0010174598016972,-0.011728753837120796,-0.014805668818626397,False,False
lp_controls,consumption,PH2M,contractionary,mp_pos_x_ph2m,cP,1.0,8,-0.0031949160140502,-0.0142494251905979,0.0078595931624974,0.0078032329793046,-0.0010145356400627,-0.011695045604192286,-0.008500129590142087,True,True
lp_controls,consumption,PH2M,contractionary,mp_pos_x_ph2m,cP,1.0,9,0.0064967812837081,-0.0060595497831265,0.0190531123505427,0.0078032329793046,-0.001006453213497,-0.011601875543382444,-0.018098656827090543,False,False
lp_controls,consumption,PH2M,contractionary,mp_pos_x_ph2m,cP,1.0,10,-0.0019028538252309,-0.0137787007800001,0.0099729931295383,0.0078032329793046,-0.0010012752519128,-0.011542186662605189,-0.009639332837374288,True,True
lp_controls,consumption,PH2M,contractionary,mp_pos_x_ph2m,cP,1.0,11,-0.0043916601905758,-0.0188364306658442,0.0100531102846925,0.0078032329793046,-0.0009952529071674,-0.011472764166578074,-0.007081103976002274,True,True
lp_controls,consumption,PH2M,contractionary,mp_pos_x_ph2m,cP,1.0,12,0.0054176416807116,-0.0136319503430391,0.0244672337044624,0.0078032329793046,-0.0009900878272186,-0.011413223778675308,-0.016830865459386907,True,False
lp_controls,consumption,PH2M,contractionary,mp_pos_x_ph2m,cP,1.0,13,0.0044074059043239,-0.0110051643165023,0.0198199761251502,0.0078032329793046,-0.0009849688050574,-0.011354214321284136,-0.015761620225608036,False,False
lp_controls,consumption,PH2M,contractionary,mp_pos_x_ph2m,cP,1.0,14,-0.0032370191730191,-0.017622863568545,0.0111488252225067,0.0078032329793046,-0.0009802453081014,-0.011299764275243101,-0.008062745102224001,True,True
lp_controls,consumption,PH2M,contractionary,mp_pos_x_ph2m,cP,1.0,15,0.006782240641648,-0.0061554727185509,0.0197199540018471,0.0078032329793046,-0.0009757327409918,-0.011247745720098516,-0.018029986361746516,False,False
lp_controls,consumption,PH2M,contractionary,mp_pos_x_ph2m,cP,1.0,16,-0.0026254404203348,-0.0236405050883329,0.0183896242476632,0.0078032329793046,-0.0009714941765521,-0.011198885726953735,-0.008573445306618936,True,True
lp_controls,consumption,PH2M,contractionary,mp_pos_x_ph2m,cP,1.0,17,0.0020381056607162,-0.0187265935560304,0.0228028048774629,0.0078032329793046,-0.0009674796582062,-0.01115260842206648,-0.013190714082782681,True,False
lp_controls,consumption,PH2M,contractionary,mp_pos_x_ph2m,cP,1.0,18,0.0027597184175956,-0.0168907975376653,0.0224102343728567,0.0078032329793046,-0.0009636925260909,-0.011108952308817668,-0.013868670726413268,True,False
lp_controls,consumption,PH2M,contractionary,mp_pos_x_ph2m,cP,1.0,19,-0.0143372498578476,-0.0364098454411271,0.0077353457254317,0.0078032329793046,-0.0009601126226345,-0.01106768502107742,0.00326956483677018,True,True
lp_controls,consumption,PH2M,contractionary,mp_pos_x_ph2m,cP,1.0,20,-0.0145744215843933,-0.0344030739336728,0.005254230764886,0.0078032329793046,-0.0009567316565796,-0.011028710981490364,0.0035457106029029364,True,True
lp_controls,consumption,PH2M,contractionary,mp_pos_x_ph2m,cP,1.0,21,-0.0073107629414719,-0.0244056695646041,0.0097841436816602,0.0078032329793046,-0.000953536829366,-0.010991882654830242,-0.003681119713358342,True,True
lp_controls,consumption,PH2M,contractionary,mp_pos_x_ph2m,cP,1.0,22,-0.0156911987203406,-0.0360341330107109,0.0046517355700297,0.0078032329793046,-0.0009505183310662,-0.010957086957293034,0.004734111763047565,True,True
lp_controls,consumption,PH2M,contractionary,mp_pos_x_ph2m,cP,1.0,23,-0.0250979107849428,-0.0508921986968174,0.0006963771269317025,0.0078032329793046,-0.0009476658262933,-0.010924204747848743,0.014173706037094056,True,True
lp_controls,consumption,PH2M,contractionary,mp_pos_x_ph2m,cP,1.0,24,-0.0072795213903107,-0.0269442212653894,0.0123851784847679,0.0078032329793046,-0.0009449700193473,-0.010893128870443764,-0.003613607480133064,True,True
lp_controls,consumption,PH2M,contractionary,mp_pos_x_ph2m,cP,1.0,25,-0.0125982627245454,-0.0311424557126568,0.005945930263566,0.0078032329793046,-0.0009424218745048,-0.01086375516590118,0.0017345075586442209,True,True
lp_controls,consumption,PH2M,contractionary,mp_pos_x_ph2m,cP,1.0,26,-0.0063878179897795,-0.0244455710340146,0.0116699350544554,0.0078032329793046,-0.0009400129133599,-0.010835985899513859,-0.004448167909734358,True,True
lp_controls,consumption,PH2M,contractionary,mp_pos_x_ph2m,cP,1.0,27,-0.0214328406150697,-0.040818593412364,-0.0020470878177755,0.0078032329793046,-0.0009377350059506,-0.010809727353256927,0.010623113261812775,True,True
lp_controls,consumption,PH2M,contractionary,mp_pos_x_ph2m,cP,1.0,28,-0.0250217868895295,-0.0414872561101131,-0.0085563176689458,0.0078032329793046,-0.0009355803785192,-0.010784889915245672,0.014236896974283828,True,True
lp_controls,consumption,PH2M,contractionary,mp_pos_x_ph2m,cP,1.0,29,-0.026334317606744,-0.043182241390432,-0.0094863938230561,0.0078032329793046,-0.0009335414922852,-0.01076138668229181,0.015572930924452192,True,True
lp_controls,consumption,PH2M,contractionary,mp_pos_x_ph2m,cP,1.0,30,-0.0196562041964654,-0.0381025013414578,-0.0012099070514729,0.0078032329793046,-0.0009316109330283,-0.010739132187073046,0.008917072009392353,True,True
lp_controls,consumption,PH2M,contractionary,mp_pos_x_ph2m,cP,1.0,31,-0.0207025609891652,-0.0359784822125685,-0.0054266397657619,0.0078032329793046,-0.0009297812153002,-0.010718040141187298,0.009984520847977902,True,True
lp_controls,consumption,PH2M,contractionary,mp_pos_x_ph2m,cP,1.0,32,-0.0181693008394836,-0.0376692912482592,0.0013306895692919,0.0078032329793046,-0.0009280444947294,-0.010698020118750245,0.007471280720733355,True,True
lp_controls,consumption,PH2M,contractionary,mp_pos_x_ph2m,cP,1.0,33,-0.017722153520696,-0.0323566662998141,-0.003087640741578,0.0078032329793046,-0.0009263921102402,-0.010678972279331159,0.007043181241364842,True,True
lp_controls,consumption,PH2M,contractionary,mp_pos_x_ph2m,cP,1.0,34,-0.0118706323750166,-0.0271882716711255,0.0034470069210923,0.0078032329793046,-0.0009248138643383,-0.010660779071455082,0.0012098533035615183,True,True
lp_controls,consumption,PH2M,contractionary,mp_pos_x_ph2m,cP,1.0,35,-0.0081375433170314,-0.0229953450969291,0.0067202584628662,0.0078032329793046,-0.0009232968863601,-0.0106432921287248,-0.0025057488116934003,True,True
lp_controls,consumption,PH2M,contractionary,mp_pos_x_ph2m,cP,1.0,36,-0.0185795172833773,-0.0317410757011228,-0.0054179588656319,0.0078032329793046,-0.0009218238557814,-0.010626311789036388,0.007953205494340913,True,True
lp_controls,consumption,PH2M,contractionary,mp_pos_x_ph2m,cP,1.0,37,-0.0201957199344957,-0.0324955076210559,-0.0078959322479356,0.0078032329793046,-0.0009203702765454,-0.010609555674432787,0.009586164260062913,True,True
lp_controls,consumption,PH2M,contractionary,mp_pos_x_ph2m,cP,1.0,38,-0.0208686352299541,-0.0350994170061397,-0.0066378534537684,0.0078032329793046,-0.0009189004423406,-0.01059261218090044,0.010276023049053661,True,True
lp_controls,consumption,PH2M,contractionary,mp_pos_x_ph2m,cP,1.0,39,-0.0170413687172411,-0.0314209333891485,-0.0026618040453337,0.0078032329793046,-0.0009173618570086,-0.010574876159697117,0.006466492557543984,True,True
lp_controls,consumption,PH2M,contractionary,mp_pos_x_ph2m,cP,1.0,40,-0.0094494410565816,-0.0235489905767616,0.0046501084635984,0.0078032329793046,-0.0009156785950742,-0.01055547238095417,-0.0011060313243725708,True,True
lp_controls,consumption,PH2M,contractionary,mp_pos_x_ph2m,cP,1.0,41,-0.0145884269638441,-0.0292861110860299,0.0001092571583415771,0.0078032329793046,-0.0009137465381333,-0.010533200621203744,0.004055226342640356,True,True
lp_controls,consumption,PH2M,contractionary,mp_pos_x_ph2m,cP,1.0,42,-0.0192408769462164,-0.0332345277654997,-0.0052472261269332,0.0078032329793046,-0.0009114405619716,-0.010506618512790486,0.008734258433425915,True,True
lp_controls,consumption,PH2M,contractionary,mp_pos_x_ph2m,cP,1.0,43,-0.0086948347307991,-0.0219719713921175,0.0045823019305192,0.0078032329793046,-0.0009086630861302,-0.01047460119831969,-0.0017797664675205903,True,True
lp_controls,consumption,PH2M,contractionary,mp_pos_x_ph2m,cP,1.0,44,-0.0085352861816689,-0.0216534799598744,0.0045829075965366,0.0078032329793046,-0.0009055132020854,-0.010438290953418312,-0.0019030047717494124,True,True
lp_controls,consumption,PH2M,contractionary,mp_pos_x_ph2m,cP,1.0,45,-0.0129565636300483,-0.0245849998885004,-0.0013281273715963,0.0078032329793046,-0.0009027728326612,-0.010406701382660236,0.002549862247388065,True,True
lp_controls,consumption,PH2M,contractionary,mp_pos_x_ph2m,cP,1.0,46,-0.0152102791746704,-0.027411583690358,-0.0030089746589828,0.0078032329793046,-0.000903070416875,-0.010410131780582246,0.004800147394088154,True,True
lp_controls,consumption,PH2M,contractionary,mp_pos_x_ph2m,cP,1.0,47,-0.0164987052869056,-0.0318394168159991,-0.0011579937578121,0.0078032329793046,-0.0009117949075047,-0.010510703226038203,0.005988002060867395,True,True
lp_controls,consumption,PH2M,expansionary,mp_neg_x_ph2m,cP,-1.0,0,-0.0001506999218977006,-0.0116472326528042,0.0113458328090088,0.0115285465340016,-0.0016621351724325,0.028307462089277112,0.028458162011174813,False,False
lp_controls,consumption,PH2M,expansionary,mp_neg_x_ph2m,cP,-1.0,1,0.0022003631432117,-0.0069400836183046,0.0113408099047281,0.0115285465340016,-0.0008007125459783,0.013636760966027728,0.011436397822816028,False,True
lp_controls,consumption,PH2M,expansionary,mp_neg_x_ph2m,cP,-1.0,2,0.00010922945425066572,-0.0125065177314175,0.0127249766399188,0.0115285465340016,-0.0011840124942851,0.020164658898442878,0.02005542944419221,False,True
lp_controls,consumption,PH2M,expansionary,mp_neg_x_ph2m,cP,-1.0,3,0.0011948110312387,-0.0106865364263247,0.0130761584888021,0.0115285465340016,-0.0009938880879302,0.016926691545125105,0.015731880513886406,False,True
lp_controls,consumption,PH2M,expansionary,mp_neg_x_ph2m,cP,-1.0,4,-0.0054485713797103,-0.014844047846605,0.0039469050871844,0.0115285465340016,-0.0010690344945268,0.018206493628108243,0.023655065007818544,False,False
lp_controls,consumption,PH2M,expansionary,mp_neg_x_ph2m,cP,-1.0,5,-0.010383816968945,-0.0210051621131058,0.0002375281752158565,0.0115285465340016,-0.0010225073347684,0.01741409970442083,0.027797916673365827,False,False
lp_controls,consumption,PH2M,expansionary,mp_neg_x_ph2m,cP,-1.0,6,-0.00030714740144542504,-0.0105276642597724,0.0099133694568816,0.0115285465340016,-0.0010327708516346,0.017588895424655436,0.017896042826100862,False,False
lp_controls,consumption,PH2M,expansionary,mp_neg_x_ph2m,cP,-1.0,7,-0.0038250639803339,-0.017818034999273,0.0101679070386052,0.0115285465340016,-0.0010174598016972,0.01732813626809678,0.02115320024843068,False,False
lp_controls,consumption,PH2M,expansionary,mp_neg_x_ph2m,cP,-1.0,8,-0.0110191473297978,-0.0282215723953244,0.0061832777357286,0.0115285465340016,-0.0010145356400627,0.017278335508216107,0.028297482838013907,False,False
lp_controls,consumption,PH2M,expansionary,mp_neg_x_ph2m,cP,-1.0,9,-0.0052626262398174,-0.0152561108735119,0.0047308583938771,0.0115285465340016,-0.001006453213497,0.01714068546182242,0.022403311701639818,False,False
lp_controls,consumption,PH2M,expansionary,mp_neg_x_ph2m,cP,-1.0,10,-0.00497807975441,-0.0166346659423402,0.0066785064335202,0.0115285465340016,-0.0010012752519128,0.017052500725902312,0.022030580480312312,False,False
lp_controls,consumption,PH2M,expansionary,mp_neg_x_ph2m,cP,-1.0,11,0.0008851632474602591,-0.011648443700018,0.0134187701949385,0.0115285465340016,-0.0009952529071674,0.016949935484280313,0.016064772236820055,False,True
lp_controls,consumption,PH2M,expansionary,mp_neg_x_ph2m,cP,-1.0,12,-0.0014657625493852,-0.0112763741887922,0.0083448490900217,0.0115285465340016,-0.0009900878272186,0.016861970132686938,0.018327732682072138,False,False
lp_controls,consumption,PH2M,expansionary,mp_neg_x_ph2m,cP,-1.0,13,0.0031659841475238,-0.0112991616242354,0.017631129919283,0.0115285465340016,-0.0009849688050574,0.016774789181242252,0.013608805033718452,True,True
lp_controls,consumption,PH2M,expansionary,mp_neg_x_ph2m,cP,-1.0,14,-0.0004369783393019917,-0.0146464123540224,0.0137724556754184,0.0115285465340016,-0.0009802453081014,0.01669434433341733,0.01713132267271932,False,False
lp_controls,consumption,PH2M,expansionary,mp_neg_x_ph2m,cP,-1.0,15,-0.0077648256981586,-0.0208869428284024,0.0053572914320851,0.0115285465340016,-0.0009757327409918,0.016617491785863463,0.024382317484022063,False,False
lp_controls,consumption,PH2M,expansionary,mp_neg_x_ph2m,cP,-1.0,16,0.0039661367669176,-0.0087002614289787,0.0166325349628141,0.0115285465340016,-0.0009714941765521,0.01654530571809969,0.01257916895118209,True,True
lp_controls,consumption,PH2M,expansionary,mp_neg_x_ph2m,cP,-1.0,17,-0.0035780356677492,-0.0173697873029085,0.01021371596741,0.0115285465340016,-0.0009674796582062,0.01647693533055957,0.02005497099830877,False,False
lp_controls,consumption,PH2M,expansionary,mp_neg_x_ph2m,cP,-1.0,18,3.239226081121944e-05,-0.0147986935327931,0.0148634780544156,0.0115285465340016,-0.0009636925260909,0.01641243750838543,0.01638004524757421,False,True
lp_controls,consumption,PH2M,expansionary,mp_neg_x_ph2m,cP,-1.0,19,0.0080292147036458,-0.0079560472689823,0.0240144766762741,0.0115285465340016,-0.0009601126226345,0.016351468952364195,0.008322254248718396,True,True
lp_controls,consumption,PH2M,expansionary,mp_neg_x_ph2m,cP,-1.0,20,0.0086964836476438,-0.0033640026879118,0.0207569699831996,0.0115285465340016,-0.0009567316565796,0.016293888455897017,0.007597404808253218,True,True
lp_controls,consumption,PH2M,expansionary,mp_neg_x_ph2m,cP,-1.0,21,0.0084108404408762,-0.0086813671246512,0.0255030480064036,0.0115285465340016,-0.000953536829366,0.016239478049492818,0.007828637608616618,True,True
lp_controls,consumption,PH2M,expansionary,mp_neg_x_ph2m,cP,-1.0,22,0.0133858996313068,-0.0047357590124909,0.0315075582751045,0.0115285465340016,-0.0009505183310662,0.016188070662413047,0.002802171031106247,True,True
lp_controls,consumption,PH2M,expansionary,mp_neg_x_ph2m,cP,-1.0,23,0.0089286996465647,-0.0079455559717873,0.0258029552649168,0.0115285465340016,-0.0009476658262933,0.01613949027493459,0.007210790628369889,True,True
lp_controls,consumption,PH2M,expansionary,mp_neg_x_ph2m,cP,-1.0,24,0.0109976786246138,-0.0060656305105804,0.0280609877598081,0.0115285465340016,-0.0009449700193473,0.016093578574015447,0.005095899949401647,True,True
lp_controls,consumption,PH2M,expansionary,mp_neg_x_ph2m,cP,-1.0,25,0.0187016948661841,-0.000905044338820344,0.0383084340711886,0.0115285465340016,-0.0009424218745048,0.016050181674218487,-0.0026515131919656147,True,True
lp_controls,consumption,PH2M,expansionary,mp_neg_x_ph2m,cP,-1.0,26,0.012290786897048,-0.0072666350038343,0.0318482087979304,0.0115285465340016,-0.0009400129133599,0.01600915518165952,0.0037183682846115215,True,True
lp_controls,consumption,PH2M,expansionary,mp_neg_x_ph2m,cP,-1.0,27,0.0151294983485242,-0.0045316263168083,0.0347906230138567,0.0115285465340016,-0.0009377350059506,0.015970360636726525,0.0008408622882023244,True,True
lp_controls,consumption,PH2M,expansionary,mp_neg_x_ph2m,cP,-1.0,28,0.0197683305974875,0.00010358737667785676,0.0394330738182972,0.0115285465340016,-0.0009355803785192,0.01593366564624533,-0.00383466495124217,True,True
lp_controls,consumption,PH2M,expansionary,mp_neg_x_ph2m,cP,-1.0,29,-0.0038768214081178,-0.0249412170094538,0.0171875741932181,0.0115285465340016,-0.0009335414922852,0.01589894181888727,0.01977576322700507,True,False
lp_controls,consumption,PH2M,expansionary,mp_neg_x_ph2m,cP,-1.0,30,-0.0160835695922815,-0.0489333605790073,0.0167662213944442,0.0115285465340016,-0.0009316109330283,0.015866062884681325,0.03194963247696282,True,False
lp_controls,consumption,PH2M,expansionary,mp_neg_x_ph2m,cP,-1.0,31,0.0170527970526313,-0.004065349175053,0.0381709432803156,0.0115285465340016,-0.0009297812153002,0.01583490136058791,-0.0012178956920433914,True,True
lp_controls,consumption,PH2M,expansionary,mp_neg_x_ph2m,cP,-1.0,32,-0.009933127781694,-0.0397831498046938,0.0199168942413057,0.0115285465340016,-0.0009280444947294,0.015805323650824602,0.0257384514325186,True,False
lp_controls,consumption,PH2M,expansionary,mp_neg_x_ph2m,cP,-1.0,33,-0.0335325648259405,-0.0777759757015112,0.0107108460496301,0.0115285465340016,-0.0009263921102402,0.015777182250497648,0.04930974707643815,False,False
lp_controls,consumption,PH2M,expansionary,mp_neg_x_ph2m,cP,-1.0,34,0.026955859488442,0.0084469270612017,0.0454647919156823,0.0115285465340016,-0.0009248138643383,0.015750303488302746,-0.011205556000139255,True,True
lp_controls,consumption,PH2M,expansionary,mp_neg_x_ph2m,cP,-1.0,35,0.0091144436961051,-0.0141023491683219,0.0323312365605321,0.0115285465340016,-0.0009232968863601,0.01572446816677151,0.006610024470666411,True,True
lp_controls,consumption,PH2M,expansionary,mp_neg_x_ph2m,cP,-1.0,36,0.0159311189046975,-0.0054724687465087,0.0373347065559038,0.0115285465340016,-0.0009218238557814,0.01569938130382891,-0.00023173760086859022,True,True
lp_controls,consumption,PH2M,expansionary,mp_neg_x_ph2m,cP,-1.0,37,0.0069190758279575,-0.0178016220277795,0.0316397736836947,0.0115285465340016,-0.0009203702765454,0.015674625712467097,0.008755549884509597,True,True
lp_controls,consumption,PH2M,expansionary,mp_neg_x_ph2m,cP,-1.0,38,-0.0243721722539013,-0.0738157969950434,0.0250714524872407,0.0115285465340016,-0.0009189004423406,0.015649593286272176,0.040021765540173476,True,False
lp_controls,consumption,PH2M,expansionary,mp_neg_x_ph2m,cP,-1.0,39,-0.0353061551376997,-0.1092492229845053,0.0386369127091058,0.0115285465340016,-0.0009173618570086,0.015623389974604713,0.05092954511230441,True,False
lp_controls,consumption,PH2M,expansionary,mp_neg_x_ph2m,cP,-1.0,40,0.0316516143945611,-0.0056627006391101,0.0689659294282323,0.0115285465340016,-0.0009156785950742,0.015594722707234021,-0.01605689168732708,True,True
lp_controls,consumption,PH2M,expansionary,mp_neg_x_ph2m,cP,-1.0,41,0.0209610706620849,-0.0101328516240291,0.0520549929481989,0.0115285465340016,-0.0009137465381333,0.015561818266298082,-0.005399252395786817,True,True
lp_controls,consumption,PH2M,expansionary,mp_neg_x_ph2m,cP,-1.0,42,0.0169742536054742,-0.0107325285189616,0.0446810357299102,0.0115285465340016,-0.0009114405619716,0.015522545688556667,-0.0014517079169175332,True,True
lp_controls,consumption,PH2M,expansionary,mp_neg_x_ph2m,cP,-1.0,43,0.0239975202282708,-0.0030906847449518,0.0510857252014936,0.0115285465340016,-0.0009086630861302,0.015475243102468403,-0.008522277125802396,True,True
lp_controls,consumption,PH2M,expansionary,mp_neg_x_ph2m,cP,-1.0,44,0.0304484716892417,0.0019396859720397,0.0589572574064437,0.0115285465340016,-0.0009055132020854,0.015421598113382888,-0.015026873575858812,True,True
lp_controls,consumption,PH2M,expansionary,mp_neg_x_ph2m,cP,-1.0,45,0.0219687051865799,0.0001608527534185576,0.0437765576197412,0.0115285465340016,-0.0009027728326612,0.015374927478603752,-0.006593777707976147,True,True
lp_controls,consumption,PH2M,expansionary,mp_neg_x_ph2m,cP,-1.0,46,0.0444489250396069,0.0165006142903158,0.0723972357888979,0.0115285465340016,-0.000903070416875,0.015379995570531666,-0.029068929469075237,False,True
lp_controls,consumption,PH2M,expansionary,mp_neg_x_ph2m,cP,-1.0,47,0.0218155959557581,-0.0044880205694698,0.0481192124809861,0.0115285465340016,-0.0009117949075047,0.015528580470150303,-0.006287015485607799,True,True
lp_controls,consumption,WH2M,contractionary,mp_pos_x_wh2m,cW,1.0,0,0.00042999910612112895,-0.0096131334093008,0.010473131621543,0.0091442313928424,-0.0013066486296879,-0.01765086780579412,-0.01808086691191525,False,False
lp_controls,consumption,WH2M,contractionary,mp_pos_x_wh2m,cW,1.0,1,-0.0103894651221423,-0.0238872072569787,0.0031082770126939,0.0091442313928424,-0.0013294483414663,-0.017958857795962225,-0.007569392673819925,True,True
lp_controls,consumption,WH2M,contractionary,mp_pos_x_wh2m,cW,1.0,2,-0.0128259325166562,-0.0311224426722586,0.0054705776389461,0.0091442313928424,-0.001751580204142,-0.023661227610930865,-0.010835295094274664,True,True
lp_controls,consumption,WH2M,contractionary,mp_pos_x_wh2m,cW,1.0,3,-0.016383339012677,-0.032514914637209,-0.0002517633881450373,0.0091442313928424,-0.0019653774944397,-0.026549309090940578,-0.01016597007826358,True,True
lp_controls,consumption,WH2M,contractionary,mp_pos_x_wh2m,cW,1.0,4,-0.0127030560782922,-0.0252764697196485,-0.0001296424369360236,0.0091442313928424,-0.0022525139797943,-0.030428093356321052,-0.017725037278028852,False,True
lp_controls,consumption,WH2M,contractionary,mp_pos_x_wh2m,cW,1.0,5,-0.0158474508783842,-0.0319339223066094,0.00023902054984098448,0.0091442313928424,-0.0024843219235218,-0.03355947181423469,-0.017712020935850486,False,True
lp_controls,consumption,WH2M,contractionary,mp_pos_x_wh2m,cW,1.0,6,-0.016119205663651,-0.0300942788743011,-0.002144132453001,0.0091442313928424,-0.0027213595137258,-0.03676149497075394,-0.02064228930710294,False,True
lp_controls,consumption,WH2M,contractionary,mp_pos_x_wh2m,cW,1.0,7,-0.0144448088227196,-0.0300373709749448,0.0011477533295054,0.0091442313928424,-0.0029368251811759,-0.039672113729645,-0.0252273049069254,False,True
lp_controls,consumption,WH2M,contractionary,mp_pos_x_wh2m,cW,1.0,8,-0.0158513592073013,-0.0324159379135885,0.0007132194989858258,0.0091442313928424,-0.00314415455911,-0.04247282339177234,-0.026621464184471037,False,True
lp_controls,consumption,WH2M,contractionary,mp_pos_x_wh2m,cW,1.0,9,-0.0217506403459489,-0.0391089858334383,-0.0043922948584595,0.0091442313928424,-0.0033381615852416,-0.04509356801572074,-0.023342927669771838,False,True
lp_controls,consumption,WH2M,contractionary,mp_pos_x_wh2m,cW,1.0,10,-0.0261482229781872,-0.0448683950281304,-0.0074280509282439,0.0091442313928424,-0.0035221943528237,-0.04757957533147628,-0.021431352353289083,False,True
lp_controls,consumption,WH2M,contractionary,mp_pos_x_wh2m,cW,1.0,11,-0.0193374645695137,-0.0388069148761136,0.00013198573708612853,0.0091442313928424,-0.0036956108535136,-0.04992217276698727,-0.030584708197473574,False,True
lp_controls,consumption,WH2M,contractionary,mp_pos_x_wh2m,cW,1.0,12,-0.0185522246098412,-0.0358362829222307,-0.0012681662974517,0.0091442313928424,-0.0038595595871612,-0.0521368748366878,-0.033584650226846605,False,True
lp_controls,consumption,WH2M,contractionary,mp_pos_x_wh2m,cW,1.0,13,-0.0276619257390067,-0.045851817262269,-0.0094720342157444,0.0091442313928424,-0.0040143156903356,-0.054227398223930495,-0.026565472484923795,False,True
lp_controls,consumption,WH2M,contractionary,mp_pos_x_wh2m,cW,1.0,14,-0.0253136127656957,-0.0436577449646698,-0.0069694805667215,0.0091442313928424,-0.0041605124772893,-0.0562022980566177,-0.030888685290922,False,True
lp_controls,consumption,WH2M,contractionary,mp_pos_x_wh2m,cW,1.0,15,-0.0277655638962105,-0.0475845287030681,-0.007946599089353,0.0091442313928424,-0.0042985758199701,-0.058067327227518006,-0.030301763331307505,False,True
lp_controls,consumption,WH2M,contractionary,mp_pos_x_wh2m,cW,1.0,16,-0.0230129864643124,-0.0445807689379022,-0.0014452039907226,0.0091442313928424,-0.0044289874467342,-0.05982899316589771,-0.03681600670158531,False,True
lp_controls,consumption,WH2M,contractionary,mp_pos_x_wh2m,cW,1.0,17,-0.0239909400551995,-0.0460502368058791,-0.00193164330452,0.0091442313928424,-0.0045521657167622,-0.06149294727828213,-0.03750200722308263,False,True
lp_controls,consumption,WH2M,contractionary,mp_pos_x_wh2m,cW,1.0,18,-0.0282859385221194,-0.0509060229469998,-0.0056658540972389,0.0091442313928424,-0.0046685227347768,-0.06306475648282908,-0.03477881796070968,False,True
lp_controls,consumption,WH2M,contractionary,mp_pos_x_wh2m,cW,1.0,19,-0.025950023481569,-0.0494276579191302,-0.0024723890440079,0.0091442313928424,-0.004778440000203,-0.0645495742659202,-0.038599550784351205,False,True
lp_controls,consumption,WH2M,contractionary,mp_pos_x_wh2m,cW,1.0,20,-0.0224822105086218,-0.0449446043070784,-1.9816710165135653e-05,0.0091442313928424,-0.0048822815271095,-0.06595231791293742,-0.04347010740431562,False,True
lp_controls,consumption,WH2M,contractionary,mp_pos_x_wh2m,cW,1.0,21,-0.0327056690173986,-0.0547845113452305,-0.0106268266895666,0.0091442313928424,-0.004980389573926,-0.06727761082313342,-0.03457194180573482,False,True
lp_controls,consumption,WH2M,contractionary,mp_pos_x_wh2m,cW,1.0,22,-0.0313698808515347,-0.0560021910302418,-0.0067375706728276,0.0091442313928424,-0.0050730882969134,-0.06852983186254732,-0.037159951011012625,False,True
lp_controls,consumption,WH2M,contractionary,mp_pos_x_wh2m,cW,1.0,23,-0.0194719228670442,-0.0458945009693006,0.0069506552352121,0.0091442313928424,-0.0051606836550125,-0.0697131140786529,-0.05024119121160869,False,True
lp_controls,consumption,WH2M,contractionary,mp_pos_x_wh2m,cW,1.0,24,-0.042945453896272,-0.0674528226318251,-0.0184380851607189,0.0091442313928424,-0.005243464955626,-0.07083136558156046,-0.027885911685288457,False,True
lp_controls,consumption,WH2M,contractionary,mp_pos_x_wh2m,cW,1.0,25,-0.0391875709465277,-0.0636038698866177,-0.0147712720064377,0.0091442313928424,-0.0053217055594547,-0.0718882790652992,-0.032700708118771495,False,True
lp_controls,consumption,WH2M,contractionary,mp_pos_x_wh2m,cW,1.0,26,-0.0314425089374292,-0.0584445649374952,-0.0044404529373632,0.0091442313928424,-0.0053956638930924,-0.07288734548645916,-0.04144483654902996,False,True
lp_controls,consumption,WH2M,contractionary,mp_pos_x_wh2m,cW,1.0,27,-0.0335394416470242,-0.0573133933541103,-0.009765489939938,0.0091442313928424,-0.005465584242406,-0.07383186478156918,-0.04029242313454498,False,True
lp_controls,consumption,WH2M,contractionary,mp_pos_x_wh2m,cW,1.0,28,-0.0401747746923626,-0.0637488097004444,-0.0166007396842808,0.0091442313928424,-0.0055316975715599,-0.07472495693089105,-0.03455018223852845,False,True
lp_controls,consumption,WH2M,contractionary,mp_pos_x_wh2m,cW,1.0,29,-0.0150593301445933,-0.0510145041447436,0.0208958438555569,0.0091442313928424,-0.0055942222547295,-0.07556957184277396,-0.060510241698180665,False,True
lp_controls,consumption,WH2M,contractionary,mp_pos_x_wh2m,cW,1.0,30,-0.0212150824460297,-0.0517143784365832,0.0092842135445238,0.0091442313928424,-0.0056533647699303,-0.07636849872624749,-0.05515341628021779,False,True
lp_controls,consumption,WH2M,contractionary,mp_pos_x_wh2m,cW,1.0,31,-0.0193119431185437,-0.0468169948748226,0.0081931086377352,0.0091442313928424,-0.0057093203253087,-0.07712437455127309,-0.05781243143272939,False,True
lp_controls,consumption,WH2M,contractionary,mp_pos_x_wh2m,cW,1.0,32,-0.0198295247177624,-0.048576231749562,0.008917182314037,0.0091442313928424,-0.0057622734182009,-0.07783969160079345,-0.058010166883031046,False,True
lp_controls,consumption,WH2M,contractionary,mp_pos_x_wh2m,cW,1.0,33,-0.0194355391979437,-0.0493796252778324,0.0105085468819448,0.0091442313928424,-0.0058123983033078,-0.07851680379507466,-0.05908126459713095,False,True
lp_controls,consumption,WH2M,contractionary,mp_pos_x_wh2m,cW,1.0,34,-0.0206640794122194,-0.0563989988894719,0.0150708400650331,0.0091442313928424,-0.0058598593418895,-0.07915793140880151,-0.05849385199658211,False,True
lp_controls,consumption,WH2M,contractionary,mp_pos_x_wh2m,cW,1.0,35,-0.0213613057675434,-0.0524948789638729,0.0097722674287861,0.0091442313928424,-0.0059048111830402,-0.07976516351983017,-0.058403857752286764,False,True
lp_controls,consumption,WH2M,contractionary,mp_pos_x_wh2m,cW,1.0,36,-0.0220638913765131,-0.0597215478408937,0.0155937650878675,0.0091442313928424,-0.0059473987061081,-0.08034045723136703,-0.058276565854853926,False,True
lp_controls,consumption,WH2M,contractionary,mp_pos_x_wh2m,cW,1.0,37,-0.0174454402042331,-0.0570618406764692,0.0221709602680029,0.0091442313928424,-0.005987756625922,-0.08088563233917098,-0.06344019213493789,False,True
lp_controls,consumption,WH2M,contractionary,mp_pos_x_wh2m,cW,1.0,38,-0.0066231893674791,-0.0391013085281686,0.0258549297932103,0.0091442313928424,-0.0060260086483255,-0.08140235992408394,-0.07477917055660484,False,True
lp_controls,consumption,WH2M,contractionary,mp_pos_x_wh2m,cW,1.0,39,-0.005140801909369,-0.0366537837044219,0.0263721798856837,0.0091442313928424,-0.0060622661112464,-0.08189214399491189,-0.07675134208554289,False,True
lp_controls,consumption,WH2M,contractionary,mp_pos_x_wh2m,cW,1.0,40,-0.0029757327203889,-0.0433183447413873,0.0373668793006094,0.0091442313928424,-0.0060966263010579,-0.08235629874498393,-0.07938056602459503,False,True
lp_controls,consumption,WH2M,contractionary,mp_pos_x_wh2m,cW,1.0,41,-0.0101853688607346,-0.0490871416282618,0.0287164039067925,0.0091442313928424,-0.0061291714837173,-0.08279593546428597,-0.07261056660355138,False,True
lp_controls,consumption,WH2M,contractionary,mp_pos_x_wh2m,cW,1.0,42,-0.0127655358251734,-0.0471771249969347,0.0216460533465877,0.0091442313928424,-0.0061599721446246,-0.08321200630510237,-0.07044647047992897,False,True
lp_controls,consumption,WH2M,contractionary,mp_pos_x_wh2m,cW,1.0,43,-0.0022624239098873,-0.0313908257244804,0.0268659779047056,0.0091442313928424,-0.0061891045227796,-0.0836055411422415,-0.0813431172323542,False,True
lp_controls,consumption,WH2M,contractionary,mp_pos_x_wh2m,cW,1.0,44,-0.0097373902230348,-0.0405947460572377,0.0211199656111681,0.0091442313928424,-0.0062167090618612,-0.08397843715965485,-0.07424104693662005,False,True
lp_controls,consumption,WH2M,contractionary,mp_pos_x_wh2m,cW,1.0,45,-0.0093809423869822,-0.0440245713868506,0.0252626866128861,0.0091442313928424,-0.0062431499832969,-0.08433561444383139,-0.07495467205684919,False,True
lp_controls,consumption,WH2M,contractionary,mp_pos_x_wh2m,cW,1.0,46,0.0060877009461838,-0.021134755174678,0.0333101570670458,0.0091442313928424,-0.0062693089852041,-0.08468898341702336,-0.09077668436320716,False,False
lp_controls,consumption,WH2M,contractionary,mp_pos_x_wh2m,cW,1.0,47,0.0059975601192482,-0.0217561221311997,0.0337512423696962,0.0091442313928424,-0.0062955381748905,-0.08504330052208803,-0.09104086064133622,False,False
lp_controls,consumption,WH2M,expansionary,mp_neg_x_wh2m,cW,-1.0,0,0.0023135019679142,-0.0064994154056968,0.0111264193415254,0.0135063367525997,-0.0013066486296879,0.026070924314894436,0.023757422346980236,False,True
lp_controls,consumption,WH2M,expansionary,mp_neg_x_wh2m,cW,-1.0,1,1.757703656264918e-05,-0.0150468908687192,0.0150820449418445,0.0135063367525997,-0.0013294483414663,0.026525835870052188,0.026508258833489538,False,True
lp_controls,consumption,WH2M,expansionary,mp_neg_x_wh2m,cW,-1.0,2,0.0086453733396555,-0.0035337265990393,0.0208244732783504,0.0135063367525997,-0.001751580204142,0.03494842752374893,0.02630305418409343,False,True
lp_controls,consumption,WH2M,expansionary,mp_neg_x_wh2m,cW,-1.0,3,0.0077340724679068,-0.0015001675915437,0.0169683125273573,0.0135063367525997,-0.0019653774944397,0.03921422082688981,0.03148014835898301,False,True
lp_controls,consumption,WH2M,expansionary,mp_neg_x_wh2m,cW,-1.0,4,0.0058211721223837,-0.0095265014959512,0.0211688457407187,0.0135063367525997,-0.0022525139797943,0.044943315403380986,0.039122143280997286,False,True
lp_controls,consumption,WH2M,expansionary,mp_neg_x_wh2m,cW,-1.0,5,0.0068581407456099,-0.0083852341404279,0.0221015156316477,0.0135063367525997,-0.0024843219235218,0.04956846651072533,0.04271032576511543,False,True
lp_controls,consumption,WH2M,expansionary,mp_neg_x_wh2m,cW,-1.0,6,0.0065307005191165,-0.009463542543098,0.0225249435813311,0.0135063367525997,-0.0027213595137258,0.054297962209557175,0.047767261690440675,False,True
lp_controls,consumption,WH2M,expansionary,mp_neg_x_wh2m,cW,-1.0,7,0.021854251771301,0.003730074239693,0.0399784293029091,0.0135063367525997,-0.0029368251811759,0.058597043830215585,0.036742792058914585,False,True
lp_controls,consumption,WH2M,expansionary,mp_neg_x_wh2m,cW,-1.0,8,0.0172649913199548,0.0011886078692424,0.0333413747706672,0.0135063367525997,-0.00314415455911,0.06273378602514305,0.045468794705188255,False,True
lp_controls,consumption,WH2M,expansionary,mp_neg_x_wh2m,cW,-1.0,9,0.0028685248675897,-0.0133321371555125,0.019069186890692,0.0135063367525997,-0.0033381615852416,0.06660471381698775,0.06373618894939805,False,True
lp_controls,consumption,WH2M,expansionary,mp_neg_x_wh2m,cW,-1.0,10,0.0011666386961443,-0.0207980777022313,0.0231313550945201,0.0135063367525997,-0.0035221943528237,0.07027663008130089,0.06910999138515658,False,True
lp_controls,consumption,WH2M,expansionary,mp_neg_x_wh2m,cW,-1.0,11,0.0012026062774655,-0.0178799258881515,0.0202851384430827,0.0135063367525997,-0.0036956108535136,0.07373672513801106,0.07253411886054556,False,True
lp_controls,consumption,WH2M,expansionary,mp_neg_x_wh2m,cW,-1.0,12,-0.0015814141587411,-0.0234218840887888,0.0202590557713065,0.0135063367525997,-0.0038595595871612,0.07700791444578259,0.0785893286045237,False,False
lp_controls,consumption,WH2M,expansionary,mp_neg_x_wh2m,cW,-1.0,13,0.0076418425725389,-0.0188615124480456,0.0341451975931236,0.0135063367525997,-0.0040143156903356,0.08009568767070188,0.07245384509816298,False,True
lp_controls,consumption,WH2M,expansionary,mp_neg_x_wh2m,cW,-1.0,14,0.0181096767667405,-0.0027068517939883,0.0389262053274695,0.0135063367525997,-0.0041605124772893,0.08301268102388899,0.0649030042571485,False,True
lp_controls,consumption,WH2M,expansionary,mp_neg_x_wh2m,cW,-1.0,15,0.0207692790634977,-0.0014137166467313,0.0429522747737268,0.0135063367525997,-0.0042985758199701,0.08576739172109625,0.06499811265759856,False,True
lp_controls,consumption,WH2M,expansionary,mp_neg_x_wh2m,cW,-1.0,16,0.0056754358042406,-0.0140701340768461,0.0254210056853273,0.0135063367525997,-0.0044289874467342,0.08836943145381398,0.08269399564957339,False,True
lp_controls,consumption,WH2M,expansionary,mp_neg_x_wh2m,cW,-1.0,17,0.0111391215181614,-0.0116590248086472,0.0339372678449701,0.0135063367525997,-0.0045521657167622,0.09082714753920619,0.07968802602104479,False,True
lp_controls,consumption,WH2M,expansionary,mp_neg_x_wh2m,cW,-1.0,18,0.0167878389124388,-0.0050207963810299,0.0385964742059077,0.0135063367525997,-0.0046685227347768,0.09314876250228163,0.07636092358984282,False,True
lp_controls,consumption,WH2M,expansionary,mp_neg_x_wh2m,cW,-1.0,19,0.0168338348561618,-0.0043507628038295,0.0380184325161533,0.0135063367525997,-0.004778440000203,0.09534188821543613,0.07850805335927433,False,True
lp_controls,consumption,WH2M,expansionary,mp_neg_x_wh2m,cW,-1.0,20,0.0227931377374094,0.0011048907992024,0.0444813846756165,0.0135063367525997,-0.0048822815271095,0.09741378767425933,0.07462064993684993,False,True
lp_controls,consumption,WH2M,expansionary,mp_neg_x_wh2m,cW,-1.0,21,0.0293703930694897,0.0075413985743627,0.0511993875646166,0.0135063367525997,-0.004980389573926,0.09937128979466182,0.07000089672517212,False,True
lp_controls,consumption,WH2M,expansionary,mp_neg_x_wh2m,cW,-1.0,22,0.0146524472432821,-0.0086164127572878,0.0379213072438521,0.0135063367525997,-0.0050730882969134,0.10122086230878839,0.08656841506550629,False,True
lp_controls,consumption,WH2M,expansionary,mp_neg_x_wh2m,cW,-1.0,23,0.0231147052091428,-0.0054408955717152,0.051670305990001,0.0135063367525997,-0.0051606836550125,0.10296860986651031,0.07985390465736751,False,True
lp_controls,consumption,WH2M,expansionary,mp_neg_x_wh2m,cW,-1.0,24,0.0216347820142919,-0.0073461380058082,0.0506157020343921,0.0135063367525997,-0.005243464955626,0.10462030487766152,0.08298552286336963,False,True
lp_controls,consumption,WH2M,expansionary,mp_neg_x_wh2m,cW,-1.0,25,0.0297908691553504,0.0061062547075011,0.0534754836031998,0.0135063367525997,-0.0053217055594547,0.10618140157529239,0.076390532419942,False,True
lp_controls,consumption,WH2M,expansionary,mp_neg_x_wh2m,cW,-1.0,26,0.0268628464440135,0.0045238406885793,0.0492018521994477,0.0135063367525997,-0.0053956638930924,0.10765705621948295,0.08079420977546944,False,True
lp_controls,consumption,WH2M,expansionary,mp_neg_x_wh2m,cW,-1.0,27,0.0210126538612013,-0.006258034767922,0.0482833424903248,0.0135063367525997,-0.005465584242406,0.10905214292727007,0.08803948906606877,False,True
lp_controls,consumption,WH2M,expansionary,mp_neg_x_wh2m,cW,-1.0,28,0.0268840003142986,0.0025136748615739,0.0512543257670233,0.0135063367525997,-0.0055316975715599,0.11037127001424274,0.08348726969994413,False,True
lp_controls,consumption,WH2M,expansionary,mp_neg_x_wh2m,cW,-1.0,29,0.0205696765448856,-0.0058832132729422,0.0470225663627135,0.0135063367525997,-0.0055942222547295,0.1116187945940655,0.0910491180491799,False,True
lp_controls,consumption,WH2M,expansionary,mp_neg_x_wh2m,cW,-1.0,30,0.0242381034292107,-0.0067686485264272,0.0552448553848487,0.0135063367525997,-0.0056533647699303,0.11279883642211293,0.08856073299290224,False,True
lp_controls,consumption,WH2M,expansionary,mp_neg_x_wh2m,cW,-1.0,31,0.0113702015376487,-0.012176995534063,0.0349173986093606,0.0135063367525997,-0.0057093203253087,0.11391529039154509,0.10254508885389639,False,True
lp_controls,consumption,WH2M,expansionary,mp_neg_x_wh2m,cW,-1.0,32,0.0179375762539333,-0.0061302076899581,0.0420053601978248,0.0135063367525997,-0.0057622734182009,0.11497183768793791,0.0970342614340046,False,True
lp_controls,consumption,WH2M,expansionary,mp_neg_x_wh2m,cW,-1.0,33,0.0347678180838283,0.0095424939561497,0.0599931422115069,0.0135063367525997,-0.0058123983033078,0.11597195513054899,0.08120413704672069,False,True
lp_controls,consumption,WH2M,expansionary,mp_neg_x_wh2m,cW,-1.0,34,0.0107525778992633,-0.0290749205175754,0.050580076316102,0.0135063367525997,-0.0058598593418895,0.11691892213962574,0.10616634424036243,False,True
lp_controls,consumption,WH2M,expansionary,mp_neg_x_wh2m,cW,-1.0,35,-0.0105521094793174,-0.0508590809113972,0.0297548619527622,0.0135063367525997,-0.0059048111830402,0.11781582435329507,0.12836793383261247,False,False
lp_controls,consumption,WH2M,expansionary,mp_neg_x_wh2m,cW,-1.0,36,-0.0208796407906187,-0.0544155397325098,0.0126562581512723,0.0135063367525997,-0.0059473987061081,0.11866555247869573,0.13954519326931442,False,False
lp_controls,consumption,WH2M,expansionary,mp_neg_x_wh2m,cW,-1.0,37,-0.0022319020901321,-0.0420132206217978,0.0375494164415335,0.0135063367525997,-0.005987756625922,0.11947079441525682,0.12170269650538892,False,False
lp_controls,consumption,WH2M,expansionary,mp_neg_x_wh2m,cW,-1.0,38,0.0031680068753723,-0.0366213920981258,0.0429574058488704,0.0135063367525997,-0.0060260086483255,0.12023401840548248,0.11706601153011018,False,True
lp_controls,consumption,WH2M,expansionary,mp_neg_x_wh2m,cW,-1.0,39,0.0141031278571456,-0.0339746295963897,0.0621808853106811,0.0135063367525997,-0.0060622661112464,0.12095744592087097,0.10685431806372538,False,True
lp_controls,consumption,WH2M,expansionary,mp_neg_x_wh2m,cW,-1.0,40,-0.0267521584666595,-0.097282271571151,0.043777954637832,0.0135063367525997,-0.0060966263010579,0.1216430180690888,0.1483951765357483,False,False
lp_controls,consumption,WH2M,expansionary,mp_neg_x_wh2m,cW,-1.0,41,-0.0289050343838246,-0.0921114260628782,0.0343013572952288,0.0135063367525997,-0.0061291714837173,0.12229237626275276,0.15119741064657735,False,False
lp_controls,consumption,WH2M,expansionary,mp_neg_x_wh2m,cW,-1.0,42,-0.0350464642458301,-0.0997694167056936,0.0296764882140334,0.0135063367525997,-0.0061599721446246,0.12290692686275204,0.15795339110858214,False,False
lp_controls,consumption,WH2M,expansionary,mp_neg_x_wh2m,cW,-1.0,43,-0.0297516167362193,-0.0956665162200092,0.0361632827475704,0.0135063367525997,-0.0061891045227796,0.12348819102875302,0.1532398077649723,False,False
lp_controls,consumption,WH2M,expansionary,mp_neg_x_wh2m,cW,-1.0,44,-0.0252495634540723,-0.0861982555462232,0.0356991286380786,0.0135063367525997,-0.0062167090618612,0.12403897096514332,0.14928853441921563,False,False
lp_controls,consumption,WH2M,expansionary,mp_neg_x_wh2m,cW,-1.0,45,-0.0335806306326536,-0.1073105374694022,0.0401492762040949,0.0135063367525997,-0.0062431499832969,0.12456653380484174,0.15814716443749535,False,False
lp_controls,consumption,WH2M,expansionary,mp_neg_x_wh2m,cW,-1.0,46,-0.0324935986361654,-0.1122566468389976,0.0472694495666667,0.0135063367525997,-0.0062693089852041,0.12508847164136533,0.15758207027753074,False,False
lp_controls,consumption,WH2M,expansionary,mp_neg_x_wh2m,cW,-1.0,47,-0.0140151683338975,-0.0704861985537289,0.0424558618859339,0.0135063367525997,-0.0062955381748905,0.12561180990049509,0.13962697823439257,False,False
lp_income,income,PH2M,contractionary,mp_pos_x_ph2m,cP,1.0,0,-0.0160633151498368,-0.0321902686421612,6.36383424876653e-05,0.0078032329793046,-0.0016621351724325,-0.019160240285623433,-0.0030969251357866323,True,True
lp_income,income,PH2M,contractionary,mp_pos_x_ph2m,cP,1.0,1,-0.0125601717422333,-0.0279032222800165,0.0027828787955498,0.0078032329793046,-0.0008007125459783,-0.009230202834950577,0.003329968907282722,True,True
lp_income,income,PH2M,contractionary,mp_pos_x_ph2m,cP,1.0,2,0.0073852675265257,-0.007831996530973,0.0226025315840245,0.0078032329793046,-0.0011840124942851,-0.01364868770479264,-0.02103395523131834,False,False
lp_income,income,PH2M,contractionary,mp_pos_x_ph2m,cP,1.0,3,-0.0039592427720342,-0.0151380564516605,0.007219570907592,0.0078032329793046,-0.0009938880879302,-0.011457031231636976,-0.007497788459602776,True,True
lp_income,income,PH2M,contractionary,mp_pos_x_ph2m,cP,1.0,4,-0.0016190290626198,-0.0104241920283681,0.0071861339031285,0.0078032329793046,-0.0010690344945268,-0.012323280397692983,-0.010704251335073182,False,True
lp_income,income,PH2M,contractionary,mp_pos_x_ph2m,cP,1.0,5,0.002699952753122,-0.0093358092792705,0.0147357147855145,0.0078032329793046,-0.0010225073347684,-0.011786939205012557,-0.014486891958134556,False,False
lp_income,income,PH2M,contractionary,mp_pos_x_ph2m,cP,1.0,6,-0.0148595738749748,-0.0257343296524696,-0.0039848180974799,0.0078032329793046,-0.0010327708516346,-0.011905251754192384,0.002954322120782416,True,True
lp_income,income,PH2M,contractionary,mp_pos_x_ph2m,cP,1.0,7,-0.0176408810340193,-0.0364964785201555,0.0012147164521167,0.0078032329793046,-0.0010174598016972,-0.011728753837120796,0.005912127196898502,True,True
lp_income,income,PH2M,contractionary,mp_pos_x_ph2m,cP,1.0,8,-0.0239742016613012,-0.0361879510581999,-0.0117604522644025,0.0078032329793046,-0.0010145356400627,-0.011695045604192286,0.012279156057108912,False,True
lp_income,income,PH2M,contractionary,mp_pos_x_ph2m,cP,1.0,9,-0.0098658305923757,-0.020451290708355,0.0007196295236035516,0.0078032329793046,-0.001006453213497,-0.011601875543382444,-0.0017360449510067447,True,True
lp_income,income,PH2M,contractionary,mp_pos_x_ph2m,cP,1.0,10,-0.0177131403840232,-0.0409240781762887,0.0054977974082421,0.0078032329793046,-0.0010012752519128,-0.011542186662605189,0.006170953721418012,True,True
lp_income,income,PH2M,contractionary,mp_pos_x_ph2m,cP,1.0,11,-0.0081399870511015,-0.023089284660786,0.0068093105585828,0.0078032329793046,-0.0009952529071674,-0.011472764166578074,-0.003332777115476575,True,True
lp_income,income,PH2M,contractionary,mp_pos_x_ph2m,cP,1.0,12,-0.0025864066774957,-0.0121365334547079,0.0069637200997164,0.0078032329793046,-0.0009900878272186,-0.011413223778675308,-0.008826817101179609,True,True
lp_income,income,PH2M,contractionary,mp_pos_x_ph2m,cP,1.0,13,-0.0133924746173513,-0.0333357990440775,0.0065508498093748,0.0078032329793046,-0.0009849688050574,-0.011354214321284136,0.002038260296067164,True,True
lp_income,income,PH2M,contractionary,mp_pos_x_ph2m,cP,1.0,14,-0.0260926373332507,-0.0435470037539393,-0.0086382709125621,0.0078032329793046,-0.0009802453081014,-0.011299764275243101,0.014792873058007599,True,True
lp_income,income,PH2M,contractionary,mp_pos_x_ph2m,cP,1.0,15,-0.0007996539653892821,-0.0134561474806808,0.0118568395499022,0.0078032329793046,-0.0009757327409918,-0.011247745720098516,-0.010448091754709234,True,True
lp_income,income,PH2M,contractionary,mp_pos_x_ph2m,cP,1.0,16,-0.0187362210178293,-0.0345365822035892,-0.0029358598320695,0.0078032329793046,-0.0009714941765521,-0.011198885726953735,0.007537335290875566,True,True
lp_income,income,PH2M,contractionary,mp_pos_x_ph2m,cP,1.0,17,-0.0339497309833431,-0.0521471239094173,-0.0157523380572688,0.0078032329793046,-0.0009674796582062,-0.01115260842206648,0.02279712256127662,False,True
lp_income,income,PH2M,contractionary,mp_pos_x_ph2m,cP,1.0,18,-0.0063178487498963,-0.0206310191865466,0.0079953216867539,0.0078032329793046,-0.0009636925260909,-0.011108952308817668,-0.004791103558921368,True,True
lp_income,income,PH2M,contractionary,mp_pos_x_ph2m,cP,1.0,19,-0.0071202110082323,-0.0234412591208784,0.0092008371044137,0.0078032329793046,-0.0009601126226345,-0.01106768502107742,-0.00394747401284512,True,True
lp_income,income,PH2M,contractionary,mp_pos_x_ph2m,cP,1.0,20,-0.0079062052464679,-0.0272786146508664,0.0114662041579306,0.0078032329793046,-0.0009567316565796,-0.011028710981490364,-0.003122505735022464,True,True
lp_income,income,PH2M,contractionary,mp_pos_x_ph2m,cP,1.0,21,0.0042434480720853,-0.0100145681429415,0.0185014642871123,0.0078032329793046,-0.000953536829366,-0.010991882654830242,-0.015235330726915542,False,False
lp_income,income,PH2M,contractionary,mp_pos_x_ph2m,cP,1.0,22,-0.0106597993074853,-0.0301730748506782,0.0088534762357076,0.0078032329793046,-0.0009505183310662,-0.010957086957293034,-0.0002972876498077339,True,True
lp_income,income,PH2M,contractionary,mp_pos_x_ph2m,cP,1.0,23,-0.0136291249296838,-0.0266694044318772,-0.0005888454274905553,0.0078032329793046,-0.0009476658262933,-0.010924204747848743,0.002704920181835057,True,True
lp_income,income,PH2M,contractionary,mp_pos_x_ph2m,cP,1.0,24,0.0060631442752831,-0.0067500001162945,0.0188762886668607,0.0078032329793046,-0.0009449700193473,-0.010893128870443764,-0.016956273145726862,False,False
lp_income,income,PH2M,contractionary,mp_pos_x_ph2m,cP,1.0,25,-0.0039074645203028,-0.0135142434582033,0.0056993144175976,0.0078032329793046,-0.0009424218745048,-0.01086375516590118,-0.006956290645598379,True,True
lp_income,income,PH2M,contractionary,mp_pos_x_ph2m,cP,1.0,26,-0.0122324334814753,-0.0215500947652795,-0.0029147721976712,0.0078032329793046,-0.0009400129133599,-0.010835985899513859,0.0013964475819614412,True,True
lp_income,income,PH2M,contractionary,mp_pos_x_ph2m,cP,1.0,27,6.446101827747733e-05,-0.0154584352312321,0.0155873572677871,0.0078032329793046,-0.0009377350059506,-0.010809727353256927,-0.010874188371534404,True,False
lp_income,income,PH2M,contractionary,mp_pos_x_ph2m,cP,1.0,28,0.024608855301354,0.0154984263004578,0.0337192843022501,0.0078032329793046,-0.0009355803785192,-0.010784889915245672,-0.03539374521659967,False,False
lp_income,income,PH2M,contractionary,mp_pos_x_ph2m,cP,1.0,29,-0.000343252710925775,-0.0129951289968904,0.0123086235750388,0.0078032329793046,-0.0009335414922852,-0.01076138668229181,-0.010418133971366034,True,True
lp_income,income,PH2M,contractionary,mp_pos_x_ph2m,cP,1.0,30,0.0033129453704672,-0.0098858932106972,0.0165117839516316,0.0078032329793046,-0.0009316109330283,-0.010739132187073046,-0.014052077557540246,False,False
lp_income,income,PH2M,contractionary,mp_pos_x_ph2m,cP,1.0,31,0.0164665841893634,0.0045721941643306,0.0283609742143961,0.0078032329793046,-0.0009297812153002,-0.010718040141187298,-0.027184624330550695,False,False
lp_income,income,PH2M,contractionary,mp_pos_x_ph2m,cP,1.0,32,-0.0020986650779521,-0.0121079158956598,0.0079105857397556,0.0078032329793046,-0.0009280444947294,-0.010698020118750245,-0.008599355040798146,True,True
lp_income,income,PH2M,contractionary,mp_pos_x_ph2m,cP,1.0,33,-0.0020884164584172,-0.0204346361516115,0.0162578032347771,0.0078032329793046,-0.0009263921102402,-0.010678972279331159,-0.008590555820913958,True,True
lp_income,income,PH2M,contractionary,mp_pos_x_ph2m,cP,1.0,34,0.005570516733711,-0.0098464447031383,0.0209874781705604,0.0078032329793046,-0.0009248138643383,-0.010660779071455082,-0.016231295805166083,False,False
lp_income,income,PH2M,contractionary,mp_pos_x_ph2m,cP,1.0,35,-0.0022666204062167,-0.011228546436593,0.0066953056241595,0.0078032329793046,-0.0009232968863601,-0.0106432921287248,-0.0083766717225081,True,True
lp_income,income,PH2M,contractionary,mp_pos_x_ph2m,cP,1.0,36,0.004024107454117,-0.0092100517096993,0.0172582666179334,0.0078032329793046,-0.0009218238557814,-0.010626311789036388,-0.014650419243153388,False,False
lp_income,income,PH2M,contractionary,mp_pos_x_ph2m,cP,1.0,37,0.0264941342487685,0.0139307942574547,0.0390574742400822,0.0078032329793046,-0.0009203702765454,-0.010609555674432787,-0.03710368992320129,False,False
lp_income,income,PH2M,contractionary,mp_pos_x_ph2m,cP,1.0,38,0.0006411779396640329,-0.0109285676385357,0.0122109235178638,0.0078032329793046,-0.0009189004423406,-0.01059261218090044,-0.011233790120564472,True,False
lp_income,income,PH2M,contractionary,mp_pos_x_ph2m,cP,1.0,39,0.0056452012771022,-0.0077999583354443,0.0190903608896489,0.0078032329793046,-0.0009173618570086,-0.010574876159697117,-0.01622007743679932,False,False
lp_income,income,PH2M,contractionary,mp_pos_x_ph2m,cP,1.0,40,0.0274933807845556,0.0132168925856938,0.0417698689834174,0.0078032329793046,-0.0009156785950742,-0.01055547238095417,-0.038048853165509766,False,False
lp_income,income,PH2M,contractionary,mp_pos_x_ph2m,cP,1.0,41,-0.003256755176856,-0.028626571738988,0.022113061385276,0.0078032329793046,-0.0009137465381333,-0.010533200621203744,-0.007276445444347744,True,True
lp_income,income,PH2M,contractionary,mp_pos_x_ph2m,cP,1.0,42,0.0008440405870955058,-0.0083663719112487,0.0100544530854397,0.0078032329793046,-0.0009114405619716,-0.010506618512790486,-0.011350659099885991,False,False
lp_income,income,PH2M,contractionary,mp_pos_x_ph2m,cP,1.0,43,0.0116226861895343,-0.0026950049656712,0.02594037734474,0.0078032329793046,-0.0009086630861302,-0.01047460119831969,-0.022097287387853992,False,False
lp_income,income,PH2M,contractionary,mp_pos_x_ph2m,cP,1.0,44,-0.0016238705230995,-0.0211865758235553,0.0179388347773563,0.0078032329793046,-0.0009055132020854,-0.010438290953418312,-0.008814420430318812,True,True
lp_income,income,PH2M,contractionary,mp_pos_x_ph2m,cP,1.0,45,0.0022292115006352,-0.0140643694426009,0.0185227924438714,0.0078032329793046,-0.0009027728326612,-0.010406701382660236,-0.012635912883295436,True,False
lp_income,income,PH2M,contractionary,mp_pos_x_ph2m,cP,1.0,46,0.0100634119534995,-0.0026553637120252,0.0227821876190243,0.0078032329793046,-0.000903070416875,-0.010410131780582246,-0.020473543734081744,False,False
lp_income,income,PH2M,contractionary,mp_pos_x_ph2m,cP,1.0,47,0.0020025580022742,-0.0095554145940126,0.0135605305985612,0.0078032329793046,-0.0009117949075047,-0.010510703226038203,-0.012513261228312403,False,False
lp_income,income,PH2M,expansionary,mp_neg_x_ph2m,cP,-1.0,0,0.0005420658682156112,-0.0134006886828506,0.0144848204192818,0.0115285465340016,-0.0016621351724325,0.028307462089277112,0.0277653962210615,False,True
lp_income,income,PH2M,expansionary,mp_neg_x_ph2m,cP,-1.0,1,0.0138577516954426,-0.0054314889963853,0.0331469923872707,0.0115285465340016,-0.0008007125459783,0.013636760966027728,-0.00022099072941487302,True,True
lp_income,income,PH2M,expansionary,mp_neg_x_ph2m,cP,-1.0,2,-0.0087331130656931,-0.01930990842626,0.0018436822948737,0.0115285465340016,-0.0011840124942851,0.020164658898442878,0.028897771964135975,False,False
lp_income,income,PH2M,expansionary,mp_neg_x_ph2m,cP,-1.0,3,0.0058858552130716,-0.0068810828158335,0.0186527932419769,0.0115285465340016,-0.0009938880879302,0.016926691545125105,0.011040836332053505,True,True
lp_income,income,PH2M,expansionary,mp_neg_x_ph2m,cP,-1.0,4,0.0165300909207706,-3.0114355054934225e-05,0.0330902961965962,0.0115285465340016,-0.0010690344945268,0.018206493628108243,0.0016764027073376438,True,True
lp_income,income,PH2M,expansionary,mp_neg_x_ph2m,cP,-1.0,5,-0.0038429491956395,-0.0183176821029673,0.0106317837116882,0.0115285465340016,-0.0010225073347684,0.01741409970442083,0.02125704890006033,False,False
lp_income,income,PH2M,expansionary,mp_neg_x_ph2m,cP,-1.0,6,0.0155443042253342,0.0039063160103103,0.027182292440358,0.0115285465340016,-0.0010327708516346,0.017588895424655436,0.0020445911993212367,True,True
lp_income,income,PH2M,expansionary,mp_neg_x_ph2m,cP,-1.0,7,0.0122172040498173,-0.0040572501170492,0.0284916582166839,0.0115285465340016,-0.0010174598016972,0.01732813626809678,0.005110932218279478,True,True
lp_income,income,PH2M,expansionary,mp_neg_x_ph2m,cP,-1.0,8,-0.0144224457417419,-0.0315958276672759,0.002750936183792,0.0115285465340016,-0.0010145356400627,0.017278335508216107,0.03170078124995801,False,False
lp_income,income,PH2M,expansionary,mp_neg_x_ph2m,cP,-1.0,9,0.0144514948960241,0.0042932614116213,0.0246097283804268,0.0115285465340016,-0.001006453213497,0.01714068546182242,0.0026891905657983207,True,True
lp_income,income,PH2M,expansionary,mp_neg_x_ph2m,cP,-1.0,10,0.0041876970593145,-0.0126692370372356,0.0210446311558648,0.0115285465340016,-0.0010012752519128,0.017052500725902312,0.012864803666587812,True,True
lp_income,income,PH2M,expansionary,mp_neg_x_ph2m,cP,-1.0,11,-0.0085159498351483,-0.028332477895453,0.0113005782251564,0.0115285465340016,-0.0009952529071674,0.016949935484280313,0.025465885319428613,False,False
lp_income,income,PH2M,expansionary,mp_neg_x_ph2m,cP,-1.0,12,0.0109720640420258,-0.0038975535571772,0.0258416816412289,0.0115285465340016,-0.0009900878272186,0.016861970132686938,0.005889906090661139,True,True
lp_income,income,PH2M,expansionary,mp_neg_x_ph2m,cP,-1.0,13,0.0111162958696606,-0.0077051246965999,0.0299377164359211,0.0115285465340016,-0.0009849688050574,0.016774789181242252,0.005658493311581652,True,True
lp_income,income,PH2M,expansionary,mp_neg_x_ph2m,cP,-1.0,14,-0.0085613696741106,-0.0220886040034863,0.0049658646552649,0.0115285465340016,-0.0009802453081014,0.01669434433341733,0.025255714007527928,False,False
lp_income,income,PH2M,expansionary,mp_neg_x_ph2m,cP,-1.0,15,0.0093395478582396,-0.0046513097763083,0.0233304054927877,0.0115285465340016,-0.0009757327409918,0.016617491785863463,0.007277943927623863,True,True
lp_income,income,PH2M,expansionary,mp_neg_x_ph2m,cP,-1.0,16,0.0088021299679057,-0.0061505756747976,0.0237548356106091,0.0115285465340016,-0.0009714941765521,0.01654530571809969,0.00774317575019399,True,True
lp_income,income,PH2M,expansionary,mp_neg_x_ph2m,cP,-1.0,17,-0.017635450130799,-0.0305216032135364,-0.0047492970480616,0.0115285465340016,-0.0009674796582062,0.01647693533055957,0.03411238546135857,False,False
lp_income,income,PH2M,expansionary,mp_neg_x_ph2m,cP,-1.0,18,-0.0017245390649993,-0.0128754778968084,0.0094263997668096,0.0115285465340016,-0.0009636925260909,0.01641243750838543,0.018136976573384728,False,False
lp_income,income,PH2M,expansionary,mp_neg_x_ph2m,cP,-1.0,19,0.004395398225565,-0.0092322191043972,0.0180230155555273,0.0115285465340016,-0.0009601126226345,0.016351468952364195,0.011956070726799196,True,True
lp_income,income,PH2M,expansionary,mp_neg_x_ph2m,cP,-1.0,20,-0.0064200369316515,-0.0260273072550456,0.0131872333917425,0.0115285465340016,-0.0009567316565796,0.016293888455897017,0.022713925387548517,False,False
lp_income,income,PH2M,expansionary,mp_neg_x_ph2m,cP,-1.0,21,-0.0010354579195042,-0.0160817647561174,0.0140108489171088,0.0115285465340016,-0.000953536829366,0.016239478049492818,0.017274935968997016,False,False
lp_income,income,PH2M,expansionary,mp_neg_x_ph2m,cP,-1.0,22,0.0061675490956172,-0.0141917531379118,0.0265268513291464,0.0115285465340016,-0.0009505183310662,0.016188070662413047,0.010020521566795847,True,True
lp_income,income,PH2M,expansionary,mp_neg_x_ph2m,cP,-1.0,23,-0.0054805172584793,-0.0191093673828822,0.0081483328659235,0.0115285465340016,-0.0009476658262933,0.01613949027493459,0.02162000753341389,False,False
lp_income,income,PH2M,expansionary,mp_neg_x_ph2m,cP,-1.0,24,-0.0038755995448703,-0.0242930833826078,0.0165418842928671,0.0115285465340016,-0.0009449700193473,0.016093578574015447,0.019969178118885746,True,False
lp_income,income,PH2M,expansionary,mp_neg_x_ph2m,cP,-1.0,25,0.0027085239533469,-0.0129780065068673,0.0183950544135612,0.0115285465340016,-0.0009424218745048,0.016050181674218487,0.013341657720871586,True,True
lp_income,income,PH2M,expansionary,mp_neg_x_ph2m,cP,-1.0,26,-0.0086204874329519,-0.0274536127494513,0.0102126378835474,0.0115285465340016,-0.0009400129133599,0.01600915518165952,0.02462964261461142,False,False
lp_income,income,PH2M,expansionary,mp_neg_x_ph2m,cP,-1.0,27,-0.0145461676485647,-0.0420709057259384,0.0129785704288089,0.0115285465340016,-0.0009377350059506,0.015970360636726525,0.030516528285291226,False,False
lp_income,income,PH2M,expansionary,mp_neg_x_ph2m,cP,-1.0,28,-0.0085524675590263,-0.0263691673902522,0.0092642322721995,0.0115285465340016,-0.0009355803785192,0.01593366564624533,0.024486133205271633,False,False
lp_income,income,PH2M,expansionary,mp_neg_x_ph2m,cP,-1.0,29,-0.0005323766668450211,-0.0173679699203638,0.0163032165866737,0.0115285465340016,-0.0009335414922852,0.01589894181888727,0.01643131848573229,True,False
lp_income,income,PH2M,expansionary,mp_neg_x_ph2m,cP,-1.0,30,-0.0153904277414155,-0.035446774444042,0.004665918961211,0.0115285465340016,-0.0009316109330283,0.015866062884681325,0.031256490626096825,False,False
lp_income,income,PH2M,expansionary,mp_neg_x_ph2m,cP,-1.0,31,-0.0073864479663867,-0.0273207225105061,0.0125478265777326,0.0115285465340016,-0.0009297812153002,0.01583490136058791,0.02322134932697461,False,False
lp_income,income,PH2M,expansionary,mp_neg_x_ph2m,cP,-1.0,32,0.0016505219997921,-0.018819781270364,0.0221208252699483,0.0115285465340016,-0.0009280444947294,0.015805323650824602,0.014154801651032502,True,True
lp_income,income,PH2M,expansionary,mp_neg_x_ph2m,cP,-1.0,33,-0.0081358738129407,-0.0202286867126845,0.0039569390868029,0.0115285465340016,-0.0009263921102402,0.015777182250497648,0.023913056063438347,False,False
lp_income,income,PH2M,expansionary,mp_neg_x_ph2m,cP,-1.0,34,-0.0022520712322706,-0.014924702670542,0.0104205602060007,0.0115285465340016,-0.0009248138643383,0.015750303488302746,0.018002374720573346,False,False
lp_income,income,PH2M,expansionary,mp_neg_x_ph2m,cP,-1.0,35,-0.0069123438899467,-0.0379372136504672,0.0241125258705738,0.0115285465340016,-0.0009232968863601,0.01572446816677151,0.022636812056718213,True,False
lp_income,income,PH2M,expansionary,mp_neg_x_ph2m,cP,-1.0,36,-0.0088438006822382,-0.0255279883352008,0.0078403869707244,0.0115285465340016,-0.0009218238557814,0.01569938130382891,0.024543181986067107,False,False
lp_income,income,PH2M,expansionary,mp_neg_x_ph2m,cP,-1.0,37,-0.0062532117478081,-0.0188945797601014,0.0063881562644851,0.0115285465340016,-0.0009203702765454,0.015674625712467097,0.0219278374602752,False,False
lp_income,income,PH2M,expansionary,mp_neg_x_ph2m,cP,-1.0,38,0.0025518860865082,-0.0301572856649556,0.0352610578379721,0.0115285465340016,-0.0009189004423406,0.015649593286272176,0.013097707199763976,True,True
lp_income,income,PH2M,expansionary,mp_neg_x_ph2m,cP,-1.0,39,-0.0052817866239059,-0.0180509354789277,0.0074873622311158,0.0115285465340016,-0.0009173618570086,0.015623389974604713,0.020905176598510614,False,False
lp_income,income,PH2M,expansionary,mp_neg_x_ph2m,cP,-1.0,40,-0.0079118719635127,-0.0222147896344841,0.0063910457074585,0.0115285465340016,-0.0009156785950742,0.015594722707234021,0.02350659467074672,False,False
lp_income,income,PH2M,expansionary,mp_neg_x_ph2m,cP,-1.0,41,-0.0158806112308109,-0.04739003107704,0.0156288086154181,0.0115285465340016,-0.0009137465381333,0.015561818266298082,0.03144242949710899,True,False
lp_income,income,PH2M,expansionary,mp_neg_x_ph2m,cP,-1.0,42,0.0109031485856113,-0.0145641918130543,0.0363704889842771,0.0115285465340016,-0.0009114405619716,0.015522545688556667,0.0046193971029453666,True,True
lp_income,income,PH2M,expansionary,mp_neg_x_ph2m,cP,-1.0,43,-0.0036737922262256,-0.0150787771592032,0.0077311927067519,0.0115285465340016,-0.0009086630861302,0.015475243102468403,0.019149035328694004,False,False
lp_income,income,PH2M,expansionary,mp_neg_x_ph2m,cP,-1.0,44,0.003561934988277,-0.0326565833983818,0.0397804533749358,0.0115285465340016,-0.0009055132020854,0.015421598113382888,0.011859663125105889,True,True
lp_income,income,PH2M,expansionary,mp_neg_x_ph2m,cP,-1.0,45,-0.0250988904307515,-0.0595779239704289,0.0093801431089259,0.0115285465340016,-0.0009027728326612,0.015374927478603752,0.04047381790935525,False,False
lp_income,income,PH2M,expansionary,mp_neg_x_ph2m,cP,-1.0,46,0.0189616226312802,-0.0024635956419423,0.0403868409045028,0.0115285465340016,-0.000903070416875,0.015379995570531666,-0.0035816270607485334,True,True
lp_income,income,PH2M,expansionary,mp_neg_x_ph2m,cP,-1.0,47,0.0072845172276012,-0.0334632008701218,0.0480322353253242,0.0115285465340016,-0.0009117949075047,0.015528580470150303,0.008244063242549102,True,True
lp_income,income,WH2M,contractionary,mp_pos_x_wh2m,cW,1.0,0,-0.0066295712547564,-0.0278914947814166,0.0146323522719038,0.0091442313928424,-0.0013066486296879,-0.01765086780579412,-0.011021296551037719,True,True
lp_income,income,WH2M,contractionary,mp_pos_x_wh2m,cW,1.0,1,0.0118435579633652,-0.0014963585809583,0.0251834745076888,0.0091442313928424,-0.0013294483414663,-0.017958857795962225,-0.029802415759327426,False,False
lp_income,income,WH2M,contractionary,mp_pos_x_wh2m,cW,1.0,2,-0.0011629452923594,-0.0204680479146519,0.0181421573299329,0.0091442313928424,-0.001751580204142,-0.023661227610930865,-0.022498282318571466,False,True
lp_income,income,WH2M,contractionary,mp_pos_x_wh2m,cW,1.0,3,-0.0201709367537057,-0.0578083948507379,0.0174665213433264,0.0091442313928424,-0.0019653774944397,-0.026549309090940578,-0.006378372337234879,True,True
lp_income,income,WH2M,contractionary,mp_pos_x_wh2m,cW,1.0,4,-0.0007279834006027613,-0.0155812731382588,0.0141253063370532,0.0091442313928424,-0.0022525139797943,-0.030428093356321052,-0.02970010995571829,False,True
lp_income,income,WH2M,contractionary,mp_pos_x_wh2m,cW,1.0,5,0.0119991482655718,-0.0040529309583006,0.0280512274894443,0.0091442313928424,-0.0024843219235218,-0.03355947181423469,-0.04555862007980649,False,False
lp_income,income,WH2M,contractionary,mp_pos_x_wh2m,cW,1.0,6,-0.0399033150127451,-0.0756953615854124,-0.0041112684400779,0.0091442313928424,-0.0027213595137258,-0.03676149497075394,0.003141820041991157,True,True
lp_income,income,WH2M,contractionary,mp_pos_x_wh2m,cW,1.0,7,0.0057690029783828,-0.0172110777172815,0.0287490836740473,0.0091442313928424,-0.0029368251811759,-0.039672113729645,-0.0454411167080278,False,False
lp_income,income,WH2M,contractionary,mp_pos_x_wh2m,cW,1.0,8,0.0109021764146799,-0.005132855256964,0.0269372080863239,0.0091442313928424,-0.00314415455911,-0.04247282339177234,-0.05337499980645224,False,False
lp_income,income,WH2M,contractionary,mp_pos_x_wh2m,cW,1.0,9,-0.0140386753588628,-0.0462922983701779,0.0182149476524522,0.0091442313928424,-0.0033381615852416,-0.04509356801572074,-0.031054892656857937,True,True
lp_income,income,WH2M,contractionary,mp_pos_x_wh2m,cW,1.0,10,0.0130523630408226,-0.001959568639483,0.0280642947211284,0.0091442313928424,-0.0035221943528237,-0.04757957533147628,-0.06063193837229888,False,False
lp_income,income,WH2M,contractionary,mp_pos_x_wh2m,cW,1.0,11,0.0003498532199901388,-0.0247969079187625,0.0254966143587428,0.0091442313928424,-0.0036956108535136,-0.04992217276698727,-0.050272025986977414,False,False
lp_income,income,WH2M,contractionary,mp_pos_x_wh2m,cW,1.0,12,-0.0229794257129716,-0.05751348064849,0.0115546292225467,0.0091442313928424,-0.0038595595871612,-0.0521368748366878,-0.029157449123716202,True,True
lp_income,income,WH2M,contractionary,mp_pos_x_wh2m,cW,1.0,13,0.0212349558596919,-0.0057328648288327,0.0482027765482165,0.0091442313928424,-0.0040143156903356,-0.054227398223930495,-0.0754623540836224,False,False
lp_income,income,WH2M,contractionary,mp_pos_x_wh2m,cW,1.0,14,0.0106584336954708,-0.0203070792725095,0.0416239466634512,0.0091442313928424,-0.0041605124772893,-0.0562022980566177,-0.0668607317520885,False,False
lp_income,income,WH2M,contractionary,mp_pos_x_wh2m,cW,1.0,15,-0.0177665984903023,-0.0572474797840026,0.0217142828033979,0.0091442313928424,-0.0042985758199701,-0.058067327227518006,-0.040300728737215706,False,True
lp_income,income,WH2M,contractionary,mp_pos_x_wh2m,cW,1.0,16,0.033825818517512,0.0039605237472775,0.0636911132877465,0.0091442313928424,-0.0044289874467342,-0.05982899316589771,-0.09365481168340971,False,False
lp_income,income,WH2M,contractionary,mp_pos_x_wh2m,cW,1.0,17,-0.0152108339551477,-0.0515301554448264,0.0211084875345309,0.0091442313928424,-0.0045521657167622,-0.06149294727828213,-0.046282113323134436,False,True
lp_income,income,WH2M,contractionary,mp_pos_x_wh2m,cW,1.0,18,0.0032644132713733,-0.0249079812383803,0.031436807781127,0.0091442313928424,-0.0046685227347768,-0.06306475648282908,-0.06632916975420239,False,False
lp_income,income,WH2M,contractionary,mp_pos_x_wh2m,cW,1.0,19,0.0184149881157757,-0.0103971326755013,0.0472271089070528,0.0091442313928424,-0.004778440000203,-0.0645495742659202,-0.0829645623816959,False,False
lp_income,income,WH2M,contractionary,mp_pos_x_wh2m,cW,1.0,20,-0.0115370551968144,-0.0401373567604135,0.0170632463667846,0.0091442313928424,-0.0048822815271095,-0.06595231791293742,-0.054415262716123014,False,True
lp_income,income,WH2M,contractionary,mp_pos_x_wh2m,cW,1.0,21,-1.7999174628691497e-05,-0.0370204889264968,0.0369844905772395,0.0091442313928424,-0.004980389573926,-0.06727761082313342,-0.06725961164850473,False,True
lp_income,income,WH2M,contractionary,mp_pos_x_wh2m,cW,1.0,22,0.0239482136009569,-0.0154670909297194,0.0633635181316333,0.0091442313928424,-0.0050730882969134,-0.06852983186254732,-0.09247804546350422,False,False
lp_income,income,WH2M,contractionary,mp_pos_x_wh2m,cW,1.0,23,-0.0244062593798177,-0.0543307597257868,0.0055182409661512,0.0091442313928424,-0.0051606836550125,-0.0697131140786529,-0.04530685469883519,False,True
lp_income,income,WH2M,contractionary,mp_pos_x_wh2m,cW,1.0,24,0.0053756081866794,-0.0255671999792731,0.0363184163526321,0.0091442313928424,-0.005243464955626,-0.07083136558156046,-0.07620697376823986,False,False
lp_income,income,WH2M,contractionary,mp_pos_x_wh2m,cW,1.0,25,0.005876606477119,-0.0275664432170827,0.0393196561713209,0.0091442313928424,-0.0053217055594547,-0.0718882790652992,-0.0777648855424182,False,False
lp_income,income,WH2M,contractionary,mp_pos_x_wh2m,cW,1.0,26,-0.0360922607377587,-0.0674799905919485,-0.004704530883569,0.0091442313928424,-0.0053956638930924,-0.07288734548645916,-0.036795084748700455,False,True
lp_income,income,WH2M,contractionary,mp_pos_x_wh2m,cW,1.0,27,0.0104234623617711,-0.0192781653692863,0.0401250900928286,0.0091442313928424,-0.005465584242406,-0.07383186478156918,-0.08425532714334028,False,False
lp_income,income,WH2M,contractionary,mp_pos_x_wh2m,cW,1.0,28,-0.0245269554106181,-0.0426142664553619,-0.0064396443658742,0.0091442313928424,-0.0055316975715599,-0.07472495693089105,-0.050198001520272956,False,True
lp_income,income,WH2M,contractionary,mp_pos_x_wh2m,cW,1.0,29,-0.015379541816742,-0.0317992425136716,0.0010401588801876,0.0091442313928424,-0.0055942222547295,-0.07556957184277396,-0.06019003002603196,False,True
lp_income,income,WH2M,contractionary,mp_pos_x_wh2m,cW,1.0,30,0.0113111135771875,-0.0161293437104717,0.0387515708648467,0.0091442313928424,-0.0056533647699303,-0.07636849872624749,-0.08767961230343499,False,False
lp_income,income,WH2M,contractionary,mp_pos_x_wh2m,cW,1.0,31,-0.0030406095063814,-0.0299343361939456,0.0238531171811826,0.0091442313928424,-0.0057093203253087,-0.07712437455127309,-0.0740837650448917,False,True
lp_income,income,WH2M,contractionary,mp_pos_x_wh2m,cW,1.0,32,-0.0215677503435871,-0.0465887574386805,0.0034532567515062,0.0091442313928424,-0.0057622734182009,-0.07783969160079345,-0.056271941257206345,False,True
lp_income,income,WH2M,contractionary,mp_pos_x_wh2m,cW,1.0,33,0.0149358178876359,-0.0199849622847584,0.0498565980600304,0.0091442313928424,-0.0058123983033078,-0.07851680379507466,-0.09345262168271055,False,False
lp_income,income,WH2M,contractionary,mp_pos_x_wh2m,cW,1.0,34,-0.0013438666275145,-0.0114901887034203,0.0088024554483912,0.0091442313928424,-0.0058598593418895,-0.07915793140880151,-0.07781406478128701,False,True
lp_income,income,WH2M,contractionary,mp_pos_x_wh2m,cW,1.0,35,-0.0152240503391561,-0.0412170991948069,0.0107689985164945,0.0091442313928424,-0.0059048111830402,-0.07976516351983017,-0.06454111318067407,False,True
lp_income,income,WH2M,contractionary,mp_pos_x_wh2m,cW,1.0,36,0.0105139662348267,-0.016622518942302,0.0376504514119556,0.0091442313928424,-0.0059473987061081,-0.08034045723136703,-0.09085442346619373,False,False
lp_income,income,WH2M,contractionary,mp_pos_x_wh2m,cW,1.0,37,-0.008334642618685,-0.0326236087813014,0.0159543235439314,0.0091442313928424,-0.005987756625922,-0.08088563233917098,-0.07255098972048599,False,True
lp_income,income,WH2M,contractionary,mp_pos_x_wh2m,cW,1.0,38,-0.0186574932771586,-0.0392990284808599,0.0019840419265426,0.0091442313928424,-0.0060260086483255,-0.08140235992408394,-0.06274486664692534,False,True
lp_income,income,WH2M,contractionary,mp_pos_x_wh2m,cW,1.0,39,0.0073318951741783,-0.0186942641939481,0.0333580545423048,0.0091442313928424,-0.0060622661112464,-0.08189214399491189,-0.08922403916909019,False,False
lp_income,income,WH2M,contractionary,mp_pos_x_wh2m,cW,1.0,40,-0.0050233215300522,-0.0250767617281288,0.0150301186680244,0.0091442313928424,-0.0060966263010579,-0.08235629874498393,-0.07733297721493174,False,True
lp_income,income,WH2M,contractionary,mp_pos_x_wh2m,cW,1.0,41,-0.0231892738128376,-0.0637373642805053,0.0173588166548301,0.0091442313928424,-0.0061291714837173,-0.08279593546428597,-0.05960666165144837,False,True
lp_income,income,WH2M,contractionary,mp_pos_x_wh2m,cW,1.0,42,-0.0082565715369398,-0.0365363321830764,0.0200231891091968,0.0091442313928424,-0.0061599721446246,-0.08321200630510237,-0.07495543476816256,False,True
lp_income,income,WH2M,contractionary,mp_pos_x_wh2m,cW,1.0,43,-0.0015749545102734,-0.0131862253673126,0.0100363163467657,0.0091442313928424,-0.0061891045227796,-0.0836055411422415,-0.0820305866319681,False,True
lp_income,income,WH2M,contractionary,mp_pos_x_wh2m,cW,1.0,44,-0.0172320787743293,-0.0535709296425874,0.0191067720939287,0.0091442313928424,-0.0062167090618612,-0.08397843715965485,-0.06674635838532555,False,True
lp_income,income,WH2M,contractionary,mp_pos_x_wh2m,cW,1.0,45,-0.0074660961547285,-0.0175964175295337,0.0026642252200765,0.0091442313928424,-0.0062431499832969,-0.08433561444383139,-0.07686951828910289,False,True
lp_income,income,WH2M,contractionary,mp_pos_x_wh2m,cW,1.0,46,0.0038373657668925,-0.0315649770979684,0.0392397086317534,0.0091442313928424,-0.0062693089852041,-0.08468898341702336,-0.08852634918391586,False,False
lp_income,income,WH2M,contractionary,mp_pos_x_wh2m,cW,1.0,47,-0.0110932007333102,-0.0484459893091229,0.0262595878425024,0.0091442313928424,-0.0062955381748905,-0.08504330052208803,-0.07395009978877783,False,True
lp_income,income,WH2M,expansionary,mp_neg_x_wh2m,cW,-1.0,0,0.0413165057532263,0.0078112644945945,0.0748217470118581,0.0135063367525997,-0.0013066486296879,0.026070924314894436,-0.015245581438331861,True,True
lp_income,income,WH2M,expansionary,mp_neg_x_wh2m,cW,-1.0,1,0.0327394396529303,0.008109946387017,0.0573689329188436,0.0135063367525997,-0.0013294483414663,0.026525835870052188,-0.006213603782878115,True,True
lp_income,income,WH2M,expansionary,mp_neg_x_wh2m,cW,-1.0,2,0.0108948172028981,-0.0101546440165584,0.0319442784223546,0.0135063367525997,-0.001751580204142,0.03494842752374893,0.024053610320850828,False,True
lp_income,income,WH2M,expansionary,mp_neg_x_wh2m,cW,-1.0,3,0.0441760279751689,0.0078811544863836,0.0804709014639542,0.0135063367525997,-0.0019653774944397,0.03921422082688981,-0.004961807148279089,True,True
lp_income,income,WH2M,expansionary,mp_neg_x_wh2m,cW,-1.0,4,0.0366700031722165,0.0178102065963504,0.0555297997480826,0.0135063367525997,-0.0022525139797943,0.044943315403380986,0.008273312231164488,True,True
lp_income,income,WH2M,expansionary,mp_neg_x_wh2m,cW,-1.0,5,0.0142979443286554,-0.0025206490332271,0.0311165376905379,0.0135063367525997,-0.0024843219235218,0.04956846651072533,0.03527052218206993,False,True
lp_income,income,WH2M,expansionary,mp_neg_x_wh2m,cW,-1.0,6,0.0358402073142008,-0.0018974078360204,0.0735778224644222,0.0135063367525997,-0.0027213595137258,0.054297962209557175,0.018457754895356372,True,True
lp_income,income,WH2M,expansionary,mp_neg_x_wh2m,cW,-1.0,7,0.0369928910255803,0.0134971802364158,0.0604886018147448,0.0135063367525997,-0.0029368251811759,0.058597043830215585,0.021604152804635283,True,True
lp_income,income,WH2M,expansionary,mp_neg_x_wh2m,cW,-1.0,8,0.0176894983921733,-0.0042398505428336,0.0396188473271804,0.0135063367525997,-0.00314415455911,0.06273378602514305,0.045044287632969755,False,True
lp_income,income,WH2M,expansionary,mp_neg_x_wh2m,cW,-1.0,9,0.0499734507475728,0.0076475696747676,0.092299331820378,0.0135063367525997,-0.0033381615852416,0.06660471381698775,0.016631263069414953,True,True
lp_income,income,WH2M,expansionary,mp_neg_x_wh2m,cW,-1.0,10,0.0466681423577208,0.025003746577323,0.0683325381381186,0.0135063367525997,-0.0035221943528237,0.07027663008130089,0.02360848772358009,False,True
lp_income,income,WH2M,expansionary,mp_neg_x_wh2m,cW,-1.0,11,0.0098634930364205,-0.0144139820561781,0.0341409681290192,0.0135063367525997,-0.0036956108535136,0.07373672513801106,0.06387323210159057,False,True
lp_income,income,WH2M,expansionary,mp_neg_x_wh2m,cW,-1.0,12,0.045690075084753,0.0122571760557093,0.0791229741137966,0.0135063367525997,-0.0038595595871612,0.07700791444578259,0.03131783936102959,True,True
lp_income,income,WH2M,expansionary,mp_neg_x_wh2m,cW,-1.0,13,0.0325581811698532,0.0061318449826065,0.0589845173571,0.0135063367525997,-0.0040143156903356,0.08009568767070188,0.04753750650084868,False,True
lp_income,income,WH2M,expansionary,mp_neg_x_wh2m,cW,-1.0,14,0.0216578625497844,-0.0093912588272683,0.0527069839268373,0.0135063367525997,-0.0041605124772893,0.08301268102388899,0.061354818474104594,False,True
lp_income,income,WH2M,expansionary,mp_neg_x_wh2m,cW,-1.0,15,0.0342731860156284,0.0009638739954121878,0.0675824980358447,0.0135063367525997,-0.0042985758199701,0.08576739172109625,0.05149420570546785,False,True
lp_income,income,WH2M,expansionary,mp_neg_x_wh2m,cW,-1.0,16,0.0394132934695722,0.0120123837946235,0.0668142031445209,0.0135063367525997,-0.0044289874467342,0.08836943145381398,0.04895613798424178,False,True
lp_income,income,WH2M,expansionary,mp_neg_x_wh2m,cW,-1.0,17,0.0259674583005907,-0.001200186388736,0.0531351029899175,0.0135063367525997,-0.0045521657167622,0.09082714753920619,0.06485968923861549,False,True
lp_income,income,WH2M,expansionary,mp_neg_x_wh2m,cW,-1.0,18,0.0373938208612364,0.0035550225238948,0.071232619198578,0.0135063367525997,-0.0046685227347768,0.09314876250228163,0.055754941641045226,False,True
lp_income,income,WH2M,expansionary,mp_neg_x_wh2m,cW,-1.0,19,0.0354601630710786,0.009737216676339,0.0611831094658181,0.0135063367525997,-0.004778440000203,0.09534188821543613,0.05988172514435753,False,True
lp_income,income,WH2M,expansionary,mp_neg_x_wh2m,cW,-1.0,20,0.0330746047810577,0.0090076874479938,0.0571415221141216,0.0135063367525997,-0.0048822815271095,0.09741378767425933,0.06433918289320163,False,True
lp_income,income,WH2M,expansionary,mp_neg_x_wh2m,cW,-1.0,21,0.0474634218834092,0.0149275734883339,0.0799992702784845,0.0135063367525997,-0.004980389573926,0.09937128979466182,0.051907867911252625,False,True
lp_income,income,WH2M,expansionary,mp_neg_x_wh2m,cW,-1.0,22,0.0472540243064425,0.0160475297139467,0.0784605188989382,0.0135063367525997,-0.0050730882969134,0.10122086230878839,0.05396683800234589,False,True
lp_income,income,WH2M,expansionary,mp_neg_x_wh2m,cW,-1.0,23,0.0519464657812035,0.0231511747487327,0.0807417568136743,0.0135063367525997,-0.0051606836550125,0.10296860986651031,0.05102214408530681,False,True
lp_income,income,WH2M,expansionary,mp_neg_x_wh2m,cW,-1.0,24,0.0326105575482093,-0.0067803815261784,0.0720014966225972,0.0135063367525997,-0.005243464955626,0.10462030487766152,0.07200974732945223,False,True
lp_income,income,WH2M,expansionary,mp_neg_x_wh2m,cW,-1.0,25,0.0465276605896031,0.0196797785443781,0.0733755426348281,0.0135063367525997,-0.0053217055594547,0.10618140157529239,0.05965374098568929,False,True
lp_income,income,WH2M,expansionary,mp_neg_x_wh2m,cW,-1.0,26,0.0468566130540282,0.0139467931489803,0.0797664329590761,0.0135063367525997,-0.0053956638930924,0.10765705621948295,0.06080044316545475,False,True
lp_income,income,WH2M,expansionary,mp_neg_x_wh2m,cW,-1.0,27,0.0503358481231255,0.0189140856756698,0.0817576105705811,0.0135063367525997,-0.005465584242406,0.10905214292727007,0.05871629480414457,False,True
lp_income,income,WH2M,expansionary,mp_neg_x_wh2m,cW,-1.0,28,0.0471016991967855,0.0235465970448338,0.0706568013487372,0.0135063367525997,-0.0055316975715599,0.11037127001424274,0.06326957081745724,False,True
lp_income,income,WH2M,expansionary,mp_neg_x_wh2m,cW,-1.0,29,0.0404035679677846,0.0063254163084011,0.0744817196271682,0.0135063367525997,-0.0055942222547295,0.1116187945940655,0.07121522662628091,False,True
lp_income,income,WH2M,expansionary,mp_neg_x_wh2m,cW,-1.0,30,0.0819441051470866,0.0417955129177701,0.1220926973764031,0.0135063367525997,-0.0056533647699303,0.11279883642211293,0.03085473127502633,True,True
lp_income,income,WH2M,expansionary,mp_neg_x_wh2m,cW,-1.0,31,0.0467815022646795,0.0191577550730093,0.0744052494563497,0.0135063367525997,-0.0057093203253087,0.11391529039154509,0.06713378812686559,False,True
lp_income,income,WH2M,expansionary,mp_neg_x_wh2m,cW,-1.0,32,0.0421723449280184,-0.0056047142337703,0.0899494040898071,0.0135063367525997,-0.0057622734182009,0.11497183768793791,0.07279949275991951,False,True
lp_income,income,WH2M,expansionary,mp_neg_x_wh2m,cW,-1.0,33,0.0831989255373994,0.0391537172319616,0.1272441338428371,0.0135063367525997,-0.0058123983033078,0.11597195513054899,0.032773029593149594,True,True
lp_income,income,WH2M,expansionary,mp_neg_x_wh2m,cW,-1.0,34,0.0506451778667287,0.0109016922413905,0.0903886634920669,0.0135063367525997,-0.0058598593418895,0.11691892213962574,0.06627374427289703,False,True
lp_income,income,WH2M,expansionary,mp_neg_x_wh2m,cW,-1.0,35,0.0433917680126558,-0.0284837561614323,0.115267292186744,0.0135063367525997,-0.0059048111830402,0.11781582435329507,0.07442405634063928,False,True
lp_income,income,WH2M,expansionary,mp_neg_x_wh2m,cW,-1.0,36,0.0824362704808738,0.007460062788013,0.1574124781737346,0.0135063367525997,-0.0059473987061081,0.11866555247869573,0.036229281997821924,True,True
lp_income,income,WH2M,expansionary,mp_neg_x_wh2m,cW,-1.0,37,0.0321866741252974,0.0059839060890016,0.0583894421615933,0.0135063367525997,-0.005987756625922,0.11947079441525682,0.08728412028995941,False,True
lp_income,income,WH2M,expansionary,mp_neg_x_wh2m,cW,-1.0,38,0.0319418000835992,-0.0282531211276804,0.0921367212948789,0.0135063367525997,-0.0060260086483255,0.12023401840548248,0.08829221832188328,False,True
lp_income,income,WH2M,expansionary,mp_neg_x_wh2m,cW,-1.0,39,0.0969026949954573,0.0307354468081786,0.163069943182736,0.0135063367525997,-0.0060622661112464,0.12095744592087097,0.024054750925413676,True,True
lp_income,income,WH2M,expansionary,mp_neg_x_wh2m,cW,-1.0,40,0.0279329201872747,-0.0309232477552058,0.0867890881297552,0.0135063367525997,-0.0060966263010579,0.1216430180690888,0.0937100978818141,False,True
lp_income,income,WH2M,expansionary,mp_neg_x_wh2m,cW,-1.0,41,0.0515239960874221,-0.0404076463567058,0.14345563853155,0.0135063367525997,-0.0061291714837173,0.12229237626275276,0.07076838017533066,True,True
lp_income,income,WH2M,expansionary,mp_neg_x_wh2m,cW,-1.0,42,0.0465983455490667,-0.0011583395605316,0.094355030658665,0.0135063367525997,-0.0061599721446246,0.12290692686275204,0.07630858131368534,False,True
lp_income,income,WH2M,expansionary,mp_neg_x_wh2m,cW,-1.0,43,0.0282718288589155,-0.0153964486555737,0.0719401063734047,0.0135063367525997,-0.0061891045227796,0.12348819102875302,0.09521636216983753,False,True
lp_income,income,WH2M,expansionary,mp_neg_x_wh2m,cW,-1.0,44,0.0302205975477705,-0.0679612006812987,0.1284023957768399,0.0135063367525997,-0.0062167090618612,0.12403897096514332,0.09381837341737283,True,True
lp_income,income,WH2M,expansionary,mp_neg_x_wh2m,cW,-1.0,45,0.050682407445396,-0.0200897934690926,0.1214546083598847,0.0135063367525997,-0.0062431499832969,0.12456653380484174,0.07388412635944575,False,True
lp_income,income,WH2M,expansionary,mp_neg_x_wh2m,cW,-1.0,46,0.0060388293296491,-0.0683268054738697,0.0804044641331679,0.0135063367525997,-0.0062693089852041,0.12508847164136533,0.11904964231171623,False,True
lp_income,income,WH2M,expansionary,mp_neg_x_wh2m,cW,-1.0,47,0.064241252039805,-0.0200527773081809,0.1485352813877911,0.0135063367525997,-0.0062955381748905,0.12561180990049509,0.06137055786069008,True,True
lp_wealth,wealth,PH2M,contractionary,mp_pos_x_ph2m,cP,1.0,0,0.0483479483551631,-0.0377175793204362,0.1344134760307624,0.0078046173409711,-0.0016621351724325,-0.01916363947955275,-0.06751158783471585,True,False
lp_wealth,wealth,PH2M,contractionary,mp_pos_x_ph2m,cP,1.0,1,0.0582579394699229,-0.0595371762503882,0.176053055190234,0.0078046173409711,-0.0008007125459783,-0.009231840353529428,-0.06748977982345233,True,False
lp_wealth,wealth,PH2M,contractionary,mp_pos_x_ph2m,cP,1.0,2,0.1488387073144363,-0.054839301741398,0.3525167163702707,0.0078046173409711,-0.0011840124942851,-0.013651109101168558,-0.16248981641560487,True,False
lp_wealth,wealth,PH2M,contractionary,mp_pos_x_ph2m,cP,1.0,3,0.2579885301120643,0.0095101329014907,0.5064669273226379,0.0078046173409711,-0.0009938880879302,-0.011459063809017534,-0.2694475939210818,False,False
lp_wealth,wealth,PH2M,contractionary,mp_pos_x_ph2m,cP,1.0,4,0.2884946538954518,0.0451700123409396,0.531819295449964,0.0078046173409711,-0.0010690344945268,-0.012325466655239481,-0.3008201205506913,False,False
lp_wealth,wealth,PH2M,contractionary,mp_pos_x_ph2m,cP,1.0,5,0.4900236954547981,0.1072146241416244,0.8728327667679717,0.0078046173409711,-0.0010225073347684,-0.01178903031094827,-0.5018127257657464,False,False
lp_wealth,wealth,PH2M,contractionary,mp_pos_x_ph2m,cP,1.0,6,0.5890264282021668,0.1612220236402196,1.016830832764114,0.0078046173409711,-0.0010327708516346,-0.011907363849807399,-0.6009337920519742,False,False
lp_wealth,wealth,PH2M,contractionary,mp_pos_x_ph2m,cP,1.0,7,0.6271956651435701,0.249193692994328,1.0051976372928122,0.0078046173409711,-0.0010174598016972,-0.011730834620464183,-0.6389264997640343,False,False
lp_wealth,wealth,PH2M,contractionary,mp_pos_x_ph2m,cP,1.0,8,0.6360724223308901,0.2384502962709617,1.0336945483908186,0.0078046173409711,-0.0010145356400627,-0.01169712040740082,-0.6477695427382909,False,False
lp_wealth,wealth,PH2M,contractionary,mp_pos_x_ph2m,cP,1.0,9,0.5636894494668937,0.2037439609614924,0.923634937972295,0.0078046173409711,-0.001006453213497,-0.011603933817408651,-0.5752933832843024,False,False
lp_wealth,wealth,PH2M,contractionary,mp_pos_x_ph2m,cP,1.0,10,0.5530678612859755,0.161494316856619,0.944641405715332,0.0078046173409711,-0.0010012752519128,-0.011544234347302758,-0.5646120956332783,False,False
lp_wealth,wealth,PH2M,contractionary,mp_pos_x_ph2m,cP,1.0,11,0.4555283663494874,0.0513779490904134,0.8596787836085613,0.0078046173409711,-0.0009952529071674,-0.011474799535118667,-0.46700316588460605,False,False
lp_wealth,wealth,PH2M,contractionary,mp_pos_x_ph2m,cP,1.0,12,0.4768406556480044,0.0908459911026031,0.8628353201934057,0.0078046173409711,-0.0009900878272186,-0.011415248584231194,-0.4882559042322356,False,False
lp_wealth,wealth,PH2M,contractionary,mp_pos_x_ph2m,cP,1.0,13,0.3857449544806771,0.0007317121668580257,0.7707581967944961,0.0078046173409711,-0.0009849688050574,-0.011356228658047024,-0.3971011831387241,False,False
lp_wealth,wealth,PH2M,contractionary,mp_pos_x_ph2m,cP,1.0,14,0.5190904255463773,0.1284683368553719,0.9097125142373824,0.0078046173409711,-0.0009802453081014,-0.011301768952092377,-0.5303921944984696,False,False
lp_wealth,wealth,PH2M,contractionary,mp_pos_x_ph2m,cP,1.0,15,0.6222962600926467,0.2483317932294524,0.996260726955841,0.0078046173409711,-0.0009757327409918,-0.011249741168401895,-0.6335460012610487,False,False
lp_wealth,wealth,PH2M,contractionary,mp_pos_x_ph2m,cP,1.0,16,0.5277763257405399,0.1730201708628732,0.8825324806182065,0.0078046173409711,-0.0009714941765521,-0.011200872507067697,-0.5389771982476076,False,False
lp_wealth,wealth,PH2M,contractionary,mp_pos_x_ph2m,cP,1.0,17,0.5551773827171279,0.2197393947304766,0.8906153707037793,0.0078046173409711,-0.0009674796582062,-0.011154586992182474,-0.5663319697093104,False,False
lp_wealth,wealth,PH2M,contractionary,mp_pos_x_ph2m,cP,1.0,18,0.4800263275214171,0.1706033360781963,0.789449318964638,0.0078046173409711,-0.0009636925260909,-0.011110923133957977,-0.49113725065537506,False,False
lp_wealth,wealth,PH2M,contractionary,mp_pos_x_ph2m,cP,1.0,19,0.4225740843457808,0.1085141760693939,0.7366339926221678,0.0078046173409711,-0.0009601126226345,-0.011069648525040547,-0.43364373287082136,False,False
lp_wealth,wealth,PH2M,contractionary,mp_pos_x_ph2m,cP,1.0,20,0.2307383477975122,-0.1737411278173451,0.6352178234123695,0.0078046173409711,-0.0009567316565796,-0.011030667571118556,-0.24176901536863077,True,False
lp_wealth,wealth,PH2M,contractionary,mp_pos_x_ph2m,cP,1.0,21,0.1638475475817199,-0.2318896804794376,0.5595847756428775,0.0078046173409711,-0.000953536829366,-0.010993832710791707,-0.17484138029251162,True,False
lp_wealth,wealth,PH2M,contractionary,mp_pos_x_ph2m,cP,1.0,22,0.2047604870229331,-0.2755838065309844,0.6851047805768506,0.0078046173409711,-0.0009505183310662,-0.01095903084019393,-0.215719517863127,True,False
lp_wealth,wealth,PH2M,contractionary,mp_pos_x_ph2m,cP,1.0,23,0.2281345213622724,-0.3132911110009949,0.7695601537255398,0.0078046173409711,-0.0009476658262933,-0.010926142797158563,-0.23906066415943097,True,False
lp_wealth,wealth,PH2M,contractionary,mp_pos_x_ph2m,cP,1.0,24,0.3866825838109568,-0.1930222119342007,0.9663873795561144,0.0078046173409711,-0.0009449700193473,-0.010895061406621586,-0.39757764521757843,True,False
lp_wealth,wealth,PH2M,contractionary,mp_pos_x_ph2m,cP,1.0,25,0.3661434408029329,-0.1877747960271536,0.9200616776330194,0.0078046173409711,-0.0009424218745048,-0.01086568249092733,-0.3770091232938602,True,False
lp_wealth,wealth,PH2M,contractionary,mp_pos_x_ph2m,cP,1.0,26,0.3954041563314438,-0.0609211612169413,0.851729473879829,0.0078046173409711,-0.0009400129133599,-0.010837908298029678,-0.4062420646294735,True,False
lp_wealth,wealth,PH2M,contractionary,mp_pos_x_ph2m,cP,1.0,27,0.3906639381647434,-0.0893774233861324,0.8707052997156194,0.0078046173409711,-0.0009377350059506,-0.010811645093277358,-0.40147558325802074,True,False
lp_wealth,wealth,PH2M,contractionary,mp_pos_x_ph2m,cP,1.0,28,0.3107101936405942,-0.1091363552997483,0.7305567425809367,0.0078046173409711,-0.0009355803785192,-0.010786803248887724,-0.3214969968894819,True,False
lp_wealth,wealth,PH2M,contractionary,mp_pos_x_ph2m,cP,1.0,29,0.1727803315251414,-0.1993633828526881,0.5449240459029712,0.0078046173409711,-0.0009335414922852,-0.010763295846255112,-0.1835436273713965,True,False
lp_wealth,wealth,PH2M,contractionary,mp_pos_x_ph2m,cP,1.0,30,0.0788088339718702,-0.2535504927932775,0.411168160737018,0.0078046173409711,-0.0009316109330283,-0.010741037402894575,-0.08954987137476478,True,False
lp_wealth,wealth,PH2M,contractionary,mp_pos_x_ph2m,cP,1.0,31,0.0531182509901066,-0.2947694806797571,0.4010059826599703,0.0078046173409711,-0.0009297812153002,-0.010719941615095716,-0.06383819260520232,True,False
lp_wealth,wealth,PH2M,contractionary,mp_pos_x_ph2m,cP,1.0,32,0.0414514957168864,-0.3284259441691917,0.4113289356029645,0.0078046173409711,-0.0009280444947294,-0.010699918040931873,-0.052151413757818274,True,False
lp_wealth,wealth,PH2M,contractionary,mp_pos_x_ph2m,cP,1.0,33,-0.0499861549272802,-0.3615778331483907,0.2616055232938303,0.0078046173409711,-0.0009263921102402,-0.010680866822259752,0.03930528810502045,True,True
lp_wealth,wealth,PH2M,contractionary,mp_pos_x_ph2m,cP,1.0,34,0.0026192250769975,-0.3622221428582661,0.3674605930122612,0.0078046173409711,-0.0009248138643383,-0.010662670386749739,-0.013281895463747239,True,False
lp_wealth,wealth,PH2M,contractionary,mp_pos_x_ph2m,cP,1.0,35,0.0840343830755495,-0.2905555486683512,0.4586243148194502,0.0078046173409711,-0.0009232968863601,-0.010645180341683127,-0.09467956341723263,True,False
lp_wealth,wealth,PH2M,contractionary,mp_pos_x_ph2m,cP,1.0,36,0.0367157329663674,-0.3114174217484287,0.3848488876811635,0.0078046173409711,-0.0009218238557814,-0.010628196989534183,-0.04734392995590158,True,False
lp_wealth,wealth,PH2M,contractionary,mp_pos_x_ph2m,cP,1.0,37,-0.0759519710885519,-0.3311215671069926,0.1792176249298888,0.0078046173409711,-0.0009203702765454,-0.010611437902249544,0.06534053318630235,True,True
lp_wealth,wealth,PH2M,contractionary,mp_pos_x_ph2m,cP,1.0,38,-0.0495597999020518,-0.3019731339510972,0.2028535341469935,0.0078046173409711,-0.0009189004423406,-0.010594491402793497,0.038965308499258305,True,True
lp_wealth,wealth,PH2M,contractionary,mp_pos_x_ph2m,cP,1.0,39,-0.108593109650814,-0.3532007268672858,0.1360145075656577,0.0078046173409711,-0.0009173618570086,-0.010576752235065144,0.09801635741574885,True,True
lp_wealth,wealth,PH2M,contractionary,mp_pos_x_ph2m,cP,1.0,40,-0.0513727049383789,-0.2884527178675486,0.1857073079907907,0.0078046173409711,-0.0009156785950742,-0.010557345013922421,0.04081535992445648,True,True
lp_wealth,wealth,PH2M,contractionary,mp_pos_x_ph2m,cP,1.0,41,-0.031114316363033,-0.2508742909769043,0.1886456582508382,0.0078046173409711,-0.0009137465381333,-0.010535069302967343,0.020579247060065656,True,True
lp_wealth,wealth,PH2M,contractionary,mp_pos_x_ph2m,cP,1.0,42,-0.0114618818119049,-0.2216904840612848,0.1987667204374748,0.0078046173409711,-0.0009114405619716,-0.010508482478655944,0.0009533993332489551,True,True
lp_wealth,wealth,PH2M,contractionary,mp_pos_x_ph2m,cP,1.0,43,-0.0029819298617712,-0.2179758867195227,0.2120120269959803,0.0078046173409711,-0.0009086630861302,-0.010476459484033994,-0.007494529622262794,True,True
lp_wealth,wealth,PH2M,contractionary,mp_pos_x_ph2m,cP,1.0,44,0.0201991487951677,-0.1846471395734606,0.2250454371637962,0.0078046173409711,-0.0009055132020854,-0.010440142797378118,-0.030639291592545817,True,False
lp_wealth,wealth,PH2M,contractionary,mp_pos_x_ph2m,cP,1.0,45,-0.0087071230980493,-0.218180044180628,0.2007657979845294,0.0078046173409711,-0.0009027728326612,-0.010408547622354354,-0.0017014245243050542,True,True
lp_wealth,wealth,PH2M,contractionary,mp_pos_x_ph2m,cP,1.0,46,-0.0127959216422666,-0.2235017552038573,0.197909911919324,0.0078046173409711,-0.000903070416875,-0.01041197862885891,0.0023839430134076894,True,True
lp_wealth,wealth,PH2M,contractionary,mp_pos_x_ph2m,cP,1.0,47,0.0383545720059893,-0.1541719627380933,0.230881106750072,0.0078046173409711,-0.0009117949075047,-0.010512567916567458,-0.04886713992255676,True,False
lp_wealth,wealth,PH2M,expansionary,mp_neg_x_ph2m,cP,-1.0,0,0.0032104263575938,-0.0561320039043558,0.0625528566195435,0.0115305629408614,-0.0016621351724325,0.028312413221717958,0.025101986864124157,True,True
lp_wealth,wealth,PH2M,expansionary,mp_neg_x_ph2m,cP,-1.0,1,-0.0826709619869517,-0.1856696997487696,0.0203277757748661,0.0115305629408614,-0.0008007125459783,0.01363914611130829,0.09631010809825999,True,False
lp_wealth,wealth,PH2M,expansionary,mp_neg_x_ph2m,cP,-1.0,2,-0.1020204944604416,-0.2724411625788641,0.0684001736579807,0.0115305629408614,-0.0011840124942851,0.02016818580935124,0.12218868026979285,True,False
lp_wealth,wealth,PH2M,expansionary,mp_neg_x_ph2m,cP,-1.0,3,-0.0964882133644011,-0.2728581515252919,0.0798817247964896,0.0115305629408614,-0.0009938880879302,0.016929652117548055,0.11341786548194915,True,False
lp_wealth,wealth,PH2M,expansionary,mp_neg_x_ph2m,cP,-1.0,4,-0.1312418130432139,-0.3118624219346138,0.0493787958481859,0.0115305629408614,-0.0010690344945268,0.01820967804502813,0.14945149108824202,True,False
lp_wealth,wealth,PH2M,expansionary,mp_neg_x_ph2m,cP,-1.0,5,-0.2170350001165686,-0.4767356373255554,0.0426656370924181,0.0115305629408614,-0.0010225073347684,0.017417145527239657,0.23445214564380826,True,False
lp_wealth,wealth,PH2M,expansionary,mp_neg_x_ph2m,cP,-1.0,6,-0.2480409016938834,-0.5309600771998801,0.0348782738121131,0.0115305629408614,-0.0010327708516346,0.01759197182021718,0.2656328735141006,True,False
lp_wealth,wealth,PH2M,expansionary,mp_neg_x_ph2m,cP,-1.0,7,-0.3583886185520557,-0.6984902943034953,-0.0182869428006162,0.0115305629408614,-0.0010174598016972,0.017331167055432844,0.3757197856074886,False,False
lp_wealth,wealth,PH2M,expansionary,mp_neg_x_ph2m,cP,-1.0,8,-0.4019421645590655,-0.7892558828175075,-0.0146284463006235,0.0115305629408614,-0.0010145356400627,0.017281357585122496,0.419223522144188,False,False
lp_wealth,wealth,PH2M,expansionary,mp_neg_x_ph2m,cP,-1.0,9,-0.297305810015799,-0.6396384679844792,0.0450268479528812,0.0115305629408614,-0.001006453213497,0.017143683462970693,0.31444949347876966,True,False
lp_wealth,wealth,PH2M,expansionary,mp_neg_x_ph2m,cP,-1.0,10,-0.3046847234120572,-0.6005133746607664,-0.008856072163348,0.0115305629408614,-0.0010012752519128,0.01705548330305018,0.3217402067151074,False,False
lp_wealth,wealth,PH2M,expansionary,mp_neg_x_ph2m,cP,-1.0,11,-0.1989093879996498,-0.4692668660186057,0.0714480900193061,0.0115305629408614,-0.0009952529071674,0.0169529001221974,0.2158622881218472,True,False
lp_wealth,wealth,PH2M,expansionary,mp_neg_x_ph2m,cP,-1.0,12,-0.2400013967351882,-0.5217288542997741,0.0417260608293977,0.0115305629408614,-0.0009900878272186,0.01686491938497516,0.25686631612016336,True,False
lp_wealth,wealth,PH2M,expansionary,mp_neg_x_ph2m,cP,-1.0,13,-0.283652354940653,-0.5762941978940461,0.00898948801274,0.0115305629408614,-0.0009849688050574,0.01677772318509755,0.30043007812575057,False,False
lp_wealth,wealth,PH2M,expansionary,mp_neg_x_ph2m,cP,-1.0,14,-0.2683947861669372,-0.5829688256160126,0.046179253282138,0.0115305629408614,-0.0009802453081014,0.016697264267021658,0.28509205043395885,True,False
lp_wealth,wealth,PH2M,expansionary,mp_neg_x_ph2m,cP,-1.0,15,-0.2474550957202117,-0.5805962340845814,0.0856860426441579,0.0115305629408614,-0.0009757327409918,0.01662039827753011,0.26407549399774183,True,False
lp_wealth,wealth,PH2M,expansionary,mp_neg_x_ph2m,cP,-1.0,16,-0.3203179928092885,-0.6518916344647927,0.0112556488462156,0.0115305629408614,-0.0009714941765521,0.016548199584021907,0.33686619239331045,False,False
lp_wealth,wealth,PH2M,expansionary,mp_neg_x_ph2m,cP,-1.0,17,-0.29999968408214,-0.6228414291072922,0.0228420609430121,0.0115305629408614,-0.0009674796582062,0.01647981723812103,0.31647950132026104,True,False
lp_wealth,wealth,PH2M,expansionary,mp_neg_x_ph2m,cP,-1.0,18,-0.2748809887602158,-0.6131173915123658,0.063355413991934,0.0115305629408614,-0.0009636925260909,0.01641530813491934,0.29129629689513514,True,False
lp_wealth,wealth,PH2M,expansionary,mp_neg_x_ph2m,cP,-1.0,19,-0.3592769523862317,-0.6687697935013178,-0.0497841112711456,0.0115305629408614,-0.0009601126226345,0.016354328915158818,0.3756312813013905,False,False
lp_wealth,wealth,PH2M,expansionary,mp_neg_x_ph2m,cP,-1.0,20,-0.347558486421652,-0.6497897187791988,-0.0453272540641051,0.0115305629408614,-0.0009567316565796,0.0162967383475428,0.3638552247691948,False,False
lp_wealth,wealth,PH2M,expansionary,mp_neg_x_ph2m,cP,-1.0,21,-0.2866201194014908,-0.5842617865448436,0.0110215477418619,0.0115305629408614,-0.000953536829366,0.01624231842445613,0.3028624378259469,False,False
lp_wealth,wealth,PH2M,expansionary,mp_neg_x_ph2m,cP,-1.0,22,-0.3292740670336594,-0.6158212279171392,-0.0427269061501797,0.0115305629408614,-0.0009505183310662,0.016190902045938656,0.34546496907959806,False,False
lp_wealth,wealth,PH2M,expansionary,mp_neg_x_ph2m,cP,-1.0,23,-0.2031658526963586,-0.4974427883260875,0.0911110829333702,0.0115305629408614,-0.0009476658262933,0.01614231316148044,0.21930816585783902,True,False
lp_wealth,wealth,PH2M,expansionary,mp_neg_x_ph2m,cP,-1.0,24,-0.1186735052688556,-0.4183395112559493,0.1809925007182381,0.0115305629408614,-0.0009449700193473,0.016096393430349645,0.13476989869920525,True,False
lp_wealth,wealth,PH2M,expansionary,mp_neg_x_ph2m,cP,-1.0,25,-0.1804409597940852,-0.4854020560985527,0.1245201365103823,0.0115305629408614,-0.0009424218745048,0.01605298894019373,0.19649394873427892,True,False
lp_wealth,wealth,PH2M,expansionary,mp_neg_x_ph2m,cP,-1.0,26,-0.1902026374041944,-0.4793174580793686,0.0989121832709798,0.0115305629408614,-0.0009400129133599,0.016011955271873206,0.20621459267606762,True,False
lp_wealth,wealth,PH2M,expansionary,mp_neg_x_ph2m,cP,-1.0,27,-0.1709898650271827,-0.469801420652381,0.1278216905980156,0.0115305629408614,-0.0009377350059506,0.0159731539415587,0.1869630189687414,True,False
lp_wealth,wealth,PH2M,expansionary,mp_neg_x_ph2m,cP,-1.0,28,-0.2482516346982816,-0.5309325635432097,0.0344292941466465,0.0115305629408614,-0.0009355803785192,0.01593645253291973,0.26418808723120135,True,False
lp_wealth,wealth,PH2M,expansionary,mp_neg_x_ph2m,cP,-1.0,29,-0.2871484315475016,-0.5353133020250299,-0.0389835610699732,0.0115305629408614,-0.0009335414922852,0.015901722632171288,0.30305015417967285,False,False
lp_wealth,wealth,PH2M,expansionary,mp_neg_x_ph2m,cP,-1.0,30,-0.364808682471798,-0.6608557232412119,-0.0687616417023841,0.0115305629408614,-0.0009316109330283,0.01586883794725702,0.380677520419055,False,False
lp_wealth,wealth,PH2M,expansionary,mp_neg_x_ph2m,cP,-1.0,31,-0.2170504884122265,-0.4711073327622531,0.0370063559377999,0.0115305629408614,-0.0009297812153002,0.015837670972839855,0.23288815938506635,True,False
lp_wealth,wealth,PH2M,expansionary,mp_neg_x_ph2m,cP,-1.0,32,-0.3104346083520125,-0.5564639390150643,-0.0644052776889607,0.0115305629408614,-0.0009280444947294,0.01580808808977073,0.3262426964417832,False,False
lp_wealth,wealth,PH2M,expansionary,mp_neg_x_ph2m,cP,-1.0,33,-0.4965071765395697,-0.8568715599388247,-0.1361427931403148,0.0115305629408614,-0.0009263921102402,0.01577994176735646,0.5122871183069262,False,False
lp_wealth,wealth,PH2M,expansionary,mp_neg_x_ph2m,cP,-1.0,34,-0.2388869589691294,-0.6092242915372538,0.1314503735989948,0.0115305629408614,-0.0009248138643383,0.01575305830391667,0.2546400172730461,True,False
lp_wealth,wealth,PH2M,expansionary,mp_neg_x_ph2m,cP,-1.0,35,-0.134760579567623,-0.5622405895215082,0.2927194303862622,0.0115305629408614,-0.0009232968863601,0.01572721846364412,0.1504877980312671,True,False
lp_wealth,wealth,PH2M,expansionary,mp_neg_x_ph2m,cP,-1.0,36,0.1387542711702288,-0.3248117176628966,0.6023202600033543,0.0115305629408614,-0.0009218238557814,0.015702127212869763,-0.12305214395735903,True,True
lp_wealth,wealth,PH2M,expansionary,mp_neg_x_ph2m,cP,-1.0,37,0.0750879316479515,-0.4968456712203391,0.6470215345162422,0.0115305629408614,-0.0009203702765454,0.015677367291617443,-0.05941056435633405,True,True
lp_wealth,wealth,PH2M,expansionary,mp_neg_x_ph2m,cP,-1.0,38,-0.189447014059104,-0.8023054935781041,0.423411465459896,0.0115305629408614,-0.0009189004423406,0.015652330487112058,0.20509934454621606,True,False
lp_wealth,wealth,PH2M,expansionary,mp_neg_x_ph2m,cP,-1.0,39,-0.362864224304491,-1.1638684461931386,0.4381399975841564,0.0115305629408614,-0.0009173618570086,0.015626122592339756,0.37849034689683075,True,False
lp_wealth,wealth,PH2M,expansionary,mp_neg_x_ph2m,cP,-1.0,40,0.1690706461745899,-0.6584773089558038,0.9966186013049838,0.0115305629408614,-0.0009156785950742,0.015597450310904681,-0.1534731958636852,True,True
lp_wealth,wealth,PH2M,expansionary,mp_neg_x_ph2m,cP,-1.0,41,0.2502573625244307,-0.6434516982147378,1.143966423263599,0.0115305629408614,-0.0009137465381333,0.015564540114799153,-0.23469282240963155,True,True
lp_wealth,wealth,PH2M,expansionary,mp_neg_x_ph2m,cP,-1.0,42,0.322848766158812,-0.5065309717829323,1.1522285041005562,0.0115305629408614,-0.0009114405619716,0.01552526066806563,-0.30732350549074633,True,True
lp_wealth,wealth,PH2M,expansionary,mp_neg_x_ph2m,cP,-1.0,43,0.3504934725531066,-0.4505423897230568,1.15152933482927,0.0115305629408614,-0.0009086630861302,0.01547794980849217,-0.33501552274461444,True,True
lp_wealth,wealth,PH2M,expansionary,mp_neg_x_ph2m,cP,-1.0,44,0.3596213189236291,-0.3540968462351679,1.0733394840824262,0.0115305629408614,-0.0009055132020854,0.015424295436599927,-0.3441970234870292,True,True
lp_wealth,wealth,PH2M,expansionary,mp_neg_x_ph2m,cP,-1.0,45,0.4548642439743403,-0.2088162945622702,1.118544782510951,0.0115305629408614,-0.0009027728326612,0.015377616638867391,-0.4394866273354729,True,True
lp_wealth,wealth,PH2M,expansionary,mp_neg_x_ph2m,cP,-1.0,46,0.4473710834950058,-0.2927706816980392,1.1875128486880506,0.0115305629408614,-0.000903070416875,0.01538268561723275,-0.43198839787777304,True,True
lp_wealth,wealth,PH2M,expansionary,mp_neg_x_ph2m,cP,-1.0,47,0.3927469643458834,-0.270504262587387,1.0559981912791538,0.0115305629408614,-0.0009117949075047,0.015531296505176104,-0.3772156678407073,True,True
lp_wealth,wealth,WH2M,contractionary,mp_pos_x_wh2m,cW,1.0,0,-0.0486968576420772,-0.134112821591217,0.0367191063070626,0.009145853557827,-0.0013066486296879,-0.017653999027924475,0.031042858614152725,True,True
lp_wealth,wealth,WH2M,contractionary,mp_pos_x_wh2m,cW,1.0,1,-0.0601323761495779,-0.1973079703381663,0.0770432180390105,0.009145853557827,-0.0013294483414663,-0.017962043654787145,0.042170332494790755,True,True
lp_wealth,wealth,WH2M,contractionary,mp_pos_x_wh2m,cW,1.0,2,-0.1133550868727936,-0.2995533144360509,0.0728431406904636,0.009145853557827,-0.001751580204142,-0.023665425056650924,0.08968966181614267,True,True
lp_wealth,wealth,WH2M,contractionary,mp_pos_x_wh2m,cW,1.0,3,-0.1962138497869612,-0.4074033331436897,0.0149756335697672,0.009145853557827,-0.0019653774944397,-0.026554018875472752,0.16965983091148842,True,True
lp_wealth,wealth,WH2M,contractionary,mp_pos_x_wh2m,cW,1.0,4,-0.225115246032723,-0.4740939308555931,0.023863438790147,0.009145853557827,-0.0022525139797943,-0.030433491227992302,0.1946817548047307,True,True
lp_wealth,wealth,WH2M,contractionary,mp_pos_x_wh2m,cW,1.0,5,-0.3557162284200029,-0.6833867551648661,-0.0280457016751398,0.009145853557827,-0.0024843219235218,-0.03356542518502552,0.32215080323497736,True,True
lp_wealth,wealth,WH2M,contractionary,mp_pos_x_wh2m,cW,1.0,6,-0.3693654903114978,-0.7207493306166128,-0.0179816500063828,0.009145853557827,-0.0027213595137258,-0.03676801637286651,0.33259747393863126,True,True
lp_wealth,wealth,WH2M,contractionary,mp_pos_x_wh2m,cW,1.0,7,-0.4435586264429097,-0.7533697280731275,-0.1337475248126918,0.009145853557827,-0.0029368251811759,-0.03967915146862957,0.4038794749742802,False,True
lp_wealth,wealth,WH2M,contractionary,mp_pos_x_wh2m,cW,1.0,8,-0.3961311777401601,-0.753087293012671,-0.0391750624676493,0.009145853557827,-0.00314415455911,-0.04248035797001553,0.35365081977014456,True,True
lp_wealth,wealth,WH2M,contractionary,mp_pos_x_wh2m,cW,1.0,9,-0.3199972973719937,-0.6741927721602965,0.034198177416309,0.009145853557827,-0.0033381615852416,-0.04510156750785116,0.27489572986414257,True,True
lp_wealth,wealth,WH2M,contractionary,mp_pos_x_wh2m,cW,1.0,10,-0.3359642694503913,-0.7399860462326103,0.0680575073318277,0.009145853557827,-0.0035221943528237,-0.04758801583541468,0.28837625361497665,True,True
lp_wealth,wealth,WH2M,contractionary,mp_pos_x_wh2m,cW,1.0,11,-0.2704302986813693,-0.6449140747776895,0.1040534774149507,0.009145853557827,-0.0036956108535136,-0.04993102884216065,0.22049926983920864,True,True
lp_wealth,wealth,WH2M,contractionary,mp_pos_x_wh2m,cW,1.0,12,-0.2678165978695198,-0.6165744205844179,0.0809412248453783,0.009145853557827,-0.0038595595871612,-0.05214612379476128,0.2156704740747585,True,True
lp_wealth,wealth,WH2M,contractionary,mp_pos_x_wh2m,cW,1.0,13,-0.2567071322419468,-0.6102505935594708,0.0968363290755772,0.009145853557827,-0.0040143156903356,-0.0542370180359,0.2024701142060468,True,True
lp_wealth,wealth,WH2M,contractionary,mp_pos_x_wh2m,cW,1.0,14,-0.3272209780675253,-0.6533118980704061,-0.0011300580646444,0.009145853557827,-0.0041605124772893,-0.0562122682111386,0.2710087098563867,True,True
lp_wealth,wealth,WH2M,contractionary,mp_pos_x_wh2m,cW,1.0,15,-0.3654069532327104,-0.6385341323794909,-0.09227977408593,0.009145853557827,-0.0042985758199701,-0.058077628233795205,0.3073293249989152,False,True
lp_wealth,wealth,WH2M,contractionary,mp_pos_x_wh2m,cW,1.0,16,-0.3514931765938013,-0.6057783430233512,-0.0972080101642515,0.009145853557827,-0.0044289874467342,-0.05983960668753864,0.2916535699062627,False,True
lp_wealth,wealth,WH2M,contractionary,mp_pos_x_wh2m,cW,1.0,17,-0.3673508153937925,-0.6109550042508538,-0.1237466265367312,0.009145853557827,-0.0045521657167622,-0.06150385598144036,0.3058469594123521,False,True
lp_wealth,wealth,WH2M,contractionary,mp_pos_x_wh2m,cW,1.0,18,-0.3265812755987495,-0.5596097555104866,-0.0935527956870124,0.009145853557827,-0.0046685227347768,-0.06307594402121627,0.2635053315775332,False,True
lp_wealth,wealth,WH2M,contractionary,mp_pos_x_wh2m,cW,1.0,19,-0.2655965841349113,-0.4934550653038836,-0.0377381029659388,0.009145853557827,-0.004778440000203,-0.06456102520746429,0.20103555892744698,True,True
lp_wealth,wealth,WH2M,contractionary,mp_pos_x_wh2m,cW,1.0,20,-0.1670554303951649,-0.4599603845951003,0.1258495238047704,0.009145853557827,-0.0048822815271095,-0.0659640176978811,0.1010914126972838,True,True
lp_wealth,wealth,WH2M,contractionary,mp_pos_x_wh2m,cW,1.0,21,-0.1338410492503798,-0.4373838354859657,0.1697017369852061,0.009145853557827,-0.004980389573926,-0.0672895457118995,0.06655150353848029,True,True
lp_wealth,wealth,WH2M,contractionary,mp_pos_x_wh2m,cW,1.0,22,-0.197469492499872,-0.5638438802283438,0.1689048952285997,0.009145853557827,-0.0050730882969134,-0.06854198889235903,0.12892750360751298,True,True
lp_wealth,wealth,WH2M,contractionary,mp_pos_x_wh2m,cW,1.0,23,-0.1188329645304053,-0.5545821684018938,0.3169162393410829,0.009145853557827,-0.0051606836550125,-0.06972548101992632,0.049107483510478986,True,True
lp_wealth,wealth,WH2M,contractionary,mp_pos_x_wh2m,cW,1.0,24,-0.3094631579151077,-0.7224664632074675,0.1035401473772521,0.009145853557827,-0.005243464955626,-0.07084393089800113,0.23861922701710658,True,True
lp_wealth,wealth,WH2M,contractionary,mp_pos_x_wh2m,cW,1.0,25,-0.3510275039334531,-0.727388864072159,0.0253338562052526,0.009145853557827,-0.0053217055594547,-0.07190103187568785,0.27912647205776525,True,True
lp_wealth,wealth,WH2M,contractionary,mp_pos_x_wh2m,cW,1.0,26,-0.3178640404353887,-0.6109711640962562,-0.0247569167745212,0.009145853557827,-0.0053956638930924,-0.07290027552886394,0.24496376490652474,True,True
lp_wealth,wealth,WH2M,contractionary,mp_pos_x_wh2m,cW,1.0,27,-0.3106230762688712,-0.6126898784608321,-0.0085562740769103,0.009145853557827,-0.005465584242406,-0.07384496237945916,0.23677811388941206,True,True
lp_wealth,wealth,WH2M,contractionary,mp_pos_x_wh2m,cW,1.0,28,-0.2896509194870559,-0.5540492138741002,-0.0252526251000118,0.009145853557827,-0.0055316975715599,-0.07473821296121241,0.2149127065258435,True,True
lp_wealth,wealth,WH2M,contractionary,mp_pos_x_wh2m,cW,1.0,29,-0.1753088570692565,-0.4306387203654172,0.0800210062269041,0.009145853557827,-0.0055942222547295,-0.07558297770577962,0.09972587936347688,True,True
lp_wealth,wealth,WH2M,contractionary,mp_pos_x_wh2m,cW,1.0,30,-0.171455563695136,-0.4685258006599278,0.1256146732696557,0.009145853557827,-0.0056533647699303,-0.07638204631698947,0.09507351737814654,True,True
lp_wealth,wealth,WH2M,contractionary,mp_pos_x_wh2m,cW,1.0,31,-0.1890134132603824,-0.4882535884820094,0.1102267619612444,0.009145853557827,-0.0057093203253087,-0.07713805623259562,0.11187535702778678,True,True
lp_wealth,wealth,WH2M,contractionary,mp_pos_x_wh2m,cW,1.0,32,-0.153777407459917,-0.4675101862361976,0.1599553713163637,0.009145853557827,-0.0057622734182009,-0.07785350017766583,0.07592390728225117,True,True
lp_wealth,wealth,WH2M,contractionary,mp_pos_x_wh2m,cW,1.0,33,-0.086062132510789,-0.3734630079362467,0.2013387429146685,0.009145853557827,-0.0058123983033078,-0.07853073249004608,0.007531400020742915,True,True
lp_wealth,wealth,WH2M,contractionary,mp_pos_x_wh2m,cW,1.0,34,-0.1762612091551294,-0.481061734906618,0.1285393165963591,0.009145853557827,-0.0058598593418895,-0.07917197383829266,0.09708923531683675,True,True
lp_wealth,wealth,WH2M,contractionary,mp_pos_x_wh2m,cW,1.0,35,-0.1758288526694964,-0.4845686720289625,0.1329109666899695,0.009145853557827,-0.0059048111830402,-0.07977931367085915,0.09604953899863726,True,True
lp_wealth,wealth,WH2M,contractionary,mp_pos_x_wh2m,cW,1.0,36,-0.09139480985376,-0.3613753250673961,0.1785857053598761,0.009145853557827,-0.0059473987061081,-0.08035470943813747,0.011040100415622534,True,True
lp_wealth,wealth,WH2M,contractionary,mp_pos_x_wh2m,cW,1.0,37,0.0077824259258054,-0.2355442084503501,0.251109060301961,0.009145853557827,-0.005987756625922,-0.08089998125871392,-0.08868240718451932,True,False
lp_wealth,wealth,WH2M,contractionary,mp_pos_x_wh2m,cW,1.0,38,0.0538166145129139,-0.1910293889465587,0.2986626179723867,0.009145853557827,-0.0060260086483255,-0.08141680050987621,-0.1352334150227901,True,False
lp_wealth,wealth,WH2M,contractionary,mp_pos_x_wh2m,cW,1.0,39,0.1118502719845855,-0.1231706174727648,0.3468711614419359,0.009145853557827,-0.0060622661112464,-0.08190667146723792,-0.19375694345182343,True,False
lp_wealth,wealth,WH2M,contractionary,mp_pos_x_wh2m,cW,1.0,40,0.0455600672641971,-0.1896783304245428,0.2807984649529371,0.009145853557827,-0.0060966263010579,-0.08237090855726296,-0.12793097582146007,True,False
lp_wealth,wealth,WH2M,contractionary,mp_pos_x_wh2m,cW,1.0,41,0.0657121987960589,-0.1541716310206946,0.2855960286128125,0.009145853557827,-0.0061291714837173,-0.08281062326707742,-0.14852282206313633,True,False
lp_wealth,wealth,WH2M,contractionary,mp_pos_x_wh2m,cW,1.0,42,0.0152661236193245,-0.1684486463618096,0.1989808936004588,0.009145853557827,-0.0061599721446246,-0.08322676791787521,-0.09849289153719971,True,False
lp_wealth,wealth,WH2M,contractionary,mp_pos_x_wh2m,cW,1.0,43,-0.0362730952931489,-0.2209874649271318,0.148441274340834,0.009145853557827,-0.0061891045227796,-0.0836203725671621,-0.047347277274013194,True,True
lp_wealth,wealth,WH2M,contractionary,mp_pos_x_wh2m,cW,1.0,44,-0.0363402455914119,-0.1930688967934207,0.1203884056105968,0.009145853557827,-0.0062167090618612,-0.08399333473544546,-0.04765308914403356,True,True
lp_wealth,wealth,WH2M,contractionary,mp_pos_x_wh2m,cW,1.0,45,0.0108193139187181,-0.1715958882406859,0.1932345160781222,0.009145853557827,-0.0062431499832969,-0.08435057538202599,-0.09516988930074409,True,False
lp_wealth,wealth,WH2M,contractionary,mp_pos_x_wh2m,cW,1.0,46,0.015208646056758,-0.1647893972605749,0.1952066893740911,0.009145853557827,-0.0062693089852041,-0.08470400704203661,-0.0999126530987946,True,False
lp_wealth,wealth,WH2M,contractionary,mp_pos_x_wh2m,cW,1.0,47,-0.0034509023512179,-0.149711882037507,0.1428100773350711,0.009145853557827,-0.0062955381748905,-0.08505838700211628,-0.08160748465089838,True,True
lp_wealth,wealth,WH2M,expansionary,mp_neg_x_wh2m,cW,-1.0,0,0.019707426734624,-0.0447290217945238,0.084143875263772,0.0135086976937041,-0.0013066486296879,0.026075481577013112,0.006368054842389111,True,True
lp_wealth,wealth,WH2M,expansionary,mp_neg_x_wh2m,cW,-1.0,1,-0.0108033652334974,-0.0802900314149778,0.058683300947983,0.0135086976937041,-0.0013294483414663,0.026530472651837014,0.03733383788533441,True,False
lp_wealth,wealth,WH2M,expansionary,mp_neg_x_wh2m,cW,-1.0,2,0.0949061168748997,-0.0397142824931429,0.2295265162429424,0.0135086976937041,-0.001751580204142,0.034954536595408134,-0.05995158027949157,True,True
lp_wealth,wealth,WH2M,expansionary,mp_neg_x_wh2m,cW,-1.0,3,0.0845166572117781,-0.0418330286071773,0.2108663430307336,0.0135086976937041,-0.0019653774944397,0.03922107556977998,-0.04529558164199812,True,True
lp_wealth,wealth,WH2M,expansionary,mp_neg_x_wh2m,cW,-1.0,4,0.0778504381413783,-0.0703175364008755,0.2260184126836321,0.0135086976937041,-0.0022525139797943,0.04495117160618767,-0.03289926653519064,True,True
lp_wealth,wealth,WH2M,expansionary,mp_neg_x_wh2m,cW,-1.0,5,0.1656949757675521,-0.0234217736115258,0.3548117251466302,0.0135086976937041,-0.0024843219235218,0.04957713120139689,-0.1161178445661552,True,True
lp_wealth,wealth,WH2M,expansionary,mp_neg_x_wh2m,cW,-1.0,6,0.1785247426861219,-0.0603025460515107,0.4173520314237547,0.0135086976937041,-0.0027213595137258,0.054307453627786544,-0.12421728905833535,True,True
lp_wealth,wealth,WH2M,expansionary,mp_neg_x_wh2m,cW,-1.0,7,0.2263938168469082,-0.0519940709521668,0.5047817046459835,0.0135086976937041,-0.0029368251811759,0.05860728673855625,-0.16778653010835196,True,True
lp_wealth,wealth,WH2M,expansionary,mp_neg_x_wh2m,cW,-1.0,8,0.3265765201008587,-0.0893914222795141,0.7425444624812316,0.0135086976937041,-0.00314415455911,0.06274475204626145,-0.26383176805459724,True,True
lp_wealth,wealth,WH2M,expansionary,mp_neg_x_wh2m,cW,-1.0,9,0.2264993654462395,-0.1226826176624937,0.5756813485549728,0.0135086976937041,-0.0033381615852416,0.06661635648586813,-0.1598830089603714,True,True
lp_wealth,wealth,WH2M,expansionary,mp_neg_x_wh2m,cW,-1.0,10,0.1463023238585578,-0.1312114362972251,0.4238160840143408,0.0135086976937041,-0.0035221943528237,0.07028891461023548,-0.07601340924832231,True,True
lp_wealth,wealth,WH2M,expansionary,mp_neg_x_wh2m,cW,-1.0,11,0.0875574307695955,-0.1560492486365596,0.3311641101757507,0.0135086976937041,-0.0036956108535136,0.07374961450012833,-0.013807816269467171,True,True
lp_wealth,wealth,WH2M,expansionary,mp_neg_x_wh2m,cW,-1.0,12,0.097131081581973,-0.1316369491795285,0.3258991123434746,0.0135086976937041,-0.0038595595871612,0.07702137561988993,-0.02010970596208307,True,True
lp_wealth,wealth,WH2M,expansionary,mp_neg_x_wh2m,cW,-1.0,13,0.0933503004000987,-0.1353910678203775,0.322091668620575,0.0135086976937041,-0.0040143156903356,0.08010968859521389,-0.013240611804884811,True,True
lp_wealth,wealth,WH2M,expansionary,mp_neg_x_wh2m,cW,-1.0,14,0.1088409764845205,-0.1323377349783531,0.3500196879473943,0.0135086976937041,-0.0041605124772893,0.08302719184606126,-0.025813784638459236,True,True
lp_wealth,wealth,WH2M,expansionary,mp_neg_x_wh2m,cW,-1.0,15,0.1020805458752452,-0.1519637410519316,0.3561248328024221,0.0135086976937041,-0.0042985758199701,0.08578238407351872,-0.016298161801726482,True,True
lp_wealth,wealth,WH2M,expansionary,mp_neg_x_wh2m,cW,-1.0,16,0.1320583406196498,-0.1221748477772995,0.3862915290165991,0.0135086976937041,-0.0044289874467342,0.08838487864922406,-0.043673461970425737,True,True
lp_wealth,wealth,WH2M,expansionary,mp_neg_x_wh2m,cW,-1.0,17,0.140489634940358,-0.1055476415401016,0.3865269114208177,0.0135086976937041,-0.0045521657167622,0.090843024349473,-0.04964661059088499,True,True
lp_wealth,wealth,WH2M,expansionary,mp_neg_x_wh2m,cW,-1.0,18,0.1433180064764757,-0.1121555249916921,0.3987915379446436,0.0135086976937041,-0.0046685227347768,0.09316504513659202,-0.05015296133988367,True,True
lp_wealth,wealth,WH2M,expansionary,mp_neg_x_wh2m,cW,-1.0,19,0.1945754377899057,-0.0618009710677143,0.4509518466475258,0.0135086976937041,-0.004778440000203,0.09535855421355108,-0.09921688357635461,True,True
lp_wealth,wealth,WH2M,expansionary,mp_neg_x_wh2m,cW,-1.0,20,0.1980076976973797,-0.0541209873357687,0.4501363827305281,0.0135086976937041,-0.0048822815271095,0.09743081584552946,-0.10057688185185024,True,True
lp_wealth,wealth,WH2M,expansionary,mp_neg_x_wh2m,cW,-1.0,21,0.1357591666459245,-0.1079171183566087,0.3794354516484577,0.0135086976937041,-0.004980389573926,0.09938866014214914,-0.03637050650377535,True,True
lp_wealth,wealth,WH2M,expansionary,mp_neg_x_wh2m,cW,-1.0,22,0.1547406561465384,-0.1019604238018122,0.411441736094889,0.0135086976937041,-0.0050730882969134,0.1012385559661305,-0.053502100180407894,True,True
lp_wealth,wealth,WH2M,expansionary,mp_neg_x_wh2m,cW,-1.0,23,0.1246495596359166,-0.1390815909753987,0.3883807102472321,0.0135086976937041,-0.0051606836550125,0.10298660903445271,-0.021662950601463893,True,True
lp_wealth,wealth,WH2M,expansionary,mp_neg_x_wh2m,cW,-1.0,24,0.0937361319453684,-0.1542606241361144,0.3417328880268513,0.0135086976937041,-0.005243464955626,0.10463859276598127,0.010902460820612872,True,True
lp_wealth,wealth,WH2M,expansionary,mp_neg_x_wh2m,cW,-1.0,25,0.0901165383200574,-0.1552907757577917,0.3355238523979068,0.0135086976937041,-0.0053217055594547,0.10619996234717996,0.016083424027122567,True,True
lp_wealth,wealth,WH2M,expansionary,mp_neg_x_wh2m,cW,-1.0,26,0.1534196157102364,-0.0696708296558335,0.3765100610763063,0.0135086976937041,-0.0053956638930924,0.10767587493945588,-0.04574374077078053,True,True
lp_wealth,wealth,WH2M,expansionary,mp_neg_x_wh2m,cW,-1.0,27,0.1483175525788575,-0.0851515978748381,0.3817867030325531,0.0135086976937041,-0.005465584242406,0.10907120551185358,-0.03924634706700393,True,True
lp_wealth,wealth,WH2M,expansionary,mp_neg_x_wh2m,cW,-1.0,28,0.1517491002867893,-0.051098536834323,0.3545967374079017,0.0135086976937041,-0.0055316975715599,0.11039056318550705,-0.04135853710128226,True,True
lp_wealth,wealth,WH2M,expansionary,mp_neg_x_wh2m,cW,-1.0,29,0.2425103669321699,0.058104591138337,0.4269161427260029,0.0135086976937041,-0.0055942222547295,0.11163830583571509,-0.13087206109645483,True,True
lp_wealth,wealth,WH2M,expansionary,mp_neg_x_wh2m,cW,-1.0,30,0.3501453931405028,0.1008920532601609,0.5993987330208447,0.0135086976937041,-0.0056533647699303,0.1128185539379957,-0.2373268392025071,True,True
lp_wealth,wealth,WH2M,expansionary,mp_neg_x_wh2m,cW,-1.0,31,0.1263050978702209,-0.0294969952656828,0.2821071910061248,0.0135086976937041,-0.0057093203253087,0.11393520306634591,-0.012369894803874987,True,True
lp_wealth,wealth,WH2M,expansionary,mp_neg_x_wh2m,cW,-1.0,32,0.2511515496098757,0.0188054985579292,0.4834976006618222,0.0135086976937041,-0.0057622734182009,0.11499193504982202,-0.13615961456005365,True,True
lp_wealth,wealth,WH2M,expansionary,mp_neg_x_wh2m,cW,-1.0,33,0.5802097682070637,0.0580111938176098,1.1024083425965177,0.0135086976937041,-0.0058123983033078,0.11599222731543825,-0.4642175408916255,True,True
lp_wealth,wealth,WH2M,expansionary,mp_neg_x_wh2m,cW,-1.0,34,0.0194153237153159,-0.2078534949974639,0.2466841424280957,0.0135086976937041,-0.0058598593418895,0.11693935985669275,0.09752403614137685,True,True
lp_wealth,wealth,WH2M,expansionary,mp_neg_x_wh2m,cW,-1.0,35,0.004296221096959,-0.2762333331977437,0.2848257753916618,0.0135086976937041,-0.0059048111830402,0.11783641885108966,0.11354019775413066,True,True
lp_wealth,wealth,WH2M,expansionary,mp_neg_x_wh2m,cW,-1.0,36,-0.1204322914538609,-0.4257277192781575,0.1848631363704356,0.0135086976937041,-0.0059473987061081,0.11868629551107046,0.23911858696493138,True,False
lp_wealth,wealth,WH2M,expansionary,mp_neg_x_wh2m,cW,-1.0,37,-0.0662327443969799,-0.3231303896675671,0.1906649008736071,0.0135086976937041,-0.005987756625922,0.11949167820591575,0.18572442260289565,True,False
lp_wealth,wealth,WH2M,expansionary,mp_neg_x_wh2m,cW,-1.0,38,0.1492669968181413,-0.2392909808703693,0.537824974506652,0.0135086976937041,-0.0060260086483255,0.12025503560958455,-0.029011961208556744,True,True
lp_wealth,wealth,WH2M,expansionary,mp_neg_x_wh2m,cW,-1.0,39,0.4188826251361525,-0.1959742759802714,1.0337395262525764,0.0135086976937041,-0.0060622661112464,0.12097858958189384,-0.29790403555425865,True,True
lp_wealth,wealth,WH2M,expansionary,mp_neg_x_wh2m,cW,-1.0,40,-0.1453231686813251,-0.6178497888381709,0.3272034514755206,0.0135086976937041,-0.0060966263010579,0.12166428156982056,0.2669874502511457,True,False
lp_wealth,wealth,WH2M,expansionary,mp_neg_x_wh2m,cW,-1.0,41,-0.2174491716898878,-0.7342565990843813,0.2993582557046057,0.0135086976937041,-0.0061291714837173,0.12231375327290452,0.3397629249627923,True,False
lp_wealth,wealth,WH2M,expansionary,mp_neg_x_wh2m,cW,-1.0,42,-0.2725985432034699,-0.7674114421727413,0.2222143557658014,0.0135086976937041,-0.0061599721446246,0.12292841129787023,0.3955269545013401,True,False
lp_wealth,wealth,WH2M,expansionary,mp_neg_x_wh2m,cW,-1.0,43,-0.3856246064124483,-0.7879916243036397,0.016742411478743,0.0135086976937041,-0.0061891045227796,0.12350977707028658,0.5091343834827349,False,False
lp_wealth,wealth,WH2M,expansionary,mp_neg_x_wh2m,cW,-1.0,44,-0.4246862745610417,-0.8124229730914542,-0.0369495760306292,0.0135086976937041,-0.0062167090618612,0.12406065328437342,0.5487469278454151,False,False
lp_wealth,wealth,WH2M,expansionary,mp_neg_x_wh2m,cW,-1.0,45,-0.4758609170596865,-0.8031935382549208,-0.1485282958644523,0.0135086976937041,-0.0062431499832969,0.1245883083433624,0.6004492254030489,False,False
lp_wealth,wealth,WH2M,expansionary,mp_neg_x_wh2m,cW,-1.0,46,-0.5252933882066096,-0.9001626053023951,-0.1504241711108241,0.0135086976937041,-0.0062693089852041,0.12511033741591204,0.6504037256225217,False,False
lp_wealth,wealth,WH2M,expansionary,mp_neg_x_wh2m,cW,-1.0,47,-0.4470074431151954,-0.9235727779022308,0.02955789167184,0.0135086976937041,-0.0062955381748905,0.12563376715586522,0.5726412102710606,False,False
