draw,loss,mse,sign_penalty,persistence_penalty,impact_ph_model,impact_wh_model,r_R,r_pi,r_Y,rho_A,rho_j,rho_u,phi,kappa
425,0.04697984520858797,0.0023582338843315563,0.04,0.004621611324256416,-0.03238823552724029,-0.032286662317463494,0.4598126319085204,1.4669556636657184,0.17436663808356945,0.9000321175202491,0.4037608391314957,0.3305594409604514,0.16777799291617346,0.32755727601055645
390,0.047412889502368036,0.002528518177694745,0.04,0.0048843713246732885,-0.02912562804306186,-0.023259991231470725,0.4692871548616658,1.5872089613705562,0.1466970529212148,0.6016581761755918,0.6840511394340595,0.849612000701011,0.06403944431094646,0.222029610568494
55,0.04770294826573532,0.002955804855410136,0.04,0.004747143410325182,-0.03947738939902351,-0.03831813948415326,0.4703282647584802,1.6146331381869077,0.2570650512321986,0.6657885816405512,0.4513637632615509,0.2468265831042552,0.2158057077063804,0.21049622486047145
430,0.048771439061918664,0.0036204721357514045,0.04,0.005150966926167261,-0.039925158707983376,-0.03523093225180381,0.4503083057759394,1.2317969834845797,0.25981625348093973,0.815501558885741,0.678072937544425,0.7479491789693666,0.1530882706047008,0.14732591390200805
135,0.049352980648041236,0.0036960770835658403,0.04,0.005656903564475397,-0.030630002647364186,-0.029059417280675934,0.6113423848940994,1.4760173370892042,0.29853563719498377,0.6525650466440986,0.8336281046625086,0.19256333384754357,0.09191314393287113,0.3995133302541706
115,0.05008432536984725,0.004332135120755928,0.04,0.005752190249091321,-0.03766616660460244,-0.03827524636895599,0.5769791093526293,1.5543656577087313,0.08743746315074798,0.7571558138977885,0.6519212079687107,0.29620717841856775,0.15915149228055717,0.3479671272907714
155,0.0509615336786102,0.004952998469195149,0.04,0.00600853520941505,-0.03923226604269539,-0.03501308681853996,0.6054896010900653,1.7178327979402257,0.2145955067192297,0.9063525668689956,0.49539106844877057,0.8829073151203511,0.11471430484402619,0.22278522669472606
156,0.05120504460022601,0.00491040532964901,0.04,0.006294639270577006,-0.03247609261541087,-0.029459008235818745,0.5325915057332044,0.7249135960733809,0.14883576844226454,0.8457912331966787,0.8026798024056708,0.5821573332039419,0.07336760901434837,0.36603511423438345
378,0.05124436071242117,0.004918393330176796,0.04,0.006325967382244377,-0.031066098244385457,-0.024075034019052168,0.5594738167582968,1.0053742349765518,0.11442515838572656,0.9505907744210809,0.96,0.4491329083768244,0.034080417255559534,0.2757425093592784
323,0.05148583528321498,0.0050971483701153595,0.04,0.006388686913099623,-0.03219411762050364,-0.026273161555997036,0.5736490938855514,0.8351758699707829,0.2609243291764128,0.9437716337407741,0.9485200386093291,0.5263397211385336,0.04723234735341155,0.29228676424176814
75,0.051666057463634056,0.005569558974137353,0.04,0.006096498489496704,-0.04489509281520489,-0.042977896087802975,0.5883495578341945,1.374005595900666,0.26999473213928593,0.7316672872989585,0.46936707392396376,0.13275756822857582,0.1732420567811275,0.22139490963591707
380,0.05167896920798795,0.005168150397210288,0.04,0.006510818810777659,-0.030536100125924864,-0.02663671654558101,0.4727872787678853,0.3336992514375652,0.15488836536714978,0.697921094683739,0.4951667311621977,0.862563019606919,0.05103811356623072,0.3857827453103309
73,0.05193732779914312,0.005362059159559357,0.04,0.006575268639583765,-0.030022080056168018,-0.02095656156603151,0.604303337273727,1.084821596803505,0.20188191913942327,0.8827278143336772,0.8366361972541786,0.152971236924818,0.01,0.24975859469708248
48,0.05194188430712576,0.005459638312860001,0.04,0.006482245994265764,-0.032162408529367935,-0.02138951309694824,0.5568956739654531,1.1620252561169364,0.10363651277688685,0.9073790223930635,0.9320027090339411,0.26927462608751473,0.01,0.16738615662817885
31,0.05211469691235657,0.005491796164540198,0.04,0.006622900747816362,-0.030382775497482774,-0.021152486245506436,0.6032472907982184,1.3132231682641498,0.05584445931861583,0.8249798664337027,0.96,0.9,0.01,0.24506698238902072
437,0.0522706487468165,0.005684368179618371,0.04,0.006586280567198129,-0.035390821583957635,-0.032869899016302884,0.5453199484986372,0.635827213381923,0.19554630991744282,0.9012581643450783,0.7497070949638359,0.6280658605432183,0.08684561861027279,0.3507991673172845
145,0.05241922131490627,0.005732332326828071,0.04,0.006686888988078194,-0.03277131276060039,-0.026010790885394028,0.4912715280532537,0.4820661840354083,0.08611088366525499,0.9127808966666219,0.623163709145559,0.892310765888386,0.0388143641360286,0.2787389389927752
249,0.05251737966639959,0.005858738881191477,0.04,0.006658640785208118,-0.034866436656268374,-0.0282039040657453,0.5664300116690277,0.7625746695698437,0.22072477087026288,0.9334249270735638,0.8171990079168111,0.4192952764923571,0.05117358417846735,0.25238670929625523
36,0.052597560056246107,0.005922522104165355,0.04,0.006675037952080746,-0.035168606551240676,-0.028449564409945036,0.5792677707254297,0.967102282688756,0.1561746114811473,0.8240465411860497,0.7524702994090452,0.5379752774273389,0.05198324497786601,0.2498598819610427
200,0.05263536801879191,0.005998569800856751,0.04,0.006636798217935153,-0.03801029486697335,-0.036758212927772774,0.6397126338042693,1.3953212810078182,0.14889382669003567,0.6717578397807428,0.5094776633420889,0.4280390295319954,0.11067758570923714,0.35163504623560493
154,0.0531968722581643,0.006210511646528214,0.04,0.006986360611636086,-0.03080299554867036,-0.02281595450719613,0.6267209846206439,1.0815872356619096,0.12744047674022918,0.98,0.8414270437516083,0.612688470902983,0.01594609357748706,0.3012755767808049
364,0.05320594653159479,0.0061776425482230595,0.04,0.007028303983371728,-0.02942303343953301,-0.021587783247042365,0.625421549919567,0.9819063062763134,0.13452837776503096,0.8409844786611883,0.8815016131598835,0.4192953713896103,0.01,0.332603670887472
18,0.053482077110308675,0.006616601534181322,0.04,0.006865475576127352,-0.03923961138680016,-0.03522950118729816,0.5457912013448148,0.7771009011550246,0.08317459291012524,0.8715895634037095,0.7383006426547714,0.4797261123560405,0.09029405272377293,0.27816072641572337
193,0.05352871355470272,0.006821450784666236,0.04,0.006707262770036481,-0.04455180404757311,-0.04033031846871731,0.5455624671299997,0.8777770951817704,0.16198874916209394,0.921162383398735,0.8989331587302581,0.33226475410961026,0.12593095359779827,0.20782271821872897
303,0.05363017473170561,0.0066566690481313275,0.04,0.006973505683574278,-0.03753888445172903,-0.03542737637342588,0.5250423063753124,0.5457141166424128,0.07810043991491478,0.98,0.6283599159211545,0.29244548483829624,0.09195685250939545,0.35374274558689633
281,0.053653774919989294,0.006584539910692418,0.04,0.007069235009296873,-0.03257919908294371,-0.023463630260433483,0.6188111971376572,1.15585488067072,0.07680756467584172,0.8285942255115449,0.7960588287413715,0.48701229247365607,0.01588525405644358,0.24905335388774136
65,0.05366143318568546,0.006578463779847216,0.04,0.007082969405838243,-0.033416498543703176,-0.02807664119121976,0.6361640136785519,1.225421815337855,0.033432846392216393,0.6794419102688517,0.6940494496616663,0.2310010434066367,0.04484044225407206,0.3427065016925833
353,0.05367641229358627,0.0066130843149046405,0.04,0.0070633279786816335,-0.03360923134114921,-0.025828916725012883,0.5644951697898789,0.7801598865963052,0.05073990410138668,0.8566117600428527,0.7632656154591245,0.4394467985450877,0.029822513480881923,0.26872071147037796
301,0.05376535021247247,0.00663181393220817,0.04,0.0071335362802642955,-0.0323297777324356,-0.02500751910358966,0.586585687045339,0.7889341917322716,0.07888208369485161,0.8206669928535396,0.7554554702783672,0.4736051518744746,0.025648928135392258,0.30535497319422117
223,0.053834589470503,0.006870784472036143,0.04,0.006963804998466857,-0.0397416573366446,-0.03599999091682808,0.6507060943671268,1.5091558633877609,0.10400025562445084,0.9049260067071264,0.6694296086058237,0.74567721317038,0.09231712573435023,0.28697236652304176
238,0.05384656866087197,0.006801076167690361,0.04,0.007045492493181614,-0.03587431330483993,-0.02786679778748746,0.5951120675228807,0.8563431686495475,0.18901193010457734,0.8464304974586826,0.6853982037938282,0.18953268187280276,0.03992956841195831,0.23162624880692553
409,0.05395651966134497,0.006804196096177641,0.04,0.007152323565167331,-0.03303239433940676,-0.023893574707814207,0.6085937992375106,0.9782453481291825,0.10866665288352025,0.9233930364875979,0.7347360896092645,0.7367794462736514,0.01686584964587516,0.24700859215797766
261,0.054116532116766675,0.006939424446900768,0.04,0.007177107669865908,-0.03325809923121552,-0.022918660015990022,0.5591224810114801,0.6246701724928763,0.1332542094588102,0.8120287054891188,0.796524933604509,0.5077403690706322,0.01,0.2106138131194581
305,0.054182246069042594,0.007104683103788049,0.04,0.007077562965254549,-0.03703300621529624,-0.027031833986274564,0.5186435526366648,0.508840303262993,0.14948273384277588,0.9587745858889843,0.6828859011208992,0.28787213060738487,0.03220752886691795,0.16840693361103742
360,0.05445775391646883,0.007555215650101069,0.04,0.006902538266367758,-0.04788303436773797,-0.044903241075432455,0.6252886574501123,1.3156516735786223,0.22017421696442252,0.6789021253956895,0.7153559044076615,0.8055257737111421,0.15003498999499448,0.21512702758784652
165,0.05446713602043493,0.0071423977035278766,0.04,0.007324738316907051,-0.033589260377430485,-0.027209248110603032,0.7209084865724057,1.7714308741085512,0.22430765775810305,0.7614921665531185,0.6071912459944308,0.43409543412323653,0.03486380746752044,0.3281626954461502
171,0.05456136597436807,0.007277768202183933,0.04,0.007283597772184135,-0.035491482295881775,-0.027526473856673322,0.6183813720247819,0.8015566347281456,0.24018619692534893,0.931886552094296,0.7620778199386269,0.42697683961833316,0.03448914900755487,0.25226701794965645
128,0.05469661941893327,0.00742925847594897,0.04,0.007267360942984301,-0.03769218741933964,-0.030707098358624396,0.6233121492908482,1.1153837798616384,0.10115710275960164,0.7867914785261334,0.6946595940737008,0.35296949686232165,0.051972151445254765,0.25101408481725374
207,0.054732996396817314,0.0073473435046147355,0.04,0.007385652892202573,-0.034622782418718884,-0.029263122151654133,0.6028956437491455,0.8448780164925371,0.03,0.9443501503687279,0.6495957317843225,0.5076979394169162,0.04549541794900461,0.34194756994618136
91,0.055257388825727186,0.007829467852655397,0.04,0.007427920973071789,-0.03552936172161703,-0.023999454662249956,0.5949155053041453,0.8974957221591026,0.10978514278424448,0.8300760287353227,0.7903051631581282,0.6624347154582996,0.01,0.17397842920275708
373,0.05535723604703023,0.007818408783431822,0.04,0.0075388272635984015,-0.03503463538483257,-0.026982855744372182,0.6711085026613705,1.2850432474562088,0.1281294789423546,0.9703188638733041,0.7946270708056917,0.4955728881544837,0.02792369120420811,0.27577147421674214
44,0.05549376858271292,0.008112842697842204,0.04,0.007380925884870712,-0.042218117838915235,-0.036490007153119314,0.5517362128840702,0.5297622135449616,0.16403620419289722,0.7918189430773503,0.9487756640437937,0.5530433522288948,0.08200087466488068,0.2322972159907936
239,0.055524950209459675,0.008080688909369945,0.04,0.007444261300089728,-0.04058731500342667,-0.03502163947131621,0.5959919227731281,0.8304694018179054,0.10408170600459621,0.8264196604286661,0.744099101511443,0.6542678536058646,0.0727910164739474,0.2600750247922618
402,0.05563469993498714,0.007983467049986558,0.04,0.007651232885000584,-0.03480942668044456,-0.028850536713228375,0.6175262306874727,0.6405436215777646,0.1890259878640445,0.8713904420991154,0.7421740951614715,0.6675433972601322,0.03842556141487549,0.3378498532546174
59,0.05565354938736577,0.007968069805170704,0.04,0.007685479582195062,-0.03302879144786364,-0.024361726516481528,0.5508942311303524,0.37819337545899295,0.10358030358749443,0.8799456954732248,0.96,0.6592630452666509,0.01363295580228649,0.29017229917107695
369,0.055681868720785725,0.00823145350027483,0.04,0.007450415220510898,-0.04267632080364772,-0.039052694200336545,0.49330433823418895,0.2,0.2118857139375352,0.8725541621505241,0.7243269584788767,0.7365430822548177,0.09782304593945876,0.2698069361476132
92,0.05578193153572196,0.008242219324275688,0.04,0.007539712211446265,-0.0399600901660866,-0.03430681635173107,0.6502626114202489,1.1208195136154546,0.14627701021615147,0.952484499247548,0.685071779352076,0.33878683396104425,0.06692735849211845,0.2719379495155998
440,0.05588699596062032,0.008796123941725593,0.04,0.0070908720188947215,-0.05409448842021719,-0.0497587081836232,0.6428154122411914,1.3559645170679528,0.32284428919843167,0.9042709299507202,0.6186500458222975,0.4873708114240516,0.17366508440501913,0.15240810644719327
370,0.055995391965473575,0.009142036923879947,0.04,0.006853355041593627,-0.05933644777152488,-0.05303172628377136,0.5906092351218418,1.6228829612275417,0.2738633667296563,0.865312292992732,0.5560193894747325,0.6671556152172944,0.20911101374811514,0.08204594202969913
419,0.05601429007509452,0.008397081514528051,0.04,0.00761720856056647,-0.03640756910724381,-0.02454937114305978,0.5670865010560842,0.5855247995403238,0.13323744561793516,0.8807542925536501,0.7751201614124322,0.5702707573958605,0.01,0.16570000718774036
5,0.056016262431474874,0.008677732806311343,0.04,0.007338529625163528,-0.04654623724959341,-0.038583381447577225,0.6598329210587188,1.53228511369254,0.2540848326407197,0.7186993237251755,0.8660654887813126,0.7438114859974415,0.09137045959633663,0.15091483637558545
121,0.05613510926000279,0.008361773136422073,0.04,0.0077733361235807225,-0.03426323720771592,-0.024651890051643643,0.6881797966321208,1.3459610499720596,0.12988941645704247,0.9279096744986787,0.96,0.5188679047318524,0.01211139752988772,0.2613538372099264
22,0.056226688535591235,0.008646220200691009,0.04,0.007580468334900225,-0.04349291990252611,-0.04006956147561361,0.6195861935787849,0.7497053203039704,0.22095565636924103,0.9109434263684232,0.7880412567281239,0.5411589641027662,0.09936686583651798,0.2820877642525896
112,0.05640376587921977,0.008608350414774951,0.04,0.007795415464444815,-0.035998534488532026,-0.02621506793193267,0.6355368186785302,0.7832080001445876,0.20170896901003527,0.8704963824244175,0.5478286557087069,0.25462502778410595,0.018511211878310764,0.23312974675446813
96,0.05658345622329244,0.00882579548992908,0.04,0.007757660733363353,-0.04099038666369433,-0.03693686161762956,0.6504385256292914,0.9462455653976163,0.16684248118707914,0.9302701206955573,0.9259662589180128,0.5914934445720239,0.07797253813230388,0.3083917625191159
246,0.05664158897225409,0.008843788106758049,0.04,0.00779780086549604,-0.038750829395860706,-0.030310114121831513,0.5765191871960257,0.5116586175125665,0.14240143148463108,0.8299222223567504,0.891532734626613,0.3268116916302517,0.039175360064296366,0.23134541334820646
386,0.056705908765075266,0.008788809508679192,0.04,0.007917099256396073,-0.03526189083089551,-0.02611881547605523,0.6569643118259381,0.9474052647551878,0.14196643442257353,0.7925369144081698,0.8776864372351522,0.6825377927557623,0.01759873193721316,0.2677038329894725
443,0.05671608255211912,0.009076651105568587,0.04,0.007639431446550535,-0.045916693321427844,-0.04224333656782286,0.6504726226600605,1.1516434567543836,0.15216006292010947,0.809466560184145,0.6447322789144803,0.4838483983840759,0.10901285095407104,0.25650090417399246
81,0.05683448996361791,0.009024326244688163,0.04,0.007810163718929743,-0.040647465165214086,-0.033628784898613893,0.6338032731779523,0.8669136090332255,0.16021162481647855,0.7977826556043595,0.8704790305548448,0.7955866374002083,0.05650010056612086,0.24701518145635076
29,0.05688437005782559,0.00890381617169255,0.04,0.007980553886133038,-0.03460496948804664,-0.02473288538974187,0.6035586110412829,0.5298763799785159,0.1481788482068036,0.98,0.7265083491554443,0.4058029126302373,0.01,0.2580187136723375
23,0.05717756495023287,0.009015328190266115,0.04,0.00816223675996675,-0.0320780301615443,-0.024364782052113204,0.6944958872559651,1.018611148497248,0.15469637085538893,0.98,0.8184700312719682,0.323676459432248,0.01,0.37227512639723537
424,0.05733465341282506,0.009259100993439413,0.04,0.008075552419385644,-0.035673165794505836,-0.025811791606717777,0.6023692319569669,0.5318405615414409,0.1295230786856558,0.8583958404115805,0.8630213626024101,0.45979218763351754,0.013522519003334517,0.25074660020842837
166,0.057523574459063434,0.00929445824999701,0.04,0.008229116209066424,-0.033033127399119594,-0.02475278436676439,0.6716701545348049,0.8163387579718561,0.16257052014413975,0.98,0.7795434520775227,0.5541503892256561,0.01,0.34326272115417256
245,0.05761422081804003,0.010094110329040923,0.04,0.007520110488999112,-0.05587420406609577,-0.05135301011831134,0.5222871778766417,0.34144366512107904,0.24574246158234114,0.7290996601446316,0.439896907325291,0.4802444943068833,0.1682918427252307,0.14979284014531608
224,0.05763947240927618,0.009547716909168367,0.04,0.008091755500107808,-0.036842444261796954,-0.025557425315641986,0.6136362597854454,0.7606720607846906,0.06540557174940613,0.98,0.8815668289707999,0.513743221542234,0.01,0.20631146001114772
39,0.05771665962673256,0.009568609103151259,0.04,0.008148050523581297,-0.038987601132232104,-0.03586897036295218,0.6390295686751788,0.6036766223615075,0.20488256865466,0.9398536185519591,0.96,0.6695473120127879,0.06659747646353799,0.37813454181523753
327,0.05783535461560528,0.009632952529976625,0.04,0.008202402085628651,-0.03597385489618817,-0.02597343945115728,0.6830171657039247,1.106459291932493,0.1249406649124269,0.9140019373238043,0.9188386215220382,0.37076101219692864,0.012470390663877083,0.2558872661815859
42,0.057856919263049256,0.009683704086008237,0.04,0.00817321517704102,-0.0365130616004042,-0.025627992652190325,0.6852206216195539,1.1352337887836956,0.1667219475077073,0.8521931586852137,0.6978172894628079,0.5047206213741815,0.01,0.22598482919068205
74,0.057876752430276276,0.010064715727291864,0.04,0.0078120367029844125,-0.049581691693740576,-0.04386330831694826,0.6373677069487194,0.9057461869976297,0.24504428017108443,0.8195195531910358,0.7155836888682127,0.53390456503663,0.11090019041328567,0.19125708497665275
133,0.05789324783841001,0.009754753467727464,0.04,0.008138494370682542,-0.04024686654283492,-0.034333480038010795,0.6227123223049069,0.6412282476816115,0.1363157106634629,0.98,0.661166581923547,0.7119700975745792,0.05566404324871919,0.29417049750167235
387,0.05817925759284457,0.009952671246036653,0.04,0.008226586346807918,-0.03882517043534961,-0.029822186026912778,0.5809293917625344,0.3374637396109111,0.19036650367075375,0.8680971109890915,0.6882326601262457,0.5330422924820138,0.030252810091907324,0.23860490222680789
136,0.058392518867674464,0.010189566903790642,0.04,0.008202951963883818,-0.042232084604887185,-0.03557899186086277,0.6511273419474933,0.765314381279431,0.20597516018990442,0.98,0.7408722234248533,0.7066832225569434,0.059213843759182296,0.258738064921645
242,0.05841127254422171,0.01019503423933204,0.04,0.008216238304889672,-0.04006543615260727,-0.02977290270457781,0.6355011178676796,0.9957488549403384,0.03,0.977222991305802,0.7944457084165373,0.3282950724162896,0.02795825026695828,0.20418153317726326
426,0.05849853677765995,0.010247711410846684,0.04,0.008250825366813265,-0.04240964472812754,-0.03791024526727519,0.5961441799638574,0.5528796469927315,0.06815474102745467,0.7819001030111336,0.7197955727596049,0.3492187922096306,0.07206713141207344,0.30613545242376716
33,0.05874966521031742,0.01052424508689257,0.04,0.00822542012342485,-0.04536075270484521,-0.0411326920925357,0.6112090021568335,0.6314059617352964,0.1146560805754842,0.9158804204504359,0.7440230163430432,0.5679015472465,0.08828065791358952,0.27805871430978
413,0.0587583722959061,0.010381633985087608,0.04,0.008376738310818489,-0.0397375817757067,-0.03250026114449904,0.6660194331087033,0.9906207434753935,0.051728670634834314,0.9734108356943784,0.7590617285365246,0.3518953893044572,0.041791971425715335,0.2857393499890402
70,0.05877545207424035,0.011030371419752496,0.04,0.007745080654487856,-0.05913455204664042,-0.05605731786381034,0.6816348041219011,1.4298041431350068,0.30264496540197405,0.7918207635033292,0.909349256567956,0.5696991524295845,0.18855760275508157,0.16920677845703352
72,0.05881404865238596,0.010347481571154223,0.04,0.008466567081231736,-0.03657037051437223,-0.027263386404266256,0.6735880451009688,0.8579472411989822,0.1408272786391996,0.8009480954560108,0.7931475901967721,0.5377331569387108,0.01599153707076291,0.2802268004154256
295,0.058834351637803525,0.010673709228454724,0.04,0.008160642409348799,-0.048952551679242715,-0.04899356816187119,0.7356908890202045,1.7859914050240446,0.11243757530831863,0.6720066853311419,0.4693984999419684,0.5442044959200449,0.1352534708656574,0.32729479300964087
164,0.05893776840977516,0.01057317686218607,0.04,0.008364591547589088,-0.04270091597197043,-0.038533570766804776,0.5938664901324588,0.509511935015637,0.0633300371833549,0.8339699782750806,0.8053909479836476,0.19984608968165973,0.07321942256989702,0.31575953607248863
83,0.059112891736175566,0.010844707728448266,0.04,0.008268184007727305,-0.0433002465772475,-0.032313344506426776,0.6346368037116346,0.869130640039204,0.14839745519437478,0.8405571682460489,0.8178815283554036,0.6746027125037505,0.037760673577966496,0.16167301976897158
365,0.05923949995772842,0.01105423139376525,0.04,0.008185268563963169,-0.0515072597368344,-0.05139401367572541,0.6751840497466162,1.2412996240704557,0.07101826341849729,0.9536258229332235,0.6832058316943099,0.7556223775074739,0.1473201404304233,0.29850032942789095
30,0.059255276714383485,0.010998474428832965,0.04,0.008256802285550521,-0.049735853852473096,-0.05132749371084761,0.7408875939360052,1.5883823260416179,0.2229942903483922,0.7567771963239985,0.6095430643080223,0.44070566909880793,0.14690551537179458,0.35362172111331375
248,0.059350699661162395,0.010693834418498959,0.04,0.008656865242663436,-0.035226025836867784,-0.02614157403064558,0.6928083999888868,0.9294046807897591,0.11641594755630316,0.8790219055127059,0.8105527550127232,0.7443084823478024,0.01,0.316767650929154
389,0.05939855813126684,0.01109642980352024,0.04,0.008302128327746598,-0.04667044654626836,-0.039063217418984775,0.6622501058441567,1.2259482919091584,0.06469478893582366,0.98,0.7338262004326727,0.7899074894904224,0.0723519235506239,0.20425762531394867
231,0.05952928492356208,0.011285507238126989,0.04,0.008243777685435093,-0.050365754274285385,-0.04500281094693382,0.6334628951827699,0.8194094900876904,0.1633309101077536,0.9060166621090405,0.8221341606597384,0.46274635015725485,0.10587894377006704,0.21152305909276803
222,0.05962106672943387,0.010886684168065411,0.04,0.008734382561368456,-0.035213623100336544,-0.026258805951848797,0.6283762926420073,0.47604949280849906,0.09370724740927344,0.827690606608942,0.69396976289184,0.4792230494930833,0.01,0.32132066509233753
344,0.05967255653878918,0.011216461521492176,0.04,0.008456095017297006,-0.04126917574287648,-0.028861882084739183,0.6484018633059729,0.6322766137750425,0.27159483169042586,0.98,0.714023867966539,0.5932506708408827,0.018568439193210974,0.15635550541935472
212,0.05968120190809404,0.011035985136489823,0.04,0.008645216771604215,-0.03890073870242324,-0.03072095267779326,0.6003421635996491,0.4046818831999635,0.09902206644982878,0.98,0.7355380581985425,0.5921907669433413,0.029651647531832286,0.2838873630003348
263,0.0597144202092429,0.011106015207716301,0.04,0.0086084050015266,-0.04113852456324572,-0.03553105854027205,0.6756246365534988,0.8347320974779812,0.14123798885303035,0.9430512340173905,0.8132928803626122,0.6179020088500317,0.05357559774580107,0.3177020557829629
49,0.05979826401781213,0.011272937800709542,0.04,0.008525326217102586,-0.043399146070130214,-0.03554646671860428,0.6613866245418034,0.8266153425328941,0.1601932197460156,0.9188971538660731,0.6575931989036495,0.1673451051248993,0.052054565527756454,0.2385447765474515
172,0.059955344172624915,0.011117643490627743,0.04,0.008837700681997171,-0.03479546212024711,-0.026346581574792225,0.6973575155696853,0.9638976950294751,0.030167155655162592,0.95896080344819,0.7617275982656299,0.5542804811401336,0.01,0.3519704238781811
117,0.06011270792287906,0.011429787140835253,0.04,0.008682920782043807,-0.04176727283385213,-0.03530503569484361,0.7156439624555431,1.2420663654987663,0.12022413972618622,0.9283033944958107,0.7765872515436372,0.5109027134657841,0.05022743052048351,0.2965110828229757
276,0.06019847749589088,0.011581999633966049,0.04,0.008616477861924826,-0.04310810735097384,-0.0339012723588325,0.6436738813890005,0.710599983739923,0.1399652112439682,0.7730282888093711,0.781825052096767,0.5020263799337847,0.04186736153385133,0.21702307068882604
131,0.06026491564067996,0.011383535921640353,0.04,0.008881379719039607,-0.03608481064121565,-0.027527609603037833,0.6843879161351792,0.6995989163843155,0.18680145185694022,0.8618484399343235,0.8812124068356442,0.5975457970916915,0.013908869312454948,0.32962199674436293
350,0.06026688957184164,0.012172649310266986,0.04,0.008094240261574655,-0.060337962844791725,-0.056867571686401684,0.5616254472977644,0.30273416250474305,0.2756023731138874,0.743058385074419,0.6129319269836105,0.44505462521263306,0.1811594129156997,0.162292913578936
104,0.060475036396363646,0.011761127795828004,0.04,0.008713908600535645,-0.043305407197683034,-0.03591858991697599,0.6884207668980283,1.114079758695941,0.06306422006650508,0.7552208356904158,0.6123260085531549,0.5041918323070403,0.05116867310963602,0.260857182774884
358,0.060523538386636044,0.011896143523525492,0.04,0.00862739486311055,-0.0457356072105101,-0.037612537191144414,0.6763610322771971,0.9264253893720393,0.1862166812969374,0.8893890881959838,0.9442366370974947,0.6970595927021787,0.059200479039940385,0.21648748505945514
336,0.06057626939661727,0.011649787984256511,0.04,0.008926481412360753,-0.03672353342893963,-0.027040454886231732,0.6898775341143132,0.8397370906655796,0.11619805184696434,0.9249993344006338,0.957830576745288,0.5732469741946062,0.01,0.29686839144782506
106,0.060578714880274054,0.012049474527974969,0.04,0.008529240352299084,-0.05107139149839001,-0.048026366853312914,0.7018109627660093,1.1111157617011373,0.23583347250808118,0.8770217570072539,0.96,0.505123012685786,0.11628952080930087,0.2623888517384967
306,0.060635288215519174,0.012002196529329913,0.04,0.008633091686189262,-0.04790669951491316,-0.043025117886677657,0.6420175380039873,0.729512041725709,0.1160251428697442,0.8344720065120359,0.7009033256920459,0.5398036684525407,0.08763138660454939,0.26009328586579095
391,0.06065921247511666,0.0120455554149681,0.04,0.008613657060148555,-0.04790407193663602,-0.041340696680937254,0.6597590442710883,0.7677145436276795,0.20001178719026713,0.98,0.8785765656137622,0.5413698695892364,0.07830516489013764,0.22626136310363476
27,0.06070754419623499,0.011873496489776309,0.04,0.00883404770645868,-0.04154103868147243,-0.03405768513103594,0.7016890446471266,0.9887942536877259,0.16099544917142614,0.98,0.78442582753161,0.3997842639194188,0.04153813672191712,0.2835439645167536
352,0.06086717322918857,0.011925080992266092,0.04,0.008942092236922473,-0.04052692683639869,-0.03640170198349117,0.674396318804264,0.6252311589724169,0.18586073847376453,0.959800593238064,0.7010234875281591,0.3768041907811651,0.05410894137634689,0.3770130062708458
427,0.06086772443842604,0.011870064385113982,0.04,0.008997660053312054,-0.03769496689021859,-0.02996054090107681,0.6519048293802124,0.6250541543978211,0.03,0.8661871474075038,0.8402173755907965,0.6187910561044307,0.02304682031206834,0.3345335228799004
12,0.060872828636055275,0.011887991411275835,0.04,0.008984837224779439,-0.03880667083790235,-0.0326117241208763,0.5842143049060262,0.28323160794215085,0.05381250232838644,0.8317883169920587,0.8402972420537225,0.3696110160281513,0.035705455457311075,0.35011804942718877
317,0.061391468232272255,0.01248380903671664,0.04,0.00890765919555561,-0.044160580352600565,-0.03594981478927228,0.7114028789518202,1.2133006122989571,0.11768530075744253,0.7768472574853821,0.96,0.5982645214130421,0.047353513936876146,0.24486734929349632
71,0.06149618625024981,0.012641701548189995,0.04,0.008854484702059818,-0.04766482495814606,-0.04206052283505364,0.6532079121368486,0.6796440500842034,0.14925539940146837,0.9034981168049679,0.722834044035085,0.6296265772188747,0.07794979901297582,0.25820882329907957
302,0.0615559039722263,0.012654789562321182,0.04,0.00890111440990512,-0.04603883609001232,-0.038839080980092,0.6914596057011567,0.9822949710414847,0.14619557434106442,0.8522870870688125,0.7127132597097057,0.26276053293716883,0.06098971412336589,0.2459276511898311
219,0.061654113380205246,0.012872019002226752,0.04,0.008782094377978493,-0.04909903044121979,-0.0405001156032778,0.6117759166915835,0.6454080126766878,0.08278217370279939,0.9076163693708308,0.7608257753484647,0.7127446877563524,0.0691488432283916,0.18562306722270233
414,0.06174701448575393,0.012657089743759386,0.04,0.00908992474199455,-0.04150021342663829,-0.03312724861738711,0.6872537356025784,0.8595386097266532,0.09641955230094973,0.9424334717449049,0.8445759838532892,0.49122708012205735,0.0333157485925671,0.2778137367998784
17,0.06191644712809658,0.01301300088791213,0.04,0.008903446240184453,-0.048104952803605085,-0.040037404058364305,0.6029223361549704,0.407513224612228,0.14805839761313125,0.9573278572439757,0.96,0.9,0.06566467657783266,0.2059257651046592
446,0.06195274560720881,0.01303626055160426,0.04,0.008916485055604542,-0.049240098000384,-0.04386906763940263,0.6642612860278375,0.8637119600112484,0.0872216979692136,0.8189675703734971,0.9042079916930168,0.2546096539067736,0.08503515353319327,0.25234516097456394
428,0.06203729650813407,0.013054873543999715,0.04,0.00898242296413435,-0.04235052277459627,-0.028514505221682616,0.5990442179812361,0.34068319384658774,0.17087652346074167,0.98,0.8497379444089166,0.49419069633910223,0.01,0.14085250213592745
129,0.06209391206664853,0.01289534934448288,0.04,0.009198562722165645,-0.03941477061530663,-0.028264711350555045,0.7008977179958528,0.8784741660589539,0.14957682080469975,0.9216176743520692,0.8413107084987322,0.5887233921923223,0.01,0.2453070567740056
416,0.062196286121960015,0.01313901891861824,0.04,0.009057267203341775,-0.04786813389022183,-0.045156800545267155,0.6428253395363749,0.5721563287113982,0.10084465023852157,0.944296796041818,0.7824432041281032,0.5199041732682996,0.09110578464161195,0.3226451632050274
54,0.06240616672510245,0.013404227869476917,0.04,0.009001938855625526,-0.0486160204774445,-0.040313176023339545,0.6020816453143826,0.4442174501247081,0.10937823876691288,0.9549652153254964,0.96,0.3009658617857063,0.06484887830022494,0.20271239849974199
221,0.06241196760170695,0.013095742477001824,0.04,0.009316225124705122,-0.03888428646022695,-0.02852482319692092,0.6732895547974433,0.5370960404737488,0.19331343359955402,0.9430096664829447,0.96,0.8265407653614927,0.011038896192957559,0.27270307168828584
175,0.06247030704979441,0.013805414272183788,0.04,0.00866489277761062,-0.062185744653496834,-0.06427183195799549,0.6235675341948781,0.8264109466950903,0.05872103528038248,0.6294257123989665,0.8367271125684945,0.4568583143361809,0.2054437425943703,0.2642773530078834
143,0.06248646139325621,0.01330691756912775,0.04,0.009179543824128457,-0.044905955273062924,-0.037779882746291696,0.6527404847889732,0.6242348537565703,0.09049488585222538,0.98,0.7833742722400612,0.6855359719018284,0.05233243516710391,0.270612020361226
51,0.06256333114715744,0.013337976527931292,0.04,0.009225354619226146,-0.04358199293289733,-0.03522364546125785,0.6691162300880421,0.64827191281654,0.14133430316744075,0.9561241477185515,0.7603108898397631,0.5750480848254242,0.03995129366559867,0.2608615101249944
398,0.06268217651656041,0.013535204444725656,0.04,0.009146972071834764,-0.04864631890350717,-0.0455093512556101,0.6742840695065347,0.798046847728445,0.07953897486723069,0.8576164199618417,0.7074949353703739,0.3288720049378492,0.09022711867883274,0.3116492038283366
439,0.0627299848424317,0.013408360092265707,0.04,0.009321624750165982,-0.04253544480571242,-0.03547827466352166,0.7056339487607979,0.7695382219654996,0.21299080564504555,0.897141069613315,0.9011504101204686,0.6554214545262254,0.0412513110473637,0.30573214998298825
40,0.06283596608187744,0.013554946365888432,0.04,0.009281019715989004,-0.04462925445782457,-0.03806673272515934,0.763241923468849,1.487026924715324,0.20047112834103684,0.8405086991216959,0.5613671439421786,0.6879145298482326,0.05250496455640085,0.2931793450864744
127,0.06284531492045262,0.013651397918698304,0.04,0.009193917001754317,-0.04800698420437047,-0.04342419287136894,0.6941895271117818,0.8825661887873177,0.13017241357311746,0.9232703624177944,0.8675439876139808,0.44602282934274423,0.07858618058520667,0.2921337506845455
213,0.06288602523396018,0.013439930370455504,0.04,0.009446094863504683,-0.03857796123230033,-0.02849235717300195,0.7177834286147755,0.95144030082671,0.09919486691861107,0.7924390676998331,0.6606995376385458,0.4234096408722429,0.01,0.29411002365447836
190,0.06312154518402852,0.01387709932459967,0.04,0.009244445859428838,-0.04561218039609206,-0.03526296415670621,0.6743925789257145,0.8272960358647092,0.10709667725257989,0.885676669507697,0.5757541923825221,0.3182434641166686,0.037486969478603964,0.20358759563068204
90,0.0631404430907258,0.014140357633115688,0.04,0.009000085457610116,-0.0553499378649925,-0.05083592563241255,0.6391803730454868,0.8665754129106367,0.030531426455936168,0.6425867409795051,0.8831481556948917,0.10098645000952651,0.11671514472070377,0.22132570227752285
9,0.06315883086904628,0.013747667651929576,0.04,0.0094111632171167,-0.04258266638854542,-0.03422442735073917,0.6197807016636036,0.37361328236699753,0.0770395483263072,0.9340057948932775,0.814356514195913,0.5994298909857586,0.03384984996847901,0.27825466720449965
234,0.06323438377213009,0.013986807538143157,0.04,0.009247576233986927,-0.050091003524973574,-0.0485551811630575,0.7154284885062009,1.0005980985435023,0.152658507726636,0.8044477952498226,0.8660863005660754,0.3438160703691817,0.10339299404452604,0.3327848935766512
277,0.06329885156853873,0.013835497437148622,0.04,0.009463354131390121,-0.04210087176510946,-0.03403762028424863,0.6833841602820134,0.6490645522510347,0.13523008135993875,0.9413677442464589,0.9089503054590479,0.45761392781207605,0.032757295786839474,0.29583897409932797
383,0.06331276435943306,0.013926980607585517,0.04,0.00938578375184755,-0.04212810277074358,-0.03025427647158399,0.6977283906435748,0.8397673455221845,0.16011580061914416,0.960806449539678,0.9434947948043153,0.6434036563096199,0.01468576337520712,0.2113439965323615
182,0.06334272049755614,0.014145909385636724,0.04,0.009196811111919423,-0.053026313047509606,-0.054909942874712424,0.6725763135945455,0.8038504031651703,0.04989651923342525,0.98,0.7854820118664887,0.541765817093629,0.13791447613312768,0.3638023930037991
432,0.06347869783827323,0.01413137570800387,0.04,0.009347322130269349,-0.046655335378948025,-0.038663676422004245,0.6737212613381635,0.7288488557421204,0.11363589729121891,0.98,0.96,0.5066978965109228,0.05241835748974271,0.2447397597866472
138,0.06348439764155639,0.014248427902902084,0.04,0.009235969738654305,-0.05213524554908263,-0.05001802393875298,0.6784979190697071,0.7024496204962681,0.17578809776794013,0.9123368937030056,0.7338696623865906,0.6765861856134487,0.10969321201270568,0.2994237359520064
202,0.06350967083696221,0.014159412222372313,0.04,0.009350258614589905,-0.04780852345198192,-0.04215071647778535,0.7252536275600678,1.0262146683096414,0.2028374930178709,0.8027513663848312,0.7685145714810884,0.6955694378048856,0.06920539017652468,0.28056823764989236
57,0.06353116529111716,0.014395785188173579,0.04,0.009135380102943588,-0.05533582834000772,-0.05347989147448043,0.7013594219307971,1.0210026240382846,0.1520825217193103,0.8910301929340912,0.8351566101198666,0.7809458086581871,0.1285098639982319,0.2726376781800317
11,0.06354059195949589,0.014079737450682556,0.04,0.009460854508813331,-0.04349413064440942,-0.034620051240079344,0.6894436378064847,0.7035983061935739,0.15769100755298035,0.9305427324404482,0.8670708189844569,0.485818090230643,0.03399932380473099,0.2632444193795635
447,0.06378746405202854,0.01419750298277949,0.04,0.009589961069249045,-0.040307330382751354,-0.02921403927939594,0.7117223734938423,0.8180083512515074,0.16347705157086895,0.8434781267049027,0.8723467413620064,0.5163253574756321,0.01,0.2575645742011431
324,0.06382546247140947,0.014300477996387225,0.04,0.009524984475022244,-0.04458825401625408,-0.03754223362431549,0.6595125776141451,0.42243274607649606,0.20293914249295547,0.98,0.7000964833887952,0.6393918278557564,0.04671291292209241,0.28967460685956375
197,0.06399425397890238,0.014326653024514541,0.04,0.009667600954387828,-0.03982051421356466,-0.029225267583908032,0.6961277616367688,0.7402982018672646,0.0829652738105589,0.821556685579747,0.7052257021402878,0.40858690438811024,0.01,0.27847641888762775
232,0.0644392682275237,0.01498163598231006,0.04,0.009457632245213636,-0.048875879595049396,-0.03918974246112471,0.6792554860972095,0.7031638278959274,0.1806277519955714,0.7975796751655337,0.6679220876236438,0.20656709488620068,0.05123587951457364,0.1978134001826544
445,0.06453688829102087,0.014697143667204302,0.04,0.009839744623816572,-0.0403522214618166,-0.03439532772485467,0.7708529139387713,1.0970445451666693,0.3132521205228291,0.8555270374423803,0.7599286492430134,0.2518145097686145,0.03234162343260563,0.3877997409700897
41,0.06459469421613923,0.015105074482605965,0.04,0.00948961973353326,-0.04866235050286085,-0.038522534396927884,0.7135277486315542,1.0373191629185878,0.17325005375092056,0.98,0.8736620888667754,0.27362620318593334,0.04746917006444801,0.19443021353319326
82,0.06479731357749521,0.014958480397399478,0.04,0.009838833180095742,-0.04253251420842328,-0.037249224877473196,0.7177309222751901,0.8771939488869456,0.030313315522784254,0.9112443240836475,0.7606412338941488,0.7660868018656706,0.043416270662172594,0.37334358616719643
168,0.06504468399197937,0.01522056080644721,0.04,0.00982412318553216,-0.045374815347029834,-0.04238453354358975,0.7193028769699173,0.9137043240580932,0.03,0.8264860046548683,0.8883555952914173,0.5388937425244092,0.0655725258043913,0.3854148395469353
340,0.06506933023012197,0.01644609650352879,0.04,0.00862323372659318,-0.07108219089130016,-0.06262206373093489,0.6637274236797063,1.2805511530819016,0.2991584206413828,0.9765800942690657,0.4905981763636688,0.739610084574583,0.19635880860871463,0.06710638189780647
251,0.06520639146032783,0.015203311689087881,0.04,0.010003079771239948,-0.0401641299963913,-0.03421460428750206,0.7500154623820351,0.9779691019058556,0.1350611758958499,0.9268135481158177,0.8306268125042664,0.4868182372037781,0.029934934896699336,0.4
35,0.06524258706380302,0.015210109887420439,0.04,0.010032477176382582,-0.03938683382790211,-0.03209557523972979,0.6498059643375323,0.2788065918841504,0.1495565243070629,0.7990261205127022,0.456936265626081,0.7667668430308479,0.020911991957671894,0.37369465415632175
292,0.06571312678022743,0.015573064292693709,0.04,0.010140062487533732,-0.03863322156095841,-0.029756559773735224,0.7662417667425206,1.0622403378503995,0.19567858898239054,0.9008014029720046,0.559754418741898,0.5744052058853791,0.01,0.36087271221596423
225,0.0657463933303751,0.016511118808996066,0.04,0.009235274521379046,-0.05117005511497421,-0.03447980604886557,0.6868831586094437,0.9493128555109296,0.3379039963311046,0.771219056168335,0.5012952809803706,0.2735328982446307,0.029989383050764568,0.05019884524063056
4,0.06582678377262444,0.015751390978416317,0.04,0.010075392794208125,-0.04146316606748577,-0.032304179487176087,0.6857422282082192,0.4656334542646112,0.16548041474034855,0.977221704822109,0.7885140962683886,0.37901746731739594,0.018834610046871147,0.3092540122996228
233,0.06604976540176512,0.0162785217141139,0.04,0.009771243687651216,-0.05181961384090842,-0.044071794864297166,0.696774870494452,0.8904769186888118,0.09304713928290805,0.9158196903556461,0.7698267388986265,0.5967844613738869,0.06795984094575473,0.22467484380766622
298,0.06610929839052641,0.016521691734178987,0.04,0.009587606656347432,-0.050986821893580885,-0.03698709681271701,0.6536915518681972,0.9272054704143728,0.06660191118010088,0.8836909535929474,0.7884303827406063,0.7293793408336844,0.036592441948124194,0.11459393943659188
161,0.06612524557539196,0.016261232142009856,0.04,0.009864013433382099,-0.05024390324548947,-0.043213358271164105,0.6976047787970346,0.8074390677090433,0.09408060029872696,0.9015975036222356,0.7395452555288184,0.7332901245155914,0.063747790082964,0.2545308315960881
144,0.06631687141830701,0.0162638930439408,0.04,0.010052978374366205,-0.04656297658823183,-0.04025328422904345,0.7223279869176399,0.7010933204669801,0.22900259217567187,0.7413386262902166,0.5982441889605812,0.4217834003279196,0.050549153937240104,0.31174324542679943
53,0.06678193811013772,0.016656427622854436,0.04,0.010125510487283275,-0.04471240954437519,-0.03315594172494832,0.747089063079776,1.0136946390527082,0.20647472121861904,0.895270965264732,0.9364414576685953,0.5132662388145117,0.018346347139321935,0.23081944447814634
214,0.06696526102877343,0.017271077929800857,0.04,0.009694183098972561,-0.05441820053737827,-0.04169110756425137,0.689757630556262,1.383886686407612,0.03,0.9139285094237505,0.6863023352306287,0.4289502069848943,0.05534565609227257,0.1217682700495866
107,0.06703341784996164,0.01691108743844628,0.04,0.010122330411515366,-0.04746121249415774,-0.037637990664675866,0.7413233961703869,0.8052566481211363,0.31310197193157,0.9582279333193836,0.7287077353808925,0.6395356933197236,0.036322730098211894,0.23741240514389048
43,0.06705756116153452,0.016838904507506164,0.04,0.01021865665402836,-0.04748361773949787,-0.044107221381892055,0.7569576183420275,1.0327298663987285,0.16506466080012772,0.74327579761189,0.8306801662862502,0.5103728345454912,0.0656450527870878,0.3700878766106927
273,0.06709856049536699,0.017000376423965288,0.04,0.010098184071401695,-0.050261598334744084,-0.04370327588679223,0.6662042634122178,0.5225415757577371,0.08099278975075691,0.826293305863906,0.7697949711432192,0.32480906499832574,0.06266460149291422,0.27152366091666935
109,0.06724259046393845,0.016945026106160607,0.04,0.010297564357777848,-0.043008051168816036,-0.031168793052949836,0.645153522126662,0.28461784895888953,0.1266355123537399,0.9057443006267087,0.7300945786111142,0.6196685875041883,0.01,0.24262921049399544
345,0.06737204572659117,0.018240172055895156,0.04,0.009131873670696004,-0.06945188181042607,-0.0589135725377862,0.6078143574267539,1.369647797037457,0.08881859964112017,0.6629861198000939,0.4251799757993434,0.7985919490831047,0.15563613911477273,0.06398126296616928
290,0.06738849888182391,0.018328887595090895,0.04,0.00905961128673302,-0.07261451480669799,-0.06350206823792946,0.6545972175264273,1.4728408419657635,0.18644745647061456,0.7902511194512825,0.9538914861199453,0.2201036453994057,0.1844478271366456,0.06811241096135968
304,0.06739579879712268,0.017476340301424278,0.04,0.009919458495698398,-0.057862436328060214,-0.05361251152319777,0.6656334740941046,0.5179592830310337,0.1654951588414708,0.7408263738889408,0.61239167660184,0.45957439027749747,0.10858586339968096,0.24081567111216207
333,0.06758774335440265,0.0174322709311813,0.04,0.010155472423221353,-0.05021355670405134,-0.041097592905261555,0.755160129377761,1.3890908962292534,0.06909452350739513,0.7701894882068553,0.9296882852337531,0.3809394888233974,0.049217299436784365,0.2313538194082168
87,0.0678066460428938,0.017601733337545025,0.04,0.010204912705348781,-0.05137015046078688,-0.04408926926679815,0.6923807943376417,0.5620182867773497,0.17555017913990978,0.98,0.7537488782905506,0.43883258319779483,0.061872119062278415,0.25278369216585383
7,0.06782742370673102,0.017418664659303057,0.04,0.01040875904742796,-0.04342656418459577,-0.03152016799438282,0.6893598026691025,0.5160031797059175,0.11415180632934302,0.98,0.7127242235381211,0.6394320830611733,0.01,0.24716890977756284
203,0.0679329679551245,0.017467066389948906,0.04,0.010465901565175597,-0.04410418847405068,-0.03503109803290562,0.7111920424872457,0.5894653333961692,0.14660141803400267,0.8827376098510613,0.7957080749987201,0.5113182136805654,0.024368896222945736,0.30179081722119727
181,0.06800528862301576,0.017397990122785437,0.04,0.010607298500230324,-0.0404794105698652,-0.031058091407189476,0.6549880875926366,0.2289865844441369,0.1436482400250467,0.894292103227301,0.7556492393834054,0.1,0.01,0.3388796277050662
148,0.06812168278010844,0.01762311407048993,0.04,0.010498568709618517,-0.04423763343827246,-0.03436022293254738,0.6307087746429314,0.2,0.12326770126286903,0.8317469243461086,0.7914470664084695,0.2695703577377393,0.021197365475872258,0.277630173670745
376,0.06813106765132539,0.01744993106770186,0.04,0.010681136583623522,-0.03909778418656625,-0.030860279923783058,0.7853589951215323,1.1686915857658295,0.1265991682832288,0.98,0.7510720627462565,0.3896294958755357,0.01,0.4
285,0.06818216602663323,0.018316749888760753,0.04,0.009865416137872474,-0.05047707380703247,-0.03336668327295098,0.6190178274842562,0.6599568296774768,0.08585188212057225,0.8903489003000904,0.677921695984372,0.8353964657737807,0.016844413081873042,0.07344230459619648
126,0.06820926164765423,0.017940144325008536,0.04,0.01026911732264569,-0.05070342642898169,-0.04117147439280416,0.7205189667071521,0.8015834069515868,0.17416899741477243,0.9082885717320832,0.8131810301414837,0.6186204509901703,0.047759115980219764,0.22232158967512597
342,0.06855342882846369,0.0180180004440985,0.04,0.01053542838436518,-0.044695094658879546,-0.033427139882166085,0.7451805194126431,1.0714997532020534,0.030086377776417567,0.9122878329653556,0.7409938470011173,0.4466177046358729,0.015798276378494847,0.2575849715775387
220,0.0685881412067228,0.018406110330229063,0.04,0.010182030876493728,-0.06009856137108997,-0.06392917503924593,0.7793039373628321,1.570255409049183,0.054878293416013475,0.8907092739676563,0.5722926611722569,0.27329789134723415,0.15466930501512416,0.36842881795663185
330,0.06866573111757768,0.018305988539364035,0.04,0.010359742578213649,-0.05514380289111707,-0.0566764844337292,0.7296875816307642,0.6564991897587421,0.2665351430165512,0.6907384251562996,0.7759859735368978,0.30409972484610714,0.11734019032028806,0.3820262637706673
142,0.06878412772802442,0.01862442810107768,0.04,0.010159699626946732,-0.05299645487684611,-0.03973036918922284,0.6652161275722177,0.6320811436936423,0.11939147700072324,0.8815213891533427,0.96,0.4858237756676653,0.040780727035296636,0.13612725633722772
99,0.06880577067499552,0.01836416094014161,0.04,0.010441609734853901,-0.05057484793878927,-0.04246763665251504,0.725576569539046,0.6770378856092392,0.23353952319873125,0.9611641916703172,0.8011537002604198,0.535825372611356,0.05167122789233869,0.25548308562454713
293,0.06894060627302898,0.018362296194263293,0.04,0.010578310078765675,-0.046969064176804395,-0.03758716030922464,0.7446425424710977,0.9879061177231327,0.07803839844077146,0.7938084888262763,0.8262840419214297,0.4951611046463156,0.03141975677125914,0.2736003273528308
319,0.06914023781748818,0.01844934706130338,0.04,0.010690890756184799,-0.046366399267726705,-0.039088476642773755,0.6552343793064015,0.23288556347289974,0.16539175107860654,0.943176701639793,0.8484083081731861,0.5587128852249976,0.0378835736988407,0.31787807704295473
32,0.06916562068614254,0.018590730338131866,0.04,0.01057489034801068,-0.04832624496012798,-0.038876179875768226,0.75951039960126,1.1978649215888106,0.07315703228253354,0.8832229953375598,0.8783556276670238,0.5626063147231931,0.03578130050750225,0.25983581990215604
167,0.06922162251077285,0.01895612230049409,0.04,0.010265500210278769,-0.055399016858770224,-0.04479742027501077,0.6642920355266341,0.5385028007427293,0.12871852701668546,0.7930987107787543,0.823060018916037,0.6393151433012015,0.061072898528197625,0.16816612012340698
125,0.06930468290925602,0.018825710449237712,0.04,0.010478972460018315,-0.054398645910913035,-0.05090651402775082,0.8098169370829764,1.7868923463962052,0.20005241971111798,0.8507983731444375,0.5693889574372397,0.858028479732794,0.08693045259687263,0.30847874944032005
271,0.06944502705718852,0.01904802796149536,0.04,0.010396999095693159,-0.05579914773613711,-0.04839624168191504,0.6568413103748206,0.3902351815908115,0.14291952489365983,0.941105615073473,0.8335192571602422,0.38343866300998486,0.07560892703105469,0.2214034282596417
329,0.06972413637108277,0.019295541338121842,0.04,0.010428595032960928,-0.05858247630836501,-0.055814819048183306,0.7293461855710686,0.9679488229953929,0.08557714242488482,0.98,0.7309967527626762,0.40163478057173485,0.10811211546173694,0.28158865626559343
355,0.06981502676824797,0.020369709464109834,0.04,0.009445317304138138,-0.07816493225882895,-0.07119658701307313,0.5019878981707171,0.4029739967387469,0.07689498448324496,0.9728850791174436,0.7458897344951978,0.5882319613630805,0.2172066223188912,0.08095356924612918
227,0.06982654799232031,0.01924004067513313,0.04,0.010586507317187181,-0.05347018546874549,-0.047060655471649455,0.7265693772052211,0.8274269262312768,0.11246501845945597,0.8719800132996287,0.8093092870560494,0.22338810667109388,0.06803192780916012,0.26823119154792024
196,0.0700093346537541,0.019455939396189018,0.04,0.010553395257565075,-0.05575716074421126,-0.05005482429953742,0.6797392754289259,0.5947447568951032,0.050747377296550655,0.8570194162046276,0.7265560630858396,0.6111007894057163,0.08058478555543122,0.25908060780707126
218,0.0700173461285634,0.019135963799241058,0.04,0.01088138232932234,-0.04578636694714323,-0.0377792726394477,0.7363309871802042,0.7108066909138043,0.12476583445354454,0.8978910560366418,0.7783909889417245,0.2923550620678381,0.030475893946320522,0.325887982067838
123,0.0700779291035719,0.01915119717759029,0.04,0.010926731925981611,-0.043414181489273354,-0.03248998941140566,0.7492777423902928,0.8776424895106565,0.07241657562864365,0.828755405928705,0.911351664912575,0.4406234904025188,0.01,0.29622686735780224
134,0.07011762936310238,0.019305060801496902,0.04,0.010812568561605477,-0.047128103520245726,-0.03684337747153944,0.7402252597167408,0.828081323640227,0.12114773798874778,0.98,0.753987708662148,0.6630417783938116,0.02564292285594774,0.26447080034338555
176,0.07019804248419348,0.01977731485098707,0.04,0.010420727633206409,-0.05757264692374297,-0.04800843788011162,0.6831230043423383,0.8331171968350599,0.03,0.98,0.8607473665876951,0.4737200226583623,0.07175565807799603,0.1794480426429546
417,0.07078810760763968,0.019876094385407377,0.04,0.010912013222232295,-0.050612987071248304,-0.044843253681031814,0.7160273053372362,0.5070414120990719,0.19539182454322365,0.9529341567742349,0.6380893127158256,0.4549058327972076,0.05625648446423362,0.3173329388452916
296,0.07086281591704245,0.02003124807968491,0.04,0.01083156783735754,-0.054756462181726265,-0.054091511128365466,0.7267816645794962,0.756896209367921,0.06173336816133852,0.7504473686534612,0.8151281779387785,0.5466545969031887,0.09571020068647927,0.3672608230798558
211,0.07092010153112549,0.0199724998167472,0.04,0.0109476017143783,-0.04763444502749181,-0.03654708268195372,0.7416746662414023,0.8296059539454876,0.11690064183171228,0.7895305190840005,0.8996440117754274,0.5524916054709635,0.022556629306903078,0.2505888385158686
411,0.07092545510779989,0.02003835119522211,0.04,0.010887103912577781,-0.04715665735036527,-0.03333298177706476,0.7029531464959758,0.4642726905058091,0.19229154705060345,0.8776849321769302,0.7821102693009664,0.4456842260303738,0.01,0.19695152094181811
422,0.07095466901164924,0.020245810719882126,0.04,0.010708858291767105,-0.05489727713837966,-0.04551799648801335,0.6763056860012803,0.5489685108243396,0.0712719323295553,0.9113278710759134,0.794360700449837,0.174673201628824,0.0581462012396064,0.20978224642695792
252,0.0710240920596237,0.020278553692145596,0.04,0.010745538367478116,-0.053439973539025264,-0.042717280493455266,0.6909514353406568,0.5082272191973143,0.15499896583072617,0.9172268420061783,0.6583970120008791,0.6616656686571784,0.046439445051738505,0.19827800766807624
315,0.07107442784003001,0.020663419336690317,0.04,0.010411008503339697,-0.05274599777608531,-0.035484793294008006,0.7464813410657467,1.2852969734427333,0.2689541487481749,0.7962983118403446,0.7382090123880309,0.4168522010227898,0.018663136826378133,0.08498314952107958
3,0.07117112131677902,0.020646904154922163,0.04,0.010524217161856858,-0.0643268033296366,-0.06167972543080904,0.6929924761651075,0.5985855374593898,0.1606610090878729,0.924996374002503,0.8416034472488757,0.5620382244331351,0.13095427931290343,0.24266252063443589
37,0.07126675085501494,0.020325348873960394,0.04,0.010941401981054553,-0.0521438110391561,-0.045368923341260116,0.721058613639101,0.627430515076417,0.1387876006971022,0.98,0.5412808291541253,0.4658935619106055,0.0566721695278785,0.2869142880169539
215,0.07130007949182732,0.021142792974990478,0.04,0.010157286516836833,-0.07338164117544727,-0.07018090123763844,0.7051742009738109,0.9618141137446566,0.17385031715952665,0.8433669005993837,0.5128595862197346,0.8104469560118958,0.18046799795604568,0.17234726400821188
69,0.07135166337023813,0.020462978041285027,0.04,0.01088868532895309,-0.05481863055375348,-0.04984330033392457,0.7145148195611412,0.6270272601429716,0.1208309514085085,0.9139117556584041,0.6983395669721348,0.6017863482894633,0.07504877368057129,0.292524056739001
331,0.07143127180575361,0.020657944271085506,0.04,0.010773327534668104,-0.05713095896131998,-0.04988188822071521,0.7251888114510405,0.7015329838100897,0.19567606598675596,0.98,0.766815692645412,0.46919074728404314,0.07511024901770302,0.23139979438426495
26,0.07150300340583414,0.02058579190176494,0.04,0.010917211504069196,-0.05308911741580659,-0.04419899281375944,0.657144904646696,0.3489818385979951,0.07941842366490397,0.8771459566560644,0.8923229762694862,0.30899944864550277,0.05115787042006898,0.23776399236665122
64,0.07150499647667549,0.02082348579704102,0.04,0.010681510679634468,-0.05791231017473574,-0.04782196724518562,0.6001837013980664,0.2,0.09869465874308025,0.98,0.8438363345635357,0.41942159080887353,0.06758003191911158,0.16992629042801677
357,0.07153735811187034,0.02045800459442562,0.04,0.011079353517444724,-0.04649428316847485,-0.033671742466267335,0.7365145205278197,0.6516522680052224,0.19313329982409358,0.9396990839963285,0.8737667901475455,0.40429951919476204,0.010489066863137685,0.23250017164174647
228,0.07156660115970534,0.02067729571645234,0.04,0.010889305443252992,-0.05414176358200686,-0.04559338094992273,0.7334295206980294,0.9766914805872056,0.03,0.7649897633016469,0.8275994276086108,0.49897517286149373,0.05643268845265504,0.2391526609308026
113,0.07158672641040424,0.020924436892681572,0.04,0.010662289517722665,-0.058388566519906565,-0.04813440052498975,0.6947152226051916,0.7111113634185041,0.11204341134462706,0.9717748293611691,0.7318574555873181,0.37582621383552184,0.06810149535607345,0.17152121626132114
192,0.07161732320726176,0.020810983496985225,0.04,0.010806339710276527,-0.05902400709525673,-0.054588924397072254,0.6204435975846786,0.2,0.11651436905250424,0.8871145256951162,0.7572141588539848,0.6553585816202824,0.09530404982033103,0.25753219599523164
13,0.07169168955879406,0.02111628136842185,0.04,0.010575408190372206,-0.06106420243010736,-0.05118839147807411,0.6992187929002928,0.9124044837185209,0.0762236216314311,0.8859480710418541,0.7042377768650134,0.451179237070319,0.08176364759588955,0.1594454800055487
307,0.07171075640329128,0.02070173750731566,0.04,0.011009018895975616,-0.050835623627672036,-0.040507220983138935,0.7360577769145499,0.8644981310918215,0.07403475867445353,0.9505949675754439,0.8825897841836225,0.874922187020059,0.03578326159684779,0.2394075131615746
8,0.07190655060297292,0.021026325649464096,0.04,0.010880224953508821,-0.057740433148383764,-0.05199318796745126,0.7440618648250724,0.868832031431472,0.17096665099606845,0.9542649508876749,0.7648485127173575,0.4334213418563023,0.08243148831152042,0.2562144941991249
141,0.07198290009337747,0.020993339556412312,0.04,0.010989560536965167,-0.05497396923042539,-0.04842520968041242,0.7388155040815856,0.7227487503059228,0.195299995576386,0.8752891029297644,0.8354850747577348,0.35763769048141675,0.06702199311005613,0.26846250532836174
46,0.0720901973521551,0.020851959216643273,0.04,0.011238238135511829,-0.046766299312240474,-0.03609442845915738,0.763125229880142,0.9879493831101648,0.06902832167804364,0.8914493823261409,0.9493307192040246,0.3929232950509908,0.018918949346425896,0.28101195675203183
283,0.07223126924977957,0.021486013153368032,0.04,0.010745256096411533,-0.06139200585804519,-0.05351612949974405,0.725273536656223,1.0357135618865398,0.07029287824750777,0.8942188401046153,0.8680545817174058,0.15709750302244346,0.08907711714809041,0.1937722806176611
268,0.07226150005203189,0.021067572046055753,0.04,0.011193928005976135,-0.04823423913316181,-0.03657457545927071,0.766485771252431,1.0077170753663578,0.13564491025212447,0.98,0.7618936393934672,0.5466688480140868,0.019805142843045284,0.2461206083526392
385,0.07242009337785868,0.021060052997173097,0.04,0.011360040380685582,-0.0476816434586349,-0.04316104995350809,0.8152903550311184,1.5488931855452022,0.04818165708799405,0.8952246808835955,0.6108616903660858,0.3426701061457589,0.04633502348209235,0.3986055142858845
394,0.07273674878956833,0.02188260499207835,0.04,0.010854143797489977,-0.06438579502028258,-0.06191503687714138,0.6761207431680233,0.5483660714033589,0.0652040691461159,0.98,0.9074210656117808,0.5773904750087365,0.12454900698347617,0.256344187782858
384,0.07281691464441442,0.0214166855812705,0.04,0.011400229063143924,-0.04833853158098603,-0.041431747141235854,0.7234533444338711,0.5700614971150486,0.0644323805270497,0.8697882812785672,0.7521690962912009,0.4032539254743864,0.03806315742334079,0.3425090702367215
199,0.07286302717794137,0.021844319509208728,0.04,0.011018707668732641,-0.057983198230178494,-0.04994921162845654,0.7325421969305417,0.9962889048867066,0.03,0.9236476980584281,0.9199138981329944,0.4779642738263053,0.07079765434979947,0.2239733145701051
98,0.07302047560764019,0.021998512819672876,0.04,0.011021962787967318,-0.05650968867915487,-0.0454673321436861,0.7520504392163475,1.088980034834365,0.13069426320266517,0.9138713337398081,0.6897780858574322,0.5571667478478329,0.05228258809444297,0.18619958330609537
60,0.07319713857565327,0.02214248107183336,0.04,0.011054657503819917,-0.06102519659634566,-0.0572024818717047,0.7869610469329783,1.236717571521936,0.23877857808673006,0.7201613776931364,0.8409620443121342,0.5393155068797436,0.10059782098777692,0.26910436832937
354,0.07346014516433912,0.022081760956225042,0.04,0.01137838420811407,-0.05346615363585381,-0.04797430509569513,0.683753919043118,0.278812273162004,0.1749204896813119,0.9514964562329834,0.8849919704502851,0.2781342325379722,0.0612991061676809,0.3108533345825028
58,0.07376160583639324,0.022516577513941392,0.04,0.011245028322451845,-0.051807368842628064,-0.037186169408605856,0.7438404672625953,1.009957165350319,0.08128992451260081,0.9227820134870887,0.7973930249262513,0.5452027824498877,0.018498659135112464,0.1681239145882016
326,0.07391317291650902,0.022210271029101603,0.04,0.011702901887407417,-0.04453508668165414,-0.034206655383740535,0.7705928733649091,0.9053432584993886,0.037368497274215234,0.8437271816213895,0.9247786757422081,0.5413123210341351,0.01,0.33367893219264727
169,0.07407406413558053,0.02279207701804314,0.04,0.01128198711753739,-0.057763282472048504,-0.049801795048046764,0.7704829600629359,0.8894717470047556,0.2861389423677756,0.8853757682266105,0.7195734174272558,0.5616026813475871,0.06659386091090023,0.23508359697405554
269,0.0745311957990389,0.023410343801491238,0.04,0.011120851997547662,-0.06827608387149213,-0.06949858284837594,0.7515078898582712,0.9437355699446262,0.14837986243975787,0.98,0.7904274966922588,0.45216773170318325,0.1522106370551608,0.2931036385815146
361,0.0746197169510469,0.02311169391455231,0.04,0.01150802303649458,-0.05248308895094436,-0.0405876563545879,0.6714630024522313,0.3907986700083807,0.03,0.9080014480072339,0.5739229757416684,0.3096037808834074,0.0296940745862928,0.21589565900174884
111,0.07467076034401204,0.02313304123089815,0.04,0.011537719113113893,-0.04975346177446887,-0.03522017194355906,0.7289356130909075,0.63636141247753,0.12404300145810111,0.8980859999733332,0.8227364318226262,0.6364615438181551,0.01,0.1944324563139166
85,0.07468045433326087,0.02294947497377605,0.04,0.01173097935948482,-0.04992489286316392,-0.04377926134957006,0.8063126157206288,1.1451916706620258,0.23910054688303842,0.7137656507756337,0.5351683545109313,0.35799387773493224,0.042642728457518715,0.35601002785178265
206,0.07494225894136991,0.023384906539117213,0.04,0.011557352402252703,-0.0549338169973799,-0.04626341935035214,0.7426090686141085,0.6950930878708106,0.1463047506693754,0.9741808370076097,0.6220657922174728,0.6402299463272925,0.05031305619640965,0.2554284094158201
178,0.074950211232988,0.02373475878566873,0.04,0.011215452447319274,-0.06473721200331276,-0.05863418607882082,0.7292401388284466,0.8478015455902281,0.1058743123499178,0.98,0.6419526140238058,0.6815749745930697,0.1017069016372527,0.21458066189083425
67,0.0753325075260083,0.02403524599519981,0.04,0.01129726153080848,-0.061234317165961026,-0.05047763669101609,0.741360374571991,0.7743699011169362,0.2201277580481865,0.8752548993428187,0.7051348927307642,0.435406754043917,0.06709822333431065,0.16962384511929424
183,0.07539853990376319,0.02399723478019062,0.04,0.011401305123572575,-0.06376725616065872,-0.060080502774804,0.7035127303207982,0.5291525867573366,0.11124860733647497,0.9348770401957951,0.7893934072675123,0.4430848431195001,0.1054594512768018,0.26107144348466294
362,0.07553972203374701,0.023836360998583238,0.04,0.011703361035163777,-0.055558887233729946,-0.04951550845826996,0.7642496945906906,0.7880070952679141,0.18148280776588233,0.9514630473175472,0.9149939291676272,0.4997237503986962,0.06147104885087012,0.30049202988757573
284,0.07557014620888944,0.023927442422777008,0.04,0.011642703786112428,-0.05619386123180274,-0.04795077747498553,0.7586844106346792,0.7710447470878943,0.19247217614831746,0.9376832276531182,0.5603691184336179,0.38699178840953724,0.05522415388955399,0.2559829338411201
237,0.07565314920359478,0.023736968723002086,0.04,0.011916180480592703,-0.04734727963755694,-0.035349714568082016,0.7926274436224556,1.1095666287779842,0.10368774510945296,0.9069390042564635,0.5976043804788893,0.5384100081886364,0.01,0.2808436727950921
351,0.07567106490435327,0.023832735044091537,0.04,0.011838329860261725,-0.051863765931615215,-0.04389630365896567,0.7206224349360024,0.4736906744177613,0.10026125842077711,0.9752653545596901,0.8681011486229795,0.580687401665445,0.04026569868120988,0.3043885022875622
382,0.07572889598325223,0.023884019990851314,0.04,0.011844875992400921,-0.051164247216886775,-0.04153110375501874,0.7217156567383001,0.45956286800180746,0.1258528810754682,0.98,0.7880019265347075,0.3718682255338289,0.0313930600446684,0.28092023539505023
322,0.0758078112725272,0.024047559570914766,0.04,0.011760251701612441,-0.0552561622596867,-0.04868771968959275,0.761013836472287,0.7132647439102092,0.2065018213635979,0.98,0.914263725249863,0.3644185852789087,0.05761083545152405,0.29595618375702665
195,0.07588519307846431,0.024938613398665113,0.04,0.010946579679799201,-0.06211864948047068,-0.04541031097134937,0.7410237111325035,1.7020885667312615,0.14028508368371764,0.811660677114951,0.5659277930539517,0.235839979018166,0.05098896126191769,0.07028087058834548
254,0.0761016163709905,0.02434166950270166,0.04,0.011759946868288842,-0.05615037963181027,-0.04819266378880777,0.7275736223110116,0.5098335665856671,0.16351458530408772,0.9325996429649602,0.8014797581008829,0.3862419650430652,0.05491134848747759,0.26386934316365196
105,0.07631243315528943,0.024983439912952054,0.04,0.01132899324233738,-0.07335634150976428,-0.07927044963566113,0.8060238770494728,1.3698175626444726,0.2805472416083471,0.81657485108378,0.4585844542106741,0.8231786327024321,0.1917702332574159,0.3293341025364166
25,0.07669537445610837,0.024833084905605318,0.04,0.011862289550503044,-0.05452973680019622,-0.04336081547753913,0.6903557693771244,0.43023600408200124,0.03445961206662449,0.6872692913995649,0.4738204419604518,0.642126938890286,0.035584825971991536,0.22721547606722156
56,0.07704209437106535,0.02477393993034196,0.04,0.012268154440723392,-0.046176715964114656,-0.03566472764327371,0.7669697340760409,0.6454976298103152,0.1489309313314709,0.9247554548087329,0.9331226948772393,0.4506387942755294,0.01,0.3355016789107016
429,0.07718951189306954,0.02509061652646847,0.04,0.012098895366601066,-0.053972570980451384,-0.04881018543000387,0.7411809839878031,0.5968779511635017,0.06630389350803802,0.9044824285287755,0.8116052418447872,0.6359958850697992,0.05516356629788009,0.3456555118717329
279,0.0772752252723763,0.02543510238174416,0.04,0.01184012289063215,-0.058484183305446434,-0.04848388486293048,0.7309743929878523,0.6717548122626378,0.09260245583045618,0.7983875589789947,0.8093420881597236,0.3893567850251006,0.05325055357226023,0.2182419235396389
260,0.07742279378523784,0.02592973384529463,0.04,0.011493059939943203,-0.05646329494422317,-0.038346303927707805,0.70595990871922,0.4846599812738312,0.22619501407812462,0.605367398721193,0.919494305374364,0.3116594222570093,0.01830764376194028,0.08788730451619997
272,0.07775744074335438,0.026494222311310496,0.04,0.011263218432043883,-0.07690862450156175,-0.071727800964801,0.6849390610904564,0.4281413848800633,0.20494672088235696,0.9433260334062707,0.8609833322684305,0.6795984446445128,0.15631814158342375,0.16058542212032684
274,0.07800243884626586,0.025873303250391465,0.04,0.012129135595874389,-0.051426715536438766,-0.03675956134848332,0.7715608766355798,0.8462257940718166,0.16473319475737658,0.8744588287212465,0.96,0.5337580807734221,0.01,0.20511699468339495
381,0.07806295790921886,0.026014237155278425,0.04,0.012048720753940428,-0.05935767609634586,-0.05304271323010537,0.7535833772201967,0.6712476408173103,0.1629390889198745,0.8159016940206035,0.8359985705681492,0.657188041190356,0.06840174108224292,0.27703070627164694
316,0.07872668040081754,0.026943057319201283,0.04,0.011783623081616262,-0.06482704046961703,-0.05359696974154323,0.7486800840342802,0.9318056029683651,0.13712742483009607,0.8598823294770744,0.8011070755723061,0.7067831385585508,0.07098807480776223,0.1604438576036477
401,0.07915269995299229,0.026685029641641062,0.04,0.012467670311351216,-0.05385849178477603,-0.04735587595042782,0.6991288427929471,0.30772936071443613,0.04808981827032838,0.8437864657257234,0.8086943866914806,0.32999441507549737,0.045622627323067245,0.33495549408360104
79,0.07919993365820106,0.0273334295192239,0.04,0.01186650413897716,-0.06860120522567541,-0.061784263672764676,0.7327741030310887,0.777447072931437,0.09430724219419187,0.9322257224685552,0.7462280034057959,0.44072408160086585,0.10150789178456629,0.20270974535838338
311,0.07934855621344895,0.027211209282034764,0.04,0.012137346931414187,-0.06311647331741076,-0.05659568304580863,0.7583172950038484,0.8682406931254595,0.07772123164860542,0.9024952836840134,0.595212747478767,0.530486784920566,0.07880924134603834,0.2506223431731715
363,0.0794837294318854,0.027114902389566056,0.04,0.012368827042319354,-0.05436509467299471,-0.04182368907330894,0.7422391386545846,0.5856080387438827,0.11085131002202925,0.8440790055542304,0.8424989764549109,0.4864618149317376,0.02493203222593029,0.2265452430492173
34,0.07997555796770822,0.02772133370390834,0.04,0.012254224263799886,-0.06665720488915197,-0.06963298988505857,0.7603917536856911,0.7153087401024257,0.13000486104206546,0.8506454305056692,0.8319026215766695,0.48599072982845753,0.12912176207757647,0.3673880255226069
339,0.08009604830597868,0.02764564705993855,0.04,0.012450401246040124,-0.06042573580919475,-0.05788447533197172,0.7727915825403269,0.7419415305310387,0.15265003515432607,0.8410404068965651,0.8864068036385065,0.33986562737227505,0.08157725036950433,0.342993644300153
139,0.08012004864189698,0.027377279440274665,0.04,0.012742769201622312,-0.04871398160033237,-0.037222600758216054,0.8141245273801294,1.0576844790823774,0.1950937206249,0.9420043837145035,0.8603133823451482,0.5748311225618964,0.01,0.31241222554882053
10,0.08015462750851564,0.02838527097681473,0.04,0.011769356531700904,-0.0779610011345634,-0.07600640013287696,0.768870499357146,0.8502189783041129,0.29048652309313105,0.6634497095649274,0.4127187609549619,0.1720382886205134,0.16169546362525455,0.2116570305879856
229,0.08016320769225517,0.02784216085463394,0.04,0.012321046837621225,-0.06420994676688234,-0.06172114369154523,0.78740015745433,0.9685999867814425,0.15787738013160796,0.8821593334451265,0.5875449097284683,0.6107700139573464,0.09618134358302502,0.3088738466216574
392,0.08027365260077876,0.027857319437968184,0.04,0.012416333162810565,-0.06098598937066102,-0.055112920772811484,0.7167608450336903,0.4626503522542307,0.058072425623235835,0.9228147523959165,0.8186997413037422,0.5990219577692979,0.07064302720773451,0.28355325576006996
346,0.08036932358300491,0.027811572124938164,0.04,0.012557751458066755,-0.05824087248153233,-0.05290643906015649,0.6959897224799354,0.2337073158059686,0.1365592111825799,0.9738042593237501,0.679283100465357,0.5919813509613406,0.06253227607605358,0.31552600725030366
19,0.08055540257051964,0.027917166318049188,0.04,0.012638236252470453,-0.056620714028793616,-0.050886260682535954,0.7162939500798573,0.40173171918616624,0.03353826238502906,0.8667365390193842,0.7945787188775133,0.7545819075555031,0.05492437691167509,0.3301792558611193
1,0.08081815728229721,0.02848243559006721,0.04,0.012335721692229998,-0.06354501810005232,-0.05448529764862294,0.7285483799916295,0.45432334885880893,0.18065332335209894,0.9532009683833401,0.8066558943141706,0.6623227338033968,0.06767185313712733,0.21413124150502263
86,0.0810262642873212,0.028754765917335837,0.04,0.012271498369985355,-0.06800716646654388,-0.06238704304486431,0.7632729095159648,0.8210143164327819,0.15233170093669204,0.8885821295805741,0.8823310074138397,0.5900122689797341,0.09731520532376436,0.2354233227925177
208,0.08108387306768251,0.02873260403703512,0.04,0.012351269030647389,-0.06059114607915258,-0.04716999027946936,0.7145641933971999,0.5000880943900483,0.10081968471205871,0.98,0.8540587344934342,0.44446928266066477,0.041062325325341396,0.16953450995978347
201,0.08114202283853031,0.0290097580735207,0.04,0.012132264765009622,-0.07138568581972198,-0.06513103127512522,0.7149804227118252,0.4898817680889338,0.15177112948449464,0.9309536278582041,0.8323416443495204,0.5343585138936959,0.1096396381464253,0.20100825921683885
15,0.08131792334240105,0.029489246370081625,0.04,0.011828676972319431,-0.0701470110993169,-0.056110463180883634,0.7303670250781131,1.239754562487712,0.057022182764764506,0.7580068128248316,0.4233039373626598,0.4951926553956152,0.07927085458988492,0.10058346610311643
14,0.08179098265863374,0.029115399014500786,0.04,0.012675583644132958,-0.060536747418964594,-0.052834549014479135,0.7675342028023621,0.768467853471696,0.09577696255186466,0.8010896427598297,0.8072706543775581,0.42375304989481244,0.05879516078920781,0.26964335183464355
262,0.08214861721841993,0.029437272516437782,0.04,0.012711344701982147,-0.05971493697653943,-0.04950890605164182,0.7651876004187445,0.8114729140659742,0.0635483248153738,0.9108378466541819,0.9030586483163356,0.6118985060946893,0.046398197250873276,0.23878415892723623
158,0.08220235131667306,0.029354353012007135,0.04,0.012847998304665912,-0.05518759837795567,-0.042375368730621206,0.7151768263173075,0.2508976282319846,0.18571643598454368,0.98,0.7196713722788937,0.543483786922775,0.022580200468098534,0.2286721286680489
38,0.08234340690781095,0.029450198318626622,0.04,0.01289320858918433,-0.056815140567071334,-0.04692765141796227,0.6978665801738405,0.2,0.1488925398619327,0.98,0.6453867703844534,0.6243912339725392,0.037581746565954616,0.2644032328794493
321,0.08242376940516064,0.02965153043914536,0.04,0.012772238966015273,-0.06470937388372751,-0.06546518861506428,0.6925345852826782,0.2,0.15240856520898474,0.8740053965460538,0.5884000006698267,0.6208978050714923,0.10424323352798175,0.3621445002313507
174,0.08268858836420287,0.029793279135138802,0.04,0.01289530922906407,-0.05766121830265584,-0.047324449848649135,0.7780449036583202,0.7510512736812704,0.14677492961040908,0.98,0.9235842181189966,0.1,0.038000822627135625,0.25789365193139774
188,0.08269092697195418,0.029969868608334636,0.04,0.012721058363619552,-0.05973195054604841,-0.04690500613883024,0.7583709928526449,0.7514773974264621,0.0945015181201346,0.8984483271677258,0.7372479526113123,0.34567500893190883,0.03663336276700425,0.19871538263825198
393,0.0827768353891444,0.029761628986009647,0.04,0.01301520640313475,-0.0545546856148554,-0.043268553651818295,0.7780916799145406,0.6877072682864867,0.1537825443648103,0.850331722856253,0.8372663573044243,0.5962521466811853,0.024686042018870726,0.271532088903216
247,0.08329948684762675,0.030399817246946848,0.04,0.01289966960067989,-0.061761279853096915,-0.053788883065247865,0.7441973049705976,0.5155388593056374,0.11439652708071402,0.8838487017223858,0.7259737140549569,0.5698535170635842,0.05901108056885468,0.26268398811571714
258,0.08333601349228947,0.030346155381659776,0.04,0.012989858110629688,-0.0609034529036516,-0.055175763925925186,0.7388349753935367,0.37658836985714655,0.1741715560957539,0.816230193208703,0.9168221179035916,0.9,0.06385185334040461,0.30500247921310447
259,0.08337412824099162,0.030374287967695132,0.04,0.012999840273296493,-0.06067023064554616,-0.05417010699534609,0.6874169159674236,0.2,0.0952833646894592,0.8252459655088455,0.6541419386973665,0.7480198316473735,0.06031420318137422,0.2921869842453476
243,0.08352158408434496,0.030121253008484995,0.04,0.013400331075859952,-0.04848871950966311,-0.038363746630496645,0.8048418573541769,0.9109392092116974,0.030976318688739735,0.8723942990932776,0.712990885235697,0.6862654354581493,0.01,0.36933310026182253
137,0.08395180330293298,0.031072284795454392,0.04,0.012879518507478573,-0.06557022183681281,-0.058562319223477044,0.7673761606291395,0.7178319472998282,0.13635879379526378,0.8720700116626559,0.6590705462922759,0.27771797083682026,0.07469265658803038,0.2508345609912667
77,0.08416233090852873,0.03141602236498528,0.04,0.012746308543543451,-0.06574667077873461,-0.053926455149139456,0.7767537711735115,0.9197228269130377,0.15581052336272533,0.7847051434908792,0.8542338715447677,0.35105964055888655,0.058893437018036364,0.17857139723652588
308,0.08417563759920295,0.03099327872021616,0.04,0.013182358878986786,-0.057267217035560924,-0.047013547789885146,0.7964386513039716,0.9359020006466958,0.0991789799655014,0.8724236728979847,0.8545459884923785,0.38082786933420876,0.03448181525303244,0.27391101101087806
84,0.0844005535050592,0.031454564014384,0.04,0.012945989490675214,-0.06524912574814871,-0.05698311624885398,0.7284825717923487,0.44010214869975633,0.11028116193296038,0.8944193965535377,0.628070256625636,0.2673451991378224,0.06822212638286486,0.23533538880797678
403,0.08453274028075014,0.031402015915588694,0.04,0.01313072436516144,-0.06108997235632059,-0.05234935784870064,0.7670626097933899,0.6012607399619669,0.15763017456241774,0.921918746747069,0.9029049883570495,0.4210382425474373,0.051557589324345225,0.2643911788515745
438,0.08486537284630594,0.03164160954229347,0.04,0.013223763304012467,-0.05519976101726052,-0.03975184714881682,0.8055431858177678,1.0114359406538982,0.172215532908402,0.9181621595995667,0.8090225071761925,0.4658346004499741,0.01,0.2080820416110187
114,0.08513713983936076,0.03211174419844557,0.04,0.013025395640915186,-0.06260281641968221,-0.04954975475279347,0.7636693633396482,0.7295353169131648,0.12150731258071357,0.98,0.7372814895142925,0.7966829365554673,0.04147869121917785,0.18781463063354228
226,0.08560683753103855,0.03226070485012182,0.04,0.013346132680916736,-0.05820415538885226,-0.045973923260653755,0.7536599832138506,0.6133797995641403,0.03,0.877722249270957,0.7670076126302936,0.4786775737451234,0.028700780118932373,0.24035690101245422
28,0.08560974177672405,0.03216115328008019,0.04,0.013448588496643862,-0.05541105461828027,-0.04241157745550816,0.7452559381704006,0.3876962351967904,0.13521221142176557,0.9156108177815011,0.96,0.7702656240245604,0.017747401348876604,0.25016151488906857
236,0.0856242554509652,0.032931484435227774,0.04,0.012692771015737429,-0.07514558728165632,-0.06640462493975638,0.676760947264804,0.35602274155135577,0.06868636982313249,0.7749377606974013,0.8735667419327654,0.760483694059919,0.10387743406317755,0.1658233438831961
187,0.08591253514845919,0.03302564139112649,0.04,0.012886893757332693,-0.07127679984412535,-0.061589083891993926,0.7688781286923417,0.8622341651727302,0.1366000635725754,0.9225681380441569,0.8783830406520765,0.3834339700794417,0.08319061428272995,0.18176747660287768
408,0.086155128017622,0.03300628746040277,0.04,0.013148840557219224,-0.06979848046323077,-0.06517720256776513,0.7719145890863318,0.7970435227053349,0.08139654523697595,0.8076690689989731,0.8879327469401463,0.5267601791627239,0.09344644458820552,0.265448491812831
147,0.08626883750475478,0.03281635966240713,0.04,0.013452477842347661,-0.059355973809058264,-0.048039957112387524,0.708001854132215,0.2658902134413623,0.07325489733889642,0.8411184291889878,0.96,0.7594508404755891,0.03443587201152026,0.2453609193773383
132,0.08647567164552461,0.03277216360286339,0.04,0.013703508042661214,-0.053418925097319096,-0.041353461602539464,0.790356132240098,0.7293546555633253,0.08609016881760724,0.841230308329431,0.7458036122481754,0.5781336027140422,0.013877368672227164,0.29582993832971843
300,0.08648906058371526,0.034555861128337514,0.04,0.011933199455377758,-0.09526640980113847,-0.08943866380982773,0.7846913576783661,1.7311545354092472,0.21800696976923975,0.8524510500050164,0.6447917036318884,0.7048966477944596,0.21951015239111352,0.10613626342370765
45,0.0865094250022206,0.03388469302053782,0.04,0.012624731981682772,-0.0728412066463106,-0.05842542827833367,0.7721910783881245,0.7338204133251811,0.3174772951556914,0.8897622158868479,0.5514995669096984,0.39135361421764325,0.0760323958428952,0.10516407701874989
122,0.08657561450889592,0.03306136311710656,0.04,0.013514251391789363,-0.059895919490956545,-0.04971045728056063,0.7269232323931761,0.30695440416594916,0.11526407269076858,0.8492340607705754,0.8931752619244934,0.5049841098826768,0.03931032068222186,0.26157720503744436
149,0.08692044528190049,0.03370785726734513,0.04,0.013212588014555361,-0.06559903774094157,-0.05283776814773179,0.7616405092485322,0.8202319241177001,0.05393983451255467,0.9584605039412725,0.7193386609825335,0.5911315397034521,0.0495978580238323,0.18155425422475593
257,0.08703126238195573,0.03356584846385347,0.04,0.013465413918102255,-0.06562516557559148,-0.06068831604996065,0.8097160720488705,0.8900907976356164,0.24038722489995962,0.8477807506959508,0.6609817554640625,0.3568157443767028,0.07496472901553092,0.2996358115256375
146,0.08710696408746621,0.033418646274959087,0.04,0.01368831781250712,-0.05486052379460675,-0.040540326751615695,0.7902913748896004,0.7318565793026591,0.13007717517305845,0.98,0.5529520894431593,0.295853479497022,0.01,0.2453812458698319
278,0.08757172512558535,0.03378015930811856,0.04,0.013791565817466784,-0.05567672050626869,-0.043062376123237704,0.7827770007778978,0.5749502752214409,0.17552666427325153,0.9670036373350686,0.9302019957383942,0.7560782105676545,0.017249469958673214,0.2691422538546149
119,0.0876275089374798,0.0349459033455999,0.04,0.012681605591879894,-0.07166401995519263,-0.05489458195919463,0.7482830809134923,0.9552814603555702,0.15826816243804398,0.98,0.8291674030212769,0.448779442557771,0.0626947995120683,0.08363922098794177
101,0.08775877799698156,0.03414221024204994,0.04,0.013616567754931617,-0.0641881334036501,-0.05762750762890369,0.8160285997417533,1.0050564368021404,0.18908820215018973,0.9026616633520599,0.7148194309407097,0.3439473688604393,0.06302606539956351,0.2921613088316719
68,0.08831523004063668,0.0343808032567506,0.04,0.013934426783886088,-0.055793152589858556,-0.04383363705754207,0.7850774859890569,0.54483386052609,0.19611400925825323,0.7362325951448078,0.7207141698694999,0.2571485862222893,0.018768526171442597,0.2838696184365301
286,0.08851385070462087,0.035143569278311804,0.04,0.013370281426309059,-0.06384426410804488,-0.04725423381234966,0.7845421366825042,0.9616172696129837,0.13730753783464053,0.6904374571442321,0.6711686930386502,0.7716112388320757,0.029340871423527315,0.14326564360953992
180,0.0890873654139445,0.03670375078375186,0.04,0.012383614630192644,-0.09558450112607023,-0.08983297231144201,0.763532104810953,1.2765654314958297,0.16912311897889476,0.6868853290116036,0.8042677965270988,0.23509843329017183,0.2067006352916766,0.11576625266276686
375,0.08922947935382143,0.03551063459134833,0.04,0.013718844762473105,-0.0671918437729295,-0.05953532952464599,0.8257623144267765,1.1833699508038817,0.18857113732881375,0.8345918979717607,0.484931676916489,0.2724565682641747,0.06667886223083182,0.25922276922051335
256,0.08934686905452366,0.03521934148764566,0.04,0.014127527566877983,-0.05485157021204315,-0.04209297589914728,0.7869794361113638,0.585688813723516,0.13655189364080186,0.9503996187149315,0.7533743837944824,0.6435039033677702,0.012438220245374942,0.28682601574784455
186,0.08968268091169701,0.03542085447498573,0.04,0.014261826436711277,-0.05621902400357451,-0.04957291194986293,0.7288408760096965,0.2,0.11901219748472999,0.8888645486303297,0.96,0.2901721405395839,0.035232386621750406,0.3757353855409742
356,0.08970265811841226,0.03566020955544703,0.04,0.014042448562965229,-0.062412010112080564,-0.057368295222028014,0.8147301726298896,0.9795034184887544,0.07264824293391195,0.9337395170985944,0.7891605985779808,0.5798235206670642,0.058719413029987656,0.3436360542449922
442,0.08985743049472042,0.03621460950419604,0.04,0.013642820990524378,-0.0654728910237248,-0.05078041270672014,0.7685742322355842,0.682693432646522,0.1307245217354656,0.9449263872276574,0.7266813317415596,0.5058084423998754,0.038196262243868524,0.16837365406685056
341,0.09004908402592551,0.03651763906622611,0.04,0.013531444959699407,-0.07431689493810475,-0.06604457738310969,0.7235399651768075,0.3716204252844665,0.12185520616045822,0.9046207951111284,0.8115853382873661,0.5233163888890497,0.08928814989792132,0.19984648982551534
140,0.09024032351269631,0.03637697460313012,0.04,0.013863348909566192,-0.07178581374297897,-0.07364465654346512,0.8494176361353534,1.5139692585565527,0.16333311937276163,0.7221873592515418,0.8193396366135507,0.7411115470741785,0.11316406374218689,0.3625608568377061
160,0.09038663723109032,0.035951831796078,0.04,0.014434805435012311,-0.05360679293820248,-0.04502653259958443,0.8126589803872452,0.6118757797525943,0.2945727622155982,0.9524518466575188,0.7345409362813508,0.6351581271932637,0.02104095796784163,0.3809319618576673
6,0.09039467884031513,0.036212140793091964,0.04,0.014182538047223157,-0.056406596208157536,-0.041851361061262644,0.8052914464147236,0.7643955180471085,0.16910542123294114,0.9046224083530402,0.8291432353879504,0.5909055045207499,0.01,0.24812738003615667
152,0.09064025540587567,0.03701096661262218,0.04,0.013629288793253478,-0.07920333389408113,-0.07975025423701396,0.7663075876986042,0.6705097484960042,0.0925275354646379,0.8538838676180436,0.728196423907199,0.37335061347311227,0.13624572276103514,0.2870098641513566
103,0.09076694546979477,0.036998312674887734,0.04,0.013768632794907035,-0.0694196480003121,-0.058164653180461615,0.7518492480133993,0.5548601704737441,0.09382339357741847,0.9213033738663553,0.7594791479229762,0.5351510320128827,0.06032711206381024,0.19648263959789747
110,0.09076735050788318,0.037889759590123584,0.04,0.012877590917759588,-0.08291518606445603,-0.06963182107974977,0.6748399877984501,0.6151037437672549,0.04445539743661644,0.7829667093239866,0.9372261146759406,0.6220153606021306,0.11405637689200987,0.08874222591036565
299,0.09104661875401063,0.03680011453592796,0.04,0.014246504218082677,-0.05715510071381764,-0.04213271464534116,0.7735840175580373,0.4986817063060692,0.13245554700761422,0.8940693984623987,0.772410637221569,0.6138090437769974,0.01,0.23569477049454196
118,0.09120817092745376,0.0371438678755301,0.04,0.01406430305192366,-0.06925084359902979,-0.06642342251267708,0.8306825710712761,1.1744494713097589,0.147834116717968,0.9403250070048352,0.6839928574740949,0.4873457490921506,0.08554294177259966,0.3228226908869473
449,0.09135702641831568,0.03762594918927,0.04,0.01373107722904568,-0.07246615770249462,-0.061522615139492434,0.7613859300469866,0.6791452464168034,0.09495803223592855,0.7701812105344976,0.8342358900847058,0.5267916094859152,0.07107636685877805,0.18400141398921432
108,0.09169440003277701,0.037154429282856366,0.04,0.014539970749920642,-0.05455524346448236,-0.04205097699260079,0.8085031574946784,0.708952649278092,0.14604597267588004,0.9009565891755861,0.8339275791618279,0.5611950892308055,0.01,0.3102607447890673
159,0.09314310173507269,0.03900156741861434,0.04,0.014141534316458352,-0.07295141274001757,-0.06570558184136319,0.796916342413968,0.6889009805890971,0.23020372721522625,0.8670152984567202,0.9007331023134285,0.5140275314659206,0.08008040876833201,0.24009573425488
62,0.09325315751201713,0.038984154172430424,0.04,0.014269003339586687,-0.07002702192088955,-0.061916976499277306,0.7671780374139325,0.4547572895144988,0.1683377096116535,0.9742336311041002,0.8369463658495129,0.45878018236798035,0.06715989889786872,0.24882026416724265
266,0.09344109985205959,0.038914064028549855,0.04,0.014527035823509726,-0.06547300148299759,-0.05927791400268703,0.808730967050757,0.7571906427562768,0.15818851488285238,0.8822700866628483,0.8063199889662609,0.5154849219277233,0.05813070953395957,0.31693667454438057
244,0.0937659242740718,0.039604085028233996,0.04,0.014161839245837811,-0.0625262241570571,-0.043049454023333135,0.7271233345057366,0.36536289096253477,0.0909890070010656,0.845169271291438,0.6715184650768371,0.5136550678011741,0.01,0.13090359551616076
2,0.0938580370377256,0.039641042179295836,0.04,0.014216994858429775,-0.07559651151163922,-0.0709675579063548,0.7618600677447279,0.4238418109612483,0.1805987373552989,0.8965850676885403,0.7813658737546377,0.4019461456058324,0.09621206260187834,0.2585313092963321
418,0.09449863584536411,0.03991923468631575,0.04,0.01457940115904835,-0.06670735846821868,-0.05743188577828967,0.8086327691627962,0.7817649283385363,0.1637102578062701,0.9043869572826657,0.7320757498313996,0.4623779276900594,0.050717866854996095,0.2660818739154955
0,0.09453937209776792,0.04045334318524052,0.04,0.014086028912527394,-0.08558780427408126,-0.09152661302564503,0.8214989033068625,0.9022055036032838,0.30475133437164237,0.8649998510425583,0.45273931481708374,0.8804978813094048,0.1698393374179741,0.3251225068469339
374,0.09470288125226442,0.04045401681413643,0.04,0.014248864438127996,-0.07855684679199203,-0.07496332661429493,0.7574750871973737,0.47413354943242814,0.12279744164647068,0.8582692375616935,0.96,0.4870787691327269,0.10840977533412995,0.2559424598257823
189,0.09490091028396827,0.04047125743201048,0.04,0.014429652851957804,-0.07559057532791756,-0.07293506504820393,0.7578897008976566,0.3687753776841193,0.17100987652428457,0.8191868317536687,0.7429174725094346,0.4100571092170142,0.10009054635146891,0.2890749332405119
334,0.0953624820097306,0.04089891019237685,0.04,0.014463571817353747,-0.06776199790380047,-0.052957751643724606,0.7531692642745393,0.42624557233050625,0.11963545093792158,0.930767368336467,0.6983624642635544,0.399187899730992,0.036868928889975505,0.17825129431041115
250,0.09576554601801986,0.04138954136647963,0.04,0.01437600465154022,-0.08432826149563609,-0.09397144284076768,0.7348874843722523,0.23493022663329857,0.19484268059078044,0.7310358785715584,0.6359168715026225,0.1802299187962002,0.1743923187862155,0.37984148778298293
407,0.09637728275626116,0.04154327995768252,0.04,0.014834002798578645,-0.06887170727115861,-0.06139328114890167,0.8248090966223277,0.9134891488916861,0.1823675930875193,0.8212310023148959,0.912256898439523,0.37721219149258595,0.059810678738604156,0.28453617644749196
314,0.09638416901894233,0.04164332004079374,0.04,0.014740848978148572,-0.07369072226228864,-0.07033485954529609,0.7194519520792717,0.2,0.09843099904509821,0.98,0.8557501401321447,0.5358435582092043,0.08812766385509292,0.2987872333393172
93,0.09674371296691013,0.042239601856340556,0.04,0.014504111110569576,-0.06430516786930296,-0.04414777586351531,0.7774110339498606,0.6459507546126058,0.14602107864378652,0.9108153454075095,0.8783989528197605,0.6162091926000037,0.01,0.12668874768019275
94,0.09687199211666211,0.042269224649016876,0.04,0.014602767467645252,-0.07974490256841843,-0.07943433937197643,0.8165508023570902,1.0420648268594377,0.07121211407603179,0.772787258192279,0.8099827099575259,0.6340407045944763,0.1179490729480171,0.30079341370905804
377,0.09737202736893326,0.042418573474868285,0.04,0.014953453894064984,-0.0670291239341031,-0.055185430762865674,0.8008002702741863,0.6037732287864711,0.2019437073399133,0.9470381454620563,0.96,0.27711207208545274,0.03996938790572118,0.23912781947826867
120,0.09774477956406528,0.04293818458491748,0.04,0.01480659497914781,-0.06581122543653635,-0.048471539609534084,0.8427877769778542,1.3865834123704246,0.18000297504446477,0.6580933064080077,0.915572880633198,0.37310965390538214,0.020522404836356093,0.16984128688372005
267,0.09890972732523504,0.044336288927436046,0.04,0.014573438397798975,-0.08691557712317405,-0.08445310489607773,0.7779645869200333,0.7127344968352527,0.08339434326739611,0.9046287140514894,0.797175807282509,0.5278181474931005,0.1334066566099072,0.23526898161856882
76,0.09966393907539793,0.04437132020637326,0.04,0.015292618869024683,-0.06560384752549328,-0.05140233779986175,0.8002087512619149,0.7695979993084013,0.03,0.9352540715584154,0.7417840801545504,0.6835203992395384,0.02627719112268444,0.2281599038312258
332,0.10082313771547911,0.04588071288229166,0.04,0.014942424833187463,-0.0841675833711877,-0.07973271620374235,0.7808585091101116,0.6746829316376661,0.07416264192225547,0.8345523688390322,0.9458635165599352,0.477475307003365,0.11200538474935616,0.23590758224162733
399,0.10109069026071507,0.04569030977217543,0.04,0.015400380488539651,-0.0740175223609304,-0.06847480050141028,0.8143838879661104,0.7113221630149973,0.17474412345463244,0.77952780472245,0.8869992218189718,0.5255052555207244,0.07370474288563847,0.2922081345067293
448,0.10121010916333928,0.04575328544721843,0.04,0.015456823716120852,-0.0737476991512874,-0.06981682799546451,0.8493425069442911,1.1828593018947604,0.17131927115825982,0.8185805054092835,0.8494531757675535,0.6225239701557237,0.0774317617694477,0.3177187868540055
47,0.1013145319908545,0.046389414035935626,0.04,0.014925117954918871,-0.08837683681533368,-0.08765255916953674,0.8029548804579316,0.7032907040014699,0.20654813000917058,0.9586047084075504,0.8848554627425183,0.5797927761906694,0.137985287193082,0.2553414802681059
124,0.10185807431582697,0.04593748370725056,0.04,0.015920590608576413,-0.05979527352619641,-0.04590303516078377,0.7700351512412241,0.25915400591006854,0.14321814681070372,0.9503138835221008,0.8377381543319914,0.5910053336616409,0.01,0.289122196431427
441,0.10190247831881014,0.046458998651037815,0.04,0.015443479667772327,-0.07414672633226603,-0.0653455122071961,0.7771639315806621,0.40145260504059505,0.1594167778746984,0.8046616756008316,0.7369370900747393,0.6549041073191636,0.06348538777365594,0.24908456477863544
95,0.10227232948392859,0.04800398025097173,0.04,0.01426834923295686,-0.10585451679084648,-0.1057730380167256,0.8210099463049364,1.5687864668649372,0.11136431480133033,0.9491415987430187,0.6544961609672484,0.5827395634666572,0.21677640205970516,0.1765376275237198
21,0.10236472178179212,0.046924793201014385,0.04,0.01543992858077774,-0.07007018872577277,-0.05472013787276601,0.8104879083123346,0.8108658782384885,0.120977657094894,0.8972118432123364,0.7339974003007175,0.5642343970134196,0.032801624443118516,0.19105350354933
130,0.10242244382257165,0.04864260746380024,0.04,0.013779836358771412,-0.09727499083506849,-0.08326497193686033,0.7428290317858435,0.6081710896438092,0.23015301021245957,0.7217866414376461,0.9466318987873563,0.41974090813090953,0.153939821359813,0.05812965382136547
209,0.10286539319208345,0.046809346269377015,0.04,0.016056046922706426,-0.06479705984631497,-0.05965028722957483,0.7635641709535731,0.2,0.17330347643212227,0.9087977169264027,0.96,0.34158048026369997,0.04611937295866408,0.3815587918248196
371,0.10413821138508852,0.04826169424494124,0.04,0.015876517140147282,-0.07199513735988589,-0.0634094049345567,0.7952200675097573,0.6151641986574559,0.03,0.7544332033281704,0.6973737447589166,0.5764961449173317,0.054301623569863205,0.2798817692187335
379,0.105401563515428,0.0488485608229806,0.04,0.016553002692447406,-0.058383977101933444,-0.046757219679833685,0.8152981712977666,0.5367866487106768,0.0936566120051893,0.9723117460845094,0.838166843842874,0.20555913012730587,0.01,0.3628445260877809
216,0.10605167793011855,0.0504516794683559,0.04,0.015599998461762653,-0.08151103188371402,-0.06989688850634386,0.7853815981557257,0.6674074979980775,0.0716694101600419,0.9086592149829943,0.741165020033937,0.4239066371193643,0.07291780570090917,0.18394857475326445
368,0.10700322870422538,0.05120099752160284,0.04,0.015802231182622525,-0.08396920953614147,-0.07642877770991803,0.7539172246141829,0.31107863160004895,0.11204956860449614,0.8489656325667175,0.8876633162748048,0.6696586188056746,0.08993137515196739,0.22068784324339435
78,0.10806703514743082,0.05216749573049537,0.04,0.015899539416935442,-0.08688876348799354,-0.08202239207812051,0.7685622335477207,0.46769951555947664,0.05612024414499396,0.9488252973353961,0.8243577677850166,0.4115873405994228,0.10485456049299623,0.24050556410777288
173,0.10856506262465146,0.052070732772388946,0.04,0.01649432985226251,-0.07251278633784826,-0.06358563274246039,0.8376228605588498,0.9763620714160212,0.042750124914292156,0.956711881260918,0.8408093928336795,0.2688409404129103,0.049081558893463176,0.2912323394757622
310,0.10927123292229657,0.05458894601480209,0.04,0.014682286907494489,-0.11057266241468092,-0.10306491153799638,0.7133347484746596,0.5442099489252391,0.08222613910969186,0.8140601718452256,0.6061322317581047,0.6009274286723754,0.201563121485822,0.10284759600227368
404,0.10954628627265647,0.05334524946271855,0.04,0.016201036809937917,-0.089049610940641,-0.09291415579556699,0.7908383994376774,0.4047483920000774,0.1885778779785005,0.9318968880164565,0.6672539525777991,0.673989846869192,0.13444871845415424,0.33138220674827934
102,0.10956518469335093,0.05311976713866323,0.04,0.016445417554687685,-0.07412280043124958,-0.061402190467461766,0.8412254080426776,1.01679413929852,0.1223836293838045,0.8148963178859165,0.7678340550213015,0.5312812920527156,0.04236125332428053,0.23185933785777435
287,0.11016568511525822,0.053362396818467876,0.04,0.016803288296790345,-0.07434912346076158,-0.07421572860648148,0.8367253743500075,0.7038464103645777,0.19364457216396497,0.9189439733850047,0.8462227609301867,0.5522733316708904,0.0763650581906138,0.4
433,0.11049195382563157,0.053418411786529854,0.04,0.017073542039101712,-0.06256922702925516,-0.048806532219509126,0.8255589435858407,0.6052710773439873,0.10573097298040773,0.9669357518746836,0.7457394511920817,0.4945632750394116,0.01,0.31263065840942617
318,0.11054656092756954,0.05362896160324537,0.04,0.016917599324324163,-0.06999472284026917,-0.06222876829802795,0.8235152067340059,0.5439087807348565,0.1961395700521209,0.9370861575435392,0.824663938089125,0.5209541319683257,0.04338620821220407,0.3341419942398504
388,0.11084795003044118,0.05377910840705728,0.04,0.0170688416233839,-0.06582406594651125,-0.05500534081000365,0.7938777686183116,0.3654207926269082,0.07785096374952648,0.9105390714629826,0.8977165069074191,0.6782950834145384,0.024860666970330653,0.32732141558260447
423,0.11252100376227939,0.055977524163206144,0.04,0.016543479599073232,-0.07747666718822814,-0.06132828516206205,0.7719635260740605,0.33082684065414436,0.13172837661938216,0.880631628304163,0.8305526700029934,0.517956407981794,0.040354794184189025,0.17148151088187924
265,0.11287549664054017,0.05763027724448799,0.04,0.015245219396052162,-0.0931898405875462,-0.07510496519117568,0.8196897357332078,1.4787566746544885,0.22277128098926324,0.9256069489282968,0.4548146369203214,0.3207390736326506,0.09697727953446081,0.0648602834898344
406,0.11304021585854959,0.055812788672140415,0.04,0.01722742718640918,-0.06954809085481092,-0.0586786512927454,0.7831865688712153,0.2816058265325016,0.10414464907184984,0.98,0.6916109312736854,0.6252456109517537,0.03167717721344804,0.3026516735372137
97,0.11327965571253953,0.0564360883798344,0.04,0.016843567332705135,-0.0861856364584819,-0.08934522040818375,0.759444377651382,0.2,0.1348165740588481,0.8619564700147199,0.6709920314698861,0.7421815931793186,0.1153560238854796,0.3538975644852902
89,0.11333743644546915,0.055981056266606016,0.04,0.01735638017886313,-0.06561069792097975,-0.05217590926749567,0.8261602530394467,0.6294225324570777,0.07062512971238155,0.8961043093809946,0.905756701041288,0.35946193047945374,0.015580269387769248,0.30345525110094274
264,0.1136792630585893,0.05628765002716071,0.04,0.017391613031428582,-0.06706052134980611,-0.05534948875405364,0.8052390873596775,0.46829633049525365,0.03,0.98,0.8258712000557961,0.2531140310485585,0.023017623005132725,0.3168947470859658
367,0.11378997100251774,0.056801214721954284,0.04,0.01698875628056345,-0.08169284966586869,-0.0788006963025157,0.8088099670123937,0.492065572555827,0.14291906940641486,0.8129300538742024,0.7350388588998222,0.4026204755796394,0.0839653895893909,0.3187119713318549
436,0.11418396384454059,0.05668462814844371,0.04,0.01749933569609688,-0.06436877630350321,-0.050075727920411296,0.8527809610492293,0.9696833201002183,0.04099072313754357,0.879261009417002,0.9104286590787776,0.579262425574609,0.01,0.3067434224818269
185,0.11444355647151902,0.05807157191624983,0.04,0.016371984555269198,-0.0797673043856814,-0.060061509351828565,0.8398190213697885,1.009219703588386,0.26570338979703456,0.774689596492365,0.5206772794151122,0.6961630742248087,0.037542585528789085,0.11950428223595784
275,0.11489997547244934,0.059220661108390436,0.04,0.015679314364058904,-0.08909215635806973,-0.06938245414883151,0.8092869441086858,1.602027572841279,0.07367057729424349,0.7216611681792904,0.6062727319555526,0.5297381186614548,0.072342381956557,0.0712207597662918
395,0.11569702669084739,0.059127219904204165,0.04,0.01656980678664321,-0.102213718147762,-0.11038293019998228,0.8089927690311242,0.7676830706201584,0.034157871574974796,0.7066236758024448,0.5851363103189476,0.3193964281744823,0.18049273216939296,0.31597423915793166
270,0.11580765915495844,0.05854602846618265,0.04,0.017261630688775793,-0.07983264698415722,-0.07250659891085817,0.7960994662400283,0.29415765973189084,0.22131393062598512,0.9100424618759757,0.4378152960741099,0.5097943768853017,0.0642970074112354,0.2820235580379223
337,0.11649351815164236,0.058893706646385394,0.04,0.017599811505256965,-0.06763876477358952,-0.05103708050330801,0.8365194274218983,0.6361803030405464,0.18734856483238715,0.8527960969852069,0.6502576527201549,0.5203283387119002,0.01,0.2531610928543704
253,0.11980835659425082,0.062460443170801676,0.04,0.017347913423449147,-0.0927788610752269,-0.09082360300481537,0.8327109474801747,0.8801945646196923,0.05716238126380016,0.98,0.8664067747313122,0.49853175934999333,0.11011027085250327,0.278302427047934
241,0.12077747506241342,0.06323257895478525,0.04,0.017544896107628178,-0.08030709936024749,-0.06363413637442458,0.7776805978603036,0.2,0.19856160852218277,0.6915419325298716,0.7379022582239426,0.6476501169331167,0.03800656178545775,0.1758969497710855
421,0.12141264537456245,0.0644593321195366,0.04,0.016953313255025866,-0.0830613974161356,-0.06153764518725184,0.7765959133742643,0.4358899034193009,0.13374072184292277,0.9287500815566873,0.8832276320930089,0.38397658400775797,0.03695307041821846,0.09792615282204623
80,0.1221140331840753,0.06393389101532448,0.04,0.018180142168750798,-0.07988423944215985,-0.07683491421509075,0.8593349422233181,0.7568502774552229,0.303070294766099,0.7135985874251841,0.7305793404945634,0.4175520541982673,0.06771326065856408,0.36029514676015423
205,0.1225261236683522,0.06467162992058784,0.04,0.017854493747764353,-0.08647786958312158,-0.07926795908247687,0.8903498828477483,1.561595392083463,0.30148184129954586,0.6865112357837013,0.42830015364403234,0.7939388315860669,0.07421804803509915,0.26662073341073406
177,0.12331299005247279,0.06509235301151259,0.04,0.018220637040960188,-0.08099315372557485,-0.0741651926022886,0.8321706560874296,0.606692384657028,0.11824559593321017,0.8663707559363609,0.7414703386032451,0.6000325680744908,0.05967327893393963,0.30932679957505815
153,0.12421504515903756,0.06650921993025953,0.04,0.017705825228778026,-0.0761949606819152,-0.05291229264171546,0.8066159823005694,0.5591456891817499,0.11928889539408359,0.8511929076742677,0.5327077998401446,0.3015666641339073,0.01,0.1265302886557154
313,0.12518078059833376,0.0667243632561196,0.04,0.01845641734221414,-0.08484042447127123,-0.08740054199144104,0.8490364108141379,0.6993519295828027,0.17696220575708607,0.8519991408753521,0.8772083096348043,0.3902732205689134,0.0912269455841314,0.4
116,0.12619224370199789,0.06793177372608908,0.04,0.018260469975908803,-0.08484473540652981,-0.07294479516051632,0.8540964717670683,0.852471061252208,0.20853349381613623,0.7713533875265745,0.767955019898251,0.3751512430894266,0.05450673755061542,0.2322653658572722
444,0.12970912320179986,0.07137019608508463,0.04,0.018338927116715226,-0.09447427692987288,-0.08512727854346888,0.842924761414107,0.8013560619957733,0.15714402637192348,0.8086367171635674,0.8945023105123756,0.4517697866326006,0.08262489474649234,0.21697395780154155
198,0.13056756656677415,0.07168718961384526,0.04,0.01888037695292889,-0.0758478914165201,-0.055259297452428593,0.7930474342149124,0.24291568937010638,0.13144741376604352,0.8849563916037827,0.8344240755021097,0.4981368173930833,0.01,0.18873614083866525
328,0.13641872070385144,0.07673100496730491,0.04,0.01968771573654655,-0.07634368711429629,-0.05703030368070288,0.8014677298872736,0.3167073512473147,0.033921207046388055,0.9563425114097954,0.7392197860932461,0.44351945413947924,0.01,0.22549096986249179
347,0.1373403255320045,0.0781636844867576,0.04,0.019176641045246905,-0.0843525891932932,-0.06306219531713853,0.8053386831757222,0.4999940103254983,0.03686313855049912,0.8635072644432911,0.8896240336067224,0.4219514378922602,0.02376516235818114,0.15352159512541444
309,0.1407730704089624,0.08113684197794893,0.04,0.019636228431013453,-0.09003150526272231,-0.0736695010981396,0.8160491023686431,0.5258755985402922,0.03,0.7689047332217545,0.6730511628760218,0.31090384857920905,0.04415571332416744,0.19336721699001752
194,0.14648994753135874,0.08600107212506868,0.04,0.020488875406290075,-0.09295915142106738,-0.08299477496281224,0.7947328609101538,0.2140438640089547,0.07641675401324508,0.98,0.7737012978415144,0.6209488551391229,0.05895691369358751,0.26165430283865576
291,0.14686389356740637,0.08705073827348052,0.04,0.01981315529392587,-0.11376844318833848,-0.113339843856059,0.8482629921964678,0.7161105328381313,0.15857655278591407,0.925057172661663,0.7709408258207663,0.5583174539251534,0.1344598001062724,0.2512316593146538
325,0.14873789944674765,0.08856887354582262,0.04,0.02016902590092504,-0.1174850478467886,-0.13530695599290654,0.8642046599783177,0.6656805639210401,0.3121175107977162,0.8771759746477356,0.847299903546586,0.6316637676218514,0.18773203356789356,0.3975846019511726
288,0.14971166899283106,0.08893761173467889,0.04,0.020774057258152182,-0.10035274708037771,-0.09997605909208178,0.8138949474268738,0.24486227646048592,0.15572770328006483,0.9780772845382601,0.9212322412988435,0.43856888243948966,0.09403490002811123,0.3267144378383926
412,0.15079736806416807,0.08927404677643772,0.04,0.021523321287730348,-0.08071493603294731,-0.07029909365349099,0.8130384772007867,0.2,0.08586023586213537,0.8726591481497802,0.96,0.6106789422314771,0.028938954077392838,0.35045102958494634
217,0.1512260473745312,0.09003720303082308,0.04,0.02118884434370809,-0.08238706056582407,-0.06330722528324893,0.8204880407167727,0.29746638502189976,0.09182839887873681,0.98,0.9136373599735562,0.5140549749193434,0.01444795785405402,0.23492251134457337
320,0.15239413066347612,0.09116269683698826,0.04,0.021231433826487883,-0.09679488653894547,-0.09685235187648651,0.8116610589294441,0.25053012910879763,0.07613028765483469,0.8333955453465677,0.5302292669681157,0.6328418394153189,0.08375681476687265,0.36032594534473755
282,0.1538604489729289,0.09247750127724773,0.04,0.02138294769568118,-0.08259102716523474,-0.061755089577349945,0.8362180620049691,0.4678738406564423,0.049724464900508525,0.9644734036695458,0.8496235287233541,0.4106453186265927,0.01,0.22135539521103717
157,0.15724001463819096,0.09624855699779454,0.04,0.020991457640396432,-0.09494499454270727,-0.07378626483561025,0.840331143901911,0.4116280673661153,0.2269745656693901,0.8636812070883891,0.9053231794954063,0.5097900741513568,0.03442075349432663,0.1543817645008459
88,0.15814679235021836,0.09618031378649557,0.04,0.0219664785637228,-0.08380852987240064,-0.06565534683383649,0.8122574356312865,0.2,0.08238178929758688,0.8464827227570372,0.5661081139514766,0.36123606401089225,0.015407098821023993,0.25559707343198035
348,0.15967513756904858,0.09795374877326382,0.04,0.021721388795784752,-0.09472978788187257,-0.08040204858690586,0.8814287487132011,0.9378055287304892,0.17434600852142643,0.9661924164557161,0.8581322028435749,0.4648166448541478,0.04380971686418078,0.2413301116973628
420,0.1603083262473025,0.10008371234859546,0.04,0.02022461389870706,-0.11508814707960462,-0.0972325843424108,0.8276576217708043,0.29168472726484185,0.3020907792497229,0.9270917240827496,0.5916706816012928,0.6272032527762578,0.0945487366577244,0.10396680876637103
100,0.16284047414711175,0.10383647997379614,0.04,0.019003994173315605,-0.13670352262405952,-0.12123445204837854,0.7484601743331631,0.6370995064014022,0.04616630283904165,0.8259356913785284,0.5650629081935473,0.6308968373282816,0.18561148713694625,0.056356190370027426
151,0.16681863106881023,0.10416026029121256,0.04,0.022658370777597674,-0.08597945261901076,-0.06506178301171932,0.8970797571202593,1.2646195650255116,0.05926720686462417,0.8366251351968509,0.9496798137027722,0.3476075286793803,0.01,0.2376364364326267
335,0.16920713423818595,0.10789362516578153,0.04,0.021313509072404438,-0.12653595821627542,-0.1177329541458499,0.8266602764103113,0.41866131324612843,0.15590626367626295,0.9393038982378195,0.40151607325844085,0.33900725649810587,0.126558879861035,0.16693285088098367
52,0.16974501227420913,0.10733843288081862,0.04,0.022406579393390497,-0.10855155165974656,-0.10040068955954712,0.8016704452308799,0.2,0.05532319390289378,0.7986185188149111,0.5647714951192909,0.40232992061765455,0.0783286014097086,0.2503189704845644
410,0.17202497345415602,0.10916274819047592,0.04,0.02286222526368009,-0.09579884008807422,-0.0779429806727476,0.8739009033772434,0.6677411633755187,0.196646594546934,0.7292528024016222,0.8601929132489923,0.2260812106307827,0.03173715634511228,0.22604833863316062
240,0.17525090320840214,0.11365179668207087,0.04,0.02159910652633125,-0.14706648713914958,-0.15608707840482952,0.8939819868993338,1.7230860641294528,0.033856596165096065,0.8899473327751642,0.9433128806391122,0.8247217750542227,0.21384913385120471,0.2426132269941738
63,0.17642665781401617,0.11366163783132069,0.04,0.022765019982695478,-0.11437870440292919,-0.10486797608376447,0.8108312716401889,0.2,0.11066901559636598,0.7638284595335185,0.6492978683130978,0.6963961610932029,0.08383799231852973,0.22293941196972486
359,0.17733609159187935,0.11448017336029359,0.04,0.022855918231585764,-0.11204720567688754,-0.10043233865155862,0.8661125425112306,0.6824270029038184,0.13726711531442415,0.8767710162485107,0.7103091351092425,0.28851592203459797,0.07392242263046549,0.21891240027117956
431,0.18008938994932516,0.115899530862172,0.04,0.02418985908715316,-0.08624991524365797,-0.06807976011015732,0.8921845914686539,0.9282421345617107,0.037548775609374016,0.98,0.7656376247919423,0.5154303304888626,0.01,0.3014173938084721
435,0.18112663600384904,0.11686837276496725,0.04,0.024258263238881774,-0.0923833386303453,-0.08201931477883641,0.8752265736692161,0.5603964866872112,0.1356077898395731,0.7789618126135904,0.668844842108944,0.8981183737469604,0.03403351698393732,0.34818776246055677
434,0.18215197530409483,0.11801883539995758,0.04,0.024133139904137225,-0.09715635160143604,-0.0864344255122644,0.8976909035453134,0.90771290736634,0.21419963205072476,0.8421266138854706,0.8238214876284427,0.3641849708908079,0.04139046237702525,0.31691598973987445
170,0.18613051564506433,0.12120318030978575,0.04,0.02492733533527857,-0.08708292714152985,-0.0747644130692291,0.9269006384576868,1.7339320415550947,0.042927753229492216,0.8682028613792054,0.5689883253502812,0.8223913227249094,0.01947409659894849,0.37755593570387824
230,0.18695901443253057,0.12491421410613834,0.04,0.022044800326392222,-0.14880147653430295,-0.14290720811553,0.849761786237526,0.6851233226153467,0.17073889359374933,0.9745360185745631,0.9516261501636877,0.8248854486121453,0.1776741524138921,0.14419567525298202
396,0.18881637356024075,0.12453249388185401,0.04,0.024283879678386744,-0.09987281471238424,-0.07987230040235718,0.8835085947909624,0.7688749939744366,0.14557995823994746,0.8378245576952618,0.8421847067146788,0.48070008020345134,0.02700853823105056,0.21934877895331972
162,0.1983952753890103,0.13279004238575653,0.04,0.02560523300325377,-0.09309302110363482,-0.07230991618991815,0.833128644608391,0.2,0.03,0.9544353640170326,0.8060952195702308,0.5360642672375495,0.01,0.2668029428830936
415,0.20372998867355718,0.14028983709158416,0.04,0.023440151581973014,-0.14231056287599558,-0.12779508675741647,0.8893905298030234,0.927880363734889,0.33536584856339674,0.7089626823721028,0.8851144331129445,0.8379116591965045,0.12693480743786392,0.12093722575370114
191,0.20533550244884902,0.1404809868319947,0.04,0.024854515616854297,-0.11243971928690664,-0.08845586184565601,0.8073802930223595,0.2,0.03309799464883688,0.9143839243102925,0.7279404425607311,0.6889316377596677,0.03808640806233854,0.14639123031674023
66,0.2053743236888404,0.1390167846193737,0.04,0.026357539069466692,-0.09842357722903053,-0.08812364263011022,0.8707401522747129,0.42059693834039313,0.07886873023084137,0.98,0.780712526141138,0.7021502804575842,0.03327215009047545,0.3599345379717215
50,0.20772994355603147,0.14554338511723264,0.04,0.022186558438798833,-0.15955726875648252,-0.1442608557487172,0.8517103582372504,0.3702712509942126,0.3497135137517563,0.852960199720484,0.7640700087129263,0.1723525815873062,0.1983770137682913,0.060149826121564304
163,0.20954722059598124,0.14333669010793265,0.04,0.026210530488048583,-0.11192290401722665,-0.10490726724014833,0.9031032130586759,0.9373694905012084,0.13977509700022597,0.8699687125488222,0.7602270565315652,0.1933955039551975,0.05973880791081987,0.32153210250102343
24,0.21352784656575252,0.14762560777311168,0.04,0.025902238792640843,-0.12350462441560273,-0.11324627670512107,0.8789247182756769,0.648298466574611,0.10792841030256711,0.98,0.6884097952500164,0.371159309270361,0.07431775283924588,0.2434065439265125
16,0.21891345714622712,0.152505413511851,0.04,0.0264080436343761,-0.12439813206769493,-0.11502842705305627,0.8564293698013701,0.3576362403550189,0.09315031171361454,0.8366222056078622,0.7607071718418986,0.30175719475189156,0.07400870578958449,0.25426663674944394
255,0.23045958282816825,0.1660895223332573,0.04,0.024370060494910948,-0.17799753271487231,-0.1717001904630005,0.8625747800684762,0.9172037672859901,0.11943595954246065,0.925080638098795,0.6183381025686611,0.5245786328481873,0.21507068394718057,0.11526915316455237
297,0.23466904816913484,0.16740409791654215,0.04,0.027264950252592686,-0.13684547582393708,-0.1297595690390359,0.865647869103909,0.4125692051313632,0.1097095339868933,0.9328548658382864,0.96,0.7131342853348039,0.09231321272353878,0.24383602546706135
338,0.23810289245665134,0.17015446857121652,0.04,0.027948423885434805,-0.13559883857921812,-0.13850518202323198,0.8411831714925715,0.2,0.05630098455535949,0.8294089944309482,0.7936173581411353,0.4473367828669459,0.1028873552281121,0.3283906113994436
405,0.2485885405985681,0.18132718588674474,0.04,0.027261354711823373,-0.14098850289279527,-0.12026815221232398,0.9138225058850011,1.410070754725521,0.18903345934724086,0.7821045928978114,0.41482829673077953,0.8540074106558454,0.07702653407113923,0.13957867865826032
312,0.252758837247285,0.183260337620417,0.04,0.029498499626867992,-0.1221344971245212,-0.11358321049320028,0.886947932466505,0.4462033271384175,0.14252456792146784,0.8975495873280487,0.7898899951217044,0.48353760780731636,0.05404857013435803,0.32168806750487977
179,0.2763670879216067,0.20522306972356696,0.04,0.031144018198039733,-0.1303027792110285,-0.12698974091242177,0.922609239952036,0.9867012014882516,0.1859376067929997,0.90191671759257,0.7781036032515575,0.4698451289062964,0.06476205654087776,0.35654140199380213
400,0.27655377801361836,0.20952528594021191,0.04,0.02702849207340646,-0.17538346466778812,-0.15632006847551913,0.8359205569262724,0.36229608136707353,0.12879951632096157,0.8148202878618784,0.4240660703622634,0.16345351934515862,0.1561844350987327,0.07512198257126906
280,0.30441165303806406,0.23428942566818303,0.04,0.030122227369881016,-0.16580870553979202,-0.14414588631319622,0.8671458174129614,0.2582883130926133,0.20798089497529254,0.6821823377230696,0.8817936988377987,0.618718148162689,0.09824672059681201,0.11583647984247296
150,0.31522615411199706,0.24680744163785656,0.04,0.028418712474140496,-0.20353363977623815,-0.18784971314171423,0.8793655189050149,1.2340652211656948,0.0850273126198473,0.9383003054929752,0.6631753265609104,0.48087340534292855,0.20646380820695756,0.07082034226416901
372,0.3197893999367379,0.24506461897560644,0.04,0.03472478096113148,-0.11450518811595699,-0.09488766413266224,0.8985615169041302,0.33450219092037403,0.12841983879901753,0.920823389760465,0.7257836698529359,0.5040790512919435,0.01,0.3570907583549934
366,0.32450631611396974,0.2523057836024775,0.04,0.03220053251149224,-0.177735480363226,-0.1706062335277911,0.8931166311401458,0.6996775200646076,0.03,0.9244437640954482,0.96,0.7269325215505361,0.11921007211499818,0.20402177498763446
294,0.3403008666229417,0.26508100244081023,0.04,0.03521986418213144,-0.1263470048128356,-0.09858530294258414,0.93,0.9403433576422886,0.19045111969772716,0.9577252833822496,0.949129784100301,0.47262967910229275,0.01,0.25638574028728806
235,0.3446192577524534,0.26950940593568024,0.04,0.0351098518167732,-0.14729139684743592,-0.1338312684919617,0.8786651926815613,0.21762666781476556,0.08715333622307767,0.9434835917422819,0.7077164231680325,0.2200316625985681,0.052585995047923356,0.28099518548298996
343,0.36219150039474124,0.2863981072741661,0.04,0.035793393120575175,-0.152581601920191,-0.13397054971745564,0.8890844850864845,0.33584405598096245,0.06263046385721956,0.8109476754008162,0.96,0.43342308240493466,0.04903084351885792,0.24289134137697355
184,0.37449173775567807,0.29705154378057597,0.04,0.03744019397510213,-0.13393774965341865,-0.11081433156482624,0.9286844976384243,0.7261338583606258,0.23283433950734428,0.9244406485134069,0.8970664257835443,0.39565600858144767,0.017727901386195836,0.29722814183261087
349,0.38517844363765075,0.3072452420436639,0.04,0.037933201593986866,-0.13989428075396002,-0.11903298202041404,0.93,0.8601026650142394,0.10328509457815738,0.9318399793529736,0.6981044130800833,0.7166489674768487,0.025011588178490106,0.299835048921882
20,0.4351779145489561,0.3587426323483147,0.04,0.03643528220064142,-0.2364859151425313,-0.23345344880873606,0.8896856856660519,0.5683423854318094,0.04197201797637753,0.8108439383687637,0.6077164789629657,0.7638317945059305,0.17973280913350337,0.1609986124879504
61,0.43807490836301766,0.3584988005223327,0.04,0.039576107840685014,-0.16744322618690716,-0.14295484712513506,0.93,0.7642469658760792,0.21255315558051555,0.9062599801870475,0.8585423312092435,0.49182322000745243,0.04355859343199307,0.21915927567296523
397,0.5785949224991309,0.49193316036647333,0.04,0.046661762132657575,-0.20198773925758692,-0.195870969483712,0.93,0.6241185519484378,0.04607763976299899,0.852241652154292,0.7948019617807978,0.5787200526967738,0.07097130852121686,0.31089338342858774
289,0.6142838356550128,0.5256755622960994,0.04,0.04860827335891341,-0.17292162849297063,-0.1350049679021075,0.93,0.4839994999604287,0.10077372679933552,0.8790614570853392,0.7505856072760915,0.3718370120340412,0.01,0.24088059982210921
210,0.6180506486577813,0.5293287855934318,0.04,0.0487218630643495,-0.2115623653222839,-0.22382971729804385,0.9235817984943505,0.3500925184123599,0.16195997257511185,0.9327048369203498,0.5590687338948487,0.7302342805110982,0.0903844641838537,0.3929924889615554
204,1.0489729764654812,0.9447286803682029,0.04,0.06424429609727823,-0.27544342164507246,-0.27853069833897015,0.93,0.2,0.14866312139334284,0.8480029979384669,0.8582021798139404,0.506704276159212,0.07879811045880512,0.3423235809867198
