dataset,response_label,group,direction,term,model_series,linear_sign_assumption,horizon,lp_estimate_1sd,lp_ci_low_1sd,lp_ci_high_1sd,lp_shock_sd,model_cum_response_at_model_shock,model_1sd_termshock,gap_model_minus_lp,model_in_lp_ci,sign_match
lp_controls,consumption,PH2M,contractionary,mp_pos_x_ph2m,cP,1.0,0,0.003844544744185,-0.0024835451846079,0.010172634672978,0.0078032329793046,-0.0018198796704112,-0.020978637811369594,-0.024823182555554595,False,False
lp_controls,consumption,PH2M,contractionary,mp_pos_x_ph2m,cP,1.0,1,0.0033056425821559,-0.0026003813347578,0.0092116664990696,0.0078032329793046,-0.0012107670596915,-0.013957100588670092,-0.017262743170825993,False,False
lp_controls,consumption,PH2M,contractionary,mp_pos_x_ph2m,cP,1.0,2,-0.0021614769470905,-0.0087987093839962,0.0044757554898151,0.0078032329793046,-0.0013776458858327,-0.015880793956381443,-0.013719317009290943,False,True
lp_controls,consumption,PH2M,contractionary,mp_pos_x_ph2m,cP,1.0,3,-0.0016789704675766,-0.0068057542996334,0.0034478133644802,0.0078032329793046,-0.0013151255102385,-0.015160091188640127,-0.013481120721063528,False,True
lp_controls,consumption,PH2M,contractionary,mp_pos_x_ph2m,cP,1.0,4,0.001903359651271,-0.0107137509039402,0.0145204702064824,0.0078032329793046,-0.0013213944353301,-0.015232356136208646,-0.017135715787479647,False,False
lp_controls,consumption,PH2M,contractionary,mp_pos_x_ph2m,cP,1.0,5,0.0023634059648987,-0.0071616979468803,0.0118885098766778,0.0078032329793046,-0.0013079578706759,-0.015077466322397044,-0.017440872287295746,False,False
lp_controls,consumption,PH2M,contractionary,mp_pos_x_ph2m,cP,1.0,6,0.0008694275382036738,-0.0086354336374228,0.0103742887138301,0.0078032329793046,-0.0013010268108363,-0.0149975686256493,-0.015866996163852974,False,False
lp_controls,consumption,PH2M,contractionary,mp_pos_x_ph2m,cP,1.0,7,0.0030769149815056,-0.0054495739235532,0.0116034038865644,0.0078032329793046,-0.0012927888778211,-0.014902605966386694,-0.017979520947892295,False,False
lp_controls,consumption,PH2M,contractionary,mp_pos_x_ph2m,cP,1.0,8,-0.0031949160140502,-0.0142494251905979,0.0078595931624974,0.0078032329793046,-0.0012855263109859,-0.014818886827317405,-0.011623970813267204,False,True
lp_controls,consumption,PH2M,contractionary,mp_pos_x_ph2m,cP,1.0,9,0.0064967812837081,-0.0060595497831265,0.0190531123505427,0.0078032329793046,-0.0012785289532378,-0.014738224882343425,-0.021235006166051524,False,False
lp_controls,consumption,PH2M,contractionary,mp_pos_x_ph2m,cP,1.0,10,-0.0019028538252309,-0.0137787007800001,0.0099729931295383,0.0078032329793046,-0.0012719761902759,-0.014662687997638077,-0.012759834172407176,False,True
lp_controls,consumption,PH2M,contractionary,mp_pos_x_ph2m,cP,1.0,11,-0.0043916601905758,-0.0188364306658442,0.0100531102846925,0.0078032329793046,-0.0012657853287523,-0.014591322926773474,-0.010199662736197674,True,True
lp_controls,consumption,PH2M,contractionary,mp_pos_x_ph2m,cP,1.0,12,0.0054176416807116,-0.0136319503430391,0.0244672337044624,0.0078032329793046,-0.0012599531056378,-0.014524092055225495,-0.019941733735937096,False,False
lp_controls,consumption,PH2M,contractionary,mp_pos_x_ph2m,cP,1.0,13,0.0044074059043239,-0.0110051643165023,0.0198199761251502,0.0078032329793046,-0.0012544542899305,-0.014460704532967581,-0.01886811043729148,False,False
lp_controls,consumption,PH2M,contractionary,mp_pos_x_ph2m,cP,1.0,14,-0.0032370191730191,-0.017622863568545,0.0111488252225067,0.0078032329793046,-0.0012492716712192,-0.014400961967221886,-0.011163942794202786,True,True
lp_controls,consumption,PH2M,contractionary,mp_pos_x_ph2m,cP,1.0,15,0.006782240641648,-0.0061554727185509,0.0197199540018471,0.0078032329793046,-0.0012443870795202,-0.014344654903751811,-0.021126895545399812,False,False
lp_controls,consumption,PH2M,contractionary,mp_pos_x_ph2m,cP,1.0,16,-0.0026254404203348,-0.0236405050883329,0.0183896242476632,0.0078032329793046,-0.0012397839693044,-0.014291592614198753,-0.011666152193863953,True,True
lp_controls,consumption,PH2M,contractionary,mp_pos_x_ph2m,cP,1.0,17,0.0020381056607162,-0.0187265935560304,0.0228028048774629,0.0078032329793046,-0.0012354465775973,-0.014241593391091474,-0.016279699051807674,True,False
lp_controls,consumption,PH2M,contractionary,mp_pos_x_ph2m,cP,1.0,18,0.0027597184175956,-0.0168907975376653,0.0224102343728567,0.0078032329793046,-0.0012313601023642,-0.014194486604179038,-0.016954205021774638,True,False
lp_controls,consumption,PH2M,contractionary,mp_pos_x_ph2m,cP,1.0,19,-0.0143372498578476,-0.0364098454411271,0.0077353457254317,0.0078032329793046,-0.0012275105818699,-0.014150111309751403,0.0001871385480961968,True,True
lp_controls,consumption,PH2M,contractionary,mp_pos_x_ph2m,cP,1.0,20,-0.0145744215843933,-0.0344030739336728,0.005254230764886,0.0078032329793046,-0.0012238848658635,-0.014108315918472614,0.0004661056659206863,True,True
lp_controls,consumption,PH2M,contractionary,mp_pos_x_ph2m,cP,1.0,21,-0.0073107629414719,-0.0244056695646041,0.0097841436816602,0.0078032329793046,-0.0012204705620001,-0.01406895757775768,-0.0067581946362857805,True,True
lp_controls,consumption,PH2M,contractionary,mp_pos_x_ph2m,cP,1.0,22,-0.0156911987203406,-0.0360341330107109,0.0046517355700297,0.0078032329793046,-0.001217255991195,-0.014031901657118729,0.001659297063221871,True,True
lp_controls,consumption,PH2M,contractionary,mp_pos_x_ph2m,cP,1.0,23,-0.0250979107849428,-0.0508921986968174,0.0006963771269317025,0.0078032329793046,-0.0012142301406388,-0.013997021206547233,0.011100889578395567,True,True
lp_controls,consumption,PH2M,contractionary,mp_pos_x_ph2m,cP,1.0,24,-0.0072795213903107,-0.0269442212653894,0.0123851784847679,0.0078032329793046,-0.0012113826159311,-0.013964196404735873,-0.006684675014425173,True,True
lp_controls,consumption,PH2M,contractionary,mp_pos_x_ph2m,cP,1.0,25,-0.0125982627245454,-0.0311424557126568,0.005945930263566,0.0078032329793046,-0.0012087035890493,-0.01393331395928963,-0.0013350512347442296,True,True
lp_controls,consumption,PH2M,contractionary,mp_pos_x_ph2m,cP,1.0,26,-0.0063878179897795,-0.0244455710340146,0.0116699350544554,0.0078032329793046,-0.0012061837387812,-0.013904266420063364,-0.007516448430283864,True,True
lp_controls,consumption,PH2M,contractionary,mp_pos_x_ph2m,cP,1.0,27,-0.0214328406150697,-0.040818593412364,-0.0020470878177755,0.0078032329793046,-0.001203814177962,-0.013876951340387368,0.007555889274682334,True,True
lp_controls,consumption,PH2M,contractionary,mp_pos_x_ph2m,cP,1.0,28,-0.0250217868895295,-0.0414872561101131,-0.0085563176689458,0.0078032329793046,-0.0012015863590059,-0.013851270188084167,0.011170516701445332,True,True
lp_controls,consumption,PH2M,contractionary,mp_pos_x_ph2m,cP,1.0,29,-0.026334317606744,-0.043182241390432,-0.0094863938230561,0.0078032329793046,-0.00119949194475,-0.013827126856623375,0.012507190750120627,True,True
lp_controls,consumption,PH2M,contractionary,mp_pos_x_ph2m,cP,1.0,30,-0.0196562041964654,-0.0381025013414578,-0.0012099070514729,0.0078032329793046,-0.0011975226250765,-0.013804425551236616,0.005851778645228784,True,True
lp_controls,consumption,PH2M,contractionary,mp_pos_x_ph2m,cP,1.0,31,-0.0207025609891652,-0.0359784822125685,-0.0054266397657619,0.0078032329793046,-0.0011956698503486,-0.013783067716103542,0.006919493273061657,True,True
lp_controls,consumption,PH2M,contractionary,mp_pos_x_ph2m,cP,1.0,32,-0.0181693008394836,-0.0376692912482592,0.0013306895692919,0.0078032329793046,-0.0011939244396347,-0.013762947518161709,0.004406353321321891,True,True
lp_controls,consumption,PH2M,contractionary,mp_pos_x_ph2m,cP,1.0,33,-0.017722153520696,-0.0323566662998141,-0.003087640741578,0.0078032329793046,-0.0011922760047243,-0.013743945207457791,0.00397820831323821,True,True
lp_controls,consumption,PH2M,contractionary,mp_pos_x_ph2m,cP,1.0,34,-0.0118706323750166,-0.0271882716711255,0.0034470069210923,0.0078032329793046,-0.0011907121112944,-0.013725917447504826,-0.0018552850724882254,True,True
lp_controls,consumption,PH2M,contractionary,mp_pos_x_ph2m,cP,1.0,35,-0.0081375433170314,-0.0229953450969291,0.0067202584628662,0.0078032329793046,-0.0011892170816128,-0.01370868351346102,-0.0055711401964296196,True,True
lp_controls,consumption,PH2M,contractionary,mp_pos_x_ph2m,cP,1.0,36,-0.0185795172833773,-0.0317410757011228,-0.0054179588656319,0.0078032329793046,-0.0011877703437793,-0.01369200626303042,0.004887511020346881,True,True
lp_controls,consumption,PH2M,contractionary,mp_pos_x_ph2m,cP,1.0,37,-0.0201957199344957,-0.0324955076210559,-0.0078959322479356,0.0078032329793046,-0.0011863442869102,-0.01367556741213183,0.0065201525223638705,True,True
lp_controls,consumption,PH2M,contractionary,mp_pos_x_ph2m,cP,1.0,38,-0.0208686352299541,-0.0350994170061397,-0.0066378534537684,0.0078032329793046,-0.0011849017714105,-0.013658938834595902,0.007209696395358199,True,True
lp_controls,consumption,PH2M,contractionary,mp_pos_x_ph2m,cP,1.0,39,-0.0170413687172411,-0.0314209333891485,-0.0026618040453337,0.0078032329793046,-0.0011833939446209,-0.013641557382066046,0.0033998113351750552,True,True
lp_controls,consumption,PH2M,contractionary,mp_pos_x_ph2m,cP,1.0,40,-0.0094494410565816,-0.0235489905767616,0.0046501084635984,0.0078032329793046,-0.0011817601939523,-0.013622724343757036,-0.004173283287175436,True,True
lp_controls,consumption,PH2M,contractionary,mp_pos_x_ph2m,cP,1.0,41,-0.0145884269638441,-0.0292861110860299,0.0001092571583415771,0.0078032329793046,-0.0011799346916643,-0.013601680891298927,0.0009867460725451731,True,True
lp_controls,consumption,PH2M,contractionary,mp_pos_x_ph2m,cP,1.0,42,-0.0192408769462164,-0.0332345277654997,-0.0052472261269332,0.0078032329793046,-0.0011778695874334,-0.013577875430747248,0.005663001515469153,True,True
lp_controls,consumption,PH2M,contractionary,mp_pos_x_ph2m,cP,1.0,43,-0.0086948347307991,-0.0219719713921175,0.0045823019305192,0.0078032329793046,-0.0011755965741195,-0.013551673301107571,-0.004856838570308471,True,True
lp_controls,consumption,PH2M,contractionary,mp_pos_x_ph2m,cP,1.0,44,-0.0085352861816689,-0.0216534799598744,0.0045829075965366,0.0078032329793046,-0.0011733724045569,-0.01352603421713763,-0.00499074803546873,True,True
lp_controls,consumption,PH2M,contractionary,mp_pos_x_ph2m,cP,1.0,45,-0.0129565636300483,-0.0245849998885004,-0.0013281273715963,0.0078032329793046,-0.001172001313157,-0.013510228979927477,-0.000553665349879176,True,True
lp_controls,consumption,PH2M,contractionary,mp_pos_x_ph2m,cP,1.0,46,-0.0152102791746704,-0.027411583690358,-0.0030089746589828,0.0078032329793046,-0.0011734986959154,-0.013527490039031656,0.0016827891356387438,True,True
lp_controls,consumption,PH2M,contractionary,mp_pos_x_ph2m,cP,1.0,47,-0.0164987052869056,-0.0318394168159991,-0.0011579937578121,0.0078032329793046,-0.0011817219123832,-0.013622283053496996,0.002876422233408603,True,True
lp_controls,consumption,PH2M,expansionary,mp_neg_x_ph2m,cP,-1.0,0,-0.0001506999218977006,-0.0116472326528042,0.0113458328090088,0.0115285465340016,-0.0018198796704112,0.030993974275761414,0.031144674197659115,False,False
lp_controls,consumption,PH2M,expansionary,mp_neg_x_ph2m,cP,-1.0,1,0.0022003631432117,-0.0069400836183046,0.0113408099047281,0.0115285465340016,-0.0012107670596915,0.020620310074422978,0.018419946931211278,False,True
lp_controls,consumption,PH2M,expansionary,mp_neg_x_ph2m,cP,-1.0,2,0.00010922945425066572,-0.0125065177314175,0.0127249766399188,0.0115285465340016,-0.0013776458858327,0.023462387014279638,0.02335315756002897,False,True
lp_controls,consumption,PH2M,expansionary,mp_neg_x_ph2m,cP,-1.0,3,0.0011948110312387,-0.0106865364263247,0.0130761584888021,0.0115285465340016,-0.0013151255102385,0.022397616115201604,0.021202805083962904,False,True
lp_controls,consumption,PH2M,expansionary,mp_neg_x_ph2m,cP,-1.0,4,-0.0054485713797103,-0.014844047846605,0.0039469050871844,0.0115285465340016,-0.0013213944353301,0.02250438081299166,0.02795295219270196,False,False
lp_controls,consumption,PH2M,expansionary,mp_neg_x_ph2m,cP,-1.0,5,-0.010383816968945,-0.0210051621131058,0.0002375281752158565,0.0115285465340016,-0.0013079578706759,0.022275545607006432,0.03265936257595143,False,False
lp_controls,consumption,PH2M,expansionary,mp_neg_x_ph2m,cP,-1.0,6,-0.00030714740144542504,-0.0105276642597724,0.0099133694568816,0.0115285465340016,-0.0013010268108363,0.022157504236543852,0.022464651637989278,False,False
lp_controls,consumption,PH2M,expansionary,mp_neg_x_ph2m,cP,-1.0,7,-0.0038250639803339,-0.017818034999273,0.0101679070386052,0.0115285465340016,-0.0012927888778211,0.022017205793679846,0.025842269774013747,False,False
lp_controls,consumption,PH2M,expansionary,mp_neg_x_ph2m,cP,-1.0,8,-0.0110191473297978,-0.0282215723953244,0.0061832777357286,0.0115285465340016,-0.0012855263109859,0.02189351859978129,0.03291266592957909,False,False
lp_controls,consumption,PH2M,expansionary,mp_neg_x_ph2m,cP,-1.0,9,-0.0052626262398174,-0.0152561108735119,0.0047308583938771,0.0115285465340016,-0.0012785289532378,0.021774348124079506,0.027036974363896904,False,False
lp_controls,consumption,PH2M,expansionary,mp_neg_x_ph2m,cP,-1.0,10,-0.00497807975441,-0.0166346659423402,0.0066785064335202,0.0115285465340016,-0.0012719761902759,0.021662749445343563,0.026640829199753562,False,False
lp_controls,consumption,PH2M,expansionary,mp_neg_x_ph2m,cP,-1.0,11,0.0008851632474602591,-0.011648443700018,0.0134187701949385,0.0115285465340016,-0.0012657853287523,0.021557314231176957,0.0206721509837167,False,True
lp_controls,consumption,PH2M,expansionary,mp_neg_x_ph2m,cP,-1.0,12,-0.0014657625493852,-0.0112763741887922,0.0083448490900217,0.0115285465340016,-0.0012599531056378,0.021457986909640105,0.022923749459025304,False,False
lp_controls,consumption,PH2M,expansionary,mp_neg_x_ph2m,cP,-1.0,13,0.0031659841475238,-0.0112991616242354,0.017631129919283,0.0115285465340016,-0.0012544542899305,0.021364337777035256,0.018198353629511457,False,True
lp_controls,consumption,PH2M,expansionary,mp_neg_x_ph2m,cP,-1.0,14,-0.0004369783393019917,-0.0146464123540224,0.0137724556754184,0.0115285465340016,-0.0012492716712192,0.021276073726597886,0.021713052065899876,False,False
lp_controls,consumption,PH2M,expansionary,mp_neg_x_ph2m,cP,-1.0,15,-0.0077648256981586,-0.0208869428284024,0.0053572914320851,0.0115285465340016,-0.0012443870795202,0.021192885309293242,0.028957711007451842,False,False
lp_controls,consumption,PH2M,expansionary,mp_neg_x_ph2m,cP,-1.0,16,0.0039661367669176,-0.0087002614289787,0.0166325349628141,0.0115285465340016,-0.0012397839693044,0.02111449074181903,0.01714835397490143,False,True
lp_controls,consumption,PH2M,expansionary,mp_neg_x_ph2m,cP,-1.0,17,-0.0035780356677492,-0.0173697873029085,0.01021371596741,0.0115285465340016,-0.0012354465775973,0.021040621568389897,0.024618657236139097,False,False
lp_controls,consumption,PH2M,expansionary,mp_neg_x_ph2m,cP,-1.0,18,3.239226081121944e-05,-0.0147986935327931,0.0148634780544156,0.0115285465340016,-0.0012313601023642,0.020971025698776923,0.020938633437965704,False,True
lp_controls,consumption,PH2M,expansionary,mp_neg_x_ph2m,cP,-1.0,19,0.0080292147036458,-0.0079560472689823,0.0240144766762741,0.0115285465340016,-0.0012275105818699,0.02090546535370895,0.01287625065006315,True,True
lp_controls,consumption,PH2M,expansionary,mp_neg_x_ph2m,cP,-1.0,20,0.0086964836476438,-0.0033640026879118,0.0207569699831996,0.0115285465340016,-0.0012238848658635,0.020843716574127175,0.012147232926483375,False,True
lp_controls,consumption,PH2M,expansionary,mp_neg_x_ph2m,cP,-1.0,21,0.0084108404408762,-0.0086813671246512,0.0255030480064036,0.0115285465340016,-0.0012204705620001,0.020785568308704802,0.012374727867828603,True,True
lp_controls,consumption,PH2M,expansionary,mp_neg_x_ph2m,cP,-1.0,22,0.0133858996313068,-0.0047357590124909,0.0315075582751045,0.0115285465340016,-0.001217255991195,0.020730821653494144,0.007344922022187344,True,True
lp_controls,consumption,PH2M,expansionary,mp_neg_x_ph2m,cP,-1.0,23,0.0089286996465647,-0.0079455559717873,0.0258029552649168,0.0115285465340016,-0.0012142301406388,0.020679289051737035,0.011750589405172335,True,True
lp_controls,consumption,PH2M,expansionary,mp_neg_x_ph2m,cP,-1.0,24,0.0109976786246138,-0.0060656305105804,0.0280609877598081,0.0115285465340016,-0.0012113826159311,0.020630793478664276,0.009633114854050476,True,True
lp_controls,consumption,PH2M,expansionary,mp_neg_x_ph2m,cP,-1.0,25,0.0187016948661841,-0.000905044338820344,0.0383084340711886,0.0115285465340016,-0.0012087035890493,0.020585167555363635,0.0018834726891795335,True,True
lp_controls,consumption,PH2M,expansionary,mp_neg_x_ph2m,cP,-1.0,26,0.012290786897048,-0.0072666350038343,0.0318482087979304,0.0115285465340016,-0.0012061837387812,0.020542252534300393,0.008251465637252393,True,True
lp_controls,consumption,PH2M,expansionary,mp_neg_x_ph2m,cP,-1.0,27,0.0151294983485242,-0.0045316263168083,0.0347906230138567,0.0115285465340016,-0.001203814177962,0.020501897060106574,0.005372398711582373,True,True
lp_controls,consumption,PH2M,expansionary,mp_neg_x_ph2m,cP,-1.0,28,0.0197683305974875,0.00010358737667785676,0.0394330738182972,0.0115285465340016,-0.0012015863590059,0.02046395556071018,0.0006956249632226776,True,True
lp_controls,consumption,PH2M,expansionary,mp_neg_x_ph2m,cP,-1.0,29,-0.0038768214081178,-0.0249412170094538,0.0171875741932181,0.0115285465340016,-0.00119949194475,0.02042828604770579,0.02430510745582359,False,False
lp_controls,consumption,PH2M,expansionary,mp_neg_x_ph2m,cP,-1.0,30,-0.0160835695922815,-0.0489333605790073,0.0167662213944442,0.0115285465340016,-0.0011975226250765,0.0203947469932872,0.0364783165855687,False,False
lp_controls,consumption,PH2M,expansionary,mp_neg_x_ph2m,cP,-1.0,31,0.0170527970526313,-0.004065349175053,0.0381709432803156,0.0115285465340016,-0.0011956698503486,0.020363192790452272,0.0033103957378209717,True,True
lp_controls,consumption,PH2M,expansionary,mp_neg_x_ph2m,cP,-1.0,32,-0.009933127781694,-0.0397831498046938,0.0199168942413057,0.0115285465340016,-0.0011939244396347,0.020333467080754647,0.030266594862448648,False,False
lp_controls,consumption,PH2M,expansionary,mp_neg_x_ph2m,cP,-1.0,33,-0.0335325648259405,-0.0777759757015112,0.0107108460496301,0.0115285465340016,-0.0011922760047243,0.020305392944843972,0.05383795777078447,False,False
lp_controls,consumption,PH2M,expansionary,mp_neg_x_ph2m,cP,-1.0,34,0.026955859488442,0.0084469270612017,0.0454647919156823,0.0115285465340016,-0.0011907121112944,0.020278758616473564,-0.006677100871968437,True,True
lp_controls,consumption,PH2M,expansionary,mp_neg_x_ph2m,cP,-1.0,35,0.0091144436961051,-0.0141023491683219,0.0323312365605321,0.0115285465340016,-0.0011892170816128,0.020253297091601133,0.011138853395496032,True,True
lp_controls,consumption,PH2M,expansionary,mp_neg_x_ph2m,cP,-1.0,36,0.0159311189046975,-0.0054724687465087,0.0373347065559038,0.0115285465340016,-0.0011877703437793,0.020228658014675164,0.004297539109977665,True,True
lp_controls,consumption,PH2M,expansionary,mp_neg_x_ph2m,cP,-1.0,37,0.0069190758279575,-0.0178016220277795,0.0316397736836947,0.0115285465340016,-0.0011863442869102,0.020204371150749335,0.013285295322791836,True,True
lp_controls,consumption,PH2M,expansionary,mp_neg_x_ph2m,cP,-1.0,38,-0.0243721722539013,-0.0738157969950434,0.0250714524872407,0.0115285465340016,-0.0011849017714105,0.02017980398347064,0.04455197623737194,True,False
lp_controls,consumption,PH2M,expansionary,mp_neg_x_ph2m,cP,-1.0,39,-0.0353061551376997,-0.1092492229845053,0.0386369127091058,0.0115285465340016,-0.0011833939446209,0.020154124513839217,0.055460279651538914,True,False
lp_controls,consumption,PH2M,expansionary,mp_neg_x_ph2m,cP,-1.0,40,0.0316516143945611,-0.0056627006391101,0.0689659294282323,0.0115285465340016,-0.0011817601939523,0.020126300462052233,-0.011525313932508868,True,True
lp_controls,consumption,PH2M,expansionary,mp_neg_x_ph2m,cP,-1.0,41,0.0209610706620849,-0.0101328516240291,0.0520549929481989,0.0115285465340016,-0.0011799346916643,0.020095210730200992,-0.0008658599318839069,True,True
lp_controls,consumption,PH2M,expansionary,mp_neg_x_ph2m,cP,-1.0,42,0.0169742536054742,-0.0107325285189616,0.0446810357299102,0.0115285465340016,-0.0011778695874334,0.020060040389848315,0.0030857867843741144,True,True
lp_controls,consumption,PH2M,expansionary,mp_neg_x_ph2m,cP,-1.0,43,0.0239975202282708,-0.0030906847449518,0.0510857252014936,0.0115285465340016,-0.0011755965741195,0.020021329195188085,-0.003976191033082714,True,True
lp_controls,consumption,PH2M,expansionary,mp_neg_x_ph2m,cP,-1.0,44,0.0304484716892417,0.0019396859720397,0.0589572574064437,0.0115285465340016,-0.0011733724045569,0.019983449847817508,-0.010465021841424192,True,True
lp_controls,consumption,PH2M,expansionary,mp_neg_x_ph2m,cP,-1.0,45,0.0219687051865799,0.0001608527534185576,0.0437765576197412,0.0115285465340016,-0.001172001313157,0.019960099088825508,-0.002008606097754391,True,True
lp_controls,consumption,PH2M,expansionary,mp_neg_x_ph2m,cP,-1.0,46,0.0444489250396069,0.0165006142903158,0.0723972357888979,0.0115285465340016,-0.0011734986959154,0.01998560068843639,-0.02446332435117051,True,True
lp_controls,consumption,PH2M,expansionary,mp_neg_x_ph2m,cP,-1.0,47,0.0218155959557581,-0.0044880205694698,0.0481192124809861,0.0115285465340016,-0.0011817219123832,0.020125648496987066,-0.0016899474587710357,True,True
lp_controls,consumption,WH2M,contractionary,mp_pos_x_wh2m,cW,1.0,0,0.00042999910612112895,-0.0096131334093008,0.010473131621543,0.0091442313928424,-0.0011795816583507,-0.01593438315751399,-0.01636438226363512,False,False
lp_controls,consumption,WH2M,contractionary,mp_pos_x_wh2m,cW,1.0,1,-0.0103894651221423,-0.0238872072569787,0.0031082770126939,0.0091442313928424,-0.0013635280028633,-0.018419223026918268,-0.008029757904775968,True,True
lp_controls,consumption,WH2M,contractionary,mp_pos_x_wh2m,cW,1.0,2,-0.0128259325166562,-0.0311224426722586,0.0054705776389461,0.0091442313928424,-0.001769875310042,-0.02390836711607161,-0.01108243459941541,True,True
lp_controls,consumption,WH2M,contractionary,mp_pos_x_wh2m,cW,1.0,3,-0.016383339012677,-0.032514914637209,-0.0002517633881450373,0.0091442313928424,-0.0020840053215316,-0.028151793528235595,-0.011768454515558597,True,True
lp_controls,consumption,WH2M,contractionary,mp_pos_x_wh2m,cW,1.0,4,-0.0127030560782922,-0.0252764697196485,-0.0001296424369360236,0.0091442313928424,-0.0024007300729296,-0.03243027099396747,-0.019727214915675268,False,True
lp_controls,consumption,WH2M,contractionary,mp_pos_x_wh2m,cW,1.0,5,-0.0158474508783842,-0.0319339223066094,0.00023902054984098448,0.0091442313928424,-0.0026933260157044,-0.03638280435992927,-0.02053535348154507,False,True
lp_controls,consumption,WH2M,contractionary,mp_pos_x_wh2m,cW,1.0,6,-0.016119205663651,-0.0300942788743011,-0.002144132453001,0.0091442313928424,-0.0029710413102255,-0.040134322434386645,-0.024015116770735645,False,True
lp_controls,consumption,WH2M,contractionary,mp_pos_x_wh2m,cW,1.0,7,-0.0144448088227196,-0.0300373709749448,0.0011477533295054,0.0091442313928424,-0.0032323783298957,-0.04366459452295931,-0.029219785700239708,False,True
lp_controls,consumption,WH2M,contractionary,mp_pos_x_wh2m,cW,1.0,8,-0.0158513592073013,-0.0324159379135885,0.0007132194989858258,0.0091442313928424,-0.0034789559132873,-0.046995488712437694,-0.031144129505136394,False,True
lp_controls,consumption,WH2M,contractionary,mp_pos_x_wh2m,cW,1.0,9,-0.0217506403459489,-0.0391089858334383,-0.0043922948584595,0.0091442313928424,-0.0037114013632349,-0.05013547892546337,-0.02838483857951447,False,True
lp_controls,consumption,WH2M,contractionary,mp_pos_x_wh2m,cW,1.0,10,-0.0261482229781872,-0.0448683950281304,-0.0074280509282439,0.0091442313928424,-0.0039305728036315,-0.053096157131791805,-0.026947934153604605,False,True
lp_controls,consumption,WH2M,contractionary,mp_pos_x_wh2m,cW,1.0,11,-0.0193374645695137,-0.0388069148761136,0.00013198573708612853,0.0091442313928424,-0.0041372001546698,-0.05588738346102278,-0.03654991889150908,False,True
lp_controls,consumption,WH2M,contractionary,mp_pos_x_wh2m,cW,1.0,12,-0.0185522246098412,-0.0358362829222307,-0.0012681662974517,0.0091442313928424,-0.0043319949952267,-0.05851877027902438,-0.03996654566918317,False,True
lp_controls,consumption,WH2M,contractionary,mp_pos_x_wh2m,cW,1.0,13,-0.0276619257390067,-0.045851817262269,-0.0094720342157444,0.0091442313928424,-0.004515621144579,-0.060999284790931536,-0.033337359051924836,False,True
lp_controls,consumption,WH2M,contractionary,mp_pos_x_wh2m,cW,1.0,14,-0.0253136127656957,-0.0436577449646698,-0.0069694805667215,0.0091442313928424,-0.0046887063774955,-0.06333740729451076,-0.03802379452881506,False,True
lp_controls,consumption,WH2M,contractionary,mp_pos_x_wh2m,cW,1.0,15,-0.0277655638962105,-0.0475845287030681,-0.007946599089353,0.0091442313928424,-0.0048518417659747,-0.0655411222880213,-0.03777555839181079,False,True
lp_controls,consumption,WH2M,contractionary,mp_pos_x_wh2m,cW,1.0,16,-0.0230129864643124,-0.0445807689379022,-0.0014452039907226,0.0091442313928424,-0.0050055845291485,-0.06761795696814983,-0.04460497050383743,False,True
lp_controls,consumption,WH2M,contractionary,mp_pos_x_wh2m,cW,1.0,17,-0.0239909400551995,-0.0460502368058791,-0.00193164330452,0.0091442313928424,-0.0051504596893999,-0.06957500360168244,-0.045584063546482936,False,True
lp_controls,consumption,WH2M,contractionary,mp_pos_x_wh2m,cW,1.0,18,-0.0282859385221194,-0.0509060229469998,-0.0056658540972389,0.0091442313928424,-0.0052869619379609,-0.07141894472694069,-0.043133006204821286,False,True
lp_controls,consumption,WH2M,contractionary,mp_pos_x_wh2m,cW,1.0,19,-0.025950023481569,-0.0494276579191302,-0.0024723890440079,0.0091442313928424,-0.0054155573017294,-0.07315607566998386,-0.047206052188414865,False,True
lp_controls,consumption,WH2M,contractionary,mp_pos_x_wh2m,cW,1.0,20,-0.0224822105086218,-0.0449446043070784,-1.9816710165135653e-05,0.0091442313928424,-0.0055366847399071,-0.07479232611279782,-0.05231011560417602,False,True
lp_controls,consumption,WH2M,contractionary,mp_pos_x_wh2m,cW,1.0,21,-0.0327056690173986,-0.0547845113452305,-0.0106268266895666,0.0091442313928424,-0.0056507576393159,-0.07633328029278215,-0.043627611275383546,False,True
lp_controls,consumption,WH2M,contractionary,mp_pos_x_wh2m,cW,1.0,22,-0.0313698808515347,-0.0560021910302418,-0.0067375706728276,0.0091442313928424,-0.0057581652241458,-0.07778419604633482,-0.046414315194800125,False,True
lp_controls,consumption,WH2M,contractionary,mp_pos_x_wh2m,cW,1.0,23,-0.0194719228670442,-0.0458945009693006,0.0069506552352121,0.0091442313928424,-0.0058592738814593,-0.07915002271443321,-0.059678099847389005,False,True
lp_controls,consumption,WH2M,contractionary,mp_pos_x_wh2m,cW,1.0,24,-0.042945453896272,-0.0674528226318251,-0.0184380851607189,0.0091442313928424,-0.0059544284074988,-0.08043541797838215,-0.037489964082110146,False,True
lp_controls,consumption,WH2M,contractionary,mp_pos_x_wh2m,cW,1.0,25,-0.0391875709465277,-0.0636038698866177,-0.0147712720064377,0.0091442313928424,-0.0060439531780919,-0.08164476367023835,-0.042457192723710645,False,True
lp_controls,consumption,WH2M,contractionary,mp_pos_x_wh2m,cW,1.0,26,-0.0314425089374292,-0.0584445649374952,-0.0044404529373632,0.0091442313928424,-0.0061281532461837,-0.08278218059882932,-0.05133967166140012,False,True
lp_controls,consumption,WH2M,contractionary,mp_pos_x_wh2m,cW,1.0,27,-0.0335394416470242,-0.0573133933541103,-0.009765489939938,0.0091442313928424,-0.0062073153685869,-0.08385154241961103,-0.050312100772586826,False,True
lp_controls,consumption,WH2M,contractionary,mp_pos_x_wh2m,cW,1.0,28,-0.0401747746923626,-0.0637488097004444,-0.0166007396842808,0.0091442313928424,-0.006281708962959,-0.08485648856199779,-0.04468171386963519,False,True
lp_controls,consumption,WH2M,contractionary,mp_pos_x_wh2m,cW,1.0,29,-0.0150593301445933,-0.0510145041447436,0.0208958438555569,0.0091442313928424,-0.0063515869944531,-0.08580043620668792,-0.07074110606209462,False,True
lp_controls,consumption,WH2M,contractionary,mp_pos_x_wh2m,cW,1.0,30,-0.0212150824460297,-0.0517143784365832,0.0092842135445238,0.0091442313928424,-0.0064171867893215,-0.0866865912762309,-0.06547150883020121,False,True
lp_controls,consumption,WH2M,contractionary,mp_pos_x_wh2m,cW,1.0,31,-0.0193119431185437,-0.0468169948748226,0.0081931086377352,0.0091442313928424,-0.0064787307697434,-0.08751795836145015,-0.06820601524290645,False,True
lp_controls,consumption,WH2M,contractionary,mp_pos_x_wh2m,cW,1.0,32,-0.0198295247177624,-0.048576231749562,0.008917182314037,0.0091442313928424,-0.0065364271000844,-0.0882973494514417,-0.0684678247336793,False,True
lp_controls,consumption,WH2M,contractionary,mp_pos_x_wh2m,cW,1.0,33,-0.0194355391979437,-0.0493796252778324,0.0105085468819448,0.0091442313928424,-0.0065904702296303,-0.08902739126509586,-0.06959185206715215,False,True
lp_controls,consumption,WH2M,contractionary,mp_pos_x_wh2m,cW,1.0,34,-0.0206640794122194,-0.0563989988894719,0.0150708400650331,0.0091442313928424,-0.0066410413110057,-0.08971053090330637,-0.06904645149108697,False,True
lp_controls,consumption,WH2M,contractionary,mp_pos_x_wh2m,cW,1.0,35,-0.0213613057675434,-0.0524948789638729,0.0097722674287861,0.0091442313928424,-0.0066883084687288,-0.09034903947674384,-0.06898773370920044,False,True
lp_controls,consumption,WH2M,contractionary,mp_pos_x_wh2m,cW,1.0,36,-0.0220638913765131,-0.0597215478408937,0.0155937650878675,0.0091442313928424,-0.006732426893419,-0.09094501337845957,-0.06888112200194647,False,True
lp_controls,consumption,WH2M,contractionary,mp_pos_x_wh2m,cW,1.0,37,-0.0174454402042331,-0.0570618406764692,0.0221709602680029,0.0091442313928424,-0.0067735387554789,-0.09150037311785843,-0.07405493291362533,False,True
lp_controls,consumption,WH2M,contractionary,mp_pos_x_wh2m,cW,1.0,38,-0.0066231893674791,-0.0391013085281686,0.0258549297932103,0.0091442313928424,-0.0068117729931604,-0.09201686045778903,-0.08539367109030993,False,True
lp_controls,consumption,WH2M,contractionary,mp_pos_x_wh2m,cW,1.0,39,-0.005140801909369,-0.0366537837044219,0.0263721798856837,0.0091442313928424,-0.006847245188786,-0.09249603674247873,-0.08735523483310974,False,True
lp_controls,consumption,WH2M,contractionary,mp_pos_x_wh2m,cW,1.0,40,-0.0029757327203889,-0.0433183447413873,0.0373668793006094,0.0091442313928424,-0.0068800581185128,-0.0929392903240226,-0.0899635576036337,False,True
lp_controls,consumption,WH2M,contractionary,mp_pos_x_wh2m,cW,1.0,41,-0.0101853688607346,-0.0490871416282618,0.0287164039067925,0.0091442313928424,-0.0069103043815224,-0.09334787207880488,-0.08316250321807028,False,True
lp_controls,consumption,WH2M,contractionary,mp_pos_x_wh2m,cW,1.0,42,-0.0127655358251734,-0.0471771249969347,0.0216460533465877,0.0091442313928424,-0.0069380742618658,-0.09372300160925955,-0.08095746578408615,False,True
lp_controls,consumption,WH2M,contractionary,mp_pos_x_wh2m,cW,1.0,43,-0.0022624239098873,-0.0313908257244804,0.0268659779047056,0.0091442313928424,-0.0069634756072908,-0.0940661357770833,-0.09180371186719599,False,True
lp_controls,consumption,WH2M,contractionary,mp_pos_x_wh2m,cW,1.0,44,-0.0097373902230348,-0.0405947460572377,0.0211199656111681,0.0091442313928424,-0.0069866799032792,-0.09437959109453585,-0.08464220087150105,False,True
lp_controls,consumption,WH2M,contractionary,mp_pos_x_wh2m,cW,1.0,45,-0.0093809423869822,-0.0440245713868506,0.0252626866128861,0.0091442313928424,-0.0070080229185997,-0.09466790329526051,-0.08528696090827831,False,True
lp_controls,consumption,WH2M,contractionary,mp_pos_x_wh2m,cW,1.0,46,0.0060877009461838,-0.021134755174678,0.0333101570670458,0.0091442313928424,-0.0070281957515973,-0.09494040808378505,-0.10102810902996885,False,False
lp_controls,consumption,WH2M,contractionary,mp_pos_x_wh2m,cW,1.0,47,0.0059975601192482,-0.0217561221311997,0.0337512423696962,0.0091442313928424,-0.0070479676591728,-0.09520749696977493,-0.10120505708902312,False,False
lp_controls,consumption,WH2M,expansionary,mp_neg_x_wh2m,cW,-1.0,0,0.0023135019679142,-0.0064994154056968,0.0111264193415254,0.0135063367525997,-0.0011795816583507,0.023535618864456494,0.021222116896542294,False,True
lp_controls,consumption,WH2M,expansionary,mp_neg_x_wh2m,cW,-1.0,1,1.757703656264918e-05,-0.0150468908687192,0.0150820449418445,0.0135063367525997,-0.0013635280028633,0.027205810771315918,0.027188233734753268,False,True
lp_controls,consumption,WH2M,expansionary,mp_neg_x_wh2m,cW,-1.0,2,0.0086453733396555,-0.0035337265990393,0.0208244732783504,0.0135063367525997,-0.001769875310042,0.0353134608696805,0.026668087530025,False,True
lp_controls,consumption,WH2M,expansionary,mp_neg_x_wh2m,cW,-1.0,3,0.0077340724679068,-0.0015001675915437,0.0169683125273573,0.0135063367525997,-0.0020840053215316,0.04158114413854706,0.033847071670640265,False,True
lp_controls,consumption,WH2M,expansionary,mp_neg_x_wh2m,cW,-1.0,4,0.0058211721223837,-0.0095265014959512,0.0211688457407187,0.0135063367525997,-0.0024007300729296,0.04790059899024911,0.04207942686786541,False,True
lp_controls,consumption,WH2M,expansionary,mp_neg_x_wh2m,cW,-1.0,5,0.0068581407456099,-0.0083852341404279,0.0221015156316477,0.0135063367525997,-0.0026933260157044,0.053738623464165275,0.046880482718555376,False,True
lp_controls,consumption,WH2M,expansionary,mp_neg_x_wh2m,cW,-1.0,6,0.0065307005191165,-0.009463542543098,0.0225249435813311,0.0135063367525997,-0.0029710413102255,0.05927974160414878,0.05274904108503228,False,True
lp_controls,consumption,WH2M,expansionary,mp_neg_x_wh2m,cW,-1.0,7,0.021854251771301,0.003730074239693,0.0399784293029091,0.0135063367525997,-0.0032323783298957,0.06449407199542563,0.04263982022412463,False,True
lp_controls,consumption,WH2M,expansionary,mp_neg_x_wh2m,cW,-1.0,8,0.0172649913199548,0.0011886078692424,0.0333413747706672,0.0135063367525997,-0.0034789559132873,0.06941391453632928,0.05214892321637448,False,True
lp_controls,consumption,WH2M,expansionary,mp_neg_x_wh2m,cW,-1.0,9,0.0028685248675897,-0.0133321371555125,0.019069186890692,0.0135063367525997,-0.0037114013632349,0.07405178549508346,0.07118326062749375,False,True
lp_controls,consumption,WH2M,expansionary,mp_neg_x_wh2m,cW,-1.0,10,0.0011666386961443,-0.0207980777022313,0.0231313550945201,0.0135063367525997,-0.0039305728036315,0.07842480660017655,0.07725816790403224,False,True
lp_controls,consumption,WH2M,expansionary,mp_neg_x_wh2m,cW,-1.0,11,0.0012026062774655,-0.0178799258881515,0.0202851384430827,0.0135063367525997,-0.0041372001546698,0.08254754159404659,0.08134493531658109,False,True
lp_controls,consumption,WH2M,expansionary,mp_neg_x_wh2m,cW,-1.0,12,-0.0015814141587411,-0.0234218840887888,0.0202590557713065,0.0135063367525997,-0.0043319949952267,0.08643418826378205,0.08801560242252315,False,False
lp_controls,consumption,WH2M,expansionary,mp_neg_x_wh2m,cW,-1.0,13,0.0076418425725389,-0.0188615124480456,0.0341451975931236,0.0135063367525997,-0.004515621144579,0.09009799147240959,0.08245614889987068,False,True
lp_controls,consumption,WH2M,expansionary,mp_neg_x_wh2m,cW,-1.0,14,0.0181096767667405,-0.0027068517939883,0.0389262053274695,0.0135063367525997,-0.0046887063774955,0.09355147690442644,0.07544180013768595,False,True
lp_controls,consumption,WH2M,expansionary,mp_neg_x_wh2m,cW,-1.0,15,0.0207692790634977,-0.0014137166467313,0.0429522747737268,0.0135063367525997,-0.0048518417659747,0.09680643793181297,0.07603715886831527,False,True
lp_controls,consumption,WH2M,expansionary,mp_neg_x_wh2m,cW,-1.0,16,0.0056754358042406,-0.0140701340768461,0.0254210056853273,0.0135063367525997,-0.0050055845291485,0.09987399247677449,0.09419855667253389,False,True
lp_controls,consumption,WH2M,expansionary,mp_neg_x_wh2m,cW,-1.0,17,0.0111391215181614,-0.0116590248086472,0.0339372678449701,0.0135063367525997,-0.0051504596893999,0.10276461605545197,0.09162549453729056,False,True
lp_controls,consumption,WH2M,expansionary,mp_neg_x_wh2m,cW,-1.0,18,0.0167878389124388,-0.0050207963810299,0.0385964742059077,0.0135063367525997,-0.0052869619379609,0.10548817900128903,0.08870034008885022,False,True
lp_controls,consumption,WH2M,expansionary,mp_neg_x_wh2m,cW,-1.0,19,0.0168338348561618,-0.0043507628038295,0.0380184325161533,0.0135063367525997,-0.0054155573017294,0.10805397972221863,0.09122014486605683,False,True
lp_controls,consumption,WH2M,expansionary,mp_neg_x_wh2m,cW,-1.0,20,0.0227931377374094,0.0011048907992024,0.0444813846756165,0.0135063367525997,-0.0055366847399071,0.1104707765576021,0.0876776388201927,False,True
lp_controls,consumption,WH2M,expansionary,mp_neg_x_wh2m,cW,-1.0,21,0.0293703930694897,0.0075413985743627,0.0511993875646166,0.0135063367525997,-0.0056507576393159,0.11274681761354974,0.08337642454406004,False,True
lp_controls,consumption,WH2M,expansionary,mp_neg_x_wh2m,cW,-1.0,22,0.0146524472432821,-0.0086164127572878,0.0379213072438521,0.0135063367525997,-0.0057581652241458,0.11488986889093468,0.10023742164765258,False,True
lp_controls,consumption,WH2M,expansionary,mp_neg_x_wh2m,cW,-1.0,23,0.0231147052091428,-0.0054408955717152,0.051670305990001,0.0135063367525997,-0.0058592738814593,0.1169072407325372,0.0937925355233944,False,True
lp_controls,consumption,WH2M,expansionary,mp_neg_x_wh2m,cW,-1.0,24,0.0216347820142919,-0.0073461380058082,0.0506157020343921,0.0135063367525997,-0.0059544284074988,0.11880581269000978,0.09717103067571789,False,True
lp_controls,consumption,WH2M,expansionary,mp_neg_x_wh2m,cW,-1.0,25,0.0297908691553504,0.0061062547075011,0.0534754836031998,0.0135063367525997,-0.0060439531780919,0.1205920568764048,0.0908011877210544,False,True
lp_controls,consumption,WH2M,expansionary,mp_neg_x_wh2m,cW,-1.0,26,0.0268628464440135,0.0045238406885793,0.0492018521994477,0.0135063367525997,-0.0061281532461837,0.12227205986470212,0.09540921342068862,False,True
lp_controls,consumption,WH2M,expansionary,mp_neg_x_wh2m,cW,-1.0,27,0.0210126538612013,-0.006258034767922,0.0482833424903248,0.0135063367525997,-0.0062073153685869,0.12385154317405453,0.10283888931285323,False,True
lp_controls,consumption,WH2M,expansionary,mp_neg_x_wh2m,cW,-1.0,28,0.0268840003142986,0.0025136748615739,0.0512543257670233,0.0135063367525997,-0.006281708962959,0.125335882363888,0.0984518820495894,False,True
lp_controls,consumption,WH2M,expansionary,mp_neg_x_wh2m,cW,-1.0,29,0.0205696765448856,-0.0058832132729422,0.0470225663627135,0.0135063367525997,-0.0063515869944531,0.1267301247248138,0.10616044817992819,False,True
lp_controls,consumption,WH2M,expansionary,mp_neg_x_wh2m,cW,-1.0,30,0.0242381034292107,-0.0067686485264272,0.0552448553848487,0.0135063367525997,-0.0064171867893215,0.12803900551206504,0.10380090208285433,False,True
lp_controls,consumption,WH2M,expansionary,mp_neg_x_wh2m,cW,-1.0,31,0.0113702015376487,-0.012176995534063,0.0349173986093606,0.0135063367525997,-0.0064787307697434,0.12926696260715642,0.11789676106950772,False,True
lp_controls,consumption,WH2M,expansionary,mp_neg_x_wh2m,cW,-1.0,32,0.0179375762539333,-0.0061302076899581,0.0420053601978248,0.0135063367525997,-0.0065364271000844,0.1304181494123855,0.1124805731584522,False,True
lp_controls,consumption,WH2M,expansionary,mp_neg_x_wh2m,cW,-1.0,33,0.0347678180838283,0.0095424939561497,0.0599931422115069,0.0135063367525997,-0.0065904702296303,0.13149644567973603,0.09672862759590774,False,True
lp_controls,consumption,WH2M,expansionary,mp_neg_x_wh2m,cW,-1.0,34,0.0107525778992633,-0.0290749205175754,0.050580076316102,0.0135063367525997,-0.0066410413110057,0.13250546585938094,0.12175288796011764,False,True
lp_controls,consumption,WH2M,expansionary,mp_neg_x_wh2m,cW,-1.0,35,-0.0105521094793174,-0.0508590809113972,0.0297548619527622,0.0135063367525997,-0.0066883084687288,0.1334485644580252,0.1440006739373426,False,False
lp_controls,consumption,WH2M,expansionary,mp_neg_x_wh2m,cW,-1.0,36,-0.0208796407906187,-0.0544155397325098,0.0126562581512723,0.0135063367525997,-0.006732426893419,0.1343288379185846,0.1552084787092033,False,False
lp_controls,consumption,WH2M,expansionary,mp_neg_x_wh2m,cW,-1.0,37,-0.0022319020901321,-0.0420132206217978,0.0375494164415335,0.0135063367525997,-0.0067735387554789,0.1351491228979245,0.1373810249880566,False,False
lp_controls,consumption,WH2M,expansionary,mp_neg_x_wh2m,cW,-1.0,38,0.0031680068753723,-0.0366213920981258,0.0429574058488704,0.0135063367525997,-0.0068117729931604,0.13591199203824586,0.13274398516287356,False,True
lp_controls,consumption,WH2M,expansionary,mp_neg_x_wh2m,cW,-1.0,39,0.0141031278571456,-0.0339746295963897,0.0621808853106811,0.0135063367525997,-0.006847245188786,0.13661975149738909,0.12251662364024349,False,True
lp_controls,consumption,WH2M,expansionary,mp_neg_x_wh2m,cW,-1.0,40,-0.0267521584666595,-0.097282271571151,0.043777954637832,0.0135063367525997,-0.0068800581185128,0.13727445191800763,0.16402661038466715,False,False
lp_controls,consumption,WH2M,expansionary,mp_neg_x_wh2m,cW,-1.0,41,-0.0289050343838246,-0.0921114260628782,0.0343013572952288,0.0135063367525997,-0.0069103043815224,0.13787794088651484,0.16678297527033945,False,False
lp_controls,consumption,WH2M,expansionary,mp_neg_x_wh2m,cW,-1.0,42,-0.0350464642458301,-0.0997694167056936,0.0296764882140334,0.0135063367525997,-0.0069380742618658,0.1384320197966495,0.17347848404247962,False,False
lp_controls,consumption,WH2M,expansionary,mp_neg_x_wh2m,cW,-1.0,43,-0.0297516167362193,-0.0956665162200092,0.0361632827475704,0.0135063367525997,-0.0069634756072908,0.13893884048204666,0.16869045721826595,False,False
lp_controls,consumption,WH2M,expansionary,mp_neg_x_wh2m,cW,-1.0,44,-0.0252495634540723,-0.0861982555462232,0.0356991286380786,0.0135063367525997,-0.0069866799032792,0.13940182450908267,0.16465138796315498,False,False
lp_controls,consumption,WH2M,expansionary,mp_neg_x_wh2m,cW,-1.0,45,-0.0335806306326536,-0.1073105374694022,0.0401492762040949,0.0135063367525997,-0.0070080229185997,0.13982767130861998,0.17340830194127357,False,False
lp_controls,consumption,WH2M,expansionary,mp_neg_x_wh2m,cW,-1.0,46,-0.0324935986361654,-0.1122566468389976,0.0472694495666667,0.0135063367525997,-0.0070281957515973,0.14023017002965948,0.1727237686658249,False,False
lp_controls,consumption,WH2M,expansionary,mp_neg_x_wh2m,cW,-1.0,47,-0.0140151683338975,-0.0704861985537289,0.0424558618859339,0.0135063367525997,-0.0070479676591728,0.14062466928083545,0.15463983761473293,False,False
lp_income,income,PH2M,contractionary,mp_pos_x_ph2m,cP,1.0,0,-0.0160633151498368,-0.0321902686421612,6.36383424876653e-05,0.0078032329793046,-0.0018198796704112,-0.020978637811369594,-0.004915322661532794,True,True
lp_income,income,PH2M,contractionary,mp_pos_x_ph2m,cP,1.0,1,-0.0125601717422333,-0.0279032222800165,0.0027828787955498,0.0078032329793046,-0.0012107670596915,-0.013957100588670092,-0.0013969288464367926,True,True
lp_income,income,PH2M,contractionary,mp_pos_x_ph2m,cP,1.0,2,0.0073852675265257,-0.007831996530973,0.0226025315840245,0.0078032329793046,-0.0013776458858327,-0.015880793956381443,-0.023266061482907142,False,False
lp_income,income,PH2M,contractionary,mp_pos_x_ph2m,cP,1.0,3,-0.0039592427720342,-0.0151380564516605,0.007219570907592,0.0078032329793046,-0.0013151255102385,-0.015160091188640127,-0.011200848416605926,False,True
lp_income,income,PH2M,contractionary,mp_pos_x_ph2m,cP,1.0,4,-0.0016190290626198,-0.0104241920283681,0.0071861339031285,0.0078032329793046,-0.0013213944353301,-0.015232356136208646,-0.013613327073588845,False,True
lp_income,income,PH2M,contractionary,mp_pos_x_ph2m,cP,1.0,5,0.002699952753122,-0.0093358092792705,0.0147357147855145,0.0078032329793046,-0.0013079578706759,-0.015077466322397044,-0.017777419075519045,False,False
lp_income,income,PH2M,contractionary,mp_pos_x_ph2m,cP,1.0,6,-0.0148595738749748,-0.0257343296524696,-0.0039848180974799,0.0078032329793046,-0.0013010268108363,-0.0149975686256493,-0.00013799475067450065,True,True
lp_income,income,PH2M,contractionary,mp_pos_x_ph2m,cP,1.0,7,-0.0176408810340193,-0.0364964785201555,0.0012147164521167,0.0078032329793046,-0.0012927888778211,-0.014902605966386694,0.0027382750676326045,True,True
lp_income,income,PH2M,contractionary,mp_pos_x_ph2m,cP,1.0,8,-0.0239742016613012,-0.0361879510581999,-0.0117604522644025,0.0078032329793046,-0.0012855263109859,-0.014818886827317405,0.009155314833983793,True,True
lp_income,income,PH2M,contractionary,mp_pos_x_ph2m,cP,1.0,9,-0.0098658305923757,-0.020451290708355,0.0007196295236035516,0.0078032329793046,-0.0012785289532378,-0.014738224882343425,-0.0048723942899677256,True,True
lp_income,income,PH2M,contractionary,mp_pos_x_ph2m,cP,1.0,10,-0.0177131403840232,-0.0409240781762887,0.0054977974082421,0.0078032329793046,-0.0012719761902759,-0.014662687997638077,0.003050452386385124,True,True
lp_income,income,PH2M,contractionary,mp_pos_x_ph2m,cP,1.0,11,-0.0081399870511015,-0.023089284660786,0.0068093105585828,0.0078032329793046,-0.0012657853287523,-0.014591322926773474,-0.006451335875671975,True,True
lp_income,income,PH2M,contractionary,mp_pos_x_ph2m,cP,1.0,12,-0.0025864066774957,-0.0121365334547079,0.0069637200997164,0.0078032329793046,-0.0012599531056378,-0.014524092055225495,-0.011937685377729795,False,True
lp_income,income,PH2M,contractionary,mp_pos_x_ph2m,cP,1.0,13,-0.0133924746173513,-0.0333357990440775,0.0065508498093748,0.0078032329793046,-0.0012544542899305,-0.014460704532967581,-0.0010682299156162811,True,True
lp_income,income,PH2M,contractionary,mp_pos_x_ph2m,cP,1.0,14,-0.0260926373332507,-0.0435470037539393,-0.0086382709125621,0.0078032329793046,-0.0012492716712192,-0.014400961967221886,0.011691675366028813,True,True
lp_income,income,PH2M,contractionary,mp_pos_x_ph2m,cP,1.0,15,-0.0007996539653892821,-0.0134561474806808,0.0118568395499022,0.0078032329793046,-0.0012443870795202,-0.014344654903751811,-0.01354500093836253,False,True
lp_income,income,PH2M,contractionary,mp_pos_x_ph2m,cP,1.0,16,-0.0187362210178293,-0.0345365822035892,-0.0029358598320695,0.0078032329793046,-0.0012397839693044,-0.014291592614198753,0.004444628403630548,True,True
lp_income,income,PH2M,contractionary,mp_pos_x_ph2m,cP,1.0,17,-0.0339497309833431,-0.0521471239094173,-0.0157523380572688,0.0078032329793046,-0.0012354465775973,-0.014241593391091474,0.019708137592251623,False,True
lp_income,income,PH2M,contractionary,mp_pos_x_ph2m,cP,1.0,18,-0.0063178487498963,-0.0206310191865466,0.0079953216867539,0.0078032329793046,-0.0012313601023642,-0.014194486604179038,-0.007876637854282737,True,True
lp_income,income,PH2M,contractionary,mp_pos_x_ph2m,cP,1.0,19,-0.0071202110082323,-0.0234412591208784,0.0092008371044137,0.0078032329793046,-0.0012275105818699,-0.014150111309751403,-0.0070299003015191035,True,True
lp_income,income,PH2M,contractionary,mp_pos_x_ph2m,cP,1.0,20,-0.0079062052464679,-0.0272786146508664,0.0114662041579306,0.0078032329793046,-0.0012238848658635,-0.014108315918472614,-0.006202110672004714,True,True
lp_income,income,PH2M,contractionary,mp_pos_x_ph2m,cP,1.0,21,0.0042434480720853,-0.0100145681429415,0.0185014642871123,0.0078032329793046,-0.0012204705620001,-0.01406895757775768,-0.018312405649842982,False,False
lp_income,income,PH2M,contractionary,mp_pos_x_ph2m,cP,1.0,22,-0.0106597993074853,-0.0301730748506782,0.0088534762357076,0.0078032329793046,-0.001217255991195,-0.014031901657118729,-0.003372102349633428,True,True
lp_income,income,PH2M,contractionary,mp_pos_x_ph2m,cP,1.0,23,-0.0136291249296838,-0.0266694044318772,-0.0005888454274905553,0.0078032329793046,-0.0012142301406388,-0.013997021206547233,-0.0003678962768634327,True,True
lp_income,income,PH2M,contractionary,mp_pos_x_ph2m,cP,1.0,24,0.0060631442752831,-0.0067500001162945,0.0188762886668607,0.0078032329793046,-0.0012113826159311,-0.013964196404735873,-0.020027340680018973,False,False
lp_income,income,PH2M,contractionary,mp_pos_x_ph2m,cP,1.0,25,-0.0039074645203028,-0.0135142434582033,0.0056993144175976,0.0078032329793046,-0.0012087035890493,-0.01393331395928963,-0.01002584943898683,False,True
lp_income,income,PH2M,contractionary,mp_pos_x_ph2m,cP,1.0,26,-0.0122324334814753,-0.0215500947652795,-0.0029147721976712,0.0078032329793046,-0.0012061837387812,-0.013904266420063364,-0.0016718329385880647,True,True
lp_income,income,PH2M,contractionary,mp_pos_x_ph2m,cP,1.0,27,6.446101827747733e-05,-0.0154584352312321,0.0155873572677871,0.0078032329793046,-0.001203814177962,-0.013876951340387368,-0.013941412358664845,True,False
lp_income,income,PH2M,contractionary,mp_pos_x_ph2m,cP,1.0,28,0.024608855301354,0.0154984263004578,0.0337192843022501,0.0078032329793046,-0.0012015863590059,-0.013851270188084167,-0.03846012548943817,False,False
lp_income,income,PH2M,contractionary,mp_pos_x_ph2m,cP,1.0,29,-0.000343252710925775,-0.0129951289968904,0.0123086235750388,0.0078032329793046,-0.00119949194475,-0.013827126856623375,-0.0134838741456976,False,True
lp_income,income,PH2M,contractionary,mp_pos_x_ph2m,cP,1.0,30,0.0033129453704672,-0.0098858932106972,0.0165117839516316,0.0078032329793046,-0.0011975226250765,-0.013804425551236616,-0.017117370921703817,False,False
lp_income,income,PH2M,contractionary,mp_pos_x_ph2m,cP,1.0,31,0.0164665841893634,0.0045721941643306,0.0283609742143961,0.0078032329793046,-0.0011956698503486,-0.013783067716103542,-0.03024965190546694,False,False
lp_income,income,PH2M,contractionary,mp_pos_x_ph2m,cP,1.0,32,-0.0020986650779521,-0.0121079158956598,0.0079105857397556,0.0078032329793046,-0.0011939244396347,-0.013762947518161709,-0.01166428244020961,False,True
lp_income,income,PH2M,contractionary,mp_pos_x_ph2m,cP,1.0,33,-0.0020884164584172,-0.0204346361516115,0.0162578032347771,0.0078032329793046,-0.0011922760047243,-0.013743945207457791,-0.011655528749040592,True,True
lp_income,income,PH2M,contractionary,mp_pos_x_ph2m,cP,1.0,34,0.005570516733711,-0.0098464447031383,0.0209874781705604,0.0078032329793046,-0.0011907121112944,-0.013725917447504826,-0.019296434181215825,False,False
lp_income,income,PH2M,contractionary,mp_pos_x_ph2m,cP,1.0,35,-0.0022666204062167,-0.011228546436593,0.0066953056241595,0.0078032329793046,-0.0011892170816128,-0.01370868351346102,-0.01144206310724432,False,True
lp_income,income,PH2M,contractionary,mp_pos_x_ph2m,cP,1.0,36,0.004024107454117,-0.0092100517096993,0.0172582666179334,0.0078032329793046,-0.0011877703437793,-0.01369200626303042,-0.01771611371714742,False,False
lp_income,income,PH2M,contractionary,mp_pos_x_ph2m,cP,1.0,37,0.0264941342487685,0.0139307942574547,0.0390574742400822,0.0078032329793046,-0.0011863442869102,-0.01367556741213183,-0.04016970166090033,False,False
lp_income,income,PH2M,contractionary,mp_pos_x_ph2m,cP,1.0,38,0.0006411779396640329,-0.0109285676385357,0.0122109235178638,0.0078032329793046,-0.0011849017714105,-0.013658938834595902,-0.014300116774259936,False,False
lp_income,income,PH2M,contractionary,mp_pos_x_ph2m,cP,1.0,39,0.0056452012771022,-0.0077999583354443,0.0190903608896489,0.0078032329793046,-0.0011833939446209,-0.013641557382066046,-0.019286758659168245,False,False
lp_income,income,PH2M,contractionary,mp_pos_x_ph2m,cP,1.0,40,0.0274933807845556,0.0132168925856938,0.0417698689834174,0.0078032329793046,-0.0011817601939523,-0.013622724343757036,-0.04111610512831264,False,False
lp_income,income,PH2M,contractionary,mp_pos_x_ph2m,cP,1.0,41,-0.003256755176856,-0.028626571738988,0.022113061385276,0.0078032329793046,-0.0011799346916643,-0.013601680891298927,-0.010344925714442926,True,True
lp_income,income,PH2M,contractionary,mp_pos_x_ph2m,cP,1.0,42,0.0008440405870955058,-0.0083663719112487,0.0100544530854397,0.0078032329793046,-0.0011778695874334,-0.013577875430747248,-0.014421916017842755,False,False
lp_income,income,PH2M,contractionary,mp_pos_x_ph2m,cP,1.0,43,0.0116226861895343,-0.0026950049656712,0.02594037734474,0.0078032329793046,-0.0011755965741195,-0.013551673301107571,-0.02517435949064187,False,False
lp_income,income,PH2M,contractionary,mp_pos_x_ph2m,cP,1.0,44,-0.0016238705230995,-0.0211865758235553,0.0179388347773563,0.0078032329793046,-0.0011733724045569,-0.01352603421713763,-0.01190216369403813,True,True
lp_income,income,PH2M,contractionary,mp_pos_x_ph2m,cP,1.0,45,0.0022292115006352,-0.0140643694426009,0.0185227924438714,0.0078032329793046,-0.001172001313157,-0.013510228979927477,-0.015739440480562677,True,False
lp_income,income,PH2M,contractionary,mp_pos_x_ph2m,cP,1.0,46,0.0100634119534995,-0.0026553637120252,0.0227821876190243,0.0078032329793046,-0.0011734986959154,-0.013527490039031656,-0.023590901992531155,False,False
lp_income,income,PH2M,contractionary,mp_pos_x_ph2m,cP,1.0,47,0.0020025580022742,-0.0095554145940126,0.0135605305985612,0.0078032329793046,-0.0011817219123832,-0.013622283053496996,-0.015624841055771195,False,False
lp_income,income,PH2M,expansionary,mp_neg_x_ph2m,cP,-1.0,0,0.0005420658682156112,-0.0134006886828506,0.0144848204192818,0.0115285465340016,-0.0018198796704112,0.030993974275761414,0.030451908407545802,False,True
lp_income,income,PH2M,expansionary,mp_neg_x_ph2m,cP,-1.0,1,0.0138577516954426,-0.0054314889963853,0.0331469923872707,0.0115285465340016,-0.0012107670596915,0.020620310074422978,0.006762558378980377,True,True
lp_income,income,PH2M,expansionary,mp_neg_x_ph2m,cP,-1.0,2,-0.0087331130656931,-0.01930990842626,0.0018436822948737,0.0115285465340016,-0.0013776458858327,0.023462387014279638,0.03219550007997274,False,False
lp_income,income,PH2M,expansionary,mp_neg_x_ph2m,cP,-1.0,3,0.0058858552130716,-0.0068810828158335,0.0186527932419769,0.0115285465340016,-0.0013151255102385,0.022397616115201604,0.016511760902130003,False,True
lp_income,income,PH2M,expansionary,mp_neg_x_ph2m,cP,-1.0,4,0.0165300909207706,-3.0114355054934225e-05,0.0330902961965962,0.0115285465340016,-0.0013213944353301,0.02250438081299166,0.005974289892221062,True,True
lp_income,income,PH2M,expansionary,mp_neg_x_ph2m,cP,-1.0,5,-0.0038429491956395,-0.0183176821029673,0.0106317837116882,0.0115285465340016,-0.0013079578706759,0.022275545607006432,0.02611849480264593,False,False
lp_income,income,PH2M,expansionary,mp_neg_x_ph2m,cP,-1.0,6,0.0155443042253342,0.0039063160103103,0.027182292440358,0.0115285465340016,-0.0013010268108363,0.022157504236543852,0.006613200011209653,True,True
lp_income,income,PH2M,expansionary,mp_neg_x_ph2m,cP,-1.0,7,0.0122172040498173,-0.0040572501170492,0.0284916582166839,0.0115285465340016,-0.0012927888778211,0.022017205793679846,0.009800001743862545,True,True
lp_income,income,PH2M,expansionary,mp_neg_x_ph2m,cP,-1.0,8,-0.0144224457417419,-0.0315958276672759,0.002750936183792,0.0115285465340016,-0.0012855263109859,0.02189351859978129,0.03631596434152319,False,False
lp_income,income,PH2M,expansionary,mp_neg_x_ph2m,cP,-1.0,9,0.0144514948960241,0.0042932614116213,0.0246097283804268,0.0115285465340016,-0.0012785289532378,0.021774348124079506,0.007322853228055407,True,True
lp_income,income,PH2M,expansionary,mp_neg_x_ph2m,cP,-1.0,10,0.0041876970593145,-0.0126692370372356,0.0210446311558648,0.0115285465340016,-0.0012719761902759,0.021662749445343563,0.01747505238602906,False,True
lp_income,income,PH2M,expansionary,mp_neg_x_ph2m,cP,-1.0,11,-0.0085159498351483,-0.028332477895453,0.0113005782251564,0.0115285465340016,-0.0012657853287523,0.021557314231176957,0.030073264066325257,False,False
lp_income,income,PH2M,expansionary,mp_neg_x_ph2m,cP,-1.0,12,0.0109720640420258,-0.0038975535571772,0.0258416816412289,0.0115285465340016,-0.0012599531056378,0.021457986909640105,0.010485922867614305,True,True
lp_income,income,PH2M,expansionary,mp_neg_x_ph2m,cP,-1.0,13,0.0111162958696606,-0.0077051246965999,0.0299377164359211,0.0115285465340016,-0.0012544542899305,0.021364337777035256,0.010248041907374656,True,True
lp_income,income,PH2M,expansionary,mp_neg_x_ph2m,cP,-1.0,14,-0.0085613696741106,-0.0220886040034863,0.0049658646552649,0.0115285465340016,-0.0012492716712192,0.021276073726597886,0.029837443400708485,False,False
lp_income,income,PH2M,expansionary,mp_neg_x_ph2m,cP,-1.0,15,0.0093395478582396,-0.0046513097763083,0.0233304054927877,0.0115285465340016,-0.0012443870795202,0.021192885309293242,0.011853337451053643,True,True
lp_income,income,PH2M,expansionary,mp_neg_x_ph2m,cP,-1.0,16,0.0088021299679057,-0.0061505756747976,0.0237548356106091,0.0115285465340016,-0.0012397839693044,0.02111449074181903,0.012312360773913329,True,True
lp_income,income,PH2M,expansionary,mp_neg_x_ph2m,cP,-1.0,17,-0.017635450130799,-0.0305216032135364,-0.0047492970480616,0.0115285465340016,-0.0012354465775973,0.021040621568389897,0.038676071699188894,False,False
lp_income,income,PH2M,expansionary,mp_neg_x_ph2m,cP,-1.0,18,-0.0017245390649993,-0.0128754778968084,0.0094263997668096,0.0115285465340016,-0.0012313601023642,0.020971025698776923,0.022695564763776224,False,False
lp_income,income,PH2M,expansionary,mp_neg_x_ph2m,cP,-1.0,19,0.004395398225565,-0.0092322191043972,0.0180230155555273,0.0115285465340016,-0.0012275105818699,0.02090546535370895,0.01651006712814395,False,True
lp_income,income,PH2M,expansionary,mp_neg_x_ph2m,cP,-1.0,20,-0.0064200369316515,-0.0260273072550456,0.0131872333917425,0.0115285465340016,-0.0012238848658635,0.020843716574127175,0.027263753505778674,False,False
lp_income,income,PH2M,expansionary,mp_neg_x_ph2m,cP,-1.0,21,-0.0010354579195042,-0.0160817647561174,0.0140108489171088,0.0115285465340016,-0.0012204705620001,0.020785568308704802,0.021821026228209,False,False
lp_income,income,PH2M,expansionary,mp_neg_x_ph2m,cP,-1.0,22,0.0061675490956172,-0.0141917531379118,0.0265268513291464,0.0115285465340016,-0.001217255991195,0.020730821653494144,0.014563272557876945,True,True
lp_income,income,PH2M,expansionary,mp_neg_x_ph2m,cP,-1.0,23,-0.0054805172584793,-0.0191093673828822,0.0081483328659235,0.0115285465340016,-0.0012142301406388,0.020679289051737035,0.026159806310216336,False,False
lp_income,income,PH2M,expansionary,mp_neg_x_ph2m,cP,-1.0,24,-0.0038755995448703,-0.0242930833826078,0.0165418842928671,0.0115285465340016,-0.0012113826159311,0.020630793478664276,0.024506393023534575,False,False
lp_income,income,PH2M,expansionary,mp_neg_x_ph2m,cP,-1.0,25,0.0027085239533469,-0.0129780065068673,0.0183950544135612,0.0115285465340016,-0.0012087035890493,0.020585167555363635,0.017876643602016736,False,True
lp_income,income,PH2M,expansionary,mp_neg_x_ph2m,cP,-1.0,26,-0.0086204874329519,-0.0274536127494513,0.0102126378835474,0.0115285465340016,-0.0012061837387812,0.020542252534300393,0.029162739967252292,False,False
lp_income,income,PH2M,expansionary,mp_neg_x_ph2m,cP,-1.0,27,-0.0145461676485647,-0.0420709057259384,0.0129785704288089,0.0115285465340016,-0.001203814177962,0.020501897060106574,0.03504806470867128,False,False
lp_income,income,PH2M,expansionary,mp_neg_x_ph2m,cP,-1.0,28,-0.0085524675590263,-0.0263691673902522,0.0092642322721995,0.0115285465340016,-0.0012015863590059,0.02046395556071018,0.029016423119736477,False,False
lp_income,income,PH2M,expansionary,mp_neg_x_ph2m,cP,-1.0,29,-0.0005323766668450211,-0.0173679699203638,0.0163032165866737,0.0115285465340016,-0.00119949194475,0.02042828604770579,0.020960662714550812,False,False
lp_income,income,PH2M,expansionary,mp_neg_x_ph2m,cP,-1.0,30,-0.0153904277414155,-0.035446774444042,0.004665918961211,0.0115285465340016,-0.0011975226250765,0.0203947469932872,0.035785174734702704,False,False
lp_income,income,PH2M,expansionary,mp_neg_x_ph2m,cP,-1.0,31,-0.0073864479663867,-0.0273207225105061,0.0125478265777326,0.0115285465340016,-0.0011956698503486,0.020363192790452272,0.027749640756838972,False,False
lp_income,income,PH2M,expansionary,mp_neg_x_ph2m,cP,-1.0,32,0.0016505219997921,-0.018819781270364,0.0221208252699483,0.0115285465340016,-0.0011939244396347,0.020333467080754647,0.01868294508096255,True,True
lp_income,income,PH2M,expansionary,mp_neg_x_ph2m,cP,-1.0,33,-0.0081358738129407,-0.0202286867126845,0.0039569390868029,0.0115285465340016,-0.0011922760047243,0.020305392944843972,0.02844126675778467,False,False
lp_income,income,PH2M,expansionary,mp_neg_x_ph2m,cP,-1.0,34,-0.0022520712322706,-0.014924702670542,0.0104205602060007,0.0115285465340016,-0.0011907121112944,0.020278758616473564,0.022530829848744164,False,False
lp_income,income,PH2M,expansionary,mp_neg_x_ph2m,cP,-1.0,35,-0.0069123438899467,-0.0379372136504672,0.0241125258705738,0.0115285465340016,-0.0011892170816128,0.020253297091601133,0.027165640981547834,True,False
lp_income,income,PH2M,expansionary,mp_neg_x_ph2m,cP,-1.0,36,-0.0088438006822382,-0.0255279883352008,0.0078403869707244,0.0115285465340016,-0.0011877703437793,0.020228658014675164,0.029072458696913363,False,False
lp_income,income,PH2M,expansionary,mp_neg_x_ph2m,cP,-1.0,37,-0.0062532117478081,-0.0188945797601014,0.0063881562644851,0.0115285465340016,-0.0011863442869102,0.020204371150749335,0.026457582898557437,False,False
lp_income,income,PH2M,expansionary,mp_neg_x_ph2m,cP,-1.0,38,0.0025518860865082,-0.0301572856649556,0.0352610578379721,0.0115285465340016,-0.0011849017714105,0.02017980398347064,0.01762791789696244,True,True
lp_income,income,PH2M,expansionary,mp_neg_x_ph2m,cP,-1.0,39,-0.0052817866239059,-0.0180509354789277,0.0074873622311158,0.0115285465340016,-0.0011833939446209,0.020154124513839217,0.025435911137745116,False,False
lp_income,income,PH2M,expansionary,mp_neg_x_ph2m,cP,-1.0,40,-0.0079118719635127,-0.0222147896344841,0.0063910457074585,0.0115285465340016,-0.0011817601939523,0.020126300462052233,0.02803817242556493,False,False
lp_income,income,PH2M,expansionary,mp_neg_x_ph2m,cP,-1.0,41,-0.0158806112308109,-0.04739003107704,0.0156288086154181,0.0115285465340016,-0.0011799346916643,0.020095210730200992,0.03597582196101189,False,False
lp_income,income,PH2M,expansionary,mp_neg_x_ph2m,cP,-1.0,42,0.0109031485856113,-0.0145641918130543,0.0363704889842771,0.0115285465340016,-0.0011778695874334,0.020060040389848315,0.009156891804237014,True,True
lp_income,income,PH2M,expansionary,mp_neg_x_ph2m,cP,-1.0,43,-0.0036737922262256,-0.0150787771592032,0.0077311927067519,0.0115285465340016,-0.0011755965741195,0.020021329195188085,0.023695121421413685,False,False
lp_income,income,PH2M,expansionary,mp_neg_x_ph2m,cP,-1.0,44,0.003561934988277,-0.0326565833983818,0.0397804533749358,0.0115285465340016,-0.0011733724045569,0.019983449847817508,0.016421514859540506,True,True
lp_income,income,PH2M,expansionary,mp_neg_x_ph2m,cP,-1.0,45,-0.0250988904307515,-0.0595779239704289,0.0093801431089259,0.0115285465340016,-0.001172001313157,0.019960099088825508,0.04505898951957701,False,False
lp_income,income,PH2M,expansionary,mp_neg_x_ph2m,cP,-1.0,46,0.0189616226312802,-0.0024635956419423,0.0403868409045028,0.0115285465340016,-0.0011734986959154,0.01998560068843639,0.0010239780571561913,True,True
lp_income,income,PH2M,expansionary,mp_neg_x_ph2m,cP,-1.0,47,0.0072845172276012,-0.0334632008701218,0.0480322353253242,0.0115285465340016,-0.0011817219123832,0.020125648496987066,0.012841131269385866,True,True
lp_income,income,WH2M,contractionary,mp_pos_x_wh2m,cW,1.0,0,-0.0066295712547564,-0.0278914947814166,0.0146323522719038,0.0091442313928424,-0.0011795816583507,-0.01593438315751399,-0.00930481190275759,True,True
lp_income,income,WH2M,contractionary,mp_pos_x_wh2m,cW,1.0,1,0.0118435579633652,-0.0014963585809583,0.0251834745076888,0.0091442313928424,-0.0013635280028633,-0.018419223026918268,-0.03026278099028347,False,False
lp_income,income,WH2M,contractionary,mp_pos_x_wh2m,cW,1.0,2,-0.0011629452923594,-0.0204680479146519,0.0181421573299329,0.0091442313928424,-0.001769875310042,-0.02390836711607161,-0.02274542182371221,False,True
lp_income,income,WH2M,contractionary,mp_pos_x_wh2m,cW,1.0,3,-0.0201709367537057,-0.0578083948507379,0.0174665213433264,0.0091442313928424,-0.0020840053215316,-0.028151793528235595,-0.007980856774529897,True,True
lp_income,income,WH2M,contractionary,mp_pos_x_wh2m,cW,1.0,4,-0.0007279834006027613,-0.0155812731382588,0.0141253063370532,0.0091442313928424,-0.0024007300729296,-0.03243027099396747,-0.03170228759336471,False,True
lp_income,income,WH2M,contractionary,mp_pos_x_wh2m,cW,1.0,5,0.0119991482655718,-0.0040529309583006,0.0280512274894443,0.0091442313928424,-0.0026933260157044,-0.03638280435992927,-0.04838195262550107,False,False
lp_income,income,WH2M,contractionary,mp_pos_x_wh2m,cW,1.0,6,-0.0399033150127451,-0.0756953615854124,-0.0041112684400779,0.0091442313928424,-0.0029710413102255,-0.040134322434386645,-0.00023100742164154642,True,True
lp_income,income,WH2M,contractionary,mp_pos_x_wh2m,cW,1.0,7,0.0057690029783828,-0.0172110777172815,0.0287490836740473,0.0091442313928424,-0.0032323783298957,-0.04366459452295931,-0.04943359750134211,False,False
lp_income,income,WH2M,contractionary,mp_pos_x_wh2m,cW,1.0,8,0.0109021764146799,-0.005132855256964,0.0269372080863239,0.0091442313928424,-0.0034789559132873,-0.046995488712437694,-0.057897665127117595,False,False
lp_income,income,WH2M,contractionary,mp_pos_x_wh2m,cW,1.0,9,-0.0140386753588628,-0.0462922983701779,0.0182149476524522,0.0091442313928424,-0.0037114013632349,-0.05013547892546337,-0.03609680356660057,False,True
lp_income,income,WH2M,contractionary,mp_pos_x_wh2m,cW,1.0,10,0.0130523630408226,-0.001959568639483,0.0280642947211284,0.0091442313928424,-0.0039305728036315,-0.053096157131791805,-0.06614852017261441,False,False
lp_income,income,WH2M,contractionary,mp_pos_x_wh2m,cW,1.0,11,0.0003498532199901388,-0.0247969079187625,0.0254966143587428,0.0091442313928424,-0.0041372001546698,-0.05588738346102278,-0.05623723668101292,False,False
lp_income,income,WH2M,contractionary,mp_pos_x_wh2m,cW,1.0,12,-0.0229794257129716,-0.05751348064849,0.0115546292225467,0.0091442313928424,-0.0043319949952267,-0.05851877027902438,-0.035539344566052775,False,True
lp_income,income,WH2M,contractionary,mp_pos_x_wh2m,cW,1.0,13,0.0212349558596919,-0.0057328648288327,0.0482027765482165,0.0091442313928424,-0.004515621144579,-0.060999284790931536,-0.08223424065062343,False,False
lp_income,income,WH2M,contractionary,mp_pos_x_wh2m,cW,1.0,14,0.0106584336954708,-0.0203070792725095,0.0416239466634512,0.0091442313928424,-0.0046887063774955,-0.06333740729451076,-0.07399584098998156,False,False
lp_income,income,WH2M,contractionary,mp_pos_x_wh2m,cW,1.0,15,-0.0177665984903023,-0.0572474797840026,0.0217142828033979,0.0091442313928424,-0.0048518417659747,-0.0655411222880213,-0.047774523797718994,False,True
lp_income,income,WH2M,contractionary,mp_pos_x_wh2m,cW,1.0,16,0.033825818517512,0.0039605237472775,0.0636911132877465,0.0091442313928424,-0.0050055845291485,-0.06761795696814983,-0.10144377548566183,False,False
lp_income,income,WH2M,contractionary,mp_pos_x_wh2m,cW,1.0,17,-0.0152108339551477,-0.0515301554448264,0.0211084875345309,0.0091442313928424,-0.0051504596893999,-0.06957500360168244,-0.05436416964653473,False,True
lp_income,income,WH2M,contractionary,mp_pos_x_wh2m,cW,1.0,18,0.0032644132713733,-0.0249079812383803,0.031436807781127,0.0091442313928424,-0.0052869619379609,-0.07141894472694069,-0.07468335799831399,False,False
lp_income,income,WH2M,contractionary,mp_pos_x_wh2m,cW,1.0,19,0.0184149881157757,-0.0103971326755013,0.0472271089070528,0.0091442313928424,-0.0054155573017294,-0.07315607566998386,-0.09157106378575956,False,False
lp_income,income,WH2M,contractionary,mp_pos_x_wh2m,cW,1.0,20,-0.0115370551968144,-0.0401373567604135,0.0170632463667846,0.0091442313928424,-0.0055366847399071,-0.07479232611279782,-0.06325527091598342,False,True
lp_income,income,WH2M,contractionary,mp_pos_x_wh2m,cW,1.0,21,-1.7999174628691497e-05,-0.0370204889264968,0.0369844905772395,0.0091442313928424,-0.0056507576393159,-0.07633328029278215,-0.07631528111815346,False,True
lp_income,income,WH2M,contractionary,mp_pos_x_wh2m,cW,1.0,22,0.0239482136009569,-0.0154670909297194,0.0633635181316333,0.0091442313928424,-0.0057581652241458,-0.07778419604633482,-0.10173240964729172,False,False
lp_income,income,WH2M,contractionary,mp_pos_x_wh2m,cW,1.0,23,-0.0244062593798177,-0.0543307597257868,0.0055182409661512,0.0091442313928424,-0.0058592738814593,-0.07915002271443321,-0.0547437633346155,False,True
lp_income,income,WH2M,contractionary,mp_pos_x_wh2m,cW,1.0,24,0.0053756081866794,-0.0255671999792731,0.0363184163526321,0.0091442313928424,-0.0059544284074988,-0.08043541797838215,-0.08581102616506155,False,False
lp_income,income,WH2M,contractionary,mp_pos_x_wh2m,cW,1.0,25,0.005876606477119,-0.0275664432170827,0.0393196561713209,0.0091442313928424,-0.0060439531780919,-0.08164476367023835,-0.08752137014735735,False,False
lp_income,income,WH2M,contractionary,mp_pos_x_wh2m,cW,1.0,26,-0.0360922607377587,-0.0674799905919485,-0.004704530883569,0.0091442313928424,-0.0061281532461837,-0.08278218059882932,-0.046689919861070614,False,True
lp_income,income,WH2M,contractionary,mp_pos_x_wh2m,cW,1.0,27,0.0104234623617711,-0.0192781653692863,0.0401250900928286,0.0091442313928424,-0.0062073153685869,-0.08385154241961103,-0.09427500478138212,False,False
lp_income,income,WH2M,contractionary,mp_pos_x_wh2m,cW,1.0,28,-0.0245269554106181,-0.0426142664553619,-0.0064396443658742,0.0091442313928424,-0.006281708962959,-0.08485648856199779,-0.06032953315137969,False,True
lp_income,income,WH2M,contractionary,mp_pos_x_wh2m,cW,1.0,29,-0.015379541816742,-0.0317992425136716,0.0010401588801876,0.0091442313928424,-0.0063515869944531,-0.08580043620668792,-0.07042089438994592,False,True
lp_income,income,WH2M,contractionary,mp_pos_x_wh2m,cW,1.0,30,0.0113111135771875,-0.0161293437104717,0.0387515708648467,0.0091442313928424,-0.0064171867893215,-0.0866865912762309,-0.09799770485341841,False,False
lp_income,income,WH2M,contractionary,mp_pos_x_wh2m,cW,1.0,31,-0.0030406095063814,-0.0299343361939456,0.0238531171811826,0.0091442313928424,-0.0064787307697434,-0.08751795836145015,-0.08447734885506876,False,True
lp_income,income,WH2M,contractionary,mp_pos_x_wh2m,cW,1.0,32,-0.0215677503435871,-0.0465887574386805,0.0034532567515062,0.0091442313928424,-0.0065364271000844,-0.0882973494514417,-0.0667295991078546,False,True
lp_income,income,WH2M,contractionary,mp_pos_x_wh2m,cW,1.0,33,0.0149358178876359,-0.0199849622847584,0.0498565980600304,0.0091442313928424,-0.0065904702296303,-0.08902739126509586,-0.10396320915273176,False,False
lp_income,income,WH2M,contractionary,mp_pos_x_wh2m,cW,1.0,34,-0.0013438666275145,-0.0114901887034203,0.0088024554483912,0.0091442313928424,-0.0066410413110057,-0.08971053090330637,-0.08836666427579187,False,True
lp_income,income,WH2M,contractionary,mp_pos_x_wh2m,cW,1.0,35,-0.0152240503391561,-0.0412170991948069,0.0107689985164945,0.0091442313928424,-0.0066883084687288,-0.09034903947674384,-0.07512498913758775,False,True
lp_income,income,WH2M,contractionary,mp_pos_x_wh2m,cW,1.0,36,0.0105139662348267,-0.016622518942302,0.0376504514119556,0.0091442313928424,-0.006732426893419,-0.09094501337845957,-0.10145897961328627,False,False
lp_income,income,WH2M,contractionary,mp_pos_x_wh2m,cW,1.0,37,-0.008334642618685,-0.0326236087813014,0.0159543235439314,0.0091442313928424,-0.0067735387554789,-0.09150037311785843,-0.08316573049917343,False,True
lp_income,income,WH2M,contractionary,mp_pos_x_wh2m,cW,1.0,38,-0.0186574932771586,-0.0392990284808599,0.0019840419265426,0.0091442313928424,-0.0068117729931604,-0.09201686045778903,-0.07335936718063044,False,True
lp_income,income,WH2M,contractionary,mp_pos_x_wh2m,cW,1.0,39,0.0073318951741783,-0.0186942641939481,0.0333580545423048,0.0091442313928424,-0.006847245188786,-0.09249603674247873,-0.09982793191665704,False,False
lp_income,income,WH2M,contractionary,mp_pos_x_wh2m,cW,1.0,40,-0.0050233215300522,-0.0250767617281288,0.0150301186680244,0.0091442313928424,-0.0068800581185128,-0.0929392903240226,-0.0879159687939704,False,True
lp_income,income,WH2M,contractionary,mp_pos_x_wh2m,cW,1.0,41,-0.0231892738128376,-0.0637373642805053,0.0173588166548301,0.0091442313928424,-0.0069103043815224,-0.09334787207880488,-0.07015859826596728,False,True
lp_income,income,WH2M,contractionary,mp_pos_x_wh2m,cW,1.0,42,-0.0082565715369398,-0.0365363321830764,0.0200231891091968,0.0091442313928424,-0.0069380742618658,-0.09372300160925955,-0.08546643007231974,False,True
lp_income,income,WH2M,contractionary,mp_pos_x_wh2m,cW,1.0,43,-0.0015749545102734,-0.0131862253673126,0.0100363163467657,0.0091442313928424,-0.0069634756072908,-0.0940661357770833,-0.0924911812668099,False,True
lp_income,income,WH2M,contractionary,mp_pos_x_wh2m,cW,1.0,44,-0.0172320787743293,-0.0535709296425874,0.0191067720939287,0.0091442313928424,-0.0069866799032792,-0.09437959109453585,-0.07714751232020656,False,True
lp_income,income,WH2M,contractionary,mp_pos_x_wh2m,cW,1.0,45,-0.0074660961547285,-0.0175964175295337,0.0026642252200765,0.0091442313928424,-0.0070080229185997,-0.09466790329526051,-0.08720180714053201,False,True
lp_income,income,WH2M,contractionary,mp_pos_x_wh2m,cW,1.0,46,0.0038373657668925,-0.0315649770979684,0.0392397086317534,0.0091442313928424,-0.0070281957515973,-0.09494040808378505,-0.09877777385067756,False,False
lp_income,income,WH2M,contractionary,mp_pos_x_wh2m,cW,1.0,47,-0.0110932007333102,-0.0484459893091229,0.0262595878425024,0.0091442313928424,-0.0070479676591728,-0.09520749696977493,-0.08411429623646473,False,True
lp_income,income,WH2M,expansionary,mp_neg_x_wh2m,cW,-1.0,0,0.0413165057532263,0.0078112644945945,0.0748217470118581,0.0135063367525997,-0.0011795816583507,0.023535618864456494,-0.017780886888769803,True,True
lp_income,income,WH2M,expansionary,mp_neg_x_wh2m,cW,-1.0,1,0.0327394396529303,0.008109946387017,0.0573689329188436,0.0135063367525997,-0.0013635280028633,0.027205810771315918,-0.005533628881614384,True,True
lp_income,income,WH2M,expansionary,mp_neg_x_wh2m,cW,-1.0,2,0.0108948172028981,-0.0101546440165584,0.0319442784223546,0.0135063367525997,-0.001769875310042,0.0353134608696805,0.024418643666782397,False,True
lp_income,income,WH2M,expansionary,mp_neg_x_wh2m,cW,-1.0,3,0.0441760279751689,0.0078811544863836,0.0804709014639542,0.0135063367525997,-0.0020840053215316,0.04158114413854706,-0.0025948838366218335,True,True
lp_income,income,WH2M,expansionary,mp_neg_x_wh2m,cW,-1.0,4,0.0366700031722165,0.0178102065963504,0.0555297997480826,0.0135063367525997,-0.0024007300729296,0.04790059899024911,0.01123059581803261,True,True
lp_income,income,WH2M,expansionary,mp_neg_x_wh2m,cW,-1.0,5,0.0142979443286554,-0.0025206490332271,0.0311165376905379,0.0135063367525997,-0.0026933260157044,0.053738623464165275,0.039440679135509873,False,True
lp_income,income,WH2M,expansionary,mp_neg_x_wh2m,cW,-1.0,6,0.0358402073142008,-0.0018974078360204,0.0735778224644222,0.0135063367525997,-0.0029710413102255,0.05927974160414878,0.02343953428994798,True,True
lp_income,income,WH2M,expansionary,mp_neg_x_wh2m,cW,-1.0,7,0.0369928910255803,0.0134971802364158,0.0604886018147448,0.0135063367525997,-0.0032323783298957,0.06449407199542563,0.02750118096984533,False,True
lp_income,income,WH2M,expansionary,mp_neg_x_wh2m,cW,-1.0,8,0.0176894983921733,-0.0042398505428336,0.0396188473271804,0.0135063367525997,-0.0034789559132873,0.06941391453632928,0.05172441614415598,False,True
lp_income,income,WH2M,expansionary,mp_neg_x_wh2m,cW,-1.0,9,0.0499734507475728,0.0076475696747676,0.092299331820378,0.0135063367525997,-0.0037114013632349,0.07405178549508346,0.024078334747510657,True,True
lp_income,income,WH2M,expansionary,mp_neg_x_wh2m,cW,-1.0,10,0.0466681423577208,0.025003746577323,0.0683325381381186,0.0135063367525997,-0.0039305728036315,0.07842480660017655,0.03175666424245575,False,True
lp_income,income,WH2M,expansionary,mp_neg_x_wh2m,cW,-1.0,11,0.0098634930364205,-0.0144139820561781,0.0341409681290192,0.0135063367525997,-0.0041372001546698,0.08254754159404659,0.07268404855762609,False,True
lp_income,income,WH2M,expansionary,mp_neg_x_wh2m,cW,-1.0,12,0.045690075084753,0.0122571760557093,0.0791229741137966,0.0135063367525997,-0.0043319949952267,0.08643418826378205,0.04074411317902905,False,True
lp_income,income,WH2M,expansionary,mp_neg_x_wh2m,cW,-1.0,13,0.0325581811698532,0.0061318449826065,0.0589845173571,0.0135063367525997,-0.004515621144579,0.09009799147240959,0.057539810302556386,False,True
lp_income,income,WH2M,expansionary,mp_neg_x_wh2m,cW,-1.0,14,0.0216578625497844,-0.0093912588272683,0.0527069839268373,0.0135063367525997,-0.0046887063774955,0.09355147690442644,0.07189361435464205,False,True
lp_income,income,WH2M,expansionary,mp_neg_x_wh2m,cW,-1.0,15,0.0342731860156284,0.0009638739954121878,0.0675824980358447,0.0135063367525997,-0.0048518417659747,0.09680643793181297,0.06253325191618457,False,True
lp_income,income,WH2M,expansionary,mp_neg_x_wh2m,cW,-1.0,16,0.0394132934695722,0.0120123837946235,0.0668142031445209,0.0135063367525997,-0.0050055845291485,0.09987399247677449,0.06046069900720229,False,True
lp_income,income,WH2M,expansionary,mp_neg_x_wh2m,cW,-1.0,17,0.0259674583005907,-0.001200186388736,0.0531351029899175,0.0135063367525997,-0.0051504596893999,0.10276461605545197,0.07679715775486126,False,True
lp_income,income,WH2M,expansionary,mp_neg_x_wh2m,cW,-1.0,18,0.0373938208612364,0.0035550225238948,0.071232619198578,0.0135063367525997,-0.0052869619379609,0.10548817900128903,0.06809435814005263,False,True
lp_income,income,WH2M,expansionary,mp_neg_x_wh2m,cW,-1.0,19,0.0354601630710786,0.009737216676339,0.0611831094658181,0.0135063367525997,-0.0054155573017294,0.10805397972221863,0.07259381665114004,False,True
lp_income,income,WH2M,expansionary,mp_neg_x_wh2m,cW,-1.0,20,0.0330746047810577,0.0090076874479938,0.0571415221141216,0.0135063367525997,-0.0055366847399071,0.1104707765576021,0.0773961717765444,False,True
lp_income,income,WH2M,expansionary,mp_neg_x_wh2m,cW,-1.0,21,0.0474634218834092,0.0149275734883339,0.0799992702784845,0.0135063367525997,-0.0056507576393159,0.11274681761354974,0.06528339573014054,False,True
lp_income,income,WH2M,expansionary,mp_neg_x_wh2m,cW,-1.0,22,0.0472540243064425,0.0160475297139467,0.0784605188989382,0.0135063367525997,-0.0057581652241458,0.11488986889093468,0.06763584458449218,False,True
lp_income,income,WH2M,expansionary,mp_neg_x_wh2m,cW,-1.0,23,0.0519464657812035,0.0231511747487327,0.0807417568136743,0.0135063367525997,-0.0058592738814593,0.1169072407325372,0.06496077495133369,False,True
lp_income,income,WH2M,expansionary,mp_neg_x_wh2m,cW,-1.0,24,0.0326105575482093,-0.0067803815261784,0.0720014966225972,0.0135063367525997,-0.0059544284074988,0.11880581269000978,0.08619525514180049,False,True
lp_income,income,WH2M,expansionary,mp_neg_x_wh2m,cW,-1.0,25,0.0465276605896031,0.0196797785443781,0.0733755426348281,0.0135063367525997,-0.0060439531780919,0.1205920568764048,0.0740643962868017,False,True
lp_income,income,WH2M,expansionary,mp_neg_x_wh2m,cW,-1.0,26,0.0468566130540282,0.0139467931489803,0.0797664329590761,0.0135063367525997,-0.0061281532461837,0.12227205986470212,0.07541544681067391,False,True
lp_income,income,WH2M,expansionary,mp_neg_x_wh2m,cW,-1.0,27,0.0503358481231255,0.0189140856756698,0.0817576105705811,0.0135063367525997,-0.0062073153685869,0.12385154317405453,0.07351569505092903,False,True
lp_income,income,WH2M,expansionary,mp_neg_x_wh2m,cW,-1.0,28,0.0471016991967855,0.0235465970448338,0.0706568013487372,0.0135063367525997,-0.006281708962959,0.125335882363888,0.07823418316710251,False,True
lp_income,income,WH2M,expansionary,mp_neg_x_wh2m,cW,-1.0,29,0.0404035679677846,0.0063254163084011,0.0744817196271682,0.0135063367525997,-0.0063515869944531,0.1267301247248138,0.08632655675702919,False,True
lp_income,income,WH2M,expansionary,mp_neg_x_wh2m,cW,-1.0,30,0.0819441051470866,0.0417955129177701,0.1220926973764031,0.0135063367525997,-0.0064171867893215,0.12803900551206504,0.046094900364978444,False,True
lp_income,income,WH2M,expansionary,mp_neg_x_wh2m,cW,-1.0,31,0.0467815022646795,0.0191577550730093,0.0744052494563497,0.0135063367525997,-0.0064787307697434,0.12926696260715642,0.08248546034247692,False,True
lp_income,income,WH2M,expansionary,mp_neg_x_wh2m,cW,-1.0,32,0.0421723449280184,-0.0056047142337703,0.0899494040898071,0.0135063367525997,-0.0065364271000844,0.1304181494123855,0.0882458044843671,False,True
lp_income,income,WH2M,expansionary,mp_neg_x_wh2m,cW,-1.0,33,0.0831989255373994,0.0391537172319616,0.1272441338428371,0.0135063367525997,-0.0065904702296303,0.13149644567973603,0.04829752014233664,False,True
lp_income,income,WH2M,expansionary,mp_neg_x_wh2m,cW,-1.0,34,0.0506451778667287,0.0109016922413905,0.0903886634920669,0.0135063367525997,-0.0066410413110057,0.13250546585938094,0.08186028799265224,False,True
lp_income,income,WH2M,expansionary,mp_neg_x_wh2m,cW,-1.0,35,0.0433917680126558,-0.0284837561614323,0.115267292186744,0.0135063367525997,-0.0066883084687288,0.1334485644580252,0.0900567964453694,False,True
lp_income,income,WH2M,expansionary,mp_neg_x_wh2m,cW,-1.0,36,0.0824362704808738,0.007460062788013,0.1574124781737346,0.0135063367525997,-0.006732426893419,0.1343288379185846,0.0518925674377108,True,True
lp_income,income,WH2M,expansionary,mp_neg_x_wh2m,cW,-1.0,37,0.0321866741252974,0.0059839060890016,0.0583894421615933,0.0135063367525997,-0.0067735387554789,0.1351491228979245,0.10296244877262709,False,True
lp_income,income,WH2M,expansionary,mp_neg_x_wh2m,cW,-1.0,38,0.0319418000835992,-0.0282531211276804,0.0921367212948789,0.0135063367525997,-0.0068117729931604,0.13591199203824586,0.10397019195464666,False,True
lp_income,income,WH2M,expansionary,mp_neg_x_wh2m,cW,-1.0,39,0.0969026949954573,0.0307354468081786,0.163069943182736,0.0135063367525997,-0.006847245188786,0.13661975149738909,0.03971705650193179,True,True
lp_income,income,WH2M,expansionary,mp_neg_x_wh2m,cW,-1.0,40,0.0279329201872747,-0.0309232477552058,0.0867890881297552,0.0135063367525997,-0.0068800581185128,0.13727445191800763,0.10934153173073294,False,True
lp_income,income,WH2M,expansionary,mp_neg_x_wh2m,cW,-1.0,41,0.0515239960874221,-0.0404076463567058,0.14345563853155,0.0135063367525997,-0.0069103043815224,0.13787794088651484,0.08635394479909274,True,True
lp_income,income,WH2M,expansionary,mp_neg_x_wh2m,cW,-1.0,42,0.0465983455490667,-0.0011583395605316,0.094355030658665,0.0135063367525997,-0.0069380742618658,0.1384320197966495,0.09183367424758282,False,True
lp_income,income,WH2M,expansionary,mp_neg_x_wh2m,cW,-1.0,43,0.0282718288589155,-0.0153964486555737,0.0719401063734047,0.0135063367525997,-0.0069634756072908,0.13893884048204666,0.11066701162313117,False,True
lp_income,income,WH2M,expansionary,mp_neg_x_wh2m,cW,-1.0,44,0.0302205975477705,-0.0679612006812987,0.1284023957768399,0.0135063367525997,-0.0069866799032792,0.13940182450908267,0.10918122696131217,False,True
lp_income,income,WH2M,expansionary,mp_neg_x_wh2m,cW,-1.0,45,0.050682407445396,-0.0200897934690926,0.1214546083598847,0.0135063367525997,-0.0070080229185997,0.13982767130861998,0.08914526386322398,False,True
lp_income,income,WH2M,expansionary,mp_neg_x_wh2m,cW,-1.0,46,0.0060388293296491,-0.0683268054738697,0.0804044641331679,0.0135063367525997,-0.0070281957515973,0.14023017002965948,0.13419134070001038,False,True
lp_income,income,WH2M,expansionary,mp_neg_x_wh2m,cW,-1.0,47,0.064241252039805,-0.0200527773081809,0.1485352813877911,0.0135063367525997,-0.0070479676591728,0.14062466928083545,0.07638341724103044,True,True
lp_wealth,wealth,PH2M,contractionary,mp_pos_x_ph2m,wP,1.0,0,0.0483479483551631,-0.0377175793204362,0.1344134760307624,0.0078046173409711,-0.003135178393413179,-0.036147137388065534,-0.08449508574322864,True,False
lp_wealth,wealth,PH2M,contractionary,mp_pos_x_ph2m,wP,1.0,1,0.0582579394699229,-0.0595371762503882,0.176053055190234,0.0078046173409711,-0.0018193427235104536,-0.02097616885880432,-0.07923410832872722,True,False
lp_wealth,wealth,PH2M,contractionary,mp_pos_x_ph2m,wP,1.0,2,0.1488387073144363,-0.054839301741398,0.3525167163702707,0.0078046173409711,-0.0019822261131464637,-0.022854137996310663,-0.17169284531074697,True,False
lp_wealth,wealth,PH2M,contractionary,mp_pos_x_ph2m,wP,1.0,3,0.2579885301120643,0.0095101329014907,0.5064669273226379,0.0078046173409711,-0.001750070892051644,-0.02017749711045175,-0.27816602722251604,False,False
lp_wealth,wealth,PH2M,contractionary,mp_pos_x_ph2m,wP,1.0,4,0.2884946538954518,0.0451700123409396,0.531819295449964,0.0078046173409711,-0.0016700849915733036,-0.01925529716809023,-0.307749951063542,False,False
lp_wealth,wealth,PH2M,contractionary,mp_pos_x_ph2m,wP,1.0,5,0.4900236954547981,0.1072146241416244,0.8728327667679717,0.0078046173409711,-0.0015730521131117666,-0.018136553559663482,-0.5081602490144617,False,False
lp_wealth,wealth,PH2M,contractionary,mp_pos_x_ph2m,wP,1.0,6,0.5890264282021668,0.1612220236402196,1.016830832764114,0.0078046173409711,-0.0015036451406126943,-0.017336323698458576,-0.6063627519006254,False,False
lp_wealth,wealth,PH2M,contractionary,mp_pos_x_ph2m,wP,1.0,7,0.6271956651435701,0.249193692994328,1.0051976372928122,0.0078046173409711,-0.0014441892400931036,-0.016650825033014828,-0.6438464901765849,False,False
lp_wealth,wealth,PH2M,contractionary,mp_pos_x_ph2m,wP,1.0,8,0.6360724223308901,0.2384502962709617,1.0336945483908186,0.0078046173409711,-0.0013963835968904977,-0.016099648373849296,-0.6521720707047394,False,False
lp_wealth,wealth,PH2M,contractionary,mp_pos_x_ph2m,wP,1.0,9,0.5636894494668937,0.2037439609614924,0.923634937972295,0.0078046173409711,-0.0013568843521650472,-0.015644240595837248,-0.5793336900627309,False,False
lp_wealth,wealth,PH2M,contractionary,mp_pos_x_ph2m,wP,1.0,10,0.5530678612859755,0.161494316856619,0.944641405715332,0.0078046173409711,-0.001324407018981374,-0.015269792166665038,-0.5683376534526405,False,False
lp_wealth,wealth,PH2M,contractionary,mp_pos_x_ph2m,wP,1.0,11,0.4555283663494874,0.0513779490904134,0.8596787836085613,0.0078046173409711,-0.0012975072379625794,-0.014959650299702029,-0.47048801664918943,False,False
lp_wealth,wealth,PH2M,contractionary,mp_pos_x_ph2m,wP,1.0,12,0.4768406556480044,0.0908459911026031,0.8628353201934057,0.0078046173409711,-0.0012751491245920363,-0.014701871732000459,-0.4915425273800048,False,False
lp_wealth,wealth,PH2M,contractionary,mp_pos_x_ph2m,wP,1.0,13,0.3857449544806771,0.0007317121668580257,0.7707581967944961,0.0078046173409711,-0.0012564646995769202,-0.01448644906914422,-0.4002314035498213,False,False
lp_wealth,wealth,PH2M,contractionary,mp_pos_x_ph2m,wP,1.0,14,0.5190904255463773,0.1284683368553719,0.9097125142373824,0.0078046173409711,-0.0012407676541019688,-0.014305469492172823,-0.5333958950385501,False,False
lp_wealth,wealth,PH2M,contractionary,mp_pos_x_ph2m,wP,1.0,15,0.6222962600926467,0.2483317932294524,0.996260726955841,0.0078046173409711,-0.001227503177549104,-0.01415253629470485,-0.6364487963873515,False,False
lp_wealth,wealth,PH2M,contractionary,mp_pos_x_ph2m,wP,1.0,16,0.5277763257405399,0.1730201708628732,0.8825324806182065,0.0078046173409711,-0.0012162259573432845,-0.014022515231472325,-0.5417988409720123,False,False
lp_wealth,wealth,PH2M,contractionary,mp_pos_x_ph2m,wP,1.0,17,0.5551773827171279,0.2197393947304766,0.8906153707037793,0.0078046173409711,-0.00120657718739142,-0.013911269436397746,-0.5690886521535257,False,False
lp_wealth,wealth,PH2M,contractionary,mp_pos_x_ph2m,wP,1.0,18,0.4800263275214171,0.1706033360781963,0.789449318964638,0.0078046173409711,-0.0011982677633420383,-0.01381546567181461,-0.49384179319323174,False,False
lp_wealth,wealth,PH2M,contractionary,mp_pos_x_ph2m,wP,1.0,19,0.4225740843457808,0.1085141760693939,0.7366339926221678,0.0078046173409711,-0.0011910643570684754,-0.01373241377378559,-0.4363064981195664,False,False
lp_wealth,wealth,PH2M,contractionary,mp_pos_x_ph2m,wP,1.0,20,0.2307383477975122,-0.1737411278173451,0.6352178234123695,0.0078046173409711,-0.0011847784086520135,-0.013659939734827709,-0.24439828753233991,True,False
lp_wealth,wealth,PH2M,contractionary,mp_pos_x_ph2m,wP,1.0,21,0.1638475475817199,-0.2318896804794376,0.5595847756428775,0.0078046173409711,-0.0011792572698676974,-0.013596283592454902,-0.1774438311741748,True,False
lp_wealth,wealth,PH2M,contractionary,mp_pos_x_ph2m,wP,1.0,22,0.2047604870229331,-0.2755838065309844,0.6851047805768506,0.0078046173409711,-0.0011743771221488424,-0.013540017776628244,-0.21830050479956134,True,False
lp_wealth,wealth,PH2M,contractionary,mp_pos_x_ph2m,wP,1.0,23,0.2281345213622724,-0.3132911110009949,0.7695601537255398,0.0078046173409711,-0.0011700372966532216,-0.0134899816227813,-0.24162450298505372,True,False
lp_wealth,wealth,PH2M,contractionary,mp_pos_x_ph2m,wP,1.0,24,0.3866825838109568,-0.1930222119342007,0.9663873795561144,0.0078046173409711,-0.0011661557182564915,-0.013445228843199784,-0.4001278126541566,True,False
lp_wealth,wealth,PH2M,contractionary,mp_pos_x_ph2m,wP,1.0,25,0.3661434408029329,-0.1877747960271536,0.9200616776330194,0.0078046173409711,-0.0011626652431180069,-0.013404985300872016,-0.3795484261038049,True,False
lp_wealth,wealth,PH2M,contractionary,mp_pos_x_ph2m,wP,1.0,26,0.3954041563314438,-0.0609211612169413,0.851729473879829,0.0078046173409711,-0.0011595107048268138,-0.013368614952936717,-0.40877277128438055,True,False
lp_wealth,wealth,PH2M,contractionary,mp_pos_x_ph2m,wP,1.0,27,0.3906639381647434,-0.0893774233861324,0.8707052997156194,0.0078046173409711,-0.0011566465166779314,-0.013335592206052382,-0.4039995303707958,True,False
lp_wealth,wealth,PH2M,contractionary,mp_pos_x_ph2m,wP,1.0,28,0.3107101936405942,-0.1091363552997483,0.7305567425809367,0.0078046173409711,-0.0011540347023223786,-0.013305479210715133,-0.32401567285130933,True,False
lp_wealth,wealth,PH2M,contractionary,mp_pos_x_ph2m,wP,1.0,29,0.1727803315251414,-0.1993633828526881,0.5449240459029712,0.0078046173409711,-0.0011516432435506555,-0.013277906811976681,-0.1860582383371181,True,False
lp_wealth,wealth,PH2M,contractionary,mp_pos_x_ph2m,wP,1.0,30,0.0788088339718702,-0.2535504927932775,0.411168160737018,0.0078046173409711,-0.001149444642893348,-0.013252557976903005,-0.0920613919487732,True,False
lp_wealth,wealth,PH2M,contractionary,mp_pos_x_ph2m,wP,1.0,31,0.0531182509901066,-0.2947694806797571,0.4010059826599703,0.0078046173409711,-0.0011474145998469421,-0.013229152532078466,-0.06634740352218507,True,False
lp_wealth,wealth,PH2M,contractionary,mp_pos_x_ph2m,wP,1.0,32,0.0414514957168864,-0.3284259441691917,0.4113289356029645,0.0078046173409711,-0.0011455306926267494,-0.013207431964834909,-0.054658927681721314,True,False
lp_wealth,wealth,PH2M,contractionary,mp_pos_x_ph2m,wP,1.0,33,-0.0499861549272802,-0.3615778331483907,0.2616055232938303,0.0078046173409711,-0.0011437709428743633,-0.013187142875001374,0.036799012052278826,True,True
lp_wealth,wealth,PH2M,contractionary,mp_pos_x_ph2m,wP,1.0,34,0.0026192250769975,-0.3622221428582661,0.3674605930122612,0.0078046173409711,-0.0011421121215214455,-0.013168017442307608,-0.01578724251930511,True,False
lp_wealth,wealth,PH2M,contractionary,mp_pos_x_ph2m,wP,1.0,35,0.0840343830755495,-0.2905555486683512,0.4586243148194502,0.0078046173409711,-0.001140527639354806,-0.013149749105588145,-0.09718413218113764,True,False
lp_wealth,wealth,PH2M,contractionary,mp_pos_x_ph2m,wP,1.0,36,0.0367157329663674,-0.3114174217484287,0.3848488876811635,0.0078046173409711,-0.001138984880068548,-0.013131961814123568,-0.04984769478049096,True,False
lp_wealth,wealth,PH2M,contractionary,mp_pos_x_ph2m,wP,1.0,37,-0.0759519710885519,-0.3311215671069926,0.1792176249298888,0.0078046173409711,-0.0011374419343250718,-0.013114172372894662,0.06283779871565723,True,True
lp_wealth,wealth,PH2M,contractionary,mp_pos_x_ph2m,wP,1.0,38,-0.0495597999020518,-0.3019731339510972,0.2028535341469935,0.0078046173409711,-0.001135844008711614,-0.013095749039534454,0.03646405086251735,True,True
lp_wealth,wealth,PH2M,contractionary,mp_pos_x_ph2m,wP,1.0,39,-0.108593109650814,-0.3532007268672858,0.1360145075656577,0.0078046173409711,-0.0011341205881835034,-0.013075878808628963,0.09551723084218502,True,True
lp_wealth,wealth,PH2M,contractionary,mp_pos_x_ph2m,wP,1.0,40,-0.0513727049383789,-0.2884527178675486,0.1857073079907907,0.0078046173409711,-0.0011321862981698266,-0.013053577351391432,0.03831912758698747,True,True
lp_wealth,wealth,PH2M,contractionary,mp_pos_x_ph2m,wP,1.0,41,-0.031114316363033,-0.2508742909769043,0.1886456582508382,0.0078046173409711,-0.0011299525189533972,-0.013027822924019605,0.018086493439013394,True,True
lp_wealth,wealth,PH2M,contractionary,mp_pos_x_ph2m,wP,1.0,42,-0.0114618818119049,-0.2216904840612848,0.1987667204374748,0.0078046173409711,-0.001127365528706344,-0.012997996139018062,-0.0015361143271131628,True,True
lp_wealth,wealth,PH2M,contractionary,mp_pos_x_ph2m,wP,1.0,43,-0.0029819298617712,-0.2179758867195227,0.2120120269959803,0.0078046173409711,-0.0011245050535596383,-0.012965016201308504,-0.009983086339537303,True,True
lp_wealth,wealth,PH2M,contractionary,mp_pos_x_ph2m,wP,1.0,44,0.0201991487951677,-0.1846471395734606,0.2250454371637962,0.0078046173409711,-0.0011218139984010686,-0.012933989596653392,-0.03313313839182109,True,False
lp_wealth,wealth,PH2M,contractionary,mp_pos_x_ph2m,wP,1.0,45,-0.0087071230980493,-0.218180044180628,0.2007657979845294,0.0078046173409711,-0.0011206031523668099,-0.012920029109413464,-0.004212906011364164,True,True
lp_wealth,wealth,PH2M,contractionary,mp_pos_x_ph2m,wP,1.0,46,-0.0127959216422666,-0.2235017552038573,0.197909911919324,0.0078046173409711,-0.0011240811774300627,-0.012960129108209279,-0.00016420746594267982,True,True
lp_wealth,wealth,PH2M,contractionary,mp_pos_x_ph2m,wP,1.0,47,0.0383545720059893,-0.1541719627380933,0.230881106750072,0.0078046173409711,-0.0011382266812984025,-0.013123220137678778,-0.05147779214366808,True,False
lp_wealth,wealth,PH2M,expansionary,mp_neg_x_ph2m,wP,-1.0,0,0.0032104263575938,-0.0561320039043558,0.0625528566195435,0.0115305629408614,-0.003135178393413179,0.05340387934166077,0.05019345298406697,True,True
lp_wealth,wealth,PH2M,expansionary,mp_neg_x_ph2m,wP,-1.0,1,-0.0826709619869517,-0.1856696997487696,0.0203277757748661,0.0115305629408614,-0.0018193427235104536,0.030990249068955047,0.11366121105590675,False,False
lp_wealth,wealth,PH2M,expansionary,mp_neg_x_ph2m,wP,-1.0,2,-0.1020204944604416,-0.2724411625788641,0.0684001736579807,0.0115305629408614,-0.0019822261131464637,0.0337647657934762,0.1357852602539178,True,False
lp_wealth,wealth,PH2M,expansionary,mp_neg_x_ph2m,wP,-1.0,3,-0.0964882133644011,-0.2728581515252919,0.0798817247964896,0.0115305629408614,-0.001750070892051644,0.02981028925015357,0.12629850261455466,True,False
lp_wealth,wealth,PH2M,expansionary,mp_neg_x_ph2m,wP,-1.0,4,-0.1312418130432139,-0.3118624219346138,0.0493787958481859,0.0115305629408614,-0.0016700849915733036,0.028447828540691653,0.15968964158390553,True,False
lp_wealth,wealth,PH2M,expansionary,mp_neg_x_ph2m,wP,-1.0,5,-0.2170350001165686,-0.4767356373255554,0.0426656370924181,0.0115305629408614,-0.0015730521131117666,0.026794993683057752,0.24382999379962633,True,False
lp_wealth,wealth,PH2M,expansionary,mp_neg_x_ph2m,wP,-1.0,6,-0.2480409016938834,-0.5309600771998801,0.0348782738121131,0.0115305629408614,-0.0015036451406126943,0.025612731904079637,0.273653633597963,True,False
lp_wealth,wealth,PH2M,expansionary,mp_neg_x_ph2m,wP,-1.0,7,-0.3583886185520557,-0.6984902943034953,-0.0182869428006162,0.0115305629408614,-0.0014441892400931036,0.02459997430656338,0.3829885928586191,False,False
lp_wealth,wealth,PH2M,expansionary,mp_neg_x_ph2m,wP,-1.0,8,-0.4019421645590655,-0.7892558828175075,-0.0146284463006235,0.0115305629408614,-0.0013963835968904977,0.0237856644073863,0.4257278289664518,False,False
lp_wealth,wealth,PH2M,expansionary,mp_neg_x_ph2m,wP,-1.0,9,-0.297305810015799,-0.6396384679844792,0.0450268479528812,0.0115305629408614,-0.0013568843521650472,0.02311284371436403,0.320418653730163,True,False
lp_wealth,wealth,PH2M,expansionary,mp_neg_x_ph2m,wP,-1.0,10,-0.3046847234120572,-0.6005133746607664,-0.008856072163348,0.0115305629408614,-0.001324407018981374,0.022559632584074382,0.3272443559961316,False,False
lp_wealth,wealth,PH2M,expansionary,mp_neg_x_ph2m,wP,-1.0,11,-0.1989093879996498,-0.4692668660186057,0.0714480900193061,0.0115305629408614,-0.0012975072379625794,0.0221014281441411,0.2210108161437909,True,False
lp_wealth,wealth,PH2M,expansionary,mp_neg_x_ph2m,wP,-1.0,12,-0.2400013967351882,-0.5217288542997741,0.0417260608293977,0.0115305629408614,-0.0012751491245920363,0.021720585385318767,0.26172198212050696,True,False
lp_wealth,wealth,PH2M,expansionary,mp_neg_x_ph2m,wP,-1.0,13,-0.283652354940653,-0.5762941978940461,0.00898948801274,0.0115305629408614,-0.0012564646995769202,0.02140231935580927,0.30505467429646227,False,False
lp_wealth,wealth,PH2M,expansionary,mp_neg_x_ph2m,wP,-1.0,14,-0.2683947861669372,-0.5829688256160126,0.046179253282138,0.0115305629408614,-0.0012407676541019688,0.021134939635304037,0.28952972580224123,True,False
lp_wealth,wealth,PH2M,expansionary,mp_neg_x_ph2m,wP,-1.0,15,-0.2474550957202117,-0.5805962340845814,0.0856860426441579,0.0115305629408614,-0.001227503177549104,0.020908995712352878,0.26836409143256457,True,False
lp_wealth,wealth,PH2M,expansionary,mp_neg_x_ph2m,wP,-1.0,16,-0.3203179928092885,-0.6518916344647927,0.0112556488462156,0.0115305629408614,-0.0012162259573432845,0.02071690223899704,0.34103489504828555,False,False
lp_wealth,wealth,PH2M,expansionary,mp_neg_x_ph2m,wP,-1.0,17,-0.29999968408214,-0.6228414291072922,0.0228420609430121,0.0115305629408614,-0.00120657718739142,0.020552547398013384,0.3205522314801534,True,False
lp_wealth,wealth,PH2M,expansionary,mp_neg_x_ph2m,wP,-1.0,18,-0.2748809887602158,-0.6131173915123658,0.063355413991934,0.0115305629408614,-0.0011982677633420383,0.02041100665498448,0.2952919954152003,True,False
lp_wealth,wealth,PH2M,expansionary,mp_neg_x_ph2m,wP,-1.0,19,-0.3592769523862317,-0.6687697935013178,-0.0497841112711456,0.0115305629408614,-0.0011910643570684754,0.020288305554373894,0.3795652579406056,False,False
lp_wealth,wealth,PH2M,expansionary,mp_neg_x_ph2m,wP,-1.0,20,-0.347558486421652,-0.6497897187791988,-0.0453272540641051,0.0115305629408614,-0.0011847784086520135,0.020181232211598277,0.3677397186332503,False,False
lp_wealth,wealth,PH2M,expansionary,mp_neg_x_ph2m,wP,-1.0,21,-0.2866201194014908,-0.5842617865448436,0.0110215477418619,0.0115305629408614,-0.0011792572698676974,0.020087186453281735,0.3067073058547725,False,False
lp_wealth,wealth,PH2M,expansionary,mp_neg_x_ph2m,wP,-1.0,22,-0.3292740670336594,-0.6158212279171392,-0.0427269061501797,0.0115305629408614,-0.0011743771221488424,0.02000405918355611,0.34927812621721555,False,False
lp_wealth,wealth,PH2M,expansionary,mp_neg_x_ph2m,wP,-1.0,23,-0.2031658526963586,-0.4974427883260875,0.0911110829333702,0.0115305629408614,-0.0011700372966532216,0.0199301356334261,0.2230959883297847,True,False
lp_wealth,wealth,PH2M,expansionary,mp_neg_x_ph2m,wP,-1.0,24,-0.1186735052688556,-0.4183395112559493,0.1809925007182381,0.0115305629408614,-0.0011661557182564915,0.019864017754842325,0.13853752302369793,True,False
lp_wealth,wealth,PH2M,expansionary,mp_neg_x_ph2m,wP,-1.0,25,-0.1804409597940852,-0.4854020560985527,0.1245201365103823,0.0115305629408614,-0.0011626652431180069,0.019804561835672835,0.20024552162975803,True,False
lp_wealth,wealth,PH2M,expansionary,mp_neg_x_ph2m,wP,-1.0,26,-0.1902026374041944,-0.4793174580793686,0.0989121832709798,0.0115305629408614,-0.0011595107048268138,0.01975082818446005,0.20995346558865446,True,False
lp_wealth,wealth,PH2M,expansionary,mp_neg_x_ph2m,wP,-1.0,27,-0.1709898650271827,-0.469801420652381,0.1278216905980156,0.0115305629408614,-0.0011566465166779314,0.019702040288168063,0.19069190531535074,True,False
lp_wealth,wealth,PH2M,expansionary,mp_neg_x_ph2m,wP,-1.0,28,-0.2482516346982816,-0.5309325635432097,0.0344292941466465,0.0115305629408614,-0.0011540347023223786,0.01965755126674593,0.26790918596502755,True,False
lp_wealth,wealth,PH2M,expansionary,mp_neg_x_ph2m,wP,-1.0,29,-0.2871484315475016,-0.5353133020250299,-0.0389835610699732,0.0115305629408614,-0.0011516432435506555,0.019616815729666455,0.30676524727716803,False,False
lp_wealth,wealth,PH2M,expansionary,mp_neg_x_ph2m,wP,-1.0,30,-0.364808682471798,-0.6608557232412119,-0.0687616417023841,0.0115305629408614,-0.001149444642893348,0.01957936529160844,0.3843880477634064,False,False
lp_wealth,wealth,PH2M,expansionary,mp_neg_x_ph2m,wP,-1.0,31,-0.2170504884122265,-0.4711073327622531,0.0370063559377999,0.0115305629408614,-0.0011474145998469421,0.01954478602360366,0.23659527443583014,True,False
lp_wealth,wealth,PH2M,expansionary,mp_neg_x_ph2m,wP,-1.0,32,-0.3104346083520125,-0.5564639390150643,-0.0644052776889607,0.0115305629408614,-0.0011455306926267494,0.019512695998331275,0.32994730435034375,False,False
lp_wealth,wealth,PH2M,expansionary,mp_neg_x_ph2m,wP,-1.0,33,-0.4965071765395697,-0.8568715599388247,-0.1361427931403148,0.0115305629408614,-0.0011437709428743633,0.019482720841687753,0.5159898973812574,False,False
lp_wealth,wealth,PH2M,expansionary,mp_neg_x_ph2m,wP,-1.0,34,-0.2388869589691294,-0.6092242915372538,0.1314503735989948,0.0115305629408614,-0.0011421121215214455,0.019454464875275537,0.25834142384440495,True,False
lp_wealth,wealth,PH2M,expansionary,mp_neg_x_ph2m,wP,-1.0,35,-0.134760579567623,-0.5622405895215082,0.2927194303862622,0.0115305629408614,-0.001140527639354806,0.019427475184792847,0.15418805475241584,True,False
lp_wealth,wealth,PH2M,expansionary,mp_neg_x_ph2m,wP,-1.0,36,0.1387542711702288,-0.3248117176628966,0.6023202600033543,0.0115305629408614,-0.001138984880068548,0.019401196191881426,-0.11935307497834736,True,True
lp_wealth,wealth,PH2M,expansionary,mp_neg_x_ph2m,wP,-1.0,37,0.0750879316479515,-0.4968456712203391,0.6470215345162422,0.0115305629408614,-0.0011374419343250718,0.01937491402290232,-0.055713017625049176,True,True
lp_wealth,wealth,PH2M,expansionary,mp_neg_x_ph2m,wP,-1.0,38,-0.189447014059104,-0.8023054935781041,0.423411465459896,0.0115305629408614,-0.001135844008711614,0.01934769533995996,0.20879470939906397,True,False
lp_wealth,wealth,PH2M,expansionary,mp_neg_x_ph2m,wP,-1.0,39,-0.362864224304491,-1.1638684461931386,0.4381399975841564,0.0115305629408614,-0.0011341205881835034,0.019318339006638856,0.3821825633111299,True,False
lp_wealth,wealth,PH2M,expansionary,mp_neg_x_ph2m,wP,-1.0,40,0.1690706461745899,-0.6584773089558038,0.9966186013049838,0.0115305629408614,-0.0011321862981698266,0.019285390772905427,-0.14978525540168447,True,True
lp_wealth,wealth,PH2M,expansionary,mp_neg_x_ph2m,wP,-1.0,41,0.2502573625244307,-0.6434516982147378,1.143966423263599,0.0115305629408614,-0.0011299525189533972,0.019247341111680173,-0.23101002141275054,True,True
lp_wealth,wealth,PH2M,expansionary,mp_neg_x_ph2m,wP,-1.0,42,0.322848766158812,-0.5065309717829323,1.1522285041005562,0.0115305629408614,-0.001127365528706344,0.01920327493818844,-0.3036454912206235,True,True
lp_wealth,wealth,PH2M,expansionary,mp_neg_x_ph2m,wP,-1.0,43,0.3504934725531066,-0.4505423897230568,1.15152933482927,0.0115305629408614,-0.0011245050535596383,0.019154550288287997,-0.3313389222648186,True,True
lp_wealth,wealth,PH2M,expansionary,mp_neg_x_ph2m,wP,-1.0,44,0.3596213189236291,-0.3540968462351679,1.0733394840824262,0.0115305629408614,-0.0011218139984010686,0.01910871149796846,-0.34051260742566064,True,True
lp_wealth,wealth,PH2M,expansionary,mp_neg_x_ph2m,wP,-1.0,45,0.4548642439743403,-0.2088162945622702,1.118544782510951,0.0115305629408614,-0.0011206031523668099,0.019088086236053303,-0.435776157738287,True,True
lp_wealth,wealth,PH2M,expansionary,mp_neg_x_ph2m,wP,-1.0,46,0.4473710834950058,-0.2927706816980392,1.1875128486880506,0.0115305629408614,-0.0011240811774300627,0.019147330083617277,-0.4282237534113885,True,True
lp_wealth,wealth,PH2M,expansionary,mp_neg_x_ph2m,wP,-1.0,47,0.3927469643458834,-0.270504262587387,1.0559981912791538,0.0115305629408614,-0.0011382266812984025,0.019388281215265448,-0.373358683130618,True,True
lp_wealth,wealth,WH2M,contractionary,mp_pos_x_wh2m,wW,1.0,0,-0.0486968576420772,-0.134112821591217,0.0367191063070626,0.009145853557827,-0.001559272576528257,-0.021067175922324433,0.027629681719752767,True,True
lp_wealth,wealth,WH2M,contractionary,mp_pos_x_wh2m,wW,1.0,1,-0.0601323761495779,-0.1973079703381663,0.0770432180390105,0.009145853557827,-0.0014811343419805574,-0.02001145804576085,0.04012091810381705,True,True
lp_wealth,wealth,WH2M,contractionary,mp_pos_x_wh2m,wW,1.0,2,-0.1133550868727936,-0.2995533144360509,0.0728431406904636,0.009145853557827,-0.001781863026684758,-0.024074573245066618,0.08928051362772697,True,True
lp_wealth,wealth,WH2M,contractionary,mp_pos_x_wh2m,wW,1.0,3,-0.1962138497869612,-0.4074033331436897,0.0149756335697672,0.009145853557827,-0.0019611895491209877,-0.026497435964883236,0.16971641382207794,True,True
lp_wealth,wealth,WH2M,contractionary,mp_pos_x_wh2m,wW,1.0,4,-0.225115246032723,-0.4740939308555931,0.023863438790147,0.009145853557827,-0.002166968697631002,-0.02927769747147559,0.1958375485612474,True,True
lp_wealth,wealth,WH2M,contractionary,mp_pos_x_wh2m,wW,1.0,5,-0.3557162284200029,-0.6833867551648661,-0.0280457016751398,0.009145853557827,-0.0023549858004845436,-0.03181797775463207,0.3238982506653708,True,True
lp_wealth,wealth,WH2M,contractionary,mp_pos_x_wh2m,wW,1.0,6,-0.3693654903114978,-0.7207493306166128,-0.0179816500063828,0.009145853557827,-0.0025381525489079895,-0.0342927253839071,0.3350727649275907,True,True
lp_wealth,wealth,WH2M,contractionary,mp_pos_x_wh2m,wW,1.0,7,-0.4435586264429097,-0.7533697280731275,-0.1337475248126918,0.009145853557827,-0.0027125584561460353,-0.03664910616362763,0.40690952027928207,False,True
lp_wealth,wealth,WH2M,contractionary,mp_pos_x_wh2m,wW,1.0,8,-0.3961311777401601,-0.753087293012671,-0.0391750624676493,0.009145853557827,-0.0028793825120198256,-0.03890304930741968,0.35722812843274043,False,True
lp_wealth,wealth,WH2M,contractionary,mp_pos_x_wh2m,wW,1.0,9,-0.3199972973719937,-0.6741927721602965,0.034198177416309,0.009145853557827,-0.003038373345939656,-0.041051158572371814,0.27894613879962193,True,True
lp_wealth,wealth,WH2M,contractionary,mp_pos_x_wh2m,wW,1.0,10,-0.3359642694503913,-0.7399860462326103,0.0680575073318277,0.009145853557827,-0.0031897664300862437,-0.043096615399580776,0.29286765405081056,True,True
lp_wealth,wealth,WH2M,contractionary,mp_pos_x_wh2m,wW,1.0,11,-0.2704302986813693,-0.6449140747776895,0.1040534774149507,0.009145853557827,-0.0033337013536067816,-0.045041305764061464,0.22538899291730785,True,True
lp_wealth,wealth,WH2M,contractionary,mp_pos_x_wh2m,wW,1.0,12,-0.2678165978695198,-0.6165744205844179,0.0809412248453783,0.009145853557827,-0.0034703830107305107,-0.046887997971264694,0.22092859989825508,True,True
lp_wealth,wealth,WH2M,contractionary,mp_pos_x_wh2m,wW,1.0,13,-0.2567071322419468,-0.6102505935594708,0.0968363290755772,0.009145853557827,-0.0036000241012879262,-0.048639565787339585,0.20806756645460722,True,True
lp_wealth,wealth,WH2M,contractionary,mp_pos_x_wh2m,wW,1.0,14,-0.3272209780675253,-0.6533118980704061,-0.0011300580646444,0.009145853557827,-0.003722854172261452,-0.050299110598620994,0.27692186746890435,True,True
lp_wealth,wealth,WH2M,contractionary,mp_pos_x_wh2m,wW,1.0,15,-0.3654069532327104,-0.6385341323794909,-0.09227977408593,0.009145853557827,-0.003839110327698709,-0.05186983589419628,0.3135371173385141,False,True
lp_wealth,wealth,WH2M,contractionary,mp_pos_x_wh2m,wW,1.0,16,-0.3514931765938013,-0.6057783430233512,-0.0972080101642515,0.009145853557827,-0.003949034559246274,-0.05335501119901376,0.29813816539478755,False,True
lp_wealth,wealth,WH2M,contractionary,mp_pos_x_wh2m,wW,1.0,17,-0.3673508153937925,-0.6109550042508538,-0.1237466265367312,0.009145853557827,-0.0040528701059833645,-0.05475792289195944,0.3125928925018331,False,True
lp_wealth,wealth,WH2M,contractionary,mp_pos_x_wh2m,wW,1.0,18,-0.3265812755987495,-0.5596097555104866,-0.0935527956870124,0.009145853557827,-0.004150858934803945,-0.05608184016355155,0.27049943543519794,False,True
lp_wealth,wealth,WH2M,contractionary,mp_pos_x_wh2m,wW,1.0,19,-0.2655965841349113,-0.4934550653038836,-0.0377381029659388,0.009145853557827,-0.004243239585060901,-0.05732998589514343,0.20826659823976784,True,True
lp_wealth,wealth,WH2M,contractionary,mp_pos_x_wh2m,wW,1.0,20,-0.1670554303951649,-0.4599603845951003,0.1258495238047704,0.009145853557827,-0.004330245486758573,-0.058505513936190905,0.108549916458974,True,True
lp_wealth,wealth,WH2M,contractionary,mp_pos_x_wh2m,wW,1.0,21,-0.1338410492503798,-0.4373838354859657,0.1697017369852061,0.009145853557827,-0.00441210362252784,-0.05961149102633145,0.07422955822404834,True,True
lp_wealth,wealth,WH2M,contractionary,mp_pos_x_wh2m,wW,1.0,22,-0.197469492499872,-0.5638438802283438,0.1689048952285997,0.009145853557827,-0.004489033489531444,-0.060650882769790734,0.13681860973008125,True,True
lp_wealth,wealth,WH2M,contractionary,mp_pos_x_wh2m,wW,1.0,23,-0.1188329645304053,-0.5545821684018938,0.3169162393410829,0.009145853557827,-0.004561246304632204,-0.06162654289648983,0.05720642163391547,True,True
lp_wealth,wealth,WH2M,contractionary,mp_pos_x_wh2m,wW,1.0,24,-0.3094631579151077,-0.7224664632074675,0.1035401473772521,0.009145853557827,-0.004628944410650984,-0.06254120524005602,0.24692195267505168,True,True
lp_wealth,wealth,WH2M,contractionary,mp_pos_x_wh2m,wW,1.0,25,-0.3510275039334531,-0.727388864072159,0.0253338562052526,0.009145853557827,-0.0046923208462009034,-0.06339747792589569,0.28763002600755744,True,True
lp_wealth,wealth,WH2M,contractionary,mp_pos_x_wh2m,wW,1.0,26,-0.3178640404353887,-0.6109711640962562,-0.0247569167745212,0.009145853557827,-0.004751559047666482,-0.0641978393446645,0.2536662010907242,True,True
lp_wealth,wealth,WH2M,contractionary,mp_pos_x_wh2m,wW,1.0,27,-0.3106230762688712,-0.6126898784608321,-0.0085562740769103,0.009145853557827,-0.004806832656196135,-0.06494463554456213,0.24567844072430906,True,True
lp_wealth,wealth,WH2M,contractionary,mp_pos_x_wh2m,wW,1.0,28,-0.2896509194870559,-0.5540492138741002,-0.0252526251000118,0.009145853557827,-0.004858305406179926,-0.06564007872456645,0.22401084076248945,True,True
lp_wealth,wealth,WH2M,contractionary,mp_pos_x_wh2m,wW,1.0,29,-0.1753088570692565,-0.4306387203654172,0.0800210062269041,0.009145853557827,-0.004906131074305906,-0.06628624654613878,0.10902261052311772,True,True
lp_wealth,wealth,WH2M,contractionary,mp_pos_x_wh2m,wW,1.0,30,-0.171455563695136,-0.4685258006599278,0.1256146732696557,0.009145853557827,-0.0049504534700384635,-0.06688508200457778,0.10457048169055823,True,True
lp_wealth,wealth,WH2M,contractionary,mp_pos_x_wh2m,wW,1.0,31,-0.1890134132603824,-0.4882535884820094,0.1102267619612444,0.009145853557827,-0.004991406449223071,-0.06743839361283192,0.12157501964755048,True,True
lp_wealth,wealth,WH2M,contractionary,mp_pos_x_wh2m,wW,1.0,32,-0.153777407459917,-0.4675101862361976,0.1599553713163637,0.009145853557827,-0.0050291139325476485,-0.067947855650929,0.08582955180898799,True,True
lp_wealth,wealth,WH2M,contractionary,mp_pos_x_wh2m,wW,1.0,33,-0.086062132510789,-0.3734630079362467,0.2013387429146685,0.009145853557827,-0.005063689910096491,-0.06841500822750393,0.017647124283285062,True,True
lp_wealth,wealth,WH2M,contractionary,mp_pos_x_wh2m,wW,1.0,34,-0.1762612091551294,-0.481061734906618,0.1285393165963591,0.009145853557827,-0.005095238413088097,-0.06884125689795126,0.10741995225717815,True,True
lp_wealth,wealth,WH2M,contractionary,mp_pos_x_wh2m,wW,1.0,35,-0.1758288526694964,-0.4845686720289625,0.1329109666899695,0.009145853557827,-0.005123853436347252,-0.06922787161695328,0.10660098105254313,True,True
lp_wealth,wealth,WH2M,contractionary,mp_pos_x_wh2m,wW,1.0,36,-0.09139480985376,-0.3613753250673961,0.1785857053598761,0.009145853557827,-0.005149618805386872,-0.0695759849426361,0.0218188249111239,True,True
lp_wealth,wealth,WH2M,contractionary,mp_pos_x_wh2m,wW,1.0,37,0.0077824259258054,-0.2355442084503501,0.251109060301961,0.009145853557827,-0.005172608011820468,-0.06988658981284394,-0.07766901573864934,True,False
lp_wealth,wealth,WH2M,contractionary,mp_pos_x_wh2m,wW,1.0,38,0.0538166145129139,-0.1910293889465587,0.2986626179723867,0.009145853557827,-0.005192884115028181,-0.07016053821655868,-0.12397715272947257,True,False
lp_wealth,wealth,WH2M,contractionary,mp_pos_x_wh2m,wW,1.0,39,0.1118502719845855,-0.1231706174727648,0.3468711614419359,0.009145853557827,-0.005210499978395421,-0.0703985443856966,-0.1822488163702821,True,False
lp_wealth,wealth,WH2M,contractionary,mp_pos_x_wh2m,wW,1.0,40,0.0455600672641971,-0.1896783304245428,0.2807984649529371,0.009145853557827,-0.005225499481016222,-0.07060120116631115,-0.11616126843050825,True,False
lp_wealth,wealth,WH2M,contractionary,mp_pos_x_wh2m,wW,1.0,41,0.0657121987960589,-0.1541716310206946,0.2855960286128125,0.009145853557827,-0.005237921134747611,-0.07076902888825315,-0.13648122768431203,True,False
lp_wealth,wealth,WH2M,contractionary,mp_pos_x_wh2m,wW,1.0,42,0.0152661236193245,-0.1684486463618096,0.1989808936004588,0.009145853557827,-0.0052478071704496945,-0.07090259812845225,-0.08616872174777675,True,False
lp_wealth,wealth,WH2M,contractionary,mp_pos_x_wh2m,wW,1.0,43,-0.0362730952931489,-0.2209874649271318,0.148441274340834,0.009145853557827,-0.0052552244871639,-0.07100281275317019,-0.03472971746002129,True,True
lp_wealth,wealth,WH2M,contractionary,mp_pos_x_wh2m,wW,1.0,44,-0.0363402455914119,-0.1930688967934207,0.1203884056105968,0.009145853557827,-0.005260310569323368,-0.07107153030084071,-0.03473128470942881,True,True
lp_wealth,wealth,WH2M,contractionary,mp_pos_x_wh2m,wW,1.0,45,0.0108193139187181,-0.1715958882406859,0.1932345160781222,0.009145853557827,-0.0052633710504591345,-0.07111288015555162,-0.08193219407426972,True,False
lp_wealth,wealth,WH2M,contractionary,mp_pos_x_wh2m,wW,1.0,46,0.015208646056758,-0.1647893972605749,0.1952066893740911,0.009145853557827,-0.005265087789490996,-0.07113607484501219,-0.0863447209017702,True,False
lp_wealth,wealth,WH2M,contractionary,mp_pos_x_wh2m,wW,1.0,47,-0.0034509023512179,-0.149711882037507,0.1428100773350711,0.009145853557827,-0.005267113904546767,-0.0711634494830077,-0.06771254713178981,True,True
lp_wealth,wealth,WH2M,expansionary,mp_neg_x_wh2m,wW,-1.0,0,0.019707426734624,-0.0447290217945238,0.084143875263772,0.0135086976937041,-0.001559272576528257,0.031116845354604548,0.011409418619980547,True,True
lp_wealth,wealth,WH2M,expansionary,mp_neg_x_wh2m,wW,-1.0,1,-0.0108033652334974,-0.0802900314149778,0.058683300947983,0.0135086976937041,-0.0014811343419805574,0.029557518654896812,0.04036088388839421,True,False
lp_wealth,wealth,WH2M,expansionary,mp_neg_x_wh2m,wW,-1.0,2,0.0949061168748997,-0.0397142824931429,0.2295265162429424,0.0135086976937041,-0.001781863026684758,0.03555886063736748,-0.059347256237532224,True,True
lp_wealth,wealth,WH2M,expansionary,mp_neg_x_wh2m,wW,-1.0,3,0.0845166572117781,-0.0418330286071773,0.2108663430307336,0.0135086976937041,-0.0019611895491209877,0.03913750092811851,-0.04537915628365959,True,True
lp_wealth,wealth,WH2M,expansionary,mp_neg_x_wh2m,wW,-1.0,4,0.0778504381413783,-0.0703175364008755,0.2260184126836321,0.0135086976937041,-0.002166968697631002,0.04324402985562978,-0.03460640828574853,True,True
lp_wealth,wealth,WH2M,expansionary,mp_neg_x_wh2m,wW,-1.0,5,0.1656949757675521,-0.0234217736115258,0.3548117251466302,0.0135086976937041,-0.0023549858004845436,0.04699609937931797,-0.11869887638823412,True,True
lp_wealth,wealth,WH2M,expansionary,mp_neg_x_wh2m,wW,-1.0,6,0.1785247426861219,-0.0603025460515107,0.4173520314237547,0.0135086976937041,-0.0025381525489079895,0.050651375224345846,-0.12787336746177605,True,True
lp_wealth,wealth,WH2M,expansionary,mp_neg_x_wh2m,wW,-1.0,7,0.2263938168469082,-0.0519940709521668,0.5047817046459835,0.0135086976937041,-0.0027125584561460353,0.0541318197124667,-0.1722619971344415,True,True
lp_wealth,wealth,WH2M,expansionary,mp_neg_x_wh2m,wW,-1.0,8,0.3265765201008587,-0.0893914222795141,0.7425444624812316,0.0135086976937041,-0.0028793825120198256,0.05746096076592546,-0.26911555933493325,True,True
lp_wealth,wealth,WH2M,expansionary,mp_neg_x_wh2m,wW,-1.0,9,0.2264993654462395,-0.1226826176624937,0.5756813485549728,0.0135086976937041,-0.003038373345939656,0.060633782032941015,-0.1658655834132985,True,True
lp_wealth,wealth,WH2M,expansionary,mp_neg_x_wh2m,wW,-1.0,10,0.1463023238585578,-0.1312114362972251,0.4238160840143408,0.0135086976937041,-0.0031897664300862437,0.06365498259662619,-0.0826473412619316,True,True
lp_wealth,wealth,WH2M,expansionary,mp_neg_x_wh2m,wW,-1.0,11,0.0875574307695955,-0.1560492486365596,0.3311641101757507,0.0135086976937041,-0.0033337013536067816,0.06652734809816506,-0.021030082671430445,True,True
lp_wealth,wealth,WH2M,expansionary,mp_neg_x_wh2m,wW,-1.0,12,0.097131081581973,-0.1316369491795285,0.3258991123434746,0.0135086976937041,-0.0034703830107305107,0.0692549674070352,-0.027876114174937808,True,True
lp_wealth,wealth,WH2M,expansionary,mp_neg_x_wh2m,wW,-1.0,13,0.0933503004000987,-0.1353910678203775,0.322091668620575,0.0135086976937041,-0.0036000241012879262,0.07184208516130186,-0.02150821523879684,True,True
lp_wealth,wealth,WH2M,expansionary,mp_neg_x_wh2m,wW,-1.0,14,0.1088409764845205,-0.1323377349783531,0.3500196879473943,0.0135086976937041,-0.003722854172261452,0.07429328220081387,-0.03454769428370663,True,True
lp_wealth,wealth,WH2M,expansionary,mp_neg_x_wh2m,wW,-1.0,15,0.1020805458752452,-0.1519637410519316,0.3561248328024221,0.0135086976937041,-0.003839110327698709,0.07661329017422187,-0.02546725570102333,True,True
lp_wealth,wealth,WH2M,expansionary,mp_neg_x_wh2m,wW,-1.0,16,0.1320583406196498,-0.1221748477772995,0.3862915290165991,0.0135086976937041,-0.003949034559246274,0.07880693826710701,-0.05325140235254279,True,True
lp_wealth,wealth,WH2M,expansionary,mp_neg_x_wh2m,wW,-1.0,17,0.140489634940358,-0.1055476415401016,0.3865269114208177,0.0135086976937041,-0.0040528701059833645,0.08087908055881769,-0.059610554381540296,True,True
lp_wealth,wealth,WH2M,expansionary,mp_neg_x_wh2m,wW,-1.0,18,0.1433180064764757,-0.1121555249916921,0.3987915379446436,0.0135086976937041,-0.004150858934803945,0.08283454574097183,-0.060483460735503855,True,True
lp_wealth,wealth,WH2M,expansionary,mp_neg_x_wh2m,wW,-1.0,19,0.1945754377899057,-0.0618009710677143,0.4509518466475258,0.0135086976937041,-0.004243239585060901,0.08467809410517371,-0.10989734368473197,True,True
lp_wealth,wealth,WH2M,expansionary,mp_neg_x_wh2m,wW,-1.0,20,0.1980076976973797,-0.0541209873357687,0.4501363827305281,0.0135086976937041,-0.004330245486758573,0.08641438398086199,-0.1115933137165177,True,True
lp_wealth,wealth,WH2M,expansionary,mp_neg_x_wh2m,wW,-1.0,21,0.1357591666459245,-0.1079171183566087,0.3794354516484577,0.0135086976937041,-0.00441210362252784,0.08804794503368306,-0.047711221612241436,True,True
lp_wealth,wealth,WH2M,expansionary,mp_neg_x_wh2m,wW,-1.0,22,0.1547406561465384,-0.1019604238018122,0.411441736094889,0.0135086976937041,-0.004489033489531444,0.0895831575492724,-0.065157498597266,True,True
lp_wealth,wealth,WH2M,expansionary,mp_neg_x_wh2m,wW,-1.0,23,0.1246495596359166,-0.1390815909753987,0.3883807102472321,0.0135086976937041,-0.004561246304632204,0.09102423657159066,-0.033625323064325946,True,True
lp_wealth,wealth,WH2M,expansionary,mp_neg_x_wh2m,wW,-1.0,24,0.0937361319453684,-0.1542606241361144,0.3417328880268513,0.0135086976937041,-0.004628944410650984,0.0923752200542068,-0.0013609118911615953,True,True
lp_wealth,wealth,WH2M,expansionary,mp_neg_x_wh2m,wW,-1.0,25,0.0901165383200574,-0.1552907757577917,0.3355238523979068,0.0135086976937041,-0.0046923208462009034,0.09363996027590926,0.0035234219558518687,True,True
lp_wealth,wealth,WH2M,expansionary,mp_neg_x_wh2m,wW,-1.0,26,0.1534196157102364,-0.0696708296558335,0.3765100610763063,0.0135086976937041,-0.004751559047666482,0.0948221178934013,-0.05859749781683511,True,True
lp_wealth,wealth,WH2M,expansionary,mp_neg_x_wh2m,wW,-1.0,27,0.1483175525788575,-0.0851515978748381,0.3817867030325531,0.0135086976937041,-0.004806832656196135,0.0959251580896431,-0.052392394489214414,True,True
lp_wealth,wealth,WH2M,expansionary,mp_neg_x_wh2m,wW,-1.0,28,0.1517491002867893,-0.051098536834323,0.3545967374079017,0.0135086976937041,-0.004858305406179926,0.09695234834831357,-0.054796751938475746,True,True
lp_wealth,wealth,WH2M,expansionary,mp_neg_x_wh2m,wW,-1.0,29,0.2425103669321699,0.058104591138337,0.4269161427260029,0.0135086976937041,-0.004906131074305906,0.09790675743717873,-0.14460360949499118,True,True
lp_wealth,wealth,WH2M,expansionary,mp_neg_x_wh2m,wW,-1.0,30,0.3501453931405028,0.1008920532601609,0.5993987330208447,0.0135086976937041,-0.0049504534700384635,0.09879125521807751,-0.2513541379224253,False,True
lp_wealth,wealth,WH2M,expansionary,mp_neg_x_wh2m,wW,-1.0,31,0.1263050978702209,-0.0294969952656828,0.2821071910061248,0.0135086976937041,-0.004991406449223071,0.0996085129184182,-0.0266965849518027,True,True
lp_wealth,wealth,WH2M,expansionary,mp_neg_x_wh2m,wW,-1.0,32,0.2511515496098757,0.0188054985579292,0.4834976006618222,0.0135086976937041,-0.0050291139325476485,0.10036100349959333,-0.15079054611028236,True,True
lp_wealth,wealth,WH2M,expansionary,mp_neg_x_wh2m,wW,-1.0,33,0.5802097682070637,0.0580111938176098,1.1024083425965177,0.0135086976937041,-0.005063689910096491,0.10105100174785799,-0.47915876645920574,True,True
lp_wealth,wealth,WH2M,expansionary,mp_neg_x_wh2m,wW,-1.0,34,0.0194153237153159,-0.2078534949974639,0.2466841424280957,0.0135086976937041,-0.005095238413088097,0.10168058371032976,0.08226525999501386,True,True
lp_wealth,wealth,WH2M,expansionary,mp_neg_x_wh2m,wW,-1.0,35,0.004296221096959,-0.2762333331977437,0.2848257753916618,0.0135086976937041,-0.005123853436347252,0.10225162514784164,0.09795540405088264,True,True
lp_wealth,wealth,WH2M,expansionary,mp_neg_x_wh2m,wW,-1.0,36,-0.1204322914538609,-0.4257277192781575,0.1848631363704356,0.0135086976937041,-0.005149618805386872,0.10276579888242707,0.22319809033628796,True,False
lp_wealth,wealth,WH2M,expansionary,mp_neg_x_wh2m,wW,-1.0,37,-0.0662327443969799,-0.3231303896675671,0.1906649008736071,0.0135086976937041,-0.005172608011820468,0.1032245715128109,0.1694573159097908,True,False
lp_wealth,wealth,WH2M,expansionary,mp_neg_x_wh2m,wW,-1.0,38,0.1492669968181413,-0.2392909808703693,0.537824974506652,0.0135086976937041,-0.005192884115028181,0.1036292014520568,-0.04563779536608449,True,True
lp_wealth,wealth,WH2M,expansionary,mp_neg_x_wh2m,wW,-1.0,39,0.4188826251361525,-0.1959742759802714,1.0337395262525764,0.0135086976937041,-0.005210499978395421,0.10398074364194557,-0.31490188149420695,True,True
lp_wealth,wealth,WH2M,expansionary,mp_neg_x_wh2m,wW,-1.0,40,-0.1453231686813251,-0.6178497888381709,0.3272034514755206,0.0135086976937041,-0.005225499481016222,0.10428007373372893,0.24960324241505405,True,False
lp_wealth,wealth,WH2M,expansionary,mp_neg_x_wh2m,wW,-1.0,41,-0.2174491716898878,-0.7342565990843813,0.2993582557046057,0.0135086976937041,-0.005237921134747611,0.10452796027007055,0.32197713195995836,True,False
lp_wealth,wealth,WH2M,expansionary,mp_neg_x_wh2m,wW,-1.0,42,-0.2725985432034699,-0.7674114421727413,0.2222143557658014,0.0135086976937041,-0.0052478071704496945,0.10472524601006397,0.3773237892135338,True,False
lp_wealth,wealth,WH2M,expansionary,mp_neg_x_wh2m,wW,-1.0,43,-0.3856246064124483,-0.7879916243036397,0.016742411478743,0.0135086976937041,-0.0052552244871639,0.1048732659910579,0.4904978724035062,False,False
lp_wealth,wealth,WH2M,expansionary,mp_neg_x_wh2m,wW,-1.0,44,-0.4246862745610417,-0.8124229730914542,-0.0369495760306292,0.0135086976937041,-0.005260310569323368,0.10497476385256031,0.529661038413602,False,False
lp_wealth,wealth,WH2M,expansionary,mp_neg_x_wh2m,wW,-1.0,45,-0.4758609170596865,-0.8031935382549208,-0.1485282958644523,0.0135086976937041,-0.0052633710504591345,0.10503583881767281,0.5808967558773592,False,False
lp_wealth,wealth,WH2M,expansionary,mp_neg_x_wh2m,wW,-1.0,46,-0.5252933882066096,-0.9001626053023951,-0.1504241711108241,0.0135086976937041,-0.005265087789490996,0.10507009806379358,0.6303634862704033,False,False
lp_wealth,wealth,WH2M,expansionary,mp_neg_x_wh2m,wW,-1.0,47,-0.4470074431151954,-0.9235727779022308,0.02955789167184,0.0135086976937041,-0.005267113904546767,0.10511053121820807,0.5521179743334035,False,False
