dataset,response_label,group,direction,term,model_series,linear_sign_assumption,horizon,lp_estimate_1sd,lp_ci_low_1sd,lp_ci_high_1sd,lp_shock_sd,model_cum_response_at_model_shock,model_1sd_termshock,gap_model_minus_lp,model_in_lp_ci,sign_match
lp_controls,consumption,PH2M,contractionary,mp_pos_x_ph2m,cP,1.0,0,0.003844544744185,-0.0024835451846079,0.010172634672978,0.0078032329793046,-0.004426382683725,-0.05102506536347175,-0.054869610107656744,False,False
lp_controls,consumption,PH2M,contractionary,mp_pos_x_ph2m,cP,1.0,1,0.0033056425821559,-0.0026003813347578,0.0092116664990696,0.0078032329793046,-0.0047335862565511,-0.05456635031404285,-0.057871992896198744,False,False
lp_controls,consumption,PH2M,contractionary,mp_pos_x_ph2m,cP,1.0,2,-0.0021614769470905,-0.0087987093839962,0.0044757554898151,0.0078032329793046,-0.0047642909649531,-0.05492029841684446,-0.05275882146975396,False,True
lp_controls,consumption,PH2M,contractionary,mp_pos_x_ph2m,cP,1.0,3,-0.0016789704675766,-0.0068057542996334,0.0034478133644802,0.0078032329793046,-0.0047507654638054,-0.054764383388830135,-0.05308541292125354,False,True
lp_controls,consumption,PH2M,contractionary,mp_pos_x_ph2m,cP,1.0,4,0.001903359651271,-0.0107137509039402,0.0145204702064824,0.0078032329793046,-0.0047310298300589,-0.054536881142897516,-0.05644024079416852,False,False
lp_controls,consumption,PH2M,contractionary,mp_pos_x_ph2m,cP,1.0,5,0.0023634059648987,-0.0071616979468803,0.0118885098766778,0.0078032329793046,-0.0047112585491201,-0.0543089679744471,-0.0566723739393458,False,False
lp_controls,consumption,PH2M,contractionary,mp_pos_x_ph2m,cP,1.0,6,0.0008694275382036738,-0.0086354336374228,0.0103742887138301,0.0078032329793046,-0.0046924079519614,-0.054091667975579016,-0.05496109551378269,False,False
lp_controls,consumption,PH2M,contractionary,mp_pos_x_ph2m,cP,1.0,7,0.0030769149815056,-0.0054495739235532,0.0116034038865644,0.0078032329793046,-0.0046745818624647,-0.053886177974660526,-0.056963092956166125,False,False
lp_controls,consumption,PH2M,contractionary,mp_pos_x_ph2m,cP,1.0,8,-0.0031949160140502,-0.0142494251905979,0.0078595931624974,0.0078032329793046,-0.0046577472043953,-0.05369211668585213,-0.05049720067180193,False,True
lp_controls,consumption,PH2M,contractionary,mp_pos_x_ph2m,cP,1.0,9,0.0064967812837081,-0.0060595497831265,0.0190531123505427,0.0078032329793046,-0.004641851155288,-0.05350887519891446,-0.06000565648262256,False,False
lp_controls,consumption,PH2M,contractionary,mp_pos_x_ph2m,cP,1.0,10,-0.0019028538252309,-0.0137787007800001,0.0099729931295383,0.0078032329793046,-0.0046268401856684,-0.053335836453569326,-0.051432982628338425,False,True
lp_controls,consumption,PH2M,contractionary,mp_pos_x_ph2m,cP,1.0,11,-0.0043916601905758,-0.0188364306658442,0.0100531102846925,0.0078032329793046,-0.0046126630185147,-0.05317240935465486,-0.048780749164079054,False,True
lp_controls,consumption,PH2M,contractionary,mp_pos_x_ph2m,cP,1.0,12,0.0054176416807116,-0.0136319503430391,0.0244672337044624,0.0078032329793046,-0.0045992709586899,-0.05301803256965062,-0.05843567425036222,False,False
lp_controls,consumption,PH2M,contractionary,mp_pos_x_ph2m,cP,1.0,13,0.0044074059043239,-0.0110051643165023,0.0198199761251502,0.0078032329793046,-0.0045866177968272,-0.052872173420717844,-0.05727957932504174,False,False
lp_controls,consumption,PH2M,contractionary,mp_pos_x_ph2m,cP,1.0,14,-0.0032370191730191,-0.017622863568545,0.0111488252225067,0.0078032329793046,-0.004574659648366,-0.05273432602918925,-0.04949730685617015,False,True
lp_controls,consumption,PH2M,contractionary,mp_pos_x_ph2m,cP,1.0,15,0.006782240641648,-0.0061554727185509,0.0197199540018471,0.0078032329793046,-0.004563354786109,-0.05260400938537322,-0.05938625002702122,False,False
lp_controls,consumption,PH2M,contractionary,mp_pos_x_ph2m,cP,1.0,16,-0.0026254404203348,-0.0236405050883329,0.0183896242476632,0.0078032329793046,-0.004552663475079,-0.052480765444867856,-0.049855325024533055,False,True
lp_controls,consumption,PH2M,contractionary,mp_pos_x_ph2m,cP,1.0,17,0.0020381056607162,-0.0187265935560304,0.0228028048774629,0.0078032329793046,-0.0045425478102882,-0.05236415725844888,-0.054402262919165084,False,False
lp_controls,consumption,PH2M,contractionary,mp_pos_x_ph2m,cP,1.0,18,0.0027597184175956,-0.0168907975376653,0.0224102343728567,0.0078032329793046,-0.0045329715566534,-0.05225376712669424,-0.055013485544289836,False,False
lp_controls,consumption,PH2M,contractionary,mp_pos_x_ph2m,cP,1.0,19,-0.0143372498578476,-0.0364098454411271,0.0077353457254317,0.0078032329793046,-0.0045238999900127,-0.05214919476730635,-0.03781194490945875,False,True
lp_controls,consumption,PH2M,contractionary,mp_pos_x_ph2m,cP,1.0,20,-0.0145744215843933,-0.0344030739336728,0.005254230764886,0.0078032329793046,-0.0045152997380917,-0.05205005548185215,-0.03747563389745885,False,True
lp_controls,consumption,PH2M,contractionary,mp_pos_x_ph2m,cP,1.0,21,-0.0073107629414719,-0.0244056695646041,0.0097841436816602,0.0078032329793046,-0.0045071386201756,-0.05195597830758543,-0.04464521536611353,False,True
lp_controls,consumption,PH2M,contractionary,mp_pos_x_ph2m,cP,1.0,22,-0.0156911987203406,-0.0360341330107109,0.0046517355700297,0.0078032329793046,-0.0044993854841425,-0.051866604138850456,-0.03617540541850986,False,True
lp_controls,consumption,PH2M,contractionary,mp_pos_x_ph2m,cP,1.0,23,-0.0250979107849428,-0.0508921986968174,0.0006963771269317025,0.0078032329793046,-0.0044920100393969,-0.051781583801225196,-0.026683673016282397,False,True
lp_controls,consumption,PH2M,contractionary,mp_pos_x_ph2m,cP,1.0,24,-0.0072795213903107,-0.0269442212653894,0.0123851784847679,0.0078032329793046,-0.0044849826841125,-0.05170057606006507,-0.04442105466975437,False,True
lp_controls,consumption,PH2M,contractionary,mp_pos_x_ph2m,cP,1.0,25,-0.0125982627245454,-0.0311424557126568,0.005945930263566,0.0078032329793046,-0.0044782743250508,-0.051623245543464355,-0.03902498281891895,False,True
lp_controls,consumption,PH2M,contractionary,mp_pos_x_ph2m,cP,1.0,26,-0.0063878179897795,-0.0244455710340146,0.0116699350544554,0.0078032329793046,-0.004471856188082,-0.05154926055803849,-0.04516144256825899,False,True
lp_controls,consumption,PH2M,contractionary,mp_pos_x_ph2m,cP,1.0,27,-0.0214328406150697,-0.040818593412364,-0.0020470878177755,0.0078032329793046,-0.0044656996174137,-0.05147829077453561,-0.03004545015946591,False,True
lp_controls,consumption,PH2M,contractionary,mp_pos_x_ph2m,cP,1.0,28,-0.0250217868895295,-0.0414872561101131,-0.0085563176689458,0.0078032329793046,-0.0044597758614934,-0.05141000475983067,-0.026388217870301173,False,True
lp_controls,consumption,PH2M,contractionary,mp_pos_x_ph2m,cP,1.0,29,-0.026334317606744,-0.043182241390432,-0.0094863938230561,0.0078032329793046,-0.0044540558437012,-0.051344067333588615,-0.025009749726844614,False,True
lp_controls,consumption,PH2M,contractionary,mp_pos_x_ph2m,cP,1.0,30,-0.0196562041964654,-0.0381025013414578,-0.0012099070514729,0.0078032329793046,-0.0044485099165367,-0.05128013673465731,-0.031623932538191915,False,True
lp_controls,consumption,PH2M,contractionary,mp_pos_x_ph2m,cP,1.0,31,-0.0207025609891652,-0.0359784822125685,-0.0054266397657619,0.0078032329793046,-0.0044431075995445,-0.05121786160000736,-0.03051530061084216,False,True
lp_controls,consumption,PH2M,contractionary,mp_pos_x_ph2m,cP,1.0,32,-0.0181693008394836,-0.0376692912482592,0.0013306895692919,0.0078032329793046,-0.0044378173047881,-0.05115687780013623,-0.03298757696065263,False,True
lp_controls,consumption,PH2M,contractionary,mp_pos_x_ph2m,cP,1.0,33,-0.017722153520696,-0.0323566662998141,-0.003087640741578,0.0078032329793046,-0.0044326060615299,-0.05109680526532076,-0.033374651744624756,False,True
lp_controls,consumption,PH2M,contractionary,mp_pos_x_ph2m,cP,1.0,34,-0.0118706323750166,-0.0271882716711255,0.0034470069210923,0.0078032329793046,-0.0044274392685853,-0.05103724513088253,-0.03916661275586593,False,True
lp_controls,consumption,PH2M,contractionary,mp_pos_x_ph2m,cP,1.0,35,-0.0081375433170314,-0.0229953450969291,0.0067202584628662,0.0078032329793046,-0.004422280538392,-0.05097777793969876,-0.04284023462266736,False,True
lp_controls,consumption,PH2M,contractionary,mp_pos_x_ph2m,cP,1.0,36,-0.0185795172833773,-0.0317410757011228,-0.0054179588656319,0.0078032329793046,-0.0044170917715466,-0.050917964501421976,-0.03233844721804467,False,True
lp_controls,consumption,PH2M,contractionary,mp_pos_x_ph2m,cP,1.0,37,-0.0201957199344957,-0.0324955076210559,-0.0078959322479356,0.0078032329793046,-0.0044118337569098,-0.05085735281018451,-0.03066163287568881,False,True
lp_controls,consumption,PH2M,contractionary,mp_pos_x_ph2m,cP,1.0,38,-0.0208686352299541,-0.0350994170061397,-0.0066378534537684,0.0078032329793046,-0.0044064679188856,-0.050795498186335275,-0.029926862956381174,False,True
lp_controls,consumption,PH2M,contractionary,mp_pos_x_ph2m,cP,1.0,39,-0.0170413687172411,-0.0314209333891485,-0.0026618040453337,0.0078032329793046,-0.0044009605145579,-0.0507320116588741,-0.033690642941633,False,True
lp_controls,consumption,PH2M,contractionary,mp_pos_x_ph2m,cP,1.0,40,-0.0094494410565816,-0.0235489905767616,0.0046501084635984,0.0078032329793046,-0.004395292003225,-0.05066666797263155,-0.041217226916049954,False,True
lp_controls,consumption,PH2M,contractionary,mp_pos_x_ph2m,cP,1.0,41,-0.0145884269638441,-0.0292861110860299,0.0001092571583415771,0.0078032329793046,-0.0043894772698437,-0.05059963871374191,-0.03601121174989781,False,True
lp_controls,consumption,PH2M,contractionary,mp_pos_x_ph2m,cP,1.0,42,-0.0192408769462164,-0.0332345277654997,-0.0052472261269332,0.0078032329793046,-0.0043836085492603,-0.05053198711812435,-0.03129111017190795,False,True
lp_controls,consumption,PH2M,contractionary,mp_pos_x_ph2m,cP,1.0,43,-0.0086948347307991,-0.0219719713921175,0.0045823019305192,0.0078032329793046,-0.0043779457422496,-0.05046670918837731,-0.04177187445757821,False,True
lp_controls,consumption,PH2M,contractionary,mp_pos_x_ph2m,cP,1.0,44,-0.0085352861816689,-0.0216534799598744,0.0045829075965366,0.0078032329793046,-0.0043731055553748,-0.05041091400090603,-0.041875627819237135,False,True
lp_controls,consumption,PH2M,contractionary,mp_pos_x_ph2m,cP,1.0,45,-0.0129565636300483,-0.0245849998885004,-0.0013281273715963,0.0078032329793046,-0.0043704562575985,-0.05038037425731358,-0.037423810627265276,False,True
lp_controls,consumption,PH2M,contractionary,mp_pos_x_ph2m,cP,1.0,46,-0.0152102791746704,-0.027411583690358,-0.0030089746589828,0.0078032329793046,-0.004372933200328,-0.050408927180480165,-0.03519864800580977,False,True
lp_controls,consumption,PH2M,contractionary,mp_pos_x_ph2m,cP,1.0,47,-0.0164987052869056,-0.0318394168159991,-0.0011579937578121,0.0078032329793046,-0.004386575773642,-0.05056619175627753,-0.03406748646937193,False,True
lp_controls,consumption,PH2M,contractionary,mp_pos_x_ph2m,cP,1.0,48,-0.0136842976341365,-0.0265850860304604,-0.0007835092378125546,0.0078032329793046,-0.004420446539572,-0.05095663654358514,-0.037272338909448643,False,True
lp_controls,consumption,PH2M,expansionary,mp_neg_x_ph2m,cP,1.0,0,-0.0001506999218977006,-0.0116472326528042,0.0113458328090088,0.0115285465340016,0.004426382683725,0.075384759368761,0.0755354592906587,False,False
lp_controls,consumption,PH2M,expansionary,mp_neg_x_ph2m,cP,1.0,1,0.0022003631432117,-0.0069400836183046,0.0113408099047281,0.0115285465340016,0.0047335862565511,0.08061667650504223,0.07841631336183053,False,True
lp_controls,consumption,PH2M,expansionary,mp_neg_x_ph2m,cP,1.0,2,0.00010922945425066572,-0.0125065177314175,0.0127249766399188,0.0115285465340016,0.0047642909649531,0.08113960170599317,0.0810303722517425,False,True
lp_controls,consumption,PH2M,expansionary,mp_neg_x_ph2m,cP,1.0,3,0.0011948110312387,-0.0106865364263247,0.0130761584888021,0.0115285465340016,0.0047507654638054,0.08090925184195855,0.07971444081071985,False,True
lp_controls,consumption,PH2M,expansionary,mp_neg_x_ph2m,cP,1.0,4,-0.0054485713797103,-0.014844047846605,0.0039469050871844,0.0115285465340016,0.0047310298300589,0.08057313856227306,0.08602170994198337,False,False
lp_controls,consumption,PH2M,expansionary,mp_neg_x_ph2m,cP,1.0,5,-0.010383816968945,-0.0210051621131058,0.0002375281752158565,0.0115285465340016,0.0047112585491201,0.08023641818301988,0.09062023515196488,False,False
lp_controls,consumption,PH2M,expansionary,mp_neg_x_ph2m,cP,1.0,6,-0.00030714740144542504,-0.0105276642597724,0.0099133694568816,0.0115285465340016,0.0046924079519614,0.07991537776868991,0.08022252517013534,False,False
lp_controls,consumption,PH2M,expansionary,mp_neg_x_ph2m,cP,1.0,7,-0.0038250639803339,-0.017818034999273,0.0101679070386052,0.0115285465340016,0.0046745818624647,0.07961178552120175,0.08343684950153565,False,False
lp_controls,consumption,PH2M,expansionary,mp_neg_x_ph2m,cP,1.0,8,-0.0110191473297978,-0.0282215723953244,0.0061832777357286,0.0115285465340016,0.0046577472043953,0.07932507812640661,0.09034422545620441,False,False
lp_controls,consumption,PH2M,expansionary,mp_neg_x_ph2m,cP,1.0,9,-0.0052626262398174,-0.0152561108735119,0.0047308583938771,0.0115285465340016,0.004641851155288,0.07905435597640503,0.08431698221622243,False,False
lp_controls,consumption,PH2M,expansionary,mp_neg_x_ph2m,cP,1.0,10,-0.00497807975441,-0.0166346659423402,0.0066785064335202,0.0115285465340016,0.0046268401856684,0.07879870742237784,0.08377678717678784,False,False
lp_controls,consumption,PH2M,expansionary,mp_neg_x_ph2m,cP,1.0,11,0.0008851632474602591,-0.011648443700018,0.0134187701949385,0.0115285465340016,0.0046126630185147,0.07855725917653547,0.07767209592907522,False,True
lp_controls,consumption,PH2M,expansionary,mp_neg_x_ph2m,cP,1.0,12,-0.0014657625493852,-0.0112763741887922,0.0083448490900217,0.0115285465340016,0.0045992709586899,0.07832918192260609,0.07979494447199129,False,False
lp_controls,consumption,PH2M,expansionary,mp_neg_x_ph2m,cP,1.0,13,0.0031659841475238,-0.0112991616242354,0.017631129919283,0.0115285465340016,0.0045866177968272,0.07811368867892864,0.07494770453140484,False,True
lp_controls,consumption,PH2M,expansionary,mp_neg_x_ph2m,cP,1.0,14,-0.0004369783393019917,-0.0146464123540224,0.0137724556754184,0.0115285465340016,0.004574659648366,0.0779100320571101,0.07834701039641209,False,False
lp_controls,consumption,PH2M,expansionary,mp_neg_x_ph2m,cP,1.0,15,-0.0077648256981586,-0.0208869428284024,0.0053572914320851,0.0115285465340016,0.004563354786109,0.07771750141034195,0.08548232710850055,False,False
lp_controls,consumption,PH2M,expansionary,mp_neg_x_ph2m,cP,1.0,16,0.0039661367669176,-0.0087002614289787,0.0166325349628141,0.0115285465340016,0.004552663475079,0.07753542002088222,0.07356928325396463,False,True
lp_controls,consumption,PH2M,expansionary,mp_neg_x_ph2m,cP,1.0,17,-0.0035780356677492,-0.0173697873029085,0.01021371596741,0.0115285465340016,0.0045425478102882,0.07736314233713984,0.08094117800488904,False,False
lp_controls,consumption,PH2M,expansionary,mp_neg_x_ph2m,cP,1.0,18,3.239226081121944e-05,-0.0147986935327931,0.0148634780544156,0.0115285465340016,0.0045329715566534,0.07720005124730525,0.07716765898649403,False,True
lp_controls,consumption,PH2M,expansionary,mp_neg_x_ph2m,cP,1.0,19,0.0080292147036458,-0.0079560472689823,0.0240144766762741,0.0115285465340016,0.0045238999900127,0.07704555537174049,0.06901634066809469,False,True
lp_controls,consumption,PH2M,expansionary,mp_neg_x_ph2m,cP,1.0,20,0.0086964836476438,-0.0033640026879118,0.0207569699831996,0.0115285465340016,0.0045152997380917,0.07689908635450908,0.06820260270686528,False,True
lp_controls,consumption,PH2M,expansionary,mp_neg_x_ph2m,cP,1.0,21,0.0084108404408762,-0.0086813671246512,0.0255030480064036,0.0115285465340016,0.0045071386201756,0.07676009613286662,0.06834925569199042,False,True
lp_controls,consumption,PH2M,expansionary,mp_neg_x_ph2m,cP,1.0,22,0.0133858996313068,-0.0047357590124909,0.0315075582751045,0.0115285465340016,0.0044993854841425,0.07662805416181033,0.06324215453050352,False,True
lp_controls,consumption,PH2M,expansionary,mp_neg_x_ph2m,cP,1.0,23,0.0089286996465647,-0.0079455559717873,0.0258029552649168,0.0115285465340016,0.0044920100393969,0.07650244456880588,0.06757374492224118,False,True
lp_controls,consumption,PH2M,expansionary,mp_neg_x_ph2m,cP,1.0,24,0.0109976786246138,-0.0060656305105804,0.0280609877598081,0.0115285465340016,0.0044849826841125,0.07638276321159718,0.06538508458698337,False,True
lp_controls,consumption,PH2M,expansionary,mp_neg_x_ph2m,cP,1.0,25,0.0187016948661841,-0.000905044338820344,0.0383084340711886,0.0115285465340016,0.0044782743250508,0.07626851460957618,0.057566819743392075,False,True
lp_controls,consumption,PH2M,expansionary,mp_neg_x_ph2m,cP,1.0,26,0.012290786897048,-0.0072666350038343,0.0318482087979304,0.0115285465340016,0.004471856188082,0.07615920871680562,0.06386842181975762,False,True
lp_controls,consumption,PH2M,expansionary,mp_neg_x_ph2m,cP,1.0,27,0.0151294983485242,-0.0045316263168083,0.0347906230138567,0.0115285465340016,0.0044656996174137,0.07605435750272668,0.06092485915420248,False,True
lp_controls,consumption,PH2M,expansionary,mp_neg_x_ph2m,cP,1.0,28,0.0197683305974875,0.00010358737667785676,0.0394330738182972,0.0115285465340016,0.0044597758614934,0.07595347130591117,0.05618514070842366,False,True
lp_controls,consumption,PH2M,expansionary,mp_neg_x_ph2m,cP,1.0,29,-0.0038768214081178,-0.0249412170094538,0.0171875741932181,0.0115285465340016,0.0044540558437012,0.07585605492877877,0.07973287633689657,False,False
lp_controls,consumption,PH2M,expansionary,mp_neg_x_ph2m,cP,1.0,30,-0.0160835695922815,-0.0489333605790073,0.0167662213944442,0.0115285465340016,0.0044485099165367,0.07576160345120778,0.09184517304348927,False,False
lp_controls,consumption,PH2M,expansionary,mp_neg_x_ph2m,cP,1.0,31,0.0170527970526313,-0.004065349175053,0.0381709432803156,0.0115285465340016,0.0044431075995445,0.07566959776720125,0.058616800714569955,False,True
lp_controls,consumption,PH2M,expansionary,mp_neg_x_ph2m,cP,1.0,32,-0.009933127781694,-0.0397831498046938,0.0199168942413057,0.0115285465340016,0.0044378173047881,0.07557949990949288,0.08551262769118688,False,False
lp_controls,consumption,PH2M,expansionary,mp_neg_x_ph2m,cP,1.0,33,-0.0335325648259405,-0.0777759757015112,0.0107108460496301,0.0115285465340016,0.0044326060615299,0.075490748360632,0.1090233131865725,False,False
lp_controls,consumption,PH2M,expansionary,mp_neg_x_ph2m,cP,1.0,34,0.026955859488442,0.0084469270612017,0.0454647919156823,0.0115285465340016,0.0044274392685853,0.07540275383538028,0.04844689434693828,False,True
lp_controls,consumption,PH2M,expansionary,mp_neg_x_ph2m,cP,1.0,35,0.0091144436961051,-0.0141023491683219,0.0323312365605321,0.0115285465340016,0.004422280538392,0.07531489662508978,0.06620045292898467,False,True
lp_controls,consumption,PH2M,expansionary,mp_neg_x_ph2m,cP,1.0,36,0.0159311189046975,-0.0054724687465087,0.0373347065559038,0.0115285465340016,0.0044170917715466,0.07522652786711968,0.059295408962422184,False,True
lp_controls,consumption,PH2M,expansionary,mp_neg_x_ph2m,cP,1.0,37,0.0069190758279575,-0.0178016220277795,0.0316397736836947,0.0115285465340016,0.0044118337569098,0.07513697976509724,0.06821790393713974,False,True
lp_controls,consumption,PH2M,expansionary,mp_neg_x_ph2m,cP,1.0,38,-0.0243721722539013,-0.0738157969950434,0.0250714524872407,0.0115285465340016,0.0044064679188856,0.07504559534644918,0.09941776760035048,False,False
lp_controls,consumption,PH2M,expansionary,mp_neg_x_ph2m,cP,1.0,39,-0.0353061551376997,-0.1092492229845053,0.0386369127091058,0.0115285465340016,0.0044009605145579,0.074951799942921,0.1102579550806207,False,False
lp_controls,consumption,PH2M,expansionary,mp_neg_x_ph2m,cP,1.0,40,0.0316516143945611,-0.0056627006391101,0.0689659294282323,0.0115285465340016,0.004395292003225,0.07485526076107825,0.04320364636651715,False,True
lp_controls,consumption,PH2M,expansionary,mp_neg_x_ph2m,cP,1.0,41,0.0209610706620849,-0.0101328516240291,0.0520549929481989,0.0115285465340016,0.0043894772698437,0.07475623130337804,0.05379516064129314,False,True
lp_controls,consumption,PH2M,expansionary,mp_neg_x_ph2m,cP,1.0,42,0.0169742536054742,-0.0107325285189616,0.0446810357299102,0.0115285465340016,0.0043836085492603,0.07465628240139793,0.05768202879592373,False,True
lp_controls,consumption,PH2M,expansionary,mp_neg_x_ph2m,cP,1.0,43,0.0239975202282708,-0.0030906847449518,0.0510857252014936,0.0115285465340016,0.0043779457422496,0.07455984036862409,0.05056232014035329,False,True
lp_controls,consumption,PH2M,expansionary,mp_neg_x_ph2m,cP,1.0,44,0.0304484716892417,0.0019396859720397,0.0589572574064437,0.0115285465340016,0.0043731055553748,0.07447740820020853,0.04402893651096683,False,True
lp_controls,consumption,PH2M,expansionary,mp_neg_x_ph2m,cP,1.0,45,0.0219687051865799,0.0001608527534185576,0.0437765576197412,0.0115285465340016,0.0043704562575985,0.0744322885868283,0.0524635834002484,False,True
lp_controls,consumption,PH2M,expansionary,mp_neg_x_ph2m,cP,1.0,46,0.0444489250396069,0.0165006142903158,0.0723972357888979,0.0115285465340016,0.004372933200328,0.0744744728589474,0.030025547819340498,False,True
lp_controls,consumption,PH2M,expansionary,mp_neg_x_ph2m,cP,1.0,47,0.0218155959557581,-0.0044880205694698,0.0481192124809861,0.0115285465340016,0.004386575773642,0.07470681655354659,0.05289122059778849,False,True
lp_controls,consumption,PH2M,expansionary,mp_neg_x_ph2m,cP,1.0,48,0.03127455462476,0.0043689456261586,0.0581801636233613,0.0115285465340016,0.004420446539572,0.07528366219065268,0.04400910756589268,False,True
lp_controls,consumption,WH2M,contractionary,mp_pos_x_wh2m,cW,1.0,0,0.00042999910612112895,-0.0096131334093008,0.010473131621543,0.0091442313928424,-0.0031950356229896,-0.04316015042977756,-0.04359014953589869,False,False
lp_controls,consumption,WH2M,contractionary,mp_pos_x_wh2m,cW,1.0,1,-0.0103894651221423,-0.0238872072569787,0.0031082770126939,0.0091442313928424,-0.0042527751302573,-0.0574486284425754,-0.0470591633204331,False,True
lp_controls,consumption,WH2M,contractionary,mp_pos_x_wh2m,cW,1.0,2,-0.0128259325166562,-0.0311224426722586,0.0054705776389461,0.0091442313928424,-0.0051675225392115,-0.06980549717093419,-0.05697956465427799,False,True
lp_controls,consumption,WH2M,contractionary,mp_pos_x_wh2m,cW,1.0,3,-0.016383339012677,-0.032514914637209,-0.0002517633881450373,0.0091442313928424,-0.0060169950732506,-0.08128060001213067,-0.06489726099945367,False,True
lp_controls,consumption,WH2M,contractionary,mp_pos_x_wh2m,cW,1.0,4,-0.0127030560782922,-0.0252764697196485,-0.0001296424369360236,0.0091442313928424,-0.0068162889353832,-0.09207786407986629,-0.0793748080015741,False,True
lp_controls,consumption,WH2M,contractionary,mp_pos_x_wh2m,cW,1.0,5,-0.0158474508783842,-0.0319339223066094,0.00023902054984098448,0.0091442313928424,-0.0075701001062141,-0.10226072504536178,-0.08641327416697758,False,True
lp_controls,consumption,WH2M,contractionary,mp_pos_x_wh2m,cW,1.0,6,-0.016119205663651,-0.0300942788743011,-0.002144132453001,0.0091442313928424,-0.008281293953471,-0.1118678897390745,-0.0957486840754235,False,True
lp_controls,consumption,WH2M,contractionary,mp_pos_x_wh2m,cW,1.0,7,-0.0144448088227196,-0.0300373709749448,0.0011477533295054,0.0091442313928424,-0.0089523173574306,-0.12093241185219523,-0.10648760302947563,False,True
lp_controls,consumption,WH2M,contractionary,mp_pos_x_wh2m,cW,1.0,8,-0.0158513592073013,-0.0324159379135885,0.0007132194989858258,0.0091442313928424,-0.009585436894698,-0.12948490944310584,-0.11363355023580454,False,True
lp_controls,consumption,WH2M,contractionary,mp_pos_x_wh2m,cW,1.0,9,-0.0217506403459489,-0.0391089858334383,-0.0043922948584595,0.0091442313928424,-0.0101827841661257,-0.1375541772497392,-0.1158035369037903,False,True
lp_controls,consumption,WH2M,contractionary,mp_pos_x_wh2m,cW,1.0,10,-0.0261482229781872,-0.0448683950281304,-0.0074280509282439,0.0091442313928424,-0.010746369149087,-0.14516736705881336,-0.11901914408062617,False,True
lp_controls,consumption,WH2M,contractionary,mp_pos_x_wh2m,cW,1.0,11,-0.0193374645695137,-0.0388069148761136,0.00013198573708612853,0.0091442313928424,-0.0112780879719713,-0.1523500927276299,-0.1330126281581162,False,True
lp_controls,consumption,WH2M,contractionary,mp_pos_x_wh2m,cW,1.0,12,-0.0185522246098412,-0.0358362829222307,-0.0012681662974517,0.0091442313928424,-0.011779729457871,-0.15912651857949234,-0.14057429396965113,False,True
lp_controls,consumption,WH2M,contractionary,mp_pos_x_wh2m,cW,1.0,13,-0.0276619257390067,-0.045851817262269,-0.0094720342157444,0.0091442313928424,-0.0122529811678906,-0.16551944103976937,-0.13785751530076268,False,True
lp_controls,consumption,WH2M,contractionary,mp_pos_x_wh2m,cW,1.0,14,-0.0253136127656957,-0.0436577449646698,-0.0069694805667215,0.0091442313928424,-0.0126994350805303,-0.1715503653558689,-0.1462367525901732,False,True
lp_controls,consumption,WH2M,contractionary,mp_pos_x_wh2m,cW,1.0,15,-0.0277655638962105,-0.0475845287030681,-0.007946599089353,0.0091442313928424,-0.0131205929452555,-0.17723957791595144,-0.14947401401974092,False,True
lp_controls,consumption,WH2M,contractionary,mp_pos_x_wh2m,cW,1.0,16,-0.0230129864643124,-0.0445807689379022,-0.0014452039907226,0.0091442313928424,-0.0135178713313391,-0.18260621445123468,-0.15959322798692227,False,True
lp_controls,consumption,WH2M,contractionary,mp_pos_x_wh2m,cW,1.0,17,-0.0239909400551995,-0.0460502368058791,-0.00193164330452,0.0091442313928424,-0.0138926063894182,-0.18766832435749975,-0.16367738430230025,False,True
lp_controls,consumption,WH2M,contractionary,mp_pos_x_wh2m,cW,1.0,18,-0.0282859385221194,-0.0509060229469998,-0.0056658540972389,0.0091442313928424,-0.0142460583418081,-0.19244293135251422,-0.1641569928303948,False,True
lp_controls,consumption,WH2M,contractionary,mp_pos_x_wh2m,cW,1.0,19,-0.025950023481569,-0.0494276579191302,-0.0024723890440079,0.0091442313928424,-0.0145794157166216,-0.19694609067264843,-0.17099606719107943,False,True
lp_controls,consumption,WH2M,contractionary,mp_pos_x_wh2m,cW,1.0,20,-0.0224822105086218,-0.0449446043070784,-1.9816710165135653e-05,0.0091442313928424,-0.0148937993398611,-0.201192943000066,-0.1787107324914442,False,True
lp_controls,consumption,WH2M,contractionary,mp_pos_x_wh2m,cW,1.0,21,-0.0327056690173986,-0.0547845113452305,-0.0106268266895666,0.0091442313928424,-0.0151902660988218,-0.2051977653006698,-0.1724920962832712,False,True
lp_controls,consumption,WH2M,contractionary,mp_pos_x_wh2m,cW,1.0,22,-0.0313698808515347,-0.0560021910302418,-0.0067375706728276,0.0091442313928424,-0.0154698124893635,-0.20897401874243635,-0.17760413789090165,False,True
lp_controls,consumption,WH2M,contractionary,mp_pos_x_wh2m,cW,1.0,23,-0.0194719228670442,-0.0458945009693006,0.0069506552352121,0.0091442313928424,-0.0157333779588688,-0.21253439385377848,-0.1930624709867343,False,True
lp_controls,consumption,WH2M,contractionary,mp_pos_x_wh2m,cW,1.0,24,-0.042945453896272,-0.0674528226318251,-0.0184380851607189,0.0091442313928424,-0.0159818480560052,-0.21589085307211858,-0.1729453991758466,False,True
lp_controls,consumption,WH2M,contractionary,mp_pos_x_wh2m,cW,1.0,25,-0.0391875709465277,-0.0636038698866177,-0.0147712720064377,0.0091442313928424,-0.016216057397746,-0.21905467082390112,-0.17986709987737343,False,True
lp_controls,consumption,WH2M,contractionary,mp_pos_x_wh2m,cW,1.0,26,-0.0314425089374292,-0.0584445649374952,-0.0044404529373632,0.0091442313928424,-0.016436792463487,-0.22203647126892842,-0.19059396233149922,False,True
lp_controls,consumption,WH2M,contractionary,mp_pos_x_wh2m,cW,1.0,27,-0.0335394416470242,-0.0573133933541103,-0.009765489939938,0.0091442313928424,-0.0166447942255211,-0.2248462638341363,-0.1913068221871121,False,True
lp_controls,consumption,WH2M,contractionary,mp_pos_x_wh2m,cW,1.0,28,-0.0401747746923626,-0.0637488097004444,-0.0166007396842808,0.0091442313928424,-0.0168407606246216,-0.22749347665502037,-0.18731870196265776,False,True
lp_controls,consumption,WH2M,contractionary,mp_pos_x_wh2m,cW,1.0,29,-0.0150593301445933,-0.0510145041447436,0.0208958438555569,0.0091442313928424,-0.0170253488990783,-0.2299869880374286,-0.2149276578928353,False,True
lp_controls,consumption,WH2M,contractionary,mp_pos_x_wh2m,cW,1.0,30,-0.0212150824460297,-0.0517143784365832,0.0092842135445238,0.0091442313928424,-0.0171991777752888,-0.23233515604917185,-0.21112007360314214,False,True
lp_controls,consumption,WH2M,contractionary,mp_pos_x_wh2m,cW,1.0,31,-0.0193119431185437,-0.0468169948748226,0.0081931086377352,0.0091442313928424,-0.017362829528121,-0.23454584635243847,-0.21523390323389477,False,True
lp_controls,consumption,WH2M,contractionary,mp_pos_x_wh2m,cW,1.0,32,-0.0198295247177624,-0.048576231749562,0.008917182314037,0.0091442313928424,-0.0175168519200461,-0.23662645839857932,-0.21679693368081693,False,True
lp_controls,consumption,WH2M,contractionary,mp_pos_x_wh2m,cW,1.0,33,-0.0194355391979437,-0.0493796252778324,0.0105085468819448,0.0091442313928424,-0.0176617600302388,-0.23858395013651482,-0.21914841093857113,False,True
lp_controls,consumption,WH2M,contractionary,mp_pos_x_wh2m,cW,1.0,34,-0.0206640794122194,-0.0563989988894719,0.0150708400650331,0.0091442313928424,-0.0177980379899399,-0.24042486145488665,-0.21976078204266725,False,True
lp_controls,consumption,WH2M,contractionary,mp_pos_x_wh2m,cW,1.0,35,-0.0213613057675434,-0.0524948789638729,0.0097722674287861,0.0091442313928424,-0.0179261406515042,-0.24215533672839756,-0.22079403096085415,False,True
lp_controls,consumption,WH2M,contractionary,mp_pos_x_wh2m,cW,1.0,36,-0.0220638913765131,-0.0597215478408937,0.0155937650878675,0.0091442313928424,-0.0180464952422482,-0.24378114715881924,-0.22171725578230614,False,True
lp_controls,consumption,WH2M,contractionary,mp_pos_x_wh2m,cW,1.0,37,-0.0174454402042331,-0.0570618406764692,0.0221709602680029,0.0091442313928424,-0.0181595031040327,-0.2453077142741501,-0.227862274069917,False,True
lp_controls,consumption,WH2M,contractionary,mp_pos_x_wh2m,cW,1.0,38,-0.0066231893674791,-0.0391013085281686,0.0258549297932103,0.0091442313928424,-0.0182655417237934,-0.24674013735804531,-0.2401169479905662,False,True
lp_controls,consumption,WH2M,contractionary,mp_pos_x_wh2m,cW,1.0,39,-0.005140801909369,-0.0366537837044219,0.0263721798856837,0.0091442313928424,-0.0183649674779201,-0.24808323052227335,-0.24294242861290435,False,True
lp_controls,consumption,WH2M,contractionary,mp_pos_x_wh2m,cW,1.0,40,-0.0029757327203889,-0.0433183447413873,0.0373668793006094,0.0091442313928424,-0.0184581199673354,-0.2493415812671426,-0.2463658485467537,False,True
lp_controls,consumption,WH2M,contractionary,mp_pos_x_wh2m,cW,1.0,41,-0.0101853688607346,-0.0490871416282618,0.0287164039067925,0.0091442313928424,-0.018545329766246,-0.2505196551555364,-0.24033428629480183,False,True
lp_controls,consumption,WH2M,contractionary,mp_pos_x_wh2m,cW,1.0,42,-0.0127655358251734,-0.0471771249969347,0.0216460533465877,0.0091442313928424,-0.018626933378899,-0.25162199785631084,-0.23885646203113745,False,True
lp_controls,consumption,WH2M,contractionary,mp_pos_x_wh2m,cW,1.0,43,-0.0022624239098873,-0.0313908257244804,0.0268659779047056,0.0091442313928424,-0.018703303305056,-0.25265364128386136,-0.2503912173739741,False,True
lp_controls,consumption,WH2M,contractionary,mp_pos_x_wh2m,cW,1.0,44,-0.0097373902230348,-0.0405947460572377,0.0211199656111681,0.0091442313928424,-0.0187749096542787,-0.25362093591492624,-0.24388354569189144,False,True
lp_controls,consumption,WH2M,contractionary,mp_pos_x_wh2m,cW,1.0,45,-0.0093809423869822,-0.0440245713868506,0.0252626866128861,0.0091442313928424,-0.018842447229354,-0.25453326749550026,-0.24515232510851806,False,True
lp_controls,consumption,WH2M,contractionary,mp_pos_x_wh2m,cW,1.0,46,0.0060877009461838,-0.021134755174678,0.0333101570670458,0.0091442313928424,-0.0189070921984723,-0.25540652429789656,-0.2614942252440804,False,False
lp_controls,consumption,WH2M,contractionary,mp_pos_x_wh2m,cW,1.0,47,0.0059975601192482,-0.0217561221311997,0.0337512423696962,0.0091442313928424,-0.0189708904482044,-0.25626834318835934,-0.2622659033076075,False,False
lp_controls,consumption,WH2M,contractionary,mp_pos_x_wh2m,cW,1.0,48,0.0059752973949774,-0.0254850125890877,0.0374356073790426,0.0091442313928424,-0.0190346390815399,-0.2571294918355467,-0.26310478923052405,False,False
lp_controls,consumption,WH2M,expansionary,mp_neg_x_wh2m,cW,1.0,0,0.0023135019679142,-0.0064994154056968,0.0111264193415254,0.0135063367525997,0.0031950356229896,0.06374899113486195,0.06143548916694774,False,True
lp_controls,consumption,WH2M,expansionary,mp_neg_x_wh2m,cW,1.0,1,1.757703656264918e-05,-0.0150468908687192,0.0150820449418445,0.0135063367525997,0.0042527751302573,0.0848535528451028,0.08483597580854016,False,True
lp_controls,consumption,WH2M,expansionary,mp_neg_x_wh2m,cW,1.0,2,0.0086453733396555,-0.0035337265990393,0.0208244732783504,0.0135063367525997,0.0051675225392115,0.10310506279524681,0.09445968945559131,False,True
lp_controls,consumption,WH2M,expansionary,mp_neg_x_wh2m,cW,1.0,3,0.0077340724679068,-0.0015001675915437,0.0169683125273573,0.0135063367525997,0.0060169950732506,0.12005417492786717,0.11232010245996037,False,True
lp_controls,consumption,WH2M,expansionary,mp_neg_x_wh2m,cW,1.0,4,0.0058211721223837,-0.0095265014959512,0.0211688457407187,0.0135063367525997,0.0068162889353832,0.13600209643603578,0.13018092431365208,False,True
lp_controls,consumption,WH2M,expansionary,mp_neg_x_wh2m,cW,1.0,5,0.0068581407456099,-0.0083852341404279,0.0221015156316477,0.0135063367525997,0.0075701001062141,0.15104252393577489,0.144184383190165,False,True
lp_controls,consumption,WH2M,expansionary,mp_neg_x_wh2m,cW,1.0,6,0.0065307005191165,-0.009463542543098,0.0225249435813311,0.0135063367525997,0.008281293953471,0.1652326287151156,0.1587019281959991,False,True
lp_controls,consumption,WH2M,expansionary,mp_neg_x_wh2m,cW,1.0,7,0.021854251771301,0.003730074239693,0.0399784293029091,0.0135063367525997,0.0089523173574306,0.17862123218560802,0.15676698041430703,False,True
lp_controls,consumption,WH2M,expansionary,mp_neg_x_wh2m,cW,1.0,8,0.0172649913199548,0.0011886078692424,0.0333413747706672,0.0135063367525997,0.009585436894698,0.1912535582473756,0.17398856692742082,False,True
lp_controls,consumption,WH2M,expansionary,mp_neg_x_wh2m,cW,1.0,9,0.0028685248675897,-0.0133321371555125,0.019069186890692,0.0135063367525997,0.0101827841661257,0.20317213769502715,0.20030361282743744,False,True
lp_controls,consumption,WH2M,expansionary,mp_neg_x_wh2m,cW,1.0,10,0.0011666386961443,-0.0207980777022313,0.0231313550945201,0.0135063367525997,0.010746369149087,0.2144170746290709,0.21325043593292659,False,True
lp_controls,consumption,WH2M,expansionary,mp_neg_x_wh2m,cW,1.0,11,0.0012026062774655,-0.0178799258881515,0.0202851384430827,0.0135063367525997,0.0112780879719713,0.22502620157663633,0.22382359529917084,False,True
lp_controls,consumption,WH2M,expansionary,mp_neg_x_wh2m,cW,1.0,12,-0.0015814141587411,-0.0234218840887888,0.0202590557713065,0.0135063367525997,0.011779729457871,0.23503521005447484,0.23661662421321594,False,False
lp_controls,consumption,WH2M,expansionary,mp_neg_x_wh2m,cW,1.0,13,0.0076418425725389,-0.0188615124480456,0.0341451975931236,0.0135063367525997,0.0122529811678906,0.24447777114816566,0.23683592857562677,False,True
lp_controls,consumption,WH2M,expansionary,mp_neg_x_wh2m,cW,1.0,14,0.0181096767667405,-0.0027068517939883,0.0389262053274695,0.0135063367525997,0.0126994350805303,0.25338564883009324,0.23527597206335274,False,True
lp_controls,consumption,WH2M,expansionary,mp_neg_x_wh2m,cW,1.0,15,0.0207692790634977,-0.0014137166467313,0.0429522747737268,0.0135063367525997,0.0131205929452555,0.26178880677661465,0.24101952771311694,False,True
lp_controls,consumption,WH2M,expansionary,mp_neg_x_wh2m,cW,1.0,16,0.0056754358042406,-0.0140701340768461,0.0254210056853273,0.0135063367525997,0.0135178713313391,0.26971550910515335,0.2640400733009127,False,True
lp_controls,consumption,WH2M,expansionary,mp_neg_x_wh2m,cW,1.0,17,0.0111391215181614,-0.0116590248086472,0.0339372678449701,0.0135063367525997,0.0138926063894182,0.27719241537922285,0.26605329386106147,False,True
lp_controls,consumption,WH2M,expansionary,mp_neg_x_wh2m,cW,1.0,18,0.0167878389124388,-0.0050207963810299,0.0385964742059077,0.0135063367525997,0.0142460583418081,0.28424467020147737,0.2674568312890386,False,True
lp_controls,consumption,WH2M,expansionary,mp_neg_x_wh2m,cW,1.0,19,0.0168338348561618,-0.0043507628038295,0.0380184325161533,0.0135063367525997,0.0145794157166216,0.2908959876950338,0.274062152838872,False,True
lp_controls,consumption,WH2M,expansionary,mp_neg_x_wh2m,cW,1.0,20,0.0227931377374094,0.0011048907992024,0.0444813846756165,0.0135063367525997,0.0148937993398611,0.29716873115574294,0.27437559341833356,False,True
lp_controls,consumption,WH2M,expansionary,mp_neg_x_wh2m,cW,1.0,21,0.0293703930694897,0.0075413985743627,0.0511993875646166,0.0135063367525997,0.0151902660988218,0.3030839881415422,0.2737135950720525,False,True
lp_controls,consumption,WH2M,expansionary,mp_neg_x_wh2m,cW,1.0,22,0.0146524472432821,-0.0086164127572878,0.0379213072438521,0.0135063367525997,0.0154698124893635,0.30866164124944423,0.29400919400616216,False,True
lp_controls,consumption,WH2M,expansionary,mp_neg_x_wh2m,cW,1.0,23,0.0231147052091428,-0.0054408955717152,0.051670305990001,0.0135063367525997,0.0157333779588688,0.31392043481595455,0.2908057296068117,False,True
lp_controls,consumption,WH2M,expansionary,mp_neg_x_wh2m,cW,1.0,24,0.0216347820142919,-0.0073461380058082,0.0506157020343921,0.0135063367525997,0.0159818480560052,0.3188780377627428,0.2972432557484509,False,True
lp_controls,consumption,WH2M,expansionary,mp_neg_x_wh2m,cW,1.0,25,0.0297908691553504,0.0061062547075011,0.0534754836031998,0.0135063367525997,0.016216057397746,0.32355110279616656,0.29376023364081616,False,True
lp_controls,consumption,WH2M,expansionary,mp_neg_x_wh2m,cW,1.0,26,0.0268628464440135,0.0045238406885793,0.0492018521994477,0.0135063367525997,0.016436792463487,0.3279553221569227,0.3010924757129092,False,True
lp_controls,consumption,WH2M,expansionary,mp_neg_x_wh2m,cW,1.0,27,0.0210126538612013,-0.006258034767922,0.0482833424903248,0.0135063367525997,0.0166447942255211,0.33210548010462665,0.3110928262434253,False,True
lp_controls,consumption,WH2M,expansionary,mp_neg_x_wh2m,cW,1.0,28,0.0268840003142986,0.0025136748615739,0.0512543257670233,0.0135063367525997,0.0168407606246216,0.33601550231192184,0.30913150199762324,False,True
lp_controls,consumption,WH2M,expansionary,mp_neg_x_wh2m,cW,1.0,29,0.0205696765448856,-0.0058832132729422,0.0470225663627135,0.0135063367525997,0.0170253488990783,0.3396985023346036,0.31912882578971796,False,True
lp_controls,consumption,WH2M,expansionary,mp_neg_x_wh2m,cW,1.0,30,0.0242381034292107,-0.0067686485264272,0.0552448553848487,0.0135063367525997,0.0171991777752888,0.3431668253194213,0.3189287218902106,False,True
lp_controls,consumption,WH2M,expansionary,mp_neg_x_wh2m,cW,1.0,31,0.0113702015376487,-0.012176995534063,0.0349173986093606,0.0135063367525997,0.017362829528121,0.346432089113489,0.3350618875758403,False,True
lp_controls,consumption,WH2M,expansionary,mp_neg_x_wh2m,cW,1.0,32,0.0179375762539333,-0.0061302076899581,0.0420053601978248,0.0135063367525997,0.0175168519200461,0.3495052229548625,0.3315676467009292,False,True
lp_controls,consumption,WH2M,expansionary,mp_neg_x_wh2m,cW,1.0,33,0.0347678180838283,0.0095424939561497,0.0599931422115069,0.0135063367525997,0.0176617600302388,0.35239650396768585,0.31762868588385756,False,True
lp_controls,consumption,WH2M,expansionary,mp_neg_x_wh2m,cW,1.0,34,0.0107525778992633,-0.0290749205175754,0.050580076316102,0.0135063367525997,0.0177980379899399,0.35511559178703656,0.34436301388777324,False,True
lp_controls,consumption,WH2M,expansionary,mp_neg_x_wh2m,cW,1.0,35,-0.0105521094793174,-0.0508590809113972,0.0297548619527622,0.0135063367525997,0.0179261406515042,0.3576715618606264,0.36822367133994377,False,False
lp_controls,consumption,WH2M,expansionary,mp_neg_x_wh2m,cW,1.0,36,-0.0208796407906187,-0.0544155397325098,0.0126562581512723,0.0135063367525997,0.0180464952422482,0.36007293844721977,0.3809525792378385,False,False
lp_controls,consumption,WH2M,expansionary,mp_neg_x_wh2m,cW,1.0,37,-0.0022319020901321,-0.0420132206217978,0.0375494164415335,0.0135063367525997,0.0181595031040327,0.3623277293256792,0.36455963141581127,False,False
lp_controls,consumption,WH2M,expansionary,mp_neg_x_wh2m,cW,1.0,38,0.0031680068753723,-0.0366213920981258,0.0429574058488704,0.0135063367525997,0.0182655417237934,0.3644434663091538,0.36127545943378153,False,True
lp_controls,consumption,WH2M,expansionary,mp_neg_x_wh2m,cW,1.0,39,0.0141031278571456,-0.0339746295963897,0.0621808853106811,0.0135063367525997,0.0183649674779201,0.36642726000234244,0.3523241321451968,False,True
lp_controls,consumption,WH2M,expansionary,mp_neg_x_wh2m,cW,1.0,40,-0.0267521584666595,-0.097282271571151,0.043777954637832,0.0135063367525997,0.0184581199673354,0.3682858862972098,0.39503804476386933,False,False
lp_controls,consumption,WH2M,expansionary,mp_neg_x_wh2m,cW,1.0,41,-0.0289050343838246,-0.0921114260628782,0.0343013572952288,0.0135063367525997,0.018545329766246,0.3700259409800502,0.3989309753638748,False,False
lp_controls,consumption,WH2M,expansionary,mp_neg_x_wh2m,cW,1.0,42,-0.0350464642458301,-0.0997694167056936,0.0296764882140334,0.0135063367525997,0.018626933378899,0.3716541381563688,0.40670060240219885,False,False
lp_controls,consumption,WH2M,expansionary,mp_neg_x_wh2m,cW,1.0,43,-0.0297516167362193,-0.0956665162200092,0.0361632827475704,0.0135063367525997,0.018703303305056,0.3731779101326565,0.4029295268688758,False,False
lp_controls,consumption,WH2M,expansionary,mp_neg_x_wh2m,cW,1.0,44,-0.0252495634540723,-0.0861982555462232,0.0356991286380786,0.0135063367525997,0.0187749096542787,0.37460663677625067,0.399856200230323,False,False
lp_controls,consumption,WH2M,expansionary,mp_neg_x_wh2m,cW,1.0,45,-0.0335806306326536,-0.1073105374694022,0.0401492762040949,0.0135063367525997,0.018842447229354,0.37595418114907886,0.40953481178173246,False,False
lp_controls,consumption,WH2M,expansionary,mp_neg_x_wh2m,cW,1.0,46,-0.0324935986361654,-0.1122566468389976,0.0472694495666667,0.0135063367525997,0.0189070921984723,0.37724401076274056,0.40973760939890597,False,False
lp_controls,consumption,WH2M,expansionary,mp_neg_x_wh2m,cW,1.0,47,-0.0140151683338975,-0.0704861985537289,0.0424558618859339,0.0135063367525997,0.0189708904482044,0.3785169461964888,0.3925321145303863,False,False
lp_controls,consumption,WH2M,expansionary,mp_neg_x_wh2m,cW,1.0,48,-0.0423541742253943,-0.098774497654533,0.0140661492037442,0.0135063367525997,0.0190346390815399,0.37978889165841817,0.42214306588381245,False,False
lp_income,income,PH2M,contractionary,mp_pos_x_ph2m,cP,1.0,0,-0.0160633151498368,-0.0321902686421612,6.36383424876653e-05,0.0078032329793046,-0.004426382683725,-0.05102506536347175,-0.03496175021363494,False,True
lp_income,income,PH2M,contractionary,mp_pos_x_ph2m,cP,1.0,1,-0.0125601717422333,-0.0279032222800165,0.0027828787955498,0.0078032329793046,-0.0047335862565511,-0.05456635031404285,-0.04200617857180955,False,True
lp_income,income,PH2M,contractionary,mp_pos_x_ph2m,cP,1.0,2,0.0073852675265257,-0.007831996530973,0.0226025315840245,0.0078032329793046,-0.0047642909649531,-0.05492029841684446,-0.06230556594337016,False,False
lp_income,income,PH2M,contractionary,mp_pos_x_ph2m,cP,1.0,3,-0.0039592427720342,-0.0151380564516605,0.007219570907592,0.0078032329793046,-0.0047507654638054,-0.054764383388830135,-0.05080514061679593,False,True
lp_income,income,PH2M,contractionary,mp_pos_x_ph2m,cP,1.0,4,-0.0016190290626198,-0.0104241920283681,0.0071861339031285,0.0078032329793046,-0.0047310298300589,-0.054536881142897516,-0.052917852080277716,False,True
lp_income,income,PH2M,contractionary,mp_pos_x_ph2m,cP,1.0,5,0.002699952753122,-0.0093358092792705,0.0147357147855145,0.0078032329793046,-0.0047112585491201,-0.0543089679744471,-0.0570089207275691,False,False
lp_income,income,PH2M,contractionary,mp_pos_x_ph2m,cP,1.0,6,-0.0148595738749748,-0.0257343296524696,-0.0039848180974799,0.0078032329793046,-0.0046924079519614,-0.054091667975579016,-0.039232094100604215,False,True
lp_income,income,PH2M,contractionary,mp_pos_x_ph2m,cP,1.0,7,-0.0176408810340193,-0.0364964785201555,0.0012147164521167,0.0078032329793046,-0.0046745818624647,-0.053886177974660526,-0.03624529694064123,False,True
lp_income,income,PH2M,contractionary,mp_pos_x_ph2m,cP,1.0,8,-0.0239742016613012,-0.0361879510581999,-0.0117604522644025,0.0078032329793046,-0.0046577472043953,-0.05369211668585213,-0.02971791502455093,False,True
lp_income,income,PH2M,contractionary,mp_pos_x_ph2m,cP,1.0,9,-0.0098658305923757,-0.020451290708355,0.0007196295236035516,0.0078032329793046,-0.004641851155288,-0.05350887519891446,-0.043643044606538756,False,True
lp_income,income,PH2M,contractionary,mp_pos_x_ph2m,cP,1.0,10,-0.0177131403840232,-0.0409240781762887,0.0054977974082421,0.0078032329793046,-0.0046268401856684,-0.053335836453569326,-0.03562269606954613,False,True
lp_income,income,PH2M,contractionary,mp_pos_x_ph2m,cP,1.0,11,-0.0081399870511015,-0.023089284660786,0.0068093105585828,0.0078032329793046,-0.0046126630185147,-0.05317240935465486,-0.04503242230355336,False,True
lp_income,income,PH2M,contractionary,mp_pos_x_ph2m,cP,1.0,12,-0.0025864066774957,-0.0121365334547079,0.0069637200997164,0.0078032329793046,-0.0045992709586899,-0.05301803256965062,-0.05043162589215492,False,True
lp_income,income,PH2M,contractionary,mp_pos_x_ph2m,cP,1.0,13,-0.0133924746173513,-0.0333357990440775,0.0065508498093748,0.0078032329793046,-0.0045866177968272,-0.052872173420717844,-0.03947969880336655,False,True
lp_income,income,PH2M,contractionary,mp_pos_x_ph2m,cP,1.0,14,-0.0260926373332507,-0.0435470037539393,-0.0086382709125621,0.0078032329793046,-0.004574659648366,-0.05273432602918925,-0.026641688695938553,False,True
lp_income,income,PH2M,contractionary,mp_pos_x_ph2m,cP,1.0,15,-0.0007996539653892821,-0.0134561474806808,0.0118568395499022,0.0078032329793046,-0.004563354786109,-0.05260400938537322,-0.05180435541998394,False,True
lp_income,income,PH2M,contractionary,mp_pos_x_ph2m,cP,1.0,16,-0.0187362210178293,-0.0345365822035892,-0.0029358598320695,0.0078032329793046,-0.004552663475079,-0.052480765444867856,-0.03374454442703856,False,True
lp_income,income,PH2M,contractionary,mp_pos_x_ph2m,cP,1.0,17,-0.0339497309833431,-0.0521471239094173,-0.0157523380572688,0.0078032329793046,-0.0045425478102882,-0.05236415725844888,-0.018414426275105783,False,True
lp_income,income,PH2M,contractionary,mp_pos_x_ph2m,cP,1.0,18,-0.0063178487498963,-0.0206310191865466,0.0079953216867539,0.0078032329793046,-0.0045329715566534,-0.05225376712669424,-0.04593591837679794,False,True
lp_income,income,PH2M,contractionary,mp_pos_x_ph2m,cP,1.0,19,-0.0071202110082323,-0.0234412591208784,0.0092008371044137,0.0078032329793046,-0.0045238999900127,-0.05214919476730635,-0.045028983759074055,False,True
lp_income,income,PH2M,contractionary,mp_pos_x_ph2m,cP,1.0,20,-0.0079062052464679,-0.0272786146508664,0.0114662041579306,0.0078032329793046,-0.0045152997380917,-0.05205005548185215,-0.04414385023538425,False,True
lp_income,income,PH2M,contractionary,mp_pos_x_ph2m,cP,1.0,21,0.0042434480720853,-0.0100145681429415,0.0185014642871123,0.0078032329793046,-0.0045071386201756,-0.05195597830758543,-0.05619942637967073,False,False
lp_income,income,PH2M,contractionary,mp_pos_x_ph2m,cP,1.0,22,-0.0106597993074853,-0.0301730748506782,0.0088534762357076,0.0078032329793046,-0.0044993854841425,-0.051866604138850456,-0.04120680483136516,False,True
lp_income,income,PH2M,contractionary,mp_pos_x_ph2m,cP,1.0,23,-0.0136291249296838,-0.0266694044318772,-0.0005888454274905553,0.0078032329793046,-0.0044920100393969,-0.051781583801225196,-0.038152458871541395,False,True
lp_income,income,PH2M,contractionary,mp_pos_x_ph2m,cP,1.0,24,0.0060631442752831,-0.0067500001162945,0.0188762886668607,0.0078032329793046,-0.0044849826841125,-0.05170057606006507,-0.05776372033534817,False,False
lp_income,income,PH2M,contractionary,mp_pos_x_ph2m,cP,1.0,25,-0.0039074645203028,-0.0135142434582033,0.0056993144175976,0.0078032329793046,-0.0044782743250508,-0.051623245543464355,-0.047715781023161555,False,True
lp_income,income,PH2M,contractionary,mp_pos_x_ph2m,cP,1.0,26,-0.0122324334814753,-0.0215500947652795,-0.0029147721976712,0.0078032329793046,-0.004471856188082,-0.05154926055803849,-0.03931682707656319,False,True
lp_income,income,PH2M,contractionary,mp_pos_x_ph2m,cP,1.0,27,6.446101827747733e-05,-0.0154584352312321,0.0155873572677871,0.0078032329793046,-0.0044656996174137,-0.05147829077453561,-0.05154275179281309,False,False
lp_income,income,PH2M,contractionary,mp_pos_x_ph2m,cP,1.0,28,0.024608855301354,0.0154984263004578,0.0337192843022501,0.0078032329793046,-0.0044597758614934,-0.05141000475983067,-0.07601886006118468,False,False
lp_income,income,PH2M,contractionary,mp_pos_x_ph2m,cP,1.0,29,-0.000343252710925775,-0.0129951289968904,0.0123086235750388,0.0078032329793046,-0.0044540558437012,-0.051344067333588615,-0.05100081462266284,False,True
lp_income,income,PH2M,contractionary,mp_pos_x_ph2m,cP,1.0,30,0.0033129453704672,-0.0098858932106972,0.0165117839516316,0.0078032329793046,-0.0044485099165367,-0.05128013673465731,-0.054593082105124514,False,False
lp_income,income,PH2M,contractionary,mp_pos_x_ph2m,cP,1.0,31,0.0164665841893634,0.0045721941643306,0.0283609742143961,0.0078032329793046,-0.0044431075995445,-0.05121786160000736,-0.06768444578937076,False,False
lp_income,income,PH2M,contractionary,mp_pos_x_ph2m,cP,1.0,32,-0.0020986650779521,-0.0121079158956598,0.0079105857397556,0.0078032329793046,-0.0044378173047881,-0.05115687780013623,-0.04905821272218413,False,True
lp_income,income,PH2M,contractionary,mp_pos_x_ph2m,cP,1.0,33,-0.0020884164584172,-0.0204346361516115,0.0162578032347771,0.0078032329793046,-0.0044326060615299,-0.05109680526532076,-0.04900838880690356,False,True
lp_income,income,PH2M,contractionary,mp_pos_x_ph2m,cP,1.0,34,0.005570516733711,-0.0098464447031383,0.0209874781705604,0.0078032329793046,-0.0044274392685853,-0.05103724513088253,-0.05660776186459353,False,False
lp_income,income,PH2M,contractionary,mp_pos_x_ph2m,cP,1.0,35,-0.0022666204062167,-0.011228546436593,0.0066953056241595,0.0078032329793046,-0.004422280538392,-0.05097777793969876,-0.048711157533482055,False,True
lp_income,income,PH2M,contractionary,mp_pos_x_ph2m,cP,1.0,36,0.004024107454117,-0.0092100517096993,0.0172582666179334,0.0078032329793046,-0.0044170917715466,-0.050917964501421976,-0.054942071955538976,False,False
lp_income,income,PH2M,contractionary,mp_pos_x_ph2m,cP,1.0,37,0.0264941342487685,0.0139307942574547,0.0390574742400822,0.0078032329793046,-0.0044118337569098,-0.05085735281018451,-0.077351487058953,False,False
lp_income,income,PH2M,contractionary,mp_pos_x_ph2m,cP,1.0,38,0.0006411779396640329,-0.0109285676385357,0.0122109235178638,0.0078032329793046,-0.0044064679188856,-0.050795498186335275,-0.05143667612599931,False,False
lp_income,income,PH2M,contractionary,mp_pos_x_ph2m,cP,1.0,39,0.0056452012771022,-0.0077999583354443,0.0190903608896489,0.0078032329793046,-0.0044009605145579,-0.0507320116588741,-0.0563772129359763,False,False
lp_income,income,PH2M,contractionary,mp_pos_x_ph2m,cP,1.0,40,0.0274933807845556,0.0132168925856938,0.0417698689834174,0.0078032329793046,-0.004395292003225,-0.05066666797263155,-0.07816004875718716,False,False
lp_income,income,PH2M,contractionary,mp_pos_x_ph2m,cP,1.0,41,-0.003256755176856,-0.028626571738988,0.022113061385276,0.0078032329793046,-0.0043894772698437,-0.05059963871374191,-0.047342883536885906,False,True
lp_income,income,PH2M,contractionary,mp_pos_x_ph2m,cP,1.0,42,0.0008440405870955058,-0.0083663719112487,0.0100544530854397,0.0078032329793046,-0.0043836085492603,-0.05053198711812435,-0.05137602770521986,False,False
lp_income,income,PH2M,contractionary,mp_pos_x_ph2m,cP,1.0,43,0.0116226861895343,-0.0026950049656712,0.02594037734474,0.0078032329793046,-0.0043779457422496,-0.05046670918837731,-0.06208939537791161,False,False
lp_income,income,PH2M,contractionary,mp_pos_x_ph2m,cP,1.0,44,-0.0016238705230995,-0.0211865758235553,0.0179388347773563,0.0078032329793046,-0.0043731055553748,-0.05041091400090603,-0.04878704347780653,False,True
lp_income,income,PH2M,contractionary,mp_pos_x_ph2m,cP,1.0,45,0.0022292115006352,-0.0140643694426009,0.0185227924438714,0.0078032329793046,-0.0043704562575985,-0.05038037425731358,-0.05260958575794878,False,False
lp_income,income,PH2M,contractionary,mp_pos_x_ph2m,cP,1.0,46,0.0100634119534995,-0.0026553637120252,0.0227821876190243,0.0078032329793046,-0.004372933200328,-0.050408927180480165,-0.06047233913397966,False,False
lp_income,income,PH2M,contractionary,mp_pos_x_ph2m,cP,1.0,47,0.0020025580022742,-0.0095554145940126,0.0135605305985612,0.0078032329793046,-0.004386575773642,-0.05056619175627753,-0.05256874975855173,False,False
lp_income,income,PH2M,contractionary,mp_pos_x_ph2m,cP,1.0,48,0.0061447108494124,-0.0070669518479746,0.0193563735467996,0.0078032329793046,-0.004420446539572,-0.05095663654358514,-0.05710134739299754,False,False
lp_income,income,PH2M,expansionary,mp_neg_x_ph2m,cP,1.0,0,0.0005420658682156112,-0.0134006886828506,0.0144848204192818,0.0115285465340016,0.004426382683725,0.075384759368761,0.0748426935005454,False,True
lp_income,income,PH2M,expansionary,mp_neg_x_ph2m,cP,1.0,1,0.0138577516954426,-0.0054314889963853,0.0331469923872707,0.0115285465340016,0.0047335862565511,0.08061667650504223,0.06675892480959963,False,True
lp_income,income,PH2M,expansionary,mp_neg_x_ph2m,cP,1.0,2,-0.0087331130656931,-0.01930990842626,0.0018436822948737,0.0115285465340016,0.0047642909649531,0.08113960170599317,0.08987271477168628,False,False
lp_income,income,PH2M,expansionary,mp_neg_x_ph2m,cP,1.0,3,0.0058858552130716,-0.0068810828158335,0.0186527932419769,0.0115285465340016,0.0047507654638054,0.08090925184195855,0.07502339662888695,False,True
lp_income,income,PH2M,expansionary,mp_neg_x_ph2m,cP,1.0,4,0.0165300909207706,-3.0114355054934225e-05,0.0330902961965962,0.0115285465340016,0.0047310298300589,0.08057313856227306,0.06404304764150247,False,True
lp_income,income,PH2M,expansionary,mp_neg_x_ph2m,cP,1.0,5,-0.0038429491956395,-0.0183176821029673,0.0106317837116882,0.0115285465340016,0.0047112585491201,0.08023641818301988,0.08407936737865938,False,False
lp_income,income,PH2M,expansionary,mp_neg_x_ph2m,cP,1.0,6,0.0155443042253342,0.0039063160103103,0.027182292440358,0.0115285465340016,0.0046924079519614,0.07991537776868991,0.06437107354335571,False,True
lp_income,income,PH2M,expansionary,mp_neg_x_ph2m,cP,1.0,7,0.0122172040498173,-0.0040572501170492,0.0284916582166839,0.0115285465340016,0.0046745818624647,0.07961178552120175,0.06739458147138445,False,True
lp_income,income,PH2M,expansionary,mp_neg_x_ph2m,cP,1.0,8,-0.0144224457417419,-0.0315958276672759,0.002750936183792,0.0115285465340016,0.0046577472043953,0.07932507812640661,0.09374752386814851,False,False
lp_income,income,PH2M,expansionary,mp_neg_x_ph2m,cP,1.0,9,0.0144514948960241,0.0042932614116213,0.0246097283804268,0.0115285465340016,0.004641851155288,0.07905435597640503,0.06460286108038094,False,True
lp_income,income,PH2M,expansionary,mp_neg_x_ph2m,cP,1.0,10,0.0041876970593145,-0.0126692370372356,0.0210446311558648,0.0115285465340016,0.0046268401856684,0.07879870742237784,0.07461101036306333,False,True
lp_income,income,PH2M,expansionary,mp_neg_x_ph2m,cP,1.0,11,-0.0085159498351483,-0.028332477895453,0.0113005782251564,0.0115285465340016,0.0046126630185147,0.07855725917653547,0.08707320901168378,False,False
lp_income,income,PH2M,expansionary,mp_neg_x_ph2m,cP,1.0,12,0.0109720640420258,-0.0038975535571772,0.0258416816412289,0.0115285465340016,0.0045992709586899,0.07832918192260609,0.06735711788058028,False,True
lp_income,income,PH2M,expansionary,mp_neg_x_ph2m,cP,1.0,13,0.0111162958696606,-0.0077051246965999,0.0299377164359211,0.0115285465340016,0.0045866177968272,0.07811368867892864,0.06699739280926803,False,True
lp_income,income,PH2M,expansionary,mp_neg_x_ph2m,cP,1.0,14,-0.0085613696741106,-0.0220886040034863,0.0049658646552649,0.0115285465340016,0.004574659648366,0.0779100320571101,0.0864714017312207,False,False
lp_income,income,PH2M,expansionary,mp_neg_x_ph2m,cP,1.0,15,0.0093395478582396,-0.0046513097763083,0.0233304054927877,0.0115285465340016,0.004563354786109,0.07771750141034195,0.06837795355210236,False,True
lp_income,income,PH2M,expansionary,mp_neg_x_ph2m,cP,1.0,16,0.0088021299679057,-0.0061505756747976,0.0237548356106091,0.0115285465340016,0.004552663475079,0.07753542002088222,0.06873329005297651,False,True
lp_income,income,PH2M,expansionary,mp_neg_x_ph2m,cP,1.0,17,-0.017635450130799,-0.0305216032135364,-0.0047492970480616,0.0115285465340016,0.0045425478102882,0.07736314233713984,0.09499859246793885,False,False
lp_income,income,PH2M,expansionary,mp_neg_x_ph2m,cP,1.0,18,-0.0017245390649993,-0.0128754778968084,0.0094263997668096,0.0115285465340016,0.0045329715566534,0.07720005124730525,0.07892459031230455,False,False
lp_income,income,PH2M,expansionary,mp_neg_x_ph2m,cP,1.0,19,0.004395398225565,-0.0092322191043972,0.0180230155555273,0.0115285465340016,0.0045238999900127,0.07704555537174049,0.07265015714617548,False,True
lp_income,income,PH2M,expansionary,mp_neg_x_ph2m,cP,1.0,20,-0.0064200369316515,-0.0260273072550456,0.0131872333917425,0.0115285465340016,0.0045152997380917,0.07689908635450908,0.08331912328616058,False,False
lp_income,income,PH2M,expansionary,mp_neg_x_ph2m,cP,1.0,21,-0.0010354579195042,-0.0160817647561174,0.0140108489171088,0.0115285465340016,0.0045071386201756,0.07676009613286662,0.07779555405237082,False,False
lp_income,income,PH2M,expansionary,mp_neg_x_ph2m,cP,1.0,22,0.0061675490956172,-0.0141917531379118,0.0265268513291464,0.0115285465340016,0.0044993854841425,0.07662805416181033,0.07046050506619313,False,True
lp_income,income,PH2M,expansionary,mp_neg_x_ph2m,cP,1.0,23,-0.0054805172584793,-0.0191093673828822,0.0081483328659235,0.0115285465340016,0.0044920100393969,0.07650244456880588,0.08198296182728518,False,False
lp_income,income,PH2M,expansionary,mp_neg_x_ph2m,cP,1.0,24,-0.0038755995448703,-0.0242930833826078,0.0165418842928671,0.0115285465340016,0.0044849826841125,0.07638276321159718,0.08025836275646747,False,False
lp_income,income,PH2M,expansionary,mp_neg_x_ph2m,cP,1.0,25,0.0027085239533469,-0.0129780065068673,0.0183950544135612,0.0115285465340016,0.0044782743250508,0.07626851460957618,0.07355999065622927,False,True
lp_income,income,PH2M,expansionary,mp_neg_x_ph2m,cP,1.0,26,-0.0086204874329519,-0.0274536127494513,0.0102126378835474,0.0115285465340016,0.004471856188082,0.07615920871680562,0.08477969614975753,False,False
lp_income,income,PH2M,expansionary,mp_neg_x_ph2m,cP,1.0,27,-0.0145461676485647,-0.0420709057259384,0.0129785704288089,0.0115285465340016,0.0044656996174137,0.07605435750272668,0.09060052515129138,False,False
lp_income,income,PH2M,expansionary,mp_neg_x_ph2m,cP,1.0,28,-0.0085524675590263,-0.0263691673902522,0.0092642322721995,0.0115285465340016,0.0044597758614934,0.07595347130591117,0.08450593886493747,False,False
lp_income,income,PH2M,expansionary,mp_neg_x_ph2m,cP,1.0,29,-0.0005323766668450211,-0.0173679699203638,0.0163032165866737,0.0115285465340016,0.0044540558437012,0.07585605492877877,0.07638843159562379,False,False
lp_income,income,PH2M,expansionary,mp_neg_x_ph2m,cP,1.0,30,-0.0153904277414155,-0.035446774444042,0.004665918961211,0.0115285465340016,0.0044485099165367,0.07576160345120778,0.09115203119262327,False,False
lp_income,income,PH2M,expansionary,mp_neg_x_ph2m,cP,1.0,31,-0.0073864479663867,-0.0273207225105061,0.0125478265777326,0.0115285465340016,0.0044431075995445,0.07566959776720125,0.08305604573358795,False,False
lp_income,income,PH2M,expansionary,mp_neg_x_ph2m,cP,1.0,32,0.0016505219997921,-0.018819781270364,0.0221208252699483,0.0115285465340016,0.0044378173047881,0.07557949990949288,0.07392897790970078,False,True
lp_income,income,PH2M,expansionary,mp_neg_x_ph2m,cP,1.0,33,-0.0081358738129407,-0.0202286867126845,0.0039569390868029,0.0115285465340016,0.0044326060615299,0.075490748360632,0.08362662217357271,False,False
lp_income,income,PH2M,expansionary,mp_neg_x_ph2m,cP,1.0,34,-0.0022520712322706,-0.014924702670542,0.0104205602060007,0.0115285465340016,0.0044274392685853,0.07540275383538028,0.07765482506765088,False,False
lp_income,income,PH2M,expansionary,mp_neg_x_ph2m,cP,1.0,35,-0.0069123438899467,-0.0379372136504672,0.0241125258705738,0.0115285465340016,0.004422280538392,0.07531489662508978,0.08222724051503648,False,False
lp_income,income,PH2M,expansionary,mp_neg_x_ph2m,cP,1.0,36,-0.0088438006822382,-0.0255279883352008,0.0078403869707244,0.0115285465340016,0.0044170917715466,0.07522652786711968,0.08407032854935788,False,False
lp_income,income,PH2M,expansionary,mp_neg_x_ph2m,cP,1.0,37,-0.0062532117478081,-0.0188945797601014,0.0063881562644851,0.0115285465340016,0.0044118337569098,0.07513697976509724,0.08139019151290534,False,False
lp_income,income,PH2M,expansionary,mp_neg_x_ph2m,cP,1.0,38,0.0025518860865082,-0.0301572856649556,0.0352610578379721,0.0115285465340016,0.0044064679188856,0.07504559534644918,0.07249370925994097,False,True
lp_income,income,PH2M,expansionary,mp_neg_x_ph2m,cP,1.0,39,-0.0052817866239059,-0.0180509354789277,0.0074873622311158,0.0115285465340016,0.0044009605145579,0.074951799942921,0.0802335865668269,False,False
lp_income,income,PH2M,expansionary,mp_neg_x_ph2m,cP,1.0,40,-0.0079118719635127,-0.0222147896344841,0.0063910457074585,0.0115285465340016,0.004395292003225,0.07485526076107825,0.08276713272459095,False,False
lp_income,income,PH2M,expansionary,mp_neg_x_ph2m,cP,1.0,41,-0.0158806112308109,-0.04739003107704,0.0156288086154181,0.0115285465340016,0.0043894772698437,0.07475623130337804,0.09063684253418894,False,False
lp_income,income,PH2M,expansionary,mp_neg_x_ph2m,cP,1.0,42,0.0109031485856113,-0.0145641918130543,0.0363704889842771,0.0115285465340016,0.0043836085492603,0.07465628240139793,0.06375313381578664,False,True
lp_income,income,PH2M,expansionary,mp_neg_x_ph2m,cP,1.0,43,-0.0036737922262256,-0.0150787771592032,0.0077311927067519,0.0115285465340016,0.0043779457422496,0.07455984036862409,0.0782336325948497,False,False
lp_income,income,PH2M,expansionary,mp_neg_x_ph2m,cP,1.0,44,0.003561934988277,-0.0326565833983818,0.0397804533749358,0.0115285465340016,0.0043731055553748,0.07447740820020853,0.07091547321193152,False,True
lp_income,income,PH2M,expansionary,mp_neg_x_ph2m,cP,1.0,45,-0.0250988904307515,-0.0595779239704289,0.0093801431089259,0.0115285465340016,0.0043704562575985,0.0744322885868283,0.0995311790175798,False,False
lp_income,income,PH2M,expansionary,mp_neg_x_ph2m,cP,1.0,46,0.0189616226312802,-0.0024635956419423,0.0403868409045028,0.0115285465340016,0.004372933200328,0.0744744728589474,0.0555128502276672,False,True
lp_income,income,PH2M,expansionary,mp_neg_x_ph2m,cP,1.0,47,0.0072845172276012,-0.0334632008701218,0.0480322353253242,0.0115285465340016,0.004386575773642,0.07470681655354659,0.06742229932594539,False,True
lp_income,income,PH2M,expansionary,mp_neg_x_ph2m,cP,1.0,48,-0.0387513365244412,-0.0700991354818027,-0.0074035375670798,0.0115285465340016,0.004420446539572,0.07528366219065268,0.11403499871509387,False,False
lp_income,income,WH2M,contractionary,mp_pos_x_wh2m,cW,1.0,0,-0.0066295712547564,-0.0278914947814166,0.0146323522719038,0.0091442313928424,-0.0031950356229896,-0.04316015042977756,-0.036530579175021165,False,True
lp_income,income,WH2M,contractionary,mp_pos_x_wh2m,cW,1.0,1,0.0118435579633652,-0.0014963585809583,0.0251834745076888,0.0091442313928424,-0.0042527751302573,-0.0574486284425754,-0.0692921864059406,False,False
lp_income,income,WH2M,contractionary,mp_pos_x_wh2m,cW,1.0,2,-0.0011629452923594,-0.0204680479146519,0.0181421573299329,0.0091442313928424,-0.0051675225392115,-0.06980549717093419,-0.06864255187857479,False,True
lp_income,income,WH2M,contractionary,mp_pos_x_wh2m,cW,1.0,3,-0.0201709367537057,-0.0578083948507379,0.0174665213433264,0.0091442313928424,-0.0060169950732506,-0.08128060001213067,-0.06110966325842497,False,True
lp_income,income,WH2M,contractionary,mp_pos_x_wh2m,cW,1.0,4,-0.0007279834006027613,-0.0155812731382588,0.0141253063370532,0.0091442313928424,-0.0068162889353832,-0.09207786407986629,-0.09134988067926353,False,True
lp_income,income,WH2M,contractionary,mp_pos_x_wh2m,cW,1.0,5,0.0119991482655718,-0.0040529309583006,0.0280512274894443,0.0091442313928424,-0.0075701001062141,-0.10226072504536178,-0.11425987331093358,False,False
lp_income,income,WH2M,contractionary,mp_pos_x_wh2m,cW,1.0,6,-0.0399033150127451,-0.0756953615854124,-0.0041112684400779,0.0091442313928424,-0.008281293953471,-0.1118678897390745,-0.07196457472632939,False,True
lp_income,income,WH2M,contractionary,mp_pos_x_wh2m,cW,1.0,7,0.0057690029783828,-0.0172110777172815,0.0287490836740473,0.0091442313928424,-0.0089523173574306,-0.12093241185219523,-0.12670141483057804,False,False
lp_income,income,WH2M,contractionary,mp_pos_x_wh2m,cW,1.0,8,0.0109021764146799,-0.005132855256964,0.0269372080863239,0.0091442313928424,-0.009585436894698,-0.12948490944310584,-0.14038708585778573,False,False
lp_income,income,WH2M,contractionary,mp_pos_x_wh2m,cW,1.0,9,-0.0140386753588628,-0.0462922983701779,0.0182149476524522,0.0091442313928424,-0.0101827841661257,-0.1375541772497392,-0.1235155018908764,False,True
lp_income,income,WH2M,contractionary,mp_pos_x_wh2m,cW,1.0,10,0.0130523630408226,-0.001959568639483,0.0280642947211284,0.0091442313928424,-0.010746369149087,-0.14516736705881336,-0.15821973009963597,False,False
lp_income,income,WH2M,contractionary,mp_pos_x_wh2m,cW,1.0,11,0.0003498532199901388,-0.0247969079187625,0.0254966143587428,0.0091442313928424,-0.0112780879719713,-0.1523500927276299,-0.15269994594762004,False,False
lp_income,income,WH2M,contractionary,mp_pos_x_wh2m,cW,1.0,12,-0.0229794257129716,-0.05751348064849,0.0115546292225467,0.0091442313928424,-0.011779729457871,-0.15912651857949234,-0.13614709286652074,False,True
lp_income,income,WH2M,contractionary,mp_pos_x_wh2m,cW,1.0,13,0.0212349558596919,-0.0057328648288327,0.0482027765482165,0.0091442313928424,-0.0122529811678906,-0.16551944103976937,-0.18675439689946127,False,False
lp_income,income,WH2M,contractionary,mp_pos_x_wh2m,cW,1.0,14,0.0106584336954708,-0.0203070792725095,0.0416239466634512,0.0091442313928424,-0.0126994350805303,-0.1715503653558689,-0.1822087990513397,False,False
lp_income,income,WH2M,contractionary,mp_pos_x_wh2m,cW,1.0,15,-0.0177665984903023,-0.0572474797840026,0.0217142828033979,0.0091442313928424,-0.0131205929452555,-0.17723957791595144,-0.15947297942564914,False,True
lp_income,income,WH2M,contractionary,mp_pos_x_wh2m,cW,1.0,16,0.033825818517512,0.0039605237472775,0.0636911132877465,0.0091442313928424,-0.0135178713313391,-0.18260621445123468,-0.2164320329687467,False,False
lp_income,income,WH2M,contractionary,mp_pos_x_wh2m,cW,1.0,17,-0.0152108339551477,-0.0515301554448264,0.0211084875345309,0.0091442313928424,-0.0138926063894182,-0.18766832435749975,-0.17245749040235206,False,True
lp_income,income,WH2M,contractionary,mp_pos_x_wh2m,cW,1.0,18,0.0032644132713733,-0.0249079812383803,0.031436807781127,0.0091442313928424,-0.0142460583418081,-0.19244293135251422,-0.19570734462388753,False,False
lp_income,income,WH2M,contractionary,mp_pos_x_wh2m,cW,1.0,19,0.0184149881157757,-0.0103971326755013,0.0472271089070528,0.0091442313928424,-0.0145794157166216,-0.19694609067264843,-0.21536107878842414,False,False
lp_income,income,WH2M,contractionary,mp_pos_x_wh2m,cW,1.0,20,-0.0115370551968144,-0.0401373567604135,0.0170632463667846,0.0091442313928424,-0.0148937993398611,-0.201192943000066,-0.1896558878032516,False,True
lp_income,income,WH2M,contractionary,mp_pos_x_wh2m,cW,1.0,21,-1.7999174628691497e-05,-0.0370204889264968,0.0369844905772395,0.0091442313928424,-0.0151902660988218,-0.2051977653006698,-0.2051797661260411,False,True
lp_income,income,WH2M,contractionary,mp_pos_x_wh2m,cW,1.0,22,0.0239482136009569,-0.0154670909297194,0.0633635181316333,0.0091442313928424,-0.0154698124893635,-0.20897401874243635,-0.23292223234339324,False,False
lp_income,income,WH2M,contractionary,mp_pos_x_wh2m,cW,1.0,23,-0.0244062593798177,-0.0543307597257868,0.0055182409661512,0.0091442313928424,-0.0157333779588688,-0.21253439385377848,-0.1881281344739608,False,True
lp_income,income,WH2M,contractionary,mp_pos_x_wh2m,cW,1.0,24,0.0053756081866794,-0.0255671999792731,0.0363184163526321,0.0091442313928424,-0.0159818480560052,-0.21589085307211858,-0.22126646125879798,False,False
lp_income,income,WH2M,contractionary,mp_pos_x_wh2m,cW,1.0,25,0.005876606477119,-0.0275664432170827,0.0393196561713209,0.0091442313928424,-0.016216057397746,-0.21905467082390112,-0.2249312773010201,False,False
lp_income,income,WH2M,contractionary,mp_pos_x_wh2m,cW,1.0,26,-0.0360922607377587,-0.0674799905919485,-0.004704530883569,0.0091442313928424,-0.016436792463487,-0.22203647126892842,-0.18594421053116972,False,True
lp_income,income,WH2M,contractionary,mp_pos_x_wh2m,cW,1.0,27,0.0104234623617711,-0.0192781653692863,0.0401250900928286,0.0091442313928424,-0.0166447942255211,-0.2248462638341363,-0.2352697261959074,False,False
lp_income,income,WH2M,contractionary,mp_pos_x_wh2m,cW,1.0,28,-0.0245269554106181,-0.0426142664553619,-0.0064396443658742,0.0091442313928424,-0.0168407606246216,-0.22749347665502037,-0.20296652124440226,False,True
lp_income,income,WH2M,contractionary,mp_pos_x_wh2m,cW,1.0,29,-0.015379541816742,-0.0317992425136716,0.0010401588801876,0.0091442313928424,-0.0170253488990783,-0.2299869880374286,-0.2146074462206866,False,True
lp_income,income,WH2M,contractionary,mp_pos_x_wh2m,cW,1.0,30,0.0113111135771875,-0.0161293437104717,0.0387515708648467,0.0091442313928424,-0.0171991777752888,-0.23233515604917185,-0.24364626962635935,False,False
lp_income,income,WH2M,contractionary,mp_pos_x_wh2m,cW,1.0,31,-0.0030406095063814,-0.0299343361939456,0.0238531171811826,0.0091442313928424,-0.017362829528121,-0.23454584635243847,-0.23150523684605706,False,True
lp_income,income,WH2M,contractionary,mp_pos_x_wh2m,cW,1.0,32,-0.0215677503435871,-0.0465887574386805,0.0034532567515062,0.0091442313928424,-0.0175168519200461,-0.23662645839857932,-0.21505870805499222,False,True
lp_income,income,WH2M,contractionary,mp_pos_x_wh2m,cW,1.0,33,0.0149358178876359,-0.0199849622847584,0.0498565980600304,0.0091442313928424,-0.0176617600302388,-0.23858395013651482,-0.2535197680241507,False,False
lp_income,income,WH2M,contractionary,mp_pos_x_wh2m,cW,1.0,34,-0.0013438666275145,-0.0114901887034203,0.0088024554483912,0.0091442313928424,-0.0177980379899399,-0.24042486145488665,-0.23908099482737213,False,True
lp_income,income,WH2M,contractionary,mp_pos_x_wh2m,cW,1.0,35,-0.0152240503391561,-0.0412170991948069,0.0107689985164945,0.0091442313928424,-0.0179261406515042,-0.24215533672839756,-0.22693128638924145,False,True
lp_income,income,WH2M,contractionary,mp_pos_x_wh2m,cW,1.0,36,0.0105139662348267,-0.016622518942302,0.0376504514119556,0.0091442313928424,-0.0180464952422482,-0.24378114715881924,-0.25429511339364597,False,False
lp_income,income,WH2M,contractionary,mp_pos_x_wh2m,cW,1.0,37,-0.008334642618685,-0.0326236087813014,0.0159543235439314,0.0091442313928424,-0.0181595031040327,-0.2453077142741501,-0.2369730716554651,False,True
lp_income,income,WH2M,contractionary,mp_pos_x_wh2m,cW,1.0,38,-0.0186574932771586,-0.0392990284808599,0.0019840419265426,0.0091442313928424,-0.0182655417237934,-0.24674013735804531,-0.22808264408088672,False,True
lp_income,income,WH2M,contractionary,mp_pos_x_wh2m,cW,1.0,39,0.0073318951741783,-0.0186942641939481,0.0333580545423048,0.0091442313928424,-0.0183649674779201,-0.24808323052227335,-0.25541512569645164,False,False
lp_income,income,WH2M,contractionary,mp_pos_x_wh2m,cW,1.0,40,-0.0050233215300522,-0.0250767617281288,0.0150301186680244,0.0091442313928424,-0.0184581199673354,-0.2493415812671426,-0.2443182597370904,False,True
lp_income,income,WH2M,contractionary,mp_pos_x_wh2m,cW,1.0,41,-0.0231892738128376,-0.0637373642805053,0.0173588166548301,0.0091442313928424,-0.018545329766246,-0.2505196551555364,-0.22733038134269884,False,True
lp_income,income,WH2M,contractionary,mp_pos_x_wh2m,cW,1.0,42,-0.0082565715369398,-0.0365363321830764,0.0200231891091968,0.0091442313928424,-0.018626933378899,-0.25162199785631084,-0.24336542631937105,False,True
lp_income,income,WH2M,contractionary,mp_pos_x_wh2m,cW,1.0,43,-0.0015749545102734,-0.0131862253673126,0.0100363163467657,0.0091442313928424,-0.018703303305056,-0.25265364128386136,-0.25107868677358797,False,True
lp_income,income,WH2M,contractionary,mp_pos_x_wh2m,cW,1.0,44,-0.0172320787743293,-0.0535709296425874,0.0191067720939287,0.0091442313928424,-0.0187749096542787,-0.25362093591492624,-0.23638885714059693,False,True
lp_income,income,WH2M,contractionary,mp_pos_x_wh2m,cW,1.0,45,-0.0074660961547285,-0.0175964175295337,0.0026642252200765,0.0091442313928424,-0.018842447229354,-0.25453326749550026,-0.24706717134077175,False,True
lp_income,income,WH2M,contractionary,mp_pos_x_wh2m,cW,1.0,46,0.0038373657668925,-0.0315649770979684,0.0392397086317534,0.0091442313928424,-0.0189070921984723,-0.25540652429789656,-0.25924389006478904,False,False
lp_income,income,WH2M,contractionary,mp_pos_x_wh2m,cW,1.0,47,-0.0110932007333102,-0.0484459893091229,0.0262595878425024,0.0091442313928424,-0.0189708904482044,-0.25626834318835934,-0.24517514245504915,False,True
lp_income,income,WH2M,contractionary,mp_pos_x_wh2m,cW,1.0,48,-0.0112491966397726,-0.0343876429568364,0.0118892496772911,0.0091442313928424,-0.0190346390815399,-0.2571294918355467,-0.24588029519577406,False,True
lp_income,income,WH2M,expansionary,mp_neg_x_wh2m,cW,1.0,0,0.0413165057532263,0.0078112644945945,0.0748217470118581,0.0135063367525997,0.0031950356229896,0.06374899113486195,0.02243248538163565,True,True
lp_income,income,WH2M,expansionary,mp_neg_x_wh2m,cW,1.0,1,0.0327394396529303,0.008109946387017,0.0573689329188436,0.0135063367525997,0.0042527751302573,0.0848535528451028,0.052114113192172504,False,True
lp_income,income,WH2M,expansionary,mp_neg_x_wh2m,cW,1.0,2,0.0108948172028981,-0.0101546440165584,0.0319442784223546,0.0135063367525997,0.0051675225392115,0.10310506279524681,0.09221024559234871,False,True
lp_income,income,WH2M,expansionary,mp_neg_x_wh2m,cW,1.0,3,0.0441760279751689,0.0078811544863836,0.0804709014639542,0.0135063367525997,0.0060169950732506,0.12005417492786717,0.07587814695269827,False,True
lp_income,income,WH2M,expansionary,mp_neg_x_wh2m,cW,1.0,4,0.0366700031722165,0.0178102065963504,0.0555297997480826,0.0135063367525997,0.0068162889353832,0.13600209643603578,0.09933209326381928,False,True
lp_income,income,WH2M,expansionary,mp_neg_x_wh2m,cW,1.0,5,0.0142979443286554,-0.0025206490332271,0.0311165376905379,0.0135063367525997,0.0075701001062141,0.15104252393577489,0.1367445796071195,False,True
lp_income,income,WH2M,expansionary,mp_neg_x_wh2m,cW,1.0,6,0.0358402073142008,-0.0018974078360204,0.0735778224644222,0.0135063367525997,0.008281293953471,0.1652326287151156,0.12939242140091478,False,True
lp_income,income,WH2M,expansionary,mp_neg_x_wh2m,cW,1.0,7,0.0369928910255803,0.0134971802364158,0.0604886018147448,0.0135063367525997,0.0089523173574306,0.17862123218560802,0.1416283411600277,False,True
lp_income,income,WH2M,expansionary,mp_neg_x_wh2m,cW,1.0,8,0.0176894983921733,-0.0042398505428336,0.0396188473271804,0.0135063367525997,0.009585436894698,0.1912535582473756,0.17356405985520232,False,True
lp_income,income,WH2M,expansionary,mp_neg_x_wh2m,cW,1.0,9,0.0499734507475728,0.0076475696747676,0.092299331820378,0.0135063367525997,0.0101827841661257,0.20317213769502715,0.15319868694745437,False,True
lp_income,income,WH2M,expansionary,mp_neg_x_wh2m,cW,1.0,10,0.0466681423577208,0.025003746577323,0.0683325381381186,0.0135063367525997,0.010746369149087,0.2144170746290709,0.1677489322713501,False,True
lp_income,income,WH2M,expansionary,mp_neg_x_wh2m,cW,1.0,11,0.0098634930364205,-0.0144139820561781,0.0341409681290192,0.0135063367525997,0.0112780879719713,0.22502620157663633,0.21516270854021582,False,True
lp_income,income,WH2M,expansionary,mp_neg_x_wh2m,cW,1.0,12,0.045690075084753,0.0122571760557093,0.0791229741137966,0.0135063367525997,0.011779729457871,0.23503521005447484,0.18934513496972183,False,True
lp_income,income,WH2M,expansionary,mp_neg_x_wh2m,cW,1.0,13,0.0325581811698532,0.0061318449826065,0.0589845173571,0.0135063367525997,0.0122529811678906,0.24447777114816566,0.21191958997831245,False,True
lp_income,income,WH2M,expansionary,mp_neg_x_wh2m,cW,1.0,14,0.0216578625497844,-0.0093912588272683,0.0527069839268373,0.0135063367525997,0.0126994350805303,0.25338564883009324,0.23172778628030882,False,True
lp_income,income,WH2M,expansionary,mp_neg_x_wh2m,cW,1.0,15,0.0342731860156284,0.0009638739954121878,0.0675824980358447,0.0135063367525997,0.0131205929452555,0.26178880677661465,0.22751562076098625,False,True
lp_income,income,WH2M,expansionary,mp_neg_x_wh2m,cW,1.0,16,0.0394132934695722,0.0120123837946235,0.0668142031445209,0.0135063367525997,0.0135178713313391,0.26971550910515335,0.23030221563558115,False,True
lp_income,income,WH2M,expansionary,mp_neg_x_wh2m,cW,1.0,17,0.0259674583005907,-0.001200186388736,0.0531351029899175,0.0135063367525997,0.0138926063894182,0.27719241537922285,0.2512249570786321,False,True
lp_income,income,WH2M,expansionary,mp_neg_x_wh2m,cW,1.0,18,0.0373938208612364,0.0035550225238948,0.071232619198578,0.0135063367525997,0.0142460583418081,0.28424467020147737,0.24685084934024096,False,True
lp_income,income,WH2M,expansionary,mp_neg_x_wh2m,cW,1.0,19,0.0354601630710786,0.009737216676339,0.0611831094658181,0.0135063367525997,0.0145794157166216,0.2908959876950338,0.2554358246239552,False,True
lp_income,income,WH2M,expansionary,mp_neg_x_wh2m,cW,1.0,20,0.0330746047810577,0.0090076874479938,0.0571415221141216,0.0135063367525997,0.0148937993398611,0.29716873115574294,0.2640941263746852,False,True
lp_income,income,WH2M,expansionary,mp_neg_x_wh2m,cW,1.0,21,0.0474634218834092,0.0149275734883339,0.0799992702784845,0.0135063367525997,0.0151902660988218,0.3030839881415422,0.255620566258133,False,True
lp_income,income,WH2M,expansionary,mp_neg_x_wh2m,cW,1.0,22,0.0472540243064425,0.0160475297139467,0.0784605188989382,0.0135063367525997,0.0154698124893635,0.30866164124944423,0.26140761694300174,False,True
lp_income,income,WH2M,expansionary,mp_neg_x_wh2m,cW,1.0,23,0.0519464657812035,0.0231511747487327,0.0807417568136743,0.0135063367525997,0.0157333779588688,0.31392043481595455,0.26197396903475106,False,True
lp_income,income,WH2M,expansionary,mp_neg_x_wh2m,cW,1.0,24,0.0326105575482093,-0.0067803815261784,0.0720014966225972,0.0135063367525997,0.0159818480560052,0.3188780377627428,0.2862674802145335,False,True
lp_income,income,WH2M,expansionary,mp_neg_x_wh2m,cW,1.0,25,0.0465276605896031,0.0196797785443781,0.0733755426348281,0.0135063367525997,0.016216057397746,0.32355110279616656,0.27702344220656344,False,True
lp_income,income,WH2M,expansionary,mp_neg_x_wh2m,cW,1.0,26,0.0468566130540282,0.0139467931489803,0.0797664329590761,0.0135063367525997,0.016436792463487,0.3279553221569227,0.2810987091028945,False,True
lp_income,income,WH2M,expansionary,mp_neg_x_wh2m,cW,1.0,27,0.0503358481231255,0.0189140856756698,0.0817576105705811,0.0135063367525997,0.0166447942255211,0.33210548010462665,0.2817696319815012,False,True
lp_income,income,WH2M,expansionary,mp_neg_x_wh2m,cW,1.0,28,0.0471016991967855,0.0235465970448338,0.0706568013487372,0.0135063367525997,0.0168407606246216,0.33601550231192184,0.28891380311513637,False,True
lp_income,income,WH2M,expansionary,mp_neg_x_wh2m,cW,1.0,29,0.0404035679677846,0.0063254163084011,0.0744817196271682,0.0135063367525997,0.0170253488990783,0.3396985023346036,0.299294934366819,False,True
lp_income,income,WH2M,expansionary,mp_neg_x_wh2m,cW,1.0,30,0.0819441051470866,0.0417955129177701,0.1220926973764031,0.0135063367525997,0.0171991777752888,0.3431668253194213,0.26122272017233467,False,True
lp_income,income,WH2M,expansionary,mp_neg_x_wh2m,cW,1.0,31,0.0467815022646795,0.0191577550730093,0.0744052494563497,0.0135063367525997,0.017362829528121,0.346432089113489,0.2996505868488095,False,True
lp_income,income,WH2M,expansionary,mp_neg_x_wh2m,cW,1.0,32,0.0421723449280184,-0.0056047142337703,0.0899494040898071,0.0135063367525997,0.0175168519200461,0.3495052229548625,0.3073328780268441,False,True
lp_income,income,WH2M,expansionary,mp_neg_x_wh2m,cW,1.0,33,0.0831989255373994,0.0391537172319616,0.1272441338428371,0.0135063367525997,0.0176617600302388,0.35239650396768585,0.26919757843028647,False,True
lp_income,income,WH2M,expansionary,mp_neg_x_wh2m,cW,1.0,34,0.0506451778667287,0.0109016922413905,0.0903886634920669,0.0135063367525997,0.0177980379899399,0.35511559178703656,0.3044704139203078,False,True
lp_income,income,WH2M,expansionary,mp_neg_x_wh2m,cW,1.0,35,0.0433917680126558,-0.0284837561614323,0.115267292186744,0.0135063367525997,0.0179261406515042,0.3576715618606264,0.31427979384797056,False,True
lp_income,income,WH2M,expansionary,mp_neg_x_wh2m,cW,1.0,36,0.0824362704808738,0.007460062788013,0.1574124781737346,0.0135063367525997,0.0180464952422482,0.36007293844721977,0.27763666796634595,False,True
lp_income,income,WH2M,expansionary,mp_neg_x_wh2m,cW,1.0,37,0.0321866741252974,0.0059839060890016,0.0583894421615933,0.0135063367525997,0.0181595031040327,0.3623277293256792,0.3301410552003818,False,True
lp_income,income,WH2M,expansionary,mp_neg_x_wh2m,cW,1.0,38,0.0319418000835992,-0.0282531211276804,0.0921367212948789,0.0135063367525997,0.0182655417237934,0.3644434663091538,0.3325016662255546,False,True
lp_income,income,WH2M,expansionary,mp_neg_x_wh2m,cW,1.0,39,0.0969026949954573,0.0307354468081786,0.163069943182736,0.0135063367525997,0.0183649674779201,0.36642726000234244,0.26952456500688515,False,True
lp_income,income,WH2M,expansionary,mp_neg_x_wh2m,cW,1.0,40,0.0279329201872747,-0.0309232477552058,0.0867890881297552,0.0135063367525997,0.0184581199673354,0.3682858862972098,0.3403529661099351,False,True
lp_income,income,WH2M,expansionary,mp_neg_x_wh2m,cW,1.0,41,0.0515239960874221,-0.0404076463567058,0.14345563853155,0.0135063367525997,0.018545329766246,0.3700259409800502,0.3185019448926281,False,True
lp_income,income,WH2M,expansionary,mp_neg_x_wh2m,cW,1.0,42,0.0465983455490667,-0.0011583395605316,0.094355030658665,0.0135063367525997,0.018626933378899,0.3716541381563688,0.32505579260730205,False,True
lp_income,income,WH2M,expansionary,mp_neg_x_wh2m,cW,1.0,43,0.0282718288589155,-0.0153964486555737,0.0719401063734047,0.0135063367525997,0.018703303305056,0.3731779101326565,0.344906081273741,False,True
lp_income,income,WH2M,expansionary,mp_neg_x_wh2m,cW,1.0,44,0.0302205975477705,-0.0679612006812987,0.1284023957768399,0.0135063367525997,0.0187749096542787,0.37460663677625067,0.34438603922848016,False,True
lp_income,income,WH2M,expansionary,mp_neg_x_wh2m,cW,1.0,45,0.050682407445396,-0.0200897934690926,0.1214546083598847,0.0135063367525997,0.018842447229354,0.37595418114907886,0.3252717737036829,False,True
lp_income,income,WH2M,expansionary,mp_neg_x_wh2m,cW,1.0,46,0.0060388293296491,-0.0683268054738697,0.0804044641331679,0.0135063367525997,0.0189070921984723,0.37724401076274056,0.37120518143309145,False,True
lp_income,income,WH2M,expansionary,mp_neg_x_wh2m,cW,1.0,47,0.064241252039805,-0.0200527773081809,0.1485352813877911,0.0135063367525997,0.0189708904482044,0.3785169461964888,0.31427569415668377,False,True
lp_income,income,WH2M,expansionary,mp_neg_x_wh2m,cW,1.0,48,0.06109004529648,0.0153230135713503,0.1068570770216098,0.0135063367525997,0.0190346390815399,0.37978889165841817,0.3186988463619382,False,True
lp_wealth,wealth,PH2M,contractionary,mp_pos_x_ph2m,cP,1.0,0,0.0483479483551631,-0.0377175793204362,0.1344134760307624,0.0078046173409711,-0.004426382683725,-0.051034117655605934,-0.09938206601076904,False,False
lp_wealth,wealth,PH2M,contractionary,mp_pos_x_ph2m,cP,1.0,1,0.0582579394699229,-0.0595371762503882,0.176053055190234,0.0078046173409711,-0.0047335862565511,-0.054576030861048924,-0.11283397033097183,True,False
lp_wealth,wealth,PH2M,contractionary,mp_pos_x_ph2m,cP,1.0,2,0.1488387073144363,-0.054839301741398,0.3525167163702707,0.0078046173409711,-0.0047642909649531,-0.05493004175733456,-0.20376874907177087,False,False
lp_wealth,wealth,PH2M,contractionary,mp_pos_x_ph2m,cP,1.0,3,0.2579885301120643,0.0095101329014907,0.5064669273226379,0.0078046173409711,-0.0047507654638054,-0.05477409906863285,-0.31276262918069714,False,False
lp_wealth,wealth,PH2M,contractionary,mp_pos_x_ph2m,cP,1.0,4,0.2884946538954518,0.0451700123409396,0.531819295449964,0.0078046173409711,-0.0047310298300589,-0.05454655646181531,-0.34304121035726715,False,False
lp_wealth,wealth,PH2M,contractionary,mp_pos_x_ph2m,cP,1.0,5,0.4900236954547981,0.1072146241416244,0.8728327667679717,0.0078046173409711,-0.0047112585491201,-0.05431860285957873,-0.5443422983143769,False,False
lp_wealth,wealth,PH2M,contractionary,mp_pos_x_ph2m,cP,1.0,6,0.5890264282021668,0.1612220236402196,1.016830832764114,0.0078046173409711,-0.0046924079519614,-0.05410126430979343,-0.6431276925119602,False,False
lp_wealth,wealth,PH2M,contractionary,mp_pos_x_ph2m,cP,1.0,7,0.6271956651435701,0.249193692994328,1.0051976372928122,0.0078046173409711,-0.0046745818624647,-0.05389573785315449,-0.6810914029967245,False,False
lp_wealth,wealth,PH2M,contractionary,mp_pos_x_ph2m,cP,1.0,8,0.6360724223308901,0.2384502962709617,1.0336945483908186,0.0078046173409711,-0.0046577472043953,-0.053701642136178965,-0.6897740644670691,False,False
lp_wealth,wealth,PH2M,contractionary,mp_pos_x_ph2m,cP,1.0,9,0.5636894494668937,0.2037439609614924,0.923634937972295,0.0078046173409711,-0.004641851155288,-0.05351836814060149,-0.6172078176074952,False,False
lp_wealth,wealth,PH2M,contractionary,mp_pos_x_ph2m,cP,1.0,10,0.5530678612859755,0.161494316856619,0.944641405715332,0.0078046173409711,-0.0046268401856684,-0.053345298696672004,-0.6064131599826476,False,False
lp_wealth,wealth,PH2M,contractionary,mp_pos_x_ph2m,cP,1.0,11,0.4555283663494874,0.0513779490904134,0.8596787836085613,0.0078046173409711,-0.0046126630185147,-0.05318184260436318,-0.5087102089538506,False,False
lp_wealth,wealth,PH2M,contractionary,mp_pos_x_ph2m,cP,1.0,12,0.4768406556480044,0.0908459911026031,0.8628353201934057,0.0078046173409711,-0.0045992709586899,-0.0530274384315693,-0.5298680940795737,False,False
lp_wealth,wealth,PH2M,contractionary,mp_pos_x_ph2m,cP,1.0,13,0.3857449544806771,0.0007317121668580257,0.7707581967944961,0.0078046173409711,-0.0045866177968272,-0.052881553405949897,-0.438626507886627,False,False
lp_wealth,wealth,PH2M,contractionary,mp_pos_x_ph2m,cP,1.0,14,0.5190904255463773,0.1284683368553719,0.9097125142373824,0.0078046173409711,-0.004574659648366,-0.0527436815590904,-0.5718341071054677,False,False
lp_wealth,wealth,PH2M,contractionary,mp_pos_x_ph2m,cP,1.0,15,0.6222962600926467,0.2483317932294524,0.996260726955841,0.0078046173409711,-0.004563354786109,-0.05261334179596386,-0.6749096018886106,False,False
lp_wealth,wealth,PH2M,contractionary,mp_pos_x_ph2m,cP,1.0,16,0.5277763257405399,0.1730201708628732,0.8825324806182065,0.0078046173409711,-0.004552663475079,-0.05249007599090731,-0.5802664017314472,False,False
lp_wealth,wealth,PH2M,contractionary,mp_pos_x_ph2m,cP,1.0,17,0.5551773827171279,0.2197393947304766,0.8906153707037793,0.0078046173409711,-0.0045425478102882,-0.05237344711717787,-0.6075508298343058,False,False
lp_wealth,wealth,PH2M,contractionary,mp_pos_x_ph2m,cP,1.0,18,0.4800263275214171,0.1706033360781963,0.789449318964638,0.0078046173409711,-0.0045329715566534,-0.052263037401249955,-0.5322893649226671,False,False
lp_wealth,wealth,PH2M,contractionary,mp_pos_x_ph2m,cP,1.0,19,0.4225740843457808,0.1085141760693939,0.7366339926221678,0.0078046173409711,-0.0045238999900127,-0.05215844648981241,-0.4747325308355932,False,False
lp_wealth,wealth,PH2M,contractionary,mp_pos_x_ph2m,cP,1.0,20,0.2307383477975122,-0.1737411278173451,0.6352178234123695,0.0078046173409711,-0.0045152997380917,-0.05205928961618331,-0.2827976374136955,True,False
lp_wealth,wealth,PH2M,contractionary,mp_pos_x_ph2m,cP,1.0,21,0.1638475475817199,-0.2318896804794376,0.5595847756428775,0.0078046173409711,-0.0045071386201756,-0.05196519575180441,-0.21581274333352432,True,False
lp_wealth,wealth,PH2M,contractionary,mp_pos_x_ph2m,cP,1.0,22,0.2047604870229331,-0.2755838065309844,0.6851047805768506,0.0078046173409711,-0.0044993854841425,-0.05187580572731151,-0.2566362927502446,True,False
lp_wealth,wealth,PH2M,contractionary,mp_pos_x_ph2m,cP,1.0,23,0.2281345213622724,-0.3132911110009949,0.7695601537255398,0.0078046173409711,-0.0044920100393969,-0.05179077030633598,-0.2799252916686084,True,False
lp_wealth,wealth,PH2M,contractionary,mp_pos_x_ph2m,cP,1.0,24,0.3866825838109568,-0.1930222119342007,0.9663873795561144,0.0078046173409711,-0.0044849826841125,-0.05170974819369523,-0.43839233200465205,True,False
lp_wealth,wealth,PH2M,contractionary,mp_pos_x_ph2m,cP,1.0,25,0.3661434408029329,-0.1877747960271536,0.9200616776330194,0.0078046173409711,-0.0044782743250508,-0.051632403957985636,-0.4177758447609185,True,False
lp_wealth,wealth,PH2M,contractionary,mp_pos_x_ph2m,cP,1.0,26,0.3954041563314438,-0.0609211612169413,0.851729473879829,0.0078046173409711,-0.004471856188082,-0.051558405846977344,-0.4469625621784212,True,False
lp_wealth,wealth,PH2M,contractionary,mp_pos_x_ph2m,cP,1.0,27,0.3906639381647434,-0.0893774233861324,0.8707052997156194,0.0078046173409711,-0.0044656996174137,-0.05148742347281518,-0.4421513616375585,True,False
lp_wealth,wealth,PH2M,contractionary,mp_pos_x_ph2m,cP,1.0,28,0.3107101936405942,-0.1091363552997483,0.7305567425809367,0.0078046173409711,-0.0044597758614934,-0.05141912534357497,-0.36212931898416917,True,False
lp_wealth,wealth,PH2M,contractionary,mp_pos_x_ph2m,cP,1.0,29,0.1727803315251414,-0.1993633828526881,0.5449240459029712,0.0078046173409711,-0.0044540558437012,-0.05135317621945775,-0.22413350774459917,True,False
lp_wealth,wealth,PH2M,contractionary,mp_pos_x_ph2m,cP,1.0,30,0.0788088339718702,-0.2535504927932775,0.411168160737018,0.0078046173409711,-0.0044485099165367,-0.05128923427867997,-0.13009806825055018,True,False
lp_wealth,wealth,PH2M,contractionary,mp_pos_x_ph2m,cP,1.0,31,0.0531182509901066,-0.2947694806797571,0.4010059826599703,0.0078046173409711,-0.0044431075995445,-0.05122694809587736,-0.10434519908598397,True,False
lp_wealth,wealth,PH2M,contractionary,mp_pos_x_ph2m,cP,1.0,32,0.0414514957168864,-0.3284259441691917,0.4113289356029645,0.0078046173409711,-0.0044378173047881,-0.051165953476947634,-0.09261744919383404,True,False
lp_wealth,wealth,PH2M,contractionary,mp_pos_x_ph2m,cP,1.0,33,-0.0499861549272802,-0.3615778331483907,0.2616055232938303,0.0078046173409711,-0.0044326060615299,-0.05110587028473995,-0.0011197153574597496,True,True
lp_wealth,wealth,PH2M,contractionary,mp_pos_x_ph2m,cP,1.0,34,0.0026192250769975,-0.3622221428582661,0.3674605930122612,0.0078046173409711,-0.0044274392685853,-0.051046299583813806,-0.05366552466081131,True,False
lp_wealth,wealth,PH2M,contractionary,mp_pos_x_ph2m,cP,1.0,35,0.0840343830755495,-0.2905555486683512,0.4586243148194502,0.0078046173409711,-0.004422280538392,-0.050986821842631064,-0.13502120491818057,True,False
lp_wealth,wealth,PH2M,contractionary,mp_pos_x_ph2m,cP,1.0,36,0.0367157329663674,-0.3114174217484287,0.3848488876811635,0.0078046173409711,-0.0044170917715466,-0.05092699779292806,-0.08764273075929546,True,False
lp_wealth,wealth,PH2M,contractionary,mp_pos_x_ph2m,cP,1.0,37,-0.0759519710885519,-0.3311215671069926,0.1792176249298888,0.0078046173409711,-0.0044118337569098,-0.050866375348647325,0.02508559573990457,True,True
lp_wealth,wealth,PH2M,contractionary,mp_pos_x_ph2m,cP,1.0,38,-0.0495597999020518,-0.3019731339510972,0.2028535341469935,0.0078046173409711,-0.0044064679188856,-0.05080450975124771,-0.0012447098491959047,True,True
lp_wealth,wealth,PH2M,contractionary,mp_pos_x_ph2m,cP,1.0,39,-0.108593109650814,-0.3532007268672858,0.1360145075656577,0.0078046173409711,-0.0044009605145579,-0.05074101196072222,0.057852097690091774,True,True
lp_wealth,wealth,PH2M,contractionary,mp_pos_x_ph2m,cP,1.0,40,-0.0513727049383789,-0.2884527178675486,0.1857073079907907,0.0078046173409711,-0.004395292003225,-0.050675656681939164,0.0006970482564397362,True,True
lp_wealth,wealth,PH2M,contractionary,mp_pos_x_ph2m,cP,1.0,41,-0.031114316363033,-0.2508742909769043,0.1886456582508382,0.0078046173409711,-0.0043894772698437,-0.05060861553147371,-0.01949429916844071,True,True
lp_wealth,wealth,PH2M,contractionary,mp_pos_x_ph2m,cP,1.0,42,-0.0114618818119049,-0.2216904840612848,0.1987667204374748,0.0078046173409711,-0.0043836085492603,-0.050540951933872376,-0.03907907012196748,True,True
lp_wealth,wealth,PH2M,contractionary,mp_pos_x_ph2m,cP,1.0,43,-0.0029819298617712,-0.2179758867195227,0.2120120269959803,0.0078046173409711,-0.0043779457422496,-0.050475662423250606,-0.04749373256147941,True,True
lp_wealth,wealth,PH2M,contractionary,mp_pos_x_ph2m,cP,1.0,44,0.0201991487951677,-0.1846471395734606,0.2250454371637962,0.0078046173409711,-0.0043731055553748,-0.050419857337225885,-0.07061900613239358,True,False
lp_wealth,wealth,PH2M,contractionary,mp_pos_x_ph2m,cP,1.0,45,-0.0087071230980493,-0.218180044180628,0.2007657979845294,0.0078046173409711,-0.0043704562575985,-0.05038931217561625,-0.04168218907756695,True,True
lp_wealth,wealth,PH2M,contractionary,mp_pos_x_ph2m,cP,1.0,46,-0.0127959216422666,-0.2235017552038573,0.197909911919324,0.0078046173409711,-0.004372933200328,-0.05041787016432072,-0.037621948522054124,True,True
lp_wealth,wealth,PH2M,contractionary,mp_pos_x_ph2m,cP,1.0,47,0.0383545720059893,-0.1541719627380933,0.230881106750072,0.0078046173409711,-0.004386575773642,-0.050575162640227024,-0.08892973464621633,True,False
lp_wealth,wealth,PH2M,contractionary,mp_pos_x_ph2m,cP,1.0,48,0.0122580547079274,-0.1556209495480886,0.1801370589639435,0.0078046173409711,-0.004420446539572,-0.05096567669584918,-0.06322373140377657,True,False
lp_wealth,wealth,PH2M,expansionary,mp_neg_x_ph2m,cP,1.0,0,0.0032104263575938,-0.0561320039043558,0.0625528566195435,0.0115305629408614,0.004426382683725,0.07539794458213263,0.07218751822453882,False,True
lp_wealth,wealth,PH2M,expansionary,mp_neg_x_ph2m,cP,1.0,1,-0.0826709619869517,-0.1856696997487696,0.0203277757748661,0.0115305629408614,0.0047335862565511,0.08063077680979785,0.16330173879674956,False,False
lp_wealth,wealth,PH2M,expansionary,mp_neg_x_ph2m,cP,1.0,2,-0.1020204944604416,-0.2724411625788641,0.0684001736579807,0.0115305629408614,0.0047642909649531,0.08115379347327266,0.18317428793371426,False,False
lp_wealth,wealth,PH2M,expansionary,mp_neg_x_ph2m,cP,1.0,3,-0.0964882133644011,-0.2728581515252919,0.0798817247964896,0.0115305629408614,0.0047507654638054,0.08092340331976662,0.17741161668416772,False,False
lp_wealth,wealth,PH2M,expansionary,mp_neg_x_ph2m,cP,1.0,4,-0.1312418130432139,-0.3118624219346138,0.0493787958481859,0.0115305629408614,0.0047310298300589,0.08058723125200054,0.21182904429521443,False,False
lp_wealth,wealth,PH2M,expansionary,mp_neg_x_ph2m,cP,1.0,5,-0.2170350001165686,-0.4767356373255554,0.0426656370924181,0.0115305629408614,0.0047112585491201,0.08025045197848167,0.29728545209505025,False,False
lp_wealth,wealth,PH2M,expansionary,mp_neg_x_ph2m,cP,1.0,6,-0.2480409016938834,-0.5309600771998801,0.0348782738121131,0.0115305629408614,0.0046924079519614,0.07992935541239903,0.3279702571062824,False,False
lp_wealth,wealth,PH2M,expansionary,mp_neg_x_ph2m,cP,1.0,7,-0.3583886185520557,-0.6984902943034953,-0.0182869428006162,0.0115305629408614,0.0046745818624647,0.07962571006493953,0.43801432861699524,False,False
lp_wealth,wealth,PH2M,expansionary,mp_neg_x_ph2m,cP,1.0,8,-0.4019421645590655,-0.7892558828175075,-0.0146284463006235,0.0115305629408614,0.0046577472043953,0.07933895252342764,0.48128111708249316,False,False
lp_wealth,wealth,PH2M,expansionary,mp_neg_x_ph2m,cP,1.0,9,-0.297305810015799,-0.6396384679844792,0.0450268479528812,0.0115305629408614,0.004641851155288,0.07906818302261746,0.37637399303841645,False,False
lp_wealth,wealth,PH2M,expansionary,mp_neg_x_ph2m,cP,1.0,10,-0.3046847234120572,-0.6005133746607664,-0.008856072163348,0.0115305629408614,0.0046268401856684,0.07881248975423737,0.3834972131662946,False,False
lp_wealth,wealth,PH2M,expansionary,mp_neg_x_ph2m,cP,1.0,11,-0.1989093879996498,-0.4692668660186057,0.0714480900193061,0.0115305629408614,0.0046126630185147,0.07857099927775495,0.27748038727740476,False,False
lp_wealth,wealth,PH2M,expansionary,mp_neg_x_ph2m,cP,1.0,12,-0.2400013967351882,-0.5217288542997741,0.0417260608293977,0.0115305629408614,0.0045992709586899,0.07834288213184629,0.3183442788670345,False,False
lp_wealth,wealth,PH2M,expansionary,mp_neg_x_ph2m,cP,1.0,13,-0.283652354940653,-0.5762941978940461,0.00898948801274,0.0115305629408614,0.0045866177968272,0.07812735119720288,0.36177970613785587,False,False
lp_wealth,wealth,PH2M,expansionary,mp_neg_x_ph2m,cP,1.0,14,-0.2683947861669372,-0.5829688256160126,0.046179253282138,0.0115305629408614,0.004574659648366,0.07792365895470935,0.34631844512164656,False,False
lp_wealth,wealth,PH2M,expansionary,mp_neg_x_ph2m,cP,1.0,15,-0.2474550957202117,-0.5805962340845814,0.0856860426441579,0.0115305629408614,0.004563354786109,0.07773109463326107,0.3251861903534728,True,False
lp_wealth,wealth,PH2M,expansionary,mp_neg_x_ph2m,cP,1.0,16,-0.3203179928092885,-0.6518916344647927,0.0112556488462156,0.0115305629408614,0.004552663475079,0.0775489813967544,0.3978669742060429,False,False
lp_wealth,wealth,PH2M,expansionary,mp_neg_x_ph2m,cP,1.0,17,-0.29999968408214,-0.6228414291072922,0.0228420609430121,0.0115305629408614,0.0045425478102882,0.07737667358068769,0.3773763576628277,False,False
lp_wealth,wealth,PH2M,expansionary,mp_neg_x_ph2m,cP,1.0,18,-0.2748809887602158,-0.6131173915123658,0.063355413991934,0.0115305629408614,0.0045329715566534,0.07721355396531508,0.3520945427255309,False,False
lp_wealth,wealth,PH2M,expansionary,mp_neg_x_ph2m,cP,1.0,19,-0.3592769523862317,-0.6687697935013178,-0.0497841112711456,0.0115305629408614,0.0045238999900127,0.07705903106756305,0.43633598345379476,False,False
lp_wealth,wealth,PH2M,expansionary,mp_neg_x_ph2m,cP,1.0,20,-0.347558486421652,-0.6497897187791988,-0.0453272540641051,0.0115305629408614,0.0045152997380917,0.07691253643208652,0.4244710228537385,False,False
lp_wealth,wealth,PH2M,expansionary,mp_neg_x_ph2m,cP,1.0,21,-0.2866201194014908,-0.5842617865448436,0.0110215477418619,0.0115305629408614,0.0045071386201756,0.07677352190028185,0.36339364130177265,False,False
lp_wealth,wealth,PH2M,expansionary,mp_neg_x_ph2m,cP,1.0,22,-0.3292740670336594,-0.6158212279171392,-0.0427269061501797,0.0115305629408614,0.0044993854841425,0.07664145683435097,0.4059155238680104,False,False
lp_wealth,wealth,PH2M,expansionary,mp_neg_x_ph2m,cP,1.0,23,-0.2031658526963586,-0.4974427883260875,0.0911110829333702,0.0115305629408614,0.0044920100393969,0.07651582527153063,0.27968167796788923,True,False
lp_wealth,wealth,PH2M,expansionary,mp_neg_x_ph2m,cP,1.0,24,-0.1186735052688556,-0.4183395112559493,0.1809925007182381,0.0115305629408614,0.0044849826841125,0.07639612298138741,0.19506962825024302,True,False
lp_wealth,wealth,PH2M,expansionary,mp_neg_x_ph2m,cP,1.0,25,-0.1804409597940852,-0.4854020560985527,0.1245201365103823,0.0115305629408614,0.0044782743250508,0.07628185439665096,0.25672281419073617,True,False
lp_wealth,wealth,PH2M,expansionary,mp_neg_x_ph2m,cP,1.0,26,-0.1902026374041944,-0.4793174580793686,0.0989121832709798,0.0115305629408614,0.004471856188082,0.07617252938567229,0.2663751667898667,True,False
lp_wealth,wealth,PH2M,expansionary,mp_neg_x_ph2m,cP,1.0,27,-0.1709898650271827,-0.469801420652381,0.1278216905980156,0.0115305629408614,0.0044656996174137,0.07606765983253329,0.247057524859716,True,False
lp_wealth,wealth,PH2M,expansionary,mp_neg_x_ph2m,cP,1.0,28,-0.2482516346982816,-0.5309325635432097,0.0344292941466465,0.0115305629408614,0.0044597758614934,0.07596675599016126,0.3242183906884428,False,False
lp_wealth,wealth,PH2M,expansionary,mp_neg_x_ph2m,cP,1.0,29,-0.2871484315475016,-0.5353133020250299,-0.0389835610699732,0.0115305629408614,0.0044540558437012,0.0758693225743631,0.36301775412186466,False,False
lp_wealth,wealth,PH2M,expansionary,mp_neg_x_ph2m,cP,1.0,30,-0.364808682471798,-0.6608557232412119,-0.0687616417023841,0.0115305629408614,0.0044485099165367,0.07577485457670376,0.4405835370485017,False,False
lp_wealth,wealth,PH2M,expansionary,mp_neg_x_ph2m,cP,1.0,31,-0.2170504884122265,-0.4711073327622531,0.0370063559377999,0.0115305629408614,0.0044431075995445,0.07568283280039177,0.29273332121261825,False,False
lp_wealth,wealth,PH2M,expansionary,mp_neg_x_ph2m,cP,1.0,32,-0.3104346083520125,-0.5564639390150643,-0.0644052776889607,0.0115305629408614,0.0044378173047881,0.07559271918406736,0.3860273275360798,False,False
lp_wealth,wealth,PH2M,expansionary,mp_neg_x_ph2m,cP,1.0,33,-0.4965071765395697,-0.8568715599388247,-0.1361427931403148,0.0115305629408614,0.0044326060615299,0.07550395211206735,0.5720111286516371,False,False
lp_wealth,wealth,PH2M,expansionary,mp_neg_x_ph2m,cP,1.0,34,-0.2388869589691294,-0.6092242915372538,0.1314503735989948,0.0115305629408614,0.0044274392685853,0.07541594219608411,0.31430290116521353,True,False
lp_wealth,wealth,PH2M,expansionary,mp_neg_x_ph2m,cP,1.0,35,-0.134760579567623,-0.5622405895215082,0.2927194303862622,0.0115305629408614,0.004422280538392,0.07532806961907926,0.21008864918670225,True,False
lp_wealth,wealth,PH2M,expansionary,mp_neg_x_ph2m,cP,1.0,36,0.1387542711702288,-0.3248117176628966,0.6023202600033543,0.0115305629408614,0.0044170917715466,0.07523968540492228,-0.06351458576530651,True,True
lp_wealth,wealth,PH2M,expansionary,mp_neg_x_ph2m,cP,1.0,37,0.0750879316479515,-0.4968456712203391,0.6470215345162422,0.0115305629408614,0.0044118337569098,0.07515012164043912,6.218999248762402e-05,True,True
lp_wealth,wealth,PH2M,expansionary,mp_neg_x_ph2m,cP,1.0,38,-0.189447014059104,-0.8023054935781041,0.423411465459896,0.0115305629408614,0.0044064679188856,0.07505872123814836,0.26450573529725235,True,False
lp_wealth,wealth,PH2M,expansionary,mp_neg_x_ph2m,cP,1.0,39,-0.362864224304491,-1.1638684461931386,0.4381399975841564,0.0115305629408614,0.0044009605145579,0.07496490942928283,0.43782913373377386,True,False
lp_wealth,wealth,PH2M,expansionary,mp_neg_x_ph2m,cP,1.0,40,0.1690706461745899,-0.6584773089558038,0.9966186013049838,0.0115305629408614,0.004395292003225,0.07486835336220064,-0.09420229281238925,True,True
lp_wealth,wealth,PH2M,expansionary,mp_neg_x_ph2m,cP,1.0,41,0.2502573625244307,-0.6434516982147378,1.143966423263599,0.0115305629408614,0.0043894772698437,0.07476930658369792,-0.1754880559407328,True,True
lp_wealth,wealth,PH2M,expansionary,mp_neg_x_ph2m,cP,1.0,42,0.322848766158812,-0.5065309717829323,1.1522285041005562,0.0115305629408614,0.0043836085492603,0.07466934020009938,-0.2481794259587126,True,True
lp_wealth,wealth,PH2M,expansionary,mp_neg_x_ph2m,cP,1.0,43,0.3504934725531066,-0.4505423897230568,1.15152933482927,0.0115305629408614,0.0043779457422496,0.07457288129907802,-0.27592059125402857,True,True
lp_wealth,wealth,PH2M,expansionary,mp_neg_x_ph2m,cP,1.0,44,0.3596213189236291,-0.3540968462351679,1.0733394840824262,0.0115305629408614,0.0043731055553748,0.07449043471281806,-0.285130884210811,True,True
lp_wealth,wealth,PH2M,expansionary,mp_neg_x_ph2m,cP,1.0,45,0.4548642439743403,-0.2088162945622702,1.118544782510951,0.0115305629408614,0.0043704562575985,0.07444530720776671,-0.38041893676657357,True,True
lp_wealth,wealth,PH2M,expansionary,mp_neg_x_ph2m,cP,1.0,46,0.4473710834950058,-0.2927706816980392,1.1875128486880506,0.0115305629408614,0.004372933200328,0.07448749885814944,-0.3728835846368564,True,True
lp_wealth,wealth,PH2M,expansionary,mp_neg_x_ph2m,cP,1.0,47,0.3927469643458834,-0.270504262587387,1.0559981912791538,0.0115305629408614,0.004386575773642,0.07471988319095209,-0.31802708115493133,True,True
lp_wealth,wealth,PH2M,expansionary,mp_neg_x_ph2m,cP,1.0,48,0.5213783391235606,-0.1903498898538153,1.2331065681009363,0.0115305629408614,0.004420446539572,0.07529682972156598,-0.4460815094019946,True,True
lp_wealth,wealth,WH2M,contractionary,mp_pos_x_wh2m,cW,1.0,0,-0.0486968576420772,-0.134112821591217,0.0367191063070626,0.009145853557827,-0.0031950356229896,-0.04316780693820889,0.0055290507038683115,True,True
lp_wealth,wealth,WH2M,contractionary,mp_pos_x_wh2m,cW,1.0,1,-0.0601323761495779,-0.1973079703381663,0.0770432180390105,0.009145853557827,-0.0042527751302573,-0.05745881969315397,0.002673556456423927,True,True
lp_wealth,wealth,WH2M,contractionary,mp_pos_x_wh2m,cW,1.0,2,-0.1133550868727936,-0.2995533144360509,0.0728431406904636,0.009145853557827,-0.0051675225392115,-0.0698178805007493,0.04353720637204429,True,True
lp_wealth,wealth,WH2M,contractionary,mp_pos_x_wh2m,cW,1.0,3,-0.1962138497869612,-0.4074033331436897,0.0149756335697672,0.009145853557827,-0.0060169950732506,-0.08129501899800302,0.11491883078895816,True,True
lp_wealth,wealth,WH2M,contractionary,mp_pos_x_wh2m,cW,1.0,4,-0.225115246032723,-0.4740939308555931,0.023863438790147,0.009145853557827,-0.0068162889353832,-0.09209419847480341,0.1330210475579196,True,True
lp_wealth,wealth,WH2M,contractionary,mp_pos_x_wh2m,cW,1.0,5,-0.3557162284200029,-0.6833867551648661,-0.0280457016751398,0.009145853557827,-0.0075701001062141,-0.10227886585570897,0.25343736256429394,True,True
lp_wealth,wealth,WH2M,contractionary,mp_pos_x_wh2m,cW,1.0,6,-0.3693654903114978,-0.7207493306166128,-0.0179816500063828,0.009145853557827,-0.008281293953471,-0.11188773483767708,0.2574777554738207,True,True
lp_wealth,wealth,WH2M,contractionary,mp_pos_x_wh2m,cW,1.0,7,-0.4435586264429097,-0.7533697280731275,-0.1337475248126918,0.009145853557827,-0.0089523173574306,-0.12095386497554506,0.32260476146736466,False,True
lp_wealth,wealth,WH2M,contractionary,mp_pos_x_wh2m,cW,1.0,8,-0.3961311777401601,-0.753087293012671,-0.0391750624676493,0.009145853557827,-0.009585436894698,-0.12950787975926573,0.26662329798089435,True,True
lp_wealth,wealth,WH2M,contractionary,mp_pos_x_wh2m,cW,1.0,9,-0.3199972973719937,-0.6741927721602965,0.034198177416309,0.009145853557827,-0.0101827841661257,-0.1375785790348903,0.18241871833710344,True,True
lp_wealth,wealth,WH2M,contractionary,mp_pos_x_wh2m,cW,1.0,10,-0.3359642694503913,-0.7399860462326103,0.0680575073318277,0.009145853557827,-0.010746369149087,-0.14519311940579943,0.1907711500445919,True,True
lp_wealth,wealth,WH2M,contractionary,mp_pos_x_wh2m,cW,1.0,11,-0.2704302986813693,-0.6449140747776895,0.1040534774149507,0.009145853557827,-0.0112780879719713,-0.15237711927313233,0.11805317940823698,True,True
lp_wealth,wealth,WH2M,contractionary,mp_pos_x_wh2m,cW,1.0,12,-0.2678165978695198,-0.6165744205844179,0.0809412248453783,0.009145853557827,-0.011779729457871,-0.15915474724688622,0.10866185062263356,True,True
lp_wealth,wealth,WH2M,contractionary,mp_pos_x_wh2m,cW,1.0,13,-0.2567071322419468,-0.6102505935594708,0.0968363290755772,0.009145853557827,-0.0122529811678906,-0.16554880379646159,0.09115832844548521,True,True
lp_wealth,wealth,WH2M,contractionary,mp_pos_x_wh2m,cW,1.0,14,-0.3272209780675253,-0.6533118980704061,-0.0011300580646444,0.009145853557827,-0.0126994350805303,-0.17158079798424633,0.15564018008327898,True,True
lp_wealth,wealth,WH2M,contractionary,mp_pos_x_wh2m,cW,1.0,15,-0.3654069532327104,-0.6385341323794909,-0.09227977408593,0.009145853557827,-0.0131205929452555,-0.17727101979715815,0.18813593343555224,True,True
lp_wealth,wealth,WH2M,contractionary,mp_pos_x_wh2m,cW,1.0,16,-0.3514931765938013,-0.6057783430233512,-0.0972080101642515,0.009145853557827,-0.0135178713313391,-0.18263860836104814,0.16885456823275316,True,True
lp_wealth,wealth,WH2M,contractionary,mp_pos_x_wh2m,cW,1.0,17,-0.3673508153937925,-0.6109550042508538,-0.1237466265367312,0.009145853557827,-0.0138926063894182,-0.18770161627361745,0.17964919912017505,True,True
lp_wealth,wealth,WH2M,contractionary,mp_pos_x_wh2m,cW,1.0,18,-0.3265812755987495,-0.5596097555104866,-0.0935527956870124,0.009145853557827,-0.0142460583418081,-0.19247707027260086,0.13410420532614864,True,True
lp_wealth,wealth,WH2M,contractionary,mp_pos_x_wh2m,cW,1.0,19,-0.2655965841349113,-0.4934550653038836,-0.0377381029659388,0.009145853557827,-0.0145794157166216,-0.19698102844252957,0.0686155556923817,True,True
lp_wealth,wealth,WH2M,contractionary,mp_pos_x_wh2m,cW,1.0,20,-0.1670554303951649,-0.4599603845951003,0.1258495238047704,0.009145853557827,-0.0148937993398611,-0.2012286341514884,-0.03417320375632349,True,True
lp_wealth,wealth,WH2M,contractionary,mp_pos_x_wh2m,cW,1.0,21,-0.1338410492503798,-0.4373838354859657,0.1697017369852061,0.009145853557827,-0.0151902660988218,-0.20523416689808013,-0.07139311764770034,True,True
lp_wealth,wealth,WH2M,contractionary,mp_pos_x_wh2m,cW,1.0,22,-0.197469492499872,-0.5638438802283438,0.1689048952285997,0.009145853557827,-0.0154698124893635,-0.20901109023826053,-0.011541597738388532,True,True
lp_wealth,wealth,WH2M,contractionary,mp_pos_x_wh2m,cW,1.0,23,-0.1188329645304053,-0.5545821684018938,0.3169162393410829,0.009145853557827,-0.0157333779588688,-0.21257209695171217,-0.09373913242130687,True,True
lp_wealth,wealth,WH2M,contractionary,mp_pos_x_wh2m,cW,1.0,24,-0.3094631579151077,-0.7224664632074675,0.1035401473772521,0.009145853557827,-0.0159818480560052,-0.21592915159796552,0.09353400631714218,True,True
lp_wealth,wealth,WH2M,contractionary,mp_pos_x_wh2m,cW,1.0,25,-0.3510275039334531,-0.727388864072159,0.0253338562052526,0.009145853557827,-0.016216057397746,-0.2190935306035215,0.13193397332993162,True,True
lp_wealth,wealth,WH2M,contractionary,mp_pos_x_wh2m,cW,1.0,26,-0.3178640404353887,-0.6109711640962562,-0.0247569167745212,0.009145853557827,-0.016436792463487,-0.2220758600128833,0.09578818042250539,True,True
lp_wealth,wealth,WH2M,contractionary,mp_pos_x_wh2m,cW,1.0,27,-0.3106230762688712,-0.6126898784608321,-0.0085562740769103,0.009145853557827,-0.0166447942255211,-0.22488615102863527,0.08573692524023593,True,True
lp_wealth,wealth,WH2M,contractionary,mp_pos_x_wh2m,cW,1.0,28,-0.2896509194870559,-0.5540492138741002,-0.0252526251000118,0.009145853557827,-0.0168407606246216,-0.22753383345880202,0.06211708602825389,True,True
lp_wealth,wealth,WH2M,contractionary,mp_pos_x_wh2m,cW,1.0,29,-0.1753088570692565,-0.4306387203654172,0.0800210062269041,0.009145853557827,-0.0170253488990783,-0.23002778718422182,-0.054718930114965314,True,True
lp_wealth,wealth,WH2M,contractionary,mp_pos_x_wh2m,cW,1.0,30,-0.171455563695136,-0.4685258006599278,0.1256146732696557,0.009145853557827,-0.0171991777752888,-0.23237637175540712,-0.060920808060271114,True,True
lp_wealth,wealth,WH2M,contractionary,mp_pos_x_wh2m,cW,1.0,31,-0.1890134132603824,-0.4882535884820094,0.1102267619612444,0.009145853557827,-0.017362829528121,-0.23458745422989596,-0.04557404096951356,True,True
lp_wealth,wealth,WH2M,contractionary,mp_pos_x_wh2m,cW,1.0,32,-0.153777407459917,-0.4675101862361976,0.1599553713163637,0.009145853557827,-0.0175168519200461,-0.23666843537168442,-0.08289102791176742,True,True
lp_wealth,wealth,WH2M,contractionary,mp_pos_x_wh2m,cW,1.0,33,-0.086062132510789,-0.3734630079362467,0.2013387429146685,0.009145853557827,-0.0176617600302388,-0.23862627436401657,-0.1525641418532276,True,True
lp_wealth,wealth,WH2M,contractionary,mp_pos_x_wh2m,cW,1.0,34,-0.1762612091551294,-0.481061734906618,0.1285393165963591,0.009145853557827,-0.0177980379899399,-0.24046751225569477,-0.06420630310056535,True,True
lp_wealth,wealth,WH2M,contractionary,mp_pos_x_wh2m,cW,1.0,35,-0.1758288526694964,-0.4845686720289625,0.1329109666899695,0.009145853557827,-0.0179261406515042,-0.2421982945114194,-0.06636944184192298,True,True
lp_wealth,wealth,WH2M,contractionary,mp_pos_x_wh2m,cW,1.0,36,-0.09139480985376,-0.3613753250673961,0.1785857053598761,0.009145853557827,-0.0180464952422482,-0.24382439335675954,-0.15242958350299954,True,True
lp_wealth,wealth,WH2M,contractionary,mp_pos_x_wh2m,cW,1.0,37,0.0077824259258054,-0.2355442084503501,0.251109060301961,0.009145853557827,-0.0181595031040327,-0.24535123128147993,-0.2531336572072853,False,False
lp_wealth,wealth,WH2M,contractionary,mp_pos_x_wh2m,cW,1.0,38,0.0538166145129139,-0.1910293889465587,0.2986626179723867,0.009145853557827,-0.0182655417237934,-0.24678390847383652,-0.30060052298675044,False,False
lp_wealth,wealth,WH2M,contractionary,mp_pos_x_wh2m,cW,1.0,39,0.1118502719845855,-0.1231706174727648,0.3468711614419359,0.009145853557827,-0.0183649674779201,-0.24812723989960983,-0.35997751188419536,False,False
lp_wealth,wealth,WH2M,contractionary,mp_pos_x_wh2m,cW,1.0,40,0.0455600672641971,-0.1896783304245428,0.2807984649529371,0.009145853557827,-0.0184581199673354,-0.24938581387291994,-0.29494588113711706,False,False
lp_wealth,wealth,WH2M,contractionary,mp_pos_x_wh2m,cW,1.0,41,0.0657121987960589,-0.1541716310206946,0.2855960286128125,0.009145853557827,-0.018545329766246,-0.25056409674883046,-0.31627629554488934,False,False
lp_wealth,wealth,WH2M,contractionary,mp_pos_x_wh2m,cW,1.0,42,0.0152661236193245,-0.1684486463618096,0.1989808936004588,0.009145853557827,-0.018626933378899,-0.25166663500258835,-0.26693275862191285,False,False
lp_wealth,wealth,WH2M,contractionary,mp_pos_x_wh2m,cW,1.0,43,-0.0362730952931489,-0.2209874649271318,0.148441274340834,0.009145853557827,-0.018703303305056,-0.25269846144123875,-0.21642536614808985,False,True
lp_wealth,wealth,WH2M,contractionary,mp_pos_x_wh2m,cW,1.0,44,-0.0363402455914119,-0.1930688967934207,0.1203884056105968,0.009145853557827,-0.0187749096542787,-0.2536659276680795,-0.21732568207666758,False,True
lp_wealth,wealth,WH2M,contractionary,mp_pos_x_wh2m,cW,1.0,45,0.0108193139187181,-0.1715958882406859,0.1932345160781222,0.009145853557827,-0.018842447229354,-0.2545784210941144,-0.2653977350128325,False,False
lp_wealth,wealth,WH2M,contractionary,mp_pos_x_wh2m,cW,1.0,46,0.015208646056758,-0.1647893972605749,0.1952066893740911,0.009145853557827,-0.0189070921984723,-0.2554518328101985,-0.2706604788669565,False,False
lp_wealth,wealth,WH2M,contractionary,mp_pos_x_wh2m,cW,1.0,47,-0.0034509023512179,-0.149711882037507,0.1428100773350711,0.009145853557827,-0.0189708904482044,-0.2563138045852906,-0.2528629022340727,False,True
lp_wealth,wealth,WH2M,contractionary,mp_pos_x_wh2m,cW,1.0,48,-0.0176615353989598,-0.1808459312622213,0.1455228604643016,0.009145853557827,-0.0190346390815399,-0.25717510599820775,-0.23951357059924797,False,True
lp_wealth,wealth,WH2M,expansionary,mp_neg_x_wh2m,cW,1.0,0,0.019707426734624,-0.0447290217945238,0.084143875263772,0.0135086976937041,0.0031950356229896,0.06376013461634705,0.04405270788172305,True,True
lp_wealth,wealth,WH2M,expansionary,mp_neg_x_wh2m,cW,1.0,1,-0.0108033652334974,-0.0802900314149778,0.058683300947983,0.0135086976937041,0.0042527751302573,0.08486838545622719,0.09567175068972458,False,False
lp_wealth,wealth,WH2M,expansionary,mp_neg_x_wh2m,cW,1.0,2,0.0949061168748997,-0.0397142824931429,0.2295265162429424,0.0135086976937041,0.0051675225392115,0.10312308581549899,0.008216968940599284,True,True
lp_wealth,wealth,WH2M,expansionary,mp_neg_x_wh2m,cW,1.0,3,0.0845166572117781,-0.0418330286071773,0.2108663430307336,0.0135086976937041,0.0060169950732506,0.12007516069488408,0.03555850348310598,True,True
lp_wealth,wealth,WH2M,expansionary,mp_neg_x_wh2m,cW,1.0,4,0.0778504381413783,-0.0703175364008755,0.2260184126836321,0.0135086976937041,0.0068162889353832,0.13602586993921742,0.058175431797839114,True,True
lp_wealth,wealth,WH2M,expansionary,mp_neg_x_wh2m,cW,1.0,5,0.1656949757675521,-0.0234217736115258,0.3548117251466302,0.0135086976937041,0.0075701001062141,0.15106892654292176,-0.014626049224630344,True,True
lp_wealth,wealth,WH2M,expansionary,mp_neg_x_wh2m,cW,1.0,6,0.1785247426861219,-0.0603025460515107,0.4173520314237547,0.0135086976937041,0.008281293953471,0.16526151178771087,-0.013263230898411027,True,True
lp_wealth,wealth,WH2M,expansionary,mp_neg_x_wh2m,cW,1.0,7,0.2263938168469082,-0.0519940709521668,0.5047817046459835,0.0135086976937041,0.0089523173574306,0.17865245561923848,-0.047741361227669726,True,True
lp_wealth,wealth,WH2M,expansionary,mp_neg_x_wh2m,cW,1.0,8,0.3265765201008587,-0.0893914222795141,0.7425444624812316,0.0135086976937041,0.009585436894698,0.19128698984287776,-0.13528953025798093,True,True
lp_wealth,wealth,WH2M,expansionary,mp_neg_x_wh2m,cW,1.0,9,0.2264993654462395,-0.1226826176624937,0.5756813485549728,0.0135086976937041,0.0101827841661257,0.2032076526877257,-0.0232917127585138,True,True
lp_wealth,wealth,WH2M,expansionary,mp_neg_x_wh2m,cW,1.0,10,0.1463023238585578,-0.1312114362972251,0.4238160840143408,0.0135086976937041,0.010746369149087,0.21445455526458662,0.06815223140602883,True,True
lp_wealth,wealth,WH2M,expansionary,mp_neg_x_wh2m,cW,1.0,11,0.0875574307695955,-0.1560492486365596,0.3311641101757507,0.0135086976937041,0.0112780879719713,0.2250655367138094,0.13750810594421392,True,True
lp_wealth,wealth,WH2M,expansionary,mp_neg_x_wh2m,cW,1.0,12,0.097131081581973,-0.1316369491795285,0.3258991123434746,0.0135086976937041,0.011779729457871,0.23507629479111092,0.1379452132091379,True,True
lp_wealth,wealth,WH2M,expansionary,mp_neg_x_wh2m,cW,1.0,13,0.0933503004000987,-0.1353910678203775,0.322091668620575,0.0135086976937041,0.0122529811678906,0.24452050646785953,0.15117020606776083,True,True
lp_wealth,wealth,WH2M,expansionary,mp_neg_x_wh2m,cW,1.0,14,0.1088409764845205,-0.1323377349783531,0.3500196879473943,0.0135086976937041,0.0126994350805303,0.2534299412688607,0.1445889647843402,True,True
lp_wealth,wealth,WH2M,expansionary,mp_neg_x_wh2m,cW,1.0,15,0.1020805458752452,-0.1519637410519316,0.3561248328024221,0.0135086976937041,0.0131205929452555,0.2618345681081964,0.15975402223295118,True,True
lp_wealth,wealth,WH2M,expansionary,mp_neg_x_wh2m,cW,1.0,16,0.1320583406196498,-0.1221748477772995,0.3862915290165991,0.0135086976937041,0.0135178713313391,0.2697626560439277,0.13770431542427788,True,True
lp_wealth,wealth,WH2M,expansionary,mp_neg_x_wh2m,cW,1.0,17,0.140489634940358,-0.1055476415401016,0.3865269114208177,0.0135086976937041,0.0138926063894182,0.2772408692997258,0.1367512343593678,True,True
lp_wealth,wealth,WH2M,expansionary,mp_neg_x_wh2m,cW,1.0,18,0.1433180064764757,-0.1121555249916921,0.3987915379446436,0.0135086976937041,0.0142460583418081,0.2842943568735838,0.1409763503971081,True,True
lp_wealth,wealth,WH2M,expansionary,mp_neg_x_wh2m,cW,1.0,19,0.1945754377899057,-0.0618009710677143,0.4509518466475258,0.0135086976937041,0.0145794157166216,0.2909468370339059,0.0963713992440002,True,True
lp_wealth,wealth,WH2M,expansionary,mp_neg_x_wh2m,cW,1.0,20,0.1980076976973797,-0.0541209873357687,0.4501363827305281,0.0135086976937041,0.0148937993398611,0.29722067698570254,0.09921297928832284,True,True
lp_wealth,wealth,WH2M,expansionary,mp_neg_x_wh2m,cW,1.0,21,0.1357591666459245,-0.1079171183566087,0.3794354516484577,0.0135086976937041,0.0151902660988218,0.3031369679730684,0.1673778013271439,True,True
lp_wealth,wealth,WH2M,expansionary,mp_neg_x_wh2m,cW,1.0,22,0.1547406561465384,-0.1019604238018122,0.411441736094889,0.0135086976937041,0.0154698124893635,0.30871559606854326,0.15397493992200487,True,True
lp_wealth,wealth,WH2M,expansionary,mp_neg_x_wh2m,cW,1.0,23,0.1246495596359166,-0.1390815909753987,0.3883807102472321,0.0135086976937041,0.0157333779588688,0.31397530888518915,0.18932574924927253,True,True
lp_wealth,wealth,WH2M,expansionary,mp_neg_x_wh2m,cW,1.0,24,0.0937361319453684,-0.1542606241361144,0.3417328880268513,0.0135086976937041,0.0159818480560052,0.31893377843324694,0.22519764648787854,True,True
lp_wealth,wealth,WH2M,expansionary,mp_neg_x_wh2m,cW,1.0,25,0.0901165383200574,-0.1552907757577917,0.3355238523979068,0.0135086976937041,0.016216057397746,0.3236076603300085,0.2334911220099511,True,True
lp_wealth,wealth,WH2M,expansionary,mp_neg_x_wh2m,cW,1.0,26,0.1534196157102364,-0.0696708296558335,0.3765100610763063,0.0135086976937041,0.016436792463487,0.32801264955921317,0.17459303384897676,True,True
lp_wealth,wealth,WH2M,expansionary,mp_neg_x_wh2m,cW,1.0,27,0.1483175525788575,-0.0851515978748381,0.3817867030325531,0.0135086976937041,0.0166447942255211,0.3321635329648016,0.1838459803859441,True,True
lp_wealth,wealth,WH2M,expansionary,mp_neg_x_wh2m,cW,1.0,28,0.1517491002867893,-0.051098536834323,0.3545967374079017,0.0135086976937041,0.0168407606246216,0.33607423865365943,0.18432513836687012,True,True
lp_wealth,wealth,WH2M,expansionary,mp_neg_x_wh2m,cW,1.0,29,0.2425103669321699,0.058104591138337,0.4269161427260029,0.0135086976937041,0.0170253488990783,0.33975788247386374,0.09724751554169384,True,True
lp_wealth,wealth,WH2M,expansionary,mp_neg_x_wh2m,cW,1.0,30,0.3501453931405028,0.1008920532601609,0.5993987330208447,0.0135086976937041,0.0171991777752888,0.34322681173012637,-0.006918581410376434,True,True
lp_wealth,wealth,WH2M,expansionary,mp_neg_x_wh2m,cW,1.0,31,0.1263050978702209,-0.0294969952656828,0.2821071910061248,0.0135086976937041,0.017362829528121,0.3464926463003897,0.22018754843016877,False,True
lp_wealth,wealth,WH2M,expansionary,mp_neg_x_wh2m,cW,1.0,32,0.2511515496098757,0.0188054985579292,0.4834976006618222,0.0135086976937041,0.0175168519200461,0.3495663173331674,0.09841476772329172,True,True
lp_wealth,wealth,WH2M,expansionary,mp_neg_x_wh2m,cW,1.0,33,0.5802097682070637,0.0580111938176098,1.1024083425965177,0.0135086976937041,0.0176617600302388,0.3524581037490702,-0.2277516644579935,True,True
lp_wealth,wealth,WH2M,expansionary,mp_neg_x_wh2m,cW,1.0,34,0.0194153237153159,-0.2078534949974639,0.2466841424280957,0.0135086976937041,0.0177980379899399,0.3551776668717039,0.335762343156388,False,True
lp_wealth,wealth,WH2M,expansionary,mp_neg_x_wh2m,cW,1.0,35,0.004296221096959,-0.2762333331977437,0.2848257753916618,0.0135086976937041,0.0179261406515042,0.35773408373519083,0.35343786263823185,False,True
lp_wealth,wealth,WH2M,expansionary,mp_neg_x_wh2m,cW,1.0,36,-0.1204322914538609,-0.4257277192781575,0.1848631363704356,0.0135086976937041,0.0180464952422482,0.36013588008835706,0.480568171542218,False,False
lp_wealth,wealth,WH2M,expansionary,mp_neg_x_wh2m,cW,1.0,37,-0.0662327443969799,-0.3231303896675671,0.1906649008736071,0.0135086976937041,0.0181595031040327,0.36239106510984465,0.42862380950682455,False,False
lp_wealth,wealth,WH2M,expansionary,mp_neg_x_wh2m,cW,1.0,38,0.1492669968181413,-0.2392909808703693,0.537824974506652,0.0135086976937041,0.0182655417237934,0.36450717192938226,0.21524017511124097,True,True
lp_wealth,wealth,WH2M,expansionary,mp_neg_x_wh2m,cW,1.0,39,0.4188826251361525,-0.1959742759802714,1.0337395262525764,0.0135086976937041,0.0183649674779201,0.36649131239462013,-0.05239131274153236,True,True
lp_wealth,wealth,WH2M,expansionary,mp_neg_x_wh2m,cW,1.0,40,-0.1453231686813251,-0.6178497888381709,0.3272034514755206,0.0135086976937041,0.0184581199673354,0.3683502635819656,0.5136734322632908,False,False
lp_wealth,wealth,WH2M,expansionary,mp_neg_x_wh2m,cW,1.0,41,-0.2174491716898878,-0.7342565990843813,0.2993582557046057,0.0135086976937041,0.018545329766246,0.3700906224306727,0.5875397941205605,False,False
lp_wealth,wealth,WH2M,expansionary,mp_neg_x_wh2m,cW,1.0,42,-0.2725985432034699,-0.7674114421727413,0.2222143557658014,0.0135086976937041,0.018626933378899,0.37171910421988885,0.6443176474233587,False,False
lp_wealth,wealth,WH2M,expansionary,mp_neg_x_wh2m,cW,1.0,43,-0.3856246064124483,-0.7879916243036397,0.016742411478743,0.0135086976937041,0.018703303305056,0.37324314255529073,0.758867748967739,False,False
lp_wealth,wealth,WH2M,expansionary,mp_neg_x_wh2m,cW,1.0,44,-0.4246862745610417,-0.8124229730914542,-0.0369495760306292,0.0135086976937041,0.0187749096542787,0.37467211894383956,0.7993583935048812,False,False
lp_wealth,wealth,WH2M,expansionary,mp_neg_x_wh2m,cW,1.0,45,-0.4758609170596865,-0.8031935382549208,-0.1485282958644523,0.0135086976937041,0.018842447229354,0.3760198988707605,0.851880815930447,False,False
lp_wealth,wealth,WH2M,expansionary,mp_neg_x_wh2m,cW,1.0,46,-0.5252933882066096,-0.9001626053023951,-0.1504241711108241,0.0135086976937041,0.0189070921984723,0.37730995394983213,0.9026033421564418,False,False
lp_wealth,wealth,WH2M,expansionary,mp_neg_x_wh2m,cW,1.0,47,-0.4470074431151954,-0.9235727779022308,0.02955789167184,0.0135086976937041,0.0189708904482044,0.3785831118958458,0.8255905550110412,False,False
lp_wealth,wealth,WH2M,expansionary,mp_neg_x_wh2m,cW,1.0,48,-0.5375666489920524,-1.0493038876515868,-0.0258294103325179,0.0135086976937041,0.0190346390815399,0.3798552796969911,0.9174219286890435,False,False
