draw,loss,weighted_mse,h0_sign_penalty,persistence_penalty,impact_cP,impact_cW,mae_lp_controls,mae_lp_income,mae_lp_wealth,mae_term_controls_wh2m,mae_term_controls_ph2m,r_R,r_pi,r_Y,rho_A,rho_j,rho_u,phi,kappa,chi_R_neg
1056,0.1769908677826341,0.0009592615975470084,0.015,0.16103160618508708,-2.5485640617456196,-1.7971635417274547,0.013810661223638662,0.021165026980453475,0.24634607877198758,0.018253410986234453,0.009367911461042867,0.40301861787402476,1.6567156203557127,0.3493867290458776,0.6371695757619069,0.40352408596438466,0.48071689656910277,0.05456900153591574,0.37847772294490817,0.23929538969373362
900,0.18825243642022635,0.0017727567540518402,0.015,0.1714796796661745,-2.695525371844671,-1.9232932374588132,0.03180736166380224,0.0304457071639905,0.23617709235971704,0.04766667983722558,0.015948043490378906,0.44592080790883176,1.6067661666719437,0.3776715806953434,0.8597079342002486,0.9558882653515384,0.8939947061865424,0.056706016192900874,0.37635768035517825,0.9383315666504669
162,0.19172024068544075,0.006744211257201368,0.015,0.1699760294282394,-3.810517710070266,-3.342943181604292,0.06602323990911954,0.06373213316058819,0.24646735992718316,0.09564014688367356,0.036406332934565536,0.42795840407166247,1.8683580721301027,0.2035318792346887,0.9497345949203724,0.6233815977983956,0.1512811957880885,0.20733125106251366,0.3381645156468818,1.9762169141774684
78,0.20258515465691718,0.002036130764376682,0.015,0.1855490238925405,-3.6358624916219915,-2.8126855557036428,0.03642777417145696,0.03428158303292831,0.23733371045333085,0.05158126003093038,0.02127428831198355,0.4197135132799898,1.8316166879596745,0.06811099312815874,0.6160208463888903,0.46732529582335813,0.15570086883062506,0.11922828217882296,0.2774003885782717,0.8501678776686014
624,0.2044028765786243,0.0021938730947036996,0.015,0.1872090034839206,-4.840219774625991,-3.937703082801966,0.039360898064881376,0.03681772422001496,0.24051419427100837,0.05151917659301762,0.027202619536745132,0.43770806383566613,1.7109880211164263,0.32616643055782685,0.9438096479471091,0.7423491134502724,0.3741559586480297,0.22751516567986987,0.17741282148823861,0.7612260146916384
342,0.20814718549855515,0.0014949020571216678,0.015,0.19165228344143348,-3.8771562553094996,-2.752043653886059,0.028531133837186376,0.02736623306126585,0.24215049405783706,0.03817097455365114,0.018891293120721606,0.42362669505660455,1.4263270917735278,0.31157798200315373,0.928792713976643,0.33863602131198733,0.7603709967133059,0.10036929587117963,0.17953531103381137,0.5152574112239126
498,0.21035571940898382,0.0013513694745553731,0.015,0.19400434993442844,-3.038354597731292,-2.417816237026273,0.024769706910640052,0.024643595028584046,0.23966121457924813,0.03663990995461172,0.012899503866668384,0.4882182427808443,1.3229922483577377,0.309359759675214,0.6144926581095492,0.6765582241003537,0.5894956697555005,0.0828262953740306,0.44311854792285793,0.4905993263196553
42,0.21328312347670209,0.0075130669404849205,0.015,0.19077005653621718,-2.8195323465872626,-1.6390352663598946,0.06833885875030811,0.06619032259050353,0.24821607509641963,0.10305068597505056,0.033627031525565655,0.4651632174693728,1.6459072546243303,0.2657173370767468,0.6475494545506939,0.70001543997907,0.6831819103396315,0.012952644613264681,0.24898626244720343,2.0809588268711705
852,0.21809342643161334,0.005817915076568596,0.015,0.19727551135504473,-2.7646442769603525,-2.0954665475745093,0.05966028599992426,0.057689735198655764,0.23960335749324585,0.09379653780304958,0.025524034196798946,0.5391852724337461,1.8793802269660302,0.10653537382956067,0.9082073541589524,0.3996794258941175,0.7836985789570632,0.05457482631749153,0.4848920562474368,1.7463703757788416
888,0.21846657577785014,0.0019136226617661935,0.015,0.20155295311608395,-4.307946880064814,-4.167260467290109,0.03430313029950222,0.03210771691901429,0.23760344938024602,0.049003112963456816,0.01960314763554763,0.4509978357220016,1.0717988300415766,0.22260752345003215,0.8239133546565324,0.9022420788168523,0.6303268490805525,0.2436721038995256,0.4408224183404147,0.6153766227693077
744,0.2194099544103309,0.00765249419800513,0.015,0.19675746021232576,-4.2147110780005725,-4.094883263596055,0.07129203398855408,0.06892020459732709,0.2459626348923731,0.10532930484056775,0.037254763136540414,0.5416084412756883,1.8553882052067001,0.1782664027926361,0.6633073823216753,0.3380224844947466,0.6407461431225654,0.24601116428234937,0.4520654685492896,1.7850509619673927
792,0.2267752697505441,0.0015120096968092077,0.015,0.21026326005373489,-4.2919629694675,-3.8332171818941085,0.025019786209203147,0.026411020006453755,0.24209330558231906,0.0345275321387016,0.015512040279704695,0.5316853107638924,1.406765908686748,0.3100319259394329,0.753042571584651,0.7465931366855413,0.6203348247577298,0.18754599078425438,0.37058287676275603,0.30608991517686723
1182,0.22794949818936017,0.006162501870522944,0.015,0.20678699631883724,-4.111008265795361,-3.1219095558853716,0.06649311608050694,0.06400318618500053,0.24352621057311916,0.0946319929590094,0.038354239202004474,0.517943375978156,1.7398956186912957,0.29145890868257035,0.6213407713923532,0.8435152406899308,0.5304685093059213,0.11863573511513233,0.23343514864130394,1.5559121594582004
1176,0.23151526433485517,0.0016469581460948127,0.015,0.21486830618876035,-3.273686902758936,-2.2291305410994857,0.03020098493807989,0.029083159699005517,0.23804962004499416,0.04385435821204772,0.016547611664112057,0.4166235911516217,0.4982012571350581,0.3769604568677824,0.9183530103971053,0.6556916884922319,0.9234635026631206,0.04517970469655224,0.297209202402777,0.5397331033569036
594,0.23535662855303838,0.0018268640864275742,0.015,0.2185297644666108,-4.0708405930176506,-3.5226547406919275,0.03265241415743361,0.03093020199361679,0.23771631067389618,0.04690493305482854,0.018399895260038678,0.5487967957769788,1.6053028562834888,0.1602549961160657,0.8095854639720429,0.6030080201969035,0.10497251927256615,0.14787092644939784,0.3838527083714184,0.518925720580651
384,0.2354359113182721,0.00391199975000673,0.015,0.21652391156826536,-3.9585950622916437,-3.0094542312064236,0.05352070648141599,0.05105755349347914,0.2356469526726795,0.07710062581827842,0.02994078714455356,0.4946938650256083,1.123697409620388,0.3131893132859011,0.8031342918951714,0.8904026073158472,0.19320751431294353,0.10142568353167218,0.27274363255308237,1.1375807100858593
120,0.23915437670769035,0.006421781117934327,0.015,0.21773259558975602,-3.5466487097570214,-2.3366699646587907,0.06702412246673746,0.06459653101954795,0.24353520482730287,0.0979398185161812,0.036108426417293706,0.4760809885638271,1.516371032011187,0.07281054190448889,0.7521244101610464,0.9790544702081028,0.26370219974627335,0.046951259818630346,0.23448815297152503,1.5872044623276673
684,0.24130562324354185,0.004313653154149938,0.015,0.22199197008939192,-5.360469646568861,-4.251680785926883,0.05905963620144879,0.05638991035759089,0.23877815786128173,0.07846346000262164,0.03965581240027594,0.4194642482996382,1.4361524434922988,0.1077611101221553,0.856002678227686,0.8099470698205158,0.15043149086622232,0.1947409490714174,0.1634737602621916,1.0349102996793957
840,0.24348404908796176,0.005025642021035497,0.015,0.22345840706692627,-6.059962610877048,-4.544147898465049,0.06564298389544979,0.06293242178038469,0.24338292352715551,0.08170261452254027,0.04958335326835932,0.42490687380040015,1.117861978021547,0.3374259270431191,0.8999535656588523,0.5976968371101605,0.2667023018728354,0.21723626639138865,0.06611927566073146,1.0581345404859857
732,0.24416826154153995,0.005890470115383588,0.015,0.22327779142615636,-4.060503218656167,-3.5799655062409124,0.06438241689152598,0.061966641893296634,0.2386720406065882,0.09596136274349101,0.03280347103956094,0.47112008868457367,0.9207292307053839,0.1740946156649698,0.6134829486941102,0.4870889136219112,0.7391209285291843,0.14870693713831007,0.4108370485077739,1.4024513065138358
102,0.24421930482873405,0.012899226099223931,0.015,0.21632007872951012,-4.156421827578041,-3.819711795620765,0.0908670917094446,0.08845842451779493,0.2588430123334779,0.1361695225373184,0.04556466088157078,0.545496896133221,1.6390135113155269,0.09641206676805235,0.7612914932108882,0.6059043239620058,0.3084701270697282,0.18045884832063677,0.4316139387250138,2.1989803356533724
1152,0.24494613440491259,0.011521741812280223,0.015,0.21842439259263235,-4.2634204863181475,-3.1982497650691064,0.08897396955080808,0.08644970358514777,0.25891767241904873,0.12717685685629015,0.05077108224532603,0.49592866373984495,1.6134483523266312,0.15013190791397288,0.9644261851054563,0.6868750314774653,0.5373334841770276,0.11159342661264618,0.22430860933390048,2.063119059609049
240,0.2468760672455919,0.016776166471692836,0.015,0.2150999007738991,-5.295463390607875,-3.894612523369424,0.10978763389296857,0.10708320858624407,0.2768395170369167,0.14491656873066136,0.07465869905527578,0.4323666955328375,1.2163552564505462,0.3318834497213448,0.6263356526230408,0.6483252203525064,0.319773601426429,0.16910186836886099,0.09459158885626866,2.3489234336092166
588,0.251250876359995,0.0015764557964900111,0.015,0.23467442056350496,-3.83380827473173,-3.001114990353097,0.02311733573481127,0.027942476564943176,0.2421536220077164,0.03217908292717231,0.01405558854245023,0.613222816514524,1.8632293777782103,0.20157318330187676,0.769156639738118,0.579918135483652,0.3653530617157768,0.08816675433702025,0.35640504756756913,0.19800543362051473
538,0.2527611207396841,0.0025291675032430095,0.015,0.2352319532364411,-3.1335431721337765,-2.084638438775058,0.04098424603261805,0.03916611481745118,0.23138351708698535,0.06218300195366503,0.01978549011157106,0.5355072846335465,1.1796234582870015,0.12182549859883206,0.9339664232376487,0.6594336631635296,0.4399474666907206,0.025796628812465083,0.36967760641775627,0.7891071015390823
174,0.2529485663608233,0.0017405179558539268,0.015,0.23620804840496937,-3.426141871636415,-2.748292161225768,0.02990807144181763,0.029149769599913767,0.2366503890078639,0.04490500398251993,0.014911138901115329,0.6215837846791963,1.6180055164035838,0.2820919048951857,0.6748492529503233,0.4193143276737797,0.7901899712839631,0.07353081054868896,0.4601111845029089,0.4361329712547775
390,0.25300233488092316,0.0015878314200008156,0.015,0.23641450346092235,-3.595114941983505,-2.764556985795196,0.02511687765401077,0.02714814661045458,0.24028762707890763,0.03623222057666018,0.014001534731361353,0.4772475871139625,0.7219882571362648,0.19492108544310113,0.7257046900759345,0.5631716386244449,0.7970890330661433,0.07160221411412021,0.38282933919110324,0.27690896586796443
1068,0.25458421936665315,0.008142164660403899,0.015,0.23144205470624926,-3.177269163326033,-2.023956497937408,0.0732888079828439,0.07094926430946324,0.24638610192024513,0.11167467630957069,0.0349029396561171,0.5053724292317493,1.233954469221819,0.036530453569115384,0.7118301306552873,0.33955348609984354,0.4431099547542925,0.021658417079165826,0.31946921724558086,1.7522182372456365
1074,0.25462123965332567,0.006358897288564603,0.015,0.23326234236476107,-4.685883035799104,-4.02556209060158,0.06877539256515086,0.06622377757525935,0.24064786621093703,0.09912816843325989,0.03842261669704185,0.5397465181335052,1.3869254813527665,0.16334476069891268,0.6617365777430696,0.3719220589570224,0.1807953714281026,0.16819202394829483,0.3218058802450324,1.3444504134450037
606,0.2616128254293635,0.002412969600450704,0.015,0.24419985582891277,-3.274160847779129,-2.504731761736067,0.03946409708313225,0.03767421262436503,0.23110144596031837,0.06070898168086397,0.018219212485400524,0.5830854439777257,1.33961965650932,0.08523043066925745,0.9624805964043026,0.5474158110973284,0.18601952903775845,0.051924161180953964,0.46906319496343074,0.6930862920856479
629,0.2617351937568181,0.003157970453126974,0.015,0.2435772233036911,-3.8144893594106795,-2.7661632050713556,0.047958348836664055,0.04566414971302151,0.23204671151496048,0.07042606013401814,0.025490637539309954,0.501313660473361,0.9391897309886204,0.12952000125632068,0.76252668390819,0.8455060583784583,0.6467320680168874,0.06309993213757664,0.30861977362377996,0.8517965995579379
1008,0.2621392423387591,0.0025769080164938134,0.015,0.2445623343222653,-4.782177539205019,-4.477208322128859,0.04207635193183511,0.039643276813893916,0.23381294215163678,0.06088024080923471,0.023272463054435505,0.6004612828773486,1.2609325430998806,0.3365878005332901,0.6942556418640677,0.5331555978970803,0.6991851022339669,0.19670574370204727,0.41968256099793777,0.6023949253528688
414,0.26303493406852857,0.0018475816896598106,0.015,0.24618735237886877,-4.878886127545414,-3.5520118364232385,0.02570113361427428,0.032509380589574886,0.24470370459749052,0.032650816330099565,0.018751450898448988,0.4128100830025813,0.4609868575830381,0.23806191293456522,0.8547051258586312,0.7412600451451691,0.7616064001614842,0.10966753929730995,0.16580572947093153,0.13739368010205996
912,0.26832968817985303,0.006438600561179373,0.015,0.24689108761867365,-4.620378952639866,-3.5059600455920035,0.07045450992186333,0.06785125442382615,0.2414322065583916,0.09995883689070642,0.04095018295302027,0.5132789007504808,0.8889580804642242,0.26520012942474747,0.8248147276908866,0.7917492039572983,0.8109438529967911,0.10819367962464968,0.23456494671262465,1.2920611226923675
228,0.2693447627632386,0.015405075652508496,0.015,0.23893968711073008,-4.770015937639384,-3.6146899123498595,0.10381317358638859,0.10119360870288745,0.2681188876568342,0.1464648934409614,0.061161453731815765,0.4997268023212188,1.3471816790899784,0.12748590843004753,0.7385349553072679,0.5372252433915503,0.709238987639068,0.12196222315320233,0.20619749347223423,2.1462945256946795
942,0.2694448236099568,0.00243968124802415,0.015,0.25200514236193267,-3.996382553082646,-2.548792212891381,0.041424085735299154,0.03952681427306044,0.23553215500308622,0.05803309106496225,0.024815080405636042,0.5362590892756305,0.9824578850312897,0.2685995197354062,0.7257056027481495,0.9451653547422131,0.9327217397012791,0.03872165624500267,0.19815714682437266,0.5991329675355407
720,0.26977878571558056,0.005888946205170253,0.015,0.2488898395104103,-5.079764884719268,-3.1639534795656066,0.07167767314046782,0.06896711102540272,0.2456168662171764,0.09056745975920444,0.0527878865217312,0.4689616064884754,0.900274075291193,0.3451103158637524,0.6955059099073586,0.4815408140353979,0.787224588507123,0.07560151772608305,0.04132080310361397,1.1269929291758796
666,0.27013928616773947,0.014576936538204549,0.015,0.24056234962953493,-5.8088850073491605,-5.006094454837961,0.10310284935664146,0.1004043494718101,0.26567466547127333,0.1421450960169673,0.06406060269631562,0.47108809892119075,0.8251134682151949,0.2521189439172585,0.6330867457367633,0.5602057425936131,0.32199627141410214,0.238492053032009,0.22932947850247642,1.93041006051403
336,0.2753482945622534,0.013216577540266967,0.015,0.24713171702198644,-4.642968614253118,-4.188361396623055,0.09470392902297721,0.09217615219974366,0.2578530249945962,0.14077401249202914,0.04863384555392528,0.5856193385114412,1.2386297533083876,0.25525888940606983,0.7042468708361328,0.4509275309840057,0.19682116659616877,0.16823540701994866,0.39922273587415874,1.926287150840809
654,0.27635534801222783,0.00212891401907243,0.015,0.2592264339931554,-3.732113430751291,-2.5315201864572865,0.03593817520065355,0.03451773760076426,0.23537312161492943,0.05238196042633272,0.01949438997497438,0.6069544093916922,1.1871520364657087,0.3318944930137223,0.9358825633871971,0.85681384176086,0.4871549216754771,0.038525917496855196,0.30181977629983714,0.4754291872800765
246,0.2764763056429131,0.013540725948892184,0.015,0.24793557969402089,-4.1654843204691465,-3.735908342556934,0.09404024638526964,0.0915822402700815,0.2574311257114674,0.14336686405502175,0.04471362871551753,0.5899608662432206,1.107639575628034,0.31558840011225253,0.7477585029757033,0.6995132549379716,0.9212722315629498,0.13527522738833217,0.4585068851980705,2.0048142982154245
672,0.27788614570462833,0.018783220122178687,0.015,0.24410292558244961,-3.9849748000093035,-3.170952546079136,0.108764303876167,0.1062886034017704,0.2720458324451301,0.1641906921207081,0.05333791563162588,0.5876061216826818,1.169914624964626,0.3598830372451827,0.8544282522381071,0.7096877586083828,0.4911738275259263,0.09296728735620592,0.36133167240398745,2.454354258437954
600,0.2784541124662887,0.01313925761769551,0.015,0.25031485484859317,-4.037058757141275,-2.7022352734298827,0.09538063684525613,0.0928164651670764,0.2605252396963374,0.13871919790481074,0.052042075785701546,0.4941627182338842,1.0616058425698345,0.0717049445413082,0.8441590621257098,0.8949313679784163,0.40814104953317537,0.050438252633297063,0.22401149806082998,1.9863203714815048
669,0.28049109680501827,0.004778978991795659,0.015,0.2607121178132226,-3.75180688182252,-2.810104408909472,0.0590815224387099,0.05662938836169333,0.23316588913991174,0.08943150961876943,0.028731535258650368,0.5547803191092107,0.935173224998844,0.14348747465482473,0.8816343663972507,0.7014490920486114,0.3125931666963403,0.05806013745445007,0.37959409292221646,1.0731399316267738
750,0.2811549085603918,0.0023254364382736398,0.015,0.26382947212211816,-4.822042277251903,-3.0809270103933724,0.03890637744163158,0.03744948224564236,0.24030942001754055,0.05044487229417302,0.027367882589090134,0.5453799733512678,1.2346433558622127,0.26243138259344745,0.8427145250695997,0.5188094573288392,0.15418897595470757,0.06040116131814375,0.11103293689022753,0.39736082987994453
60,0.281577503163042,0.009234328021214606,0.015,0.25734317514182736,-3.6886231294755856,-2.9071614375720225,0.07903265293970123,0.07661888010278431,0.24596964969119836,0.12177524839451195,0.0362900574848905,0.5280687567190384,0.6965008615346981,0.21137309068858698,0.8287136174757704,0.6354371835784532,0.17149803437334973,0.06848018897337126,0.42805065699076894,1.6302128811483017
492,0.282074140122581,0.003725924544010754,0.015,0.26334821557857024,-4.552423056491653,-3.3207106727398683,0.05410734098866635,0.05158213036203077,0.23300561028570332,0.07659950925650796,0.03161517272082472,0.5767703740783623,1.2012783939666476,0.220820166954744,0.9421965608943916,0.38297015366672993,0.19712355701544113,0.08207672058952378,0.23835888533788413,0.8165013970051348
330,0.28695956119233373,0.01649228207555495,0.015,0.2554672791167788,-4.24077630367603,-2.689579628679499,0.10746478636501428,0.10483024660290419,0.27044878755771834,0.1523640422103118,0.06256553051971675,0.5290697460038768,0.8685252284811333,0.3046630822959602,0.7849546067559008,0.6880968121617674,0.367031654866591,0.04390942410090413,0.16278947851135514,2.163232722980769
864,0.28759370667143175,0.005761575013406632,0.015,0.2668321316580251,-6.108591796702602,-4.573108611611617,0.07091470943732925,0.06820414732226414,0.2410432257634758,0.09221595599875199,0.04961346287590651,0.49385439766048167,1.2588605890372857,0.14309517203108593,0.6837415576083972,0.4556156205492822,0.28259646001667116,0.15948422786333155,0.11713795865595028,0.9704952620317369
816,0.28939101937565886,0.007786736317674895,0.015,0.26660428305798395,-4.22908886274704,-2.91797085888011,0.07666388474065093,0.07407052680672355,0.2443239762221423,0.11128253097503946,0.04204523850626239,0.5827344834711483,1.0538724500751846,0.27485095626692846,0.6093796855125757,0.6410478202279286,0.7225361182667374,0.05517408925511987,0.2441436638004932,1.3780723100438397
834,0.29011631680518146,0.012308412984040774,0.015,0.26280790382114066,-5.963448355400719,-4.927827691798118,0.09756828383225988,0.09485772171719478,0.2585151981574868,0.13395596127821868,0.061180606386301094,0.6324896279438605,1.8855267045516537,0.27200585155158435,0.9647288156443343,0.39883820740573755,0.4832422821351947,0.19518582402540846,0.20921455489398522,1.618020390768752
1140,0.290671935529367,0.020151490136068255,0.015,0.2555204453932987,-5.896434209398216,-4.625504228696089,0.1213347745528349,0.1186242124377698,0.28081941970754076,0.16407803111394997,0.0785915179917198,0.4959705681132436,0.8732938445531667,0.2615962476685915,0.9795580131754456,0.750032197302358,0.1137658878966874,0.17920198639180676,0.15539781143032602,2.1691813941131555
540,0.2927726667223562,0.007488036075919877,0.015,0.2702846306464363,-4.692815620996445,-2.924882648943615,0.07860514259321624,0.07589458047815115,0.24651858510699698,0.10645635852320362,0.05075392666322887,0.5252829550286626,0.6023628061160157,0.34770905457902973,0.6947644861654995,0.5454138995740724,0.7074441370021729,0.04809965924674318,0.11317300722065103,1.2672602158398854
642,0.2954082984479696,0.0021132177936073623,0.015,0.27829508065436226,-4.650959351873919,-4.152145694614867,0.028146339259575805,0.03275679315804227,0.23947433306348237,0.04011061218352417,0.016182066335627437,0.5433131240340118,0.4686854949020383,0.34182204539524663,0.63309305509895,0.9572038436681009,0.600236710130932,0.13425754889779917,0.4297812863128259,0.1661142910994948
603,0.29599388663068477,0.002340539286560305,0.015,0.27865334734412445,-4.065664645829843,-3.0148561053128335,0.03759984613023506,0.03609964457187223,0.23435124310128,0.0552421543190358,0.019957537941434313,0.5845454384757008,1.003025817281529,0.11267870973743083,0.9427924171235847,0.6650106064701532,0.5006319788686564,0.05850574774120449,0.34801348825405753,0.42930833586120454
876,0.2971684937944236,0.015034843940499473,0.015,0.2671336498539241,-6.128660390263615,-5.549551064668175,0.10545848324638504,0.10274792113131992,0.263355309327555,0.14832575855859026,0.0625912079341798,0.6258416373313738,1.6284514300085982,0.1993796878790022,0.9631494108319208,0.442333726326069,0.7079479054615556,0.24471964565481458,0.292822273121343,1.761241356745583
287,0.29718665998386984,0.0033221086026010696,0.015,0.27886455138126875,-4.092641871233035,-2.860431485528609,0.04978230079593875,0.047492125889305854,0.23063440140699457,0.07288561345360652,0.026678988138270972,0.5807066000643286,0.8196869682032973,0.2561510463418561,0.9374362656993463,0.9502881343070592,0.5233216280914099,0.04736414033658243,0.294574392582254,0.7063024067256043
18,0.2985413003536949,0.02303219505118416,0.015,0.26050910530251076,-5.486835551074488,-4.105605142076826,0.12792106335857267,0.12521050124350758,0.287006595954476,0.17546862770921196,0.08037349900793342,0.6040072561243414,1.6106425633251023,0.32905304466379165,0.723684168200859,0.9479715886474265,0.3472801624191008,0.13361371101561148,0.15774394166109726,2.346504568117512
403,0.30068849445233214,0.0022292730956599512,0.015,0.2834592213566722,-4.109663901012234,-2.623369437455126,0.03505388554917537,0.03445739488344356,0.23753157605466213,0.049445966114253975,0.02066180498409676,0.5940583858588812,1.0743608647796508,0.1736516796989166,0.8977237629650063,0.8658014941414345,0.4023993491171132,0.02914015691905883,0.2362889883265143,0.3330179697914999
768,0.3019062460184177,0.002174762233734465,0.015,0.2847314837846832,-4.172838353089998,-2.399475542268907,0.03252938700802477,0.033560854188758836,0.24036305842747252,0.043984749963236154,0.021074024052813375,0.6105536547235714,1.6564422241733547,0.08193357053900062,0.8277685608222131,0.5765132538808114,0.24495621719983654,0.012960679467809398,0.1657379196053541,0.24838950567520462
777,0.30374283861053736,0.015525203417872448,0.015,0.2732176351926649,-5.187299414173764,-3.788825841877996,0.10750843468582195,0.10479787257075684,0.2667713701048595,0.1499313565441311,0.06508551282751282,0.5356984844727902,1.13938792316699,0.11776366066645934,0.9266514555841898,0.9486942428605631,0.5382874132737504,0.10199637327536352,0.18258675762822232,1.8630555722551727
885,0.30395533883899817,0.004395479478516968,0.015,0.28455985936048117,-5.036664894412471,-3.695298945241248,0.06004025371235701,0.05735543994823128,0.2333485838861552,0.0838760568960642,0.03620445052864981,0.5687726105927466,1.1426864121943452,0.1001653249226514,0.8041992707777644,0.8916135226317435,0.4071016687762411,0.08924597721286384,0.21766245757388125,0.805276831505393
510,0.3062462417638425,0.013190483837870333,0.015,0.2780557579259722,-3.434936179773342,-2.312667510732215,0.09276727985042095,0.09032789787459697,0.25465689658490565,0.14431738823173137,0.041217171469110525,0.4782556382061258,0.38932045373719953,0.07898255776410965,0.6302451529619718,0.8947520800531988,0.9024978481720489,0.021174676414908705,0.38963301951002854,1.8691641921212745
636,0.30677805700168664,0.006554471356546239,0.015,0.2852235856451404,-5.920717782999047,-4.3113394403477105,0.07560961335064328,0.07289905123557819,0.24175218346450472,0.10019927276153492,0.051019953939751644,0.5830767128389874,1.310719287225154,0.23330306725577932,0.6375934601133173,0.8943142807060113,0.5357212608455844,0.12360664316739169,0.13128209485084066,1.0047851655292894
256,0.308164235941325,0.0037020357881419027,0.015,0.28946220015318314,-4.191450348955367,-3.4810671638373543,0.05210482613347112,0.04972498495567958,0.22818807644364253,0.07912147442239775,0.025088177844544493,0.5996220062777433,0.8138986863961203,0.1933521826297286,0.9703579971823646,0.7564862917279719,0.6485304167614863,0.08339872638384338,0.445770369817578,0.7299993749505358
1116,0.3086290005024317,0.002215248354273629,0.015,0.29141375214815807,-4.379154732152133,-3.5659421938871123,0.030713041831730327,0.032848613936068916,0.23781377350235094,0.04463947040978457,0.016786613253676082,0.5977104375798622,0.8818285360248636,0.14081886550382786,0.6013091964159349,0.46014629531844853,0.38700552504704266,0.08526997468639906,0.40135552837951527,0.21368263008753524
676,0.3088563778095008,0.0040766085316307765,0.015,0.28977976927787,-3.9863225537954055,-2.8218530344364305,0.05545744734530543,0.05311362974828572,0.2296798081994912,0.08304588822361059,0.02786900646700026,0.631243015677583,1.207286687438311,0.12465080934750397,0.9377040741879085,0.7452393484471785,0.36587920269757257,0.041580301606954334,0.34424895146983137,0.8125365550966179
496,0.3109465357025593,0.005395358204679268,0.015,0.29055117749788006,-4.042054060897161,-2.9761673404431033,0.06389048289807826,0.061365456468949274,0.23290286373570532,0.09643040105872785,0.031350564737428685,0.551944402823296,0.6905239998418597,0.07337538728742765,0.9059264627264659,0.6900708914791792,0.5540916375255366,0.05069578725202603,0.36489191493147843,1.002424432276584
989,0.31234322862901087,0.010046180776080145,0.015,0.28729704785293075,-3.750112636654173,-2.5984715012857023,0.08389702393378867,0.08138572074233774,0.2469638635756503,0.12848872625495383,0.039305321612623526,0.6354735760382899,1.2220886737842842,0.1286429240595633,0.9817436916544654,0.8911506215501629,0.43358505088793764,0.03153411986036789,0.3680623946241071,1.5265062397431919
27,0.3131775329147486,0.006378636549075471,0.015,0.29179889636567313,-3.8996833303507055,-2.320831228483726,0.07028149096518264,0.06779832853378381,0.23781572909081405,0.10311975159575669,0.03744323033460859,0.6089687672552433,1.242958013567216,0.05854804673929129,0.8358380436604036,0.98,0.8703960640781518,0.01,0.24285748864829254,1.1229599983385834
552,0.31329925407141535,0.004461650278510798,0.015,0.2938376037929045,-4.731878327625196,-3.523193825742107,0.0597409824899842,0.057141022046470466,0.23157779729686953,0.08605765755357092,0.03342430742639747,0.5661281926787185,0.44635406665917776,0.3711108886864872,0.8000522356994073,0.7240311004378254,0.4038649490884027,0.07629907384813876,0.271461498306818,0.8063751396036006
984,0.3158178229434675,0.023620787415833493,0.015,0.27719703552763403,-5.4818869987513255,-4.110053121691849,0.12997975812499488,0.12726919600992978,0.28679629750768093,0.18018026066964343,0.0797792555803463,0.4127724053363734,0.33452445049110374,0.154492943874389,0.9578693167266163,0.570826036537505,0.8543853829216356,0.1209841390316207,0.17287234334332377,2.2615484393499883
1038,0.3162886302650799,0.008300697140924839,0.015,0.2929879331241551,-3.9659817964386717,-2.661615595227578,0.07847414351104806,0.07589987030312628,0.2427739015072983,0.11767618734205657,0.03927209968003956,0.5678341119722263,0.4337273618121336,0.3690412918955637,0.8447374249410761,0.32161283585751416,0.5343495023773689,0.030591747479052855,0.3039253150783072,1.32150812396995
1045,0.3165593523121682,0.006305471253582414,0.015,0.2952538810585858,-4.394697723968078,-2.970130811381235,0.07077662845918017,0.06813002782673988,0.2370938264035139,0.10272199529455321,0.03883126162380716,0.5980056123958961,0.8936221687873358,0.20417312438841373,0.8601148643046881,0.9304528663028173,0.5945527249799244,0.043178715284500804,0.2502958730864997,1.0651132815096351
817,0.31664679511071625,0.003609040804351013,0.015,0.29803775430636525,-4.901110199415306,-3.559237663491845,0.05315736625818023,0.05067745280276657,0.23162426760442234,0.07501096713467158,0.03130376538168888,0.518806883280044,0.4123591818469009,0.2112479154505455,0.9485782683227912,0.9345420122633536,0.6769344618830428,0.07422754726992119,0.23701872737550633,0.6265896593443758
366,0.31747062077739857,0.015173911972913618,0.015,0.28729670880448493,-5.548834161558461,-4.553388617358534,0.10638410806873005,0.10367354595366493,0.2629058352836592,0.1514865312953128,0.06128168484214729,0.41807721864655795,0.3973688234326461,0.04432736245472858,0.7282880236858321,0.6369341120627039,0.40286986110839845,0.14454387401593413,0.2610802083066823,1.7270627244734567
441,0.31963630482807404,0.0023940318333769664,0.015,0.3022422729946971,-4.281448592796924,-2.8644747989243857,0.03518432085904283,0.03521981951708139,0.23707691985205692,0.050148439228173886,0.02022020248991177,0.5674737598623449,0.6858593894239817,0.1277747323782038,0.8574708292141702,0.98,0.49156043933218296,0.03532169222224041,0.2700580524935785,0.27898705413070135
901,0.31984530688441126,0.003985422193114403,0.015,0.3008598846912969,-4.20508309475532,-3.4119253734220076,0.05434699734089783,0.05196027779900177,0.22779361276149723,0.08276728874527885,0.02592670593651681,0.6159832221562574,0.7503191833912355,0.2487523367952031,0.8491862219591264,0.7939634795631579,0.6802243548546246,0.07221682119464908,0.43939745305613886,0.7361670220377081
258,0.3213108764348355,0.016728392977831717,0.015,0.2895824834570038,-6.103242492403828,-5.652339270657715,0.11070555358507284,0.10799499147000774,0.26491535708920294,0.15919843464949424,0.062212672520651435,0.6753634623636984,1.881456297149834,0.08554793599722513,0.9239745361109132,0.33518982701064165,0.5060014541370251,0.22272035774392565,0.3459984241778958,1.744515086478719
1034,0.3215766384458575,0.004847799364538019,0.015,0.3017288390813195,-3.94416321697846,-2.532457625351017,0.06120097799948275,0.05883388270848147,0.23170592262455425,0.09111087372959742,0.03129108226936809,0.5625939931966685,0.6849772412281867,0.06703752948234648,0.8977327936533746,0.792479858346624,0.4750387879563025,0.019673202840915956,0.29811994119466534,0.885758638683819
866,0.3216984982430169,0.002917412340467316,0.015,0.3037810859025496,-4.364411310155218,-3.104466248462889,0.044613172407125964,0.04272165182118644,0.2320063243896331,0.06501228472513254,0.024214060089119395,0.5702643777785921,0.7340203358005598,0.07710431722973624,0.8661669564455996,0.8488706702322348,0.6807100063878797,0.04862983555608768,0.3064971403814317,0.4799874371849594
957,0.3241492650448205,0.0057138202884876544,0.015,0.30343544475633283,-4.295948766073024,-2.5345529769583117,0.06847087431100063,0.06593265547430269,0.23645887961816428,0.09717254025875352,0.03976920836324775,0.5812744821204872,0.7080909456265627,0.22099358287398202,0.99,0.6157974279437604,0.5380472242079468,0.014397033330303635,0.18594028020265885,0.9591508164195733
216,0.3244763637200088,0.02491845813696588,0.015,0.28455790558304295,-6.548967666873121,-5.55600633645276,0.1345552877242741,0.13184472560920898,0.288273229097603,0.18507844148814162,0.08403213396040655,0.4961440624281528,0.5732853067435553,0.2016512458607185,0.9676016761225917,0.7992195151174243,0.28295718595227737,0.21629467202053554,0.21397224058445333,2.1441332386060448
320,0.3246161432057788,0.0025926499497717906,0.015,0.30702349325600703,-4.464571340857997,-3.208903838088197,0.0386904446205867,0.03752013781421664,0.2350219576234966,0.055858801140723224,0.02152208810045017,0.6653694130535288,1.48018046339419,0.06972291616500742,0.8264431252135899,0.852034148992571,0.6949874685683302,0.05232522764995598,0.3077513936595886,0.33632292971486455
73,0.32466536812470054,0.006633721478579599,0.015,0.3030316466461209,-3.7805540479496664,-2.344740949663433,0.07080902449257878,0.06835956255914698,0.2365602783423903,0.10669450992006804,0.0349235390650895,0.5872195925456545,0.7419196292592121,0.10832925080481404,0.99,0.7822343811518944,0.7126556704177388,0.010265334879847744,0.30878754917605933,1.1149840949648424
1026,0.32475694849322917,0.010018405572656609,0.015,0.29973854292057256,-4.822167257499908,-4.036468979349777,0.08656308448077414,0.08394696159532085,0.24589081012533934,0.12929167727345967,0.043834491688088624,0.5882366342854269,0.8057493825656304,0.12128728213004333,0.9751469499823573,0.8849369267507313,0.5768916750003843,0.10639675517404341,0.37893962130035475,1.3665476227023932
1108,0.325254593861497,0.0054348735792139995,0.015,0.30481972028228305,-4.318051401735747,-3.097319826950639,0.06519860145289416,0.06263991412029772,0.23268270768921592,0.09686629221321963,0.033530910692568694,0.6031287402283857,0.8644150672411121,0.1155471498967312,0.9271895634328807,0.8239815973800712,0.5230694135246308,0.048354311391199375,0.32254204835823796,0.9283986867213762
1048,0.32534586503663243,0.003883233884012513,0.015,0.3064626311526199,-4.176583733950897,-2.681663064646259,0.054766323578159595,0.05245563940182549,0.22994913782782705,0.07990332227439595,0.029629324881923238,0.6030282671141043,0.944420779059658,0.0821217625939124,0.9076749361265887,0.98,0.377297953159932,0.023940584426218513,0.26705821880320624,0.6950018952527097
990,0.32604432377852155,0.015547790819138211,0.015,0.29549653295938333,-5.71503604253597,-4.570406722360952,0.10870915648078534,0.10599859436572023,0.2639833706832375,0.1532825847230785,0.06413572823849217,0.4645792885146272,0.552488683658512,0.039087716116749036,0.6363000929274994,0.48108408005269043,0.796974725790371,0.13639300238492805,0.23526902971790878,1.6891910655005176
225,0.3280354096256099,0.008387634757313325,0.015,0.3046477748682966,-4.715802775203812,-3.19105881047077,0.08198836623280867,0.07927902955981186,0.24400223293875012,0.11741752752818538,0.04655920493743197,0.6256752856642971,1.1531816242657196,0.1665632539443237,0.8994035272359349,0.9622023181734215,0.5203104674382791,0.048989009296254854,0.2227059586611494,1.2094661581505484
759,0.32820503282506486,0.010721945599840106,0.015,0.30248308722522477,-4.996579334319045,-3.6208610454899546,0.09158792229832682,0.08887736018326171,0.2507115388034152,0.1312093464552891,0.051966498141364545,0.6008440037338538,1.087627061216302,0.10351503209355999,0.9614562185195303,0.7874356098325918,0.5779763690401528,0.07415644737959602,0.23704828324028918,1.3930863168742667
212,0.3295206290630782,0.009852376923128488,0.015,0.30466825213994975,-4.0853864205630295,-2.4412476985264777,0.08658344003798718,0.08393153951408575,0.24821078243620115,0.12671396245386385,0.04645291762211051,0.5521280989896266,0.6320645488108299,0.09772153664737092,0.8092653643776389,0.8462079131438416,0.4426287763122572,0.011273505488771637,0.2300011706774758,1.3856696340146617
704,0.3297935688959771,0.01016188289855135,0.015,0.30463168599742574,-3.799028530377481,-2.3521764373414538,0.08584015029898323,0.0832659938369058,0.2472065755112202,0.12977872133323384,0.041901579264732605,0.6409349205721767,0.9526442423148032,0.2464118390794735,0.7969337077852324,0.7646914689992608,0.6612594304988795,0.01,0.3073678562476716,1.4397299920747253
469,0.3305742364153367,0.006890686974413068,0.015,0.30868354944092363,-5.380874875008665,-4.135556289864939,0.07560125475956136,0.07289069264449625,0.23780389327399323,0.10732552682959634,0.04387698268952636,0.5616291448215797,0.7811642566765442,0.0850949906706826,0.7836336970791096,0.8551421693006017,0.7703102983089756,0.10002416930888222,0.25051173258333526,1.0031843104109004
543,0.33178536137484793,0.014997125578767376,0.015,0.30178823579608055,-4.103314715649354,-2.536781873921904,0.10345141905555967,0.10081502287172271,0.26090998455118736,0.15264069742813302,0.05426214068298633,0.598333534332487,0.8517979453862,0.1669789441794795,0.92973995651355,0.7112218852223098,0.5110301258253801,0.017620151375512857,0.24531749707343228,1.7752484537815159
911,0.33276992969848973,0.004381634686308247,0.015,0.31338829501218146,-4.124477616876731,-2.4692459327437537,0.058911172748012545,0.05657429875478334,0.23065947340113768,0.08554971184147458,0.0322726336545505,0.6346172851377757,0.8801302026789954,0.251362302931719,0.9630201723674263,0.7967830442260279,0.35540624847352575,0.01,0.23986959971459765,0.752679735790993
186,0.33290035549168273,0.024073781626770152,0.015,0.29382657386491257,-7.048987426621039,-5.815478083901589,0.13511688245563894,0.13240632034057384,0.28731003477044076,0.1813755159558677,0.0888582489554102,0.593627870831581,1.2849800399747728,0.20535511292608885,0.9847852112766597,0.3637893203252529,0.45051867715264093,0.22012937068653668,0.17066360284219712,1.9907028415332946
1164,0.33489623853863587,0.01794846072570308,0.015,0.3019477778129328,-5.781031654928873,-5.565079346432839,0.112902735091549,0.11022665546211574,0.26520937859212096,0.16718993889207137,0.05861553129102662,0.66697491810553,1.4752161985034484,0.0659233517604433,0.7670027141191051,0.6392007245538012,0.806393613838621,0.20541223845551185,0.4302020655309914,1.7748950268824844
154,0.33493226756054495,0.002619231941360201,0.015,0.3173130356191847,-5.11148815562987,-4.2127034271350725,0.03103619583670414,0.038344064185389035,0.23970435305587012,0.04350876329609398,0.018563628377314297,0.5975651221115632,0.693804167138442,0.1502316641413461,0.9325304035186543,0.8180806594287833,0.5371320056480409,0.10305001012111144,0.35286300645050356,0.1
302,0.3351560491197086,0.005813271293790373,0.015,0.31434277782591824,-3.9575303171517526,-2.433956411883784,0.067323672709802,0.06490720492291628,0.23361938766545054,0.1003281551343534,0.03431919028525058,0.6382563490153659,0.9130211334450689,0.19583090886759513,0.9123355792221531,0.7820262679858785,0.5510395133094833,0.01,0.2891224837421635,0.9591925607776695
1081,0.33521929534461326,0.009036416137318303,0.015,0.311182879207295,-6.015163938851967,-4.803549109802388,0.08692935522593917,0.08421879311087407,0.24510175279501095,0.12117320980757232,0.052685500644306035,0.5613982078907169,0.6232185832404372,0.19587152308716443,0.9338769933552612,0.9063203187039782,0.5790947990633607,0.1367720415962027,0.2276781323583464,1.1433274037229963
795,0.33554171062609034,0.0064882969037614886,0.015,0.31405341372232887,-4.365882380382718,-2.7353043361375624,0.0724328387498768,0.06982611557053649,0.2367659934976362,0.10483284459072639,0.04003283290902721,0.5942228889028248,0.789623539703405,0.12686375341983885,0.9302102355411327,0.7600636917569464,0.3978113764052644,0.022249593447518957,0.23113292172482672,1.006777034769177
905,0.33689550014626063,0.008960822454577959,0.015,0.31293467769168265,-5.148321302862466,-3.760965501614701,0.0852515723085199,0.0825410101934548,0.2448279022427108,0.12171063464232038,0.04879250997471944,0.5298625565928898,0.48973856625610956,0.12386980237242187,0.9429688883115541,0.7473938483683346,0.3939019074983231,0.07617809298849017,0.23595242290798968,1.1951396741975309
993,0.3378764680089834,0.002678692816318864,0.015,0.32019777519266457,-4.575009766433411,-3.396968001403605,0.03780955614245947,0.03734687740255753,0.23520110721311127,0.05496152153331521,0.020657590751603734,0.6588296987066675,1.2380462805912573,0.045268393338530846,0.8165489848858822,0.8576430601319008,0.707185721142612,0.056823830452909944,0.33721862194611885,0.28151101811009493
201,0.33820583299373774,0.005652234114533867,0.015,0.31755359887920387,-4.5480833449390685,-3.2341215638103677,0.06723177178281177,0.0646216809093239,0.232846761919284,0.09892502142210757,0.035538522143515966,0.5771966469294009,0.6169469819311991,0.11183454862084617,0.8913377643339564,0.742525914606643,0.44351595046171294,0.0485705738355088,0.2987960344095767,0.8904063653715998
285,0.3383819436046816,0.011597459518419687,0.015,0.3117844840862619,-3.803713330075782,-2.3845842580724796,0.09093926847728086,0.08836627280462384,0.2500295857872418,0.13848985808885367,0.04338867886570806,0.5914733897210434,0.6724004987276417,0.1059336745739426,0.7780258446442272,0.8396818342242439,0.45154514707049503,0.01,0.32619686493009004,1.5166022240760166
346,0.338396206242526,0.010270442125599797,0.015,0.31312576411692616,-4.164283543982927,-2.835654468556018,0.0872565216681688,0.0846499719927245,0.24669942171846274,0.13126298950605042,0.04325005383028717,0.6364638904028724,1.0387620967518914,0.09356502107156084,0.99,0.8603147143429535,0.3704578925004517,0.03119941473646976,0.32216816982710483,1.378951990341602
696,0.3384679581763805,0.0035275207758965485,0.015,0.31994043740048395,-5.409385587291244,-4.895858542351532,0.05008118847850447,0.047593582945493575,0.22979183359273056,0.07351872930966208,0.02664364764734687,0.5753747322228524,0.42669364880683863,0.25241481336987415,0.8960042386166718,0.8393748944608664,0.23218571086043152,0.14364809630558614,0.4142920505134719,0.48660882741804456
954,0.33900769170635525,0.015547975656248533,0.015,0.30845971605010675,-4.777359585140503,-2.9891846996888174,0.10904419972383583,0.10633363760877074,0.2648089450910555,0.15332387712038267,0.06476452232728899,0.5309172477766705,0.6589808534935693,0.09145023602337388,0.753088652689994,0.43126258378573634,0.6062084142876181,0.03438770629542782,0.16416281039230796,1.6972495502712561
428,0.3391363105714122,0.005941193959568694,0.015,0.3181951166118435,-5.067611456140109,-3.709859796215399,0.07007704414346602,0.06736648202840093,0.2344499328099865,0.10048874808797886,0.03966534019895316,0.6501820686165432,1.24657894031813,0.12013067224647773,0.854675838258666,0.9459721148901084,0.5359305899571529,0.07081357700712278,0.25874141847224086,0.8852776873923505
211,0.3398800805656902,0.004135659048667304,0.015,0.32074442151702287,-5.534263713302897,-4.070192548622036,0.05790427370146439,0.055370577404140586,0.23179514306617327,0.08019695636176102,0.035611591041167755,0.5643488233086147,0.7680177228340436,0.07097243501637318,0.9116786485478237,0.6407573019367343,0.5692144236208935,0.08688245631536083,0.2142272562083201,0.5907078706922436
335,0.3419868720266753,0.007054187788582406,0.015,0.3199326842380929,-6.306517835579767,-4.709586196692969,0.07903744286249811,0.07632688074743299,0.23988174175335197,0.10626687529861369,0.05180801042638253,0.6301706399006547,1.2944112912473078,0.17547934028029333,0.880453937097252,0.9274003150810965,0.5876807536025173,0.12078058896952125,0.16146620120761276,0.9044703610068684
1121,0.3426583591865502,0.006731115023105212,0.015,0.320927244163445,-4.453577680454722,-3.25256383925746,0.07263324555052168,0.07000192256561237,0.23485008905981397,0.10864186874329138,0.03662462235775198,0.5783159626807024,0.5074742292115498,0.1588662288994652,0.8940106834171464,0.7805228181871064,0.3494492708154492,0.04961111398039987,0.3375193783895743,1.0071884499529669
894,0.34435262442537035,0.01640991688793316,0.015,0.3129427075374372,-6.728436500319132,-6.359683685977666,0.11189285106917492,0.10918228895410984,0.2623750828488464,0.1599570184482962,0.06382868369005364,0.6038418911157392,0.8761946495898671,0.15396729059016034,0.8485859061425749,0.953436663932252,0.46433945250529807,0.24359841377302363,0.3471867291786003,1.5571268680504216
892,0.3445787489490621,0.007343577718867672,0.015,0.3222351712301944,-4.017503054256951,-2.4849625154081267,0.07539273636210399,0.07286527452269276,0.23777113040867723,0.11282544946125109,0.037960023262956874,0.6768770774799882,1.3774864203248498,0.051782004876674975,0.8657929394817842,0.7484143053331521,0.7601629103263785,0.01,0.2976553052277082,1.0894218634167543
812,0.3458239801832972,0.006784194039351452,0.015,0.32403978614394574,-4.213256657070535,-2.9554556987243648,0.07240863569655545,0.06981817364908473,0.23461690752228495,0.10942927394926341,0.03538799744384748,0.6813343273924315,1.2512951542030684,0.11594398066393605,0.8566998148987878,0.917563423047942,0.37917118213759693,0.03389291080917163,0.35445126625771217,1.0153963235108654
89,0.3459941459870569,0.007312574065107032,0.015,0.32368157192194985,-5.050908318881377,-4.0277976288032535,0.07653373230019539,0.07385041479157874,0.2364089355857753,0.1128758407388133,0.04019162386157747,0.6268489680388404,0.8303615627096212,0.15171518862629454,0.7954776105849675,0.7874861669754971,0.6269519267022403,0.08813205460026755,0.33904940882574813,1.0140087544845255
722,0.3463801174430834,0.004277344550095998,0.015,0.3271027728929874,-4.906029149636015,-3.5499131928696124,0.05819633408515748,0.055699662782468094,0.2295797995545011,0.0840272872280558,0.03236538094225916,0.628050956768309,0.8715459915169251,0.13811030607311062,0.99,0.9486416280544132,0.5906716450091518,0.058970138046374465,0.2795635022656699,0.6386718146920812
400,0.34692810739681407,0.008910649433256305,0.015,0.32301745796355774,-6.183223277437465,-4.7612808057466,0.0874776788365042,0.0847671167214391,0.2446405707724562,0.12038625013321597,0.054569107539792466,0.6196526453033362,0.8644792557753403,0.24402725275145315,0.9045893326505078,0.7937101374409329,0.5393978004009269,0.12316413288957216,0.19763497110937417,1.0731544960218058
1186,0.34703529884919254,0.004374379654832178,0.015,0.32766091919436036,-5.052292768820814,-3.4413246453343906,0.05970899579715802,0.05723266719875634,0.23109426730146873,0.08399531888480172,0.03542267270951433,0.6316828984453455,0.9687722032155359,0.1564417262663514,0.8147187948824508,0.7763280363134456,0.8985870502060422,0.050594063266919176,0.2170706956575063,0.6369412148896094
420,0.3470738898516181,0.025705862666831426,0.015,0.3063680271847867,-6.632669679467531,-5.0761203587329495,0.1400006445608727,0.13729008244580757,0.2912158289442976,0.18772577163468607,0.09227551748705927,0.5299471675030817,0.6816199266176035,0.1868863263180781,0.7083021928806515,0.5493853072723726,0.43231652183906005,0.15492749462520256,0.14114941965812836,2.0303004781040497
597,0.3477200735128434,0.007663489899471842,0.015,0.32505658361337153,-5.599746891969399,-4.102639801806171,0.08075327726611561,0.0780427151510505,0.2401159549306215,0.11296851460154313,0.04853803993068811,0.632118041799114,1.0656746626085782,0.15798351727866242,0.898254881764744,0.7423900581875525,0.5377616220401644,0.08569169935943047,0.21120602346192774,0.9982617859804204
507,0.3477936549262377,0.002788145757911719,0.015,0.330005509168326,-5.157965610929525,-3.8115723574675764,0.03272755413686994,0.03982807209065464,0.24015283413145833,0.04495020061154377,0.020504907662196106,0.6387069442625001,0.8760921161599345,0.18870982963115432,0.9159315039660072,0.6110146228633756,0.3767338260513306,0.07032956011567379,0.2697293730690199,0.1
147,0.3480393573949814,0.0033602641886651,0.015,0.3296790932063163,-4.625957616814766,-3.2325799681421152,0.04865624710253906,0.046644460381651855,0.23094033920213314,0.07066750402311446,0.026644990181963653,0.6326499357764511,0.9051654269041333,0.0925311756560379,0.9236313102130334,0.8576769627552475,0.7341187945655776,0.042694090027686676,0.29421372817062685,0.4653800275141231
101,0.3482232041701027,0.004184806647548677,0.015,0.32903839752255404,-6.014901675695432,-4.819306844621997,0.0576748638613819,0.05508729030130732,0.23127363776582538,0.08026306137888496,0.03508666634387886,0.6033095292310952,0.7993713848566005,0.1356917016968078,0.8913746143397873,0.9620041629292249,0.4206685507249235,0.12417073413886683,0.2527118966699278,0.540274079810718
6,0.34895805826442977,0.01604940355263735,0.015,0.3179086547117924,-5.518234824829953,-4.928518659272769,0.10827646687672958,0.10558878927042417,0.2599859922111414,0.16073905521513168,0.05581387853832748,0.652403676546087,1.1668600331199193,0.08172488930723325,0.6446667286790296,0.7545140140175207,0.5004317752216626,0.14565666555548532,0.3918994744113718,1.623323968001418
675,0.3495546483906995,0.005985510199342699,0.015,0.3285691381913568,-4.956773675780566,-3.3209983433222785,0.07089144850379417,0.06823962954878411,0.2348417481319012,0.1006234519006934,0.041159445106894954,0.6190585584288959,0.8980242156864517,0.12668408706769538,0.9512946074197471,0.7455693065857464,0.6059045023113285,0.044301229755809884,0.21772388684931415,0.8556405476311416
122,0.349928498970048,0.01276252159858724,0.015,0.3221659773714608,-5.048014635402781,-3.5002237069369024,0.1000133924931558,0.0973028303780907,0.2553159844630544,0.14316068643843888,0.05686609854787273,0.6026509207919283,0.8665774452367129,0.11464314500024292,0.8651287993701142,0.8008675739257617,0.6013538622467425,0.05649310194895034,0.2229988760384399,1.4414654640336217
64,0.3504491461389261,0.006553138463980431,0.015,0.32889600767494565,-5.194065636775811,-4.26102954556149,0.07274627390507653,0.07005349918477385,0.23342766256678577,0.10732109375143423,0.03817145405871883,0.6105295010982585,0.6826650347239767,0.14454298757012815,0.8473678549904664,0.8193640260694193,0.3145101331296319,0.09810269960043816,0.35437521563576746,0.9090937596509328
115,0.3507356664376113,0.005920644993150232,0.015,0.32981502144446107,-5.431835370573687,-4.22859256371736,0.07017610808389325,0.06746554596882816,0.2330405643189498,0.10077158959224564,0.039580626575540866,0.5560938493033609,0.6070682456725623,0.03,0.902109505717671,0.7995274368331168,0.6333053650356842,0.09275483813796034,0.28225814499608,0.8198700121371161
1180,0.35094849054596217,0.005497518362443732,0.015,0.33045097218351843,-4.947052830006203,-3.7811527550575246,0.06663187591214535,0.06394754830928258,0.23104914082075628,0.09788607616174717,0.03537767566254352,0.6077774902066163,0.583948680975354,0.20082421827252608,0.9305753064355686,0.7840113684727092,0.5144167261341516,0.07091259315907178,0.3215629668724645,0.7996909069435232
1057,0.3512476693131721,0.009609471075937695,0.015,0.3266381982372344,-3.9722983352847314,-2.9495801696059814,0.08332816234182974,0.08078438119957153,0.24169333836974083,0.1298448639763441,0.0368114607073154,0.6443408315964121,0.7430102548821985,0.19294904517420455,0.860687009678881,0.772653423311512,0.33382075723570803,0.03601914407775689,0.44587429681052937,1.280055939079759
592,0.3513765090068708,0.00960493501021212,0.015,0.3267715739966587,-4.286664804454799,-3.0719298086793305,0.08494706978757899,0.08233551895726637,0.24316035516317913,0.12888885191665303,0.04100528765850495,0.6632148097867255,0.9520125227911779,0.19613107010208305,0.9884603981501323,0.98,0.517163978131131,0.03879682720766264,0.361485041442381,1.2567049414665712
339,0.3515019898247098,0.012186622340397454,0.015,0.32431536748431233,-4.312729903516213,-2.736561925322291,0.09575435388429861,0.09307977860105966,0.25236452628690914,0.14152292578803344,0.04998578198056376,0.6285656397178332,0.7910678124491868,0.19058289087544972,0.9284788850082331,0.8141893974556824,0.4877748406728387,0.01994535850022594,0.26329876378832123,1.453494107036946
797,0.3518863541262866,0.011998269319958132,0.015,0.32488808480632847,-5.478398422094525,-4.433102863782446,0.09683974980825127,0.09412918769318618,0.251001170058286,0.1409376646550758,0.05274183496142675,0.6161515950629451,0.9148852370142021,0.07949284164933632,0.9531800982065982,0.7784818475041906,0.44392602919010055,0.10792993887779298,0.30734836000015453,1.3502761974817146
504,0.3535768651120273,0.02320655030734701,0.015,0.3153703148046803,-4.249320561380457,-2.9518641478169396,0.12420358753061407,0.12158966871720514,0.2775835730098489,0.18781679381219316,0.06059038124903498,0.6456281795646293,1.0707169145099054,0.10968215196737965,0.9660581616015665,0.7342420135047681,0.8646605587758363,0.0362250798478613,0.32651144429384044,2.1387083647459866
273,0.35414294981469124,0.005722437539305421,0.015,0.3334205122753858,-5.083863222108665,-3.9477168704072154,0.06817494853617923,0.06546798344939765,0.23142652737212033,0.09997092830130264,0.03637896877105581,0.6498414512264308,0.8886215896452954,0.17547354188681596,0.99,0.7616373725629226,0.44159457028731375,0.07768277137665484,0.3247848543216042,0.8073686247843836
1,0.3542818392807323,0.004318838085510347,0.015,0.334963001195222,-4.299925346220339,-2.772362984909192,0.05786651220205191,0.055536330818193314,0.22859051395082272,0.08538734414562847,0.030345680258475352,0.6596238759751796,0.9242464835900213,0.17316745241630663,0.9038627958073312,0.9149786031107394,0.5596074411371358,0.01906547133620343,0.2937104707683591,0.6548022637015605
233,0.35473229557171093,0.007774238445996895,0.015,0.331958057125714,-4.37339859924194,-2.920687216029143,0.07826124410278873,0.07559835222379183,0.23832918320772847,0.11646298776195749,0.04005950044361997,0.6348218193970198,0.7404042528774324,0.1867436010075062,0.9454587681009675,0.7902808497245787,0.4403330200511527,0.027343598563957846,0.300546231687433,1.0702374303314397
308,0.35481686154663433,0.010706419848498974,0.015,0.32911044169813536,-4.325384979467983,-2.5875403959078405,0.09132212861733688,0.08861156650227178,0.2490656303675785,0.13330987384259615,0.04933438339207761,0.6311989661546821,0.8628836423273741,0.14840056407991994,0.9438836733990915,0.8889415009713388,0.4114556816545175,0.01,0.23145381939454798,1.3200858343097226
146,0.3549122605660898,0.007674085906788144,0.015,0.33223817465930167,-6.556645288260442,-4.411018515979303,0.08470624157383981,0.0819956794587747,0.24414501265441785,0.10782846800131868,0.06158401514636096,0.5580368222134509,0.8566389617810513,0.17183895638131935,0.8853104985998407,0.5469677319815769,0.3729566251846953,0.09438446962769707,0.07658506129639514,0.874891571610333
766,0.355236143504364,0.012873091667819763,0.015,0.32736305183654424,-5.3590481913943675,-3.575284624711382,0.10246970686556277,0.09975914475049766,0.2570817703432089,0.1424564473961838,0.06248296633494174,0.6231652242758593,1.094340643519793,0.1342350280021221,0.8830838826929792,0.8490797570448029,0.42532178005387883,0.05528750623238547,0.1687364539583161,1.3913513881308763
998,0.355644962648797,0.0039410201069392916,0.015,0.33670394254185776,-5.375110430876915,-4.349656003021252,0.05436301441739831,0.05187508647518125,0.2293057127291717,0.0787811060877828,0.029944922747013825,0.6581567506901969,1.1467546716890562,0.03,0.8784690390909867,0.7574445117399938,0.6469229706778487,0.09673888877383208,0.33410809889157095,0.5138019824514779
810,0.35584443694441314,0.01861259166929023,0.015,0.32223184527512294,-5.644044116795728,-3.4051977019789534,0.12452056273025847,0.12181000061519334,0.2771929466072825,0.16126793350689028,0.08777319195362662,0.5967639090520533,0.5803627490685539,0.3690482872808748,0.9432218396131424,0.8568811370010857,0.7068526536518894,0.04697726298496648,0.06224901605160973,1.6693308588512619
333,0.3578781532350113,0.008036770242571952,0.015,0.3348413829924394,-4.3714943585999055,-2.6255467980686955,0.08051883118246561,0.07787161446740735,0.2404465203245448,0.1173260981719827,0.04371156419294853,0.6796668435502881,1.2864143377517838,0.12501994226990518,0.99,0.7800465222576158,0.5330591742957007,0.01,0.23741865782778399,1.0757924814841289
252,0.3586259840997168,0.0034839260077391054,0.015,0.3401420580919777,-6.336985535732888,-6.479253131367862,0.04487624741295522,0.043018487142450795,0.23261769108363364,0.0655301726607383,0.02422232216517213,0.6673248872584802,0.9414319185034791,0.15011815683082344,0.8034685435324777,0.5931826508559582,0.6084426980346584,0.22554881932026266,0.49770433196895275,0.28898389571900107
623,0.35933769174065133,0.005558792225918528,0.015,0.3387788995147328,-4.58288785666639,-3.0564242616179387,0.06712299007569612,0.06458574701096091,0.2315713926264292,0.09834132179390603,0.035904658357486206,0.6602237444351137,0.9617385485395407,0.15150601955370258,0.9286865630650102,0.9532157450954506,0.36550760237438196,0.03012705434626081,0.2791640677362606,0.796847234405953
664,0.36006550639405355,0.01045597897745773,0.015,0.33460952741659583,-5.914064218722758,-4.0545359912116385,0.09527877973209532,0.09256821761703021,0.2506040871291936,0.12905837767585904,0.061499181788331594,0.5795763356593698,0.9150529474408695,0.08068355332598857,0.9613608673375376,0.98,0.21016985215955647,0.07503357732298335,0.1435034394286986,1.1536368119983016
813,0.3601639562384831,0.00783024596053183,0.015,0.3373337102779512,-6.215158236850546,-4.775891264387182,0.08256227627465636,0.07985171415959125,0.23950594753741944,0.11419803240114317,0.05092652014816954,0.6011682437770614,0.8387173516522678,0.10799614354641876,0.99,0.7381689313413184,0.6340313116500556,0.1139251291651657,0.20955158422366826,0.9304433125270506
1103,0.36055878782918965,0.008229972369838726,0.015,0.33732881545935095,-5.275424028748291,-3.7140650993098916,0.08310074830741036,0.08039018619234527,0.24098636971391246,0.11819718593346712,0.04800431068135359,0.6010540797397756,0.5540127101247927,0.20963656563198885,0.8388259609442908,0.7235994602753226,0.5016821911376337,0.06019312134216953,0.22514138747890305,1.0277071779707039
902,0.3612798714063131,0.006414228770540577,0.015,0.33986564263577257,-5.190266192792472,-3.9284034433120985,0.07271172499771981,0.0700011628826547,0.2334001820357167,0.10587858980046423,0.039544860194975405,0.6483451476763822,1.0121519861379693,0.06362873613092976,0.8884890726541741,0.7933040524243232,0.6320886578567051,0.07211364684890889,0.2998041457448702,0.8551248839554
927,0.3617474990892175,0.006147354445706082,0.015,0.3406001446435114,-5.774279289730812,-4.230700221629972,0.07282648083068806,0.07011591871562296,0.23451134667777007,0.10147023964678237,0.044182722014593764,0.6133851601949902,0.8601634161821158,0.10185086380623794,0.9004894843155025,0.6679834451381135,0.515603746259614,0.08337021504694231,0.2125860521331058,0.7814198489881561
690,0.36497200408426267,0.025824041135538132,0.015,0.32414796294872456,-4.344830306734643,-3.1949787149747166,0.12994958211446817,0.12734008445248135,0.28162180389574987,0.19846168746914306,0.061437476759793316,0.6800651093589913,0.9981322038897623,0.30612131099511436,0.7478283576244436,0.5906482859189399,0.3864055718358762,0.046220741279053935,0.3683522385332193,2.1952741933206967
168,0.36511966369345816,0.024266474549606582,0.015,0.3258531891438516,-6.218995633348733,-4.500497618512445,0.13671520684891003,0.13400464473384494,0.28634625869071445,0.186201588796275,0.08722882490154503,0.6465323482438339,1.5949470404877633,0.1190786363492797,0.740716118952831,0.41992179196410484,0.49736185851428605,0.10409440537970638,0.15082647355058362,1.9042737021538756
254,0.3654464547237343,0.003543929061330479,0.015,0.34690252566240387,-6.313277344834718,-4.958116642373199,0.04704692965726538,0.04551686981323323,0.23593283465357187,0.06408883761084272,0.030005021703688045,0.6400381016645856,0.8609750561810019,0.1804158279983354,0.9074217181133069,0.4874944536361357,0.33704373375424507,0.11790280970801893,0.23055555894770857,0.2857084396735615
771,0.36580076330264893,0.0035043421175165244,0.015,0.34729642118513243,-4.858916629290191,-3.9623776413962544,0.0481968999104693,0.04618766140103609,0.22920885103352623,0.07216319109166738,0.024230608729271214,0.6453482349231665,0.7100031215792478,0.13293324769772666,0.99,0.8643033793739768,0.4244047381730176,0.0746617626914185,0.415800705130146,0.41333100742565376
579,0.36656831016076585,0.009196710565929363,0.015,0.3423715995948365,-4.908529840197165,-3.5707410743833354,0.0857190934971434,0.08300853138207831,0.24197549721967104,0.12644237033116582,0.044995816663121,0.6411287003558324,0.7583873335944193,0.1642161797069631,0.899908037738552,0.8112384189336985,0.36678686597591015,0.053833503005696545,0.3035531974026983,1.1179362103376063
503,0.366597772383896,0.013835120434525547,0.015,0.3377626519493705,-4.840425980584732,-3.292257899238659,0.10309525614249315,0.10038469402742806,0.2559981443850521,0.1505028269453137,0.055687685339672624,0.6721641320210061,1.1084007013633337,0.17160005491040112,0.8410291995538693,0.7064575796745488,0.5772044636660996,0.040554387294434,0.25658203368219246,1.4580059902379552
1188,0.36673049117945705,0.03203829201671095,0.015,0.3196921991627461,-7.626554627572496,-5.509894432717218,0.16073200063695395,0.15802143852188882,0.3088981087650721,0.20046423399273072,0.12099976728117716,0.48902579950180297,0.7311111726832643,0.17910526959787001,0.7860361973855792,0.4668253154727103,0.15628302166861555,0.17260554204165837,0.05088422262576165,2.0427295236609395
971,0.36713601955957664,0.00638089482096238,0.015,0.34575512473861425,-5.518856828987534,-4.00838339327963,0.07373140075716031,0.0710208386420952,0.23431349670472254,0.10443166178932109,0.04303113972499953,0.6298613608974749,0.7023489816211828,0.19673198547006543,0.8647746882825816,0.7513772726936274,0.4724577106980595,0.07062181244195558,0.23531052073520106,0.8079698951500596
140,0.36748356018040174,0.006071564366929335,0.015,0.3464119958134724,-5.450557381746407,-3.829514944074151,0.07203990714522347,0.06935527073545225,0.23379247061703223,0.10141888769765414,0.0426609265927928,0.5808650090685681,0.6562510498948312,0.0434542304405387,0.9565870052968022,0.9547128510282034,0.398393848864672,0.060870946730693765,0.21821465164811635,0.7737454971507558
456,0.36853128221902665,0.004001836633277796,0.015,0.34952944558574883,-6.954576569162076,-6.805421205123596,0.05155657012183598,0.04910855976215182,0.23185353183778443,0.07355293878198224,0.029560201461689726,0.7596929598631144,1.7279887169727604,0.2985275868461214,0.6496805874726524,0.7756081230191725,0.5116682503826596,0.23051151831576216,0.41114384570760937,0.3499232502573405
964,0.36873580950554047,0.01031937355043385,0.015,0.3434164359551066,-4.847772973136125,-3.2837513657036284,0.09088852815131182,0.08817796603624672,0.24630106911042077,0.13255143385890328,0.04922562244372039,0.6690172756297,0.9244782727836037,0.2261069409850594,0.8658474997980171,0.6128063282026068,0.563663244965108,0.03807750581412264,0.2592205696057512,1.2002239920631643
670,0.36884247796029257,0.004243671498731426,0.015,0.34959880646156116,-5.73676163682,-4.0600427160381525,0.057897595456551015,0.055477966291254704,0.23204787632686044,0.07966429469285785,0.036130896220244194,0.6159221674973419,0.7574047653947926,0.1270394655953066,0.9505465521253424,0.8618867840959962,0.11930762690098473,0.06962871935942444,0.19902658741088486,0.4881776530784684
103,0.3690264661116081,0.007625765305592552,0.015,0.34640070080601554,-5.2909108519339725,-3.6830374688120844,0.0803543146742581,0.07764375255919301,0.23807198906512053,0.11440000016342715,0.04630862918508906,0.6505592349892482,0.8350004188170591,0.20567029352075628,0.7899732919635176,0.7675735320398969,0.3894568298187632,0.054292131000586115,0.22883667054209178,0.9401831768980964
402,0.3700234019642553,0.003651120608515054,0.015,0.3513722813557403,-7.068452356393073,-5.76362854439009,0.04425050268525922,0.044712771934797654,0.23856451880473895,0.05872043506561525,0.0297805703049032,0.6341418880608044,1.0279773387445665,0.0982544861462692,0.6368765867587245,0.536648849976328,0.9094430214177707,0.15763254159722115,0.21544870506533517,0.19338596985811582
515,0.37008636369215075,0.0028685805730591396,0.015,0.35221778311909163,-4.333872382037177,-3.0752380961461334,0.03227638553682036,0.03935154169188809,0.2377366105056926,0.047077574713045814,0.017475196360594903,0.6359347600102341,0.5898115010844818,0.13541642597727568,0.99,0.7568863355450627,0.4150829837200495,0.030170590975983427,0.3827305712318472,0.1
1022,0.37024256328058186,0.01305666482490803,0.015,0.3421858984556738,-4.5679363433719065,-2.858108461341793,0.10042132832843012,0.09771076621336502,0.25407934348743383,0.14681736872223955,0.0540252879346207,0.6694429812891984,0.9827823961038891,0.1984518990294702,0.8828565046009899,0.969418231514205,0.5598020755601264,0.018418192118939573,0.24244986165381122,1.4077944301983945
505,0.37025687234138066,0.005596407612122937,0.015,0.3496604647292577,-4.8839049317678365,-3.392618968525502,0.06767560647936716,0.06510725197518823,0.2308312103636525,0.09868265903405933,0.03666855392467497,0.6428597881051213,0.781181602776557,0.12234753851370589,0.9043832340961243,0.9060038681826742,0.34861630359456,0.041497509119624604,0.2812877231420407,0.7465024224731742
353,0.3704985608596462,0.0049968793945647915,0.015,0.3505016814650814,-4.587977400659893,-3.0593286378982216,0.06313479551852016,0.060684790293154406,0.22879567684528795,0.09292578740560872,0.03334380363143162,0.6097987027855454,0.5219535277681939,0.12713798490907016,0.9319800214080644,0.856589245215982,0.586268355351507,0.026785028961056136,0.2917570572682733,0.6846185929201918
221,0.37085785051034753,0.008519967512217055,0.015,0.34733788299813045,-5.338359995668121,-3.733633517350073,0.08472727988379149,0.08201671776872638,0.24110303721885795,0.12069569851746029,0.04875886125012267,0.6194206128382507,0.8963135077291153,0.03,0.9127104797563745,0.9606584484160906,0.5623052368695817,0.05614250282743254,0.22959565331925444,1.0111769921758795
1010,0.3712987778138127,0.011973743531490971,0.015,0.34432503428232175,-4.766989933016411,-3.409774564332443,0.09596551607496333,0.0932618413368422,0.24939399010560548,0.14277339141531337,0.04915764073461329,0.6524293844026248,0.8192251969537329,0.1550872007860246,0.8729046600352901,0.98,0.4062304667969135,0.04570048155566573,0.31236889061306405,1.3211397617571383
725,0.37158397209665694,0.013773139792078991,0.015,0.342810832304578,-4.660558872948244,-3.7384811851983923,0.10008144014945873,0.09745207747925005,0.25162346818154196,0.15336848501157488,0.04679439528734258,0.6396875480699531,0.6889992122622921,0.13654954129866637,0.7845968028846606,0.7958438715026463,0.6106674416294032,0.06624425787878599,0.42212252961511965,1.4503994136323843
377,0.3718787987640843,0.008773643579639716,0.015,0.34810515518444457,-4.532705524472182,-2.8185317179000298,0.08423759732213709,0.08153009865669075,0.24157731191134624,0.12323594659952472,0.045239248044749464,0.6081303430144649,0.5511088305314841,0.12954046644190792,0.8644174950888517,0.8637716169191055,0.4643993328005103,0.015259541907937636,0.2490780224505009,1.0813095410739588
304,0.37213150734364986,0.007660019001177136,0.015,0.3494714883424727,-5.126753122234178,-3.350456667802433,0.08076737129755035,0.07805680918248525,0.23866845504874368,0.1143894917165667,0.047145250878534,0.6404021493746828,0.7448036163220367,0.2015910982733124,0.7985252274291741,0.8183239614395655,0.42536424099843695,0.036654426158968224,0.20583494894487153,0.9389617423478401
647,0.3724765391120386,0.011714211867549309,0.015,0.3457623272444893,-5.18017938990723,-3.27173797621382,0.09871661118268532,0.09600604906762022,0.25267746515796163,0.1381596984675191,0.059273523897851524,0.6480505120452134,0.7999677515046684,0.2561325739945799,0.9120133074117103,0.7208878331153165,0.552322009590621,0.033079686115447496,0.17207267344768104,1.2523729696739585
56,0.3725012241640127,0.02067209555238728,0.015,0.33682912861162545,-4.367584349262066,-2.62644135858756,0.1216021447079566,0.11889158259289151,0.27305955934181825,0.17870757989182007,0.06449670952409313,0.5657580104022701,0.3187594882920627,0.205694353754672,0.9523683214453437,0.7266130162049514,0.3084308093547856,0.01,0.23076547661931487,1.8713494044090648
1059,0.3726802864718681,0.01858461530444282,0.015,0.3390956711674253,-5.435056858376,-4.0159918203593925,0.1185292170598276,0.11581865494476251,0.26818911537772633,0.17091669689118963,0.06614173722846556,0.6335870553309372,0.8858993994799476,0.1292074260119702,0.793067310705043,0.8111689108072166,0.2851438053649032,0.0749610323476038,0.2511053779483755,1.6663903179424548
786,0.37303693761727585,0.008023190642794041,0.015,0.35001374697448184,-5.872296935316563,-3.4171478326458637,0.08736346552157644,0.08467958721089411,0.24581264813027448,0.11004204625496662,0.06468488478818625,0.507607300068067,0.5635492082751986,0.10331211946983786,0.8042750544524019,0.3922258917287633,0.6603929822064478,0.03521878214770469,0.05236923454271786,0.8662965818700906
577,0.3731713432941118,0.019365483363222552,0.015,0.33880585993088924,-4.953042534684322,-3.2058683049053003,0.12068080020933528,0.11797023809427018,0.27134463393840064,0.17291072645605493,0.06845087396261562,0.5741246990004015,0.4196372188709715,0.1864059377410088,0.99,0.8740924443462939,0.48826457632581877,0.034449462476459004,0.20226845552989764,1.7415157237623067
847,0.37344744150555087,0.007087360230538823,0.015,0.35136008127501206,-5.448345276258285,-3.6617801143935567,0.07840373844302939,0.0756931763279643,0.23707005994744473,0.10953449477333976,0.047272982112719034,0.6510488969858556,0.9922571929581956,0.13657232783972692,0.87542297658593,0.795427453798319,0.33411045169225784,0.049504842334067704,0.19355758500784542,0.8576402340469652
723,0.3736114538977098,0.007058099807141865,0.015,0.3515533540905679,-5.15917978077015,-3.4706933875361194,0.07741457392271228,0.07470807909043042,0.23614593389622276,0.11029358512190657,0.044535562723517996,0.5865335537560074,0.47749742718420085,0.12735170549154112,0.7768259522247745,0.7444791771881797,0.4684293382766357,0.04224464407452352,0.22260773839168466,0.8770550268226959
290,0.3736816018767712,0.009820600792408155,0.015,0.348861001084363,-5.925675217863884,-4.631310468696871,0.0907329798173515,0.0880224177022864,0.24407369656363512,0.12938448198190453,0.052081477652798476,0.6621270830959741,1.0156603404192763,0.14592245706523957,0.7880438855125078,0.9059055727563495,0.4306676924450278,0.10080741149156164,0.2622060048430114,1.0736944069673908
288,0.37484948058223744,0.0066956969691366825,0.015,0.35315378361310074,-5.86101805351737,-5.433423210825192,0.07363773744904815,0.07092717533398306,0.23046859668943986,0.10967104586116626,0.03760442903693006,0.6554208944744556,0.5557714908723166,0.334486274561446,0.677369355679796,0.7873034745745728,0.7459872597717297,0.1479685700866562,0.43694613247922115,0.79852084588156
909,0.3751289079924495,0.0059088100139033555,0.015,0.35422009797854614,-5.4260031391868795,-3.94318840728643,0.07047872759798292,0.06781145644009984,0.2318343202659976,0.10080374990456617,0.04015370529139967,0.6238128345831586,0.668955163436717,0.1278364563633721,0.885740628104286,0.8452764362923061,0.5808834059482082,0.06412125477456135,0.25605753886239435,0.7351371712557551
811,0.3758970906151305,0.004684915471865956,0.015,0.35621217514326453,-4.330488819856525,-2.710262917743435,0.06038635666459697,0.05805432628744783,0.22780524878092323,0.08958659430094722,0.031186119028246723,0.685455017766099,0.8570672339727589,0.2333683155489067,0.9275944889061639,0.8577683506652085,0.5856997597205902,0.01,0.3000221691179006,0.6339665530581302
1196,0.37625347656783154,0.00897664853069933,0.015,0.35227682803713223,-4.73246549380923,-2.9896304108966474,0.08579643511388435,0.08308587299881925,0.24218583103483166,0.12447342227698413,0.047119447950784585,0.653433843178798,0.7951310893206576,0.17392870354303186,0.9675757757723984,0.8424429291249388,0.37693055886172916,0.0207925761353359,0.2382414490602144,1.068207006929149
949,0.3767509194382184,0.006885945044051373,0.015,0.35486497439416703,-4.543289191079323,-2.7540215540019743,0.07542382681296003,0.07288161648646883,0.234939969079073,0.10976055839507941,0.04108709523084064,0.6370391354848048,0.712699008803094,0.11379442949081942,0.8140376602738985,0.796193015336927,0.459400133630592,0.01,0.24272431493388177,0.8844569197421162
570,0.3770360026631168,0.022698405971778808,0.015,0.339337596691338,-5.9995861025824615,-4.640710467025645,0.1308452920114252,0.1281347298963601,0.2790092647505019,0.18545894183320272,0.07623164218964772,0.47569913182280316,0.2075633421750671,0.10140054345410222,0.6919979791309959,0.8441689416540299,0.8781225979481327,0.10742665539711273,0.2263122941904498,1.8099550810236802
572,0.37708304477335963,0.009301005395791736,0.015,0.3527820393775679,-5.831687044852578,-4.626464641773731,0.0881005350027882,0.0853899728877231,0.24160454012750154,0.12693033327624348,0.04927073672933288,0.6126331364781457,0.6163422460264725,0.12539921519677377,0.870138214778834,0.951137030643297,0.5611794772050326,0.09943429704399132,0.28644300972066566,1.029299621113028
344,0.37753686091098804,0.011727215071933349,0.015,0.3508096458390547,-4.883896029520135,-3.2039177177389697,0.09688627876976592,0.09417571665470081,0.2503092724971254,0.14049206024989455,0.05328049728963729,0.5876582733843645,0.37900435278049416,0.18816564155775753,0.8727146343985651,0.6869020965563201,0.5292561964684498,0.031193152468483167,0.23577997228015465,1.2661573692429653
838,0.3776168319228708,0.007567289206236741,0.015,0.3550495427166341,-4.844699425898179,-3.488431556971908,0.0782592553102672,0.07554869319520209,0.2352912849300989,0.11621277665577506,0.040305733964759324,0.6662197866497058,0.9473649405029388,0.06264504581327761,0.9176072875546323,0.8161462977962275,0.6224580223776379,0.04520725261747048,0.3228547034032982,0.9380007502861247
760,0.37762588552471504,0.008157587047633027,0.015,0.354468298477082,-4.397471914673117,-2.7441970641792763,0.08083869109008726,0.07820296376488242,0.2382887734756537,0.1200342674218995,0.04164311475827504,0.6673837487205693,0.8983732261070234,0.10834360617375753,0.9204491399949756,0.7528767137598654,0.506371936775091,0.01131102673909639,0.28534809861019345,1.015907620585451
194,0.3777122380530149,0.016294925416484037,0.015,0.34641731263653086,-5.216674502623538,-3.661656755776193,0.1121113044383627,0.10940074232329759,0.26202830992719695,0.16199560116501252,0.062227007711712884,0.611036754309699,0.5682897607489876,0.18076163499627,0.8199524435932597,0.7806653378229936,0.3954813740817174,0.05400861545833201,0.2414509771730562,1.5318617193908808
1007,0.3786433567900236,0.015415397636114686,0.015,0.3482279591539089,-5.950589170228569,-5.217970361301568,0.10878637178071252,0.1060758096656474,0.25668126740428376,0.16027406190993537,0.05729868165148967,0.6416189729203416,0.8339151089577191,0.08987453526364123,0.9231340159028486,0.8702284890077139,0.5063582776101879,0.13666372597309254,0.3667972707351499,1.4238083198184748
681,0.37872048136421455,0.009987405977990197,0.015,0.35373307538622434,-6.045703707998747,-4.902122977477408,0.09128855863826596,0.08857799652320086,0.24348083879388777,0.13113589039110163,0.051441226885430305,0.660467987542047,0.9546093156788649,0.12755327489051727,0.8810110815900246,0.7277318283444704,0.4286081862189021,0.11272329846306439,0.2894780095547543,1.0628602651004337
874,0.37872608228548654,0.014766615741807475,0.015,0.34895946654367904,-4.781252366688523,-2.7823635722361155,0.10833136606753299,0.10562080395246788,0.26011197608371367,0.15363879594510643,0.06302393618995954,0.6943567379903606,1.2276896436653666,0.24778196148710963,0.916501211779297,0.856365320396171,0.6519381080421414,0.01,0.1777386656607991,1.4523108089887484
435,0.37888927847798076,0.011575107198392939,0.015,0.3523141712795878,-5.121584757903046,-3.8252650746965156,0.09553416077546595,0.09282359866040085,0.24780563039163334,0.14111138048642158,0.04995694106451032,0.6428514167609647,0.8600109436513204,0.041283331473262797,0.8199648134941817,0.98,0.4188467536443476,0.06155765632993409,0.3125865497752008,1.2385094067212608
199,0.37894260074394076,0.011509568159415267,0.015,0.3524330325845255,-4.705420035579535,-2.7802645301837257,0.0966515015069278,0.09394093939186271,0.2507566474569005,0.13849352906369564,0.05480947395015999,0.6188887897256858,0.7537200538197781,0.06776057694604234,0.9855477829131916,0.8825378626490237,0.5121684774071864,0.01,0.20041096413919351,1.247594007375954
524,0.379239990938738,0.00814663761868029,0.015,0.3560933533200577,-5.169620429046379,-3.889309279884242,0.08160928703586878,0.07889872492080367,0.23716533085256372,0.12024423168125088,0.04297434239048667,0.681083615698567,0.9823256177880402,0.14626575425631388,0.915521084284562,0.724201718429446,0.4845688769880531,0.06299603973073185,0.31768417270684124,0.9661989424533884
803,0.3793144898596377,0.011226980536444713,0.015,0.353087509323193,-5.406474439879659,-4.224795025865504,0.09470038209249933,0.09198981997743422,0.2466297612059645,0.13922965541782747,0.05017110876717118,0.6723394021639496,1.0201289661740938,0.0983326600471224,0.8889936529194213,0.6967730419065135,0.6062012789718922,0.08048250479087835,0.31925393405118446,1.1935107381498198
1183,0.37985422067064395,0.008584031506357743,0.015,0.3562701891642862,-5.848531349492064,-4.680157216848385,0.0848286169884557,0.08211805487339058,0.238735189809719,0.12253144884416853,0.04712578513274286,0.6365998171133145,0.7565128317015746,0.10982713728014655,0.8942298499297814,0.888169702972212,0.6240735488140335,0.10034397141381154,0.29763239394207713,0.960393955327914
1128,0.3798545079669947,0.012491601362547336,0.015,0.35236290660444736,-6.0578363649874145,-5.409860630071945,0.09944249413360046,0.09673193201853536,0.2486357905134256,0.14654927235217735,0.05233571591502356,0.6995921050215962,1.1599042231567211,0.16296981862898655,0.9231043102474971,0.47952922816972665,0.5184051782518155,0.1444418797041941,0.38155970297664465,1.2319248088996888
74,0.3799466893646928,0.007975801231062049,0.015,0.35697088813363076,-4.693427127130157,-2.942097515051122,0.08116784394502316,0.0785122155085295,0.23837458393653627,0.11805966001533519,0.04427602787471113,0.6583036020511555,0.7452360092324197,0.19729479544415385,0.8810581852992339,0.6274198097846841,0.49776073962412565,0.01751276858746955,0.24464514189885878,0.9706284029133565
121,0.3805323765784878,0.004381144374855107,0.015,0.3611512322036327,-5.426430519745017,-3.810793025518153,0.058423116766275374,0.056027603287770934,0.22996916457833905,0.08255219649048715,0.0342940370420636,0.6816067304816507,1.0660015399445872,0.14352826266229146,0.8911520126653371,0.8441246340760675,0.5078943516691948,0.05397424612203987,0.2400916784316265,0.4966805224724138
68,0.38105756428734133,0.004012992743685107,0.015,0.3620445715436562,-4.49961929555456,-2.8309026612130497,0.05427323642696981,0.0522026045561329,0.22857319436755622,0.07952844224080019,0.02901803061313942,0.6774792391440655,0.8379885607551555,0.1723424197697,0.9262138127902679,0.6280690736267496,0.568599391090852,0.012764910139721641,0.28450071836625684,0.4874556032563383
804,0.38119970212863863,0.006214206014900911,0.015,0.3599854961137377,-6.187232631929979,-3.6614169094921087,0.07624037162464681,0.07372496724012056,0.239079093540907,0.0952935701696502,0.05718717307964341,0.6084139263115096,1.8064946074203747,0.05320069733917507,0.6464339020790967,0.8369630305276574,0.5669980676391179,0.040848821910628476,0.055851662918034735,0.6381624358701458
650,0.38190168824761106,0.007581328175913309,0.015,0.35932036007169776,-6.800598782503068,-5.55308367559316,0.08156070680536379,0.07885014469029869,0.23631071559691286,0.1133146225738793,0.049806791036848284,0.6203328553589516,0.7372904495262044,0.11866304342669491,0.7894132235090376,0.8517815004266492,0.6230811193109539,0.14102083310752223,0.24127403893754104,0.8060637172423356
37,0.3821979467596892,0.009790755351561108,0.015,0.3574071914081281,-4.669018285710829,-2.795793094948225,0.0896105900032168,0.08690002788815171,0.24482762801508945,0.1294891294077164,0.04973205059871723,0.6872419130047823,1.085363250485564,0.16538312650482212,0.8591125699281433,0.6966008286230794,0.5041797168417232,0.01,0.22195798752630255,1.1123234097584478
224,0.38357064567084503,0.010773445337547887,0.015,0.35779720033329715,-4.165627090754967,-2.677892640874831,0.09022249228967642,0.08757556869691843,0.2444463799745239,0.13770797223403455,0.042737012345318286,0.675065088832564,0.8106725049797773,0.14397792004887278,0.8178196944647959,0.9145131819655014,0.48799019164276874,0.010006480572234064,0.35029277055708397,1.2252432057746154
921,0.3837776382195793,0.004087001096584405,0.015,0.3646906371229949,-5.306224148737341,-3.8693632515502725,0.05464818950868287,0.052433302637559236,0.22979298137236853,0.07863948183824057,0.030656897179125175,0.6865195108547517,1.0344758440882926,0.11877567503568823,0.9090888961477622,0.8585200985784318,0.4055522580200209,0.05697354078086566,0.28720272095486715,0.44053162443257643
1014,0.3839869279080787,0.023676106675356433,0.015,0.3453108212327223,-8.067305385187478,-6.90680391470177,0.13793191058067897,0.13522134846561387,0.2824496313076462,0.18617422469460965,0.08968959646674829,0.6026232607145686,0.6162800957404754,0.2408944285176857,0.605215131917011,0.6164704088708933,0.8172342441308941,0.2327338230365364,0.1975751640315623,1.6418478115961064
1175,0.3840145414855227,0.009021281941344293,0.015,0.35999325954417843,-6.384748006976828,-4.823390649597466,0.08900673178414614,0.08629616966908103,0.24195814671147378,0.12330992165454477,0.054703541913747496,0.6474303175864148,0.9858263540805885,0.10740169423632412,0.99,0.5833358159130788,0.5171864395285064,0.10145813504364753,0.20683566887044316,0.9426876631742672
1037,0.3841101447284443,0.005613202265031078,0.015,0.36349694246341324,-5.618504553948018,-4.168139485631643,0.06847280383437808,0.0658448935709121,0.230079169151481,0.09779748992573517,0.03914811774302099,0.595085511647196,0.414352548248225,0.14939876335233912,0.8998093881743413,0.9069958850866868,0.3827012938485065,0.0706880422573283,0.26040959855139223,0.6605037298932657
127,0.38431625428018856,0.018123904424781852,0.015,0.3511923498554067,-5.052916618616019,-3.5359673782896537,0.11657719954042293,0.11386663742535783,0.26553154244968885,0.17075400500495141,0.06240039407589447,0.6734171542154269,1.0523354363113382,0.12084595346550987,0.9753739885851178,0.8062938726731376,0.504746549143751,0.04680332788234997,0.26852860802854733,1.6187662010979493
682,0.38556304503095074,0.011275244449589931,0.015,0.3592878005813608,-5.526160620296571,-3.8402555422001536,0.09704451314194783,0.09433395102688272,0.24893466845934376,0.13783334599351915,0.056255680290376496,0.7083646341707018,1.323724545916697,0.20242808213097657,0.8578178662842707,0.7720912644201283,0.4726838207202089,0.05525139121817358,0.21988207317509761,1.1579739484102107
652,0.3855737606889646,0.016673920743229334,0.015,0.35389983994573526,-5.272568001169919,-4.130007653949374,0.11181456860765861,0.1091040064925935,0.2600739592685048,0.16622504910804234,0.05740408810727487,0.6122977927429332,0.5514998321372988,0.11448269097977724,0.8993394854527914,0.8489327165832963,0.683482073144493,0.07637759393969683,0.33465602014375756,1.5205974795795298
445,0.3859400909871134,0.004976406239905004,0.015,0.3659636847472084,-4.596823652133041,-2.9599031055987277,0.06278812118746648,0.060401996321228224,0.22797850489084828,0.09244337581317111,0.033132866561761856,0.6171603033492427,0.4944909664524886,0.09547858242345633,0.8342476518978781,0.8448722446021418,0.6525700532958438,0.0173097524361506,0.2878241257330466,0.6277199897693043
1161,0.3859643873989605,0.009786359107842812,0.015,0.36117802829111767,-5.573219262579706,-3.962785732993743,0.09094869313786438,0.08823813102279929,0.2440506531984408,0.129550453453851,0.052346932821877766,0.6109307705169509,0.5962495487885501,0.10920801862319596,0.9766165015200016,0.8145384376337292,0.6312522709481445,0.06086028987714985,0.23130562495165413,1.0481380507887443
210,0.3872745792344552,0.003405162230345026,0.015,0.36886941700411013,-5.614416787328455,-4.651891115142361,0.03857894148401557,0.04188911712251428,0.23613564527830294,0.05535772237049676,0.021800160597534375,0.6717349820139774,0.7104622506422954,0.2065761766910447,0.7402698545299783,0.4526028070187867,0.13906876193911907,0.0945309984556298,0.36724829994648145,0.14425072690046514
128,0.38756391988200367,0.013498446160324617,0.015,0.3590654737216791,-4.626890786897512,-3.2891598780610654,0.10073714825913063,0.09804521761126014,0.2514753502545505,0.15228459456007554,0.049189701958185734,0.5386321150430244,0.2,0.09985401887638569,0.9008498810933478,0.8703906513259293,0.5603186177485031,0.036167147136299475,0.33858068150034826,1.370870345134983
222,0.38769492650352,0.03216691697945783,0.015,0.34052800952406215,-4.235183030760842,-3.059438289983228,0.14261267245912645,0.14000940110797774,0.29173079007985436,0.22065675173534588,0.06456859318290702,0.6917426487816933,1.2089765071517267,0.03807761490895029,0.8009020169700137,0.5344852563912097,0.4580881085307664,0.03406897563886006,0.40009746019837683,2.361770201940454
1193,0.3878193723836713,0.019059226885652286,0.015,0.35376014549801904,-4.984346991138337,-3.6733943250834487,0.11796193667119656,0.11525137455613145,0.26618638563131786,0.17589600482246148,0.06002786851993165,0.6794831141324449,0.8831553119958915,0.21420821760416575,0.8983867271542059,0.9013642447157406,0.5677134596626812,0.05419172950100718,0.32003844232953477,1.6623777123970673
541,0.38815473385364807,0.007358574355418885,0.015,0.3657961594982292,-4.771873713804496,-3.117520531635488,0.07793883028809917,0.07530989252789508,0.23491161457344095,0.11430968509372236,0.04156797548247597,0.6032729908788103,0.40951520073875836,0.12760185460727116,0.9507883416140102,0.8920414765478027,0.580403076216625,0.023447952893554013,0.26996060510254183,0.8843166891865915
626,0.38853137965774986,0.01666978293131167,0.015,0.3568615967264382,-4.931478737737518,-3.137185276354027,0.11355030789164974,0.11083974577658465,0.2627692352670998,0.16403153091969475,0.06306908486360475,0.6259572921638613,0.6448760830528988,0.13562770185399176,0.9134232037550127,0.8478927094356143,0.6174696002294049,0.025082453419056787,0.22113444976924487,1.522308404707537
1088,0.38867619596796893,0.019179038422089848,0.015,0.35449715754587907,-4.199753371352056,-2.8852760127015427,0.11501395794421541,0.11239123419555218,0.26422118606998146,0.17758113415530097,0.052446781733129874,0.7084728935698862,1.0873663375668847,0.17013979681167152,0.9377163981127562,0.6746011079975643,0.7166694069370388,0.021089654805973586,0.38815709454277614,1.7279902204932056
81,0.38940135572461415,0.013651049674209707,0.015,0.3607503060504044,-5.98799114260186,-4.785846339191082,0.10497339699094506,0.10226283487587996,0.2532578042759345,0.15164565942097727,0.05830113456091285,0.6456618767640954,0.6754743710845502,0.1926050465828863,0.7665768360457426,0.6473428536298608,0.3823319786583534,0.10260243920193185,0.28776516848809813,1.2762342065660417
215,0.3895038008623871,0.0135657999830206,0.015,0.3609380008793665,-5.175251689919065,-3.28795790660485,0.10517723295653658,0.10246667084147146,0.2557286085217486,0.14940500782486468,0.060949458088208466,0.6397666924083747,0.961860965311758,0.03,0.966045979406278,0.7943795858976865,0.34796959536858973,0.029007857397103126,0.1980781871306534,1.3118410723090703
172,0.39004972007479194,0.008933337349827035,0.015,0.3661163827249649,-5.72695913279396,-4.391409420581271,0.08666096612293969,0.0839504040078746,0.23950423527674336,0.1252629496115632,0.04805898263431617,0.6508472103657958,0.8910518464362178,0.03635220296005899,0.845579515794702,0.9546696019659844,0.4667352725673916,0.08023721378478073,0.28461658848829463,0.9622150638399378
8,0.39010640561910426,0.011738184471656745,0.015,0.3633682211474475,-5.73607339866157,-4.227017899984706,0.09869512124640006,0.09598455913133495,0.24912473611623298,0.1412132401114054,0.056177002381394704,0.6541451864048671,0.8267759897337098,0.1379046283519164,0.9403933932129644,0.7564202300736735,0.5202138106122811,0.07252125418282412,0.2469217554259702,1.164439085520668
651,0.3901215930472068,0.009620964548616374,0.015,0.3655006284985904,-6.10771713885835,-4.5050424058785135,0.09136722323613372,0.08865666112106864,0.24344703182310215,0.12795893920889218,0.05477550726337528,0.6384727649887626,0.7532036861541868,0.14122865902098872,0.8525391644149752,0.7821571520356083,0.247720127471607,0.08334956292199688,0.21508979774928713,0.9875237134913275
573,0.3907245675027226,0.006848539027522581,0.015,0.3688760284752,-5.425828055154689,-4.0708244191738086,0.07561135306160538,0.07290079094654027,0.2324727821499954,0.11024489009984695,0.040977816023363825,0.6527306800471544,0.7030420309651245,0.13072449287498694,0.8200238377839973,0.7449681980834197,0.4587814686891638,0.06488526358600598,0.3000998243936804,0.7907253464925262
915,0.3909977969875946,0.005577192003542672,0.015,0.37042060498405194,-6.2405065117147505,-4.8046516249565565,0.06846470700774969,0.0658076016992688,0.2302043387077516,0.09595088957947112,0.04097852443602827,0.6447542987447179,0.7131036009612275,0.1504288123262384,0.8004101485725748,0.8507233115360678,0.3955228054837171,0.096068768564162,0.2439811210777756,0.5954959829620051
296,0.39118653813023696,0.006537447195916522,0.015,0.36964909093432047,-4.783155275182349,-3.079352348190938,0.07356539377404546,0.07102480166190064,0.23239739243875995,0.10753901332363548,0.03959177422445542,0.6876250084910199,0.7742573262885308,0.26279355812751237,0.8381428754371982,0.6064229210102229,0.6640402417391222,0.020234872205849356,0.2668379275433365,0.7890694442374294
1109,0.3920255063778977,0.008363969540251589,0.015,0.3686615368376461,-6.0026581097274425,-3.8142770456584714,0.08749528431669405,0.08478472220162894,0.24201476876590372,0.11669527805872786,0.05829529057466025,0.6099462128951288,0.8450836796253531,0.08510019336740407,0.8225306822030949,0.695731179917455,0.5361248783680074,0.046525323088585396,0.12111153761924018,0.8618838605010389
679,0.3921203110163042,0.011820778898261865,0.015,0.36529953211804234,-4.329433292693665,-2.749826251764705,0.09500606010644033,0.09231656344782266,0.24730548832467542,0.143652302962688,0.046359817250192635,0.6104375778462664,0.49283770456808307,0.03,0.9211843110926479,0.6876718042772544,0.3631924803524598,0.01,0.3219041659955792,1.256126914564317
628,0.39223950960442133,0.02087125793483068,0.015,0.35636825166959063,-7.025685122038191,-5.1513499933313955,0.1319965062331538,0.12928594411808872,0.2773763145404591,0.17585466831799318,0.08813834414831441,0.5908656717393133,0.576350501841397,0.1981992326507716,0.923535450394362,0.35231031234378674,0.585937958295315,0.11905391820663568,0.13054904322440092,1.5469795632323844
197,0.39289148954430586,0.005347642764856581,0.015,0.3725438467794493,-4.380223290248575,-2.7941436796659707,0.06481475419691521,0.06243571773307368,0.22762948382574508,0.09727735853210212,0.03235214986172828,0.6329634738769168,0.5017104884241919,0.09503042068081036,0.838156439862911,0.6927074981643618,0.4816037417386675,0.01,0.3263734268471633,0.6696087265296948
1018,0.3930156751681116,0.007613598290426213,0.015,0.3704020768776854,-5.6620144649239545,-3.9069720258095986,0.08136566364506874,0.07865510153000362,0.23662682532970877,0.11452024498195904,0.04821108230817843,0.6450385179262091,0.8043604708962797,0.09908524597372376,0.8980807138778701,0.8607061166545193,0.6214816204472025,0.05332972680754186,0.21209995632003326,0.835106009543326
478,0.39372457405068806,0.007357738415557424,0.015,0.3713668356351306,-6.650442170104496,-5.148672109484359,0.08063147702471983,0.07792091490965472,0.23542415671157133,0.1115589481492878,0.04970400590015186,0.6509271237801407,1.0591544552828207,0.03,0.9466747632163373,0.7526980163446513,0.4476815567399194,0.11092334562024125,0.2189916213048631,0.7551751045497723
929,0.3937620935574414,0.020702175962386903,0.015,0.3580599175950545,-3.9325744125012445,-2.621731984724043,0.11756531104856902,0.11497900261098395,0.2664283938215313,0.1842812468024814,0.05084937529465664,0.6833719876709519,0.8387025820167516,0.11785654060041856,0.9139253036783082,0.7209503690962571,0.6102095901915638,0.01,0.4232109570150707,1.8056615085953243
59,0.39404127703407305,0.011156542128778812,0.015,0.3678847349052942,-4.827739243604729,-3.000775116428914,0.09529743188850168,0.0925868697734366,0.24761680274649994,0.13841247369776039,0.052182390079242955,0.6934908037688948,1.0710366219490313,0.1372974628327026,0.9151063861643777,0.9596012382103303,0.4538742641258682,0.016119604546701506,0.2373157363127102,1.16284022223153
1157,0.39413237240236665,0.01150639081812817,0.015,0.3676259815842385,-4.340213536979988,-3.1224893942032295,0.0926737323347458,0.09004186460132357,0.2443132126713687,0.14338979827865603,0.04195766639083556,0.719840431132815,1.1061420021146082,0.1291093568633742,0.9234177492801733,0.723418576124211,0.32526098670556614,0.028026981265847697,0.4191679995538595,1.2278875413833041
130,0.3945256483798664,0.018006044205691664,0.015,0.3615196041741748,-4.052759075139066,-2.8425958941472045,0.11099320919518837,0.10840185174478588,0.2597745883607643,0.17412708866386165,0.04785932972651509,0.6130410559618356,0.3972970412745356,0.1098390340599313,0.8851054220686873,0.6462527839271492,0.37439235088036965,0.01900969957315148,0.4378289290199032,1.6486271011889726
1139,0.39458575926422235,0.010518595728487016,0.015,0.3690671635357353,-4.622444004569475,-2.835640946152245,0.09207060714012694,0.08936004502506184,0.24517385104136455,0.13534184733702695,0.04879936694322691,0.663827135847335,0.6371748738442521,0.22107031105493447,0.8917080874900231,0.78333966657541,0.343407936819807,0.01,0.2567860144095338,1.130611518666962
486,0.39484406951279305,0.04059112111989095,0.015,0.3392529483929021,-6.248290109961419,-4.7184805901769575,0.16952749843266474,0.16681693631759964,0.3160935954634493,0.23659568422701638,0.10245931263831305,0.5838503764429099,0.4532623011051859,0.24610343679753874,0.6175271473685907,0.8606617460304742,0.45777494455002316,0.10954101379887396,0.19049859489891666,2.4264493328766075
376,0.39491623699076056,0.004432471364467164,0.015,0.3754837656262934,-5.55955739128631,-3.9482100017689996,0.05790984945453684,0.05561092168383646,0.22994171367975313,0.08208552338144849,0.03373417552762519,0.6534132592099052,0.8238506845935814,0.05885725575105907,0.9017553825040601,0.7711173404535765,0.5386454903311672,0.054489101995448486,0.25066033859018627,0.44694196694407196
1137,0.39512711731779554,0.012551473393546122,0.015,0.3675756439242494,-5.832967647970193,-4.158226158589488,0.1026128802301606,0.0999023181150955,0.2520265266719564,0.14500194260786775,0.06022381785245346,0.630936073561347,0.6799457115650454,0.1294938148847917,0.8774316909946352,0.98,0.4473767389204375,0.06619154573724072,0.21539188937153603,1.1899892771197855
351,0.3956285933584972,0.02059771279291914,0.015,0.3600308805655781,-5.766408821789903,-4.345256106424391,0.12534528355700011,0.12263472144193502,0.2714763538206951,0.1807837405772481,0.06990682653675209,0.7143872300331077,1.4730994158532118,0.11737211744734127,0.914928811077727,0.7594266527780988,0.5474715089076889,0.0800821374039048,0.26040643554600384,1.6396191449623434
150,0.395631676485514,0.0376245665756467,0.015,0.3430071099098673,-5.384635977475459,-5.077106372303732,0.1547679943380743,0.15211129631986148,0.30070937545177856,0.23763727335463186,0.07189871532151677,0.7584182073642467,1.6813954474600636,0.26466674056768946,0.7673201873293909,0.593131923193798,0.13051405310625508,0.13830418030942607,0.49702977852194985,2.400898062332642
1123,0.3958572315554713,0.010904203542472797,0.015,0.3699530280129985,-6.4508911065749945,-5.516808446478384,0.09545053231825656,0.09273997020319147,0.24414919756579537,0.1379157076370218,0.052985356999491334,0.6160295345681736,0.47108461326131096,0.16824296758534824,0.8557675859355267,0.6992341537256795,0.519529418175597,0.13487717228094925,0.3199497360537102,1.0490389477141067
442,0.3959021572154091,0.008701419199789765,0.015,0.37220073801561937,-5.839712722944768,-4.245293738516195,0.08660627706017082,0.08389571494510573,0.239384675334639,0.12292529886194112,0.050287255258400526,0.6673108961590445,0.950726192208578,0.095093532801231,0.8515108029761842,0.9335716149244688,0.6708824361213582,0.06861165699780111,0.23686357061799862,0.9137904165581235
389,0.39630365341684376,0.010094650628868823,0.015,0.3712090027879749,-5.717019495090755,-4.3609120635226555,0.09174838271107782,0.08903782059601273,0.2427325814296418,0.13304549015119324,0.05045127527096242,0.6888376521281394,0.926783294711949,0.1840987257373053,0.9766373220327166,0.8891829277015315,0.6378752862269862,0.07638470806775124,0.2865881434557032,1.0322232399149731
1144,0.3965718118193649,0.012824167712777782,0.015,0.3687476441065871,-4.648736485161936,-3.5103537117412515,0.09803226066270077,0.09536770753716889,0.2477661635818983,0.15044608173527818,0.04561843959012333,0.6702287341645438,0.6089566744149443,0.2326073958803494,0.9590834584980348,0.8585976677928019,0.5485490591671616,0.04407151919196767,0.4062236979772037,1.288780347318486
388,0.39679860864062777,0.00912448591532398,0.015,0.3726741227253038,-4.8889273021480415,-3.549519640508791,0.08551265893353396,0.08280209681846885,0.23856148810993047,0.12830881169761718,0.042716506169450746,0.704985866621384,0.9793582149314314,0.1605490598568806,0.8234179394353028,0.8622956998912118,0.22746867399972504,0.0419784016727404,0.34678568375527,1.0066219176056752
738,0.3968621702660321,0.01313429040302054,0.015,0.36872787986301153,-4.556126506809298,-3.1098189227466904,0.09980066655820546,0.09710246582222366,0.24990892078431654,0.1510865282261594,0.04851480489025156,0.7013669728372142,0.8033504646139321,0.2974754427270263,0.7484585418036399,0.5612181828371653,0.624427261970284,0.024603249447042393,0.34146326233296725,1.311933321180849
94,0.3971190566191093,0.010979637384697908,0.015,0.3711394192344114,-6.447434893361647,-5.15505724747978,0.09674414490228966,0.09403358278722454,0.24574241921579257,0.13728497270487303,0.056203317099706274,0.7030833845855992,1.0640087473395488,0.2319749604895574,0.8803475553351514,0.98,0.5045360008155396,0.11313287696123892,0.2618290598405757,1.047180817376612
1096,0.3971429937117425,0.007621705028242613,0.015,0.3745212886834999,-4.751401394143701,-2.891113264696833,0.07986254435154234,0.07729492995865805,0.23585711860081077,0.11600335598713521,0.04372173271594947,0.6602738440120292,0.7226763519617007,0.12346176214147882,0.99,0.6627288490544893,0.4840499130939478,0.01,0.24150944122474005,0.8750464544385336
356,0.39799557966714,0.004989491407848485,0.015,0.3780060882592915,-4.832411985234341,-3.1354044752194112,0.06286150884106782,0.06049028863651246,0.2278115546547437,0.0917528879272474,0.03397012975488825,0.6171447621159963,0.44981966129560524,0.08986041943028342,0.8790976539743913,0.6610708152530296,0.3186883998171331,0.020413929329328062,0.274218181366192,0.5749860376887435
1129,0.398057782025875,0.005433971393012936,0.015,0.37762381063286204,-6.548105888251874,-4.59344701040528,0.06803923715758711,0.0655131854043854,0.23261461812336803,0.09093331607000088,0.04514515824517335,0.6897353912009937,1.273574738059068,0.15308684870215775,0.8409143763213166,0.7625960714212021,0.3977645087699013,0.07880247150608169,0.1551908703636642,0.5172575030431084
1076,0.39806638821929013,0.017657173864117,0.015,0.36540921435517315,-4.39848179958561,-2.76780979920403,0.11347243451893055,0.1107644795811355,0.26189090860173303,0.17092955608505817,0.05601531295280295,0.6832485900609235,0.8287893682809047,0.1733148740238589,0.8338649312044468,0.668656163682887,0.6217000193416794,0.01,0.3060432582004181,1.5820873115514447
1100,0.3987772703882023,0.003906075026818003,0.015,0.3798711953613843,-5.814631064336136,-4.384467066083804,0.049359659561083145,0.04779788449771549,0.23303929638171264,0.06985151648765009,0.028867802634516205,0.6666955065410864,0.7546569742194288,0.13838922635818657,0.7894965755180041,0.8082703318099805,0.5656028969852431,0.07293748695117752,0.27636490349231224,0.28821302417814765
405,0.39878928824224447,0.006875544240448631,0.015,0.37691374400179584,-5.506226171831212,-4.365273857534199,0.07527434361264765,0.07256378149758254,0.23089872712963508,0.11125196062051214,0.039296726604783144,0.7247306767272294,1.2156377824676363,0.13257020304607478,0.8458244346394962,0.9251479693964658,0.5804270209286175,0.07616742309307126,0.35041811350855306,0.764993334215514
331,0.39992903097170646,0.02394387941672962,0.015,0.36098515155497685,-6.298623596597137,-4.805048159816197,0.1357984706556959,0.1330879085406308,0.2807513318885835,0.19153132328522568,0.08006561802616612,0.6253001067740654,0.6930044946831504,0.14689617151616677,0.8569280226825073,0.80288932799846,0.296006459904246,0.10075662382190101,0.2212352625420667,1.7313040593202609
218,0.4011116743344412,0.00550219742440579,0.015,0.38060947691003544,-4.931836884116481,-3.293052008879436,0.0667156434139143,0.06426995993986578,0.22817725241497444,0.09769499931701142,0.03573628751081718,0.6549990116902231,0.47783990163341733,0.24105345213825352,0.9033000766794199,0.825027842917524,0.27350921721635746,0.026457327189070814,0.283122548132631,0.6311695913513178
689,0.4012762317912062,0.007069619466015631,0.015,0.37920661232519054,-6.424448357974495,-5.208575958846777,0.07788131224529973,0.07517075013023464,0.23238796700891276,0.11093725767150293,0.04482536681909653,0.7244899339966231,1.2312187945600537,0.203600163387036,0.7919452592236623,0.7680305650662734,0.346806268095363,0.11159965617306333,0.2851218681437043,0.723593598496683
313,0.40155791193613716,0.0037672995579783927,0.015,0.38279061237815876,-5.036923366628222,-3.8815273365240976,0.04773811190650944,0.04611907352902494,0.23015610555563087,0.0711504057495661,0.024325818063452773,0.6769062071915716,0.6337984220068275,0.18382414905024186,0.9511452442167653,0.6998451957130181,0.39092037725415657,0.05391327750128275,0.38736980051886283,0.3103965407911621
500,0.40169576333750684,0.007081274950309355,0.015,0.37961448838719747,-5.574655809905626,-4.05454134735023,0.07747829649015668,0.0747677343750916,0.23294911922013972,0.11181665666763638,0.043139936312677,0.687378457137084,0.8933318753931841,0.15160644920629476,0.9126183747623282,0.7957241894532825,0.5549594478064556,0.05825795581372854,0.2723441066453928,0.7692342702444772
15,0.40216875966278776,0.011578455890416789,0.015,0.37559030377237096,-5.445295357671631,-3.1286474928473607,0.1013006849830135,0.09859012286794841,0.25245449382548846,0.13713776349654633,0.0654636064694807,0.6462147258003779,0.7799460310997998,0.17651602451813816,0.99,0.98,0.5528372027426895,0.014376627678852893,0.1211554732962063,1.0963761264437808
746,0.4026662495214325,0.01902227168228067,0.015,0.3686439778391518,-4.188914675143817,-2.7472886350360626,0.11533232665018356,0.11268464688063107,0.26308915117686155,0.17801651692718543,0.052648136373181706,0.6047348753279507,0.34704852611282483,0.10785745496935614,0.8843083578273039,0.6243609705062467,0.6044659673222412,0.010892459916266778,0.3713044744533438,1.6554277349940594
1165,0.4029737855929886,0.007074564862371443,0.015,0.38089922073061716,-6.019549260935543,-4.5180332828109036,0.07806206880724904,0.07535150669218393,0.23317296200271867,0.11096945452869933,0.045154683085798765,0.6919584598496737,0.8581043895938624,0.22519676919777273,0.7990672312558471,0.6686510680561242,0.3990906020121586,0.07756670758771733,0.2541252931015262,0.7393206796826959
937,0.4036987237387808,0.01027792890482124,0.015,0.3784207948339596,-4.983269817615265,-3.4845292681294735,0.09109776820397128,0.08838720608890618,0.2423605136191434,0.13535422737416145,0.04684130903378112,0.6745774157518583,0.8271578944533554,0.06652377432242698,0.9450743795105639,0.7512095863738812,0.6477847966220085,0.03586144718373559,0.3118684336591634,1.064642454558246
917,0.4040100916045899,0.0135117897576146,0.015,0.3754983018469753,-4.3061939429476075,-2.9411710406966227,0.09986610064623502,0.09721289719414247,0.24914786660657004,0.1542220381591309,0.045510163133339124,0.6392771665892732,0.4194974107938885,0.17643995973275928,0.9307162504340605,0.6721093866698031,0.4210601545249796,0.01746566398593248,0.3908326982314667,1.326163753925419
1120,0.4040963489395835,0.016448988107203362,0.015,0.37264736083238015,-5.671716512070797,-3.6059163279085555,0.11705494121429494,0.11434437909922984,0.26384197801648873,0.16183809321397113,0.07227178921461877,0.6496180277291048,0.7238835161494378,0.19952234725841467,0.99,0.8514394671883537,0.7730122074703869,0.037170569963608915,0.15562285276849921,1.379144104439741
401,0.40451909675290043,0.007329784988556405,0.015,0.382189311764344,-4.541296556339782,-3.4186722361723287,0.07560830622749413,0.07300154276971334,0.23030148420275814,0.11687957553381564,0.034337036921172626,0.6640282626604443,0.5605137961845262,0.12724773791255237,0.9788184096343933,0.98,0.5571381234399051,0.03644258997115453,0.44026564846472444,0.8460803867213728
261,0.4053812295092651,0.00415553352733683,0.015,0.38622569598192824,-6.527443507026547,-5.137063244559378,0.05059721138195109,0.049110163744752716,0.23411834177063842,0.07013354561440358,0.031060877149498616,0.6894478818420338,0.7215886265868547,0.28359269200779047,0.9488197445210899,0.9070488577980585,0.6076019536730528,0.10326063717867895,0.25515172123651525,0.2602859292368943
436,0.4054673206036046,0.017899931943266802,0.015,0.3725673886603378,-5.1406485199744525,-3.017602514255533,0.11999029785588565,0.11727973574082054,0.26703955589389883,0.1685034899689955,0.0714771057427758,0.6044090759748351,0.64107978162563,0.04018838654172924,0.99,0.6373227230704088,0.3664003720940979,0.012538369225705837,0.1649970937727879,1.4869338075123564
1067,0.40602075248185004,0.008156819318289559,0.015,0.3828639331635605,-4.550118027290941,-2.882902299382963,0.0812309281430807,0.0786372889594907,0.23547286782073845,0.12159875350999477,0.0408631027761666,0.7149552208575198,1.0241639178155093,0.1303047176182677,0.8265972725186209,0.7736739149560886,0.23338693750007988,0.01,0.31211657846922347,0.9109574416166812
1130,0.40617837643222043,0.004478296765198093,0.015,0.38670007966702236,-6.4648798918622905,-4.657688946364903,0.056509263687156794,0.05450256732918828,0.23377162714481936,0.07652689858846835,0.03649162878584524,0.6811974452031958,0.8741514322502729,0.19843484525266386,0.9807617181602113,0.8540397550346481,0.48943158411435245,0.07860652924330373,0.18929612406387863,0.33592340007415844
411,0.40622142842208137,0.005057525685069573,0.015,0.3861639027370118,-4.720148591393117,-2.982768429513982,0.06297147869340255,0.060633283840792515,0.22717882783459312,0.09257631743741657,0.03336663994938855,0.6733276462125677,0.7203165485132289,0.09485439177381554,0.9328501575452492,0.8139509599663034,0.4428430538603602,0.012193803691494434,0.2867430862936499,0.5634212323446677
1126,0.40625754125303426,0.032644747932241334,0.015,0.35861279332079293,-5.943578649764549,-4.504270682704688,0.15316941529213204,0.15045885317706692,0.2979014208783809,0.21968895745015732,0.08664987313410677,0.6246031135679543,0.6664054009434471,0.14150731281351145,0.8705618017397063,0.879258752841662,0.5100472856602363,0.08824324586979668,0.24362027527909705,2.0963172131240126
75,0.406307109364409,0.005287293268127137,0.015,0.3860198160962819,-5.900823119529758,-4.181420539359669,0.0658787260609884,0.063400436472681,0.22960992356828247,0.09225487874287858,0.03950257337909821,0.5892836921787199,0.28800712347322704,0.15675470937166666,0.8694209562740737,0.5383960771343022,0.6000676146675372,0.05980531118987264,0.21900930380814926,0.525941124019033
730,0.40653245605296817,0.010405782007166247,0.015,0.3811266740458019,-6.28051508989134,-4.759662459231286,0.094854970284938,0.0921444081698729,0.24397298509607224,0.1341047644592422,0.055605176110633786,0.6358497422412321,0.6402571459065219,0.11233954079664156,0.8088325891365628,0.8662875532962419,0.5866238091526418,0.08794549746189215,0.23835824891199395,0.9857502226099185
276,0.4069524784564762,0.023251661289471186,0.015,0.368700817167005,-6.825394530313712,-6.0169538401844,0.1330540396687247,0.13034347755365958,0.2756657692001874,0.19216239226138143,0.07394568707606793,0.744387607212258,1.7507490786947497,0.08586745863097503,0.9562391273270949,0.9136931778475846,0.8047244458355174,0.16150862015346043,0.32526746243415183,1.6341103838476037
11,0.40713207009039254,0.008629087862001316,0.015,0.38350298222839124,-5.65759697186485,-3.7828783616311155,0.08685312192413727,0.08414255980907218,0.23927340428671495,0.12221556503883284,0.051490678809441706,0.655297977932795,0.6035685487199556,0.20210717052712662,0.8791585576929066,0.8752265879836428,0.3809637457987407,0.04260424791676532,0.20271514487783654,0.8779480926757975
380,0.4072932947474249,0.0188190124562731,0.015,0.3734742822911518,-4.433199795843234,-2.8121257245855267,0.116795987693776,0.11408542557871092,0.26385287301344634,0.1766207595291161,0.0569712158584359,0.6892169541099278,0.8017403846790981,0.1757840528735827,0.8582867457210581,0.9072891957738071,0.3067492800070324,0.01,0.3172333353956801,1.601603642282769
32,0.4075165517727344,0.0035697315494587346,0.015,0.38894682022327565,-5.207944148552035,-3.9933995368077495,0.037562967873007995,0.04371638444864278,0.23642338674380015,0.054278125709962766,0.02084781003605322,0.6910992033853792,0.7672478871109124,0.13291190730877153,0.8829079856304921,0.7894441966572721,0.4678728842786221,0.055492250435688874,0.3697996128031945,0.1
265,0.40784880469001494,0.010728425010492152,0.015,0.3821203796795228,-6.035917340413347,-4.346880751692997,0.09626916779659946,0.09355860568153435,0.2455499554569432,0.13582379181076118,0.05671454378243773,0.6391954457006653,0.6391987305000227,0.1236298238303933,0.99,0.7638208750981129,0.1889956710819915,0.06816000731584887,0.22003415880249572,1.0153471687975888
95,0.4078590267829863,0.00968081596987554,0.015,0.38317821081311076,-4.900841928111047,-3.4255767401037285,0.08834919501051651,0.0856386328954514,0.2398126295843536,0.13218579968887995,0.044512590332153074,0.7601516439930338,1.5106076882387214,0.17724634940388578,0.8586250249978394,0.8988377827681375,0.4538663515217465,0.03236899341555648,0.33096016049922233,1.011190811597615
132,0.407966791120155,0.006897153429727775,0.015,0.38606963769042724,-6.220635739498099,-3.5014770214471582,0.08124667217831918,0.07878598211912835,0.24062342327116332,0.09960310718968794,0.06289023716695043,0.6119532144714066,0.6601844945416819,0.22310983418462377,0.7227523512401086,0.6835846931921116,0.675154525133192,0.025859010620654762,0.04049103391046373,0.6094651332177831
578,0.40802585621084564,0.030745766506321416,0.015,0.36228008970452424,-5.211213564456866,-3.6485446546282807,0.1470740953180915,0.14436353320302642,0.292704982959149,0.21548927360273093,0.07865891703345208,0.7144282320961891,1.2394856066659385,0.2073403327833584,0.798163408766243,0.7320728556325523,0.4146967466678376,0.04712553089219338,0.2641049832018177,2.0786460743433315
825,0.4090540341596488,0.010593763428182449,0.015,0.3834602707314664,-4.9685189796571425,-3.23904900384879,0.09317919768336427,0.09046863556829916,0.24397706802206215,0.13674215461757686,0.04961624074915168,0.6685267075784681,0.797400573538626,0.05549933427062584,0.9008600567788471,0.8583863894214459,0.6157184350868969,0.022489960716167982,0.26949148374896176,1.0662929102481664
206,0.40945008252991233,0.0054025014501439105,0.015,0.38904758107976845,-4.764696313745418,-2.9589955619353567,0.06582379849773361,0.06346205448378395,0.22775111107878648,0.09631204110463584,0.03533555589083136,0.6556928948437042,0.5502332054952364,0.13060969600077768,0.9514188106205023,0.6472679366503573,0.3329371644049065,0.01,0.2705226372091423,0.5974099058056442
977,0.4096636543079671,0.006935639563202312,0.015,0.38772801474476476,-5.230679066544888,-3.911821995937563,0.07539594622718046,0.07271570039201485,0.23043253580154155,0.11216528435587067,0.038626608098490244,0.6904080513668157,0.7140860111186609,0.1974149536135577,0.8797618296352572,0.7296092993786825,0.6808039956509073,0.05164008156008944,0.3435598179171119,0.7533103983815127
677,0.41009017995993763,0.006747764255561367,0.015,0.3883424157043763,-6.436612124212854,-4.613335170678333,0.0772071541134145,0.0745089133955427,0.23326886305432312,0.1059680839056403,0.0484462243211887,0.6581811122498232,0.7396433823141315,0.1576957543398348,0.99,0.8360825487939945,0.5821090665127324,0.07589390852913158,0.18870860531331515,0.6532004546309641
633,0.4102984446747193,0.004530488496055013,0.015,0.39076795617866433,-5.521625286029039,-3.718154219784789,0.05793067450724322,0.05582917803459193,0.23031233573003668,0.0817590108459171,0.03410233816856934,0.6766423893904353,0.833334315063989,0.09918496009855361,0.9225895937080432,0.8028820478940247,0.4612483287436817,0.03818685804272022,0.23320631818998425,0.407511578047955
52,0.41031612964857767,0.009074426019763476,0.015,0.3862417036288142,-5.880392459229909,-4.241828521526943,0.08856021871567277,0.08584965660060767,0.2394222130746281,0.12615735705272965,0.05096308037861587,0.6378158106783574,0.5830378023404701,0.11372786694099372,0.99,0.9128113237305444,0.3773333826664425,0.06251750428823445,0.2401782683584942,0.8976290183055657
367,0.4107030547787098,0.009321907093243797,0.015,0.386381147685466,-5.602140463166731,-3.6494919653134286,0.09023465928089164,0.08752409716582654,0.24165140685421974,0.1268577344826445,0.05361158407913878,0.6840334315181192,1.0326509927644656,0.08890137196218786,0.9590323385184394,0.6613945209158525,0.6368403735531175,0.03537918876304452,0.19729987404171906,0.921828299292527
550,0.4116199241871799,0.00659352757063186,0.015,0.39002639661654803,-5.994223383483908,-4.789025511222041,0.07423650911108398,0.07152594699601889,0.2295928852069887,0.10792388423210222,0.040549133990065746,0.6215079947543997,0.33913247276195896,0.19230207279328887,0.9699650744353335,0.8329367415012818,0.6907026069504536,0.08803795456549784,0.3154370490007674,0.6719278640558781
933,0.41181152634152834,0.011613228516057297,0.015,0.38519829782547105,-5.282686420869098,-3.456902948330778,0.09844462990118169,0.09573406778611658,0.2477652051128373,0.14179204245778845,0.055097217344574914,0.6620341268127128,0.6238955240000227,0.1784833682379932,0.8699082423404103,0.8242386544382524,0.4983736035636407,0.02952274387701712,0.23195936719322754,1.105595513806783
860,0.41181434492394403,0.005632323377779702,0.015,0.3911820215461643,-5.321877540019719,-3.400619558561078,0.06844288506609189,0.06602271189771179,0.22953166940146158,0.09700550283566778,0.039880267296516,0.6340965479606647,0.5562867845384989,0.07977957014578516,0.867019046728765,0.9052041324199519,0.6884490537766879,0.0247714660069181,0.2183791462187656,0.5834336865061907
250,0.4124538885015556,0.015886523089313848,0.015,0.3815673654122418,-5.3746118202925235,-3.2810593471875755,0.11463703536626665,0.11192647325120154,0.2611831201704381,0.16080577218741468,0.06846829854511864,0.6438746141038371,0.6900297750897789,0.12499432105755495,0.8472033693730675,0.7688927316912638,0.6567454040003883,0.020984230082055293,0.17210326524540082,1.3393337035239252
426,0.41298799884426163,0.016792103021261457,0.015,0.3811958958230002,-7.9453472216809935,-7.076859200552062,0.11878336569541106,0.11607280358034597,0.26027965868962244,0.16597705787392963,0.07158967351689248,0.6916897596859685,0.8364253171668703,0.2773428874200097,0.9170330856013468,0.899238586656762,0.5649637939753835,0.2067724292367282,0.27520073856983973,1.238872214050938
868,0.41315614003078793,0.025148026831535466,0.015,0.3730081131992525,-5.573710206897231,-3.6781841488132225,0.13864849091155715,0.13593792879649205,0.2834409843955643,0.19620397587088872,0.08109300595222556,0.6410160970247195,0.6835014792048714,0.14924119265942154,0.9156556242783203,0.7806461421913473,0.4764430527578957,0.04154245281363361,0.19126723042386196,1.7740789171921825
678,0.4137043100153955,0.015163046432072816,0.015,0.3835412635833227,-7.2821086985254215,-5.635266415439153,0.1150098363518684,0.11229927423680332,0.25869516715911967,0.1568973262437469,0.07312234645998993,0.6445602336602676,0.5671645534350868,0.23906829511328848,0.6569149178448632,0.6466294378566344,0.19641678466109957,0.12653017812523298,0.18333556524275615,1.185391100995684
90,0.41439427978946825,0.013102138698769044,0.015,0.3862921410906992,-6.7046495695589705,-6.716482920434587,0.10212426199885836,0.09941369988379326,0.24544876141095714,0.15323645162514954,0.051012072372567205,0.73592357327948,1.1410194281523394,0.1765816050219221,0.8642720978039197,0.793523351606495,0.5818971260214788,0.19202133692434098,0.4923718549567513,1.1062537309619322
49,0.41444418487917245,0.005338947623391204,0.015,0.3941052372557812,-6.591810122623425,-5.113370683191189,0.06536433220335872,0.06283321394630072,0.2292940287955142,0.09124749320756109,0.03948117119915634,0.6417454260686006,0.5331577644446733,0.15374791945856792,0.8889292060552203,0.8335235242328131,0.5461450363759276,0.09754381959901401,0.24461442225702448,0.4683311859355366
66,0.4144484672513325,0.004707016488048274,0.015,0.3947414507632842,-7.435692780689395,-5.119299113333804,0.053577033093512555,0.053229918307822796,0.24044960778703603,0.06689669060708478,0.04025737557994033,0.7597563252152962,1.848685698399468,0.3942938901297011,0.712409015740283,0.798952378257783,0.7374860072449784,0.09315828671513171,0.09698009643754167,0.1982727046857274
412,0.4151179812605421,0.006377235581126202,0.015,0.3937407456794159,-4.486078192786915,-2.9165777618961917,0.07113563483517799,0.06868755132189816,0.22840982810815766,0.10783015384547379,0.03444111582488217,0.7652671859749691,1.3697536518044093,0.20493443784504167,0.9420233513833085,0.791268055630403,0.2528090400570505,0.01,0.3567793737377539,0.7156878111550793
25,0.4152537671178943,0.017044446031324628,0.015,0.3832093210865697,-5.001534025245879,-3.3735017519249055,0.11431942261471231,0.11160886049964723,0.2598708316296221,0.16942014262048194,0.059218702608942714,0.7488288372364597,1.3419558795711497,0.2341648759261327,0.8500852639923091,0.7706868971219841,0.31341114476578213,0.02873454749731449,0.29004341191440014,1.434107303519764
477,0.41638151489025654,0.009040872191641252,0.015,0.3923406426986153,-6.163417219936932,-4.635677462415193,0.08857960220215808,0.08586904008709298,0.23831977262759296,0.12622953346135146,0.0509296709429647,0.6251219443072267,0.42390976031686195,0.151900267886065,0.99,0.8401599499300686,0.4506706897919653,0.07758262280661023,0.25174126081118114,0.8638173217488857
387,0.4169228727523563,0.005043034960556253,0.015,0.3968798377918,-6.228348225053603,-5.148140564393154,0.06169649533979779,0.05919524285425272,0.22728466209931467,0.08932458121811676,0.034068409461478814,0.6215100987931353,0.34780319746985267,0.15727561874164728,0.99,0.9389707408880217,0.25826188710887676,0.10115873377051222,0.3328782954406773,0.4436920196096472
271,0.41728402966677963,0.005763912143193917,0.015,0.39652011752358574,-4.571771671258021,-2.948806797293366,0.06738589437817173,0.06499712152026696,0.22680157224004713,0.10137778965810293,0.03339399909824053,0.7383272853181503,0.989116264503823,0.2469321026969371,0.8662543643208237,0.7982826541791905,0.7323120407212125,0.01,0.33916976053488035,0.6334064083499471
558,0.41757951823155115,0.019002480123720782,0.015,0.3835770381078304,-6.476052851932401,-5.300322894613075,0.12272731889810039,0.12001675678303525,0.2650326243450158,0.1771597239243034,0.06829491387189739,0.7308071443459637,1.5033926986348862,0.049896642540365514,0.7973977806998321,0.7233881783749397,0.36080876389191413,0.11359604994430063,0.2949771422286151,1.4261150554551516
259,0.4176271137263385,0.004089330591829891,0.015,0.3985377831345086,-6.418634858116666,-5.004232825586505,0.044083139205318526,0.04667974712907146,0.23659092453330066,0.06112470134149609,0.027041577069140968,0.7062164497044962,0.8032704913257925,0.2540084366639713,0.8841817788874167,0.8427854190710313,0.660366816235854,0.09104911811399409,0.26907509948930286,0.1419800669353498
1179,0.4180193533732679,0.011022470383092524,0.015,0.3919968829901754,-5.2007085042200645,-3.364519822032446,0.09599536865417835,0.09328480653911324,0.24529598114827142,0.13908972192207772,0.05290101538627899,0.6838501880794371,0.6563045653010762,0.2267109868355035,0.8316098215191546,0.8684413161356032,0.6347588021092212,0.024026372699206124,0.24249351420135107,1.0509863585722852
1082,0.4180266947780542,0.013990670142626723,0.015,0.38903602463542747,-5.96167000626609,-4.456490664391748,0.10745667951532895,0.10474611740026382,0.25274622172101724,0.15496890495418353,0.05994445407647435,0.6938550611249563,0.943984323828292,0.12658259437919747,0.99,0.7458567725489984,0.6794086320289154,0.07135302309958295,0.266026852899665,1.1952792416295728
423,0.41826301313182257,0.004846001203835698,0.015,0.3984170119279869,-5.177707828217469,-3.6591138577258806,0.06024880879666027,0.057933671297489595,0.22649741829608697,0.08864549234780233,0.03185212524551821,0.7028251981634527,0.71086874338507,0.22885809448077704,0.8711671665522726,0.7513578296506057,0.6974625087040149,0.036507590502142716,0.31809858458535223,0.4682285325595261
275,0.41826497287600195,0.013501480408452,0.015,0.38976349246754993,-4.857698192940569,-3.4862643582378197,0.10200105475463546,0.09929049263957035,0.24890811462566523,0.15476350650356455,0.04923860300570637,0.626098421996744,0.36514223185901595,0.12141910289659505,0.8304505110145401,0.7283189940982372,0.40130404966478866,0.034141717009472244,0.3595194655417621,1.238301132194986
772,0.4186046705802132,0.016077668745801334,0.015,0.3875270018344119,-4.824583422613524,-2.966628241450933,0.1120334121912208,0.10932285007615569,0.2580634320599614,0.1647280857759489,0.05933873860649268,0.6604952314880801,0.63959112242611,0.10685160339362172,0.8805337331477023,0.6669683089094893,0.6790043968276266,0.01,0.2544519828027142,1.3764990130338512
593,0.41900162065755014,0.004244280675390709,0.015,0.39975733998215945,-5.741062751276565,-4.618307678955533,0.051663836234353444,0.04984761144349632,0.22995210072363617,0.0757017404071306,0.02762593206157629,0.6489474411599236,0.4364229052926775,0.15730212617527517,0.889629432303186,0.7973041446164489,0.6367480040005498,0.07732533721946129,0.3600279208075384,0.3046470017055881
238,0.41925227698394574,0.009337588800344512,0.015,0.3949146881836012,-6.124596072482181,-4.33514700605933,0.0907080948860686,0.0879975327710035,0.24028120499510786,0.1273748235929002,0.05404136617923702,0.6867887457703481,0.8076836998769666,0.18929964473205857,0.9057331119748139,0.98,0.45179999030423673,0.061667212003521696,0.2131490702690509,0.8734510953484145
820,0.4194082419158639,0.006264122353917593,0.015,0.3981441195619463,-5.636718146265307,-4.075433948394365,0.07217550542538154,0.06960028607816576,0.22898706544200645,0.10446322549430972,0.039887785356453334,0.7011997315244568,0.8357623330906536,0.16444956257718435,0.9801915988046846,0.7893045464461306,0.2292362239720263,0.052056594084328195,0.28211543987981713,0.6276660907095578
23,0.42008611862629086,0.016440475392428475,0.015,0.3886456432338624,-5.309505211352593,-3.544039815150485,0.11438186775914758,0.11167130564408247,0.2592858865245116,0.16617480845102972,0.0625889270672654,0.6294479225150507,0.4760711464331685,0.11145614904110493,0.9535802987278268,0.6647079427905646,0.5039055153057882,0.03256990039999118,0.24565722315569136,1.3609928171096575
119,0.42024782877180383,0.018664478383775746,0.015,0.3865833503880281,-4.66468415396174,-2.9564736192513323,0.11793580757155117,0.11522524545648608,0.2631958471225442,0.17670966522296971,0.05916194992013263,0.7173209788901336,1.0707827962716518,0.10466585149552791,0.966235722472486,0.7342745537382718,0.49231788958383593,0.011409348117552114,0.2996633033706455,1.5202453444935522
554,0.4207413131919764,0.006212194602363043,0.015,0.3995291185896133,-5.892628720363244,-4.180979966594403,0.07242147592184028,0.06985884531568445,0.22961187083951445,0.10274286604607438,0.04210008579760617,0.6554126437927008,0.5308458923755627,0.1647749896334007,0.9148914163424944,0.7502129049154627,0.4171752818432878,0.05453009798794998,0.24001354354331328,0.6006746319029174
17,0.4211825336424048,0.007290655102139013,0.015,0.3988918785402658,-5.18616950398515,-3.098937431552679,0.07945651582140592,0.0769537307242546,0.23418909870894408,0.11261502473422608,0.04629800690858576,0.6898795975014502,0.6862854495413282,0.2281201102036835,0.9076210595061639,0.9002394301243519,0.4363398111862581,0.01,0.20167361007263299,0.7389186167671289
639,0.4215471167797033,0.004571367070623909,0.015,0.4019757497090794,-7.017448993625418,-5.131443110504902,0.05282689803488802,0.05183361518912204,0.23664315771893116,0.07017001575778962,0.0354837803119864,0.7313819334984187,1.510865444649996,0.13839975481794914,0.9114240027616477,0.6255322589435259,0.43071008326881344,0.09130559654479314,0.17612014399183545,0.2232794172512963
1064,0.4216545902452772,0.010605979117878637,0.015,0.39604861112739853,-5.316350164303678,-3.3807259128079115,0.09501168591583264,0.09230112380076755,0.2443055149915819,0.13627872531253624,0.05374464651912905,0.7155528514046012,1.110456594088819,0.12350224530998036,0.9376497446968379,0.98,0.5515171206353122,0.022452366394831204,0.22496443307789388,1.0002369549602823
1003,0.42193629019851414,0.005499098858815803,0.015,0.40143719133969835,-6.954415288546279,-4.928936554508347,0.06687756481907632,0.06442975691117071,0.23285314956583686,0.08891073397398278,0.04484439566416985,0.6394921342933441,0.8878607638338933,0.03,0.8737711470857517,0.94543113830488,0.5009195890112884,0.08226740538235126,0.15498258165164158,0.4232837752457239
191,0.4219495362047792,0.00667036863967807,0.015,0.4002791675651011,-6.160168144016561,-4.616685100430265,0.07537406169494255,0.07269738649411388,0.23033342059648199,0.10732173115512028,0.043426392234764834,0.692591340384591,0.7662510034854049,0.18688315396845967,0.8904087202484208,0.7407420607697888,0.20984360852547657,0.07307566589821904,0.26045804639537273,0.6354338135002617
542,0.4222376821229742,0.009554997828384834,0.015,0.39768268429458936,-5.394219168545093,-3.4990967417552072,0.0905227434195186,0.08781218130445351,0.24064403380027413,0.12986227185358173,0.051183214985455486,0.7134018445116831,1.2194676137247522,0.03220898684629951,0.8862714062685477,0.923598388534008,0.31309883438322383,0.02682509269041499,0.23176301033449953,0.9196157000605656
932,0.4235695939797388,0.011685374844443317,0.015,0.3968842191352955,-6.112885272841428,-5.3907232607617,0.09738583789775364,0.09467527578268853,0.24240702311441986,0.14567709301756737,0.04909458277793992,0.7024615507117574,0.9137382218834688,0.05964790758555677,0.8556970932397814,0.5564604947339291,0.22149579800318986,0.11473492675922646,0.41203494550954384,1.033381433880623
1172,0.42448536525616326,0.008583146724207295,0.015,0.40090221853195596,-6.247817867515194,-5.087603275141759,0.08541933349768094,0.08270877138261584,0.2341967986407545,0.12446525806576916,0.046373408929592734,0.6771459700485493,0.6291416946751522,0.167039381532755,0.9423846302502028,0.8189737464883449,0.63932451784822,0.09567798782362075,0.32459660666125906,0.8033707175870012
950,0.4246555527416461,0.0071436057508005085,0.015,0.40251194699084564,-6.192744117777576,-4.468137382778727,0.07879832138923029,0.07610597017124518,0.2323669417049324,0.11097975882846456,0.04661688394999602,0.6791274359562315,0.9363008920178646,0.03,0.7838307590434082,0.8003351500138074,0.512256216647519,0.06455174489668304,0.23107749459540916,0.6695474301667605
758,0.42557579660373884,0.01455147086337228,0.015,0.39602432574036656,-7.016886700465013,-5.615267586406134,0.11160082683862776,0.10889026472356267,0.2542385171249024,0.15696443070888066,0.06623722296837486,0.6786172809868669,0.8898242270929173,0.10916529089937456,0.9208080628536521,0.7262198647277124,0.5083090559614395,0.11915242959509675,0.24422112728281078,1.1383945975430771
941,0.42566810070743255,0.006989742252731768,0.015,0.4036783584547008,-6.416341003195426,-4.932947670861442,0.07746533972378734,0.07475477760872225,0.23088441101693236,0.10999649875368145,0.04493418069389324,0.6720956834570451,0.6558922557024369,0.14717157720894813,0.949760894989794,0.8764205314849138,0.3585694703721749,0.08517137830443072,0.2621412827896155,0.6446831119560863
613,0.42570182608835944,0.00831524513833565,0.015,0.4023865809500238,-6.11085921978172,-4.728051194282285,0.08438817412182381,0.08167761200675872,0.2339660904230183,0.12209513429620028,0.04668121394744734,0.6486653145631149,0.5158588210917093,0.11587519153593287,0.7622587890639243,0.7788423198569254,0.4305672316833987,0.07821535162632076,0.2925836038183594,0.7837492140030387
602,0.42618013563708246,0.01874954957235712,0.015,0.3924305860647253,-5.870215178958791,-4.488476565099209,0.12114246822765107,0.11843190611258596,0.26356442426626614,0.17732185474100987,0.06496308171429227,0.7079302169419912,1.1091245489890154,0.05104566399254255,0.8052963803431089,0.7154874763497726,0.5366321018284391,0.07234717354306724,0.2984506086721124,1.4232467451631658
391,0.42639883304897513,0.009707543376442805,0.015,0.4016912896725323,-5.3094315342956975,-4.112182565578698,0.08872731611376428,0.08601675399869918,0.23723806814190965,0.13383647090948106,0.04361816131804748,0.7109056391906747,0.8516460038993968,0.1164841936842702,0.9773449498035909,0.8648560205031252,0.3482133212772347,0.05581488747753849,0.38198640583251436,0.9347568275631876
872,0.42645866307653624,0.018819520656827897,0.015,0.3926391424197083,-4.720385909662758,-3.021284884940697,0.11862727769526835,0.11591671558020325,0.2630760026549694,0.1779505328161029,0.05930402257443382,0.6529721602855231,0.4512403143512409,0.16967845594257236,0.8631833402819828,0.5194848538154749,0.5827163004801927,0.012694593629524346,0.30049904224212914,1.501415865754109
745,0.42650509719889995,0.014044063925941092,0.015,0.39746103327295884,-5.43448052373423,-4.38361937043298,0.10465943609968631,0.10194887398462121,0.2490218796238621,0.15845708902475608,0.050861783174616565,0.6323429904593643,0.28021040931265495,0.24059722544636025,0.8624180392370565,0.7859899953342088,0.44928108575723946,0.06973115734695712,0.3905891713599487,1.2087761830225423
1093,0.4266626105183282,0.004217009320685714,0.015,0.4074456011976425,-4.854844022174034,-3.064857787752949,0.05209330737377323,0.050508960536336515,0.2299445173837374,0.07625375325246277,0.027932861495083713,0.7136919046787431,0.847851510232293,0.13111093807118454,0.9340390986655713,0.672949282504749,0.49863006727289144,0.01,0.29495986413829334,0.32381738474920463
338,0.42668479275934534,0.014592011262675533,0.015,0.3970927814966698,-5.864896791349791,-4.268909117927398,0.10962568417979301,0.1069151220647279,0.25386152883728297,0.15843975731410298,0.06081161104548302,0.667118835689427,0.6565455374050795,0.1307346353404927,0.9430404015763896,0.6614571337244035,0.39277898481951656,0.059826407175082,0.2613780806124806,1.2058693057492156
1002,0.42670184386347654,0.005633311642721574,0.015,0.40606853222075495,-6.320144213857769,-4.842185802545217,0.06725314494263814,0.0647279086466454,0.2280215653517822,0.09554756366103284,0.03895872622424343,0.6860979326338952,0.6394389056324319,0.21007024818359377,0.6569928083092235,0.6844686672996277,0.30849113719028903,0.08046594494597671,0.2695529452198987,0.4900630072517938
1044,0.42683754789024664,0.030729825328329016,0.015,0.3811077225619176,-6.317079683561975,-3.7887697623099785,0.15895710662925136,0.15624654451418626,0.3016040297392369,0.20664613057639886,0.11126808268210386,0.6297491833029231,1.4207751942440414,0.04931111491646583,0.8164823655073435,0.39851697123845414,0.6800243868689027,0.038789351514803776,0.07384832855788588,1.8114947156406702
934,0.4271105347532457,0.00992775300507444,0.015,0.40218278174817124,-7.038097070184294,-4.958968465082475,0.09591998447052745,0.09320942235546234,0.24346436974791508,0.1283114334052624,0.06352853553579249,0.6494067287480361,0.8151909831339965,0.1038273677394704,0.9074509873219215,0.941164181749193,0.4785555142335636,0.08311295624691173,0.14461639961068246,0.8306693150893859
1001,0.4276952669227511,0.009131539690154825,0.015,0.4035637272325963,-6.632813662816318,-4.383992551896182,0.09214303553479082,0.08943247341972571,0.24136310341364015,0.12275341848703808,0.06153265258254357,0.6202145739589868,0.6820137747044827,0.06514428175794434,0.8345920870338872,0.9678637065890574,0.5075513015212807,0.05746663347444204,0.12948145625205537,0.7850793669324228
925,0.4280123341129177,0.01141032097782499,0.015,0.40160201313509275,-6.43970341100167,-4.6481446824853165,0.10028527191474024,0.09757470979967514,0.24642585167403386,0.14017813857719932,0.06039240525228115,0.6763154984626111,0.8195750212194686,0.11934590129333192,0.99,0.7573563878439232,0.5227730097140849,0.07183735367213939,0.20796350600818778,0.9737714600462998
82,0.4282616416105555,0.01590657216149158,0.015,0.39735506944906396,-5.768423623512585,-4.253660844856224,0.11320051559734384,0.11048995348227875,0.2564437162024729,0.16514260269329556,0.061258428501392105,0.635936724172086,0.41451835180601576,0.15485366127811043,0.9034090483597237,0.8559713595241409,0.47607194865662233,0.06001317415236657,0.2791768835251192,1.2799962600705732
775,0.42884077803696463,0.023707420669247057,0.015,0.3901333573677176,-6.195091772807663,-5.056421891756648,0.13388733773937336,0.1311767756243083,0.2749648254297481,0.196389119817771,0.07138555566097575,0.6837233574274794,0.7917555449031568,0.13756233599706882,0.9701739364848109,0.98,0.5968150558609547,0.09977074312669613,0.32117409283282194,1.615563732133858
978,0.42885192100186464,0.025296478872737598,0.015,0.38855544212912707,-6.862595780884606,-5.845080224360483,0.13928647302264424,0.13657591090757915,0.27941040322165156,0.20094097608236358,0.07763196996292494,0.5639654640624082,0.33289908617598896,0.04171056686450335,0.9583562756760163,0.7874707461917823,0.6313435547982,0.13779827425883992,0.30199485665974735,1.6328569153274883
692,0.4290140447743158,0.009696483879051244,0.015,0.40431756089526455,-5.10147388982555,-3.326160060387285,0.0899593984649815,0.08724883634991637,0.239465377622548,0.1322552685639679,0.04766352836599506,0.7185397754518292,0.9163436444855236,0.1607559624220606,0.8562020849510724,0.8139433187393758,0.6900313057978168,0.020070834843297015,0.27828317451406054,0.9304621563020937
44,0.429148971956509,0.0107674656400722,0.015,0.40338150631643677,-6.344256781831547,-4.591189241086695,0.09730161306113669,0.09459105094607159,0.24402046256916526,0.13686525145577955,0.057737974666493844,0.6910784772248373,0.817143371787736,0.16895842625528049,0.9080871237754329,0.8775335747083371,0.5292244501996712,0.0690823294016528,0.21964421152864477,0.9353398910206749
12,0.42921110438139404,0.015196030976465554,0.015,0.3990150734049285,-7.490003905453013,-7.024719167008205,0.11207631902743975,0.10936575691237466,0.2522910113577476,0.16253018485533133,0.06162245319954816,0.6506769594084861,0.5440177201518915,0.14320395093574143,0.8258956318873394,0.42020549239867755,0.8281221414785191,0.19204468716045042,0.3709529597374309,1.1370232954602488
153,0.4293120122228988,0.012515563103202738,0.015,0.40179644911969603,-4.67537731782155,-2.9972270929289224,0.09926862045589553,0.09655805834083042,0.24653787551233713,0.14973021609086573,0.04880702482092532,0.6986758616757387,0.7961216853523199,0.06745217098385206,0.977724917410692,0.9270547659375311,0.6223477920331344,0.01,0.3254760205702243,1.1457478315488552
517,0.43037692492988944,0.013063054195005929,0.015,0.4023138707348835,-5.4760542762750655,-3.3449701057302805,0.1057802606311497,0.10306969851608458,0.25214219645256497,0.1491094144209981,0.0624511068413013,0.6854674650014307,0.9007065327350421,0.09124697532411122,0.8395497564846418,0.6204892950604426,0.3004461297011989,0.017727974379526217,0.18699917269530653,1.1127651498548983
357,0.4305000421848404,0.009092093196475042,0.015,0.40640794898836535,-5.009777636903188,-3.518517727723731,0.08608022839769552,0.08336966628263043,0.2357493306765524,0.12949144074319316,0.04266901605219789,0.7204462104273293,0.9699309681161629,0.0577512245735502,0.8879229231329835,0.9045251868425789,0.4466707802286143,0.029347891129096925,0.34854787785381336,0.8897672515702428
824,0.4306841440079883,0.01118041293279009,0.015,0.4045037310751982,-6.126387605822954,-4.09755437200619,0.099643024017849,0.09693246190278389,0.24656238009916548,0.13839266502440267,0.06089338301129533,0.6942087246250589,0.9780962647803313,0.12102977009662153,0.9407353565620004,0.8207278037540586,0.321235942496383,0.04673630567346169,0.18300860381298747,0.9610764982419083
969,0.4309136585034045,0.010404866097668011,0.015,0.4055087924057365,-6.522577709449345,-4.685923805517379,0.0963447394172216,0.09363417730215648,0.2431540610711892,0.13404205274559214,0.058647426088851054,0.7278327720520625,1.281506159540415,0.14290105520970467,0.823352340967577,0.7426686687387678,0.45247479571075266,0.07131657744152163,0.2029064235508449,0.8927286821886175
189,0.4313963116623357,0.008367259885608469,0.015,0.40802905177672727,-4.856518250273815,-3.0682570872604344,0.08321600661766276,0.08064192972752272,0.23445971121365794,0.12353809577578886,0.042893917459536676,0.7183348710731363,0.9226294330236495,0.10031797072887004,0.8080070973748572,0.6590411988009095,0.43218561952229845,0.01,0.2965712957485557,0.832323460651092
1134,0.43156861530229074,0.020635618182070808,0.015,0.3959329971202199,-8.31115706900021,-6.610850397578088,0.1339577386322997,0.13124717651723458,0.27293880873775334,0.17889300730922317,0.08902246995537623,0.6782767663713563,1.1940378631820043,0.10767243869740054,0.6783783933148984,0.8317823941971055,0.6710741294943756,0.16532500883563844,0.16281423067218687,1.3162466181932964
815,0.43249067194430324,0.007158471620932488,0.015,0.41033220032337075,-5.367862931588857,-3.4932498282435365,0.07798738110948669,0.07545035405991297,0.23164749505859109,0.11251794943441076,0.04345681278456261,0.6841983327411454,0.6697601648496682,0.12751595091141338,0.874327313613123,0.8330418434927739,0.2686178770439124,0.023703214679277745,0.2489516466586697,0.6917985326689822
845,0.43342916442515395,0.01960710632979157,0.015,0.39882205809536236,-6.568589864571387,-5.176547643773204,0.12575298775820204,0.12304242564313697,0.26627886427936637,0.1802423341327617,0.07126364138364241,0.6839524776636032,0.8155354190453795,0.12921549311381014,0.8887277738739205,0.7895719557478617,0.49714090069560307,0.09839857899524877,0.2669101137577956,1.390793007945232
434,0.43388110812197966,0.004226608516115711,0.015,0.4146544996058639,-5.5244191655526524,-3.2455875534284737,0.04647878232897635,0.04807003197618727,0.23765381409716418,0.06290901301810053,0.030048551639852174,0.6676591458949216,0.7143165517622626,0.07554966272454655,0.8758040932994515,0.7732653692800479,0.40745307686238974,0.01,0.17073397133463358,0.157690678345337
798,0.43403323188716253,0.04614353031306278,0.015,0.37288970157409973,-7.56061588778019,-6.269042877202964,0.18302062997756385,0.18031006786249876,0.3233865448770966,0.25398119314380796,0.11206006681131979,0.6358168467906519,0.6705476647568976,0.18775070054801216,0.6825018585236947,0.902234363736541,0.40699731385503674,0.16791255147863712,0.21896171146049523,2.26415540311351
571,0.4342933832056557,0.011778332674559943,0.015,0.40751505053109577,-5.067938169456838,-3.4319203817389767,0.09771409978568256,0.09500353767061745,0.24447604721068236,0.1457400327808791,0.049688166790485995,0.7308724544561487,0.9028156305172345,0.22138036568935276,0.9342509445863958,0.8819380508096752,0.47451860708210664,0.024519276925926193,0.3133917166908896,1.0616466968562057
289,0.4343295541495626,0.005175079623823144,0.015,0.41415447452573945,-5.946961247466326,-4.56503128960012,0.0620607610358995,0.05965731287048481,0.2271316485855607,0.09009228780146847,0.03402923427033051,0.736824251653713,1.0595913088019937,0.14717241260667582,0.9365147799394676,0.7150072156632009,0.7752290238648664,0.0669136972353788,0.3174634890154785,0.4210531079638451
1065,0.4349425979632202,0.018238651777272172,0.015,0.401703946185948,-5.182736964666755,-3.6111285048556643,0.11831722178914413,0.11560665967407903,0.2610761390930971,0.1764430194400538,0.06019142413823445,0.6777861917659738,0.5576878150475748,0.1846815919639017,0.9600301424251745,0.6320169668310364,0.395683386467722,0.03329584207111787,0.30960380395206905,1.4115072118620362
1190,0.4353308698387816,0.005933826161228608,0.015,0.414397043677553,-5.512904601457817,-3.581484717099634,0.06982313213138158,0.0674162050416957,0.22848330979909337,0.09960836035769988,0.04003790390506329,0.6816341392747483,0.7058472393947411,0.08616819105055837,0.87357227850024,0.98,0.640763045437164,0.0253102034909574,0.23586657740957268,0.5402785785213362
497,0.4357580775150313,0.00845139842802885,0.015,0.41230667908700247,-5.467610196695943,-3.6108843832419972,0.08517191255087593,0.08251445754878749,0.23522572144717296,0.12299758596450927,0.047346239137242584,0.666586968590679,0.6370441067640428,0.05539487996557141,0.9237590294002682,0.8601647251241578,0.8148224946783342,0.027613904338241433,0.24978884108307906,0.7927269312022424
72,0.4366283573022732,0.02883265931845577,0.015,0.3927956979838174,-6.182856552097662,-5.961677935987174,0.1421845045762743,0.1394739424612092,0.28130802689516454,0.21706558233402573,0.06730342681852287,0.7947015312028621,1.5726337301596789,0.399535046924703,0.7155812022343543,0.5774005267692719,0.21629808632518235,0.14796926310952804,0.49888681714094196,1.7821144242895803
1171,0.4367257669043435,0.009541581221160543,0.015,0.412184185683183,-4.868256637342753,-3.0895177911944676,0.08862843162044992,0.08598575198781233,0.2378542202692774,0.1320674596091432,0.04518940363175665,0.7146979019878988,0.849814180511003,0.10230387634689739,0.8809966730707461,0.7823165807506642,0.7692199897420382,0.01,0.3028800542995475,0.9087979321892207
881,0.43727301850549233,0.008359428365211776,0.015,0.41391359014028056,-5.073859211855946,-3.8542210718944583,0.08198738140101744,0.07927681928595236,0.23146263000343664,0.12520979557285772,0.03876496722917716,0.6980755857223019,0.5477043955967834,0.22159548881395694,0.8569729161028824,0.6651423423955035,0.6014964537295068,0.04223279755947845,0.40894205119510074,0.8105659700341112
270,0.43749199838864455,0.005079287222110854,0.015,0.4174127111665337,-7.844968516752369,-6.267627228872545,0.05590213575999162,0.05455017269876054,0.23579995677002197,0.0748632032746949,0.03694106824528834,0.7264009499244853,1.2053164365779065,0.15527883398800119,0.7740375082529106,0.8875936805944349,0.714822281322083,0.13474087832700232,0.20938689767425064,0.22091137189253046
734,0.43790809529899805,0.010460515744939081,0.015,0.412447579554059,-6.9260755749125735,-4.7060342481371675,0.09875854278363352,0.09604798066856843,0.2450932971764332,0.13173590111046302,0.06578118445680405,0.6352790031786321,0.5831391945790927,0.12577114020267083,0.9342579300458722,0.6204993531192778,0.29561748960512413,0.06762654117940649,0.13378300541132987,0.8391529337900068
857,0.43841508484471636,0.013149199182017322,0.015,0.41026588566269906,-5.811047479764194,-4.337367166303415,0.10420773964960142,0.1014971775345363,0.24809060784606818,0.15294874687625096,0.05546673242295189,0.7063145133238656,0.8357193349975531,0.12336819897058024,0.79093416793131,0.7238957023803545,0.30627658254882284,0.05878616813534364,0.3029955647864056,1.0923573598674994
249,0.4388844105432416,0.0066478578731629856,0.015,0.41723655267007864,-4.614861198123718,-3.051419482893527,0.07244897452075456,0.07001450333679832,0.22712541194319283,0.11054071798809134,0.034357231053417786,0.7424510259615359,0.8477169026868379,0.2513154390361782,0.9162214375758345,0.8494783402405413,0.362610930569416,0.01,0.3774818984940267,0.6675472792240107
1150,0.4390380439064706,0.010490885791297349,0.015,0.4135471581151733,-5.965974329719073,-4.077714525688246,0.09579429614951795,0.09308373403445284,0.2425237189089868,0.1359429972872758,0.0556455950117601,0.7004763439922818,0.9026528432381942,0.10068986528593825,0.8748606584055729,0.6559767571306772,0.5616344327865905,0.04418963331452404,0.2231375592530745,0.9065752391864452
13,0.4391802756531079,0.014432048953655506,0.015,0.40974822669945243,-6.431250815171563,-5.271356285802756,0.10916892228447622,0.10645836016941113,0.25073224984995046,0.15958118455480896,0.058756660014143494,0.731802802005684,1.1084536172868333,0.11671576267524716,0.8401253966816209,0.8182861147655442,0.5280495772064001,0.09893075270865571,0.3258893426347726,1.1284735812938234
415,0.43926905677876743,0.017476548323726054,0.015,0.4067925084550414,-5.556501663037442,-4.109264739005606,0.11700752275481449,0.11429696063974941,0.2587379468414709,0.1736904817608652,0.06032456374876377,0.6655023060470004,0.48052582399304594,0.17268768635915782,0.9260291106588604,0.8464404407184908,0.5358089294625041,0.05166331792933833,0.3163190871334377,1.336639153968202
705,0.43956487604980876,0.005465989356294277,0.015,0.41909888669351447,-4.935445756155656,-3.291854421168748,0.06458408609285061,0.06225717680825728,0.22519661161854515,0.09646479949056322,0.032703372695138025,0.736453877184439,0.8403170830897337,0.22773008243008222,0.99,0.7936793442704828,0.43212182421434775,0.016880716001346933,0.3356771930462478,0.5061607991952515
133,0.4395991374344164,0.02509340602309092,0.015,0.3995057314113255,-5.266480343677874,-3.7746843288398146,0.13537219932354821,0.13266163720848312,0.2769251957007358,0.20241205223001127,0.06833234641708517,0.703913689372052,0.7931677542262607,0.16401957861634026,0.8917522079995015,0.9562414468413074,0.6284576233007863,0.040760451809608904,0.3200250717041158,1.6961656546677473
965,0.4397244478253788,0.006240921307533287,0.015,0.4184835265178455,-5.0300766367890155,-3.1544259802751404,0.0712599022480003,0.06887003215482228,0.2278033808920886,0.10448497511291253,0.03803482938308806,0.6923476245393881,0.6314427473073637,0.12444336681001947,0.9859806053721235,0.8030670996195853,0.34245161844609256,0.01,0.27787353126117914,0.5934059197512476
1125,0.4398797067611132,0.007985145147942664,0.015,0.41689456161317057,-6.514095763770419,-4.261658522761424,0.08538721175869762,0.08273483310597307,0.2365228580791091,0.11502369700866515,0.055750726508730114,0.711907753279318,1.1570599289929926,0.13729358789986215,0.8669681817266041,0.6206767926796315,0.6759889802856777,0.047476983163004374,0.14705203078463142,0.6672643544542449
363,0.4399385136029359,0.008981162481272825,0.015,0.4159573511216631,-4.744169144191361,-3.0737496681232246,0.08539559375421632,0.08279176679182018,0.2350407312444722,0.12900950309145348,0.04178168441697915,0.6603856767717103,0.35578380986459235,0.17841535173787815,0.9108713227848566,0.9172364377776975,0.49429655089104685,0.01,0.33492961465594995,0.8666665805220015
9,0.4399626802626811,0.0142867688664953,0.015,0.4106759113961858,-5.656027985325314,-4.132018063925306,0.10784434052321795,0.10513377840815286,0.2510435971171885,0.1588443626780635,0.056844318368372386,0.6753911098620012,0.6074212691259067,0.10881354688309275,0.8300433807330412,0.8496711930401294,0.4401512016241527,0.05044978827419675,0.30143818613117435,1.16075122337078
67,0.4401274858325345,0.00804191186813361,0.015,0.41708557396440094,-5.0692695169008015,-3.5866157005263,0.08102880361511405,0.07839462249148828,0.23119419015513046,0.12212077333576897,0.03993683389445912,0.6950524549669809,0.5672499547218701,0.17509937147032728,0.914137093609519,0.6189538699165029,0.5657148263698534,0.029208600055196585,0.35620352463561217,0.7740684868827089
1039,0.44048742009294,0.0041109519209857805,0.015,0.42137646817195423,-5.299638419455207,-3.6653302226475426,0.04311282346465288,0.04598084840254847,0.2349026321964292,0.06230249986517967,0.023923147064126085,0.6637760641679833,0.43981613875076264,0.11664115865230532,0.9429405528340724,0.8189325777844801,0.4322793684344074,0.029431541916757138,0.31213778175769163,0.1371751229989936
935,0.4405390394846558,0.012650440129280004,0.015,0.41288859935537575,-5.588798391356023,-3.9624761730654097,0.10237395835415111,0.09966339623908602,0.2469487561808213,0.15024723055456118,0.05450068615374103,0.732284311238776,1.190449323197647,0.03,0.8943717230792726,0.9485822627934588,0.3999098983284738,0.04233780282467588,0.2911566566354989,1.066423079340201
761,0.44082877413658805,0.014507859332801253,0.015,0.4113209148037868,-6.966205336690082,-6.0674285139081485,0.10995161069118806,0.10724104857612293,0.25042403558373566,0.1600200868125915,0.059883134569784606,0.685437331789021,0.6859678685704744,0.137437248427319,0.8639431123839909,0.7868666252755738,0.3717921275358976,0.13444638940259626,0.3413458542210314,1.0983138780273585
494,0.44119773644265825,0.004952578295683947,0.015,0.42124515814697433,-5.103265783133369,-3.1816783264344513,0.06009015088881155,0.05809740580798445,0.227940750068965,0.08715854365123443,0.033021758126388655,0.6726064726398736,0.444008525317105,0.17037811999623187,0.909983138592378,0.6581677317696794,0.4759351128410685,0.01,0.26459886898985324,0.4040658985646135
118,0.44146281992150327,0.014812426393729823,0.015,0.41165039352777344,-6.064392264276569,-4.519982466631428,0.11081702130963361,0.1081064591945685,0.2530002935170254,0.16077294507484383,0.06086109754442338,0.713164341783795,0.7279601774163722,0.26570472305076986,0.8194270341520585,0.9501454857819936,0.5191049077833783,0.06480218904857468,0.27643267269045274,1.1601016545502838
767,0.4415789295162836,0.011583040457612706,0.015,0.41499588905867085,-5.389258414536402,-3.4088266827425606,0.09925950600922866,0.09654894389416355,0.24559606818379046,0.1431587991800148,0.055360212838442495,0.721386089106307,0.9954942194616729,0.11883694212979012,0.8920323170361373,0.6763436223142204,0.5968690140598133,0.018469761655168712,0.2347035229159199,1.0003769869897132
859,0.4420487699065945,0.0250959855040151,0.015,0.40195278440257937,-5.916797556098041,-4.180893276811584,0.13916887299424763,0.13645831087918253,0.2797720671130483,0.2002890314774602,0.07804871451103508,0.6892794642654344,0.8666428369923208,0.10164434727194953,0.8868970434208724,0.5530398585463028,0.4615060651618432,0.05327923880426099,0.23997324306856177,1.6322277045106501
310,0.44245185861695846,0.007785296994275561,0.015,0.4196665616226829,-4.720082046286411,-3.1686893152265347,0.07905032183942169,0.07651384474604953,0.23001767005381335,0.12050249535230373,0.037598148326539654,0.7164894614099183,0.5909710870290081,0.2762281118700325,0.9325208538310175,0.7526923549821537,0.5593508387062007,0.013608718957172576,0.37207763024932333,0.7620151255094296
931,0.4434029739422465,0.013620557497737293,0.015,0.4147824164445092,-5.734151034640847,-3.4997700411964523,0.10906356194554528,0.10635299983048017,0.25350290833580813,0.15198262356289322,0.06614450032819737,0.6289222987701801,0.5505188274723616,0.03,0.9552872298781517,0.6364624853798537,0.5365709359437012,0.01962703947993123,0.16982412896170274,1.0858078335802859
591,0.4434226827428807,0.008284059074228578,0.015,0.4201386236686521,-6.234847928670992,-4.781222315105955,0.08430049127791939,0.08158992916285426,0.23262006308643615,0.12202136654312568,0.04657961601271309,0.7579624281031206,1.3190053713060905,0.1356844659948996,0.9855176902745256,0.7244864046844515,0.49463402841636067,0.07230434742051953,0.29568231993680427,0.7241000751599822
663,0.4437129062311433,0.024348429319862558,0.015,0.40436447691128075,-7.305827849279393,-4.7837001026419586,0.14680214484523388,0.14409158273016878,0.2859844394541144,0.18836025260855496,0.10524403708191278,0.6374707999445931,0.8948475970393623,0.1436171996457691,0.9357470802043257,0.6123551910401487,0.3108452475284206,0.07387575584923384,0.07653846139170914,1.4408665687359297
481,0.44371631224657193,0.011770447691672885,0.015,0.41694586455489907,-5.8439789913369475,-4.2392692087851955,0.09967985333481347,0.09696929121974836,0.24434456208107103,0.14532138361281327,0.05403832305681366,0.7514179362020151,1.2333756177958493,0.14866177767255656,0.7608838431790782,0.8332824922300193,0.5048296992974238,0.05156420087665248,0.2852370310150024,0.9896758164370723
483,0.4441587760133025,0.025982857571981204,0.015,0.4031759184413213,-7.401511698812871,-5.674606467583375,0.14588573657617418,0.14317517446110906,0.28424683801991146,0.2004819721821547,0.09128950097019368,0.6530088920681298,0.5871693995732472,0.18800108895029738,0.9276125597501174,0.8579777715066316,0.2741713831050375,0.11612822611384446,0.18602685621167725,1.5502818931457913
374,0.4442910864046725,0.007956130568269132,0.015,0.4213349558364034,-5.956474304572456,-4.583626339842359,0.0818716006193235,0.0791610385042584,0.23103938634748697,0.1202290350740903,0.04351416616455669,0.7108297027514163,0.7654417671757899,0.13985630698925938,0.9315493163471582,0.7064610074610025,0.5082802436627197,0.06513162187194065,0.32523796244461917,0.709941460019395
16,0.44434676597766715,0.0054555789345451045,0.015,0.42389118704312206,-6.223856497031386,-4.192056177261016,0.06495389403417277,0.06269268459711944,0.23050757064494892,0.08966523367007169,0.040242554398273865,0.6629323596368981,0.5940838986541802,0.09602862765218065,0.8917637331446415,0.9087299835403397,0.5200236923492815,0.044289145866607225,0.19680655772168565,0.3971141399064315
350,0.4446236325198595,0.027707744821179048,0.015,0.4019158876986804,-6.233455621895335,-4.9512142580517535,0.14398570475696673,0.1412751426419016,0.28333447747569174,0.21075648700710398,0.07721492250682949,0.6747512821840432,0.7132171852431759,0.09539006071557055,0.8691993582538073,0.6852572057795803,0.6613863029587358,0.08836466628992172,0.3053496026083529,1.709990542699773
1042,0.4451480248172868,0.008048169087137238,0.015,0.4220998557301496,-5.656175631826601,-3.8277920591013213,0.08311433412309682,0.08048192956660685,0.23302358359947203,0.11998822458316769,0.04624044366302594,0.6962050441144553,0.7776797369672066,0.06798941362514128,0.9096075801497792,0.778341503068655,0.4157751746899467,0.03305939050360689,0.2576025861747688,0.7235788554772437
731,0.4461370007420747,0.008656083173424619,0.015,0.4224809175686501,-5.818736923692211,-4.034138900597832,0.08645555258670046,0.08374499047163536,0.2346612883580509,0.12461070898607353,0.048300396187327385,0.7274897588955319,1.1304388375744585,0.03,0.8440187555841375,0.8005651659647635,0.3615897950482734,0.04070046713823978,0.2595674546571429,0.7632330008347112
100,0.44670138220403677,0.015158265249171464,0.015,0.4165431169548653,-5.6730431081674455,-3.63148238257888,0.11308878093865367,0.11037821882358859,0.25583826164338125,0.16104946580277676,0.06512809607453057,0.6612744703693291,0.5577791336887201,0.10733443118736269,0.9022569956943837,0.7682018742561104,0.6337908003442845,0.02566337699547073,0.20876672746285418,1.1723951938673662
439,0.4470130826838377,0.014762938184872357,0.015,0.41725014449896536,-5.628998848054044,-4.3222615198766245,0.10859035201333629,0.10587978989827118,0.2504310547232712,0.1626177257898752,0.05456297823679736,0.6676678907039064,0.4306523208858796,0.1719164735666736,0.9205516160452932,0.9121167673661017,0.5505520692198921,0.057511384947441284,0.3510480215104144,1.1691018423046176
788,0.4470367004112998,0.004561879349222105,0.015,0.4274748210620777,-6.013039034651941,-4.657610222161056,0.05062718360796218,0.04971709968401223,0.2318566325187611,0.07337353003544297,0.027880837180481385,0.7322104590573536,0.9705780156886578,0.09178942044694843,0.936606055770741,0.7741745643697707,0.7013228967277108,0.06579205402701234,0.3328467089164747,0.22093232626969472
1110,0.44745003924053756,0.04935387731823328,0.015,0.3830961619223043,-6.445234075739127,-4.400592798140819,0.19005599947534285,0.18734543736027776,0.3313126127085852,0.25997149792980906,0.12014050102087663,0.51697605330736,0.2835813934166682,0.04650716952717437,0.6346366339854631,0.6942761804794068,0.3959851759345535,0.06834567457501556,0.14088101658670796,2.3765956765674376
585,0.447596834904194,0.041092585197468105,0.015,0.39150424970672587,-6.218756223172376,-4.845279513677532,0.17028699960856797,0.16757643749350287,0.3101513604883811,0.2474534785647689,0.09312052065236706,0.6692581465632689,0.6526692116242022,0.17711209274994644,0.8591223399993333,0.8804383341650526,0.6048342377339455,0.08797841940989456,0.27796399531601146,2.1668532677116428
345,0.4481295999163218,0.02773629512107609,0.015,0.4053933047952457,-6.662551173736889,-4.95301111331712,0.14770932312544102,0.1449987610103759,0.2865620039411913,0.20816056809397265,0.0872580781569094,0.6341569978879164,0.4691318707661327,0.13855143956426222,0.9567104727587701,0.9262923507519647,0.41520463065389307,0.08374557080910733,0.21416084841720845,1.657435364886448
992,0.44820929016769323,0.011669413857728232,0.015,0.421539876309965,-6.124193234716785,-4.976712842763311,0.09854881679290575,0.09583825467784066,0.24172207340058222,0.1461610099513878,0.05093662363442368,0.7152909081858972,0.8836120896768151,0.061306217639501046,0.9416107390604286,0.8595014007487896,0.6618389780498236,0.08204160210836509,0.3579651730152191,0.9602481158169723
1052,0.4489527677808546,0.017169518472440675,0.015,0.4167832493084139,-5.928955269638174,-3.8914747822921356,0.1201005587237243,0.11738999660865919,0.26103667375010153,0.16979768724725122,0.07040343020019735,0.6673673705345958,0.6977689038270687,0.06562058609702509,0.8240576978190239,0.7108083022740824,0.3762582897478075,0.0350867471304261,0.20071807968196853,1.2503988716659156
528,0.44938133810029635,0.03970149634369779,0.015,0.39467984175659854,-8.981727337671352,-7.168927181950273,0.17895672174693752,0.1762461596318724,0.3153185100473379,0.23438543991478483,0.1235280035790902,0.6359913137927506,0.8712295175910748,0.1415408171555663,0.6537808371406665,0.7460225141422387,0.21611374236270706,0.19610186864144183,0.13277648610900866,1.8552911371199479
1167,0.44945260246284274,0.01368946401919954,0.015,0.4207631384436432,-5.451448239212637,-4.512529077691607,0.10345476134191749,0.1007441992268524,0.2454147658022262,0.15882657741917103,0.04808294526466396,0.7506151186719605,0.9641037248818557,0.204166101074036,0.9268503749786985,0.7483393342817145,0.6326415946080226,0.06676392928202077,0.44789904326639374,1.111637039858087
207,0.4502468201453075,0.011970677595199451,0.015,0.42327614255010804,-6.5679987622926,-4.749182406812183,0.10286245393430765,0.10015189181924256,0.24611519996413342,0.14471771637642813,0.06100719149218716,0.6982746159235218,0.8686514384223856,0.09439437899655202,0.9135299983304869,0.7694675334093244,0.5856945751747957,0.06710461042452831,0.22052324163061857,0.939285368775837
741,0.45029605989706334,0.009312124232082249,0.015,0.4259839356649811,-5.940970251060163,-3.8265967738087334,0.09107916619005854,0.08838199337417262,0.23847214595181984,0.12772269811086218,0.05443563426925491,0.703464011237038,0.7506865227596231,0.17151412558184234,0.9410415801085175,0.8563783070917759,0.4693145394739455,0.029588059906115294,0.1962364874154185,0.7864636573582905
502,0.4504274023737395,0.01964416398910659,0.015,0.41578323838463294,-7.139641144760954,-5.226041940021281,0.1299615634459481,0.127251001330883,0.2684301135376672,0.17849071905669392,0.08143240783520225,0.6167233205855871,0.5779752338367695,0.03,0.9140646492164933,0.7489780844068613,0.31027276514868873,0.08908193850706611,0.17803765067810584,1.2868997284101575
1135,0.45046109474751905,0.009337413157666407,0.015,0.42612368158985264,-5.218182647707301,-3.2323365502585446,0.08921614455391094,0.08660616148115102,0.237258056097526,0.12997259420107987,0.048459694906741985,0.701648604695099,0.682820382956261,0.12669066640233204,0.8738486889788132,0.721134165320846,0.6378879253553392,0.01,0.25407232069501234,0.8311961901216824
413,0.450709781445369,0.015668259018044146,0.015,0.42004152242732484,-5.6407878465726204,-3.593965197735091,0.11465357532687036,0.11194301321180525,0.25667618862851954,0.16382737257169927,0.06547977808204146,0.6723117019014662,0.6577591287005745,0.07105643263401622,0.8282340290287293,0.794851644576295,0.3863299945293154,0.02332333112795979,0.21436448586252324,1.1880496769804088
1024,0.4508003627810909,0.016069570528428407,0.015,0.4197307922526625,-5.664171986978966,-3.5732053071411425,0.11619817516964184,0.11348761305457675,0.25796940842830307,0.1653553606380474,0.0670409897012363,0.6998698833757961,0.9568940407074173,0.03744085204514434,0.8734612382946344,0.9070051826744792,0.7002002093751831,0.022161354331784254,0.2068689737675799,1.2042807149333652
616,0.450938599382611,0.019276776821034645,0.015,0.41666182256157636,-6.632868179890912,-4.828790632363783,0.1270775516817578,0.1243669895666927,0.2661093019854738,0.17873317675239792,0.07542192661111768,0.6967281366840484,0.7191202105874083,0.20911754616659156,0.947507628442049,0.6992731864554332,0.5864963666003208,0.0730508852359665,0.21264801103300868,1.305591732148758
129,0.4510404659152391,0.0043334171146698726,0.015,0.43170704880056926,-5.586066216142923,-4.255418433487809,0.043274154887625635,0.04719165610267359,0.2343815889805075,0.06314426518422542,0.023404044591025856,0.7451847710799041,0.9454776809841445,0.14513181212048315,0.8671532429332013,0.8711773175780005,0.5141031731287814,0.050048234483161536,0.36990046314774727,0.11768603372556885
149,0.45236887079138405,0.015101710550588753,0.015,0.4222671602407953,-5.646510568160944,-4.523862222049956,0.1091732407221933,0.10646267860712819,0.24985564760558143,0.16526044998171743,0.05308603146266916,0.719785733217803,0.8892173702597701,0.03,0.8371261881916637,0.8894074476163151,0.534437167860154,0.06483097695656315,0.39657180839267514,1.168679000262233
299,0.4524537748312417,0.020719643574372386,0.015,0.4167341312568693,-6.820426344139069,-5.30678741463968,0.1302472156677279,0.12753665355266278,0.2682556866643422,0.18562960447325036,0.0748648268622054,0.7102315846766416,0.7931992729848186,0.21690076398178063,0.9297565832665589,0.6191117170414127,0.5578844430094873,0.09438309475912433,0.25297653093679756,1.3584285302024197
1009,0.45253980349834116,0.01083126463260699,0.015,0.4267085388657342,-5.913419242936136,-3.6882669948488127,0.09846572410260213,0.09575516198753702,0.24418963469014865,0.13718822213837073,0.05974322606683351,0.6877150475915872,0.7248706784878342,0.11965668673938788,0.9499608755822585,0.98,0.5534633903370497,0.023532928226156623,0.17880759185257594,0.882908591109182
223,0.4527902525313113,0.009207740637594563,0.015,0.4285825118937167,-4.973458987268864,-3.669569862716337,0.08582201692193381,0.08311145480686871,0.23295633736590637,0.1319733305161368,0.03967070332773082,0.7491119866495126,0.9461184756458098,0.1348766538579804,0.9229326398358968,0.8309914174150315,0.4883286475241785,0.030890414187332703,0.42104319715630856,0.8372976472527369
791,0.4528800604430363,0.015487278021739952,0.015,0.42239278242129635,-6.736058788820905,-5.03950155746666,0.115434018798939,0.11272345668387389,0.25537500426034015,0.16315109014375628,0.06771694745412171,0.6728208544609728,0.5380153220638059,0.1765008608621816,0.8975344113978077,0.6932894135874801,0.2851799884725866,0.07994593227546966,0.2305389555304352,1.1189395920361533
706,0.4529209198740546,0.013347048537903642,0.015,0.42457387133615093,-5.331922220360335,-3.802936578473622,0.10378873712753513,0.10107817501247003,0.24674354007211333,0.1556562747180858,0.05192119953698447,0.7091626418657258,0.7261858915933888,0.10208336054410913,0.9163694855036187,0.98,0.4844961797308158,0.03432539741261398,0.3383245625490145,1.086250111892388
262,0.45356507108549293,0.01698434763471778,0.015,0.42158072345077513,-6.247834316513758,-4.8934801958690795,0.11749722865373598,0.11478666653867087,0.25661927307052096,0.17226320403084233,0.06273125327662961,0.7144416440270042,0.9069926060491079,0.07617607807111342,0.8896825918963742,0.7294394862137641,0.6915087296099991,0.0769804525546363,0.31322296949109985,1.2237764727235496
608,0.4536865049905148,0.008225878622715694,0.015,0.43046062636779914,-6.246065784725598,-4.503468871021265,0.08454821790745459,0.0818376557923895,0.2328493776846218,0.12076598107692134,0.04833045473798783,0.7256309102478001,0.9962423714537482,0.09072049773886351,0.8062669284499668,0.7965293477263263,0.6652339677562438,0.05579391691817783,0.25448945052373956,0.686675073643324
555,0.45386225042397366,0.01351658563256512,0.015,0.42534566479140856,-5.873851252184478,-3.9091575820385374,0.10767197170345129,0.1049614095883862,0.2503910142733982,0.15382494265394225,0.06151900075296031,0.7025635375280352,0.7865961189300719,0.12011525759151036,0.8173097470024812,0.9008845913803051,0.15080154178972494,0.033930854418976336,0.22547297330244645,1.0533443960337094
77,0.4540890661395869,0.010808598867036431,0.015,0.4282804672725504,-5.593316671820701,-3.887849429853355,0.09554947071503157,0.09283890859996646,0.2406682445343073,0.14034772866597084,0.05075121276409231,0.686990859212424,0.5889710943992895,0.10340977401438511,0.9462619006889709,0.9528341929102667,0.4414978371234642,0.03470814579944872,0.2899379951136828,0.9115258599953555
879,0.4546423937669966,0.012336711982067618,0.015,0.427305681784929,-5.3086946409979054,-3.696928899699969,0.10041827245253457,0.09770771033746947,0.24423886918107457,0.15009789824702652,0.050738646658042605,0.7294186604058225,0.8816189830636718,0.10717095010899846,0.9303270998082779,0.7170998099733344,0.5967789471040817,0.02912339021677062,0.32703257791947116,1.0219515552761194
727,0.45465592586736625,0.014972526422954114,0.015,0.42468339944441214,-5.422843429680846,-3.268866677355724,0.11235576903160076,0.10964520691653566,0.2549059368296697,0.16069349335895625,0.06401804470424527,0.6762175002383648,0.5248332325352619,0.1529477677673555,0.8919438807143368,0.6033928441568919,0.31441649253270854,0.01,0.20734160514480243,1.1491923986123098
80,0.4553258336695233,0.009884284401253498,0.015,0.4304415492682698,-4.991462222638045,-3.20098887339453,0.09035018404880132,0.08771052459192594,0.2372261825368771,0.13514670180566668,0.04555366629193594,0.728874139676888,0.8789242302628395,0.07255316467074444,0.8992930479288864,0.778509618534958,0.3449739071767233,0.01,0.31558335010061833,0.8736571424015279
373,0.45619422500906964,0.006443842806932413,0.015,0.43475038220213724,-7.000890602181989,-5.855858610643691,0.07170849765915627,0.06907855422184374,0.22659709202033193,0.10306634791113437,0.04035064740717816,0.7096370368702941,0.8244377995551697,0.07011787611880083,0.8047595304838542,0.7644866813346592,0.5974245867014782,0.11075190942151898,0.32223351516420373,0.47142504644721495
699,0.4564771031083164,0.016261863720604074,0.015,0.42521523938771233,-6.431694869279521,-4.4003739943393,0.11872480691659706,0.11601424480153197,0.25875412808547665,0.1657364224984183,0.07171319133477583,0.6380628536233159,0.44918697328366314,0.09874794569984313,0.927911492965949,0.7671536918789104,0.4173266890665282,0.05185596427969853,0.189126238416283,1.1543691584202076
26,0.45677968001307356,0.005196607224045394,0.015,0.4365830727890282,-5.469669285626902,-3.5335225224995046,0.06100140429192505,0.059040317812125535,0.22840514200110518,0.08786969340043366,0.03413311518341644,0.6698505833861523,0.5331926577827119,0.03,0.890484043648123,0.6916337299903246,0.4324964730108256,0.018433011985966828,0.2617625504232402,0.3672177791116128
1113,0.45812268323333655,0.014129086783430797,0.015,0.42899359644990576,-7.2896657328423,-5.481211412967322,0.11242679173499773,0.10971622961993263,0.25231188105270497,0.15550312592731536,0.06935045754268007,0.6674666489541434,0.6669201201523001,0.09275445545417271,0.8987867184552623,0.6939938858183805,0.3367085268184067,0.09401689337255212,0.20136029134429856,1.0001193850922874
459,0.458708144806858,0.018719388004320076,0.015,0.42498875680253795,-5.179555512784231,-3.631619708445975,0.11976185454813455,0.11705129243306946,0.25970549279497246,0.18092975860090182,0.05859395049536728,0.7324612874379476,0.8424866138581284,0.16099759257921975,0.8623971611760176,0.8558064751548128,0.39689961509124916,0.028084750748768265,0.3460257435483153,1.350876768652073
1025,0.4587271814071134,0.012113200918535917,0.015,0.43161398048857746,-6.786205216710386,-4.463925983465536,0.10598549931451924,0.10327493719945414,0.24894788725146208,0.14269550364887787,0.06927549498016061,0.6785997036692887,0.6315126309723745,0.17864047887291226,0.8681700223755803,0.5995265733433601,0.3341117344602501,0.050358401085930114,0.1396904694220376,0.8930222497729646
807,0.4587812063090403,0.029404946797410316,0.015,0.41437625951163,-6.981033624105368,-5.627987061575494,0.1507409368014854,0.14803037468642033,0.28753307253551513,0.21599817082534936,0.08548370277762142,0.702077400935042,0.9709460466590287,0.0676944130333485,0.8603504725073641,0.8388553645785543,0.6492383794119113,0.1099979206993372,0.27112093196064685,1.661588427083232
1061,0.45906196487331674,0.0046683830534360255,0.015,0.4393935818198807,-6.08850436089109,-4.162904203687649,0.04553952419135629,0.05062170320735698,0.23710398862236431,0.06299167165870559,0.028087376724006994,0.7151774322168467,0.6916801092602284,0.19141293218188077,0.9182300482069641,0.6921519479653803,0.7068705526060182,0.03945864203649273,0.23683577811917791,0.1
1053,0.46009623500484886,0.006712063477759801,0.015,0.4383841715270891,-5.659785123780501,-3.3825858506815734,0.0755050622716781,0.07312762570537615,0.22997581422396302,0.10557645757113045,0.04543366697222574,0.665403828636234,0.47207704916976156,0.10819022804149159,0.9580810744037332,0.8219173697082608,0.4872895849393476,0.01,0.1894197829360707,0.5397724215857356
582,0.46102115193539317,0.012158922722952877,0.015,0.4338622292124403,-8.889335032083531,-8.203374421176493,0.10403116882059854,0.10132060670553343,0.24255087953236798,0.14589555367792156,0.062166783963275504,0.7822848644532381,1.3319513008055488,0.3368885672603854,0.7080808218131436,0.5309849333192669,0.1359885330177996,0.21849898619284802,0.30791767806420195,0.815493500520864
529,0.4617478502423267,0.012284124308978971,0.015,0.4344637259333477,-5.9291421013663115,-4.120313534011085,0.10259979111006175,0.09988922899499664,0.24525044322154427,0.14852133219586108,0.05667825002426242,0.6979624529915567,0.69905929845966,0.08664659167830578,0.9526398111795046,0.8829522832294032,0.49391128614271107,0.04025574480762702,0.26054164510468303,0.9622768046867881
479,0.46242566137453456,0.011391002032067141,0.015,0.43603465934246743,-6.013375875919662,-4.430240478763283,0.09846988722912375,0.09575932511405867,0.24140324062495896,0.1441666994414826,0.0527730750167649,0.7192424752891388,0.8055310833821208,0.10547700408274575,0.8079292525636508,0.7116987855500599,0.6633700666992262,0.05269196440887841,0.29939168924223036,0.9058883654177065
520,0.46252410106506614,0.01124971761512976,0.015,0.4362743834499364,-5.979557788321023,-3.5781900471145787,0.10113311116004273,0.09842254904497763,0.24568310926479214,0.1391020505127389,0.06316417180734653,0.6930348244332645,0.737100726994004,0.125347850056641,0.8492459301700985,0.8071906153601588,0.42082100126205974,0.015982381917676432,0.15629572087827642,0.8709013527260929
209,0.46278388197972453,0.007804503597341597,0.015,0.43997937838238294,-6.12973115579019,-3.9048284601504863,0.0830499118706094,0.08051509086395167,0.23311936609193767,0.11525319089458891,0.05084663284662988,0.7127548388777378,0.8730236076070071,0.10942181159485559,0.9137808374324338,0.8889373053849841,0.4283696657004873,0.027817061360335,0.18585544849667895,0.616789811394578
963,0.46278468041599147,0.01463887825852281,0.015,0.4331458021574687,-6.017640243905907,-4.525985344077485,0.1100410148780479,0.10733045276298278,0.2500555542776502,0.16207682150724462,0.05800520824885119,0.7449329567802948,1.081604477657987,0.08844533438322288,0.9612992896160575,0.7334796762018316,0.5287294056148734,0.057800581831738945,0.31390959630743454,1.0902666231680778
318,0.4629025227921686,0.0443556873845561,0.015,0.4035468354076125,-6.311462562267775,-4.131679812918383,0.18212727916099475,0.17941671704592965,0.3210824934147095,0.2510553168195582,0.11319924150243124,0.7122962619448888,1.397474694261669,0.0851981480379489,0.8080210980241026,0.7579893260131656,0.48781021127952956,0.047196442745453614,0.15229477453936524,2.1505426983843963
855,0.4631831570831211,0.014312977268169722,0.015,0.43387017981495135,-6.019386270790188,-5.087407883339669,0.10722334144108087,0.10451277932601577,0.2465847193206053,0.16228729943964576,0.052159383442515986,0.6787347663327672,0.47822207260714944,0.09989727122450992,0.9628781502786026,0.7864547618000528,0.4114495283586041,0.08333987901614757,0.41611631592313014,1.0754857483512212
961,0.4637382392689033,0.020854229714846996,0.015,0.4278840095540563,-6.045232203813208,-4.362146168704069,0.12915587760826408,0.12644531549319898,0.2671668095520281,0.1879206874696941,0.07039106774683405,0.688680604586396,0.6054590713153206,0.13530595583811425,0.8807861559340862,0.7864455459285153,0.1,0.052057754096065785,0.26949532354924516,1.3738847670684617
317,0.46427126868662605,0.019022325250622384,0.015,0.4302489434360037,-6.616948058655163,-5.298758148422703,0.12442184717621652,0.12171128506115139,0.26139255438199094,0.1814308500859145,0.06741284426651853,0.7211284660980497,0.8413541511812596,0.14280231278212474,0.9699858598941594,0.8076907534008984,0.4785960561481453,0.0894583123900585,0.3083139882419103,1.2634528219555197
793,0.464325196178404,0.020435076664872744,0.015,0.4288901195135313,-4.976908315223991,-3.2973704110725217,0.1241622664596599,0.12145170434459479,0.26365792126026655,0.1880330029667777,0.06029152995254211,0.7146238922235654,0.6649510168122534,0.15322393997866318,0.9201717990565527,0.8593999659514465,0.5715632671161551,0.01464899699783656,0.3365950550083078,1.4200419383884857
144,0.4645128282339184,0.007741798382510779,0.015,0.4417710298514076,-8.657130220907295,-6.823719105925617,0.0824900925051771,0.079779530390112,0.23311942765363086,0.10915398853631836,0.05582619647403583,0.6561665921964902,0.20930428501886672,0.3210603936226317,0.7289792660309811,0.8975592614521268,0.4171014994243451,0.14561869855136933,0.16435722257169066,0.48541195020380484
914,0.4651161642312017,0.006646441598944911,0.015,0.4434697226322568,-5.655775715987339,-3.8188564164863337,0.07357341603773586,0.07113781750285464,0.22690432761507073,0.10700518973295822,0.04014164234251348,0.7465041686477747,0.8532066900025913,0.2247306147912868,0.9328558740202506,0.7430162488415597,0.6410140150788151,0.027280419798411698,0.27955216945294015,0.5344899011143156
695,0.46517197067838945,0.012965346976438112,0.015,0.43720662370195135,-5.666525042962018,-3.7598604410979544,0.10485673792448602,0.10214617580942091,0.24707194191721923,0.15249924261519116,0.057214233233780866,0.7316919565313476,0.8934756452668552,0.1313244753760218,0.8825723636143094,0.796937608323536,0.613961840078592,0.02613732000307861,0.25955631316481137,1.0037032218414912
755,0.4654282346411538,0.019421312213182666,0.015,0.4310069224279711,-7.908849674530713,-5.993093200655924,0.13119533399630048,0.12848477188123536,0.2671494562593479,0.177839430003497,0.08455123798910394,0.7052237672142115,1.0524934987035985,0.11036243291500858,0.8629954718736831,0.98,0.4939210955942313,0.11366331182649844,0.1717776248290565,1.1865465578024206
607,0.4654295283752929,0.019432711776395172,0.015,0.4309968165988977,-6.541708273963658,-4.414711288870116,0.12909822939358828,0.12638766727852319,0.26699327947254425,0.1791168621923347,0.07907959659484189,0.6525700748469883,0.5279647043635074,0.09729546732194821,0.8955423620848915,0.8329661548795882,0.5616719276850854,0.049792368337419804,0.17650418611826652,1.262003014111668
46,0.4655439785146082,0.01292852969108104,0.015,0.43761544882352715,-6.404030392974035,-5.313877266978583,0.10381687641781989,0.1011063143027548,0.2438182933078872,0.15418419122151497,0.053449561614124834,0.6077197047109673,0.2,0.0923563235713877,0.9438418831340728,0.7709418252289775,0.5252182354475862,0.08921182988158853,0.3598770097931374,0.9751103434985897
599,0.46555610195118513,0.013221729224711877,0.015,0.43733437272647324,-6.577408675941366,-5.08699995196181,0.10649255410075623,0.10378199198569113,0.24656105040180537,0.1541162116917134,0.058868896509799054,0.7540661582502638,1.2086603366943236,0.09947413540032318,0.99,0.8005429466759649,0.7271917687977781,0.07700724049806748,0.28945714368485376,0.9763729545208288
365,0.4655670361544455,0.012985814908370311,0.015,0.4375812212460752,-7.053988976246853,-5.425274467318731,0.10707783080354828,0.10436726868848317,0.2470255031031365,0.15142713381868564,0.06272852778841093,0.6895368717427689,0.8007614188530899,0.03,0.8977226417716369,0.7680696868355271,0.3956415556926759,0.08893221690662716,0.24575585263462252,0.9361081046463086
869,0.46597145805782453,0.02232371573654168,0.015,0.42864774232128283,-6.055151554463213,-4.196179802332525,0.1338638502524559,0.13115328813739077,0.271661884180028,0.1926630732895741,0.07506462721533763,0.7118507492886463,0.8522174031698894,0.11142676639867091,0.8792463251672042,0.7535447464076958,0.30239466203137055,0.044217638955652304,0.24018313851862597,1.4217488233065196
584,0.4661055477092292,0.015956712198226735,0.015,0.4351488355110025,-6.256726159280627,-4.212926477929711,0.11731299893375882,0.11460243681869371,0.2566848201922945,0.16560089490020147,0.06902510296731615,0.7042807975153744,0.9213084055166036,0.041951656227352876,0.8683178120850348,0.98,0.42017474089451995,0.04140738596971479,0.2073685822655114,1.1209044422388965
93,0.46623522046672744,0.008580967644101883,0.015,0.44265425282262555,-6.186917301675575,-4.132416310091514,0.08703908385810263,0.08439797710255427,0.23415057731568636,0.12269429295040869,0.05138387476579659,0.7202971044274276,1.009618406376768,0.03,0.9231621316542032,0.9592666965839645,0.35620795247630643,0.03632696557556378,0.2163171243778918,0.6780354234120897
29,0.4662413338010433,0.013526859786890662,0.015,0.43771447401415264,-6.376742628799316,-4.733785853927503,0.10767450380807482,0.10496394169300971,0.247946275373301,0.15552646236870638,0.05982254524744328,0.7080230320742612,0.7592033218546952,0.09917933935554461,0.9275850035688906,0.9032970134176226,0.5198172392777294,0.06266323070237133,0.2719343856495395,1.000030381512909
370,0.46624329480887255,0.009964441016529593,0.015,0.44127885379234294,-6.866554783440894,-5.253487555673749,0.09386831673003052,0.0911577546149654,0.2369969244927229,0.13346119290246716,0.05427544055759387,0.6933781149954525,0.5709268369934548,0.1659425757356857,0.8898107881100599,0.8140987893983789,0.6386504640689292,0.081073426593349,0.2571079174568206,0.7588017651238399
62,0.467769104379031,0.012733469693906856,0.015,0.4400356346851242,-5.6151643810608425,-3.3863350736100992,0.1052934073334248,0.10258284521835967,0.24806006874979486,0.14982782179204152,0.060758992874808064,0.7544544850667144,1.2189436921964223,0.1251662735065857,0.8820356317274273,0.7231401868035475,0.3683865095013258,0.01,0.20693965205373327,0.9745550626052544
979,0.4678553970664633,0.016517398789738263,0.015,0.43633799827672504,-6.209889776499576,-4.5122146331771384,0.11745078182606289,0.11474021971099779,0.25585953745733525,0.17015389340399678,0.06474767024812901,0.6065381537070033,0.2717469475777326,0.034167142546216445,0.9361512893169056,0.6825465602399088,0.5382609364194173,0.05491668262969088,0.26380177361789203,1.157825873217653
232,0.4680246617141694,0.015218555998536528,0.015,0.4378061057156329,-5.296185395916546,-3.4704247238177963,0.11111470650404484,0.10840414438897975,0.2516774627887587,0.16503552758532927,0.057193885422760424,0.7084211431620219,0.7144066564582743,0.05861978296266211,0.897983220395474,0.8054827614250313,0.22510897922742917,0.017055512258737963,0.296367875334414,1.1393411425824678
464,0.46832480531717186,0.007449949995963893,0.015,0.44587485532120796,-7.097615785141093,-4.990077413356489,0.08071960620036435,0.07813181765546565,0.23144040674078242,0.10977916334176419,0.05166004905896452,0.6607943709652173,0.5252630841693489,0.09893663495118536,0.9211300762171588,0.9364960055597427,0.6341839341318943,0.06641643855592863,0.1763831782227003,0.5219442949623612
832,0.4683953194663957,0.008652025322179376,0.015,0.4447432941442163,-5.751461160472832,-4.249874438615692,0.0850752499677888,0.08237328477863486,0.23093852676624002,0.12645714299747193,0.043693356938105665,0.7579246506293451,1.074740527419185,0.09808640684678002,0.862355969018637,0.794650531817459,0.544741403650788,0.04444711421374062,0.3406661827397876,0.7123082201097501
440,0.46845037333217804,0.025034011514153815,0.015,0.4284163618180242,-6.930718488037702,-5.441665331955878,0.14152592345632858,0.13881536134126352,0.2773807609474439,0.20275293743356296,0.08029890947909422,0.7356183294836118,1.0775155236523246,0.13639253901497986,0.8821960746123017,0.7145420276046798,0.5896357460282899,0.09453381950632889,0.26477613596775995,1.4708496245607419
231,0.46859937299054766,0.005538202284397042,0.015,0.4480611707061506,-6.521933854954307,-4.250973992130134,0.06217397217849397,0.06038296551785928,0.23324096472544648,0.0842021756474867,0.04014576870950126,0.7045056548713095,0.6559178739769237,0.18353256286428302,0.8981082785563299,0.8541307816785227,0.47500945202476047,0.0376824959336463,0.17118958924013816,0.2880103375478339
637,0.4686272930858615,0.020249933228873706,0.015,0.4333773598569878,-8.005738412505892,-5.213462397325068,0.13938062924561223,0.13667006713054713,0.2756721614217207,0.17273183946257806,0.10602941902864643,0.6479179083851528,0.7578526195932479,0.18621116063834323,0.9251970765034941,0.8170069873026027,0.39838789920664625,0.08121854530803246,0.05216523417331814,1.1378244551914523
694,0.4687994003687846,0.010708422783315297,0.015,0.4430909775854693,-5.196941716663396,-3.6644761902022283,0.09345314327079789,0.0907425811557328,0.2374577164261516,0.1417938394127985,0.04511244712879729,0.7472149366645285,0.8940933902006115,0.1139853206957698,0.8995104937784449,0.7325143119686905,0.6152682810357831,0.02503712007797532,0.3707424544673785,0.8862996994048632
1013,0.46883170116961076,0.010411343622685903,0.015,0.4434203575469249,-6.668497602603847,-4.817606931193571,0.09636570366940089,0.0936551415543358,0.23936904781934087,0.13601953533085565,0.056711872007946154,0.6736655948565945,0.5118920646649533,0.11495923443869416,0.8834383975341169,0.98,0.4497413942525812,0.06238940778290691,0.22846174197980185,0.7877455206970754
770,0.46922135765064815,0.02001745758782717,0.015,0.434203900062821,-6.740368215996128,-4.852280222819987,0.13004720286468507,0.12733664074961998,0.2668690295610664,0.18297235932143194,0.07712204640793818,0.6307029822711252,0.43645863947759633,0.04896258909322618,0.8375934146028922,0.9384484335679802,0.40652741276146903,0.06678410441545324,0.21056186868970805,1.2734321484747588
687,0.4692221440682916,0.007649112684606836,0.015,0.44657303138368476,-5.466995033129221,-3.380639675774792,0.08060871404281872,0.07815132850165238,0.23065329073730073,0.1163624252251795,0.04485500286045793,0.6770653237711136,0.49563311116242487,0.06451157167049651,0.8880449729626274,0.9798762156770938,0.7669568034798965,0.01,0.24380975494430318,0.6276312027662685
167,0.46933997150737095,0.01981875881924942,0.015,0.4345212126881215,-6.778760289648928,-4.747640803982982,0.13030148776925263,0.12759092565418753,0.26722439550173266,0.18128426919780366,0.0793187063407016,0.6791558202241511,0.69421525479196,0.0954490215270618,0.837305472378588,0.7639312963554084,0.3592414489901131,0.06162070870735693,0.18891076757015357,1.2563117282767786
611,0.47013566415958774,0.01897097999630674,0.015,0.436164684163281,-5.22545505904271,-3.4733835516409806,0.12162829830047246,0.11891773618540735,0.2604465391333725,0.1821299239841463,0.061126672616798626,0.7054855591785133,0.5780393298079103,0.1562887899403325,0.8773913369460609,0.8274569504604211,0.36469799585973384,0.018261403430853168,0.31210990843692865,1.3192084271461946
303,0.4701621933455043,0.021463687965356484,0.015,0.4336985053801478,-6.117156660736178,-4.465882251916969,0.13088898566710008,0.128178423552035,0.26791941655310736,0.19095046989782027,0.07082750143637989,0.7258231806727983,0.880165790788946,0.1258503248531576,0.8332978988859072,0.7855769275758114,0.5086133242203051,0.05413762081691646,0.27943910300933633,1.3741728561706792
369,0.47053965538529097,0.008166517203689308,0.015,0.4473731381816017,-6.367473811861848,-4.917786653693652,0.08313864698075915,0.08042808486569406,0.22980476173042436,0.12132599427072491,0.04495129969079341,0.7753959338002802,1.22575878394656,0.18213783340979905,0.9570954120642268,0.98,0.5657847057879002,0.06744716640722129,0.3168437067948608,0.636772248068229
747,0.470679993967882,0.011621413283651042,0.015,0.444058580684231,-6.159420409562332,-4.211210852741025,0.10097144855945114,0.09826088644438603,0.24328815632097137,0.1442505780456666,0.05769231907323568,0.7095190835578453,0.8119380233066371,0.061626929174326814,0.9364850650990282,0.7491843728096943,0.36137749649748496,0.03958394042289257,0.2361300540866966,0.8829426149186484
332,0.47078051626079187,0.013408994398775674,0.015,0.4423715218620162,-6.73774013003352,-4.803253522955053,0.10915125807389164,0.10644069595882652,0.249053871908147,0.15325175682289494,0.06505075932488835,0.72732086827681,0.9621536591767916,0.12704169077099092,0.898201485812759,0.7404290080113552,0.5151883009942004,0.06144795299890571,0.21415282955151924,0.9549840102904417
1163,0.47090125174655206,0.02249491594520256,0.015,0.4334063358013495,-5.931617858622472,-4.423387727206305,0.13225027427904779,0.1295397121639827,0.2693300897076425,0.1957910410947914,0.06870950746330418,0.6775574717164773,0.417039863527757,0.1870606098266741,0.8348522263944163,0.6961408701126927,0.4023418926465968,0.05410714692467571,0.31110168996783716,1.4293620040296386
274,0.4711821251071334,0.005800792908433782,0.015,0.45038133219869964,-6.528459261205268,-4.043349684672364,0.0652946628962235,0.06341936207716903,0.2338324006833545,0.08685373551906227,0.04373559027338473,0.6967390791532709,0.8379883637456003,0.0840690746392263,0.8759837617011217,0.8091384622715804,0.6269821823148379,0.028234449817536537,0.14114213878655027,0.31002491169344415
808,0.47129245112781226,0.01796593999034698,0.015,0.4383265111374653,-7.020119493521836,-4.932415699667003,0.12576066884913215,0.12305010673406705,0.26257228747764944,0.17321178626713984,0.07830955143112446,0.706102674639402,0.980185743702558,0.07770895466875857,0.9245817296515004,0.5611473098326426,0.3569971460142267,0.06680036473090753,0.1777083858648305,1.1537018598841065
728,0.47208624504378566,0.016711351815322642,0.015,0.440374893228463,-6.633163475189524,-5.397181699257219,0.11749722408266103,0.11478666196759593,0.2540407067550931,0.17255129479093886,0.062443153374383206,0.7480624548834099,0.9716462397832957,0.17178050117326832,0.9627063229366855,0.8620564115288306,0.526734111909165,0.0895766627223556,0.33170614929673353,1.1353943323194369
1127,0.47228422876727577,0.006507467720526048,0.015,0.45077676104674974,-5.334129173381949,-3.370033153075552,0.07214017820109084,0.06978844369282508,0.22628648354355912,0.1056210790360187,0.03865927736616297,0.6834296803133985,0.4696508521022526,0.07304031946968545,0.8876599674965732,0.6246073187316901,0.5375567625880459,0.01,0.2794219604266156,0.5135493721253128
620,0.47320652045440537,0.007325205195477361,0.015,0.450881315258928,-6.897970132413847,-5.042000327377628,0.07889619101156811,0.07630860904419175,0.22921172879511603,0.11033570234738807,0.04745667967574815,0.7169632486283856,0.8429347101945752,0.09487718825570753,0.8898834128988642,0.8167430307277954,0.531400456665467,0.06777401772056893,0.2283022127344486,0.5164175972403271
667,0.47339693803994737,0.009745186297689024,0.015,0.44865175174225835,-6.352847082056716,-4.045937703609933,0.09420433183037032,0.09152241885759996,0.23876650881536665,0.12986007201273636,0.05854859164800427,0.7135099340643896,0.687107955857067,0.20240486075514702,0.9002167630216523,0.7597102783275862,0.42802533638425494,0.030064454461898173,0.17152204293971585,0.7298648890024675
396,0.47347370785593157,0.005577411457281442,0.015,0.45289629639865014,-7.30772192590179,-6.072596819023769,0.05913860623823032,0.0572941336421269,0.230960043077265,0.08393284159470163,0.034344370881759,0.7698417647192346,1.2926405423448621,0.1002142107679842,0.641491586374839,0.9562966395990313,0.6090296145852998,0.10976401819514298,0.31094957761870007,0.2483487065721169
323,0.47355448323697763,0.013154296833190159,0.015,0.4454001864037875,-5.029255553415163,-3.2751180133268116,0.10304733528439433,0.10033677316932924,0.2449368627578143,0.15575302087392842,0.05034164969486024,0.702573490916969,0.49152260842585876,0.15339973405999555,0.8945001123160184,0.73235627743505,0.41556378553611445,0.01,0.3358067192120334,1.0283023610314435
111,0.4744039554895295,0.019207719863536088,0.015,0.4401962356259934,-5.946317138853677,-4.292583487031099,0.12436385156431831,0.12165328944925322,0.2615374376704384,0.18287149394823787,0.06585620918039875,0.7050338698436881,0.5768885095252155,0.17831583632279482,0.9865375588744425,0.98,0.6676380036170029,0.04604956946131339,0.29260435791548434,1.2760562338423278
1145,0.4750592455596322,0.016470651488216175,0.015,0.44358859407141604,-5.786935862275289,-4.147637619018447,0.11584920441576038,0.11313864230069529,0.25397701855628285,0.17152302477980955,0.0601753840517112,0.6681621320978667,0.3429739190544982,0.16145950911040446,0.896731655902111,0.654248306971491,0.5546447361282267,0.04031502222878526,0.30488254652806207,1.1590264772491263
109,0.4756696463370126,0.00730806158635439,0.015,0.4533615847506582,-7.3159785893668925,-5.627949165127312,0.07836814402404042,0.07573908086232216,0.22889614822271478,0.10945434224847644,0.04728194579960438,0.7066693506953254,0.672923607691243,0.14238327202154222,0.9360836306818522,0.6980293526757232,0.3671975768407878,0.08976845175449108,0.23981542248454024,0.4899368466651254
1095,0.47572422960015814,0.006881844182194028,0.015,0.4538423854179641,-5.616505295260109,-3.4824889132833277,0.07540846800128004,0.07303100626982414,0.22798021661509246,0.10807620833876565,0.04274072766379443,0.7397072120310528,0.8428760776078263,0.15445362859972078,0.9352536686704654,0.7987850932096465,0.4651427471093791,0.011369504225756687,0.23790116931588223,0.5243145812825787
530,0.47576025195952765,0.014468056260699145,0.015,0.4462921956988285,-5.079142322357934,-3.2918945390066376,0.10781727498146801,0.10510671286640291,0.2483741956624669,0.1624928612344543,0.05314168872848171,0.7235342251796245,0.652060229113216,0.1440109369598778,0.9440629057924301,0.6745134649449452,0.3660403528477735,0.01,0.32804808729134105,1.0901163855485667
1117,0.4758997309587139,0.01384933274786218,0.015,0.44705039821085174,-7.4015845856220395,-5.414214493310768,0.1123033157385468,0.10959275362348167,0.2507229905909404,0.15437901713801597,0.0702276143390776,0.7140568744363738,0.8021005720116596,0.17135898725854307,0.8523890024576729,0.7279014657449715,0.5241900878478262,0.08254720255617393,0.1878156387479657,0.928738852503393
743,0.47651281968553305,0.005153814309050519,0.015,0.45635900537648255,-6.891331166103265,-6.273785701501452,0.04706278793176074,0.05163653698771354,0.2337565179801635,0.06861209102423588,0.025513484839285606,0.764900467915258,1.0506014664243315,0.107629400714159,0.887389542582239,0.9093064476686854,0.2691681726943152,0.12080727114485601,0.43690958752718617,0.1
1078,0.4766017100639831,0.01765286483587894,0.015,0.4439488452281042,-5.296531989655896,-3.62146711124094,0.11788248511670513,0.11517192300164002,0.25599096730411874,0.17745435219831007,0.058310618035100195,0.7267532900244091,0.7335946843860873,0.11475555613435046,0.8694331089097285,0.7441947837589395,0.534573702846689,0.022115661230376796,0.3340378036275655,1.2351613328570163
873,0.4767818697959512,0.023966934251124332,0.015,0.43781493554482687,-6.709574585242506,-5.050261175846115,0.13918030590026367,0.13646974378519858,0.2745613918679982,0.19963615159410636,0.078724460206421,0.7313829027241107,0.9539202870742003,0.13853577126975922,0.99,0.6916650749067752,0.49895258999689757,0.07423381778149282,0.2551282554329735,1.414798838794961
379,0.4768792217316137,0.005480382002806811,0.015,0.45639883972880685,-5.678684599775242,-3.650578887818076,0.061868354964107954,0.060009918967382635,0.22888498639594795,0.08870487219275226,0.03503183773546364,0.6414195509507814,0.2597152963134365,0.08583982428728246,0.8387451343351624,0.8595462276198808,0.5766392092703224,0.017460345575088514,0.2503108911578113,0.3310326416394873
1006,0.4777868120847012,0.025104403985915482,0.015,0.4376824080987857,-7.462433362984002,-6.289930331201074,0.1421057364193269,0.1393951743042618,0.2760647871499746,0.20449089152867403,0.07972058130997975,0.6966149832525521,0.7182633622702244,0.09516610117652344,0.8664315766073621,0.8420117719884551,0.523624668523897,0.12673779103610902,0.2985472350145113,1.414412397313778
34,0.4787005674938734,0.018068204979606605,0.015,0.4456323625142668,-7.031449816571134,-6.005744048139931,0.12199316135662311,0.11928259924155801,0.25678968757622145,0.17915709874516583,0.06482922396808039,0.7028966690923613,0.6843622918136439,0.07156413265593084,0.8804343139171812,0.9326045486592938,0.5742885433534326,0.11236321779475798,0.3495080870061275,1.1580712044146475
1118,0.47941711973930035,0.010471447208140278,0.015,0.4539456725311601,-6.724258501227606,-4.366847282580814,0.09836828842012026,0.09565772630505517,0.2411454510737745,0.1339834216504952,0.06275315518974532,0.7098504778843838,0.8065795717859048,0.12951724046450971,0.8680658103475327,0.9273537096372554,0.43124467109334547,0.03948453093122767,0.15845332978821264,0.7430946843354778
1075,0.4795552106008817,0.012145420400218586,0.015,0.4524097902006631,-6.709973635424624,-5.053220167825992,0.10314900024933438,0.10043843813426928,0.24294150572093084,0.1481539016533093,0.05814409884535944,0.7302361625139827,0.8350009890230766,0.1298227172995459,0.8542320881209844,0.7474454950985463,0.35820050447528995,0.0690215754151488,0.2690527017291996,0.8702969979670849
959,0.4796800289574783,0.010646845656197512,0.015,0.4540331833012808,-6.332083835023259,-4.892529453327714,0.09541185849401163,0.09270129637894653,0.2368979264083898,0.14033932922438244,0.05048438776364079,0.7183286347763594,0.6554465198229346,0.13124360187489434,0.9315976615670561,0.8152317646624431,0.46374514338291883,0.06446293807297215,0.32526919117870734,0.7998306793398535
347,0.48018937811179513,0.02722338406989406,0.015,0.43796599404190106,-5.894208893724312,-4.550074279234785,0.14252654774135876,0.13981598562629366,0.27833184511522335,0.21379782869481678,0.07125526678790076,0.7241659636827318,0.7113878616456839,0.17208859331174564,0.907710207980133,0.6680625043474857,0.396345811858377,0.058464317953459945,0.3521349534050075,1.581753672698337
460,0.48048234297913783,0.022974866754288954,0.015,0.4425074762248489,-6.7691554782912515,-5.155383851094997,0.13675217826284514,0.13404161614778,0.271618828878326,0.19666550492662022,0.07683885159907003,0.6717240210754472,0.5129380324072346,0.0941693885635992,0.9428594146382312,0.6980015523573395,0.545480861477084,0.07688648518283461,0.2621777305964427,1.363622930871374
622,0.48305300787816713,0.011161760998874979,0.015,0.45689124687929217,-6.1546544763229125,-4.4716253866493165,0.09798181990297924,0.09527125778791415,0.23921163314859514,0.1432875449175689,0.052676094888389605,0.7461643953166275,0.920467505077898,0.11093013926077895,0.8085168405576675,0.8633621510641961,0.6434114855593329,0.047026707377174216,0.2962282329668104,0.8291831574062546
135,0.4837866179576278,0.013962001221053866,0.015,0.45482461673657393,-7.1986039735370175,-5.443753569926597,0.11144871049545103,0.10873814838038594,0.24892994260562504,0.15714224887424091,0.06575517211666115,0.6763285013165387,0.5280758222602502,0.09046529292509467,0.8485486867234519,0.98,0.5379326615761583,0.08192332595857059,0.23452032136646092,0.9330555962130225
183,0.4838674156146438,0.004868978043382386,0.015,0.4639984375712614,-5.373126648504778,-3.4420422885979534,0.047442621862909096,0.049948217894137684,0.23400365529174555,0.06881494628584746,0.026070297439970743,0.7533531585108241,0.9765513660371413,0.032030272500691875,0.9569684156954626,0.8008447548157086,0.47401781270662013,0.01,0.30297702478467037,0.1309211736288266
967,0.4857453746522507,0.022909594944099908,0.015,0.4478357797081508,-5.800860068422367,-4.475163676881762,0.13222153085409694,0.12951096873903184,0.2675519823805552,0.19980115924356256,0.0646419024646313,0.7222075328182003,0.6386727655869894,0.1587436824438864,0.8759882894242177,0.8036926692045023,0.5957142476639549,0.05291330839707785,0.37231310645587246,1.4057150508212035
769,0.48641922332316834,0.015694184145288035,0.015,0.4557250391778803,-6.6102546042688815,-4.537304623203361,0.11749842043407521,0.11478785831901013,0.254593187617386,0.1654360007816263,0.06956084008652416,0.7270014447974804,0.9534886583515034,0.07165973492667649,0.8780928094650797,0.6590736049586221,0.620026198687519,0.04667510455383636,0.20960289194786208,1.0332156160515438
312,0.48651107311951125,0.012997940638559446,0.015,0.4585131324809518,-7.555055761989352,-6.1623217488094975,0.10723115159505713,0.10452058947999203,0.2444460256973811,0.15285833687498562,0.06160396631512863,0.8169199161918098,1.7972262293252235,0.27452123249217575,0.7683556216590396,0.808497011739732,0.48921276428867766,0.10946254506595379,0.2816302552434343,0.8625336035423051
1071,0.4867238573842989,0.019856625749583145,0.015,0.45186723163471576,-6.045365050768319,-4.575874196042676,0.12580088544921622,0.12309032333415112,0.26115254534515797,0.187310242887388,0.06429152801104443,0.6934509814439589,0.579634998613086,0.035236845531231534,0.8975223531178088,0.8670021181465201,0.6066152597493106,0.053895833658699176,0.3342191832092476,1.2632429446768871
518,0.48704357095021383,0.013610665795173815,0.015,0.45843290515504004,-5.5495298831207505,-3.8892484495468174,0.1058646894380322,0.10315412732296708,0.24529478125434595,0.1587475573370051,0.052981821539059296,0.6310493493695171,0.2,0.07206289651028466,0.872396210608297,0.7382441522370595,0.693739396611921,0.0279124678655906,0.3290503856274113,0.9931662641148897
1192,0.48759786330279026,0.024381225034461055,0.015,0.4482166382683292,-5.589131310825593,-3.41754491570535,0.13927243748468715,0.13656187536962205,0.27554238654118585,0.20130225592892056,0.07724261904045378,0.730543357878213,0.8834882670574733,0.10005554979261766,0.9403597146206962,0.6515258427747821,0.44108638792087423,0.01,0.22652350745767338,1.4501692144831855
1195,0.48820127047275197,0.018010541089392464,0.015,0.4551907293833595,-6.273959408906719,-4.687304660871745,0.1217775151653229,0.11906695305025783,0.2571287079176753,0.1789493874264662,0.0646056429041796,0.7244953410339162,0.7459886754226185,0.10095438478570432,0.9593242137955212,0.835005563778973,0.5747740927263848,0.055726364588960534,0.30444806995581486,1.165085807745146
443,0.48826348874278336,0.02968167118215741,0.015,0.443581817560626,-6.270045087200984,-4.64841171243902,0.1506722706752639,0.1479617085601988,0.28534998516205046,0.22053785701879297,0.0808066843317348,0.6636576281700659,0.4463328546476955,0.072034884898882,0.8638438172030654,0.6944584589501561,0.3006275973857485,0.05789849611114061,0.2844537617483138,1.612285393034194
1174,0.4883477024789072,0.01599821429866438,0.015,0.4573494881802428,-6.495237961093031,-4.132613665943592,0.1196994926571423,0.1169889305420772,0.25703196510601495,0.16538851126041665,0.07401047405386796,0.7425579973169539,1.044110416803415,0.1505647407840893,0.8376194860450696,0.8467446837555952,0.5854391135961929,0.030285550908067796,0.16876224985228527,1.0361065831503782
645,0.4887523050248174,0.013833759827625927,0.015,0.4599185451971915,-5.668772572276771,-3.48773432548537,0.10915373099672919,0.1064431688816641,0.2488662358708745,0.15747298040059787,0.060834481592860506,0.7396327072494867,0.7435099063228657,0.20272883729614924,0.8649469325005741,0.7716116089094106,0.30397602398635326,0.01,0.2325384664805067,0.9798626821382478
22,0.48894431844429026,0.009126682575892383,0.015,0.46481763586839786,-5.551020493039192,-3.4842120063729123,0.0883824285496203,0.085842724703621,0.23307471386013187,0.1289522395721223,0.04781261752711835,0.7295774459955942,0.6583220608762492,0.1487353874583408,0.9823376888868525,0.8092396605039781,0.5821021961427993,0.01,0.2649050969334885,0.6964371026945664
352,0.49030733132249826,0.011767802646105318,0.015,0.4635395286763929,-5.002331278602406,-3.654501407137373,0.0964666025268622,0.09375604041179711,0.23744461904037145,0.15025852417459443,0.04267468087912996,0.7497298159822605,0.7689737734581007,0.07955062795448868,0.9244821958611975,0.7863292234774447,0.4224494345094959,0.022046921306658904,0.45261833986987793,0.9051481899355472
740,0.4914953864830578,0.012879446647761666,0.015,0.46361593983529614,-5.493502417800147,-3.4654715626283825,0.10445581777557132,0.10174525566050621,0.24473261941561988,0.15361906715770246,0.055292568393440183,0.7093156897004123,0.5637099914632867,0.09368781042786961,0.9198292711056052,0.7634784635205102,0.44214588881774985,0.01,0.27362386644704134,0.9347595620349131
1141,0.491753116586053,0.015073019971869082,0.015,0.4616800966141839,-6.12853500726337,-4.794025330154924,0.11136056546594314,0.10865000335087802,0.2478559191904855,0.16684391711209262,0.05587721381979363,0.7258153414376725,0.6164110509959615,0.1541262867167571,0.9015731856109234,0.6714854364926304,0.2914427307552625,0.05946469529478858,0.3637015700004441,1.028565238258619
899,0.49176843305516105,0.026232016614899958,0.015,0.4505364164402611,-6.322891558172833,-4.179995766223754,0.1461643311248927,0.1434537690098276,0.2809056121606417,0.20684058501179287,0.08548807723799251,0.7039585690206493,0.7295322341451336,0.09490344355392186,0.9739137756346654,0.9551990597692246,0.6759388820888769,0.03530808457959696,0.20245625795047562,1.4597105178700587
257,0.49220191554820664,0.03367747165692691,0.015,0.4435244438912797,-6.663855589624171,-4.840389632667298,0.1615047629152496,0.15879420080018453,0.29540128770919855,0.23077381154960974,0.09223571428088945,0.688139452446965,0.6219396426427117,0.10279267067284797,0.8479337861388292,0.5182070984212783,0.4445758171003004,0.06329689014919657,0.23423435932675882,1.6967372260704794
489,0.49292266154753683,0.013632414545091441,0.015,0.4642902470024454,-7.13253793306935,-5.374617873101445,0.11009337497708874,0.10738281286202365,0.24709549670919861,0.15615111532966414,0.06403563462451332,0.6910236825040249,0.3622825369403934,0.23793430418960215,0.9182835849679809,0.8484312649320354,0.4117680939728927,0.07600186929840809,0.24201680615890783,0.8979964574653002
893,0.49332816882724323,0.014230819549166001,0.015,0.4640973492780772,-6.843765118812147,-4.800987887681806,0.11276945827445259,0.11005889615938746,0.24993151220757379,0.15849983332501916,0.067039083223886,0.7575221901356501,1.0152675064657897,0.1974785294659634,0.8736190256485732,0.8197897798483871,0.26232699090060163,0.05356734830678945,0.21348139614626424,0.932902326654214
322,0.4938813708781006,0.012628938034779477,0.015,0.4662524328433211,-6.8233152555741725,-5.171217772708063,0.1051888384746994,0.10247827635963432,0.24308901490631102,0.15162304021185175,0.058754636737547064,0.7552103658319546,0.9279186802135415,0.17175729716555366,0.9667375481776408,0.7998043231990766,0.5386920298541253,0.06841449326909088,0.2780409787866474,0.8570100484298534
756,0.4942529416525505,0.06602562947264441,0.015,0.4132273121799061,-8.538994797777047,-7.923355239698694,0.21411627081376425,0.21140570869869918,0.34802406990107204,0.3048307481144987,0.12340179351302985,0.7281192504591603,0.850469764073769,0.31634134428250643,0.8821786047196539,0.7857236002913174,0.708013647929703,0.22368592039701948,0.3138806785439062,2.4209732787927
833,0.4946243547371738,0.010978043317609994,0.015,0.4686463114195638,-6.515561739005065,-4.8614812234459865,0.0976464334540789,0.0949358713390138,0.23758147559878198,0.14206679792386956,0.05322606898428825,0.7399132770037711,0.8135292411129899,0.10778707905022496,0.9491230312887581,0.8151937712067197,0.600577828426915,0.05698774788975795,0.2942385820992854,0.772338967534232
449,0.4948913471234929,0.019738369506352917,0.015,0.46015297761714,-5.844715887598944,-3.656751920121431,0.1282822782195737,0.1255717161045086,0.26392858541264685,0.18440228529227665,0.07216227114687077,0.7304278820143691,0.7498221335643936,0.15008061842557655,0.8206389087200618,0.6426665700042409,0.38685777219468714,0.015269416051591683,0.22384280970256398,1.2284958311524015
511,0.49499836340431186,0.01213339225416325,0.015,0.46786497115014863,-5.83682640201185,-4.131757219112418,0.10121662766884015,0.09850606555377509,0.24086548222160364,0.1503294444167957,0.05210381092088463,0.755688283152537,0.811606691549242,0.18796930011980656,0.921211690482251,0.7084021891517513,0.18911197974309812,0.03282364752734907,0.3207719079524637,0.8728853206895899
125,0.49537827003749196,0.010619204274235418,0.015,0.46975906576325654,-6.86604426583315,-5.152287700059597,0.09675938720935896,0.09404882509429385,0.23674167206015406,0.138742651042018,0.05477612337669993,0.7384175820223473,0.7201421226667024,0.19291926657099695,0.8788656801372985,0.8359075161238984,0.37395003844708774,0.06621142200957728,0.2684811566294756,0.7300671982175737
143,0.4958016094217424,0.007003040461764698,0.015,0.4737985689599777,-8.48069116845296,-6.005311824272974,0.07189482485001607,0.06978457060190078,0.23650234162430833,0.09208413537546764,0.051705514324564494,0.6785529431361974,0.7059556056092116,0.09671390557390301,0.99,0.8370972113349823,0.47220128616668616,0.09297026858682958,0.11849420339078323,0.2749230658484957
383,0.4961340082853374,0.007803968667807968,0.015,0.4733300396175294,-6.2345850112591155,-4.367009315326732,0.08068313608514123,0.0781625221615006,0.22810408347398659,0.11668150229807561,0.04468476987220687,0.761418413359108,0.8338994733630123,0.23418107438090616,0.9463616835828476,0.6362842901415998,0.6789424740578568,0.03772772313997938,0.27566036669258,0.5394685700169041
632,0.497200282210217,0.013741757173821364,0.015,0.4684585250363956,-6.303845930367309,-4.566874799398721,0.10855776637243977,0.10584720425737466,0.2459448363386885,0.1586123523889324,0.05850318035594713,0.7439216766063256,0.7966136125651443,0.14355541674929675,0.8845358937099583,0.8291918841405403,0.6277590791470566,0.046562069360852804,0.29018071413405233,0.9329784174409174
615,0.49733629957738895,0.012062510909077692,0.015,0.47027378866831127,-5.789362995529375,-3.558318965644325,0.10287075688579458,0.10016626851626027,0.24338221905393947,0.14773673446153804,0.058004779310051116,0.6876402110684485,0.3875406761964372,0.1394968213684855,0.9249043037832171,0.841041265538822,0.5015760443179206,0.01,0.22548986385805994,0.8533695979653456
180,0.49782114386703774,0.015418919184204773,0.015,0.467402224682833,-5.380797001742295,-4.267415618361467,0.10962589707281142,0.10691533495774631,0.24591494450313567,0.17063766386892215,0.048614130276700675,0.8378332461942289,1.74292831536382,0.3270066239566953,0.7037520403224494,0.48641138770825365,0.3165190975998473,0.042409143053496655,0.4741472493277072,1.0649147155769665
691,0.49792117309269274,0.011658207526593705,0.015,0.47126296556609903,-5.675316353988871,-3.5414099472624945,0.10046265389219454,0.0977787379828642,0.2412477439632999,0.1460683712623373,0.054856936522051786,0.7489075838696942,0.7168234982920308,0.22514810777979144,0.8865370327029692,0.7824967389657429,0.6090073685284978,0.01,0.2530257254146574,0.8359389960974162
309,0.4985739147587786,0.013995254957053905,0.015,0.4695786598017247,-7.034960221589225,-5.620907174164029,0.11005236634412241,0.10734180422905731,0.2458460628944427,0.16000483220745082,0.060099900480794,0.6852846779591074,0.5230189524163013,0.03,0.99,0.8842227914253816,0.5981617376125324,0.08483811392406106,0.30805954361316135,0.9120416121353695
721,0.4987150184189668,0.015388573531180337,0.015,0.46832644488778646,-6.00492098535549,-4.347842244007896,0.11317856021218708,0.11046799809712199,0.24943784538152353,0.16794604202303054,0.058411078401343616,0.7406459921084468,0.7676831316380999,0.10916557378592719,0.9528738027836567,0.9314609040157209,0.6236619559410651,0.04005505813229619,0.3204183504556643,1.0280661030856144
61,0.49886595316686067,0.020204315763538747,0.015,0.4636616374033219,-6.804937536560757,-5.273568151538753,0.1294022466884664,0.1266916845734013,0.26247130385274847,0.18839261270935156,0.0704118806675812,0.7152138034003952,0.6353887199182562,0.12116523963840663,0.9118982120762668,0.697129323721803,0.590123329214629,0.07385597493387742,0.29483428436493764,1.2003520393904548
955,0.49906170800511607,0.015990305870139995,0.015,0.46807140213497606,-5.884623380512362,-3.5703414857436635,0.11780792868246864,0.11509736656740355,0.2548536895830663,0.16776557411405682,0.06785028325088047,0.7193122373827929,0.5741867055240314,0.1860295895397518,0.9645520124756819,0.754136506751442,0.5270767323184631,0.01,0.20647848384363643,1.0446994835680168
951,0.4992597334305909,0.02010795968428782,0.015,0.46415177374630306,-6.080801387513053,-4.405801869310312,0.1275482871249825,0.12483772500991741,0.2617758608702197,0.1885947794295651,0.06650179482039992,0.7293964190526668,0.5873975754862609,0.21608446295839104,0.8810327058793763,0.7945751145248581,0.8156158127987376,0.042988631837695274,0.3066414903654039,1.2326713960190872
854,0.4994100003855585,0.023945506381049527,0.015,0.46046449400450895,-6.901318963489576,-4.896173431490304,0.14168404261536946,0.13897348050030434,0.27467240530508763,0.19985041122518274,0.08351767400555618,0.724563411880767,0.861466110850874,0.09950346164536653,0.835179628032899,0.757865188458589,0.5042853115812261,0.05830782061838999,0.21381430241687066,1.3245208121207295
1106,0.49968426172712843,0.030992307001967836,0.015,0.4536919547251606,-5.337676999485212,-3.9159471539876676,0.14873336097254153,0.14602279885747643,0.28325159186251303,0.22829891912681444,0.0691678028182686,0.750453647872818,0.8130428365202819,0.15402189321603574,0.8428566288285152,0.6321096631779644,0.5334545256576679,0.03178691450662453,0.3951102208650549,1.6784234905653805
796,0.4999004366048992,0.017005435335154105,0.015,0.4678950012697451,-5.0419548884976475,-3.8830612515479626,0.11340553622587372,0.11069497411080861,0.24902122722897177,0.1785629382307352,0.04824813422101222,0.7422065733975454,0.6513664311589338,0.1065057650306932,0.8794429088216793,0.98,0.4017325431839784,0.02991300769233707,0.4955426001440689,1.151564788885799
1047,0.500042635836139,0.042584659016090626,0.015,0.4424579768200483,-6.255040149303182,-4.403919316119807,0.17672783343620677,0.1740172713211417,0.3110114082432456,0.25561097823459467,0.09784468863781887,0.7389676592512432,0.9288346094578697,0.16988464405974293,0.9154377684636756,0.7292362223941155,0.5491587477074301,0.047587714287149,0.24699700878385641,1.9643593509877844
790,0.5002774713774987,0.015018212932973781,0.015,0.4702592584445249,-6.857735983038762,-5.5174045051375025,0.1130453746681382,0.11033481255307312,0.24797695276850582,0.1659973187906561,0.06009343054562029,0.7024545018555318,0.4673588782388265,0.1486782044473169,0.9718059008633064,0.9059926708113865,0.4827730885594049,0.08152667469539415,0.3281633516594299,0.96854634262246
831,0.5004371523812283,0.01469251151284157,0.015,0.47074464086838674,-7.805385954504278,-5.559995527586659,0.11708037416581663,0.1143698120507515,0.25256540203066014,0.15827113745205312,0.07588961087958011,0.7474166363487432,1.0180937158900385,0.1929149308693329,0.9004526925636648,0.5616523796115465,0.35901403236004836,0.07748002804584161,0.16129931866698183,0.882390668108698
268,0.5012888732921816,0.006870781405179187,0.015,0.4794180918870024,-6.358280164842941,-4.099956463201095,0.07384413490359908,0.07151674812609009,0.22833240847830927,0.10332917609090629,0.04435909371629186,0.7148779515947511,0.5357268961514556,0.16267303194094088,0.8739049413601583,0.8999794689105258,0.5358495786195436,0.024887940562532913,0.20851681468223893,0.40690133234292214
493,0.5019227340477853,0.007845287040458986,0.015,0.47907744700732635,-7.218183637821558,-5.896167335491519,0.08004470666289398,0.07738294724645581,0.22628135220783493,0.1158866268838312,0.04420278644195678,0.7164003385196694,0.47895264821954453,0.19859791579336833,0.9182174468258646,0.8374394597214506,0.6731684787558848,0.09162828668836483,0.32107530166007037,0.4881781550665134
735,0.5031375991178632,0.018132848359758695,0.015,0.4700047507581045,-5.97209192057932,-4.020196606026557,0.1228570015412703,0.1201464394262052,0.2574893811801802,0.17964243579023614,0.06607156729230446,0.7433725742061044,0.8059948223329448,0.12213464569731733,0.8786032319357194,0.886146227691081,0.5363637556116341,0.026707401609747446,0.2708695465377411,1.1379408481562294
1017,0.503261227079693,0.018837211772122824,0.015,0.46942401530757016,-5.794211528727658,-3.556007483135938,0.12588145055515362,0.12317088844008853,0.2609945660163229,0.18131797424116564,0.07044492686914161,0.6579723209544043,0.3632668916907776,0.03,0.8958967543233765,0.7162022631716697,0.5507136956996073,0.01,0.22361134665460114,1.1692971661112146
806,0.5032804908624372,0.024998875521631266,0.015,0.4632816153408059,-7.246036118551737,-5.234305591424095,0.14536654969732626,0.14265598758226117,0.2774716136390494,0.20323727279976395,0.08749582659488855,0.7245924103029056,0.8471057542026558,0.11984845114458223,0.8539536183403843,0.8116399922561387,0.33900899971766385,0.06941978674291932,0.20360337141726043,1.3305637095520415
580,0.5033404133523427,0.012142745146733516,0.015,0.4761976682056092,-6.320764847825997,-4.51243456523652,0.1026175500052838,0.09990698789021871,0.2410473755517206,0.14957585533937923,0.05565924467118839,0.7770415745727475,1.060215014662239,0.18200164307624597,0.9041707348896001,0.6804806481079058,0.4234993274743323,0.042093278530973055,0.2856785290292265,0.8278002058602177
991,0.5035694400607981,0.010881533086728679,0.015,0.4776879069740694,-5.548199824602904,-4.059647323506296,0.09457666522993871,0.09186610311487362,0.23484167620160337,0.14407569105039608,0.04507763940948134,0.7241030242728858,0.4410305012141009,0.21731143610246803,0.9288570691535564,0.98,0.4795898039425525,0.030243561357304077,0.3895973440666856,0.7918984936453654
43,0.5038122751415968,0.01704311624684164,0.015,0.4717691588947552,-6.463698435012283,-3.6850607780711475,0.12599455266861187,0.12328399055354676,0.2621740728639831,0.16772414326051888,0.08426496207670488,0.6267391048362435,0.2916741260346923,0.08592543590358898,0.9257187414519942,0.8534671599669027,0.5352249578643906,0.01,0.10886952953901419,1.0195672907405375
239,0.5039541024162054,0.01225623708612383,0.015,0.4766978653300816,-8.467816261129506,-7.330320317653387,0.10467422414685323,0.10196366203178812,0.24002128700165454,0.14832213487791102,0.06102631341579545,0.7505370476077242,0.915807535888471,0.14770976328830837,0.973658218686082,0.7903135383195475,0.45764851244552684,0.1473434638620579,0.2954690644781668,0.7409866434477228
671,0.5041121503367134,0.024585113179324266,0.015,0.4645270371573892,-6.1106739956325695,-3.820559690119869,0.14248452949159596,0.13977396737653086,0.27636374788781826,0.20217455646481358,0.08279450251837836,0.7144509436441809,0.8047976328026529,0.03893922912908125,0.9412177203978668,0.8778605624482232,0.505989465028186,0.018765549311826255,0.2006895843776055,1.3693355673688818
236,0.5044223334795522,0.01633518206146356,0.015,0.4730871514180887,-6.316918971307393,-4.454744169894952,0.11792642113483182,0.11521585901976669,0.2529179248630802,0.17154626899270703,0.0643065732769566,0.747439384191482,0.79956600767374,0.1575470384059106,0.9533074256072834,0.8202550193095147,0.5623964522146472,0.04066846666465701,0.27259284958999996,1.0387123048193083
1159,0.5044346172318677,0.010723749186123363,0.015,0.4787108680457443,-6.218036300157224,-4.521980804647508,0.0959235342862976,0.0932129721712325,0.23581148456875828,0.14119369480448943,0.05065337376810578,0.6743785809986663,0.28170767965725607,0.13433070526636468,0.909477745991305,0.8805347379280851,0.6161152079489585,0.04289281096407322,0.306632590025078,0.747770007575247
713,0.5064193464904684,0.0201131593948584,0.015,0.47130618709561,-7.056125138942426,-4.736573314920852,0.13357024726433453,0.1308596851492694,0.2663893028512866,0.18399855850359156,0.0831419360250775,0.7722314127440625,1.2289851056764116,0.21244644261975856,0.8119500153537669,0.7452527178449831,0.5537349694208056,0.047469850807483394,0.1717076721051796,1.1387137425304568
657,0.5064744762907694,0.024121374268451793,0.015,0.4673531020223176,-7.2767923818059215,-5.5792244681261725,0.14176968025891878,0.1390591181438537,0.2732920136440923,0.20226313931931084,0.08127622119852676,0.7257944911123168,0.6847371285875579,0.1734297590273181,0.99,0.8375509486302376,0.7517986133830632,0.08229899904919022,0.2520655084727718,1.298336106206431
947,0.5065478840160186,0.012947591812758116,0.015,0.4786002922032605,-6.720391675685888,-5.204668072907897,0.10570769771488464,0.10299713559981954,0.24211327067272395,0.15487208342754746,0.056543312002221825,0.7202934081501152,0.6107151226364685,0.09286034444135738,0.7937004087964711,0.8281297040164357,0.76188503678016,0.06649647718229101,0.31565223410382254,0.8513087229947962
446,0.5066081588794898,0.018219182201533037,0.015,0.47338897667795676,-6.488216101953102,-4.131380523877267,0.12675861835236377,0.12404805623729867,0.2609822174664431,0.17700592493037692,0.07651131177435061,0.7048439208975191,0.5239659573096671,0.1634052084976575,0.8602908918302326,0.903189362198078,0.4686706013580696,0.026614266454586095,0.18178860356485038,1.091153623706326
526,0.5067734031192737,0.030592767211120756,0.015,0.4611806359081529,-5.88715299479359,-3.7407720685986674,0.15442779608107604,0.15171723396601094,0.28821281507622715,0.22308691726425894,0.0857686748978931,0.7012415753087136,0.49427970588137393,0.1606209189319298,0.9249471738475991,0.7427882927339298,0.6414515841219872,0.018216841476286383,0.22800355353008486,1.5891130764429993
461,0.5070727931709341,0.012227909191458925,0.015,0.47984488397947517,-6.996468905969177,-4.7857758739307314,0.10568073882416568,0.10297017670910058,0.24356692283689413,0.1469815929353504,0.06437988471298098,0.7048944110170922,0.6454668217465518,0.07576283417218196,0.9595048748357821,0.7218149144081553,0.5445959067586701,0.04743262158346635,0.19562463531196195,0.7807228682236045
409,0.507174563507936,0.007147252160175755,0.015,0.4850273113477602,-7.15736684225638,-4.923006967027422,0.07517973608111615,0.07279598966167526,0.22959380739260696,0.10310651096526577,0.047252961196966536,0.7312280847046266,0.8026223921025979,0.10616426815285519,0.9184126588769909,0.7827780563092975,0.29830105402666784,0.05034388230524647,0.19232765868758617,0.37562112551839566
263,0.507273074268074,0.030993484823274946,0.015,0.4612795894447991,-6.746071493838812,-5.696381685308706,0.15289157814460347,0.15018101602953837,0.28427075921283573,0.22844834322301985,0.0773348130661871,0.7269269366644495,0.7503768520445133,0.06422225578045637,0.7720931442430918,0.8153082752951925,0.5413087576746984,0.09353352446331359,0.37668883797635,1.5651994545996208
565,0.5078269163782038,0.005873040703825462,0.015,0.48695387567437826,-6.333613748597754,-4.514645517971492,0.0599684051882773,0.058463632375943965,0.23003651611293888,0.0864898799233641,0.0334469304531905,0.7360116296208504,0.7087739114763095,0.07181226583933382,0.9469050607291762,0.7004087088078417,0.47217523582023535,0.03936990298207815,0.29297581594015254,0.23712258152176025
1070,0.5080869985186942,0.030530477061027194,0.015,0.46255652145766696,-6.133824439021407,-4.221995135292532,0.15374973754686894,0.15103917543180384,0.28675955919374946,0.22415653523029505,0.08334293986344285,0.7346240380693809,0.829862573195851,0.0932229499716823,0.858686931011822,0.8483918028640288,0.4962658043358437,0.03533669897704591,0.2625545637875276,1.5740414228217987
1169,0.5087135322184356,0.010945151155323941,0.015,0.4827683810631117,-6.931684308885616,-5.130869036003285,0.09841319699318588,0.09570263487812078,0.23701470379996933,0.14097290474551802,0.05585348924085373,0.7030345452805838,0.36265107955968884,0.2221973683182632,0.8683413436090304,0.8986789269340665,0.535260234323923,0.06093434591021865,0.2601627632728754,0.7163924000943975
329,0.5088215338189822,0.024846920819872716,0.015,0.46897461299910953,-7.9169488604229485,-5.905465546809465,0.1468264715115667,0.14411590939650157,0.27761984244948956,0.20204785294839123,0.09160509007474213,0.7057942449872221,0.6663141907326531,0.14260753531050438,0.99,0.8430916772721971,0.5925687017124905,0.09209372392652618,0.18755902259598173,1.2717502812906554
237,0.5089626533730262,0.037841078471539114,0.015,0.456121574901487,-6.261864149673701,-4.533012637493961,0.16760806560567548,0.16489750349061036,0.3002697161988407,0.24563940949500093,0.08957672171635,0.7477455962050704,0.896997650933604,0.16081058534793813,0.9025866946696607,0.7174691495360139,0.5086280854029954,0.048991359743753224,0.28159619567377736,1.7943491105705447
781,0.5101393596522138,0.010669594950282387,0.015,0.48446976470193137,-6.134025353681426,-4.0641315367495885,0.09660126628034227,0.09391997876333144,0.23673649699259425,0.13962689659993055,0.05357563596075397,0.7044171370413719,0.4337233860280795,0.13422324358019966,0.9275330007870882,0.6510060187908611,0.3864474421315329,0.02410927174533413,0.25392693564496066,0.7260277946943572
886,0.5101805060417578,0.007933069435106133,0.015,0.4872474366066517,-6.94428536181966,-5.081378054833808,0.08111120626700014,0.07856853882596883,0.2276020620245601,0.1153963829027311,0.04682602963126916,0.7584486160318563,0.8512709420795481,0.17265084742240322,0.8947501433843342,0.8539189055985675,0.5950676473827361,0.05722048898840659,0.2584232568514302,0.47969381863679317
1147,0.5102126667830256,0.01633427550228503,0.015,0.47887839128074056,-5.78073575455511,-4.234740045507695,0.11515534496065424,0.11244478284558912,0.2499123874799584,0.17410904657420434,0.05620164334710413,0.6690556712095079,0.2,0.18797027965155566,0.8799946440044317,0.7116489858605369,0.42493844146549653,0.03506670243082295,0.3577729899245347,1.057568046154305
112,0.5103251309342087,0.019468190867549577,0.015,0.47585694006665913,-7.08916469253553,-5.398821365120398,0.12881300015363042,0.1261024380385653,0.2606751889295823,0.18528839360937055,0.0723376066978903,0.7399971808172056,0.7333448679174438,0.1757182988191281,0.896531965207483,0.7256127324898866,0.44715468410592807,0.07282077359841473,0.2684732037594636,1.1224755916726017
1058,0.5105676765339552,0.01899207779196171,0.015,0.47657559874199346,-6.139532601184206,-3.8077408770612173,0.127917836450962,0.1252072743358969,0.2618456585953286,0.18147472811490473,0.07436094478701927,0.7081597404412776,0.5440195507736626,0.12763384654106796,0.907607969003328,0.7572548898711328,0.5675825474608189,0.01567589035782528,0.20213791709275214,1.1332703645380737
829,0.5108220947655508,0.02746686002570258,0.015,0.4683552347398483,-6.565996169052642,-3.8206950968250974,0.15448294948640728,0.1517723873713422,0.287321877193977,0.2073230348552851,0.10164286411752943,0.7162556396189065,0.9673074159796564,0.09007132661331232,0.9790442832148516,0.9473364805360556,0.5959800157639574,0.014697650812372814,0.11741243271840834,1.3883805691335787
878,0.511534783285367,0.012147994411112015,0.015,0.48438678887425496,-6.529245729463484,-4.626467178556312,0.10328765940688685,0.10057709729182175,0.2409090041417114,0.14923160028928034,0.05734371852449335,0.7259928521740602,0.6578000003691289,0.08634841117305106,0.9511153258622875,0.7939309461147529,0.635487538914055,0.04297820535664045,0.2665972193787032,0.7973983343145841
51,0.5116268489422384,0.00641573406557601,0.015,0.49021111487666236,-6.6870977298340035,-4.097837849928096,0.06612937167616209,0.06450488244644598,0.23381308981693424,0.08901872266800415,0.043240020684320035,0.7432157239486586,0.9744412401539283,0.08306581268141223,0.919484616798168,0.7973619895087067,0.5400232969608381,0.019998722985821397,0.1585865096283478,0.253725963043135
625,0.5125299204413117,0.015857291352034144,0.015,0.48167262908927755,-7.00476745858173,-5.431026818426384,0.11699105067930687,0.11428048856424175,0.250336385758269,0.16992892903606305,0.06405317232255071,0.7144716419934157,0.5173641256466275,0.14603052851709536,0.8805122011958071,0.9723619072849836,0.6711282425835854,0.0727822087646579,0.29438088547788266,0.9683347416467762
655,0.5129354845534215,0.01676277695834601,0.015,0.4811727075950756,-5.925831074567709,-4.817123182403362,0.1154889578638248,0.11277839574875971,0.24878434797333218,0.1774998712523908,0.05347804447525882,0.6798788541211781,0.27948808550340437,0.11404535217090109,0.9774971124891942,0.8469956850320833,0.7572706948797512,0.056380285229652015,0.4371650566645773,1.0639076411861383
581,0.5130712200957414,0.020125054607980097,0.015,0.47794616548776125,-6.794796612672673,-4.441886521225214,0.13321018224542755,0.13049962013036245,0.2658248893718852,0.18494432524015603,0.08147603925069909,0.652802011067291,0.397009334274314,0.03835963437241803,0.8862553838291878,0.650094124908829,0.37243297526993246,0.03581953257760512,0.1760883723186577,1.1367107878595308
919,0.513082576678267,0.019347440875167165,0.015,0.47873513580309984,-6.043768021179643,-3.6549330633580728,0.12898454881905663,0.1262739867039915,0.26276535487615726,0.18298452786100639,0.07498456977710684,0.7165048643331589,0.6244828739913221,0.10634229956638298,0.9135683442547724,0.8419031900983446,0.5252907938331514,0.01,0.1993406449377867,1.1435974501413042
640,0.5133155729456215,0.02976218102752786,0.015,0.46855339191809364,-7.801886624329854,-5.448549912444622,0.1602650860043371,0.157554523889272,0.29084198988945237,0.216030265117728,0.10449990689094621,0.732666026372975,1.0495398494061194,0.132352158192635,0.8803367107463589,0.6104342303504201,0.5576624006445297,0.07380590391978961,0.1453271242286907,1.4084316815309987
196,0.5134811663392845,0.01952410174356028,0.015,0.4789570645957243,-8.839218477360744,-7.0325999080631165,0.1332747483601338,0.13056418624506871,0.2632088152322334,0.1819405371069262,0.08460895961334144,0.6789369094112125,0.5326254221452322,0.09860704946629534,0.964302705999547,0.8641372219482509,0.7180178541365391,0.13163519134037316,0.1971471914633352,1.025350885837824
589,0.5143719151241078,0.009217694022313818,0.015,0.4901542211017941,-5.612688110088249,-3.6087492768028224,0.0880383254790019,0.08552838657411724,0.23060233811518424,0.1303002282864669,0.04577642267153689,0.6754545698893746,0.22930088697015982,0.13684367194655644,0.872453878036628,0.7551109209201126,0.7518562475253046,0.01,0.29468477500729817,0.6418693946278895
945,0.5149756576877033,0.019670731506490777,0.015,0.4803049261812125,-7.502186718073507,-5.108186039580636,0.1337710954359373,0.1310605333208722,0.2653388249997536,0.18167201736302913,0.08587017350884549,0.7313005044045229,0.8430633632399492,0.1524872202806866,0.8700386491048634,0.8303780931336335,0.6915503225876893,0.05738520874312499,0.15557945909518187,1.0731521217162312
482,0.5151493635337728,0.01867662541018262,0.015,0.4814727381235902,-7.367979435091292,-5.007085146345541,0.13025116977262077,0.12754060765755568,0.2622634710687735,0.17809721560766795,0.08240512393757357,0.7256595023229304,0.8563262734915504,0.0999145157557052,0.8445603493651083,0.98,0.40872817591789273,0.053605144848562755,0.1650661093562663,1.041928629418512
674,0.5153387698393413,0.009272132749001764,0.015,0.4910666370903396,-8.472465280398534,-7.03087460774415,0.08948156608292618,0.08677100396786108,0.23053803092709424,0.125242254805153,0.05372087736069935,0.7051113359692052,0.537870348080354,0.11318761843823687,0.9318127240031975,0.7176611318431396,0.5965715368014236,0.12679377864811966,0.2639967234428764,0.5160178708180101
139,0.515466317199996,0.014119310503143637,0.015,0.4863470066968524,-7.532883677758602,-5.922170155769999,0.11200764987964967,0.10929708776458459,0.24596181494453223,0.16005239550613048,0.06396290425316886,0.7810007339598873,1.0957294306312346,0.2008724361869914,0.8414244511837422,0.9717257933728783,0.43230049566914636,0.08761542124835939,0.2729577438641918,0.8516262237554917
1029,0.5162818130699763,0.013559803126078993,0.015,0.4877220099438973,-6.476661639171742,-4.060291365719112,0.1108994903388358,0.10818892822377069,0.24767688170483665,0.15505721639204223,0.06674176428562936,0.7272351947705241,0.7531465547752644,0.07893143349888035,0.8863145124758142,0.7213913720613854,0.3450811852980812,0.020576778711515704,0.18891841701068132,0.8487442314098133
718,0.5164346488909415,0.026128023466950562,0.015,0.47530662542399094,-6.397965341779855,-4.895968952452544,0.14305561320476368,0.14034505108969852,0.27443368167405013,0.21266753872645922,0.07344368768306808,0.7083590516395679,0.46936442729450845,0.14093923042335174,0.8881379926936667,0.9569234620309095,0.5434293086326293,0.05740372115189621,0.330411315383692,1.3934337825133762
301,0.5171762985553614,0.025499634580385122,0.015,0.4766766639749763,-7.256460998946248,-5.215657322443993,0.14693011260409491,0.14421955048902985,0.27760530309807163,0.20631718833664986,0.08754303687153996,0.7247761115738458,0.6067422196602166,0.20765206918413287,0.9558293772518643,0.850517840498997,0.5185678650788453,0.06415627197145378,0.2087898841500438,1.3085957272803803
1143,0.5177925871005852,0.023746700858637546,0.015,0.47904588624194766,-7.115968847917677,-4.788710056146047,0.14377083466900936,0.14106027255394427,0.2748286967758096,0.19863100573862663,0.08891066359939209,0.7133058148209978,0.6697245357204064,0.12715074085920783,0.968325561486723,0.560588279709507,0.5038936338341843,0.04713813047498525,0.17363308790702037,1.2418361979714874
764,0.5179961198399305,0.036361761970192585,0.015,0.46663435786973795,-6.973716730789026,-5.837014295124466,0.16480003741223576,0.16208947529717066,0.29489822504533986,0.24440010447101407,0.08519997035345749,0.7250773503537564,0.6164256837499752,0.16509350139594883,0.8824983514674091,0.5284795356099525,0.10948431429527578,0.09580719777022577,0.35315450026036566,1.6794427406521408
33,0.5181902269502335,0.02816492925341527,0.015,0.4750252976968182,-8.619259132477366,-6.508694706985011,0.15719611794136312,0.15448555582629803,0.2862479148104031,0.21196014612118075,0.1024320897615455,0.710459853177951,0.7450106674499739,0.14642766642763402,0.8782429969927046,0.6208143781871847,0.541819424173549,0.11218460770991065,0.16243022972745313,1.3109780849313477
217,0.5184759832998368,0.01222846187093936,0.015,0.49124752142889744,-7.182546009629976,-4.600114695630197,0.10729859803075555,0.10458803591569045,0.24467923032992928,0.14463497780356022,0.06996221825795088,0.6741248798192345,0.49558719560404507,0.059258678688139416,0.905547371294227,0.674752613829432,0.22200330838588095,0.03633164704946577,0.14386958911383274,0.7292220874956927
923,0.5185112044886038,0.022182855539977453,0.015,0.48132834894862636,-5.916890964252419,-3.7509125091868674,0.1350382614093958,0.13232769929433072,0.2677178462300903,0.19628542356405676,0.07379109925473482,0.7696763840875527,0.8171484161022314,0.28282353546987027,0.9359269281608273,0.9153556552180125,0.4608483124963052,0.014255154539697848,0.2465787640495459,1.2563056616836255
877,0.5190075108940905,0.008663136136004555,0.015,0.49534437475808596,-6.051454591905739,-3.8186383954489282,0.08586466205596797,0.08340514564378237,0.2301090603813449,0.12335779239910623,0.04837153171282973,0.7442318430417686,0.7034174738455998,0.11700844494405192,0.9601148551419687,0.6876557504595602,0.3672570129074427,0.013127890240470487,0.24340406313427354,0.5577075222717354
970,0.5191560587627254,0.009382582087622772,0.015,0.4947734766751027,-8.404343059160784,-6.239524238094986,0.09142820121724396,0.08871763910217885,0.2333566408717365,0.1230356074973156,0.059820794937172315,0.7167141768343228,0.5857291940478363,0.17503355368322437,0.9375173012252234,0.9189898477806038,0.45779428940832206,0.09329099243532446,0.17415086773425048,0.5001816516436515
155,0.5195818268456411,0.01264833675483901,0.015,0.4919334900908021,-7.4420826314995425,-5.317519490643011,0.10763486084852741,0.10492429873346232,0.24338876599742654,0.14969360336287446,0.06557611833418037,0.7038113192258912,0.6580139879762924,0.032758529213653104,0.9055097089065903,0.9273732927858718,0.3614625979021997,0.0621104337928354,0.20507484673321244,0.7581116714753163
454,0.520933877921174,0.015526409521541993,0.015,0.490407468399632,-6.635016786451778,-4.664419167144075,0.1164453686994438,0.1137348065843787,0.25020777277610734,0.16784203471273518,0.06504870268615241,0.7449680903309048,0.8058963210176906,0.08426208929084775,0.8956263900403215,0.790412125028664,0.21755178526055746,0.04209461638668465,0.2574117362001225,0.9422945405837131
131,0.5214105167828728,0.012357585443158263,0.015,0.4940529313397145,-7.402054474388009,-4.9312710686162315,0.10759758056140739,0.10488701844634232,0.24413244369523357,0.1459340456219813,0.06926111550083348,0.6960306730410164,0.6072862609717662,0.06621917815604968,0.7883743708263219,0.7880782209863306,0.3727738721363867,0.046945380860167654,0.1578524630826667,0.7256891950083072
164,0.5216721752767747,0.02608761852437073,0.015,0.4805845567524039,-5.662856296796792,-3.5831703285003225,0.14317900118009802,0.14046843906503292,0.27561401327265184,0.21141048260084933,0.07494751975934674,0.7679257412887365,0.9520810768286554,0.1322342358610257,0.8247459898976037,0.6612536466384887,0.3180401087212542,0.01,0.2758211564685157,1.405015811814889
1102,0.5220354728957098,0.020420705423964187,0.015,0.4866147674717457,-6.200374862613918,-4.1588296132609655,0.13063991595531738,0.12792935384025225,0.2628213386156539,0.19000173697242123,0.07127809493821352,0.6439971315847626,0.2,0.08019401457073203,0.9882225152958296,0.98,0.5299102846993814,0.02701654853833204,0.25297351350795155,1.170402360699888
485,0.5223605724347311,0.015410485373997435,0.015,0.4919500870607337,-6.903004440761731,-5.2966357224723275,0.11532400733928433,0.11261344522421923,0.24821271845696286,0.16843730815719846,0.0622107065213702,0.7233086595846777,0.5763758981269295,0.0989018385779479,0.9209698852174559,0.7088368534939639,0.21246511629455944,0.06465667291549794,0.30408477352568736,0.9281325431160522
491,0.5235329379334516,0.015171241426002706,0.015,0.4933616965074488,-5.668315649380784,-4.04787080089321,0.11131772565687591,0.1086071635418108,0.2458075764319356,0.1692096207242007,0.053425830589551096,0.7354436224082553,0.581574986096049,0.073719159794867,0.8259041182207457,0.7950546421519932,0.4406376856024535,0.02531814827510256,0.37501584120974774,0.9703627558506158
321,0.5237949700700287,0.020558098351470978,0.015,0.48823687171855773,-6.583512555412426,-4.341285904964483,0.13319484688641914,0.13048428477135404,0.2647795355750332,0.18891362417455876,0.07747606959827955,0.6741052974804292,0.4262279890699204,0.03,0.9068433436903974,0.5712315825957358,0.33142001432385026,0.030661023415516953,0.2109079439860424,1.1427070607945444
3,0.5245064530351725,0.026379219964322107,0.015,0.48312723307085037,-5.765858777229707,-3.8949638555700914,0.14312588734550316,0.14041532523043807,0.274915054409472,0.2136426375543313,0.07260913713667502,0.7601491353100365,0.805246815956977,0.1539105656669375,0.99,0.7585456683287692,0.434689052043379,0.020704181783076408,0.31076924682437584,1.406430025379521
783,0.5250129589088577,0.012302719429950959,0.015,0.4977102394789067,-6.479865421130304,-5.001309007419135,0.1023054511260951,0.09959488901103,0.23800092763010652,0.15244313641972781,0.05216776583246237,0.7425302223713666,0.5312973844719917,0.2120199146504592,0.928559971424414,0.7176744208945852,0.5120502154043656,0.05446455146980178,0.3520824484070135,0.7838623255901136
266,0.5256788532952432,0.024158736791923617,0.015,0.48652011650331956,-6.831828284424544,-4.30075700095137,0.14540717642367193,0.14269661430860686,0.27621798647521956,0.19989436235203775,0.09091999049530611,0.7228468621805247,0.630205481066469,0.17386390228905108,0.8103274046163667,0.7472645490546553,0.5872148339224661,0.02789294808760275,0.1572590037270386,1.2406799235724248
453,0.5259597357684751,0.013591301540683613,0.015,0.4973684342277915,-8.010571602461567,-6.106688141984111,0.11154908461218355,0.10883852249711842,0.24500938581561696,0.15544006655831424,0.06765810266605285,0.7609977495530194,0.9207833358108539,0.16959705566566907,0.934441033938547,0.7899614243169064,0.5312297514481696,0.08828632142425495,0.22327352137787385,0.7737731996691284
253,0.5262877041083536,0.020113196908981154,0.015,0.4911745071993724,-5.961659618438599,-3.6960525730066855,0.13015520973174616,0.12744464761668106,0.26241768639367513,0.18833103737222728,0.07197938209126509,0.7414019231716455,0.6502801290394543,0.15650739550150078,0.9461779435066778,0.8620620771158273,0.4726799448243057,0.01,0.23683846049568424,1.1498925333300238
519,0.5270535508004982,0.019526891831731955,0.015,0.4925266589687663,-5.610208833678616,-3.7828400358993446,0.1251525508915219,0.12244198877645682,0.25745403231821307,0.18874289004339911,0.061562211739644726,0.7265098601320106,0.48697802634375054,0.12673756283726742,0.8552418765765011,0.8173424800539663,0.46987817184047975,0.015993394405102397,0.33670737610600776,1.153662572807713
105,0.5278984972908946,0.02136466556961975,0.015,0.4915338317212748,-6.613776050005038,-5.065279300542171,0.1322660404223352,0.1295554783072701,0.2623982303717373,0.19590685261327204,0.06862522823139838,0.7555436567575062,0.8503344559390785,0.06612701974020103,0.8948592105686862,0.8959095254181261,0.610411001398187,0.05761795038062181,0.32942784987685536,1.1766760152377749
24,0.5282521347404073,0.010800469950802253,0.015,0.5024516647896051,-10.735118594546277,-8.081623470997723,0.09938275875501132,0.09667219663994621,0.23966210175755215,0.12301969963481019,0.07574581787521245,0.7645753170199703,1.8245595369798489,0.13598510394636035,0.9606752874316906,0.3169044541426543,0.571918335977801,0.16215402680346042,0.08871280572534652,0.4368150329533903
175,0.5283147802427148,0.019456231126556627,0.015,0.49385854911615823,-8.085982557459028,-5.760450464176795,0.1340264202955796,0.1313158581805145,0.2637446429454721,0.18140553606590953,0.08664730452524969,0.662632553634915,0.40755781904730254,0.07781772290462272,0.8628634299076698,0.6813256724211885,0.5206625937805165,0.0762697642562135,0.15875688391158796,1.009046336037772
968,0.5291913420380062,0.030956080187588084,0.015,0.4832352618504181,-6.534794800716472,-4.935458741383392,0.15472696861384644,0.15201640649878134,0.28459055618741597,0.22886977289750815,0.08058416433018474,0.7202184573798567,0.6494982264651814,0.03,0.8808996214819043,0.6619665729435263,0.5282067666050794,0.05550334560032007,0.3162807138325143,1.502801369901349
281,0.5294120924527196,0.01479957579977206,0.015,0.4996125166529475,-6.039363972937093,-4.609244647464738,0.11045937385948074,0.10774881174441567,0.2439248529828048,0.16772848322000014,0.053190264498961345,0.7402085511889397,0.550438509015409,0.13060955053832327,0.9840056500394113,0.8566344875765013,0.28178717213436644,0.042251199563258436,0.39124493836329177,0.9230331297340159
96,0.5295318773829255,0.052149969284887715,0.015,0.4623819080980378,-7.930197721158555,-5.22294860904408,0.20702890890968312,0.20431834679461802,0.3373091258301183,0.2680924930486427,0.1459653247707236,0.6167588404262152,0.42288477814457376,0.09026245520518532,0.8669792086235342,0.5308448728620538,0.9116636330774365,0.06846321888606578,0.08550527234821827,1.9084109512006189
241,0.5299592066485509,0.030724185917920387,0.015,0.4842350207306305,-6.6176768603276255,-4.341418920019392,0.15839422485934002,0.15568366274427492,0.2887392918485654,0.2241013412520282,0.09268710846665182,0.7485045278424816,0.8532446175984737,0.14845554337691907,0.8526469568478063,0.8691034538933222,0.4051577317953066,0.031224608787690202,0.2031338734608485,1.468417005514731
227,0.5300197434531722,0.013644193240653392,0.015,0.5013755502125188,-6.688044518711592,-5.058240107787799,0.10846701087583163,0.10575644876076651,0.24239073435553668,0.1597355018957871,0.05719851985587611,0.746946368474304,0.5780888202727748,0.20260768668183501,0.8711321097644983,0.8672673898536934,0.4493934852421816,0.05409493352550117,0.3191083873001502,0.8334799421231511
5,0.530377601415556,0.016490144665982625,0.015,0.4988874567495734,-8.042819864365544,-5.722836621056709,0.1240943264034296,0.12138376428836448,0.2553823279807656,0.16852086642156508,0.0796677863852941,0.7480418092301435,0.9222143383767883,0.14240955295699487,0.9397164434397058,0.806893065087867,0.536862723332973,0.07272637613018745,0.16772291509662568,0.8849183621113715
419,0.5305421832637578,0.021928947152173594,0.015,0.49361323611158425,-7.139625855402588,-4.784077512788302,0.13918724796399692,0.13647668584893183,0.2691953315599011,0.1931097712562527,0.08526472467174115,0.7067326035573296,0.5388869992838908,0.1201233556561144,0.9443299405147669,0.776803095662923,0.43666760039380254,0.04284206229276062,0.18050865893610557,1.142931376825833
665,0.5306933025121743,0.03512614133950923,0.015,0.48056716117266507,-6.866167556630832,-4.4618408362664965,0.16940196133696417,0.16669139922189907,0.29944630075885487,0.23519567317594176,0.1036082494979866,0.7129412965069687,0.73309449222777,0.07940141166378285,0.9456616549055453,0.6522675005270212,0.6583087510195894,0.03526698896203343,0.17148100992585347,1.5741772564026513
1162,0.5315490987065538,0.020941271195445536,0.015,0.4956078275111082,-5.268186488708118,-3.559869407323214,0.12722287699461937,0.12451231487955428,0.25911465419495566,0.19582233420642292,0.05862341978281585,0.7901776725494043,1.004317338242858,0.12265679150713896,0.8036206273346028,0.6247841697429661,0.4583823922100969,0.01,0.39212887480250797,1.214895963303904
1099,0.5318292562207221,0.022994134805640897,0.015,0.49383512141508124,-7.196229323040157,-4.6571091987169755,0.14333470255488168,0.14062414043981658,0.273123571838779,0.19569740642166028,0.09097199868810309,0.7286223644203804,0.7889190094947528,0.11248863993080699,0.8670037530513096,0.8574802854911362,0.5634412300235099,0.03753357294822233,0.15413610126367905,1.1642961467366029
137,0.5319746200952346,0.013534953949651714,0.015,0.5034396661455829,-7.160914866810292,-5.575469406556692,0.10882590622879407,0.10611534411372896,0.24211579110360396,0.15847194874634657,0.05917986371124155,0.7639060625943221,0.8995525005573656,0.08000021676059609,0.9306511308202713,0.8743288518755833,0.42647747024020416,0.07014345334218199,0.30733362200833014,0.8021610563931701
97,0.5320342164543874,0.01045328722220777,0.015,0.5065809292321797,-6.783548967485184,-4.961106403005623,0.09518051388586961,0.0924699517708045,0.23266996625352357,0.13820962537294085,0.052151402398798376,0.7369284327734424,0.5231559280340683,0.17612226810057258,0.821482752767302,0.7584917376251991,0.42542854779604244,0.048322858267783785,0.28750830230732616,0.6371585381355239
1030,0.5321545959544066,0.016522491676190895,0.015,0.5006321042782157,-7.26360903601897,-5.801088376402267,0.11939019250815838,0.11667963039309329,0.25006964871601295,0.17448735251744618,0.06429303249887058,0.7656791797011443,0.7307811403153803,0.23957613510466613,0.7706884986973849,0.8478727785538472,0.5008185804118549,0.0793641323253908,0.31770276576408485,0.9406029699513363
448,0.5322103027050048,0.015684610676146578,0.015,0.5015256920288582,-7.717623578239837,-6.502316301480076,0.11675507634997989,0.11404451423491477,0.24734560991750285,0.17033997811174573,0.06317017458821401,0.7598320430520956,0.7653970222689258,0.1681259285612803,0.99,0.8174374459231256,0.48558735271389847,0.10431390643961282,0.335027645370055,0.88444725746186
452,0.5352078821793608,0.024003314447325473,0.015,0.49620456773203525,-7.377489083203361,-5.399002160221326,0.14331607048505413,0.14060550836998903,0.2719288977493318,0.20320044263358344,0.08343169833652482,0.716365392473149,0.5556217349106998,0.12017574597275775,0.903569369041731,0.8907201725655016,0.4873505037586785,0.06436771539073712,0.2308962458677261,1.2059544604954535
649,0.5353443730441397,0.014944620944506411,0.015,0.5053997520996333,-7.172265133316921,-5.480606138880917,0.11447295043239222,0.11176238831732713,0.24637616424957187,0.16601506860271423,0.06293083226207022,0.7772225964124215,0.9252668900777689,0.1727925100301692,0.8758330677613922,0.8278003675430897,0.4656986132567658,0.06578469049195976,0.29184333779778,0.8622423060888873
509,0.535800822010962,0.0230087288033603,0.015,0.4977920932076017,-7.206818932223034,-5.313649860282723,0.1398542807969958,0.13714371868193073,0.268560115373583,0.20038733036905015,0.0793212312249415,0.7596761986595888,0.8179083430068315,0.1739281907307078,0.8264664549908931,0.8657031303895022,0.40640563281170017,0.06146521040467691,0.2525714003617604,1.1804349977611173
176,0.5360038081086378,0.024617345415436448,0.015,0.4963864626932013,-8.70720922720994,-6.102963370467237,0.15152806506659083,0.14881750295152574,0.27900023488373155,0.19824087147131084,0.10481525866187086,0.7118552968905273,0.7870847148118847,0.12928189837025086,0.8149644421239997,0.6712362915165692,0.5037515058870841,0.08703611311083834,0.11548773806469945,1.1244615687285688
418,0.536162306216857,0.03297371461476063,0.015,0.4881885916020963,-7.731155447166998,-5.822690138319281,0.1646767529482332,0.1619661908331681,0.29273465791226966,0.2317548886562092,0.09759861724025719,0.6674970327252646,0.2643580272968963,0.16506516080626205,0.99,0.7625987630476467,0.28748836354374474,0.0823999879194704,0.21810884450048584,1.4677648949992745
283,0.5363778114138595,0.022529932173632725,0.015,0.49884787924022683,-7.117364342311315,-5.579190936773712,0.13684096542535823,0.13413040331029313,0.26533792866010286,0.2004166679439181,0.07326526290679834,0.7501862588527064,0.7371062753605768,0.12028927396236312,0.9611699470322421,0.711735031125613,0.2932045463291483,0.07211984442412908,0.31182211130329984,1.172886814904236
634,0.5381070601669069,0.007706507633748933,0.015,0.515400552533158,-6.657275271430042,-4.187333920960558,0.07787559018044207,0.0755918637403439,0.22844000038096815,0.10838879566343866,0.047362384697445484,0.7615888453508396,0.7590444404459716,0.1771566990108914,0.8689097712150525,0.98,0.45158366664917177,0.018496052880990953,0.19970240719752277,0.37578793483732165
410,0.5391356526944251,0.027190894961599904,0.015,0.4969447577328252,-8.9214810885817,-7.007022550418125,0.15478466745286867,0.15207410533780358,0.2811690545192199,0.21199383345415126,0.09757550145158608,0.7412920489568743,0.8244102522149894,0.15923174133680398,0.9331794863606522,0.6028759198640578,0.32647034169179767,0.12104677172529214,0.19600926222135115,1.219902771209208
202,0.5398756326296564,0.008269191559348016,0.015,0.5166064410703084,-8.821884894838492,-6.261175160375865,0.07934991439359251,0.07703396133838675,0.23479578974134407,0.1031285742206953,0.055571254566489724,0.6962039634096399,0.7235502797548867,0.03,0.9279065549427479,0.7999425640934582,0.5050609246411891,0.0845864350734007,0.13352239509333752,0.28941980685077306
4,0.5403950182776881,0.018472235587108324,0.015,0.5069227826905798,-6.26329268342473,-4.2679056651070955,0.12494454795788704,0.12223398584282194,0.2554681373119069,0.18357862802315006,0.06631046789262401,0.7205993347434728,0.4857600983745553,0.0842412925291362,0.938059678087745,0.8758119254627511,0.5692521692089123,0.02604165053760701,0.2842857979582703,1.0420068912906622
1089,0.5409658656979198,0.006234762788214125,0.015,0.5197311029097057,-6.203909384367452,-3.8838113987197973,0.0537527048061035,0.057534524888564205,0.2352220182136598,0.07587275293494511,0.03163265667726188,0.7722941639200114,0.9631633399082522,0.03,0.8885923586938129,0.912420895271793,0.6178750592100458,0.01,0.24799984591578336,0.1
821,0.5421490230696752,0.016963665640768354,0.015,0.5101853574289068,-6.127697949072432,-4.457308595062876,0.11859605717386461,0.11588549505879951,0.24956804389562035,0.17837183131253354,0.05882028303519565,0.7421679789907174,0.6079402991447955,0.05547715581482067,0.9392818663580431,0.7425000346084248,0.4481866501210237,0.033347161497664965,0.35351468989169277,0.9852701817615788
203,0.5424146048776078,0.007166079772921664,0.015,0.5202485251046862,-7.64307007229226,-5.7181179684401116,0.06848244754069596,0.06661550082149785,0.2305697485214425,0.09597152422288727,0.040993370858504644,0.7525888172391904,0.6981852019422284,0.13944482034715225,0.8729655661024119,0.8677640747724731,0.6189114524813678,0.06742336258225498,0.25026950303675044,0.24123182045881497
1132,0.5427547875343325,0.024238343484389545,0.015,0.5035164440499429,-5.918427977687298,-4.138283334618543,0.1383300709352318,0.1356195088201667,0.267935807978015,0.20818964644520405,0.06847049542525961,0.7388903723157965,0.547966343747895,0.11909819482865752,0.99,0.8185833494901211,0.5574062396722874,0.024602696634906968,0.33865173240032753,1.2736980721588327
703,0.5427671025826413,0.01799570376498441,0.015,0.5097713988176569,-8.580898306299563,-6.742757925709722,0.12819623932788352,0.1254856772128184,0.2563224161064705,0.17814385382537296,0.07824862483039408,0.6355186924018453,0.2227161209681437,0.06055392483949089,0.9065496156244961,0.8999838444097117,0.4285551847161694,0.10653956962588453,0.21875913753291898,0.9143157797632435
53,0.5428853620131252,0.03707234449773483,0.015,0.49081301751539036,-8.691480809532464,-7.446657612165778,0.17257864864334543,0.1698680865282803,0.2982631013116897,0.24562964417870145,0.09952765310798942,0.745289366076769,0.8578886348287252,0.11117115414443715,0.96223531466496,0.6835223009334749,0.5008082304511893,0.14351625415744995,0.2836591689078106,1.5159572223782223
922,0.5429672151491277,0.023847875451170977,0.015,0.5041193396979567,-6.052343056856455,-3.7763399885139903,0.140433564911525,0.1377230027964599,0.27030376080984186,0.2040270526149917,0.0768400772080583,0.7508474603241528,0.6883306734394995,0.1372131292124378,0.9020843382391982,0.8264353270409084,0.6705112612737101,0.01,0.24465815551713765,1.2399827064266211
686,0.5431759716995631,0.033947315064384344,0.015,0.4942286566351788,-7.097014447456945,-4.332981611919596,0.17071669731627367,0.16800613520120858,0.2993449173968179,0.22963794729208345,0.11179544734046391,0.7593185373802829,1.200311444279773,0.12761676989590065,0.9557682577711027,0.7539744493315444,0.4343886479912711,0.025609671792297097,0.1260901693150891,1.4633532135808882
926,0.5440097013088423,0.02514157623286743,0.015,0.5038681250759749,-7.78725671685849,-5.434180329800656,0.14936537903747807,0.146654816922413,0.27682518011867707,0.20496474057769162,0.09376601749726451,0.7080067470185911,0.5689775617314767,0.1055953734176802,0.9650528539910025,0.738947825054446,0.5722170050406298,0.061325420073121195,0.17187503867817952,1.1869009978335188
311,0.5442782416557466,0.03389084883713451,0.015,0.49538739281861205,-6.497458993980792,-4.335811620013823,0.16389956569541952,0.16118900358035443,0.292782253605861,0.23617406689639014,0.09162506449444886,0.7713395481913534,0.9718242955844992,0.1513546542033771,0.9055264945214488,0.8011018126553135,0.49280376014689387,0.029238854398609924,0.23725231001255706,1.5326525345143365
648,0.54534227115498,0.045740953544970014,0.015,0.48460131761001,-9.608222353541178,-8.041031927397327,0.19251675779721783,0.18980619568215273,0.3179706058087696,0.26388575668191583,0.12114775891251989,0.7268775646330278,0.4511385563198168,0.33196277257027457,0.614537206317285,0.47965033100000537,0.14850007939216703,0.17018295414027101,0.20945069799301666,1.66491635969168
830,0.5467081190420034,0.028441882447224506,0.015,0.503266236594779,-5.943865151441358,-3.7468472302702738,0.15046626284003542,0.1477557007249703,0.27998479728719233,0.22072453449261292,0.08020799118745793,0.7391892675598141,0.509974644940527,0.19513271007843597,0.8495988054686482,0.7567361636604439,0.5669235214504167,0.01,0.260712483903779,1.3920893862088102
1062,0.548450803740302,0.06996566589647109,0.015,0.46348513784383083,-8.872021218611009,-8.304353203728123,0.22185806405906694,0.21914750194400184,0.3496554863031201,0.3202678078926474,0.12344832022548642,0.7627318203802331,1.0677229244009534,0.1719867771048718,0.8247170579245209,0.7375023120626023,0.7829597393479031,0.20026019877036338,0.345808352136876,2.2461581997483173
451,0.549171597333477,0.01724014935479588,0.015,0.5169314479786811,-6.421146972539283,-3.912113298822775,0.12401172218638391,0.12130116007131883,0.2550941833470807,0.1755349018397622,0.07248854253300563,0.7285481708364099,0.5232373287336765,0.1203561873904001,0.9053923607903197,0.784580825169564,0.496002275663746,0.01,0.201845163885736,0.9462393146542609
719,0.549215714843981,0.03518241063415759,0.015,0.4990333042098234,-6.265908905008077,-4.8867597522645365,0.16137432692841108,0.158663764813346,0.28924106917110126,0.24492234244853106,0.0778263114082911,0.7946474202795272,1.061963185567813,0.16378187391671525,0.9098076106865121,0.926395550332979,0.4884107421395273,0.05119687458840782,0.3870554739601538,1.5838926860638831
142,0.5493787394246528,0.02418623105838175,0.015,0.5101925083662711,-8.359750587149872,-6.62304488714441,0.14528303263396797,0.14257247051890287,0.2711708523972239,0.2047268156783076,0.08583924958962834,0.7204713424578378,0.4868054357143242,0.16674552516928728,0.9380395668263344,0.8605425788803679,0.6959631208744996,0.10217641284450693,0.2423954830670763,1.134298834636304
79,0.5494260096336606,0.026015077900731796,0.015,0.5084109317329288,-7.523344477990512,-5.668587499472799,0.14823917295000116,0.14552861083493607,0.2750868206030501,0.21214075496173596,0.08433759093826639,0.709782496276767,0.43714250133085575,0.12683902296264915,0.961376656854319,0.7004522007562798,0.3839017023000153,0.07010776253387205,0.2529806746812414,1.2330944886554107
617,0.549684998536152,0.017458967924324838,0.015,0.5172260306118273,-6.168526595049173,-4.250146640016353,0.12121089590439306,0.11850033378932795,0.2515299726845814,0.18018570461557737,0.06223608719320875,0.7167689275345157,0.3404618600463165,0.15526375121736138,0.9126922666814496,0.7767768818230456,0.4952247316646293,0.024112922760015375,0.3103656714286672,0.9843577715767866
63,0.5500638622838878,0.019678595478039258,0.015,0.5153852668058485,-6.258008085502763,-4.328459197561303,0.12815637557747012,0.12544581346240502,0.2572521498355496,0.18986250446522795,0.06645024668971226,0.7575793481010614,0.7130412249308012,0.08751279210265094,0.9526607969951679,0.8754200925746967,0.47964484080369285,0.02649501879207037,0.3061081932039228,1.0676704914949977
495,0.550166034738106,0.021736290326861172,0.015,0.5134297444112448,-6.39584180192508,-3.8922307728487984,0.13736443163667156,0.13465386952160646,0.26653096904534923,0.19473469226244444,0.07999417101089869,0.7736282682042306,0.7963804696386887,0.23589114138075193,0.9496005874355945,0.7568627459061048,0.604303936892497,0.01,0.20185605701267176,1.1199313115470395
787,0.5513400707222066,0.04021092409009434,0.015,0.4961291466321122,-9.173652109415402,-7.576781459161439,0.1816264708573412,0.17891590874227614,0.3062901930627914,0.25215374847956834,0.11109919323511405,0.7728233338160495,1.1490246907082373,0.15898917862843015,0.99,0.8919100417042409,0.2697668589645465,0.14399969642196228,0.22863692318173856,1.5383958454726248
604,0.5515740292781515,0.008435474722839042,0.015,0.5281385545553124,-7.4333963271576255,-6.172252831378974,0.08063643317649663,0.07807122789666719,0.22398281350671764,0.1186704980924147,0.04260236826057857,0.7325370852541295,0.4232650007587535,0.1580550304535593,0.9454671673826834,0.931291364735825,0.43178374457568225,0.08338015348479645,0.3621688762025833,0.408431090852032
272,0.5523176385405737,0.024479818768373237,0.015,0.5128378197722004,-6.875518251300138,-4.943228804638578,0.142908053529753,0.1401974914146879,0.27028820607990284,0.20775748625307183,0.07805862080643415,0.7384539702860105,0.63813214291293,0.07683035616108178,0.8424885372319909,0.828194265153883,0.626931264340742,0.04532949668521389,0.2731044746192586,1.205622663864777
1041,0.552497380222533,0.011581069271489696,0.015,0.5259163109510433,-6.107400218556811,-3.888895943354494,0.1001689310873817,0.09756665965421409,0.23593702168035488,0.14650301179655006,0.05383485037821332,0.7429325484376577,0.5599485127672073,0.08467485198393895,0.9090559807635176,0.7519467790364368,0.6108356921110284,0.01,0.2734424548085394,0.6835249995349444
1043,0.5530099195686389,0.016204049707836572,0.015,0.5218058698608024,-7.701338957190207,-5.407327037433494,0.12215180818068841,0.1194412460656233,0.2518280613422246,0.16963421384873636,0.07466940251264045,0.7305852942143629,0.6290649614751507,0.09607381919278368,0.99,0.8423544721012853,0.4512041903405733,0.05525097550968952,0.1974160772292946,0.84276222155971
1170,0.5535274537069155,0.07923824291999582,0.015,0.4592892107869197,-9.419147470751795,-7.960244918294297,0.24046417848631568,0.23775361637125056,0.3687099157817109,0.33024490984377386,0.1506834471288575,0.7901677013190289,1.8738242535231182,0.1254795937096257,0.780751570529829,0.5456665927148712,0.43189737009538387,0.18313599853008566,0.21406601928778304,2.358601901100944
823,0.5537995867493656,0.020425723333342312,0.015,0.5183738634160233,-7.350107627756325,-5.117987067893301,0.13474743459991753,0.13203687248485244,0.2622434853601748,0.18983547631089698,0.0796593928889381,0.7130885400280721,0.5149046691642274,0.07091819512604211,0.7904777191590715,0.6626540202603177,0.4672929914388185,0.04750065079452016,0.21354595611365695,1.0284130765659614
742,0.5550611028266395,0.01120461034161491,0.015,0.5288564924850245,-7.109341239362944,-4.7449499315054275,0.10024739868072868,0.09758615794296573,0.2355194836792834,0.14070290082566145,0.059791896535795926,0.731621132848767,0.49949703897861686,0.1353311712210181,0.8435207843421559,0.6305788273212838,0.6044742804102614,0.0329210745668296,0.21051134459421816,0.6062150291329222
487,0.5553002683822609,0.018560695435196655,0.015,0.5217395729470642,-7.599803250426493,-5.690566185463418,0.12823700835031415,0.12552644623524906,0.2556460413614249,0.1831881673983066,0.0732858493023217,0.7590781560180688,0.7864436001710806,0.109481608640913,0.8651122574432485,0.5769865431182507,0.6235144178202536,0.06613914940722965,0.2559042131349411,0.950598387338948
789,0.5554631742745302,0.029778040482599716,0.015,0.5106851337919305,-9.085170929686818,-6.410826805125745,0.16581416058486187,0.16310359846979677,0.2907203905375002,0.21592500392715352,0.11570331724257021,0.7229402539174384,0.8046906669398654,0.14241062730740375,0.9562276970024943,0.7626777669959797,0.5062203558919154,0.0925241635189397,0.11103712542893701,1.2121661805898027
717,0.555765852596075,0.03570577615696419,0.015,0.5050600764391109,-8.264687513299304,-6.118362713420195,0.17337405552885798,0.1706634934137929,0.2988344128294382,0.2393004603511189,0.10744765070659704,0.7270317575642016,0.8634280104282415,0.03,0.9119889504337342,0.795003378217783,0.6894699589231813,0.08472845818989022,0.1900419403639374,1.4471699027059288
773,0.5570137976740378,0.018948393725021405,0.015,0.5230654039490163,-5.811916106604435,-3.808920502700645,0.12494268878892045,0.12223212667385534,0.2542424031548252,0.1876168777606984,0.062268499817142484,0.7275097492854672,0.45025448743979385,0.055148501071245346,0.8865450470323748,0.7227829842832525,0.5261669641921297,0.01,0.3243661325119126,1.0415978283392073
614,0.5575743988893005,0.011642718338589113,0.015,0.5309316805507114,-6.521170985634025,-4.379609369177099,0.1007527139794212,0.09808806884905136,0.23538383111459799,0.1464717482672149,0.05503367969162749,0.7786717697424396,0.8844320802550611,0.0873457086665767,0.8711580810601286,0.5730129549160058,0.36094085326791614,0.023271095824751183,0.27338413285248214,0.6596622354304665
903,0.5576688832918741,0.01955364339294363,0.015,0.5231152398989305,-7.190849495127607,-4.9900832961853,0.1315539398815333,0.12884337776646823,0.2589637645321638,0.18699337476217404,0.07611450500089259,0.8302378315742602,1.7265851308954525,0.16836615649022182,0.90583082414149,0.6676179769587997,0.4187211152120629,0.042306431577897055,0.2313792500882345,0.9942119795703347
891,0.5578761162302093,0.02093383849664183,0.015,0.5219422777335675,-7.184237448719837,-5.095743986756066,0.13510303033300874,0.13239246821794365,0.2621625599804832,0.1933768159321198,0.07682924473389768,0.7306076898726558,0.4824359950494045,0.14986913509777403,0.9085579384473483,0.7925961313746639,0.4912563726950177,0.046759630678749706,0.24289539280067005,1.0503402742053933
716,0.5580517117905217,0.017533078974613467,0.015,0.5255186328159083,-6.328799706863611,-4.907541719357764,0.12005873017153207,0.11734816805646697,0.2485605509457524,0.18264926144348492,0.0574681988995792,0.7360163035666635,0.4444115195040974,0.11253015677955147,0.8065504841617561,0.6965557114016984,0.6734433167284228,0.04487063272208222,0.39872704881764987,0.9656747781414199
226,0.5580851674030104,0.006446400134526749,0.015,0.5366387672684837,-6.038175182063396,-3.92380072449594,0.05402684245826119,0.057620660039503786,0.23340824120598952,0.07847233248834591,0.029581352428176468,0.7693197448042283,0.7037434356718764,0.08615575736034804,0.9076008964687153,0.7928805238522619,0.32998202436138935,0.01,0.30726224980454075,0.1
340,0.5582541761460027,0.035173788572974235,0.015,0.5080803875730284,-7.045074282836434,-5.555601581364498,0.1649473360560263,0.1622367739409612,0.2910302618883491,0.24418701076130692,0.08570766135074567,0.7201801482054897,0.4730999827161554,0.10268028657352106,0.9117497423906419,0.7619015722875536,0.5618761685905505,0.06882237538696509,0.32960650611458736,1.5124814100154118
659,0.5602444807753072,0.02798774065359969,0.015,0.5172567401217075,-7.4840035632973905,-5.250249765532693,0.15487116827717473,0.15216060616210964,0.2808460301785989,0.21776237736986595,0.09197995918448351,0.73424032298116,0.6163877790290407,0.12100153488126257,0.9079224201368635,0.9752461996164619,0.4694364932373228,0.05189403473280971,0.20855560809861756,1.2579871839303358
178,0.5603102341037897,0.022121678455421623,0.015,0.5231885556483681,-7.386840786311945,-5.667646592581367,0.13733294784108258,0.13462238572601745,0.26337925120449546,0.1997566299377219,0.07490926574444323,0.692418952787217,0.3464572254161007,0.0517466814788449,0.889830494544465,0.7255831261981641,0.5481913022443241,0.0662913830832653,0.29040529226306455,1.0858962847342397
547,0.5607741265691826,0.04462848737647605,0.015,0.5011456391927065,-6.839333941585946,-5.005044389406506,0.18325714952940658,0.1805465874143415,0.31030886890573933,0.2677520193169646,0.09876227974184862,0.7807081339667503,1.0200653962597044,0.14710371742424208,0.8739277459708873,0.5876113931497529,0.5090001708657106,0.05092772697301969,0.2808887506608547,1.7582465071731996
472,0.5608127533282102,0.03784413506539856,0.015,0.5079686182628117,-7.989117271565321,-5.867824369152198,0.17675155920634006,0.17404099709127496,0.30199980718233216,0.24643235988474282,0.10707075852793735,0.7645508208265451,0.8012946835096428,0.23823271362171355,0.8609000810269773,0.8923016889067762,0.6482140330969545,0.0753673219599433,0.20195791907388855,1.5067931698915111
875,0.560838080972965,0.025841729419501445,0.015,0.5199963515534635,-7.480601420892506,-6.102153782402196,0.145774579280241,0.14306401716517594,0.2710773892495474,0.21483669135336347,0.0767124672071186,0.7526040490120224,0.6422411622751536,0.13061734330990443,0.7604165738667019,0.7805626439253859,0.403986540752864,0.08305057881014297,0.33692379037516307,1.2076048842867677
386,0.561263350243057,0.010063551106950374,0.015,0.5361997991361066,-7.953345647624393,-6.184290847384032,0.0924140744471384,0.08970885571935842,0.2292827384595567,0.13162051343802966,0.05320763545624714,0.7895010932559828,1.0727587877245628,0.08304133144215814,0.9138249704986497,0.7037976877143223,0.4709598929383788,0.07779961318469017,0.2752922889707943,0.49144923186356027
45,0.5614162239903187,0.01190501561237194,0.015,0.5345112083779467,-8.987294642127011,-6.320421454252798,0.10557618065010876,0.10286561853504364,0.2395370560302998,0.13823309873790518,0.07291926256231232,0.7462340279741989,0.9092347612314418,0.10814736494153625,0.9304882844603286,0.7728844432246313,0.4850133736656634,0.07986268551286663,0.13074550106392988,0.5332699618930861
242,0.5614778142237464,0.011536004139721008,0.015,0.5349418100840254,-7.064733059343134,-4.633711825653147,0.1018213098711207,0.09917095627288748,0.23622649286110298,0.14293244198766997,0.06071017775457147,0.7822572771347562,0.8542733107981126,0.19922023387340598,0.99,0.6256589374011642,0.4058569859381687,0.027817696969717146,0.20956011272226083,0.6120700308626634
158,0.5620015300280881,0.027769816002659146,0.015,0.5192317140254289,-5.5595394605374,-3.995208159790606,0.14425520217772325,0.14154464006265813,0.2720568670746266,0.22364322508253828,0.0648671792729082,0.7723389844138674,0.5931935702991151,0.25375011719822993,0.8082760706388159,0.9286156070034244,0.6744081999669238,0.01932228298523863,0.4220865457950288,1.3583765018603144
749,0.5621863958537086,0.01600119719882091,0.015,0.5311851986548877,-6.791629179961654,-4.179981818905278,0.1209287341029442,0.11821817198787907,0.25138439673113677,0.16907634923875736,0.07278111896713102,0.7961119719993327,1.0824558332933467,0.19607412112503814,0.8763159045580019,0.8187940326852645,0.40028507110728384,0.014304188747310993,0.18917190417138852,0.8424736094857135
229,0.5633968886951339,0.023120341451347854,0.015,0.525276547243786,-7.052048473464109,-6.295862987454368,0.1357907506768153,0.13308018856175022,0.26082434121432907,0.20763358157681777,0.06394791977681288,0.784486511740246,0.8269703482386915,0.13567524461043157,0.834307012627233,0.8782204639195642,0.3438501408495561,0.09172218496556839,0.46542991786331733,1.1319224127657581
1031,0.5635936320555905,0.01811483872124911,0.015,0.5304787933343414,-6.8598802023773775,-4.698553036343015,0.12610432226611046,0.12339376015104535,0.2541677433058803,0.1818890689114993,0.07031957562072157,0.7442437310006823,0.5102623507057864,0.1640592388541722,0.790085750950822,0.8792362967422304,0.49704538585989594,0.032465766638080804,0.2522218759048425,0.9426893555481829
406,0.564571113200665,0.039835014429570506,0.015,0.5097360987710945,-6.6114857087114824,-3.9164218111306552,0.1802057497761222,0.1774951876610571,0.3073153696560366,0.25006813133860106,0.11034336821364335,0.7195016020087137,0.6562802929706126,0.058363567201183186,0.8845799762157428,0.9363107047034361,0.5302606082337155,0.01,0.16091374726178614,1.5993193811493778
916,0.5649307103504837,0.02418029739969745,0.015,0.5257504129507863,-6.7482352964048955,-4.12356685041929,0.14576521880879223,0.1430546566937271,0.2727270356440791,0.20374478940109952,0.08778564821648491,0.7362538760316383,0.466360074724925,0.20042645534953848,0.9000310171406863,0.7845289844444847,0.5754546299137036,0.013821892188789459,0.17931506444899917,1.1470065685989894
407,0.5659272175433329,0.03844769196397611,0.015,0.5124795255793567,-8.138189503890128,-6.5455705654351695,0.17554023736702826,0.17282967525196313,0.2997106924310981,0.2515827777959012,0.09949769693815527,0.7225486816539518,0.5349103975460875,0.11479345704821634,0.8135774963724361,0.9451557052501852,0.44988575045778123,0.09922645499858318,0.2718306349635314,1.5146315108446382
1119,0.5661634160263066,0.01401440231637889,0.015,0.5371490137099277,-6.683647755828075,-4.063821603518226,0.11306833431664165,0.11036443082904651,0.24509595940071696,0.158755876456935,0.0673807921763483,0.7725762762979715,0.7817534988704893,0.16327319294864978,0.9322324637278218,0.98,0.404647999500519,0.01,0.1957785099377315,0.7466853391006272
392,0.5665067016586787,0.018027350073920718,0.015,0.533479351584758,-8.061462952308007,-6.468816712588116,0.12631845528478391,0.1236078931697188,0.2522537339919479,0.18198834438023653,0.0706485661893313,0.7669364899828431,0.839199103623482,0.07246742909636468,0.9298764150289905,0.6578288144924682,0.420232926433822,0.08872602682979092,0.29288285069794334,0.8903879892112503
973,0.5665837115455659,0.01431608434757986,0.015,0.537267627197986,-7.363902414693354,-6.019771261714834,0.111086005871461,0.1083754437563959,0.24025873016993068,0.16489441920754688,0.057277592535375135,0.7346209591759102,0.31786987052021964,0.25706728415168945,0.9226556492914759,0.7669635234784998,0.6219063091338196,0.07528290033276851,0.3587214128088311,0.7615547960752374
986,0.5668930552911909,0.03311848615346204,0.015,0.5187745691377289,-6.268106853040831,-4.426285042918262,0.15973949989228453,0.15702893777721944,0.2862518767958527,0.23879179709437082,0.0806872026901983,0.741001551681696,0.5945057400946901,0.04649440980915172,0.9307601891505587,0.5968670956301327,0.36787927599565157,0.029292142264851755,0.32362001172537136,1.4663686121247346
801,0.5670756693064807,0.02151921359258576,0.015,0.5305564557138949,-6.718717703415274,-4.7206385256318555,0.13500802965307873,0.13229746753801364,0.26148163027905524,0.19777676145634687,0.07223929784981056,0.7666624557951578,0.672587460620165,0.1643610481682633,0.9043171234335083,0.780597262331044,0.5431085049920571,0.03411832110996399,0.2856729008829035,1.0735195332237888
605,0.567146616767768,0.02755914594338251,0.015,0.5245874708243855,-7.020569026287082,-5.003258718301581,0.15128913341730527,0.14857857130224017,0.27692658525163344,0.2192207289000061,0.08335753793460447,0.7805184559081222,0.9444203697139271,0.11564068555549722,0.8291697457147812,0.8961814871231857,0.34706262448638603,0.04357934835760752,0.2654981066782369,1.2575936986134397
752,0.5671628053503454,0.04077261218849225,0.015,0.5113901931618531,-8.61409493048637,-6.692792163618447,0.18308611496105523,0.1803755528459901,0.3069483611680866,0.2549064338926666,0.11126579602944386,0.7857813342440907,1.1552075895013019,0.18594678958876287,0.8652571232560895,0.6976060164710135,0.32551734222589573,0.10303607644302093,0.2145726410514939,1.5328827528296705
567,0.5673425341106342,0.028006807835290932,0.015,0.5243357262753432,-7.334900448131168,-5.327647699916997,0.15327285715814204,0.1505622950430769,0.27849272474615044,0.22022663451145985,0.08631907980482419,0.7642720534992129,0.7178394402999004,0.17705576525965688,0.8598964006480965,0.6996270506520431,0.41858153572692974,0.05358957354766728,0.2530301704636939,1.2556989555296236
462,0.5674076863340727,0.05874458733324832,0.015,0.49366309900082433,-8.284285915049761,-7.322917822466158,0.20654244008671835,0.20383187797165325,0.33206074310074585,0.3013977166500086,0.1116871635234281,0.8027751321922982,1.5140949445254264,0.0548502226643491,0.6670290520502271,0.5613285281906911,0.8379316025497077,0.13887998522043984,0.34144115100335365,1.9792308050964222
306,0.5678450632518859,0.0530316697147873,0.015,0.4998133935370985,-7.816436202862485,-5.608832667555041,0.20345107260565237,0.2007405104905873,0.32960099622846184,0.28291109794260616,0.12399104726869857,0.8237174607497298,1.8969884179003516,0.2122112792901602,0.6239085856516424,0.7051834064970699,0.20117052748484332,0.06874361045346641,0.19123875920063915,1.8544716955561855
1083,0.568380790827863,0.020010168621563143,0.015,0.5333706222062998,-8.596614982763612,-6.301812655624816,0.13635568823512867,0.1336451261200636,0.26132468388571795,0.18649470128239803,0.08621667518785933,0.7515543119711583,0.7907684434642115,0.11851865544326132,0.8589570723080331,0.7658227457638219,0.2853990153116016,0.08031013997117452,0.18304035258655854,0.9216470601151481
656,0.5687856925021937,0.017265187740662227,0.015,0.5365205047615315,-7.81389700007251,-6.5313698918553005,0.12233392929692224,0.11962336718185713,0.2484901586670778,0.18003164042374695,0.06463621817009754,0.7318546244326832,0.3737555275800184,0.1916362320862486,0.870625679956982,0.7340011407803099,0.6633568968797279,0.09169601607665445,0.3463782110042035,0.8696111917402067
569,0.569602741627541,0.029405124428961364,0.015,0.5251976171985796,-5.787185076152401,-4.051850225803255,0.14956321747641682,0.14685265536135172,0.27639219529948694,0.22878186430368969,0.07034457064914396,0.7720129587140795,0.6355467889137216,0.1897016621778649,0.99,0.703399591636417,0.36968387613797116,0.018400781640971246,0.37909440870780453,1.3752479141306864
166,0.5707450348618787,0.02085174076708086,0.015,0.5348932940947978,-6.10619291660832,-3.9308125885606198,0.1320902243058244,0.1293796621907593,0.25933866558928576,0.19550031457528755,0.06868013403636128,0.776473328565105,0.7292190314410889,0.1483118663954782,0.9454901575212944,0.7174323954729379,0.6119524688107955,0.01,0.2909240567920428,1.0643467467830778
7,0.5709580492272524,0.012141844549900953,0.015,0.5438162046773514,-7.780330326696227,-5.242158512180526,0.10556535426653468,0.10285479215146959,0.23797263309502548,0.14478024238495665,0.06635046614811273,0.7783633423371404,0.881362777847178,0.17403077155359586,0.8795995832734664,0.7528401171482142,0.6093919248602871,0.04311304430426187,0.18024431035635002,0.592016602958747
431,0.571003407040399,0.013874210804561459,0.015,0.5421291962358376,-9.67695581474041,-7.254628025337458,0.1149068385225422,0.1121962764074771,0.24387107113038203,0.15186421099064545,0.07794946605443896,0.7308526839625442,0.5959158401228166,0.15191202554860805,0.8289419028524492,0.8728396023524367,0.3490707151248251,0.10913843486975468,0.1498793450445628,0.6066804626619715
948,0.5711313132131542,0.022118549918917242,0.015,0.534012763294237,-7.799829407643686,-4.439542173761777,0.14870170023599127,0.14599113812092618,0.27492556751301067,0.18513058348316158,0.11227281698882098,0.7022297011043186,0.5570112332807857,0.15715830007536383,0.7863930447430193,0.5856202226445433,0.20933362925309618,0.019327752528613164,0.056311014396511906,0.9404296432668816
1197,0.5717077809628076,0.01320975871057485,0.015,0.5434980222522328,-8.558058579234528,-7.807220924619116,0.10675940509507353,0.10404884298000842,0.23497732289133794,0.15718484584460968,0.0563339643455374,0.7199155216421236,0.41344832326411696,0.06730053809551466,0.7772364761679591,0.48181355776546303,0.48319781757324703,0.13352829350514278,0.3922444538082751,0.6478366916357303
610,0.5718340073421142,0.032289208584720404,0.015,0.5245447987573938,-8.24527370780528,-6.781387194138469,0.16300030147860634,0.16028973936354118,0.2863291301958356,0.23526386524638754,0.09073673771082508,0.7167073098098494,0.4288970789103671,0.12222581301201468,0.8429486757624709,0.8495878416277911,0.602864428394883,0.10316511072313547,0.2939186338648142,1.3328471283742669
243,0.5724943952243795,0.04848225626891751,0.015,0.509012138955462,-7.628401928068394,-5.729111593983859,0.1933679046582265,0.19065734254316138,0.3187036844683319,0.2763168540007739,0.1104189553156791,0.7052786222154324,0.3897660526012017,0.14859485139832643,0.903024351803574,0.8490649238058929,0.5647353775838772,0.07170824672336035,0.24250145002581877,1.7636116249481202
994,0.5728265468174715,0.027875933833663775,0.015,0.5299506129838077,-8.177133636042246,-6.424014693657156,0.15421126469060753,0.15150070257554243,0.2778530251804289,0.22016357820259008,0.08825895117862498,0.6887875406200562,0.22214330917846886,0.17331280818169065,0.8094869673945426,0.66966247770467,0.5655382136325788,0.08822567667263825,0.2572978671988507,1.2052621014790634
575,0.5729946432800347,0.015914615343583058,0.015,0.5420800279364516,-8.338472947601879,-6.164602649590777,0.12141552686596943,0.11870496475090433,0.2488985959509686,0.16865126703543476,0.07417978669650412,0.7301772991352841,0.36747585440688,0.22031132836232825,0.895125041320698,0.8047559379649899,0.6726733093519668,0.07381322220723732,0.2078482841243916,0.7669799473285663
557,0.573738394932959,0.025102631826128458,0.015,0.5336357631068305,-7.025828550132511,-4.6728150848066985,0.1471676048462898,0.1444570427312247,0.27244258047073805,0.20943514990012174,0.08490005979245786,0.7621716953963141,0.7702873794939147,0.1025509830400308,0.9483942800917194,0.6408425176578043,0.49160682944407486,0.0297005116441115,0.22153310866404147,1.1543492034832765
701,0.5739666431514721,0.025452207774471602,0.015,0.5335144353770005,-8.367241550442976,-6.063732912108111,0.1513117481720293,0.14860118605696418,0.27490928115433555,0.20847178817952858,0.09415170816453,0.7913475775082238,1.1195598303904803,0.1841107153660945,0.7738969976028623,0.8574666814416002,0.8279210935183136,0.07240787768334074,0.18859913465091593,1.101458664790701
983,0.5746352677794376,0.010807832875575019,0.015,0.5488274349038627,-7.040195047814693,-4.884183717863284,0.09652220626364466,0.0939139104771952,0.23116494213571356,0.13890704943756227,0.05413736308972705,0.7701444173142603,0.5667965783934699,0.23453539498409443,0.9246925730343926,0.8542011076639965,0.7242577203927486,0.03383378149119476,0.2621648671921495,0.5488039975522137
513,0.5746736339862067,0.03339716423199523,0.015,0.5262764697542115,-6.728895900968335,-4.780156949647888,0.16270546300378474,0.15999490088871965,0.28781954892800143,0.23916080509868312,0.08625012090888637,0.8000025786945515,1.0942036023435553,0.14332396895163546,0.882876806381343,0.8772260736047934,0.6107595910920396,0.03705217956797695,0.29105787120691734,1.4249898144683089
315,0.5750072051143408,0.018686931345270524,0.015,0.5413202737690702,-6.372214656506307,-4.103222041968154,0.12697307618289919,0.12426251406783409,0.25432099459381147,0.18561698195271975,0.06832917041307861,0.7943392430331291,0.8919824026229645,0.17679617420625812,0.8098670319685513,0.8304896515635835,0.5861873041153828,0.012876725536174943,0.2688996207912336,0.9581440076882684
248,0.575037601113038,0.02327585377668814,0.015,0.5367617473363498,-7.009784031045436,-4.449203726407335,0.14358858923841564,0.14087802712335054,0.26917113216351746,0.20148023779032093,0.08569694068651035,0.7219089305960681,0.5344379554994152,0.04755130882067554,0.9054217475926968,0.721627722726113,0.5109641687953221,0.021414432498841285,0.1923902408034071,1.084347409735683
890,0.5753521166384497,0.02455814976326127,0.015,0.5357939668751884,-8.235319465384647,-5.9361308455040644,0.14863750621645427,0.14592694410138918,0.2722904946750493,0.20569798302429526,0.09157702940861329,0.78434442367891,1.102592148661715,0.12271363046191161,0.99,0.73761722754533,0.597422245017343,0.0676081161047498,0.19453450365158315,1.0769714936694395
91,0.5760596622490782,0.023999466511855312,0.015,0.537060195737223,-7.7630087911441334,-5.702702085969091,0.14485310328129702,0.14214254116623193,0.268850301583676,0.2060077097617925,0.08369849680080152,0.7479215735718683,0.6484687724257019,0.0979268770016901,0.9147937616757391,0.7485963103761177,0.4199215743250148,0.061212302034923824,0.24052917863775153,1.0878775800322067
364,0.5762917573588315,0.037919134857168246,0.015,0.5233726225016633,-5.999435870389763,-3.871421907943959,0.16968255408686822,0.16697199197180312,0.29592450076780263,0.2522972800515349,0.08706782812220153,0.7582152852372342,0.5348978457377226,0.22125874491796982,0.848720957785283,0.7655821650811703,0.5136997095939079,0.010681436224869514,0.2910725141392107,1.5802877718882964
1142,0.5779003108489797,0.016735128776337475,0.015,0.5461651820726423,-7.584521771820656,-5.968641017702189,0.12101190204441488,0.11830133992934978,0.24727364481932737,0.17714157984661244,0.06488222424221733,0.7970970316984171,0.958266334321918,0.1448069474416041,0.8523522479601077,0.8199214246746476,0.6539017931690613,0.06907605978559692,0.3198955953218439,0.8334833529909427
161,0.5779355407090134,0.017734608237585832,0.015,0.5452009324714276,-5.780870145628322,-3.899002054302714,0.12058972336137283,0.1178791612463077,0.2485688302108947,0.18406018362772258,0.05711926309502305,0.693701014376299,0.2,0.060773880431973626,0.9655691781070853,0.7322081479935607,0.5459754389012472,0.01,0.3675373449494536,0.9481500423803165
853,0.5786204731947622,0.02120536192147777,0.015,0.5424151112732845,-6.9693710561813145,-4.146832007138038,0.13921044762653223,0.13649988551146716,0.2650177513128317,0.19182345405373769,0.0865974411993268,0.767594418280781,1.0125678944245233,0.03,0.9804065661354393,0.7857062169003434,0.2598059423530117,0.01,0.16273902812589536,0.9929062518956554
368,0.5789195549567702,0.02285797015266676,0.015,0.5410615848041034,-7.476192175702028,-5.309683083526702,0.1415630704164885,0.13885250830142337,0.26585734341623146,0.20187656056087763,0.08124958027209936,0.7528808948269177,0.5738391502159433,0.16074441958274047,0.8658948578056521,0.8632779841809985,0.5563833129096665,0.04780677003051434,0.23781128711341612,1.0545546864754958
693,0.5793071130981332,0.030341467171928108,0.015,0.5339656459262051,-6.201904444106857,-4.443235743819235,0.15338627489063997,0.15067571277557484,0.2786778034777038,0.2320599183426696,0.07471263143861033,0.7248020861934659,0.2841823063264028,0.20829733841432735,0.8547004137980413,0.9046593409556604,0.42077448247394234,0.027481832531752636,0.35197217094878386,1.3577984572520527
563,0.5802901758036093,0.022938899015437268,0.015,0.5423512767881721,-8.665918607542869,-6.451273113690227,0.14479298122999812,0.142082419114933,0.2677504451749695,0.19975301387009453,0.08983294858990166,0.7304563189369148,0.48980370190451106,0.1508720810091169,0.794218103032265,0.5830360505511821,0.674979397853306,0.08253680465845165,0.19586518498861394,0.9989201283506057
698,0.5805071414440215,0.023306267940306023,0.015,0.5422008735037155,-8.749164900433167,-6.483068941501136,0.14622221831646698,0.1435116562014019,0.2690307188901727,0.20070105009647773,0.09174338653645625,0.7498940245900018,0.6317550984514999,0.16986831185386148,0.9589269954404496,0.7417121437653171,0.5279785947240413,0.0833561624918141,0.18820685359543676,1.0044443646734103
40,0.5808273994916241,0.02186015015585132,0.015,0.5439672493357728,-8.801807405898442,-6.583627267534235,0.1419386025868474,0.1392280404717823,0.2648469508890735,0.1952584551670504,0.0886187500066444,0.7493380736476424,0.7689375260168401,0.08208433780696432,0.8913695722059394,0.7844427016898594,0.5488827177050706,0.0859936728887706,0.19522767701015642,0.954996749084952
702,0.5809370024266676,0.05285715441091794,0.015,0.5130798480157496,-9.552762492639003,-7.407800692428305,0.2084072932955412,0.2056967311804761,0.33110388325196144,0.2809106260051795,0.13590396058590282,0.7795530858420112,0.996691835780373,0.2829737037940321,0.8966446205233354,0.5008131849944306,0.34195286815438736,0.12779957590196409,0.1658326842221888,1.7015086624388789
349,0.5820130191383307,0.027427079318115662,0.015,0.5395859398202151,-6.508923663689261,-4.440731514348443,0.14959253972732794,0.14688197761226285,0.2744124731359557,0.22083891843822678,0.07834616101642908,0.7867313299719936,0.839258516877574,0.14346675705847434,0.9325620749421369,0.7956463241847974,0.552643652890856,0.02385880150329106,0.29377637553576663,1.2406303667029634
1184,0.5825233875576956,0.03929101213960845,0.015,0.5282323754180872,-6.481790522142677,-3.9710163219046093,0.1772029132935049,0.1744923511784398,0.3025600908876093,0.25300646480599726,0.10139936178101255,0.7091375262703433,0.2576374743893594,0.20435529499187252,0.8811689427935383,0.8516015001202969,0.5865720570321602,0.01,0.20455576558695188,1.5569271665399778
278,0.5825909652275733,0.04702031094318732,0.015,0.520570654284386,-6.028777809894703,-4.200372722511359,0.18385060508235046,0.18114004296728536,0.3100049586742061,0.2777616338070803,0.08993957635762066,0.7999565963357552,1.0513227402500598,0.12987511143001926,0.9476959902220405,0.7284197714807883,0.5976593202225947,0.022568305142228354,0.3435222022567478,1.795830715861566
867,0.5829780771686778,0.05705160242380734,0.015,0.5109264747448704,-7.382885443016516,-5.047240543724775,0.20932301100883405,0.20661244889376895,0.3349637661788011,0.2933898080564088,0.1252562139612593,0.7502556954320904,0.6847239858923235,0.1982221307247531,0.8683831791523178,0.7753529630494382,0.6349988445594313,0.046686783473792626,0.1917566113578451,1.9185879783844442
325,0.5832217194885801,0.04330560527555369,0.015,0.5249161142130264,-5.978526735552134,-3.8534612427981236,0.1792901091158018,0.17657954700073672,0.3053703991968314,0.26714786718167927,0.09143235104992435,0.7316530764964707,0.39422513283296623,0.160185173728226,0.8716281011306891,0.98,0.499857235445269,0.01,0.29292484974540817,1.7000552052136824
1005,0.58371155283672,0.019103794611022826,0.015,0.5496077582256972,-7.400303037577216,-6.0823377180752,0.12727519417625002,0.12456463206118493,0.2512924503682831,0.19022041951729166,0.0643299688352084,0.6776169231994227,0.2,0.03651224164290007,0.99,0.6950224319863506,0.4527185525849697,0.07359173508485042,0.3705446628226303,0.9281487083810183
458,0.5839132483267983,0.03621697748599303,0.015,0.5326962708408052,-5.758632240003862,-3.84201558480169,0.164173608660713,0.16146304654564791,0.28969181976264613,0.2499945353469396,0.07835268197448642,0.7766076039176122,0.7435892846377165,0.08681412677673717,0.99,0.7641287032797274,0.5989084183073634,0.01,0.35634315757855073,1.5287549480756495
1021,0.5839174750723726,0.04020499201588171,0.015,0.5287124830564909,-8.93444236848838,-7.095192048950214,0.18275886406337713,0.18004830194831203,0.30441622080308245,0.25546023967453807,0.11005748845221622,0.7151388930153009,0.4239238103486968,0.15345920016764128,0.9275449879231912,0.8204838567970906,0.5141516897465853,0.1104529815588598,0.22518453053110232,1.461316635084396
298,0.5839881795614246,0.028934382654682206,0.015,0.5400537969067424,-8.830229443576748,-6.978105820776664,0.15887322939300047,0.15616266727793537,0.28058940184168485,0.2230659892121176,0.09468046957388336,0.7398007145419894,0.5981150198949508,0.11493860464228929,0.8988357522519648,0.733114166831904,0.5881104771480269,0.10169521249286392,0.2362244196051807,1.1746713633319745
753,0.5840437522335494,0.014968568396515175,0.015,0.5540751838370342,-8.219737079359565,-6.301831572917557,0.11640995924761179,0.11369939713254669,0.24344243979366187,0.16540121070679334,0.06741870778843025,0.7733184433711204,0.7841252348064599,0.11296880865290346,0.9386493654106317,0.7984219821906462,0.4529253053377267,0.0750561723193352,0.25833259113040863,0.7125994796540223
1199,0.5841166435600361,0.010841101430847634,0.015,0.5582755421291885,-6.470291801649166,-4.116851920314091,0.09617569460124697,0.09367935125397457,0.23076752311103968,0.13968626631971412,0.052665122882779844,0.7329866625796668,0.4210778107939966,0.05538041515372645,0.8123101177561739,0.8662232757150792,0.456916749368749,0.01,0.2639135289314976,0.55042432055701
1000,0.5842230882253444,0.026321166018099126,0.015,0.5429019222072453,-8.176610890474462,-5.840340198298877,0.15337350253024923,0.15066294041518413,0.27624039628402275,0.2126505029510452,0.09409650210945328,0.7231647820499274,0.30424353095284795,0.23464840814780813,0.9587467511857917,0.7657914999293064,0.46237543137245835,0.06294154620967433,0.19032279036058375,1.1161635171533086
457,0.5849871059830541,0.01978143821536723,0.015,0.5502056677676869,-8.008244714995676,-6.357251514258385,0.1318508668302873,0.1291403047152222,0.2551956461999212,0.19108516258221253,0.07261657107836209,0.7350828535606317,0.5048343436443223,0.06423443094022613,0.9322893614338775,0.6200091626568047,0.5701690004291232,0.07943761782546485,0.2983699489397343,0.9209217981021194
544,0.5852018449946151,0.02654710876232919,0.015,0.543654736232286,-6.5801686106381,-4.767304360926383,0.14655242478718747,0.14384186267212237,0.27075446058501995,0.21920541806048896,0.07389943151388599,0.7378948686516911,0.39718072312327074,0.14000861140684723,0.8209199383252964,0.6777009399634688,0.3672568001665292,0.0340048597209554,0.33291752736232155,1.208223351286062
328,0.5877741930840396,0.022670422028842608,0.015,0.5501037710551969,-8.31926568445147,-7.205352757373203,0.1390968522709107,0.13638629015584558,0.2607734251868885,0.20479989543613905,0.07339380910568236,0.6676943978980958,0.2,0.031933614653781986,0.9831651782178092,0.759071996189378,0.4042826111711981,0.10913577056370442,0.3555627029053612,1.0088015398911232
1156,0.5878719347055703,0.02014498691760049,0.015,0.5527269477879698,-5.816396188186438,-3.9472452977179766,0.12774395308213865,0.12503339096707353,0.2534077700556614,0.19553672080207365,0.05995118536220361,0.8147877064496364,1.1138245180778696,0.03,0.8531185235845095,0.7128681461805975,0.5185794820095204,0.01,0.38434283082880766,1.0156680898068664
213,0.5884146094225631,0.014207818526016812,0.015,0.5592067908965462,-6.9275991483087305,-4.9061744600837764,0.11144303010072082,0.10873246798565572,0.24015700305985427,0.1634319649642988,0.05945409523714283,0.7797422978598059,0.6668433543178851,0.16436032852479932,0.8320866505513758,0.8033017502741572,0.518783597137025,0.03308588569404584,0.2983132918477285,0.7190439563279976
641,0.5900700783553624,0.015458923009268037,0.015,0.5596111553460944,-7.134491841208396,-4.260626394397632,0.12024270599324417,0.11753214387817906,0.24874019272152373,0.1652014995401016,0.07528391244638671,0.793169880886099,0.9887405653495731,0.16238564259675048,0.9382404384654621,0.8531135316675774,0.6107302209914025,0.01,0.16469356574678212,0.7350371559316822
399,0.5902038066312922,0.028433334436026733,0.015,0.5467704721952655,-7.657162370370085,-5.79352014218129,0.15465205325545495,0.15194149114038985,0.27699738505401456,0.22411417830355684,0.08518992820735302,0.7898709086237945,0.900163343615419,0.15016110089823798,0.8957638781784132,0.7379465154177902,0.2580132213910592,0.06222710360168063,0.28110431287866766,1.200727303416934
220,0.5902177068882856,0.04271925150697876,0.015,0.5324984553813068,-6.927850363600869,-4.909163338195873,0.18170061569228155,0.17899005357721645,0.3054361586456197,0.26550745010142546,0.09789378128313764,0.7700202441510118,0.7607890355835434,0.12508192603844923,0.8748181874924754,0.8812474911130397,0.4699311339136919,0.038958897638266266,0.2754902787289473,1.610771205869506
422,0.5911884063551691,0.012056228106580085,0.015,0.5641321782485891,-8.067074018547206,-7.028352194062474,0.10070843442333074,0.09799787230826563,0.22950305017095748,0.14949129497635483,0.05192557387030664,0.767941771970391,0.6818524178424629,0.03,0.9219438275796201,0.6110528626711267,0.37947978963614454,0.09866052942296386,0.3941833188953576,0.5623637073500938
319,0.5912014080258654,0.02971629476928405,0.015,0.5464851132565813,-7.173691403635827,-4.427766427904012,0.16141624088672116,0.15870567877165603,0.2849523477356912,0.22344436434590859,0.09938811742753371,0.7500804106030444,0.49041759825652476,0.21743340404367248,0.8964304849648381,0.8128688500359594,0.4567003592351625,0.017967548253300894,0.16693054597491153,1.2278325964806238
145,0.5913091278735112,0.0220434664824022,0.015,0.554265661391109,-6.759315761359538,-4.149110864523763,0.13980189309548885,0.13709133098042373,0.26445402587162803,0.19825693805009942,0.08134684814087825,0.697447739720775,0.2,0.14429904336112442,0.9494607618461884,0.6392868286285973,0.415669346230881,0.01,0.20165743422486196,1.019253385655884
574,0.5923848227221746,0.014511380546566444,0.015,0.5628734421756082,-7.0715555303245825,-5.574935715976586,0.11124273005285515,0.10853216793779005,0.23845487777896612,0.16691030230359188,0.05557515780211843,0.7686817422097054,0.6535698730161281,0.03,0.8716449311308347,0.9100568412945227,0.28556976602997086,0.05405688321495945,0.3776496904454515,0.7261793369162269
1185,0.592627651711963,0.02144317372449038,0.015,0.5561844779874726,-8.555642681744818,-7.302785810608603,0.13664114135482794,0.13393057923976284,0.2578771033243884,0.19921255887507172,0.07406972383458413,0.7539609300438924,0.5519506556038783,0.12298774088242133,0.9635448589327211,0.895300076932899,0.3130745753144455,0.10883421837218812,0.33493088080557554,0.9451089102370289
673,0.592707825323081,0.02722703518272184,0.015,0.5504807901403591,-8.268277831925161,-7.186827178594745,0.15050695861029104,0.14779639649522594,0.2713336839453348,0.22232309920253407,0.07869081801804803,0.7711374590482772,0.7226981246881508,0.09427156343230697,0.9499983755597413,0.5753698095641873,0.544201795464823,0.10829966569063851,0.3676227432646123,1.1403304193938681
653,0.5929405926899795,0.03028211797228342,0.015,0.547658474717696,-6.729810355160559,-4.407288402681263,0.15830598173583027,0.15559541962076517,0.2818805373053997,0.22947482371858735,0.08713713975307313,0.7770009002256225,0.6906396651171561,0.18600571079715558,0.962771043228757,0.8661537154725356,0.31453498137789687,0.019707434488592693,0.24930173348856327,1.2806635674649236
800,0.5937782840255524,0.03700649233618475,0.015,0.5417717916893677,-6.297616492754843,-4.650751551571885,0.16667720510771494,0.16396664299264985,0.2901581633071874,0.253739042147616,0.0796153680678139,0.7437901462257493,0.3513607127179904,0.22938511199680497,0.8916993765835881,0.7917495817230966,0.4563285917908281,0.032417180381640695,0.3748066719787028,1.4989759553389888
1153,0.5946219507326245,0.011428680568883477,0.015,0.568193270163741,-8.095529189890039,-6.104427471454695,0.09925419559157377,0.09654363347650867,0.23098341118713742,0.14124705563978146,0.05726133554336607,0.7745882951823151,0.6348764649771617,0.1764904556117276,0.9081818439744269,0.7415569105149838,0.4097255014227921,0.06476845439917832,0.2625729428953901,0.504818144771091
561,0.5951307427237406,0.04100898096368581,0.015,0.5391217617600548,-8.958774082110672,-6.348611173712235,0.1893544057700018,0.18664384365493664,0.31029851568232947,0.2530152036295137,0.1256936079104899,0.6969481141189741,0.4339457031775847,0.10634026186523403,0.7464862435161672,0.7876816051792513,0.47830980313090476,0.07969073887572684,0.13811162663581347,1.4182718899108773
84,0.5958041522064903,0.08704278979250812,0.015,0.49376136241398216,-8.002014824968205,-6.814065163270606,0.24389264661528431,0.24118208450021922,0.3699648555940105,0.35593947120312214,0.1318458220274465,0.7405154975348357,0.4766639263784279,0.3159868336100551,0.9336417012983285,0.47289916895282696,0.8809746287672787,0.11906978327167787,0.3175752489933279,2.463158880682345
31,0.5959122056711531,0.01313526389999939,0.015,0.5677769417711537,-8.311910162228912,-6.669624087576596,0.10745208530039742,0.10474152318533232,0.23511675809836058,0.15500902854361953,0.05989514205717532,0.751545511644923,0.41633507464422836,0.196108433896432,0.9153708296711076,0.8489746271459443,0.27756528666079044,0.0833877853360945,0.2996216700034577,0.6002449536107879
1105,0.5963638641364658,0.01589316882731127,0.015,0.5654706953091545,-7.571569107052413,-5.304706270854633,0.11991584704319536,0.11720528492813026,0.24605516417383794,0.17084837710963577,0.06898331697675494,0.7597863886539741,0.6752610073254522,0.04961416779101645,0.8965853991518002,0.9257818024842663,0.34265007210374926,0.04118910174308223,0.24153022014773975,0.7488263545704117
151,0.5964904745972542,0.04488386207673582,0.015,0.5366066125205184,-6.101619268739344,-3.9359323846590577,0.18290560642786705,0.18019504431280195,0.30755769811033523,0.2722162548989141,0.09359495795681999,0.7569645863070119,0.5132672277424707,0.18083413177651772,0.893615008633662,0.7742060924755813,0.5716897911690979,0.01,0.2925979437369515,1.6886637307834307
710,0.5965261489866087,0.019378811471680038,0.015,0.5621473375149286,-7.878466545109633,-5.630380608255431,0.13251605143648565,0.12980548932142053,0.2557591914934621,0.18754824543210225,0.07748385744086905,0.7905734386696562,0.9924471975632616,0.08334538425238996,0.9629246709748135,0.98,0.46701664514666325,0.05124941841711641,0.232148848335536,0.875282949213364
57,0.5977415936451383,0.025583893073236892,0.015,0.5571577005719015,-7.123232053651556,-5.335018123186544,0.14591953259878113,0.14320897048371606,0.26809315682953583,0.21613937934762356,0.07569968584993866,0.7658779523957508,0.5573090670573801,0.155811951627267,0.8086839363498252,0.7696730170048413,0.5126833778095067,0.046900376534442255,0.3228322890632822,1.1240722814449788
785,0.5981000831043984,0.026539709536712967,0.015,0.5565603735676855,-9.180072526440052,-6.83777303375018,0.15615091757396077,0.15344035545889564,0.2763702691314454,0.21281407347066023,0.09948776167726125,0.7364737814496035,0.5965611287092265,0.10449136272289714,0.8290374182658756,0.8567690310655189,0.3954485716634634,0.08953333707875889,0.1790541479405581,1.04580692163037
836,0.5991481733414847,0.009741956758019702,0.015,0.574406216583465,-8.177087302621032,-5.959518300701396,0.08748548191002709,0.08502911539762471,0.22743091094944173,0.12252927581542136,0.052441688004632815,0.7131269730182112,0.3782983590885613,0.03,0.8365170068485313,0.9538858605960051,0.46550344680705724,0.05791558506884117,0.23283542533400078,0.355401632997317
1166,0.5999750829921344,0.03414424538125596,0.015,0.5508308376108785,-7.4673659015536895,-5.193616006677883,0.16882146660880148,0.1661109044937364,0.2906123719769491,0.2409434421500859,0.09669949106751712,0.7891304731356973,0.943879517917202,0.12895882225198854,0.8522511752426982,0.8275685158580101,0.47025830342229774,0.04132352322372342,0.23291105158313996,1.332993969035952
429,0.6000698609942227,0.058689595154490466,0.015,0.5263802658397322,-6.155381478644405,-3.8984288028045446,0.20565273443193924,0.20294217231687417,0.33142876129691545,0.3027105897045152,0.10859487915936329,0.7160091242689736,0.34740176657385013,0.1251200287771957,0.9173179350069931,0.98,0.5109648807881649,0.01,0.26178167180452777,1.9862214879189901
982,0.6002796572990173,0.02600353810865324,0.015,0.5592761191903641,-6.949927144115107,-4.61346421606176,0.14905586132620743,0.14634529921114234,0.2716123962762837,0.2154320357946668,0.08267968685774807,0.7932877986414485,0.9080906858400541,0.11941962043764623,0.8794519382481969,0.9155979534949374,0.7121748038681248,0.023021751887068422,0.25009367606075644,1.1263359075236912
362,0.601301909052411,0.026503889097300237,0.015,0.5597980199551108,-7.614540387739615,-5.804703169539571,0.14973425887528874,0.14702369676022364,0.2709551979253722,0.21883895053329877,0.08062956721727868,0.7911557457762642,0.9318356985645384,0.06608655889585843,0.965149092844366,0.7130253023072484,0.5330915751103712,0.05929686273190017,0.3017401232286677,1.1213044033816686
398,0.6013099177290127,0.03087055242685937,0.015,0.5554393653021533,-6.223678864346012,-4.048780373103809,0.15687365405817405,0.15416309194310895,0.28019437541098946,0.23387676601410032,0.07987054210224775,0.7393530693870809,0.3797060278186502,0.12057196616132448,0.9808048224101972,0.9710126694210611,0.5914619283451064,0.01,0.30211854293612295,1.3063099253893093
214,0.602011814379129,0.011708346781943098,0.015,0.5753034675971859,-8.8950308713442,-6.927646015134202,0.10052143283446098,0.0978108707193959,0.23133133277293977,0.14079938045217472,0.06024348521674725,0.7720602083915297,0.8407239867404794,0.03,0.969632883655342,0.48914147833401916,0.421453749241594,0.08691252923327919,0.24637388262424825,0.4721730463109649
360,0.6031176519863244,0.05235148871372822,0.015,0.5357661632725962,-6.577620202075327,-5.757415963618567,0.1901442719696162,0.1874337098545511,0.31302995193539435,0.2960725051944432,0.08421603874478914,0.8159618219368977,1.0448652527822173,0.2073123667689217,0.6103268495089357,0.9409062990574685,0.3712978760022302,0.0714253796513785,0.4997281056783288,1.8248552116108587
754,0.6040973918634776,0.019867525218216643,0.015,0.5692298666452609,-8.700982275362598,-7.373302378962756,0.1323966140424897,0.1296860519274246,0.25289429186080004,0.1925347045695215,0.07225852351545792,0.7794857089755037,0.6836836578147159,0.15713450565255815,0.8734491982862801,0.6766696269225425,0.7212219302205701,0.10567801078748867,0.329247828993742,0.8603881532652616
887,0.6048937483051463,0.01880287333395134,0.015,0.5710908749711949,-7.5445905361364085,-5.577901840335786,0.12874743800631225,0.12603687589124715,0.2515734552313177,0.18741431287576177,0.07008056313686271,0.779431867934349,0.7107542932809934,0.10704432019453575,0.9747493322701122,0.6543609694428418,0.7096146302090229,0.049198161969159236,0.2901754209833666,0.8577841187691025
819,0.6051785612063257,0.04382170297511876,0.015,0.5463568582312069,-8.796549429926936,-6.1324263900117675,0.1947043468931306,0.1919937847780655,0.31498080510993887,0.2611677018391439,0.12824099194711727,0.6899876585410033,0.4365902974468746,0.0617380809016686,0.9390234107557096,0.7799439062345999,0.5066767062067423,0.07002460885903808,0.14010697514033754,1.4632357614245397
187,0.6052746616422412,0.016593543046290595,0.015,0.5736811185959506,-8.47408966587806,-6.808277982280425,0.1218888937700956,0.11917833165503047,0.2452478607744932,0.1757547979544256,0.06802298958576555,0.7226310667771894,0.29249664430443795,0.13749935157867857,0.9263262093951772,0.7768032199103239,0.2940810114504395,0.08558714706265265,0.29341889428817003,0.7386345648276483
805,0.6054683560561217,0.03176931215389336,0.015,0.5586990439022284,-7.867779176810465,-5.47210226304191,0.1657165394555976,0.16300597734053252,0.2865762441168345,0.23288167391635284,0.09855140499484238,0.7446562385712574,0.5940493706190051,0.07713421502058945,0.8134707455827069,0.6404920429790216,0.45264316871893345,0.04693658106470304,0.20787091076546682,1.234266193956602
117,0.6058950305602375,0.011676097859570116,0.015,0.5792189327006674,-6.65329301846225,-4.4306601657589715,0.09938854032403655,0.09684249422153438,0.23034965840360627,0.14617757497963138,0.05259950566844171,0.7876317234931491,0.7259911012800276,0.0876910480794653,0.8497364479133291,0.7451584171558918,0.5691807940697249,0.015597493973549682,0.2984550118214377,0.5529680096037787
802,0.6059518820381844,0.013093291978321396,0.015,0.577858590059863,-6.292208059132641,-4.212508564650425,0.10520518203487561,0.10258000928445217,0.23441360091448218,0.15786546642717325,0.05254489764257798,0.7797422217537787,0.5421200758437197,0.169412567584648,0.8469807776623954,0.7415982015346337,0.43256205495891764,0.01140613619454759,0.3383473642202774,0.651141108571673
595,0.6059530971039024,0.03592726803297078,0.015,0.5550258290709317,-9.053185320354507,-6.821432936415406,0.17694912014780922,0.17423855803274413,0.296313711916133,0.2439201084602486,0.10997813183536981,0.7734409731657198,0.8424934522962904,0.1515132303190685,0.9233403086322453,0.8309817352500355,0.7151651904028186,0.08968879451725008,0.19511604773238622,1.2864595891169976
612,0.6063494928443198,0.010564277728792329,0.015,0.5807852151155275,-11.297737147520829,-10.587054787929054,0.08616763783986127,0.0835256267966974,0.22880067779160204,0.12027209684173613,0.05206317883798642,0.7909882255012194,0.6877195005149336,0.27113097226764993,0.8445791303717279,0.4542522095499181,0.4743844934338267,0.21055198217279789,0.318572156053596,0.26497192474818754
871,0.6069725505397373,0.02846682003702403,0.015,0.5635057305027132,-7.541863691569163,-5.6639992318650645,0.15452079841162464,0.1518102362965595,0.2753056422781887,0.2259587648863572,0.08308283193689206,0.7179448598082288,0.3489131947601805,0.05428946083861519,0.9502961977905707,0.6714194100824146,0.5499833929101389,0.05411656795354147,0.29428880808412755,1.1697705308245194
381,0.6071086009059518,0.02323982161848551,0.015,0.5688687792874663,-6.5457287745563715,-4.190921872004691,0.1407393090450242,0.13802874692995912,0.2634321558390265,0.20635177603374405,0.07512684205630438,0.7707081390251549,0.6897126914338267,0.03,0.7816868472214565,0.8131997727633786,0.4543470096296752,0.010189933442523759,0.27278841474394017,1.0414472923028115
160,0.6099400476961842,0.02124267215921067,0.015,0.5736973755369735,-6.52008187474796,-4.201993682205594,0.13493330776039966,0.13222274564533454,0.25767358170317295,0.19873068674837435,0.07113592877242496,0.8059949365775704,0.8669381797541854,0.17137518931213655,0.8841507043857683,0.7052431049526809,0.38930533759330055,0.01,0.2846161208633372,0.9699584380384263
661,0.6113159894210941,0.022123577798530733,0.015,0.5741924116225634,-7.022122495869146,-4.307779391026471,0.14100029592542168,0.13828973381035659,0.263187059497034,0.19916269009850768,0.08283790175233564,0.767283588379976,0.624991129114381,0.11654142803966916,0.99,0.98,0.3464432140619094,0.01,0.2022231215479043,0.9628161705861202
0,0.6113367672031971,0.011782868822596784,0.015,0.5845538983806003,-10.362433384518738,-10.088565450259448,0.0968577397023501,0.094147177587285,0.22548257807040759,0.14034267932681455,0.053372800077885654,0.8256758267057798,0.946093347578489,0.3476812303672115,0.8719735313331519,0.36404059656360166,0.9292789988912425,0.1926735284776847,0.4015895804273988,0.4074727184213101
280,0.6125490498782367,0.03602588717551051,0.015,0.5615231627027262,-9.056412295902014,-7.502990099052477,0.17389360159947542,0.17118303948441027,0.2920669447131113,0.24872292601500934,0.09906427718394145,0.8058524533233763,1.0880336154479244,0.14991318265679712,0.9529576749873964,0.7686730385452499,0.4233137465262268,0.11144363505508303,0.2831847893329321,1.2897570037104564
763,0.6128834171180426,0.03656221886440228,0.015,0.5613211982536404,-9.6097961901998,-7.6203778351545965,0.17844139683983246,0.17573083472476736,0.29631698846081367,0.24692928897905403,0.10995350470061087,0.7629695316082059,0.7036693717538193,0.1492867667012862,0.8695933408809144,0.9410797842659363,0.4868026473252099,0.11387056004613567,0.21372984956259322,1.2674178423839992
188,0.6142059814389622,0.027921140615248655,0.015,0.5712848408237136,-8.547285268013548,-6.430329633023357,0.15712152546925498,0.15441096335418986,0.2762388856306257,0.22176030951548636,0.09248274142302358,0.7068504631358598,0.31732930229063105,0.07308973790832632,0.8685380362381073,0.9252989228525754,0.41846331766184686,0.07304769173583531,0.23112284866921765,1.089261121906675
393,0.614495616476233,0.01600477394563607,0.015,0.5834908425305969,-8.28484589651539,-5.454514200179904,0.12319429672368651,0.1204837346086214,0.24794690656578322,0.16691173860463393,0.07947685484273909,0.766833034252728,0.6846764768224415,0.13069810688052674,0.938423883813128,0.7258084904527686,0.505142891708223,0.0387583449941605,0.158860033819249,0.668635927750252
799,0.6148398274025314,0.03122547718081707,0.015,0.5686143502217144,-7.348235364158239,-5.568147539467077,0.15971040813679696,0.15699984602173186,0.2797791608589343,0.23647469331622567,0.08294612295736825,0.7413220631398291,0.3809341096732771,0.12500099313262242,0.9129394093924583,0.7575593176308141,0.5430538198848486,0.050767069652784005,0.3216514071524817,1.2387204571836632
521,0.6152173450599125,0.009496208156818627,0.015,0.5907211369030939,-10.108691622964976,-8.074246115646536,0.07004838900998225,0.07190742646848419,0.2368070082509632,0.09443969085871323,0.045657087161251275,0.7767750794156572,0.5228618648883907,0.2698993324147673,0.9518126107386848,0.9330416735313688,0.6013934840394042,0.11670313909778862,0.21396352980706124,0.1
944,0.616202712279012,0.014195345713587298,0.015,0.5870073665654247,-8.86481436608397,-6.575391678743685,0.11385194801051564,0.11114138589545053,0.23914556273096652,0.15793638302744928,0.069767512993582,0.7618300235994382,0.5639860969043717,0.1381083161081481,0.8214154034377076,0.774277362103587,0.5911563661075996,0.07181357027528469,0.21386996667641112,0.5794248270455014
48,0.6162561145896406,0.014867675358800915,0.015,0.5863884392308396,-9.171049040225281,-5.882436751670873,0.12057301385189016,0.11786245173682507,0.24685842083285173,0.1521831059580327,0.08896292174574763,0.7363489832873883,0.29265053548520253,0.2580343188731871,0.6165167151162652,0.9012190837294356,0.7031415423355276,0.05155068314140077,0.08219166267913111,0.5404797493127655
76,0.6169636860166494,0.04123764251679679,0.015,0.5607260434998527,-8.064164149710223,-6.458995491135795,0.18123233540677955,0.17852177329171448,0.30031110072343514,0.26502406272703394,0.09744060808652516,0.7989541514459328,0.7890844087529095,0.26223442668896607,0.9245810330254088,0.8395457204087255,0.47871668891115793,0.07940393121922848,0.31139754555278926,1.4506210030834703
814,0.6178706153868091,0.0178772721732019,0.015,0.5849933432136072,-7.850884124619245,-5.829356270929576,0.1263280194944678,0.12361745737940269,0.2484783257545014,0.18278729699935703,0.0698687419895786,0.7620615851169171,0.4813768330986855,0.1450013695422846,0.8868421631808995,0.7750031076974768,0.5062396450702842,0.05256552976082832,0.2795744397329134,0.7844225156355576
562,0.6181692504406722,0.014388513874374682,0.015,0.5887807365662975,-7.9000228388468665,-4.921811408729324,0.11609715975288194,0.11342145624011324,0.24272333238795707,0.15715551457600951,0.07503880492975439,0.7976994418373066,1.019271108743159,0.12707396363177037,0.9593129647950112,0.6499331084394957,0.5909135645635779,0.022238140564401977,0.15431994022948403,0.5953094134608301
596,0.6183411106329255,0.01650405964166503,0.015,0.5868370509912605,-6.7735022730789956,-4.317436067543062,0.12086928219615496,0.11815872008108985,0.24572337703755798,0.17578583506249834,0.0659527293298116,0.8036208033971948,0.7803166582237061,0.1927940525629015,0.9110023310064937,0.8204477075497776,0.5154581694463231,0.01,0.26271917748716134,0.7594297931963545
382,0.6183454003094639,0.025634936558961218,0.015,0.5777104637505027,-5.796392308816379,-4.2036832984932735,0.14077982959628235,0.13806926748121728,0.2623616359138178,0.22053065057322063,0.06102900861934407,0.8079143091545724,0.7348335821682387,0.19817588744255835,0.9004676507286056,0.7882358305296517,0.6356998037465158,0.014776128318508365,0.4624635409420318,1.1350926921400248
1168,0.6184040665714454,0.0201152197379753,0.015,0.5832888468334702,-8.813008858986576,-7.128131067784694,0.13438709891966946,0.13167653680460434,0.2536933330711472,0.19297866995144636,0.07579552788789257,0.7875592632186619,0.774058092280488,0.12450002815131946,0.8848606943491274,0.8300128721551738,0.5664499083562665,0.09155796438719929,0.2895773551896264,0.8333598968469176
247,0.6187451155019001,0.023294520761594616,0.015,0.5804505947403056,-6.919608643469119,-4.590673575401106,0.1418307699704358,0.13912020785537071,0.26284539366847887,0.2069860036620309,0.07667553627884072,0.7803947056038955,0.5892788895189841,0.17386683797162256,0.9573057424576245,0.9317520194971847,0.7267359156067774,0.018809019008260205,0.2692256431106099,1.0040599707827176
765,0.6212004421176661,0.026286806272321484,0.015,0.5799136358453446,-9.624709459817778,-8.30007438431511,0.15232145588758536,0.14961089377252024,0.2689671501472003,0.2181442139237686,0.08649869785140211,0.7285539195167203,0.37037812549053767,0.10671309673286943,0.9006683341486368,0.6972821011229189,0.710193277179168,0.13062210366717453,0.3012680350170489,0.9960890511886494
55,0.621919552015795,0.02378221881131344,0.015,0.5831373332044815,-9.705901919560647,-6.964629502498235,0.15137660653791013,0.14866604442284503,0.2692281820913304,0.20079889974883897,0.10195431332698131,0.7849107819958578,0.9767481861337071,0.15034249310166625,0.883254449086992,0.8463044890894871,0.46064418541783236,0.08367969651674537,0.14189964685582312,0.8791813474772874
424,0.6221301558187796,0.027191076600012777,0.015,0.5799390792187669,-7.1107249715044505,-4.752587993408755,0.15257950677380794,0.14986894465874284,0.2727423668475635,0.2211973661105741,0.0839616474370418,0.715873298612383,0.2768028062267668,0.0714234251569584,0.9490932792764074,0.7949096501091554,0.45931401807949573,0.023045013536686972,0.25304139761301814,1.1084007401562497
952,0.6228849088848812,0.02969424286569055,0.015,0.5781906660191907,-9.08840967519057,-8.005094845502299,0.15862833404940174,0.15591777193433665,0.27536632845030834,0.23198989892535382,0.08526676917344966,0.7903406356067527,0.7738192526798693,0.14075816408978328,0.9058695559554714,0.7412486219721551,0.5415036473620067,0.1230312501472853,0.3518037183851521,1.1094104880008693
136,0.6236312790410059,0.044278373562215166,0.015,0.5643529054787907,-8.830996292732001,-7.1070866258955485,0.1898511865400086,0.18714062442494347,0.3078173674011662,0.2715478431230926,0.10815452995692457,0.6711317965369457,0.2,0.053520485134943424,0.7940788072211469,0.5705220546489361,0.3475917307769919,0.09769840445773871,0.2652005710950662,1.4646029544356227
92,0.6262573363087702,0.023790680370830607,0.015,0.5874666559379397,-6.716325033239321,-4.305398837248605,0.14292735523227518,0.1402167931172101,0.26344948524483547,0.20942327896150453,0.07643143150304588,0.7525393318853001,0.4094456047216484,0.10329111762546964,0.9841099509851131,0.6814678897011027,0.2301265577562573,0.01,0.27027525298045685,1.0111302200917716
327,0.6269670569601015,0.03914692327641904,0.015,0.5728201336836825,-8.03181506460681,-6.615760091898738,0.1765061182472229,0.1737955561321578,0.29420159682185915,0.261409261735726,0.09160297475871987,0.8041308106117658,0.904183376025762,0.14536349497786055,0.82100034704376,0.7682127777371286,0.4048701484248024,0.08130832724100168,0.3495614215110524,1.3802988109711178
712,0.6274863135789217,0.012876640145813674,0.015,0.599609673433108,-6.7617930713667995,-4.619731591605396,0.10439678475410377,0.10179075037759924,0.23187027184489098,0.15514134418216083,0.0536522253260467,0.7418223464134349,0.24760534219250246,0.16801497789435296,0.9189232338843017,0.7941294244284763,0.4502285486135427,0.017788856454748425,0.3184788575969272,0.5784076051467737
897,0.6280639394427149,0.02217346705493192,0.015,0.5908904723877829,-9.704385838928776,-6.811729475762967,0.14728460080687766,0.1445740386918126,0.2653821009258353,0.1933984442286325,0.10117075738512285,0.7191699383053731,0.3471191440693755,0.1453569619770711,0.99,0.7516433522414092,0.516224633862895,0.077233521737179,0.12559378437477645,0.8120402264280924
883,0.628412732412669,0.03126632794118559,0.015,0.5821464044714835,-7.098968077489353,-4.853366301919401,0.16133395157993372,0.15862338946486862,0.2806346545505242,0.2360040642600593,0.08666383889980814,0.7791194154532511,0.6332340657503849,0.12100065163587186,0.8010505202844416,0.6879935599848888,0.4390602386476353,0.025796278394678452,0.27639735587738323,1.210048525587453
794,0.6295207680166661,0.025126296516644085,0.015,0.589394471500022,-6.495970371482863,-4.264892521029519,0.1447676619409698,0.1420570998259047,0.2648877687654392,0.2160497908473761,0.07348553303456351,0.7453518387294495,0.3189903968298349,0.12363161331699497,0.9113727438010233,0.6832507757457447,0.45408239689393076,0.01,0.3101698301907313,1.0597439133647384
1173,0.6296693603770576,0.04158282870897352,0.015,0.5730865316680841,-8.589781933607096,-6.090691533464173,0.18871231976763514,0.18600175765257004,0.30629827636895823,0.2609347975429035,0.11648984199236678,0.7707914278100623,0.8272961680803352,0.08473245543261639,0.8081878246978259,0.5936768866197955,0.5089065749892994,0.060729429735209055,0.18672373780865006,1.3765716397184904
556,0.6300232066335449,0.035146078702806866,0.015,0.5798771279307381,-10.37636262512846,-8.01373602707299,0.17919047360429263,0.17647991148922754,0.2946269765567917,0.24088616083503817,0.1174947863735471,0.7763370991437256,0.987325026106564,0.09046152952895511,0.9343150667340087,0.8199734755639091,0.281778729664139,0.11841944919562795,0.1689911828870929,1.1510190180314974
1160,0.6312376105115735,0.02192692200016704,0.015,0.5943106885114064,-7.275231468677616,-4.453157213046583,0.1414390360149269,0.1387284738998618,0.2614595975828626,0.1986656624580253,0.08421240957182849,0.7743060090022565,0.5706558200629375,0.15549994763616506,0.9221423275291939,0.8070179698208966,0.6013038140653177,0.01,0.1947874476094218,0.9027785175209077
324,0.6318366106310471,0.10536530013679797,0.015,0.5114713104942492,-10.872787268491992,-8.308423279543893,0.2865929646591604,0.2838824025440953,0.4080524773972249,0.36685068979896596,0.2063352395193548,0.6986179381748241,0.7447733054578737,0.13488225359004227,0.823799667789593,0.4246563500712874,0.4987634214262993,0.16619494361056833,0.09896375366408987,2.3334262501045697
956,0.6326759027070752,0.03180454040583232,0.015,0.5858713623012428,-7.671256052622693,-4.588591926685306,0.1700882000703943,0.16737763795532917,0.2888414566027876,0.23051671204357338,0.10965968809721519,0.732591059975337,0.45344659660868813,0.09026344717773058,0.8376949043575999,0.8464161054051476,0.24912600242178273,0.013583219735832944,0.1397236998662365,1.150847417388873
1084,0.63320556882788,0.010771144401642571,0.015,0.6074344244262375,-9.917242780284951,-7.7015578948522325,0.08837976260011948,0.08594974852896606,0.23054547779106765,0.1203885816037697,0.0563709435964693,0.7834637159221852,0.9140461628604774,0.03150681750553326,0.894626887599333,0.8468939593437799,0.5066320539309467,0.0983866984762476,0.2115619905725591,0.26234519313152915
292,0.6338217910100649,0.020023985067249932,0.015,0.598797805942815,-9.959717456137083,-7.936183928129633,0.13683927231359955,0.13412871019853442,0.254445727408864,0.1895291499286414,0.08414939469855764,0.6976413539340767,0.22651334750525765,0.092316648053465,0.8995573131470778,0.894898541477535,0.4016681538050836,0.10966554032836988,0.2210323009982604,0.7540869514293371
715,0.6340247165196616,0.049620511639583406,0.015,0.5694042048800783,-6.81124859082457,-4.2383242791412,0.19723902304239832,0.19452846092733322,0.3176357007206675,0.28388562960981994,0.1105924164749767,0.7319863860349227,0.3476973107500851,0.1199422996400459,0.9489599829590114,0.7556342330881133,0.46824807499216514,0.01,0.22352993612654676,1.6329199298371617
1028,0.6352602938908809,0.021536494627065854,0.015,0.598723799263815,-8.432370158744764,-6.115641945562281,0.14023998501804347,0.13752942290297837,0.25824436804691436,0.19815544293598325,0.08232452710010368,0.8012425043878213,1.0065169574124708,0.051631807035186925,0.99,0.6548275999159414,0.6643004119136698,0.055393797147285,0.23351129096581344,0.852627905316699
470,0.6357347923434264,0.04509037229780819,0.015,0.5756444200456182,-7.688011106348275,-5.516316801419154,0.19006028722208657,0.18734972510702141,0.3082906658307023,0.2745856572632373,0.10553491718093579,0.8032357661846729,0.9861426450579012,0.11093376760517373,0.9019993963698876,0.8306627102899827,0.5706192308355511,0.0452092480875944,0.2599807847569233,1.4967396387115797
277,0.6371617187797897,0.026950412148223215,0.015,0.5952113066315664,-7.927954614008459,-5.725783147777262,0.15349405639936536,0.15078349428430027,0.27092893724212946,0.22107294620558088,0.08591516659314985,0.7928773124615915,0.6285825001453768,0.23081724828577585,0.8484475508249911,0.8221789223609327,0.4954323448000907,0.0463892839720373,0.26037843707433905,1.0385578108034097
141,0.6384022000555851,0.026558117327039155,0.015,0.5968440827285459,-9.01472353943285,-6.892864494813766,0.15476925250877493,0.1520586903937098,0.2708256824127644,0.21815155992598087,0.09138694509156897,0.7938958130688931,0.6901727432299297,0.22655046632717116,0.8717893999958791,0.9019323059123979,0.5124202101521173,0.07864800835079239,0.23741278831090032,0.9821588184814303
844,0.6389478531630844,0.04048645877073406,0.015,0.5834613943923503,-9.693739112046385,-6.488713489869504,0.19505618546583842,0.19234562335077332,0.31078373087089295,0.24942429845751585,0.14068807247416096,0.7008072082782373,0.57448470244022,0.04907375382904297,0.8618875376726224,0.8271547444327254,0.6614078069789463,0.0699580880662508,0.0888987862791202,1.230869337312638
355,0.63931584269127,0.03336661029909596,0.015,0.590949232392174,-6.968145452667416,-4.832271369473977,0.16482196660657755,0.16211140449151246,0.28303735954016196,0.24439548321603943,0.08524844999711567,0.8012047202387418,0.7451655566512827,0.1648045828082787,0.9222313629943439,0.6993203742372376,0.3089999286376416,0.024366050017413328,0.3072459590744976,1.2484329094631423
1133,0.6394975079147861,0.019691624579404855,0.015,0.6048058833353812,-9.462522978799436,-7.1259587207142205,0.1359904944470985,0.13327993233203336,0.25399373726851293,0.18766180072817468,0.08431918816602227,0.7933065857590444,0.7547972679221331,0.18739755031505578,0.9743935840031319,0.8288760897736281,0.4853869242274588,0.08220455564413139,0.20588202051404433,0.7415342989784823
896,0.6417556274813951,0.011488673998450166,0.015,0.615266953482945,-8.049119016568447,-6.240060033987014,0.09577753648917398,0.09319511730405496,0.22535224033246218,0.14012130495790479,0.051433768020443166,0.80550964189834,0.7547892716681719,0.13732363022377278,0.9308216952634443,0.8309839357027535,0.5690228695472125,0.05734398059998572,0.3264187505576058,0.41420518964184605
939,0.6426354270609609,0.02985252050675645,0.015,0.5977829065542044,-8.479689591151025,-6.265818079674002,0.16206951535468453,0.1593589532396194,0.2782738813308009,0.23048460276407529,0.09365442794529376,0.7840667958695428,0.6226714975003189,0.18197182501039058,0.8895752448425132,0.9043877972997254,0.5539713217366604,0.06036709977370935,0.24245989395358772,1.0836739410621459
404,0.6431756670511555,0.04122761006164826,0.015,0.5869480569895072,-7.659921945263583,-5.036710620923927,0.18594149577150038,0.18323093365643525,0.3032524580649917,0.2626073391081013,0.10927565243489945,0.8010950757717777,1.0038563716165543,0.0910753996881068,0.9203698764327719,0.7729148715878179,0.5418549301653314,0.027407219316402952,0.20731033089661977,1.3787469589685473
110,0.6447880637977745,0.03350581736360718,0.015,0.5962822464341674,-9.354210890192386,-6.738300275134166,0.17481140883948845,0.17210084672442333,0.28998919156428443,0.23791027800207837,0.11171253967689855,0.7666145485241062,0.8181593005383351,0.045045303222252794,0.913424680354621,0.8750294754276942,0.5477342725925486,0.07275133341541024,0.17137209889840496,1.1191744557986305
297,0.6467052161330828,0.02261259148612702,0.015,0.6090926246469558,-8.458308640412495,-5.6111404805471095,0.14600922839665686,0.14329866628159177,0.26307246221164593,0.19997625538443148,0.09204220140888225,0.7521234294288136,0.45761326716763573,0.12001332512247652,0.9263141966035573,0.6971524936000253,0.41073928622014916,0.03749421799045286,0.16967840170505344,0.8478780461924513
546,0.6471946471233847,0.041406013936512165,0.015,0.5907886331868726,-8.815899661329537,-6.154453441971802,0.19020911339240193,0.18749855127733686,0.30578671110436373,0.2608815848686997,0.11953664191610416,0.7860349462280252,0.8848268779887263,0.11692985174363585,0.8073937488809977,0.43896867174945386,0.7172943924373059,0.057271949430274485,0.17398110268859707,1.3157074679752128
19,0.6480396069267462,0.030642020867750572,0.015,0.6023975860589956,-8.286988402642187,-6.130630773196393,0.1631057328943539,0.16039517077928883,0.27890470757841057,0.2342527353156538,0.091958730473054,0.7668009566222717,0.583979212513101,0.06197888011091773,0.8252406519023023,0.8176039676076562,0.7013341351923305,0.055759698088643776,0.26008062216508476,1.1028974102569153
709,0.6498724949559559,0.04087358709815784,0.015,0.5939989078577981,-9.578163332789277,-7.7545498283325,0.18650312023855456,0.1837925581234895,0.3004277001579802,0.26384742454477417,0.10915881593233495,0.7829182212405316,0.7022776276432281,0.15125722985006845,0.8522143977110359,0.98,0.42609845412128133,0.10601658777019918,0.25523471606465775,1.2905549616357863
1072,0.6502276733380189,0.04520058156018327,0.015,0.5900270917778356,-7.996530836819677,-6.6652700815320545,0.1872085142605954,0.1844979521455303,0.30304253112211155,0.2801750254111942,0.09424200310999661,0.8218183939496116,0.9509971771467782,0.21713378988395243,0.8900729497558744,0.6646400796791262,0.584624139819891,0.07809991481561995,0.3765963488099653,1.461264528221094
843,0.6536066754544275,0.018996396245863172,0.015,0.6196102792085644,-9.011318487443058,-6.661493519300117,0.1326451127264565,0.12993455061139136,0.2502642253018154,0.18585761099069087,0.0794326144622221,0.7921317648224164,0.7414932774333647,0.11776810561096558,0.9895282713850537,0.7512540429431098,0.5498924840544865,0.0649007027866064,0.2262071748604758,0.7091839412878624
165,0.6542379220674823,0.03101239903559193,0.015,0.6082255230318904,-6.986638944682321,-5.299036766712738,0.15776024563770977,0.15504968352264464,0.2741017715599561,0.240234034565559,0.07528645670986053,0.7288931975787033,0.2,0.11941279445143255,0.8904762586969925,0.98,0.31421491610275654,0.03593560630642896,0.3859705016242416,1.1619922028847574
284,0.6574695514651803,0.04041923674148545,0.015,0.6020503147236949,-10.98591115890898,-8.416275690410622,0.19293705894705696,0.19022649683199186,0.30499261051539633,0.2557567473322579,0.13011737056185602,0.7636375904934882,0.6182622035239252,0.17370529009339666,0.8973348495848594,0.7503144167968518,0.4602338576874365,0.12274302915592995,0.1485533170055318,1.1799237175464876
784,0.6576751397032495,0.054931303275698826,0.015,0.5877438364275507,-8.482156042954482,-6.426559267789131,0.20878442327771046,0.2060738611626453,0.3247581164547235,0.2992247011240484,0.11834414543137248,0.7933054425619472,0.7106728913245317,0.21278194166290654,0.9755171499794054,0.8200918890684453,0.4665589658204523,0.06823781274846041,0.2558156147948922,1.6049105581522007
1049,0.6583411045703385,0.011662191550404296,0.015,0.6316789130199342,-6.5617760308446,-4.476120453681662,0.09556966541514705,0.09314221126198363,0.22406115636371338,0.14479255008825903,0.046346780742035076,0.8029346489525748,0.5636949938038597,0.1662975350282882,0.822242435789696,0.615703186780269,0.4708044151834862,0.01,0.3730272216474827,0.44927074342180073
269,0.658359460003646,0.04432713439735998,0.015,0.599032325606286,-7.514627372398042,-4.522372544010812,0.19421166086027744,0.19150109874521234,0.3106007041287819,0.26932393144963507,0.11909939027091981,0.7539854871740128,0.6095801754509036,0.03,0.8686606799429901,0.7080945290159949,0.7008988930017592,0.01,0.1688134614850169,1.399589071518052
10,0.6585845941621646,0.03258156000248714,0.015,0.6110030341596775,-7.426076212058105,-4.5650206926281856,0.16905824986840784,0.16634768775334274,0.2852308284223659,0.23848996196453795,0.09962653777227773,0.7848942714902548,0.6748862014500969,0.10650694368154948,0.8953364846619757,0.627891887736281,0.3154931597660564,0.01,0.19945663556216442,1.1439187216204372
974,0.6588429638667993,0.039530438662936644,0.015,0.6043125252038627,-8.217383227249298,-5.657707491803763,0.18413080156871992,0.18142023945365482,0.2991669623081348,0.25930072962118755,0.10896087351625225,0.7562740565538874,0.39760309128754107,0.1669815589636385,0.8986576958768095,0.8286629440596549,0.48134041021034,0.040964402458819,0.2083587156596514,1.284554877286324
1115,0.659229760465158,0.03994353299434157,0.015,0.6042862274708165,-7.810687672376799,-5.6743450431709945,0.18100899673393273,0.17829843461886763,0.29615586019064705,0.2639343134957806,0.09808367997208486,0.7874505309170722,0.5400905369041019,0.21991589073995474,0.8963039800522637,0.8086953746786626,0.6434048853599713,0.04341740369686546,0.2804297821319115,1.3236844542396804
590,0.6598729179173018,0.018897081628800768,0.015,0.6259758362885011,-9.892156344328418,-8.369861364276135,0.13072673272093688,0.12801617060587178,0.24625171128520326,0.18708418080515885,0.07436928463671494,0.8049315662645542,0.7760999652246418,0.15105361137952406,0.8447239573702678,0.7219100328445911,0.6182244396866005,0.11374871798219226,0.30140790605513557,0.6769285405222842
195,0.6612689517401595,0.017917223563565277,0.015,0.6283517281765942,-7.4263627884161005,-5.393506097595661,0.12477868913817311,0.12206812702310804,0.2435162670525018,0.18547104976938478,0.06408632850696148,0.771793110220696,0.36549019272681105,0.16725315464456028,0.8546828664086693,0.7411463701194916,0.540011925063658,0.03229709288971515,0.32987371799295057,0.7211763778551776
1198,0.6614281189141131,0.023305521262667325,0.015,0.6231225976514458,-8.248221730969695,-6.385943319218374,0.1430140502430265,0.1403034881279614,0.25786464175373436,0.20977895641995653,0.07624914406609647,0.7423670220347254,0.3265322249372077,0.05717792103737429,0.8299478530386228,0.7769991341869331,0.47673639969797305,0.05909727094904692,0.31402859755626217,0.878722867577743
1131,0.6616756270289218,0.023102534512522314,0.015,0.6235730925163995,-9.070400408630887,-7.1830703888706395,0.1442607118544008,0.14155014973933572,0.25828539528036754,0.20726975759575966,0.08125166611304199,0.7660226001591354,0.4435520036270432,0.12637547636481583,0.9069981804285596,0.8253081950361862,0.6195684211619441,0.07995470677850233,0.28172167130123726,0.840874499031014
631,0.6623085293693517,0.026730627444138684,0.015,0.620577901925213,-7.1848280127339175,-4.557409795396959,0.15290300136218846,0.15019243924712333,0.26900121451375464,0.22127765427538676,0.08452834844899015,0.7624568039273931,0.33528541277319623,0.17313062948979183,0.9351645807251708,0.7440877692659423,0.47800344678704204,0.01,0.24534057788285854,1.0026585906869172
447,0.6634649557558927,0.04784910496710449,0.015,0.6006158507887882,-8.936851085557661,-6.552503924477147,0.20066503208231556,0.1979544699672505,0.31487402166316225,0.2807356866158207,0.12059437754881044,0.8038555181836599,0.7696969204169029,0.2542551574860005,0.9836425659695195,0.7686321679988645,0.4594515021895987,0.06690908190147271,0.21044334321729438,1.419863790351695
522,0.6637999170187301,0.04216303270001847,0.015,0.6066368843187117,-9.286524302897224,-6.2006290376122095,0.19616358743566142,0.1934530253205963,0.30964981380439993,0.2598211480247249,0.13250602684659796,0.7765032834083075,1.0348391050407868,0.03622559752354514,0.7069496307322446,0.949659907834889,0.3684567623252086,0.053549069272345755,0.12626446542321584,1.2501118351406777
999,0.6638083399587469,0.031594680471962795,0.015,0.6172136594867841,-7.1360434300414255,-4.537972655145092,0.1641206784915904,0.16141011637652533,0.2799225393760492,0.2383093208153296,0.08993203616785121,0.801166070123411,0.8298057019913404,0.03724649161698272,0.7790796910151013,0.9058749075821192,0.47703733912514634,0.01,0.2539028035857616,1.131054789200753
251,0.6640629940900674,0.03600117523071058,0.015,0.6130618188593568,-7.111254107705364,-4.59950093987824,0.172953754606341,0.17024319249127595,0.2887104198771305,0.25236889182697964,0.09353861738570235,0.770614495234888,0.5417677517345912,0.042189730604956066,0.8564395336483441,0.7944201474413743,0.648623191460187,0.012683048904692351,0.262434794842375,1.2430520775621634
113,0.6661245102009972,0.017731441563162607,0.015,0.6333930686378345,-8.701441313963016,-5.624035138779105,0.12988692889691456,0.12717636678184946,0.24880204849941617,0.17537752021493352,0.08439633757889559,0.7852815374816806,0.6044154269611095,0.17197177308145423,0.9221622923023161,0.6740490651350293,0.6838938608762462,0.03197318922475102,0.15406508798688895,0.6237842645489311
1046,0.6686580329775198,0.03284955434719958,0.015,0.6208084786303202,-8.922523585386296,-7.183618616310942,0.1679977262257489,0.16528716411068378,0.2806064878802845,0.2440597251232069,0.09193572732829092,0.8023901053276754,0.8013101142267306,0.09243713925017238,0.8898088877489608,0.98,0.5320297591552645,0.08129571536777415,0.3055187307868637,1.098408787839173
70,0.6687375007448034,0.05813191656183319,0.015,0.5956055841829703,-8.02532472415451,-4.654155085917943,0.22411625145395908,0.22140568933889396,0.3402574123409916,0.29478003701632693,0.15345246589159123,0.7521853594334845,0.5419851867972034,0.1561480642836961,0.8687930376908637,0.7580128911339468,0.673736936574926,0.012538902109552413,0.10178482383253182,1.579937318204282
395,0.6731602742701115,0.026566327075938197,0.015,0.6315939471941733,-8.4080844757094,-6.387349831084316,0.1527931580606579,0.15008259594559278,0.2658901920274143,0.22247143048032908,0.08311488564098671,0.7688781627722862,0.35939127012733474,0.18203252215711155,0.880406475819494,0.8880354302683127,0.3961933272967706,0.056373776510356854,0.2925548704883632,0.9445480060326881
531,0.6732521703454263,0.030341977136683,0.015,0.6279101932087433,-7.494708405307412,-4.804122047541424,0.1629654554248688,0.1602548933098037,0.27751820195047594,0.23380140220976017,0.09212950863997743,0.7716845700644536,0.3354779492173155,0.2290646208198477,0.8643822218734966,0.8171569923253481,0.6089340442364924,0.014468728791341416,0.23057028592929263,1.0645018388563148
928,0.673444993863116,0.04198415847751735,0.015,0.6164608353855986,-9.029745718323683,-5.973664674633366,0.1948816002044401,0.192171038089375,0.3076577737000988,0.2615194232391816,0.1282437771696986,0.7675062344443179,0.8223026725299695,0.03,0.99,0.8539124553219298,0.5888571294627526,0.044832543920167396,0.14024727457656175,1.2428999420500864
643,0.673620173479913,0.022116782893476915,0.015,0.636503390586436,-7.968342258073574,-5.71270058227603,0.14029794981819807,0.13758738770313297,0.2549306326865455,0.20421535300144794,0.07638054663494823,0.7565477879465008,0.2,0.2638240442000025,0.9331349076277523,0.7392382659078326,0.7457396437918541,0.03749247786249701,0.27741050428880265,0.8246383082568542
314,0.6737734911791243,0.014235573317521722,0.015,0.6445379178616026,-8.813317647877962,-6.341577482240909,0.1113664605495703,0.10867108274396814,0.2331554179859416,0.1566837151167087,0.06604920598243195,0.7529624675145665,0.34910895044884716,0.09479462985933224,0.878680937543242,0.7571081489694371,0.43194101769345095,0.05025945417354933,0.23133403256915674,0.47351534145250507
972,0.6746640317699426,0.10454042954245286,0.015,0.5551236022274898,-8.549388564284435,-7.661568452460474,0.2655467067699885,0.26283614465492333,0.3841616717398184,0.3951020429476703,0.13599137059230662,0.8110518886464658,0.8974742803041129,0.30647430340215365,0.6027284173056554,0.5342526713968296,0.47425597592477026,0.12275164181096734,0.3844164797467559,2.410737826148113
378,0.6751064565972752,0.026536717458690857,0.015,0.6335697391385844,-11.952471776581115,-11.201626274218915,0.15522302604891222,0.15251246393384713,0.2636722152487945,0.2201085963233761,0.09033745577444838,0.8355160093850906,0.9669477648189628,0.3221365354802426,0.6026191558237202,0.4959755248163837,0.7386252094226068,0.20032498926438153,0.32506871655872704,0.823014854671033
688,0.6755864853917667,0.010276236351139587,0.015,0.6503102490406271,-8.898397853018668,-7.060761220661153,0.07125955082881694,0.07273249363762824,0.2320008249500238,0.10226098638194103,0.040258115275692834,0.8115378636499504,0.7730813545599513,0.09467040233041916,0.9042455252145747,0.7513033006164138,0.7058163770327993,0.06969054254057738,0.31448448270990087,0.1
98,0.677605107118099,0.03222641327715371,0.015,0.6303786938409452,-8.303915303878833,-6.034631638890197,0.16729880676816744,0.16458824465310234,0.28003538598840444,0.24141110517101347,0.09318650836532139,0.7897533208901388,0.7160656039253483,0.03,0.7854224007367737,0.7987434321212104,0.47182666698223985,0.0462768759113132,0.2663358771660816,1.0812015422236652
662,0.6781182709635499,0.017738730471741456,0.015,0.6453795404918085,-9.382589544368008,-6.384852508952692,0.12961349366081226,0.1269029315457472,0.246985114577642,0.17449858289154713,0.08472840443007743,0.8039018921605736,0.8507695002223092,0.139547728091316,0.9309427294970372,0.7294072120239063,0.4688743466015411,0.04927659625847132,0.15895573928450882,0.5819283262998655
116,0.6782101426318878,0.047149924194010026,0.015,0.6160602184378778,-9.411512929212071,-6.976465089139942,0.20125602682778762,0.19854546471272255,0.31329051125635726,0.2795580871206022,0.12295396653497304,0.7700257917850234,0.5653810024823,0.12992270784489415,0.9576889745422049,0.7431073227090789,0.6027240265034188,0.07438644927292289,0.20238603128463994,1.3506018861582643
778,0.6784295539984312,0.03462396450435561,0.015,0.6288055894940756,-6.912694356576182,-4.542608064855859,0.16852644169685793,0.16581587958179284,0.2829180448934,0.2508019393909352,0.08625094400278062,0.8196865913753232,0.7533466355840934,0.20909190296071223,0.8316348591696218,0.7705612823655117,0.6841419255413034,0.01,0.30693825313882417,1.1915834175442555
966,0.6806585325450658,0.09971499735450787,0.015,0.565943535190558,-10.259111576282631,-9.12316166284074,0.2686896631315068,0.2659791010164417,0.3844146451905859,0.383143374184241,0.1542359520787725,0.7277783354676148,0.31484083394553886,0.20500226151366488,0.6352293563809561,0.5762255975257392,0.4429921209578195,0.16560463977031495,0.2927488248030265,2.1994114776138063
850,0.6826859321349639,0.031127967713998533,0.015,0.6365579644209653,-9.24315256050829,-6.728127553961315,0.16840512732363216,0.16569456520856707,0.2797687356721275,0.23505483315672326,0.10175542149054106,0.7986509033202122,0.6349710085717354,0.20621566036104633,0.9437546203860802,0.7728078849092701,0.47884649347461233,0.06185543835003563,0.21086646713986335,1.0016218235833663
1114,0.6833716582049686,0.025745433487577546,0.015,0.6426262247173911,-9.994748292261889,-6.956499811336351,0.1582940430806891,0.15558348096562402,0.2695961896164878,0.21031044360939793,0.10627764255198022,0.8087474748447339,0.9331475521885411,0.174114075372802,0.9177176910983398,0.8738483374707587,0.6750687369072847,0.06530081338383345,0.14149970473648799,0.8097280457859652
512,0.6833836136747514,0.0276883420031546,0.015,0.6406952716715968,-11.055614620492403,-8.292567484502221,0.1640146985561985,0.1613041364411334,0.27374711725927553,0.2175097560433182,0.11051964106907874,0.7960972157132427,0.7379256848596696,0.20148766689955125,0.8827298226334414,0.8476967123099042,0.5645003457282582,0.10405766741472294,0.15050869252960147,0.8349730211608632
818,0.6834188786593495,0.018056950256637276,0.015,0.6503619284027122,-9.200533674107913,-8.032415363077497,0.12520151010505315,0.12249094798998802,0.2396743674174289,0.18559773749168657,0.06480528271841975,0.8246064299496,0.7164648334687845,0.26841826630919585,0.8786417684033709,0.98,0.4800090466862912,0.09809774950131321,0.38533839653570606,0.6317380258549435
421,0.6842330866174169,0.02087170497713935,0.015,0.6483613816402776,-10.299113870756619,-7.862432561219008,0.14041027983311036,0.13769971771804523,0.2532497637484713,0.1927647024165952,0.08805585724962546,0.8065225266283673,0.8913580063729121,0.10560977500924759,0.821381913666057,0.8428769368359477,0.5696263769310072,0.08925699168098836,0.2036604986885414,0.6736848186602212
185,0.6862686607915882,0.0739459558701806,0.015,0.5973227049214076,-8.695172858264687,-6.807821881038782,0.23621418156833446,0.23350361945326936,0.35083131002595885,0.3412683857969093,0.13115997733975965,0.7742444999574237,0.6016643547115939,0.11687722369196951,0.8083201402007514,0.8396243684868572,0.2756234972688281,0.07706467277007642,0.277141556548564,1.859302647846612
980,0.6896789447621479,0.01334282617899614,0.015,0.6613361185831518,-7.577844435008326,-4.827919533734011,0.10547068503083085,0.10301758447778611,0.2295185944848956,0.15139332157260044,0.059548048489061256,0.7430600418099684,0.2,0.11203879913290879,0.9248685333427107,0.9673088466970099,0.7150233461142684,0.01,0.2441356210140853,0.4361986670651208
433,0.6901776934050877,0.05283750640858854,0.015,0.6223401869964992,-9.553638487036089,-7.881790842640369,0.20725073734367344,0.20454017522860832,0.318082985965853,0.29864830215371063,0.11585317253363624,0.7631442858438791,0.4135896145675697,0.14773524737314656,0.8238433689950658,0.830231068051909,0.4376929724572223,0.1006381592114232,0.29060327046162215,1.444881841477891
1178,0.6906557362925264,0.010268323673987773,0.015,0.6653874126185386,-7.603014869995004,-5.36689186621218,0.07574226785728295,0.07455673519199177,0.2276923285809581,0.11126042589380941,0.04022410982075649,0.8058048352941961,0.5588706290699531,0.14035341709989582,0.8093293969117507,0.7418793367190746,0.628698030920043,0.024214115599885132,0.32446743034682013,0.16083290937225025
408,0.6944431828405196,0.019041208584614597,0.015,0.6604019742559051,-7.5217008779229815,-5.585474813296496,0.12778386454807295,0.12507330243300785,0.24271817262809098,0.19237477721957402,0.06319295187657184,0.8376872526429219,0.9500663578393478,0.10814167641075147,0.6736945498456778,0.8824172806130823,0.5341430137362376,0.031632875689184006,0.3698289574709288,0.700410526732071
995,0.6944945374968693,0.0440567783925585,0.015,0.6354377591043108,-9.397644028125999,-6.715002173539917,0.19715434608355517,0.19444378396849007,0.3072171316797702,0.2720275670638665,0.12228112510324386,0.7743675237670301,0.6450661508421696,0.06924384569981319,0.9330461473027516,0.8625357604590584,0.613988111394008,0.06123439126684031,0.18764017263659313,1.2485224580929049
566,0.6955762481830113,0.029799290799094158,0.015,0.6507769573839172,-7.756147797052318,-5.86018495545582,0.15839298045779834,0.15568241834273325,0.26979322048262455,0.2373712422887847,0.07941471862681196,0.8035000597316803,0.5273674613588981,0.1977079628601265,0.872027351915805,0.795017954255131,0.7440077201087241,0.04001582448342794,0.3537473087091353,1.0140562308032417
279,0.695590128114555,0.05204889763415365,0.015,0.6285412304804013,-9.13849663269762,-7.432681092027326,0.20482294393900852,0.20211238182394342,0.31557133314398444,0.29810440325624665,0.11154148462177038,0.7199280792423601,0.2,0.09958195220491232,0.9720646953559242,0.856413832276575,0.5317364838310663,0.0863120608143742,0.30169395397480775,1.4383810674824091
375,0.6972285747050798,0.03791374711668863,0.015,0.6443148275883912,-9.595542463771242,-6.295615801841256,0.19005810325094377,0.18734754113587865,0.30011169436465185,0.24924692983378344,0.1308692766681041,0.7015245584524609,0.2,0.09550886079943355,0.869321728761194,0.6960023801669208,0.5211155491546631,0.04798596444637035,0.11238090911381146,1.0775828689486324
1112,0.6972821518485633,0.03203629976509882,0.015,0.6502458520834645,-9.561838730543878,-6.235708345210738,0.176154982261201,0.17344442014613592,0.2861082005688606,0.23182460947277628,0.12048535504962572,0.7731243851100804,0.634636190248413,0.1111309934002283,0.9606723939125043,0.9284973414041644,0.6382056960925444,0.043943730341881086,0.12062122651169702,0.9466458088985746
835,0.6976057173773503,0.01582604552115343,0.015,0.6667796718561969,-8.614319841569394,-6.19530442446905,0.11781505179043421,0.1151044896753691,0.2356346843507639,0.16871234919846378,0.06691775438240463,0.7397277952474476,0.2,0.10822992419344359,0.919788925093892,0.8474595672906307,0.6227003531951314,0.04243072093615659,0.2568364155956004,0.5204377254124496
1019,0.700701028598807,0.04401627784798601,0.015,0.641684750750821,-7.037982214012456,-4.627877453640478,0.18733446767518602,0.18462390556012093,0.2996208414040176,0.2788802630622918,0.09578867228808023,0.782548817454674,0.43958033621193526,0.12011730388646859,0.8774257802458537,0.7894570981014657,0.3713164775207044,0.01,0.30419790716788203,1.3470873124559135
2,0.7014156058102481,0.03935562344830844,0.015,0.6470599823619396,-8.283499273370591,-5.747489176196597,0.18377827426292642,0.18106771214786133,0.2942955725198529,0.26348408010392105,0.10407246842193177,0.80247214985785,0.6872688926985054,0.11974013882323804,0.8601656216523694,0.9246992165447512,0.4802974910362277,0.03458019840212814,0.24396945168297882,1.1916313067992055
1055,0.701673801357203,0.03742100122556747,0.015,0.6492528001316356,-10.130008347806323,-8.493822926041132,0.1805976299644997,0.1778870678494346,0.2884481720296799,0.2592383631999396,0.1019568967290598,0.8331546855226524,1.0339174868190142,0.167260312109621,0.8752744443753294,0.8609746702220176,0.4555238314475961,0.10868993782622105,0.29616194409711116,1.0944497290970854
416,0.7018525912950973,0.04416914074605743,0.015,0.6426834505490399,-9.181546010592152,-6.672616596116923,0.19567205480167393,0.19296149268660884,0.30523104205385265,0.274862179102071,0.11648193050127689,0.8051763104282283,0.6743016314337733,0.20697809650994053,0.9133649498813408,0.8645023716417115,0.5359662060814472,0.05889224146943027,0.2174997793393946,1.2524863018041374
924,0.7022455824420806,0.02069162285669015,0.015,0.6665539595853904,-12.202384901695575,-11.768445053303823,0.13570439415078348,0.13299383203571838,0.24419686315099803,0.19468394193042765,0.07672484637113927,0.8548251506676899,1.1361079370226843,0.3162504165944077,0.9268886457572103,0.9405351722402069,0.1539109094078373,0.20181633839163327,0.366032428181124,0.596861441623742
938,0.7023753409355574,0.021367600182012194,0.015,0.6660077407535452,-10.007738123555674,-7.516436290124465,0.14152553072978594,0.13881496861472084,0.2528597556803949,0.19627874848653132,0.08677231297304057,0.7913719045814451,0.7280364574976449,0.037681443614949975,0.9590144220456648,0.7910563419092935,0.6006632998627387,0.07484887316727884,0.21490920947688408,0.6706736541368932
907,0.7038920941713454,0.04137657940651736,0.015,0.6475155147648279,-7.798149663835299,-4.815980713869948,0.18916206220278126,0.18645150008771622,0.30027300056225154,0.2669557516948263,0.11136837271073619,0.8332455085074015,1.0367287004080077,0.1777349680417672,0.8597632602548888,0.7167145686540134,0.47321788894272954,0.01,0.20190978075266847,1.2321043449432565
737,0.704738993178042,0.041327297603367806,0.015,0.6484116955746742,-8.469302032748878,-6.134851784805843,0.1870711441100853,0.18436058199502023,0.2969444461374063,0.27013236777151955,0.10400992044865105,0.8028765101151003,0.6220521453681156,0.16561494102026889,0.9130396010357246,0.8734224540550003,0.32860084175048215,0.04475620136489235,0.26426200824116675,1.2245111558601944
205,0.7067128720870539,0.05861199216263038,0.015,0.6331008799244235,-8.79592875197976,-6.51467270539276,0.21746307565389994,0.21475251353883484,0.3283334342927737,0.31126217433746495,0.12366397697033499,0.791649944219335,0.7146395682167301,0.06798831808615424,0.9242550526740622,0.8590234866491471,0.5112152692822027,0.057905057378477995,0.2504159594503513,1.5321804168577813
466,0.7067458769267261,0.024660529563960202,0.015,0.6670853473627659,-10.362213933993251,-7.074101069248259,0.1561918596542099,0.1534812975391448,0.2658114950475747,0.2043153030971471,0.1080684162112727,0.7800819083685705,0.7187824317230096,0.08858619117758376,0.8373519407430956,0.747890536990427,0.5522667870850223,0.062118453438584346,0.1233734296516332,0.717156269823699
1154,0.7079008402801069,0.06202216698327283,0.015,0.6308786732968341,-7.535647334947326,-4.845804667000249,0.22068477909982948,0.21797421698476438,0.3335753020293448,0.3179969819722771,0.12337257622738185,0.799890823178234,0.5775298677007727,0.2183626404633781,0.8179250858684495,0.7815677231682189,0.41075284523399846,0.014884789266415809,0.23467810721033866,1.6374043392533133
244,0.7088472365144991,0.037763441051669844,0.015,0.6560837954628292,-7.273990448457015,-5.555677705813142,0.1730169730865842,0.1703064109715191,0.2834576905228095,0.2652530474190528,0.08078089875411557,0.749340567109773,0.22506638808067725,0.07436814610997494,0.7981805751418728,0.8017681321734333,0.4844698339332,0.033136674875619526,0.40702056842230216,1.1976338346676878
1094,0.709663991234331,0.014573254116099967,0.015,0.680090737118231,-8.925062866191864,-5.730068804301218,0.1117696917937499,0.10928197532954553,0.23374552928798445,0.1516314551261184,0.07190792846138142,0.7587355831296225,0.3254051578712363,0.10871420747619036,0.9523532699497811,0.8231927588370386,0.29017832147515166,0.025793821591015138,0.1646715484087673,0.38988694014213043
1090,0.7104581537443209,0.017753432222302513,0.015,0.6777047215220183,-8.530580728642255,-6.248108020083842,0.12519848262290173,0.12248792050783666,0.2399288434197112,0.18185908018923508,0.06853788505656838,0.7640719093142522,0.21975125768715992,0.19274152027471025,0.9691894043519684,0.7516145849305372,0.5664626811328963,0.042184445933821695,0.2849583459226924,0.5869866076324661
358,0.7111821897634191,0.030499446050967972,0.015,0.6656827437124511,-8.163397033946243,-5.692792318474159,0.1637237167730925,0.1610131546580274,0.27351148702418043,0.23761072038985995,0.08983671315632505,0.8211208395794594,0.8093861747374357,0.11097212176350407,0.9280618960399556,0.8326858504122959,0.6301625596778154,0.030259560636859337,0.2711098852745984,0.9778543553423306
848,0.7116964589137156,0.018901226510576026,0.015,0.6777952324031395,-9.891386608190146,-7.683884807442796,0.13092667842643824,0.12821611631137314,0.24329546873582272,0.18518300464534881,0.07667035220752763,0.80633721402749,0.7648186225222026,0.047739537312131056,0.9498120554244613,0.7992758242852676,0.4308713782778093,0.07688034694072152,0.2567293949152535,0.5803619176339434
1063,0.7120402377130509,0.012458668178179363,0.015,0.6845815695348716,-8.20390558953347,-5.071611031066263,0.0957309963440724,0.09354247011573645,0.22812596899640813,0.132747091577384,0.05871490111076077,0.8082873432811326,0.6798615838405432,0.10201543379413713,0.9116073111320808,0.6613425853136263,0.5296715844076042,0.01,0.19735350642778693,0.2732710935820153
69,0.7127285086751213,0.03557012355180182,0.015,0.6621583851233195,-10.579875530070284,-8.463467559493457,0.17964908199096086,0.17693851987589573,0.28634492985315296,0.2515390852778175,0.1077590787041042,0.7668215771723027,0.49431727940161996,0.058813776910541044,0.9417584779842204,0.8246477412110287,0.4217179578224056,0.10224243856475831,0.23786164957835443,1.0115587626295364
839,0.713569216018423,0.024237091931943806,0.015,0.6743321240864792,-7.612644873575317,-5.663961498923037,0.14380852733207117,0.14109796521700607,0.25430558997284486,0.21724258387982387,0.07037447078431848,0.765837383443246,0.3167500227519536,0.03,0.9220864909336024,0.8439806788560015,0.560626547476865,0.031102429468831554,0.37105750206918237,0.8344439863346721
586,0.7137389792027322,0.01818006063449531,0.015,0.6805589185682369,-10.200370852867442,-8.651012458979032,0.12641846616387187,0.12370790404880677,0.23841444411197077,0.18259758797840872,0.07023934434933501,0.8169990299647217,0.7828437942237407,0.0813861950184637,0.8943220411363628,0.9454853516438035,0.7179656634923492,0.10321984761584825,0.3224449358310104,0.5479623257335942
58,0.714342890056457,0.06081732406280217,0.015,0.6385255659936548,-9.98404758048062,-8.019071312125098,0.22299398343305143,0.22028342131798634,0.3317837070867454,0.316438112560663,0.1295498543054398,0.7851368964939097,0.5244650680311563,0.17982875516678543,0.99,0.701044748995556,0.3868188038963936,0.09808823610752838,0.25506393158470747,1.5053757011439606
152,0.7143893702188138,0.052725887982467426,0.015,0.6466634822363464,-10.525167999018043,-7.626959880072716,0.2174307286382227,0.21472016652315756,0.3251077002982279,0.29083379963962946,0.1440276576368159,0.7684596571312781,0.6040659135352165,0.10185565693623258,0.8759951115593111,0.7740958068391264,0.45182966707332034,0.08298721187868441,0.1486752385452468,1.3103200181483683
1189,0.7145507572312298,0.010620110420790944,0.015,0.6889306468104389,-7.312632616479635,-4.90909131452624,0.07320345048350455,0.07349297252455228,0.2290835506810463,0.1082637449209068,0.03814315604610229,0.8452533567661794,0.8362944284810336,0.23700804207708856,0.9294073143423508,0.8308257732851595,0.5306495748693364,0.01,0.3342305704558351,0.11963223279449708
856,0.7154846050399076,0.02232905019226633,0.015,0.6781555548476413,-8.428851345539336,-5.715483329925095,0.14288067227048581,0.1401701101554207,0.2539622674980288,0.20380107587381108,0.08196026866716055,0.8317920030213982,0.9641998773965712,0.09638699378296253,0.9015580995578596,0.6691804477701934,0.4738698610388915,0.02745714671147394,0.24046753562154782,0.7300377887030789
527,0.7157824575722441,0.03687578767506173,0.015,0.6639066698971824,-8.906382208172273,-6.431159576839005,0.18015629574700226,0.17744573363193716,0.28859911183956716,0.2569555145563709,0.10335707693763369,0.8016580098630478,0.6087076269977892,0.14594962938521705,0.9090553463046446,0.5199473857723075,0.3844245714421438,0.04816952178406587,0.24366047478407452,1.0889569233389513
1097,0.7178399889213974,0.04114196628102043,0.015,0.661698022640377,-8.287445124587803,-5.899173899216537,0.1864307829292917,0.18372022081422662,0.29527944215140617,0.27095557957466554,0.10190598628391782,0.7997026021642338,0.5853350324994301,0.11938176219688318,0.8748263991953752,0.6570927221061648,0.4168569475963788,0.036250278256982564,0.27336065262170717,1.201221023400937
953,0.718459192551617,0.031740410499108904,0.015,0.6717187820525081,-7.365018735129359,-5.651356769091125,0.1608369958446171,0.15812643372955204,0.27029266572847693,0.24690557923696763,0.07476841245226659,0.8006059583437442,0.47836014327368365,0.11554157544191561,0.9554492158847673,0.9516910537327355,0.4017145630578393,0.03259082086076635,0.4187815964442857,1.0346540499168302
295,0.7187032383141784,0.0668179044194133,0.015,0.6368853338947651,-10.057200619260314,-8.138810696611843,0.23187757841753404,0.22916701630246888,0.34071369891362424,0.32917600951778936,0.1345791473172787,0.7848041149195899,0.550776945523612,0.16266952842142585,0.894857470488901,0.7011213450706607,0.37800331910784507,0.10209411305711967,0.25747358460577907,1.5905274738033919
200,0.7189830924050645,0.028321778073398456,0.015,0.6756613143316661,-8.791541853503713,-6.557121248321253,0.15877471502373122,0.15606415290866613,0.2670373440589411,0.2303986341942493,0.08715079585321314,0.8300629045671604,0.9828383019304935,0.041643278375599224,0.9176408099485549,0.9035825520812588,0.28856221538826377,0.049715437446563496,0.28716179214995013,0.8917247494551754
587,0.7191802529520995,0.020343758573117796,0.015,0.6838364943789818,-9.30258464163799,-7.337144506849283,0.13481793852918533,0.1321073764141202,0.24561390882063142,0.1957910672403238,0.07384480981804686,0.7701908499706177,0.3834423935964855,0.047445348767367904,0.9139907830477685,0.8533663436215145,0.6151805800563026,0.06789690465389939,0.3049460996829163,0.6455250694027446
230,0.7195254595809507,0.04170517980414116,0.015,0.6628202797768096,-10.476013189262138,-8.785671971000554,0.19040295434956828,0.18769239223450318,0.2961963067865159,0.2722235047856859,0.10858240391345064,0.7781064211917638,0.5743207589316324,0.03,0.8647409172627321,0.6885246854079277,0.3155069165070855,0.11200495791184337,0.287094180410445,1.136687529021034
1155,0.7216565637317287,0.03555831021280949,0.015,0.6710982535189192,-9.819890323241255,-6.335446367218448,0.18603550619463788,0.18332494407957273,0.2933904356459446,0.24292858885890592,0.1291424235303698,0.741828039031559,0.49811445010665556,0.03,0.7993002910386604,0.745280759299889,0.4192047820223208,0.04193417457555853,0.11148598443659288,0.9669946257832479
1136,0.7239961710920304,0.047031030820062714,0.015,0.6619651402719677,-7.673643146363921,-4.854401779865875,0.1979663742451903,0.19525581213012524,0.3076774708200094,0.28522730600298773,0.11070544248739292,0.7645502976549351,0.32915533688765275,0.10226191356097997,0.8940119555615993,0.9091475082577869,0.5423535832664166,0.01,0.23463077307494112,1.3189784869578487
733,0.7243147911458412,0.05695880789833666,0.015,0.6523559832475045,-7.312235594706,-5.250394291002016,0.2077895074024203,0.20507894528735524,0.3183827039405024,0.31375597039247805,0.10182304441236262,0.8340766436719117,0.850718636288831,0.19493868543419085,0.8408562780676779,0.7621185625988826,0.34158654284918033,0.024613116478544268,0.3546619409577595,1.5354966080520982
545,0.7243337662177246,0.03819259058093817,0.015,0.6711411756367864,-9.539613805385153,-7.192129725280037,0.18394750771749135,0.18123694560242626,0.29080772184478954,0.26118511765226426,0.10670989778271844,0.7731471145804045,0.41977423577441164,0.09995705327332151,0.9159120647526665,0.7359113614903819,0.46450827886160995,0.06588891293107818,0.24420135166377682,1.081381452076729
908,0.7259319495060576,0.05216250543159745,0.015,0.6587694440744601,-9.615297813220817,-7.8483322478120785,0.20717532630943053,0.2044647641943655,0.3143034998292703,0.3005524749133962,0.11379817770546485,0.7835713019234929,0.4323584192335861,0.16752476740915415,0.9265767433857787,0.9540083979668645,0.572564896338109,0.08810891793443762,0.3011850204408512,1.3527744794909877
107,0.7261096078178695,0.06270849416879623,0.015,0.6484011136490733,-8.394483529022988,-6.296623385537402,0.22108147857964047,0.21837091646457535,0.3308521815545268,0.3241482061091953,0.1180147510500856,0.7693961703245106,0.40358066106431767,0.0904783366757189,0.9801766478339268,0.7506289265795871,0.7859723398313806,0.04993088528565154,0.2964211628714741,1.5820747834594986
1149,0.7275915337950847,0.02850936386216662,0.015,0.684082169932918,-11.23021521473498,-8.497361883338312,0.16579099118450097,0.16308042906943584,0.2712614978132435,0.22365210463061824,0.1079298777383837,0.7781833337635644,0.6020889183861001,0.06701082812394644,0.8528331425979259,0.7754143848601055,0.5844314102505884,0.09532318984059567,0.1746994092639778,0.7849557949852063
39,0.7295961227141954,0.03770776459821618,0.015,0.6768883581159792,-9.277177042180028,-7.664994407142723,0.17894635995005934,0.1762357978349942,0.2851174771031787,0.26416135699224474,0.0937313629078739,0.7787497716304518,0.29669342813924465,0.21191517216696976,0.9215488618429886,0.8863515665560272,0.4272046831559712,0.07929549283878358,0.3419912040299103,1.0838360872493806
913,0.7296640755564703,0.050586792204155774,0.015,0.6640772833523145,-11.267165412818152,-8.886405231177992,0.2122609137622583,0.2095503516471932,0.317348740765385,0.2904712046828567,0.13405062284165992,0.7491603438997182,0.2885345979503467,0.15320906556806546,0.9319213277805227,0.7872369411190367,0.3452919240128268,0.11328996903128466,0.1944446766295599,1.237877994309736
525,0.7307801166112953,0.04162616407062972,0.015,0.6741539525406656,-9.423591497252938,-7.56031616244649,0.18825945344263828,0.18554889132757318,0.29424045944196475,0.2741831809175037,0.10233572596777285,0.8190277117942473,0.7020372737715254,0.17400301507773125,0.8713436457975348,0.6151159866099987,0.5342157709723616,0.07611166627327852,0.307965632561389,1.1519871981174783
177,0.7309368249835818,0.019299481038261127,0.015,0.6966373439453207,-7.385874030914747,-4.960431402348876,0.12893546622138108,0.12622490410631598,0.2419299610198321,0.1928422243413003,0.06502870810146184,0.8281438154362305,0.6609784015674156,0.16053623852946747,0.8588704587674786,0.7878246476737586,0.29333352641571064,0.01,0.33331750695121065,0.6454018260192009
536,0.7345162181392272,0.019048867916506982,0.015,0.7004673502227202,-10.603972042100258,-8.262778729967392,0.13126086798511477,0.12855030587004967,0.2419224217093861,0.18324435975842407,0.07927737621180547,0.7998093106997987,0.585896772257347,0.10635225085217587,0.9014778756192559,0.8553529873491535,0.49817241442473137,0.08506386815934151,0.2363931386072416,0.5217777260332805
627,0.7348502312642414,0.0506245783984413,0.015,0.6692256528658002,-11.425830941264511,-9.899698689106614,0.20860383377276787,0.20589327165770277,0.31257754298176915,0.2955743400771166,0.12163332746841915,0.7936059811084347,0.600353409756003,0.12404978012315086,0.8939912341195184,0.8032205604727011,0.5602670942604232,0.14125973885959392,0.28135986938688967,1.2385353341530903
851,0.7351698567699245,0.051426141426991256,0.015,0.6687437153429333,-8.607769230459038,-5.991471234626512,0.20752646667443564,0.20481590455937054,0.3153447551058248,0.2967628792805803,0.11829005406829092,0.7554523525805964,0.2698236091548223,0.11949272209748167,0.8822712131561072,0.904862938035953,0.26482663328909317,0.03626578329066642,0.23502559599851014,1.3456255470117762
1035,0.7352745294023488,0.013613285701134152,0.015,0.7066612437012146,-7.664938729754306,-5.0683891996963775,0.10220619062788643,0.09982902686312858,0.22467780422825995,0.15034745037182065,0.054064930883952186,0.821052351837268,0.6540050756052818,0.07646206803090429,0.8012689327171619,0.7824448379922662,0.3381764171512656,0.01,0.30466122099780873,0.360038777981179
465,0.7354975770775222,0.05253262821357207,0.015,0.6679649488639501,-8.463061177785256,-6.331663632206705,0.2058511078869643,0.20314054577189924,0.3136490047056717,0.3026542544943571,0.10904796127957155,0.7739932917501354,0.3569048700271119,0.11748103033069246,0.9177928011018914,0.6839654124730058,0.3694065523692449,0.046611641675558535,0.3030185365058264,1.3821467573489525
337,0.7365523666109284,0.03778146850243693,0.015,0.6837708981084915,-7.037952034265051,-4.823049115075233,0.17450679686757348,0.17179623475250838,0.2829921904746222,0.2659253088738952,0.08308828486125175,0.8114479066211313,0.5554881785459117,0.09498163135916676,0.9618455723091199,0.8386212110314797,0.23929714646688538,0.01,0.37185194127074417,1.1446941819083725
548,0.736905301153754,0.020495034523935002,0.015,0.701410266629819,-9.63314398274374,-7.5415814342868295,0.13553573268941763,0.13282517057435253,0.24490345713662054,0.19544133073292025,0.075630134645915,0.8323492150609284,0.9001905341537464,0.07660471928102622,0.8699898071719905,0.7903258500932928,0.4011355916886799,0.06801672289946425,0.29289337726255027,0.6082091945003107
50,0.7369482348735268,0.03673120094407549,0.015,0.6852170339294513,-10.066070376449336,-9.239417443102498,0.1763456112422983,0.1736350491272332,0.2804146571271201,0.2630146019246459,0.08967662055995071,0.8180458493671886,0.6154705161152,0.19185988067404441,0.9224275611211745,0.7866239719192588,0.5444689264909026,0.12023645216454679,0.41157832317137566,1.0249772086478004
958,0.738146136219645,0.03037362228323463,0.015,0.6927725139364104,-8.101126012483773,-5.477204594151863,0.16373637472139402,0.16102581260632892,0.27125527482614875,0.23843691404850054,0.08903583539428751,0.8313340204469828,0.8529130129261913,0.09030967846920013,0.9412444888484852,0.5711417501480688,0.40399941069976186,0.02033990439075498,0.2736707943966529,0.9269819330824001
86,0.7382601252685717,0.040223051498616505,0.015,0.6830370737699551,-10.151904614038362,-8.961996897840281,0.18482208204700518,0.18211151993194008,0.2889437264312796,0.27233372146698576,0.09731044262702458,0.7581152911601737,0.2451791619228832,0.13464096979628593,0.8674627704073262,0.669456222320718,0.714431618960855,0.11224383227188532,0.3620528880870639,1.0918768300681148
748,0.7384457752163139,0.030063606392004703,0.015,0.6933821688243093,-9.373744282287463,-6.777501427892551,0.16597786092347822,0.16326729880841312,0.2721307559220668,0.23504319653143843,0.09691252531551801,0.8083485919823495,0.49974656387788813,0.22629377648745014,0.8224840114797168,0.9647738878642168,0.37039489570689654,0.04996352362868184,0.23444313483668328,0.8762576782463724
260,0.7420191002396685,0.032392340494660575,0.015,0.694626759745008,-7.618506062944404,-4.993753801848204,0.16712244501274115,0.16441188289767605,0.2749779972078411,0.24650489633541725,0.08773999369006508,0.7726279825384984,0.2,0.21158151631723832,0.9099142214648057,0.9019667500269429,0.38498082988191595,0.01,0.2862587191724072,0.9879027616157889
208,0.7437006259843095,0.03929876837648859,0.015,0.6894018576078209,-10.101756897232365,-8.166971409026708,0.18576410486677297,0.18305354275170788,0.28992369383308847,0.2671781263609645,0.10435008337258148,0.8161088303119408,0.8003111019147947,0.052468605794812204,0.9383536565785259,0.6893697165115038,0.6800954164200282,0.08686755823427689,0.2882687645050363,1.0566038236370296
490,0.7447173214115502,0.039674366385996085,0.015,0.6900429550255541,-8.52259812411101,-5.394338042614593,0.18892678419298464,0.18621622207791955,0.29557858346011195,0.2639078654207197,0.11394570296524958,0.780407661685584,0.28460562090962355,0.21863504622172952,0.9106697690613468,0.9306563092956033,0.36288398103110064,0.016766055534985058,0.1880955513762796,1.090107162159342
245,0.7461951883465517,0.03180414110928286,0.015,0.6993910472372689,-8.969421082505074,-6.525415051682984,0.16853721890650836,0.16582665679144326,0.2742986927956897,0.24333635029775066,0.09373808751526608,0.7899031148193225,0.46257626057476364,0.07454745853112882,0.9021531216971719,0.8176467282445271,0.26332027519290674,0.043508947177416775,0.26923764038493847,0.9225463003223936
1016,0.7476236541629536,0.054323879278504246,0.015,0.6782997748844494,-9.636605539490539,-7.308443381943134,0.21397137007777284,0.21126080796270774,0.3194933715975476,0.3048175683882105,0.12312517176733517,0.7725155627110026,0.35137427637289453,0.13972079266491044,0.8931219644072387,0.8555570945115555,0.6059967490049395,0.06718818574848578,0.24734632528346373,1.33599880751104
533,0.7484632222653584,0.03497018631874306,0.015,0.6984930359466154,-8.770197646301606,-5.575063115951194,0.17980796661457743,0.1770974044995123,0.2860288161843637,0.2492075902154151,0.1104083430137397,0.746500437928006,0.2,0.11110191172573294,0.938255947523992,0.7758235649499439,0.5911632409016806,0.01939912996235737,0.17815388294432172,0.9742796549028621
359,0.7492836649702053,0.06722366560398882,0.015,0.6670599993662164,-10.631110489370519,-9.440175366302055,0.23106378704213767,0.22835322492707258,0.335897019284624,0.336371228295962,0.12575634578831335,0.7880922216852823,0.4385793054167351,0.18644222617720102,0.9272802331719694,0.6656736424894395,0.6540535102487638,0.13042735090871832,0.3373932105655758,1.5137145162015289
1124,0.749293853144544,0.016919142813567347,0.015,0.7173747103309767,-9.779699599028477,-7.543690124538859,0.11979039538167391,0.1170798332666088,0.23253196482069416,0.17168078424808542,0.0679000065152624,0.7596052517514299,0.25346545532117265,0.06771010942323313,0.7531106613947424,0.9764471372468155,0.6947417187173579,0.06414146694373675,0.2775896087794768,0.44142759910087115
1101,0.7507410625457395,0.014440167791117625,0.015,0.7213008947546219,-8.45018815191389,-6.163308531617089,0.10521423304768597,0.10273963001948619,0.22474492396139464,0.15487586894604202,0.055552597149329905,0.8353591876303975,0.804810780223358,0.06321577721993851,0.853915862150741,0.8235848693480412,0.5866724846455276,0.032433337171482744,0.3252279197758228,0.35460394152393604
473,0.7519480194963267,0.022416392911569646,0.015,0.7145316265847571,-9.89052343202042,-7.053249431154627,0.14468428530830996,0.14197372319324486,0.25226825048027335,0.2011142541601452,0.08825431645647469,0.8314193068335216,0.8528940525465463,0.14134129664009695,0.9132273185875958,0.7919689491915836,0.5817001046172119,0.051120854706019195,0.20971844336733442,0.6225070078620669
371,0.7536628989240186,0.04825194703339457,0.015,0.6904109518906241,-9.995626635762989,-8.019861158565623,0.20281412165768462,0.2001035595426195,0.3065659049457951,0.2922452976208565,0.11338294569451274,0.823660165361388,0.8973422511320157,0.04085274658460629,0.8816804945738655,0.8168825771257098,0.5993007889329315,0.08276365381783177,0.2878561807477743,1.2106891112891882
1191,0.7543478127341838,0.07759744792123663,0.015,0.6617503648129472,-8.870552114821992,-6.3835079598306,0.24646904064012534,0.24375847852506025,0.3545167044710268,0.35261927167565416,0.1403188096045965,0.7881619873455062,0.6363156751453286,0.03,0.9058958401208884,0.8447758461273862,0.6228004740798192,0.047359227395236105,0.2425523564344063,1.7150552849762302
539,0.7553776781734753,0.022450051966337523,0.015,0.7179276262071378,-9.047521260503341,-5.375319071565546,0.14733735676362397,0.14462679464855888,0.25656823445903587,0.19646294192420344,0.09821177160304453,0.7925415989225575,0.5341427845683352,0.10487964884920611,0.8856353153357599,0.9309522029365886,0.25904378597365985,0.01,0.13390261023406927,0.6084992368858779
476,0.7622691390802259,0.03336205892728002,0.015,0.7139070801529458,-9.180491621544517,-7.361704273714196,0.17001992489982537,0.16730936278476027,0.27368185941373124,0.25211363597904896,0.08792621382060178,0.8223246845002097,0.5809687570489024,0.1781615413892031,0.8607377954848557,0.7512845660800158,0.39808460079856584,0.06233529917101292,0.3481665312936896,0.9337193444378209
198,0.762364101932734,0.1269000987239244,0.015,0.6204640032088096,-10.03609912805301,-8.803998149486802,0.29827320345602926,0.2955626413409642,0.4084529211117979,0.433689184506908,0.16285722240515052,0.8085984704219452,0.6030055308739274,0.33700746674621723,0.8128613314383907,0.8170867459255399,0.5016725858363286,0.1298066141013336,0.32507091911463454,2.327129459597978
159,0.7628022410749297,0.05505196762566486,0.015,0.6927502734492648,-9.835385375989471,-7.073937475284652,0.21857492977970033,0.21586436766463524,0.32267658291521684,0.3048182244751318,0.13233163508426887,0.8101189680628902,0.7071456576915985,0.11794394821886346,0.8877495836181829,0.8398341208245907,0.6786512500668218,0.05652731184301111,0.20537705667019363,1.2967937424585927
255,0.763089069905951,0.05431114027243112,0.015,0.6937779296335199,-8.822760729926248,-7.593716767867332,0.20602517541236412,0.203314613297299,0.3103981144501572,0.31297407647393694,0.09907627435079133,0.8319079095355975,0.7034056758436366,0.19132419713715376,0.9162020825003329,0.8467730318936413,0.5462836790836009,0.07510957922915601,0.42540936761703746,1.3495622809453076
235,0.7636314170612699,0.028068598565828703,0.015,0.7205628184954412,-11.696211825996874,-9.100290812418,0.16389393966811483,0.1611833775530497,0.26616379733694157,0.22383899951143532,0.10394887982479434,0.7511743452837616,0.262806096648489,0.09038301790436154,0.945154646103635,0.7714729632244449,0.4347121690368113,0.1004317469712668,0.19600385356618372,0.7126647912082598
635,0.7639970187024652,0.04711151666902368,0.015,0.7018855020334415,-8.23089499572117,-6.295601967716935,0.19498858357546106,0.19227802146039596,0.2997713465404232,0.29351565285772324,0.09646151429319888,0.8564418011224331,1.0496221846460088,0.16334135654010407,0.8475788047451169,0.98,0.4551558069059889,0.04031507007584052,0.3674375432167559,1.2372078104131141
559,0.7703285368800308,0.020804991656430998,0.015,0.7345235452235997,-11.293253333997887,-8.374459358224792,0.13853932903087351,0.13582876691580842,0.24600591179327022,0.1876867827813422,0.0893918752804048,0.7493583104856426,0.29438432694129835,0.03834030726421565,0.9248440405125367,0.7168407842629575,0.5385102472752913,0.07811353681193078,0.18057092088568305,0.49184658835257344
193,0.7705497593256584,0.03423593080797359,0.015,0.7213138285176848,-9.366282292855198,-6.866075928899243,0.17528916432873026,0.17257860221366517,0.27843514708159706,0.252198364307275,0.09837996435018556,0.8230067678354998,0.7248890180863372,0.07780057303968249,0.8690375700580563,0.8074740820877411,0.5047842121232988,0.04672864653346534,0.26613922319485794,0.9228249605061589
1051,0.7712743917472308,0.08707762180051162,0.015,0.6691967699467192,-10.341356166756805,-7.646727900883346,0.2659254994984999,0.2632149373834348,0.37155103034209275,0.3659507914139752,0.16590020758302468,0.8175255300083553,0.8811288337514773,0.15566056156724378,0.8516321392927362,0.7667656238207827,0.4710673897234185,0.07696254193514823,0.18765245454142315,1.7265198004320816
471,0.7720259057257508,0.033223019001457174,0.015,0.7238028867242936,-13.974738965260906,-11.641160425203049,0.17955181208645313,0.17684124997138803,0.27820768054063166,0.23976995577630966,0.11933366839659659,0.8297854579515381,0.8217396962262025,0.22541055338627253,0.8773929229097547,0.9655432917601968,0.5691707190507826,0.16775694039972522,0.18598541371867566,0.751835709201757
630,0.7722183583848663,0.11253125981822473,0.015,0.6446870985666415,-8.332062303805843,-6.871892243013029,0.2775084626426628,0.27479790052759767,0.38737354220572795,0.4184792826042987,0.13653764268102692,0.798160003754196,0.3489589493911131,0.3983446862529185,0.9877959411093424,0.6161998813423886,0.8361499079062606,0.06845645339333363,0.3792804341627166,2.210142056352558
751,0.7734776019615155,0.051684033203716714,0.015,0.7067935687577988,-9.622871264949419,-6.462009264624327,0.21505140297981248,0.21234084086474736,0.31827851304133037,0.29539643842042507,0.1347063675391999,0.8215877145603209,0.6455351982397737,0.23163716779204574,0.7989725190937768,0.8936509149711991,0.4871851233061897,0.03808218086700511,0.1737474675670287,1.214469246416218
361,0.7736898842619633,0.057787591445852174,0.015,0.700902292816111,-8.34452717319256,-6.018357028810483,0.21507748377800268,0.21236692166293758,0.3201116949422125,0.3178933358556587,0.11226163170034667,0.7807857862485562,0.3295468255756524,0.10508729207443865,0.9883274349625385,0.6903205852174198,0.610894551363532,0.03254969258423622,0.30592643609631337,1.3950379025930322
619,0.77440681775934,0.05487401411800189,0.015,0.7045328036413381,-10.201798145433488,-7.411070819304259,0.2195810798341379,0.21687051771907281,0.32227091648825323,0.30479707496596253,0.13436508470231326,0.7796941092086329,0.39297568697180485,0.12638353019319165,0.99,0.9748600973584003,0.6258836944884363,0.06214975299747823,0.19891432583633561,1.2587037851407792
960,0.7756376863695975,0.09942425736073361,0.015,0.6612134290088639,-8.663138960960907,-7.625958181379287,0.2630691235530044,0.2603585614379393,0.3705234017333182,0.4005928760177658,0.12554537108824299,0.8842361016804506,1.5991287008846469,0.39712008383634667,0.8286967626597939,0.9545595873901352,0.9065175976262133,0.08517729532082544,0.4371795277857006,2.0019343973410653
827,0.7761844007468417,0.034168578330809926,0.015,0.7270158224160318,-9.638131721913844,-6.751613749610298,0.1776403866592829,0.1749298245442178,0.280262708010163,0.249560276269766,0.10572049704879977,0.796807242722953,0.4675260940769679,0.10387482231504137,0.9540337680890814,0.6214780225857008,0.33149967044455797,0.041787853458236976,0.2163555628814562,0.8942079169095084
156,0.7766822483193004,0.13549318912488165,0.015,0.6261890591944188,-9.199515418496054,-8.855717214197693,0.2979699909683212,0.2952594288532561,0.40785560410876814,0.45354044714082814,0.14239953479581435,0.7367215547266738,0.2597991697135136,0.0882836362874674,0.680269719275073,0.9635004965849691,0.28589859222888964,0.13378136230913232,0.4706413885544902,2.4452625517944577
1033,0.7786956290846235,0.016206031993051668,0.015,0.7474895970915718,-7.246743916319072,-5.159364206559532,0.11219015128841921,0.10968388725406185,0.22564449107987325,0.17334331318273505,0.051036989394103366,0.7966358772228683,0.28898889176163567,0.08999016834518046,0.9335001249759388,0.8042558085535992,0.6805748866263719,0.01,0.4305660470746791,0.44632272031495135
757,0.781253419356266,0.01864789076886535,0.015,0.7476055285874007,-8.648131672249978,-5.4644001376006655,0.12787509934776373,0.12528776548348358,0.23859822171716857,0.1809393373358978,0.07481086135962967,0.8252780381348688,0.6919458889506516,0.06594473407492549,0.989850562380694,0.762674963841191,0.3590863827957664,0.01,0.2236950725659962,0.4763302758892217
307,0.7814003611055325,0.05784777988003417,0.015,0.7085525812254982,-7.869083397586496,-5.119748950506664,0.21604488751201717,0.21333432539695207,0.32113081942374566,0.3171183103301834,0.11497146469385096,0.8162993107114517,0.5801843614490089,0.12074394676288977,0.9438612848890002,0.839932595809507,0.44981122240962684,0.01,0.2761240550624655,1.3884434701250008
430,0.7839106479909278,0.024751048223762867,0.015,0.744159599767165,-10.916715568549519,-7.446459312454437,0.155071908618081,0.15236134650301592,0.2592566000789373,0.20529273156430755,0.10485108567185446,0.8014752143862658,0.4932233193288098,0.1628064115508959,0.8565922146439502,0.6619116330062206,0.4555829061876558,0.05329495181259901,0.13908793699876235,0.5863026554060911
21,0.7893230000114285,0.03111858294807406,0.015,0.7432044170633545,-8.249787399521566,-5.676119899280536,0.1650383683883541,0.16232780627328897,0.2679583931480252,0.24432332868998874,0.08575340808671943,0.8662015544090781,1.1395347587997406,0.12003668366281567,0.8775835417135447,0.9490673178087047,0.3588516755394553,0.017789827317590254,0.3126562155002107,0.8579421557705478
1091,0.7894174149174704,0.03947949057539501,0.015,0.7349379243420754,-7.88935478898146,-5.900999706144134,0.17977892308415538,0.17706836096909026,0.2825182941729877,0.27482169269031753,0.08473615347799321,0.7813556414172925,0.2814977662927738,0.03,0.892867193474981,0.7784531854796496,0.5347184706453482,0.026617730351492164,0.3983793916058723,1.057817796176599
1177,0.790156049452968,0.026692031440853775,0.015,0.7484640180121143,-10.938244836361873,-8.50684814590658,0.15749058046207132,0.15478001834700622,0.2586871950316681,0.22183308680640612,0.09314807411773651,0.7902461993333901,0.43449727131754595,0.05817703014124896,0.8443124216643613,0.855617862879696,0.5351355446177246,0.07844297764804571,0.2457623016211742,0.6670956744999614
549,0.7910284132093932,0.04182222553472388,0.015,0.7342061876746694,-8.768259628704351,-6.511945166121214,0.1885064258703712,0.18579586375530607,0.2902167694100004,0.2792652772851862,0.09774757445555621,0.8287373785004303,0.7260891351212593,0.034036551355805064,0.8969964427868193,0.8286830585041364,0.6240310260830569,0.037850849487441815,0.325394407120524,1.0673711152372776
427,0.7912512782467584,0.023118571874942862,0.015,0.7531327063718156,-9.99144551621079,-7.646393585145692,0.14414672466359105,0.1414361625485259,0.2481267580822372,0.20767714385771954,0.08061630546946252,0.8316383007693643,0.6837426624273847,0.11830509666123969,0.8807503601851794,0.7739060403072566,0.6089155822235461,0.0583163591811985,0.28450165659938764,0.5949195362632594
326,0.7987252633594943,0.028804507379071802,0.015,0.7549207559804225,-8.735717245448924,-5.5194043863105176,0.163037260907838,0.1603266987927729,0.2654530938694006,0.2314240198587829,0.09465050195689312,0.8600134238049946,1.166893343632924,0.07340330971132877,0.9533609151646416,0.7263565569468554,0.5285968984256578,0.01,0.22379921888975923,0.7565511889490986
910,0.7994211125397718,0.07672493696456215,0.015,0.7076961755752096,-9.371336565096252,-6.623584359675882,0.24939645867485705,0.24668589655979195,0.3527172371701151,0.3540188683388196,0.1447740490108945,0.8205178511178892,0.7891818682365279,0.07346693085883284,0.888669278813497,0.6221834328738491,0.5045097533292989,0.04285832206645055,0.22862844709214836,1.5704560683292705
940,0.7998308344194552,0.047307680834833096,0.015,0.7375231535846222,-11.05560259461116,-8.980186730616913,0.20452715067349328,0.2018165885584282,0.30318733828556876,0.29178003211020254,0.11727426923678402,0.8284103489835984,0.6861750580408534,0.159480181624454,0.9027120644606078,0.812709612360033,0.7197348715096331,0.09326228111742384,0.2737455299151712,1.0772034716569723
184,0.8013004405816581,0.06753232861276423,0.015,0.7187681119688938,-8.79376985956734,-5.918487277679623,0.23530196277191634,0.23259140065685127,0.33846820733110794,0.3370079613396136,0.1335959642042191,0.7834925059271938,0.319513011954387,0.13296691415026982,0.8930286230163167,0.9192928910239762,0.477221465950729,0.02501101179875604,0.23331108064465364,1.4582377967516789
385,0.8022906035767399,0.0800755788092979,0.015,0.7072150247674419,-7.588127884331967,-5.053883105293295,0.2444320663300681,0.24172150421500302,0.3498877847724312,0.36557955472278547,0.12328457793735072,0.8212455190489798,0.6161254330649888,0.1066157812571637,0.9572476825244004,0.7450934922777018,0.49518623310781235,0.01,0.31685580048016515,1.6987120981054726
54,0.8027276275290646,0.021847186448705782,0.015,0.7658804410803588,-15.148287350946825,-13.853012120871107,0.13577120626215666,0.13306064414709154,0.23866744879579047,0.1862640797511315,0.08527833277318184,0.8875215876980392,1.7657972354018259,0.2163441823177467,0.8029072947488219,0.8439118793194087,0.3672830879825711,0.21097176696281644,0.2673051573980148,0.37805613840464414
157,0.8080647792098407,0.04120162137313098,0.015,0.7518631578367097,-9.779268786663417,-7.638827981485014,0.18960223341108148,0.18689167129601636,0.2888243054797236,0.2776044951558485,0.10159997166631447,0.8275587861945942,0.6173838822484102,0.11867414191481188,0.8712381465245191,0.7407735569199504,0.5885705029826221,0.05921264660375203,0.3132372884234764,0.9968339117851943
1148,0.8131103064763991,0.04827938137076748,0.015,0.7498309251056317,-11.187957782325658,-8.837806564459529,0.2079616737614803,0.20525111164641524,0.305587806115717,0.29382090400912997,0.12210244351383062,0.8358968869839212,0.8260261304160164,0.11283769482074812,0.8771641036122585,0.8572840925764593,0.6046042677399204,0.0858845366852313,0.2502205093817404,1.06307410830561
508,0.8131315084948204,0.07700130791201247,0.015,0.721130200582808,-8.993056354366464,-7.407726838394219,0.24112907059280578,0.23841850847774065,0.34310379640750094,0.3638775691392061,0.11838057204640544,0.8325335066691298,0.7348474090947272,0.08454135614799752,0.9582049024576499,0.7308909186834963,0.4122223550054626,0.06290069543650531,0.391158320354385,1.584491384070239
708,0.8153430372131583,0.021736088357891096,0.015,0.7786069488552672,-12.245619855796887,-11.593246519865012,0.13494762191155346,0.1322370597964884,0.23642980061166904,0.197927685639613,0.07196755818349396,0.8826043891588276,1.5140921716723428,0.04507130797803351,0.9676883980097882,0.3317198948958566,0.6004447032181801,0.14808486887563954,0.4017395061230654,0.45626332443754636
1036,0.8160892339179469,0.01817927623538695,0.015,0.7829099576825599,-9.14055313186766,-6.3710704104212725,0.1217348882781333,0.1191722442347963,0.23121155922091685,0.1763943747895517,0.06707540176671488,0.8465059537124653,0.7407276780208627,0.12756673397811466,0.8394661924777908,0.8779659742269798,0.4996296209663321,0.025300520861331135,0.2820545707356263,0.3941972360418231
219,0.8164710884355761,0.029788109825448116,0.015,0.771682978610128,-9.799118390498355,-7.024752160368158,0.1654322961231992,0.16272173400813414,0.2650951144013907,0.23654492838662194,0.09431966385977647,0.8049151845902338,0.39331237059523727,0.11410667945948276,0.8657159790614298,0.8167607072569555,0.4183375158384332,0.04024782942544626,0.25197369033398564,0.7356204073391317
809,0.8173927828833059,0.08251793347483058,0.015,0.7198748494084752,-9.729207404311776,-7.169887094747883,0.2570636250778756,0.25435306296281046,0.35883261048252196,0.36737883346398514,0.14674841669176608,0.80478279496702,0.572163350856839,0.07622311096008201,0.8722600829724978,0.7014871434432132,0.4870952713529705,0.053675262495970946,0.24715196817298685,1.6027693264672558
739,0.8188357900942331,0.05207111206193821,0.015,0.751764678032295,-8.943963432846067,-6.122678041073312,0.21092464172468922,0.2082140796096241,0.3110101120101784,0.3053039822025378,0.11654530124684064,0.8210951290289996,0.5495218346998532,0.12221424978039677,0.8362783999719093,0.944728416966921,0.5500436144677058,0.02452916134385795,0.2603692709547034,1.1834742747542608
981,0.8192603488205785,0.037837642733621384,0.015,0.7664227060869572,-11.1765766699127,-9.224316671134618,0.1848767575623742,0.1821661954473091,0.28192959300797493,0.26626909835035906,0.10348441677438937,0.8553905186965818,0.9582783330778804,0.1494576277209062,0.9097165493837223,0.9408243722356464,0.6544439623319177,0.09168960907962036,0.2997775769916426,0.8742778121749015
87,0.8196295293255003,0.03951161652242431,0.015,0.765117912803076,-8.505777798200457,-5.520111306208171,0.18659218233195662,0.18388162021689153,0.2867833244854671,0.27135659498597564,0.10182776967793764,0.8414265724785941,0.7030735610534655,0.14125524886782675,0.8360319248279741,0.8404931130588817,0.5076992058741132,0.01,0.2647340659513215,0.971297357011549
1011,0.8201729883339635,0.03232085353689882,0.015,0.7728521347970646,-13.050621317953922,-9.890875873747504,0.17832857568471588,0.1756180135696508,0.2747806591633228,0.2358211751597025,0.1208359762097293,0.835400063027314,0.809266602143276,0.18832565489373382,0.8610911719363656,0.893644359955739,0.615352966644941,0.10446392029112729,0.1531445832028972,0.6734140783836158
484,0.8243630376014816,0.07490410494777959,0.015,0.734458932653702,-10.471856982552001,-6.852483420769933,0.258445992257033,0.25573543014196787,0.35823225788607965,0.3425500385970032,0.17434194591706273,0.8142773689434726,0.8472198491550934,0.08254834465958483,0.9088680059219421,0.7519660161142243,0.5037025453669247,0.04100459867291985,0.12760254171317048,1.4038422943544517
697,0.8251087813214876,0.085071919583692,0.015,0.7250368617377956,-8.680415619316024,-5.71980853831183,0.2592854504910425,0.2565748883759774,0.3619754542027606,0.3718335550699708,0.14673734591211426,0.8237059625301357,0.6915528548626874,0.10310224747632829,0.9717522826179859,0.9582200675550107,0.6600612637657395,0.01928876009953433,0.2340945118733044,1.6529449853132987
124,0.8264429587316072,0.040493633798899295,0.015,0.770949324932708,-10.317547086390581,-7.0829570637323895,0.19490027936085563,0.1921897172457905,0.292802617332477,0.2694132070262443,0.12038735169546697,0.7878096604409158,0.3542674373627287,0.08589973024055945,0.9762585564667732,0.8857024565948082,0.6896432819349475,0.04021972218725749,0.18876149661856967,0.9134426090546766
621,0.8273273979947936,0.046381259392145914,0.015,0.7659461386026477,-12.451826468344354,-9.574912521877431,0.20957737977029697,0.20686681765523185,0.3050496152872736,0.2842059187670636,0.13494884077353034,0.8640447657917331,1.3347598131009564,0.154831849471732,0.8225464624582886,0.7211340980820267,0.5649124900539986,0.0982801620205263,0.18457721288327855,0.9552401844943955
467,0.829237847848318,0.03209861266677815,0.015,0.7821392351815398,-10.915207573678023,-8.248761943835602,0.17291768247068245,0.17020712035561733,0.2701490631326068,0.2440749241321697,0.10176044080919522,0.8293718730075078,0.7201998371900555,0.05135600532278428,0.99,0.7970479433038941,0.5490025798124595,0.06438289121762485,0.2429025795016138,0.7380734745442981
898,0.8293318183503116,0.05735876362978838,0.015,0.7569730547205232,-10.810219293311425,-8.692881916395377,0.22167884735861632,0.21896828524355122,0.3191314472639689,0.31947657344897873,0.1238811212682539,0.7600725418900102,0.2,0.07578712863433909,0.9644001914428054,0.902305683845974,0.5477255739896878,0.08175911503795438,0.28310885884174763,1.1999421666792331
1015,0.8300866902424272,0.05509263250263735,0.015,0.7599940577397899,-10.589334130586368,-7.670875281363219,0.2217826420895599,0.21907207997449474,0.3193902784900222,0.30978001879672323,0.13378526538239655,0.81875098323084,0.5860449875899663,0.12736280804291683,0.9851308611889504,0.8467058949118068,0.40308828838335775,0.05572095029008611,0.21116578487990859,1.15137352458496
700,0.8312422064430507,0.04790042401663297,0.015,0.7683417824264177,-13.805177801114452,-12.093838747696012,0.20993900670372861,0.20722844458866352,0.30333113217207464,0.2923629187429193,0.12751509466453798,0.8233394078615606,0.679802969548057,0.11875298087183844,0.9218462606631108,0.5930961192791825,0.5684442257162281,0.16166788893481507,0.25980200740975096,0.9571149878621209
106,0.8327826920565833,0.0558634441715939,0.015,0.7619192478849894,-9.41019288835889,-5.666472176488399,0.22609410560283205,0.22338354348776693,0.3249157068592962,0.3066681635573596,0.1455200476483045,0.829025266306394,0.7737865850240633,0.11025874348580758,0.9196467135305819,0.5010793736630169,0.5488179313890938,0.01,0.1493476915556928,1.1626366963387542
1092,0.8336587530313064,0.028055409496514867,0.015,0.7906033435347916,-18.124879601279407,-15.428377812655988,0.16052838046285037,0.15781781834778524,0.25669565437624764,0.20378947706511413,0.1172672838605866,0.8357791068625013,0.6512464066323707,0.2982788611613153,0.6662591198217703,0.4936301868869774,0.36504872625157636,0.24914439773541364,0.13870325580026036,0.410097915120604
267,0.8357935402985925,0.0367480102908225,0.015,0.78404553000777,-9.635798197154932,-6.157452190762001,0.18605569895108812,0.18334513683602302,0.2840569501214598,0.2580772299920366,0.11403416791013965,0.822655307011427,0.6885262220510333,0.03,0.9412992301818808,0.6306914360951918,0.5393719077981411,0.01805130230928225,0.18823775594874603,0.8409123938513116
341,0.8373357104953711,0.03246701210744936,0.015,0.7898686983879217,-9.914033045847729,-6.909820723603676,0.17338415876581906,0.17067359665075393,0.27102384487484704,0.24615931099437877,0.10060900653725935,0.8121583447607197,0.46176903864227015,0.0798538382150169,0.8955673686271003,0.7539801135615798,0.3548633423124798,0.03409909540977221,0.23552527424695296,0.7581348136859659
658,0.8374975000596709,0.057919856858760874,0.015,0.76457764320091,-11.778583973292278,-9.984509966348798,0.22386363222396882,0.22115307010890373,0.3194621019607513,0.32124088678156976,0.12648637766636792,0.8707400729934738,1.2095636907520402,0.19587246962524898,0.9015019555389929,0.7778972880862962,0.5734488617040774,0.11026308182975766,0.29819673609946384,1.163631473872772
943,0.8377288763095286,0.027641008872939677,0.015,0.795087867436589,-11.649390141077145,-8.948549250976146,0.1605330143568819,0.15782245224181676,0.2581911030652989,0.22388882362894658,0.09717720508481717,0.8179166933821035,0.570071327655445,0.07285580848416376,0.9295315856786389,0.771617476086507,0.5420744076348673,0.07676264628601748,0.22918217639488778,0.5982011226336386
985,0.8390080045231646,0.022804117015253166,0.015,0.8012038875079114,-12.972976803527356,-10.099525569750483,0.14203131968810795,0.13932075757304285,0.24395835692501325,0.19200896684246577,0.09205367253375013,0.7877095590328465,0.24552011026115333,0.16801405931646207,0.8020673458991984,0.7880053626471437,0.3516676342278586,0.10152487685444053,0.18842531393015466,0.4059316388924623
506,0.8397948489527591,0.054410603156145314,0.015,0.7703842457966138,-11.060729908806334,-8.112221680855361,0.22200036296953274,0.2192898008544677,0.3182644432984786,0.3080150585171155,0.13598566742194998,0.8480968618990119,0.9316896344113526,0.14610239965342595,0.99,0.6471126814797655,0.4990148991590256,0.0631881308816262,0.20516236843788604,1.1082572350543822
861,0.8433141220258287,0.044921867263889595,0.015,0.7833922547619391,-12.202178714565656,-8.535774143172405,0.21060927896554946,0.2078987168504844,0.30539101927493956,0.27525377884563706,0.14596477908546185,0.8377685443878425,0.9858561237636572,0.12411801010062234,0.8183281970160475,0.6667204183234623,0.5217552549240356,0.06977616506407396,0.1257026751202074,0.8843284322063623
1023,0.8487787452697797,0.07519866790892536,0.015,0.7585800773608543,-10.210743441090113,-7.72058776514246,0.24870962430666776,0.24599906219160267,0.3467159930716991,0.3575523553916803,0.13986689322165521,0.8061528379048236,0.4301996976482808,0.12227121917342741,0.911906094492426,0.7482243319142879,0.8006194647302767,0.05841189476259172,0.26400162549435624,1.4287063759329124
996,0.8493266575511358,0.13663861857662327,0.015,0.6976880389745125,-14.632540233683285,-10.97668650217794,0.34481878290584933,0.34210822079078423,0.4432002322320949,0.42083134326772503,0.2688062225439736,0.7438880542283131,0.7366355530394959,0.08395346416592332,0.7698172873784954,0.941905802474727,0.29362492265573453,0.17220136288846039,0.06292803025588904,1.823439484640628
1085,0.8494685724564979,0.05480630068022244,0.015,0.7796622717762755,-13.60540370611338,-11.194390092844632,0.22543952360291608,0.22272896148785098,0.3183547735465571,0.30828338994299015,0.142595657262842,0.796851896383403,0.5630430394972856,0.03240099683397711,0.8907270251518613,0.9255169135450336,0.338935291228881,0.13409585434210164,0.21045283664363698,1.03132390748527
685,0.8495001887759308,0.08381904734335173,0.015,0.7506811414325791,-8.863575983425585,-6.915804433919227,0.2514100539173507,0.24869949180228562,0.3513087751031736,0.37902527092057803,0.12379483691412341,0.8035815499793354,0.3250950163651428,0.1708511154224798,0.8988010096128894,0.6920189986687231,0.2342127665366065,0.04508694637237928,0.3681588625125775,1.602886480026902
20,0.849655962863775,0.02540345188214279,0.015,0.8092525109816322,-11.496482122167341,-8.201397916344677,0.1536879236155519,0.1509773615004868,0.2533111373805925,0.20933962705190812,0.09803622017919565,0.837745143690813,0.7559425378477833,0.1071935386887276,0.9647178895385036,0.8437331567230846,0.695808888979489,0.056596439739988624,0.18377830347795213,0.5074626882715606
962,0.8496676541841688,0.0770805334469952,0.015,0.7575871207371736,-8.497542881413898,-5.4818046157067135,0.24840925321734364,0.24569869110227852,0.34858935333415203,0.36081459421579454,0.13600391221889271,0.8379975282330506,0.6521344443450916,0.17530071403290454,0.8355582263439788,0.8782689189550027,0.42700933561034143,0.01,0.25546104787058715,1.5041700809912006
1004,0.8496893643394958,0.0560222264702735,0.015,0.7786671378692224,-10.135228349502063,-9.221846430153999,0.21273716939275444,0.21002660727768935,0.30834275846024406,0.32397590527492925,0.10149843351057965,0.8485725027722318,0.7258099182680995,0.1357317271026075,0.8345880595557407,0.8102797363529236,0.3538929600366377,0.0927273361606034,0.4564869856475705,1.1742187793195185
865,0.8526219034956563,0.036635649762473355,0.015,0.8009862537331829,-10.961443739632545,-8.60341402816927,0.18279978419295984,0.1800892220778947,0.2778370633769299,0.26290880364181446,0.10269076474410516,0.8374812092333027,0.7474850449013243,0.03,0.8992264208128594,0.8317657961276066,0.4639127594389496,0.06891155484990986,0.28370363359117473,0.8050044666163977
291,0.8532051223292354,0.032369792067916764,0.015,0.8058353302613186,-8.44525243709869,-5.697995154595614,0.16825278433459107,0.16554222221952597,0.2660334964469371,0.25098538026666184,0.08552018840252035,0.8272637527338109,0.4711392924320611,0.07489700216521636,0.8885048424067108,0.8843716255613647,0.33031315029177993,0.01,0.3251034106326883,0.7829278074758786
918,0.8554578747247599,0.13092797186708602,0.015,0.7095299028576738,-13.677165216198194,-13.166986026789706,0.3134769750462907,0.31076641293122553,0.41106730046949713,0.4476051524575443,0.17934879763503703,0.8345210219010253,0.597786302644081,0.38671329062407633,0.8310350922718078,0.30537034305736416,0.12138028428381054,0.22173184393638284,0.33682950277009566,1.9313740457532689
85,0.8563885669395116,0.06174743975926214,0.015,0.7796411271802495,-10.521816569197654,-8.515865586224201,0.22743325694809916,0.22472269483303406,0.32321582901529045,0.33305173377037456,0.12181478012582372,0.8237240163933228,0.4651831485586724,0.17745357249849897,0.9374181449556273,0.8451396536688135,0.6593323215480815,0.072873361143006,0.3193276489716658,1.2292862620139957
300,0.8569981385903579,0.020667972577892362,0.015,0.8213301660124656,-13.69603707095075,-13.618546659636639,0.12295656447498497,0.12024600235991985,0.2274744697048161,0.17996498038183745,0.0659481485681325,0.8305187414308562,0.5506639357890878,0.09906497836730903,0.7938400800248181,0.3223964899948851,0.2915027379649834,0.18376294052424358,0.42519640002049575,0.29388487345074504
114,0.8572027689006994,0.09599390085833835,0.015,0.746208868042361,-16.657126268532085,-13.92959425810093,0.29418469073519504,0.29147412862012995,0.38683636354166023,0.37788707932660004,0.2104823021437901,0.7673170373663925,0.41991676587906657,0.13180643447263393,0.6540752535310336,0.49279412128747585,0.6735260652468862,0.22847845844446057,0.13316030764512554,1.400989683881726
782,0.8573660554672432,0.03857320799708752,0.015,0.8037928474701557,-9.774646349129071,-6.719582979685621,0.18780782432447332,0.18509726220940825,0.2838530714770954,0.2682780643109483,0.10733758433799837,0.7883308598204942,0.2906910336281035,0.04232561230570944,0.8804675045265795,0.7820834139777346,0.31453290621059177,0.028157041664687674,0.2405946432647495,0.8584127390720275
123,0.8577031104511529,0.02791920700470209,0.015,0.8147839034464508,-11.047917125640975,-8.842531520113903,0.1585160160771762,0.1558054539621111,0.2548004787248614,0.22939151610560332,0.08764051604874908,0.8602828039959847,0.8261119471073275,0.184038324879597,0.972654659813608,0.9152701302732604,0.5782976450818595,0.07154049369469578,0.30412324622757536,0.6049584371630643
488,0.8586463609144478,0.04518038683458882,0.015,0.798465974079859,-9.626333386713622,-5.8799187614002975,0.2061966192473798,0.20348605713231468,0.30238521227069226,0.28255914324539544,0.12983409524936412,0.7907319016365371,0.3035489313646374,0.0972615860987638,0.833526282520787,0.98,0.6116460803112959,0.01,0.16381711442850833,0.952355557591305
601,0.8587845249751715,0.02888498510440324,0.015,0.8148995398707684,-9.100534851039493,-5.876545537566231,0.16216969599223405,0.15945913387716892,0.25998988908970766,0.23337120348155282,0.09096818850291524,0.8310758200457381,0.5298766189890655,0.09289337391166433,0.9221924968005261,0.95580827060524,0.6461137643098513,0.01,0.2500454247372282,0.6649827203117755
475,0.8589439633841257,0.05777179651344289,0.015,0.7861721668706828,-12.343693274603403,-10.029975147105503,0.22745512380797583,0.2247445616929108,0.3211438177294332,0.3193625975466663,0.13554765006928537,0.7697968645799274,0.23168989839435639,0.08612533804037797,0.9573927587234723,0.6227829632356647,0.6424907101089774,0.10440091638892884,0.242774248356828,1.1050525962734716
286,0.8598380889286924,0.05467477892722048,0.015,0.7901633100014719,-8.860716759295473,-5.970708085224031,0.21530716420363905,0.21259660208857395,0.3123339791978945,0.31529523061655673,0.11531909779072141,0.8529352582394671,0.7915338923661251,0.13255622669102993,0.9776971623224041,0.9716031257046901,0.6445300096166422,0.01610464631972717,0.28215946153849625,1.1582258119449143
163,0.8682452438385314,0.03449014856150923,0.015,0.8187550952770222,-12.3580954727378,-9.567415487060693,0.18096522570260393,0.17825466358753883,0.2742722840459187,0.2506239927967949,0.11130645860841293,0.8510424531834959,0.6708764775966516,0.2576271946635712,0.9053084399795022,0.98,0.5455582263956049,0.08466658063698013,0.21826850411194365,0.6926466798685318
1098,0.8688419718540316,0.03468846673572885,0.015,0.8191535051183028,-15.067349826883992,-13.624315655061377,0.17995282114061004,0.17724225902554497,0.27058131189607615,0.2509187250573962,0.10898691722382388,0.8400881756694237,0.4876353519964776,0.3058610465203476,0.8172405071410981,0.4190115432681731,0.7103741620219673,0.18130146722954255,0.27710020540598257,0.6411223303424191
148,0.8729802947367942,0.02344597207087456,0.015,0.8345343226659196,-11.913720815584343,-9.691277043382357,0.14146056280183628,0.13875000068677118,0.24094425620134616,0.2021876013570013,0.08073352424667127,0.8282091189717339,0.506070243741802,0.09887814389313013,0.8986985040013212,0.6405857967753354,0.5291681786884396,0.08482878582530039,0.28847910048797976,0.427996876895659
987,0.8773014030307054,0.04149709510258897,0.015,0.8208043079281164,-12.015907254566038,-8.781565780339303,0.19956580765815757,0.19685524554309244,0.2922979159675063,0.2726280981725972,0.12650351714371788,0.8209795354045247,0.6609151834321306,0.03,0.9228649017412857,0.9499985214009106,0.65730827699623,0.06666616435077391,0.18619097592731343,0.8108894786937706
1012,0.8788854701646471,0.03793636755886805,0.015,0.825949102605779,-9.362403052892398,-6.030244810691416,0.18647500365320277,0.1837644415381377,0.28176689485259426,0.26663529553052145,0.10631471177588407,0.7979091299728024,0.2,0.15730634264525345,0.961998558858485,0.7412097247498551,0.44515077498573125,0.011331055499363467,0.23227991540519982,0.8226753392937672
65,0.8813669225245311,0.038137291222372104,0.015,0.828229631302159,-14.127244273802052,-11.306581142683035,0.19235835374041213,0.18964779162534703,0.2833479756008147,0.25982963356269184,0.12488707391813242,0.7599849828717236,0.2,0.06582270485527403,0.8828139331711005,0.6906424318144604,0.591085551535409,0.12190267510692777,0.1870802510260448,0.6985131745293307
47,0.8816287883790191,0.09204140037451686,0.015,0.7745873880045023,-9.179843459954107,-6.8164499368010665,0.26560164486596394,0.2628910827508989,0.3633288768517697,0.39415606799583996,0.13704722173608794,0.8416708358894752,0.7234922979006978,0.08352439857757585,0.865227579396374,0.6489852757183684,0.3867629336489593,0.03711139922932055,0.32371403300379015,1.6194771392197542
1054,0.8871687816505478,0.11032742410053509,0.015,0.7618413575500127,-10.693771175720302,-8.13841520976887,0.29425825189909205,0.29154768978402695,0.3914934649909868,0.41893564129658106,0.1695808625016031,0.8378152259529685,0.8352935963985701,0.08218006175470724,0.8669842588361992,0.7158204020237919,0.38705269491145966,0.0665708371237825,0.24842666743254904,1.7492203879470867
1060,0.8875189657703374,0.042900056638047225,0.015,0.8296189091322902,-10.159231799400123,-7.887996329733733,0.1940505172475307,0.1913399551324656,0.2872291510956598,0.2868867321360744,0.101214302358987,0.81838330966074,0.42952341091088464,0.03,0.8558265764777047,0.6754316225113022,0.7327816060768295,0.04962867226591455,0.33267256415530516,0.897388871481789
1181,0.8916163789802588,0.06869047897598882,0.015,0.80792590000427,-11.66159732388134,-7.9993236711842295,0.25218104218629295,0.2494704800712279,0.3451058163315668,0.3371367284581683,0.16722535591441764,0.8566144778205727,1.0356687913071885,0.1675877984846033,0.8506868478480154,0.6959371615093995,0.4583580159339344,0.05218754351519879,0.14624072794309204,1.1780895280762922
480,0.8940683613964204,0.1769831186851589,0.015,0.7020852427112615,-15.052016001785242,-13.369738090504573,0.36675276711436433,0.3640422049992993,0.4641879795234428,0.49546716960424864,0.23803836462448005,0.8389043201865223,1.4692216388937067,0.03718643158173396,0.7065219529166027,0.6184696650984333,0.6062127219092764,0.23061330384857204,0.21277874717920306,2.20005596505749
1087,0.894974135996362,0.059936013066478,0.015,0.820038122929884,-9.445539062761068,-6.452031046551537,0.22649755187745613,0.22378698976239106,0.32076777399854617,0.3292368190175126,0.12375828473739964,0.822931041610355,0.3936990686282204,0.1418719500269538,0.7899397097804779,0.8919739182948804,0.2915135123373661,0.021084752350067473,0.26804576288850623,1.1602023620107644
1138,0.8964438403976407,0.10974395751722443,0.015,0.7716998828804162,-10.694334247897979,-6.667709666127728,0.30907738582580313,0.306366823710738,0.40561811736335074,0.40134085672555797,0.2168139149260483,0.8018399767402846,0.5500691706297449,0.12696404925537141,0.8476261334613839,0.6832708111709112,0.6321914176437763,0.03005596594818868,0.1017274159996098,1.635528216337704
668,0.9001334235574975,0.040001082423787214,0.015,0.8451323411337103,-10.090192428524178,-7.231987089316334,0.1900305328379969,0.1873199707229318,0.28290262535752975,0.2759442185956319,0.10411684708036192,0.8536196727411516,0.6473171885552883,0.16909484760486346,0.7549927437028012,0.8579677535145197,0.479427530192938,0.032668159175941694,0.28075290372872475,0.82150290862767
598,0.9002223571678996,0.042455707830058004,0.015,0.8427666493378415,-9.947923821419828,-8.173120996704084,0.19052202383061745,0.18781146171555235,0.28288204073116674,0.2885521709552824,0.0924918767059525,0.8016154861552217,0.20631971208354682,0.12680487818650008,0.874886454822969,0.7863493545089866,0.4360423590625824,0.05495448578746265,0.4009969448758342,0.8833879093857216
83,0.9058738347002155,0.07303422720709479,0.015,0.8178396074931208,-8.912410956539613,-5.849862325695325,0.24467134899027182,0.24196078687520675,0.33971174449374814,0.35854793702729737,0.13079476095324627,0.7965781832604188,0.2869326414300986,0.03,0.9586021057626132,0.9211479595127176,0.3698705650120495,0.01,0.27510006931616354,1.3351017614861906
1151,0.9108375324176873,0.04606399852073281,0.015,0.8497735338969544,-11.534983978764405,-8.895962327554704,0.20516699003317745,0.20245642791811239,0.2958861473707872,0.2933466460136375,0.11698733405271738,0.8229771289093292,0.44375383837843996,0.08328789047375042,0.9732567681767388,0.8077290324579235,0.5853936473307695,0.06446306876020472,0.2658285825583842,0.8746123171065197
762,0.9127734173818196,0.1642484492044596,0.015,0.73352496817736,-15.084593277918875,-13.715488328854699,0.3544483336255241,0.35173777151045893,0.4491540532915003,0.4876638980048661,0.22123276924618196,0.8751226666125405,1.461484580645565,0.3049660340598694,0.951613987594572,0.7070911612712248,0.5492882654678501,0.22363901382329807,0.24905239495553055,2.047769670469223
394,0.9147192373830716,0.059710590306084735,0.015,0.8400086470769869,-9.842999676181552,-7.629423084841959,0.22314844033282397,0.22043787821775887,0.3153625544501366,0.33391845275515364,0.11237842791049428,0.8593770318827662,0.7981044452192346,0.0565408492722229,0.8098892690128681,0.7885592821887205,0.6990512829800015,0.043276707147043306,0.35844963585154377,1.1266950774947166
293,0.9189184988420512,0.05445095623401507,0.015,0.8494675426080361,-9.773688955287293,-6.657432684153301,0.2188643290707856,0.21615376695572047,0.31085005259557164,0.31702337107088807,0.12070528707068313,0.8568319980315686,0.7539223388527988,0.0993626275398575,0.8909247118259354,0.9380135049092901,0.6869408595022745,0.02059544554627079,0.2653387337712082,1.0324564579603264
38,0.9238202943043946,0.04972588048772562,0.015,0.859094413816669,-14.772545897559333,-11.04193202428313,0.22344199697690043,0.22073143486183533,0.31102333572814006,0.28907893584822797,0.15780505810557285,0.8253132429788024,0.8552341754172321,0.03,0.9178054536482703,0.807347424469723,0.5527710113850184,0.10818354853944345,0.1259032255671394,0.7872027669312021
1040,0.9266623319452434,0.023290571129241763,0.015,0.8883717608160017,-12.172240091838319,-9.800781566539133,0.13538392632135282,0.13267336420628772,0.2353516462138939,0.19435975586986975,0.07640809677283589,0.7957826116089571,0.22212597739276352,0.051444861088074584,0.8699154488711013,0.98,0.713870968401819,0.07543355920869688,0.2928680907690527,0.32958029151550916
724,0.9276848089994916,0.04251506406792559,0.015,0.870169744931566,-9.473428110370126,-6.793130785293174,0.1926634066507102,0.1899528445356451,0.2842096134445146,0.2874519818070005,0.09787483149441996,0.8722212408202186,0.8688470467801037,0.0989033068821527,0.8960016543808251,0.7971120397634688,0.40208568219813073,0.02231131216122124,0.33799282406920983,0.8488776240939462
904,0.9292659660369468,0.0783765675481919,0.015,0.8358893984887549,-8.798863245709672,-5.917026102225717,0.25019438304625863,0.2474838209311935,0.34398345046522266,0.3727954994021522,0.127593266690365,0.8766863263366012,1.0180275639291547,0.1211847842360119,0.8293156232370472,0.9364114995760462,0.49374558013367603,0.01,0.31742434484268617,1.3692472063240475
173,0.9294285961434394,0.041288435878671745,0.015,0.8731401602647677,-9.960125464101933,-6.325627014719641,0.19599938456689017,0.19328882245182505,0.28752241815132756,0.27715388255344425,0.11484488658033606,0.8425176518069468,0.6396519997137654,0.031169035030227388,0.8530104546208253,0.8562215563275728,0.5504274110612197,0.01,0.21828703282750078,0.7905803142871912
583,0.9314070454499233,0.06551215143697761,0.015,0.8508948940129456,-11.148608181197492,-8.276305117444352,0.2399049416674689,0.23719437955240377,0.33064776320375455,0.3427381531971424,0.1370717301377954,0.8063656812650126,0.2,0.20513787284701746,0.922935633820149,0.903099701168585,0.5493631268373362,0.05176129368848562,0.2492703310136849,1.132171975679034
920,0.9319419094451096,0.053448039932543163,0.015,0.8634938695125663,-11.817228516840414,-8.6942240037949,0.22244679500378867,0.21973623288872357,0.3117582904696499,0.31147618719300774,0.13341740281456962,0.8514130473053474,0.7388659426974825,0.10715240310752683,0.9131239166434024,0.6840442149036303,0.6668902524583991,0.05671738920228902,0.22207411895513882,0.9399536322065649
975,0.9360764073463785,0.020994730183227964,0.015,0.9000816771631506,-10.25585642339418,-6.510314569808862,0.12194844879515732,0.11967468677523306,0.23288172686908654,0.1706238112531403,0.07327308633717435,0.8529005830311686,0.5580495684779282,0.16072149802589578,0.9252827420426242,0.8008259767575836,0.3053590439959986,0.01,0.21437891203720827,0.22995829951410462
976,0.9362036967497314,0.0887015412932652,0.015,0.8325021554564662,-13.880330027197333,-11.348724361888342,0.27867362331987144,0.27596306120480635,0.36788266482509696,0.38456567576288414,0.1727815708768587,0.8461625352172132,0.7937643234408269,0.12833716181384874,0.7718712045728321,0.6139651727879192,0.4997014730061628,0.12093763875742317,0.22006021715142401,1.3109672851884777
1079,0.9375111213139474,0.07337035899062197,0.015,0.8491407623233255,-9.8796986615945,-7.100395188305601,0.24686293623793631,0.24415237412287122,0.3387214498385265,0.3626201836267713,0.13110568884910134,0.8207018563800118,0.4121242892217853,0.03567905165335236,0.8997551332955419,0.98,0.6614416192070578,0.030039932893758333,0.2975580039424292,1.261931286679726
997,0.9391299317311879,0.09961524049476643,0.015,0.8245146912364214,-9.892688870998635,-7.704876874586065,0.27667226041287174,0.2739616982978066,0.3699546042890606,0.4132014666283682,0.14014305419737524,0.81697814530016,0.28158559517195747,0.20499976342576298,0.9789410826935455,0.6802511507456904,0.17851407049895324,0.047400021595499275,0.3457139509083544,1.572854309128073
334,0.9422197891284326,0.0447470183077737,0.015,0.8824727708206589,-15.041251722368992,-12.68003509549542,0.20647719646824664,0.20376663435318154,0.2925880259071986,0.2848896065254569,0.1280647864110364,0.860845316054189,0.756605608307449,0.20679648004621146,0.9374826529468708,0.9659949366253979,0.49247211729360546,0.13604801758346496,0.23477432866559217,0.7240737396888391
1122,0.9454599586998559,0.039217141379159076,0.015,0.8912428173206968,-13.08314904070943,-13.166678676305022,0.18412789730576412,0.181417335190699,0.27052678574312033,0.278294877872675,0.08996091673885323,0.8652955494007168,0.791013071166189,0.0526564622722411,0.8596334058133844,0.8028579881780395,0.4604124744841387,0.14994342678828865,0.4941908888610783,0.6879966384631825
88,0.9563846519031644,0.03947021525217017,0.015,0.9019144366509941,-9.952547317817011,-6.516560048506649,0.1898781093858743,0.18716754727080923,0.27990067774967453,0.27397285201619725,0.10578336675555133,0.8782987962481827,0.9280243987709194,0.13063522186957638,0.9145540576233634,0.8045096625666283,0.47412846693856764,0.011032620894021676,0.2578440871117885,0.7314046276050952
1077,0.959438262376066,0.10022734430195276,0.015,0.8442109180741132,-12.300134845516453,-9.641103354108871,0.28951488727621666,0.2868043251611516,0.3794510956944516,0.4089554378049609,0.17007433674747247,0.8635868712799335,0.8881575106111833,0.1693389281003777,0.99,0.5618916423848355,0.440797201299719,0.08054570656675765,0.24499386312557161,1.4463201910985324
863,0.9670076451440693,0.02235354970504821,0.015,0.9296540954390211,-10.557666391810608,-7.6298671417058825,0.12625689146952654,0.12383002026126413,0.23053910018262347,0.18456459104318818,0.06794919189586489,0.8543084088497812,0.45077304197829726,0.18985320224068175,0.8744656580156466,0.7973847883519165,0.571635163325418,0.028451887775431572,0.3074520642977895,0.26328530816258244
837,0.9717838893738552,0.04154804376546459,0.015,0.9152358456083906,-10.376489137897359,-6.598116247676507,0.1972080126641462,0.19449745054908113,0.2862434799729663,0.27832868425047147,0.11608734107782093,0.8072293328067008,0.2,0.09920900643806296,0.8968050294702714,0.8235099436298453,0.4073751254225691,0.01,0.2129912294955214,0.7304471244569215
862,0.9762385896058019,0.039848591772389114,0.015,0.9213899978334128,-12.212239108852607,-8.648061615725437,0.19475075420328591,0.1920401920882208,0.2822272699389207,0.2696315079715894,0.11987000043498233,0.8635094108884841,0.6445351523092772,0.21267491403887961,0.9379691985439075,0.6894034807147935,0.4626844100976384,0.0453670074123907,0.2025433684682147,0.6508475117880612
99,0.9776223164778068,0.03134456407999779,0.015,0.9312777523978091,-12.834879766868292,-8.13641719348219,0.17064487569824294,0.1679343135831778,0.2643405512400456,0.21625985380824922,0.12502989758823663,0.8081810928124847,0.4166682502660226,0.06495557659400589,0.8360405543135881,0.8294695000512081,0.6587307907774218,0.03447178022337763,0.09564937741965049,0.3865625694602648
182,0.9801315882724069,0.05828388906074251,0.015,0.9068476992116644,-10.167878554404933,-7.010787150494197,0.22635829789735976,0.22364773578229466,0.31466391904598684,0.33054757908341237,0.12216901671130714,0.8233943137941697,0.2,0.2182701025343393,0.9219411358857019,0.9099400222860086,0.34446584253270596,0.02009228426220792,0.27833640896265605,0.9938663598385133
170,0.9806450112749991,0.09518196944742227,0.015,0.8704630418275768,-11.17995722793252,-8.05033256533331,0.2828449908404649,0.28013442872539984,0.3723274364362061,0.4022646142355701,0.16342536744535976,0.8382420841331429,0.6196305305792679,0.03,0.8258211858646262,0.5195330459976814,0.4701489939964286,0.0432181714184822,0.2389787396917157,1.3883964540507059
842,0.9812590049631729,0.0833697026944841,0.015,0.8828893022686888,-12.25763635366826,-9.73487276922418,0.2672025158078308,0.2644919536927657,0.35479130934297076,0.3834802953634724,0.15092473625218916,0.8613813847779643,0.7762062513317903,0.11748630207413678,0.944321813026671,0.8480488620346379,0.5351505684246111,0.07465993061960577,0.27750816398601397,1.2412797245169729
397,0.9820665103163292,0.08732700241477304,0.015,0.8797395079015562,-12.66284463225602,-9.553935415936508,0.2773417765181573,0.27463121440309224,0.36502333061733067,0.3860513813108085,0.16863217172550607,0.8152892789154155,0.2654545954599115,0.18144050320349803,0.8852157447144761,0.7784222464857862,0.5522432805019695,0.07092315723179309,0.211248987465472,1.2583812191500228
553,0.9887704147409556,0.08985052555669948,0.015,0.8839198891842561,-12.856537919589845,-8.70340749260808,0.29007905761419583,0.2873684954991308,0.3772799851146111,0.37982509329279757,0.20033302193559419,0.8232225575138734,0.48839631253708,0.1257021428464128,0.7934154435702674,0.9145564152466114,0.7632905928568591,0.05288297448643108,0.1216409680483585,1.219200585967731
1187,0.9915309379587818,0.106741288057721,0.015,0.8697896499010608,-11.24867916301235,-8.63685306825922,0.2932801282815607,0.29056956616649554,0.38259122584613214,0.4256230539498157,0.16093720261330563,0.8761981661329271,0.9161786698423104,0.20811287082240615,0.9145188391193912,0.9279099620039443,0.3918391503326414,0.0558532753129421,0.28807335919978544,1.4976808954750795
644,0.9937549318183859,0.07114520274389197,0.015,0.907609729074494,-11.67134664993202,-10.566992392977573,0.24204376990569465,0.23933320779062955,0.32813003699776827,0.36723714355225145,0.11685039625913789,0.8662893265890754,0.6732288998920004,0.13829636759104277,0.9704212559519886,0.8596842246610299,0.49307062169540583,0.08997407500486868,0.44342200949719535,1.1142677615677916
1069,0.994022355474765,0.059823874642078,0.015,0.9191984808326871,-11.232057767202681,-8.905120468056754,0.22780726749516675,0.22509670538010168,0.31427225754880034,0.3376120667793395,0.11800246821099397,0.8401441689123093,0.4337274315256673,0.070011284888004,0.9440356744326528,0.6465164446823023,0.5730276176234171,0.05364727497396774,0.34222450494385287,0.9786001726162398
707,1.005211866673697,0.11280807587948967,0.015,0.8774037907942075,-12.748644504335477,-9.203133436692424,0.3126497197157463,0.30993915760068125,0.4003492118903953,0.42558008911719136,0.19971935031430127,0.8487452011249386,0.7419953430540281,0.11621251195760765,0.7956520940464685,0.6347870612312025,0.2659484169705444,0.06365620998623263,0.17427145255581195,1.4520078517309778
889,1.006101502115742,0.05663005257788595,0.015,0.9344714495378561,-11.742097442704454,-9.053875672050635,0.22509898197421155,0.22238841985914642,0.3106519358063416,0.3278441792833538,0.12235378466506931,0.8477315803047346,0.4618078819585131,0.11987369701010335,0.9365746831865944,0.716340166448751,0.7030074298092794,0.0527262208904628,0.3000653750613439,0.9036614771131147
736,1.0095707831555232,0.11001825143188203,0.015,0.8845525317236411,-11.799046254853032,-8.301826772097092,0.3058000526806355,0.3030894905655704,0.3939243751140117,0.4247815927851529,0.1868185125761181,0.8717545724197389,0.9005125354143526,0.19740790550544388,0.8642794673164717,0.7465333435619897,0.46998905091634374,0.0448313847210261,0.19871294457826721,1.4557361055604545
895,1.0158417191082991,0.09106659093491647,0.015,0.9097751281733827,-9.80699069862139,-6.790050033823796,0.2715314278861533,0.2688208657710882,0.3598792545992734,0.4026540030379563,0.14040885273435033,0.8586774884313564,0.5029261296793599,0.2131929272654684,0.8142679191135342,0.8761022341235801,0.43709944138850365,0.016509194864984617,0.3106650875106732,1.3401825490609167
126,1.0225737169050804,0.11430953678985518,0.015,0.8932641801152251,-15.856832214089103,-16.140078054509548,0.30327063329326964,0.3005600711782046,0.3860534848614545,0.4447237676033351,0.16181749898320424,0.8260431347107263,0.25922519547585665,0.27133531439236647,0.9210196537923128,0.41424057703295236,0.2248341745981936,0.21659223366892866,0.4186373205770436,1.3934602390340485
534,1.0261055010008548,0.20998116644710887,0.015,0.8011243345537459,-14.492234127217182,-13.298037107989805,0.39153628253569395,0.3888257204206288,0.4816234417835089,0.5558226371722699,0.22724992789911796,0.8888332715007711,1.5470725996450898,0.21456670203792377,0.7125121152253596,0.4223227959977189,0.8466254456088611,0.18044006571968713,0.3031951194478309,2.210643150288804
171,1.0372425770364566,0.1516611413799773,0.015,0.8705814356564794,-13.411045589239809,-10.185228046702367,0.35290244700102513,0.35019188488596004,0.4403911123777253,0.4827055622495457,0.22309933175250451,0.8288778865126272,0.6565509520441916,0.03,0.9361109724587972,0.8566467433078747,0.5394474251950105,0.08533327097509216,0.1878935280108549,1.7231519390266499
425,1.0398415233758416,0.05526587409960076,0.015,0.9695756492762407,-12.943062890241679,-9.823156948831246,0.2267363424967906,0.2240257803817255,0.31024566091340033,0.32169767576816055,0.13177500922542068,0.8110905870330953,0.2,0.08383725482841406,0.9093071301680569,0.7899159621718469,0.5514304709221575,0.059631450300555944,0.24723078412012156,0.8103328494446163
372,1.0407091782672948,0.12688462759873964,0.015,0.898824550668555,-17.9331691334251,-14.019335131358162,0.34474078655109774,0.3420302244360327,0.4267512321181145,0.43355430794670524,0.2559272651554903,0.8828949845459874,1.5812632073852817,0.22088259161043589,0.6981671502822786,0.6440633426595701,0.18568967113151305,0.16812307563362228,0.10162952084534352,1.3268151100017354
523,1.043070216822343,0.06523025266776747,0.015,0.9628399641545755,-11.393886889912444,-7.0182488040566895,0.24918999956091709,0.246479437445852,0.3341721288609266,0.33993652376182504,0.15844347536000908,0.8631643986495202,0.7257298914625022,0.09541078031873952,0.8636484221274936,0.7337894415928978,0.4096077248166552,0.01,0.16473765891345155,0.929798424044409
474,1.0470562673838932,0.02514947835415475,0.015,1.0069067890297385,-10.97143476972373,-8.058186356749022,0.1295800930189806,0.1272067798895881,0.23288566648343056,0.1918909540404536,0.06726923199750759,0.9222994634972124,1.502256791220702,0.3545548855601991,0.8026385624529514,0.8659771268679226,0.25546770638868,0.026403493694950573,0.34173843065735554,0.22468600901933425
776,1.0498357043667863,0.06845704879517134,0.015,0.966378655571615,-13.834692337464926,-10.54017738098037,0.25307518813719404,0.25036462602212894,0.3358272887969323,0.3517382529348483,0.1544121233395398,0.8826954248290295,0.9425471185486263,0.1692040981265645,0.887993917941664,0.7957835973416812,0.4569257402528416,0.07236505799222201,0.2185626520888716,0.9312017644792324
1158,1.0613304077509433,0.04362617528692981,0.015,1.0027042324640136,-18.92449144909369,-18.121219332343387,0.19791400742719345,0.19520344531212838,0.27805666756546826,0.2782633359639334,0.11756467889045354,0.8992153035773127,1.1827820674053817,0.21375643853449222,0.866305989117255,0.4612645956480779,0.15417516443864773,0.21522674571648256,0.31934038232175016,0.49570504294016515
729,1.0620311378704468,0.03747343010787888,0.015,1.009557707762568,-9.965038334991055,-6.972335626213165,0.17908237803891114,0.17637181592384604,0.2658062507966935,0.2709164723826616,0.08724828369516066,0.8348634293459617,0.2,0.11387929383520504,0.8821112577593737,0.9175736535031203,0.7003528621112232,0.01,0.3656372016829667,0.5782797330305431
618,1.0657983961701882,0.22642287994244503,0.015,0.8243755162277431,-13.896978875055401,-12.107787507336909,0.4063010403696241,0.40359047825455896,0.4957467310580407,0.5754509375747512,0.23715114316449715,0.8905385110129991,1.3171885893210888,0.33794488941699935,0.8399239199487718,0.8908177218949708,0.40743197376882767,0.14179373845253912,0.27730958420439344,2.269097699387129
568,1.0713899209653577,0.07925016345169668,0.015,0.9771397575136611,-14.180559551954849,-10.376544473465026,0.27393809383718526,0.27122753172212016,0.3561931296085181,0.37176477079105874,0.17611141688331178,0.8376403652352754,0.45116122400507275,0.08926584206542675,0.815979994028698,0.98,0.5388453611380329,0.0672728835218568,0.17579228809952432,0.9995788039575252
906,1.0745990264519427,0.05085897905159656,0.015,1.008740047400346,-18.198076908772972,-18.993728742210074,0.2125472291687213,0.20983666705365622,0.29104371374016297,0.31066820920500793,0.11442624913243465,0.8786856305206368,0.7199095646302054,0.18858108741558569,0.614251457641031,0.6700311852014216,0.15386278304311954,0.23526547989498392,0.4387895640320453,0.6140503034500072
316,1.081239677256818,0.09932566609698,0.015,0.9669140111598381,-14.621067133526267,-11.233006283743764,0.3001940459227102,0.2974834838076451,0.3823139193374016,0.41177570429039956,0.18861238755502086,0.8819774293318817,1.190746489438206,0.037628220170173865,0.99,0.7066469764423611,0.6250358450267468,0.08493792731109431,0.19956404101458197,1.1775764057820757
455,1.0821847451744586,0.10010299038262956,0.015,0.9670817547918291,-10.764143193556409,-8.05461277352721,0.2843687486578237,0.2816581865427586,0.36948353425508024,0.42523417503185024,0.14350332228379714,0.8468129276526246,0.38997143388023675,0.084233447298144,0.747186545798319,0.7509465000502377,0.4495554468489349,0.031640821651966786,0.3446964030910461,1.3098223080413067
41,1.0947248950708706,0.10989093524778709,0.015,0.9698339598230835,-13.817652215573066,-11.845771116440732,0.3026197755140698,0.2999092133990048,0.38493081072814184,0.44087613387053604,0.1643634171576036,0.8522200826818652,0.5103850016527961,0.08436512404038723,0.9118349122221249,0.8861272894295027,0.501456822083984,0.09784258125573161,0.327385451463757,1.3030552240804223
551,1.0961115136790056,0.09584539600997455,0.015,0.9852661176690312,-14.38594467511839,-10.89913295186265,0.29566749809879433,0.2929569359837293,0.37743931127940655,0.40726295743041685,0.1840720387671719,0.8728428719601683,0.8367568652131095,0.10858594800905501,0.8609062046896401,0.8261919457144135,0.286939966683097,0.07518823791270306,0.20247028045277882,1.1334189191767432
14,1.1049531688845255,0.04030210931842939,0.015,1.0496510595660962,-14.53037181610081,-11.398681926036812,0.1900581840328889,0.18734762191782384,0.27302173012218933,0.2681241271575679,0.1119922409082099,0.8507224885256138,0.396865421147673,0.09449378993238901,0.8457953074277769,0.7602394000781117,0.32447251618657064,0.07286543408531856,0.2529333005668513,0.47050973397904317
726,1.1055910829831062,0.22160242616188106,0.015,0.8689886568212251,-11.14036359216581,-8.021516409933897,0.40215918358227254,0.39944862146720744,0.49177526854053344,0.5738193693287053,0.23049899783583985,0.8646222589043064,0.8247641865906351,0.14865169637853215,0.7989063111178414,0.595858643950664,0.6805943844829155,0.04292747400943969,0.24041724086202157,2.2400843469404896
35,1.1057864265916653,0.11639625787339514,0.015,0.97439016871827,-14.876880730566457,-11.345176763791232,0.32279560099218485,0.3200850388771197,0.40452781104600344,0.4397319475674344,0.20585925441693528,0.8738745984088429,0.8119432554782662,0.17595334381223676,0.8826505992182195,0.8067876732176389,0.4110784625292147,0.08562502164541472,0.18696371667174091,1.281646123270358
560,1.1108698419506886,0.12798864353065859,0.015,0.9678811984200301,-14.315457370363424,-11.06736957528348,0.33209473444328674,0.3293841723282216,0.4144325674612282,0.4606639055935503,0.20352556329302318,0.8681406137976118,0.789650549655427,0.10673214355463347,0.8453644835201936,0.7479350334114575,0.34820202714555293,0.08180283826726126,0.21467083706783052,1.393672451757856
1146,1.111766015666334,0.2590811309089965,0.015,0.8376848847573375,-14.534593391254884,-13.31043030569511,0.4287971828568035,0.4260866207417384,0.5166796713098494,0.6137574379394741,0.24383692777413293,0.8304916565023293,0.47674038451496104,0.1807465731853231,0.9584760219604095,0.41668663404807266,0.1522978682406627,0.1668321721076196,0.3134867166860079,2.38487321405856
450,1.115807971348689,0.1902883806669332,0.015,0.9105195906817558,-15.310461005520027,-15.77601811776676,0.37297623122724544,0.3702656691121804,0.45523909291992914,0.5547207298210645,0.19123173263342647,0.8878714611818039,0.8549200035137589,0.39870694606478674,0.659500585826687,0.6527639965870901,0.5073823749518119,0.20162372579203228,0.45796417535690553,1.8547345045793433
179,1.1181543017491227,0.09341638761810883,0.015,1.0097379141310139,-11.37538542467185,-8.80778168063443,0.2776603130435006,0.2749497509284355,0.3608355822623472,0.41660792149673354,0.13871270459026763,0.8601658769068805,0.42776358889355404,0.12695111492573807,0.966262354500396,0.9289830605524798,0.31872513470856695,0.038755204100388685,0.36197702228150763,1.1829084778716634
646,1.1297779003751671,0.12761137932837352,0.015,0.9871665210467935,-12.912673233383238,-9.528303264448207,0.3280864403238166,0.3253758782087516,0.41095721660304696,0.46448346982728983,0.19168941082034344,0.8759493743760348,0.8366781652559322,0.07937964268446646,0.8574131416061993,0.9402243656895268,0.6436428194502221,0.05101339676807131,0.23773234054448722,1.4049758208536713
683,1.1506136836074203,0.07580729387690467,0.015,1.0598063897305157,-14.39493940579649,-12.20036173759502,0.26009463747800493,0.2573840753629398,0.33922824366443793,0.38033884336310614,0.13985043159290372,0.8497972708932434,0.36502483220393833,0.06738785609139028,0.8717352245151075,0.7554468528690014,0.7548043990301061,0.0860615319205342,0.3334249089628269,0.9048283503351758
822,1.1573911549892606,0.2421697932510668,0.015,0.9002213617381938,-13.690856983237575,-10.342718662702767,0.4315914033028181,0.42888084118775294,0.5171262328255459,0.5908527395732182,0.2723300670324181,0.8863155228607523,1.3411767291293124,0.1403820130991168,0.6862529534908488,0.7644920887872902,0.8816022550674901,0.08179338185250656,0.18791719031791962,2.150177740465055
846,1.1647209258606983,0.26496576518856646,0.015,0.8847551606721318,-15.222173104558395,-11.540365734883766,0.4580185964519634,0.45530803433689826,0.5431876827536959,0.6007578524162173,0.3152793404877095,0.7802796761663617,0.28876542363998325,0.06427228923453024,0.6343855617004218,0.9477831367265217,0.6814438100349496,0.11262544174934457,0.13222203734481427,2.1967353914459276
516,1.1675113364855116,0.22342661352396298,0.015,0.9290847229615485,-13.597004892195434,-9.534020698341964,0.42520117828313714,0.42249061616807215,0.509595182519158,0.5666488099779519,0.2837535465883224,0.9001157236021488,1.4681054050908853,0.282265894068333,0.6193186274060816,0.3892193732867275,0.6425889692382134,0.06026388076630245,0.14379347338996518,1.9699324368246656
936,1.168214889374078,0.1430049079628112,0.015,1.0102099814112668,-16.112256797252666,-13.201065664725446,0.3510941024962225,0.3483835403811575,0.43069593140529605,0.4868886837653563,0.21529952122708873,0.8793317771427706,0.9760651840378342,0.0584854758372133,0.9014030122463822,0.7489050047724863,0.6520221068538385,0.11245936041653465,0.22882864880565468,1.3872127273296226
1073,1.1710183424867042,0.10670438301600638,0.015,1.049313959470698,-13.603825702093541,-10.461608117855997,0.3047695881026077,0.30205902598754253,0.3851121532954565,0.4375391782512499,0.1719999979539654,0.8905014776088266,0.858062764983266,0.14269898785259386,0.8189784874024438,0.8314258465204363,0.42955582199890696,0.05761436048356895,0.2720280765220329,1.1698240919860485
108,1.1724029024926845,0.03983695377998788,0.015,1.1175659487126965,-12.904741616432126,-8.957492246456338,0.18497411906005826,0.18226355694499313,0.2695340317957045,0.2636022020906325,0.106346036029484,0.9080808238512491,0.9445823249646333,0.2664350502277409,0.6009004213088294,0.975490578919601,0.33876192806953187,0.024895145569637255,0.25080053910679645,0.40967213723690016
1027,1.1811817069889934,0.06446279505768589,0.015,1.1017189119313076,-13.067454787212197,-9.426103052122354,0.24382938283940375,0.24111882072433866,0.32313211340364945,0.35046601604786487,0.13719274963094258,0.8787862195563539,0.5809944203297462,0.1141249208458402,0.8448620378671797,0.9169113165218161,0.1,0.03405929642486165,0.26510052617132,0.7620121612536708
463,1.1863455377211785,0.09860167365353507,0.015,1.0727438640676434,-11.794480187599012,-9.119131700038983,0.2860192622636457,0.28330870014858056,0.3669801125797961,0.43077939495954987,0.14125912956774145,0.8471523032174361,0.23053577734032438,0.1352347686791509,0.99,0.7881476729953051,0.2790041168073699,0.035746953281218484,0.3686284114928402,1.1353850546754776
880,1.1989700250560937,0.07555005618936167,0.015,1.108419968866732,-15.084507243881069,-11.96598134160546,0.2645346880360911,0.261824125921026,0.3424169320210727,0.37707932361365853,0.15199005245852362,0.8554786830047627,0.40571272980517664,0.04807218908119132,0.8639512911104293,0.6587696833005001,0.3237013009603946,0.07237582737655554,0.26797832992119325,0.8273148483864669
169,1.2033934406917681,0.06276922412082384,0.015,1.1256242165709442,-11.82773465044241,-7.914243403242036,0.23858712921113892,0.2358765670960738,0.3182568435766012,0.34817099856568456,0.12900325985659328,0.8947949196688929,0.7337483591326814,0.13376918088889814,0.9320655102090685,0.8913517348180633,0.2453229966565429,0.01,0.28277676575161076,0.7426444377168966
234,1.2103309209830175,0.36252191089284486,0.015,0.8328090100901726,-19.020189034005096,-15.279619470368619,0.5342866116747518,0.5315760495596866,0.6189916985609656,0.658672571490555,0.4099006518589484,0.8643497966703445,1.7223577812347033,0.19070922184335942,0.8990814715618071,0.8483511355811973,0.3621906791230876,0.233018138561476,0.08339709121424152,2.4862460299918787
1080,1.221455194166216,0.10739072720986839,0.015,1.0990644669563476,-15.12690096942322,-12.50550326962283,0.30702488531453187,0.3043143231994668,0.3849886184855859,0.44357614445690224,0.1704736261721615,0.8724447439798306,0.3830497999735213,0.2645814714756391,0.9471516779354511,0.47183200697315913,0.37780947368532597,0.08330602683825733,0.29956130741651554,1.0908923573563565
514,1.2242135885419352,0.16146525581939308,0.015,1.047748332722542,-14.393722414253604,-10.472541579035298,0.3718522634554965,0.36914170134043145,0.4517555669512735,0.5126427835527494,0.23106174335824364,0.8859628669451423,0.8893642646049994,0.13244970876494042,0.8968366022017824,0.8568544488337496,0.4852517125838701,0.05682705796480598,0.19527320441403628,1.4669405907368172
711,1.2354256737340463,0.06998541060059377,0.015,1.1504402631334525,-13.44340754030746,-9.783756234644672,0.25334855919926164,0.2506379970841965,0.33142259352098286,0.3663235248773349,0.1403735935211884,0.8711923809119304,0.44392019583679787,0.07771240538728216,0.99,0.863703939440613,0.7703472067529218,0.033784209038269286,0.27698006513605894,0.7621563002421504
849,1.2362075163134159,0.1555407429078889,0.015,1.065666773405527,-11.86693275509153,-7.625645076538988,0.35936745370747153,0.35665689159240643,0.4408023525008287,0.5097791725572184,0.20895573485772467,0.8824443011945924,0.6955917020627981,0.12548312115123694,0.8763013474537605,0.9203565054246742,0.43307799021188986,0.01,0.22143790799584412,1.4776388561637253
501,1.2499992804977218,0.11403441149757997,0.015,1.120964869000142,-13.385424250814493,-8.956686465533553,0.3215281219599939,0.31881755984492877,0.40035462620847917,0.448302236239024,0.1947540076809638,0.8697357148629056,0.43214291444612046,0.15373381014782586,0.8812659165753662,0.9794738214838286,0.3848059765039603,0.02353052257662805,0.20134922030160068,1.1164474183422197
714,1.2659391041436656,0.17089746410883147,0.015,1.0800416400348343,-15.70477336402862,-14.116017168515972,0.3697070102518475,0.36699644813678234,0.44756465275237933,0.5423509167375364,0.19706310376615854,0.8814910318868328,0.5905435952417494,0.19742810747997563,0.7375664176615317,0.380325834097876,0.902663278591269,0.11516278978053124,0.3575523802238495,1.4806424239936746
104,1.2741237641554748,0.1817615477930608,0.015,1.077362216362414,-13.535405762678028,-11.153661496660181,0.3755555609472716,0.3728449988322065,0.45486547167434194,0.5563677023492807,0.19474341954526259,0.8852794276168341,0.6567214519128035,0.15296547360405688,0.8864122441994322,0.8077227553715971,0.5007671267555991,0.06613966637503374,0.34867288661942186,1.5930618391371985
680,1.285444177023571,0.1508318615901095,0.015,1.1196123154334614,-14.15780803565497,-11.626731290129426,0.35078869243229205,0.348078130317227,0.42880319050501553,0.5172725673561801,0.18430481750840408,0.8794927960139998,0.5251448116263917,0.1421444750930974,0.8245738909519859,0.7658260196809976,0.43384722255664987,0.06672019846983515,0.33844117130952184,1.35678400869934
282,1.287227297055785,0.11405176000726105,0.015,1.158175537048524,-14.730904075079435,-10.994279307261625,0.32004270669952617,0.317332144584461,0.39736693527256095,0.4549465153837178,0.1851388980153345,0.8599098630267764,0.33045872515148533,0.10201243829382124,0.6015187170886417,0.6027745597645077,0.3842053427097834,0.049838298756886557,0.2475014739697969,1.0656901196132411
660,1.2965703167065135,0.2109461241824743,0.015,1.0706241925240392,-18.0445878592997,-18.60605814959588,0.4017475149040513,0.3990369527889862,0.4784085490344228,0.5949353613129693,0.20855966849513324,0.8669861067505736,0.5829119145893403,0.04023574693533542,0.6149079236602689,0.39123478760866365,0.5849105370837421,0.20396435440910193,0.4479307320690905,1.624271684739931
28,1.3313030916889534,0.10662013903986436,0.015,1.209682952649089,-15.982445419407592,-11.197557460149547,0.3202908375787682,0.3175802754637031,0.3963384643272227,0.4349687930131185,0.20561288214441792,0.8726175556634613,0.4483514450007994,0.11638707955021291,0.945474248199612,0.8443461395955951,0.4520401009181623,0.04518237327742252,0.1733988558891379,0.9142574521691205
609,1.3457535163368262,0.1420392062219356,0.015,1.1887143101148905,-15.359182817381107,-12.724053175204627,0.3467583744772741,0.34404781236220905,0.42320633447078393,0.5085655407355836,0.1849512082189646,0.8750157335011678,0.4374513383043812,0.08974061870163269,0.9333470004709153,0.6106858896315475,0.6625103098361208,0.0724709521118248,0.3303136106216332,1.2009221243018755
774,1.3493252571659864,0.07539481294080358,0.015,1.2589304442251827,-17.466017658340114,-15.480480103163332,0.2610258427828302,0.2583152806677651,0.3354030745524893,0.3823974185210968,0.13965426704456357,0.9268559080228043,1.1934671605606428,0.28127194563166513,0.8072260137750862,0.8484426083994193,0.8619230421159031,0.10185053046343115,0.3574116436260809,0.6517299629113527
348,1.3595626755531978,0.13348803997571637,0.015,1.2110746355774813,-20.69349243938406,-19.64976787161703,0.34455248933255567,0.3418419272174906,0.4183442491540038,0.49394180461276926,0.19516317405234215,0.875240958908182,0.4436080267292349,0.13667787008987342,0.6760614923814826,0.31826192830997097,0.570416664403936,0.17798132083303542,0.3380236412071324,1.0313285135253942
882,1.4091994312091114,0.2547189034169974,0.015,1.139480527792114,-13.211953548956984,-10.836563857297035,0.43078715176378535,0.4280765896487203,0.5089472474215386,0.6496534213213578,0.2119208822062128,0.8724325812902688,0.3316693821819783,0.22572886451342325,0.7763267190466648,0.9334571688140385,0.26919238294232617,0.05312368369111243,0.3844084807412029,1.8417267354408493
535,1.4102772374097532,0.15547220405578074,0.015,1.2398050333539725,-18.607213462300006,-14.652326992793695,0.37774092726991143,0.3750303651548463,0.4522498787185911,0.518785946958602,0.2366959075812209,0.8934489998916745,0.8477138020341968,0.03422726720447289,0.7180364481905188,0.8747714664864468,0.4877327809266546,0.0910855749023733,0.2074971301375772,1.1260764992290695
537,1.4666624165287603,0.14451122205976538,0.015,1.3071511944689949,-16.238677770629543,-12.297449732798205,0.3591287096784558,0.35641814756339074,0.43353208269184507,0.5143689604537653,0.20388845890314625,0.8931004678693373,0.5458183971816761,0.09845146435366503,0.8961505057172773,0.8068524731847061,0.45069783558274396,0.04937237970983568,0.26552307269812264,1.0629349577274905
192,1.471750786156913,0.4433587843849068,0.015,1.0133920017720062,-14.279597537270407,-8.992459693922552,0.5947597878505602,0.592049225735495,0.6753628964213265,0.7404198189007397,0.44909975680038067,0.8965909781966559,1.7672257610486408,0.15290032765027708,0.6659625358793138,0.444005071157091,0.17650118238832638,0.03882655122433224,0.07280008572502888,2.475575366091696
779,1.4815383765316184,0.0777771427153878,0.015,1.3887612338162305,-14.20094209202942,-9.707802369907556,0.264333775171159,0.26162321305609404,0.33832836154027446,0.3877303800535014,0.1409371702888167,0.8924611298878284,0.29634636797082964,0.21933452366525563,0.8672709615257892,0.7544050350889908,0.3441944406626264,0.0108373266511907,0.2961097086409873,0.5995605106787121
305,1.4860222505792933,0.09152758190621067,0.015,1.3794946686730827,-17.379720484567247,-12.958921659529103,0.2938244554435684,0.2911138933285033,0.3666867919806751,0.41464438448622337,0.17300452640091338,0.8819035881902195,0.37757025789981047,0.06508664486242509,0.823836827645435,0.9761966652360663,0.4410516875460359,0.049076993827483734,0.2404746437303361,0.6600077637748871
870,1.5349470749321248,0.1862727201029348,0.015,1.33367435482919,-28.241712641786897,-22.33357528887321,0.44034621365550736,0.43763565154044226,0.5102067673213411,0.5254263533465198,0.35526607396449494,0.9209278067489207,1.3324233186520515,0.34719369854930937,0.8188588042539414,0.9420063228799713,0.1798459371032775,0.21735128715634494,0.0655316693570841,0.9138569253232492
884,1.546046887089878,0.10049180260228646,0.015,1.4305550844875916,-14.902488396174082,-9.988068967602473,0.30388496244711655,0.3011744003320515,0.3769548617102856,0.43984975952724126,0.1679201653669919,0.9172430369660287,0.694895657342114,0.1919048478018805,0.8514465925466832,0.6291554758725137,0.4550815400444591,0.01,0.2692791152013348,0.7190365151768805
1107,1.5595444928298003,0.16689501584746966,0.015,1.3776494769823306,-19.912910394914007,-16.565073562209054,0.3884891471165344,0.3857785850014693,0.46029925851802955,0.5505606748565391,0.22641761937652957,0.8942319080376733,0.4602717202361481,0.1615999843141862,0.9509507222592118,0.877352131821529,0.45481426211528303,0.09604993650675173,0.26829944072595674,1.0461182049767581
780,1.5670115704319623,0.3405782643872333,0.015,1.2114333060447289,-19.14981465622161,-16.855186722404287,0.5130548341313564,0.5103442720162914,0.5876545956651291,0.7302222817256728,0.29588738653704005,0.9124429640270855,0.9096069028375489,0.29563507885114104,0.6767516832581496,0.6634953255610759,0.11853406111344195,0.13090013611194326,0.29085477119772996,1.865068805867995
1194,1.5685299020097185,0.25736583852369843,0.015,1.29616406348602,-24.672686046371943,-24.723381171461373,0.4622831954201235,0.4595726333050585,0.5330736980279184,0.6594588568177678,0.2651075340224792,0.9212207807814459,1.143597916127869,0.21199562762082202,0.9851797984195146,0.44836185911460863,0.2594007224320482,0.2411637514590004,0.35702961803911804,1.3871296235155788
826,1.58079402524032,0.1964655389048091,0.015,1.3693284863355109,-17.831643109284766,-11.131162534708295,0.44414647663289886,0.4414359145178337,0.5166740627319637,0.5513447912069757,0.33694816205882205,0.8576379180622783,0.322260834508715,0.0794338087485568,0.99,0.7721440770364906,0.2588982892373325,0.029028194839466028,0.07721441438562565,1.0867314564842152
134,1.583412754180813,0.14409520985322782,0.015,1.424317544327585,-16.02735587784419,-11.8641332373064,0.35799883691461487,0.3552882747995497,0.43068528242139176,0.5227043070172512,0.19329336681197845,0.8917399795645997,0.3868600303902631,0.07857741233077814,0.9868677490239303,0.6920553328145611,0.33137600550531093,0.032497011294834316,0.29726230962041306,0.9631371856200053
564,1.5935799440679106,0.3106956009467514,0.015,1.267884343121159,-20.07500809211457,-17.61973925117562,0.49848605918981287,0.4957754970747478,0.5718936238837463,0.7076084903722529,0.2893636280073728,0.8604656181739102,0.2796569385341636,0.09452493559452795,0.6189128870860668,0.43063767248946366,0.10364038903799476,0.1310104724029279,0.2830246219613975,1.6789402753743874
343,1.6776522581583733,0.1871042128682224,0.015,1.4755480452901508,-22.138869117541176,-17.677796221793418,0.41962774349152193,0.41691718137645684,0.48976638296561165,0.575888270350962,0.26336721663208185,0.9013286843833694,0.48444328143071996,0.17767705622886432,0.9121534099604263,0.639748030257797,0.5982640947170823,0.09563444818894057,0.209121494806024,0.9967838075588905
444,1.6975318461402926,0.31710062621693075,0.015,1.3654312199233618,-15.264106178743445,-10.22714190648501,0.5057102553266943,0.5029996932116294,0.5796905635865006,0.7169236939709893,0.29449681668239946,0.9005493207716093,0.5077167461392931,0.17535740028243169,0.8523763273486908,0.5853678431104608,0.24859610038100793,0.01697718740051128,0.22703514610290293,1.6581016637966088
988,1.7235820672313806,0.16217319469928831,0.015,1.5464088725320924,-22.287901259132006,-19.251260208495246,0.3861545874177132,0.3834440253026481,0.4557529571154222,0.5535652047440136,0.21874397009141278,0.8895396878965182,0.33873396866064587,0.0662948118376536,0.9551392657431691,0.7560217570298362,0.3493262219189107,0.10500696243402857,0.3000795291586813,0.8625515808242159
576,1.7241697885404317,0.17288432677683752,0.015,1.5362854617635942,-27.909864069719653,-26.290452051071277,0.40211662035272083,0.39940605823765574,0.47120383593830345,0.5635636841653855,0.24066955654005617,0.9266758388067944,0.7145276480484303,0.394879689863582,0.7475666457740947,0.4358119779743023,0.19544329533020263,0.19839085918916266,0.2952196841732215,0.8371151047888692
1050,1.840811235757435,0.41680746751714143,0.015,1.4090037682402936,-26.61052278826171,-19.965497082903994,0.6306611173355019,0.627950555220437,0.7003092891360985,0.7428224055976116,0.5184998290733922,0.9220968295233994,1.3240579842492017,0.3219391515556067,0.9777909013494241,0.4573771059486127,0.3734336672275705,0.1647523966802799,0.05120443794064337,1.4709257856008937
294,1.8510417563458208,0.30118428642150136,0.015,1.5348574699243194,-31.25479220641183,-24.352082708364783,0.5572100580253548,0.5544994959102897,0.6262969428447508,0.6557505710693801,0.45866954498132956,0.9217555573539056,0.8482228153759387,0.35402323980638684,0.9849083866695189,0.894898577187511,0.24098612526484142,0.2067179726884391,0.05478872174625818,1.0439245208783388
438,1.8801587180555084,0.12856502952528304,0.015,1.7365936885302253,-18.08217086132289,-14.040349811329506,0.33629884353764616,0.3335882814225811,0.4055112686362,0.5055680532871463,0.16702963378814606,0.9113725375742902,0.2731055262580868,0.23910480169747825,0.8138228983149735,0.47041403459408065,0.48485598334589514,0.03105706793983251,0.3717842671249874,0.6320731561043756
828,1.8923833499978089,0.2650559688302901,0.015,1.6123273811675187,-27.653104659874103,-26.764213297386977,0.48294219592226706,0.4802316338072019,0.5520160017610516,0.6922456563146251,0.273638735529909,0.9420996418826202,1.5236332644643356,0.05411824944469336,0.7258294963941069,0.9096623911458093,0.7530996299729085,0.1881359370458625,0.3472446860153449,1.0966332391177203
36,1.9262561739332194,0.7044639359133616,0.015,1.2067922380198577,-26.486669108776574,-21.919892061567246,0.74723781843771,0.7445272563226446,0.8192642949666845,0.9333912481649784,0.5610843887104414,0.8733954875792417,0.4245748234126247,0.2573205040005103,0.6370873418096745,0.7934866272245702,0.17181923599999221,0.23462555744815025,0.103207647817389,2.4013125901817927
30,1.932548568024503,0.2837752856367769,0.015,1.633773282387726,-26.842528199162988,-19.35105549310817,0.5427307530113947,0.5400201908963296,0.6118151068683538,0.6519611536694601,0.4335003523533293,0.8681223947522133,0.2739076054217463,0.0971544115507139,0.6923304997307145,0.46958355156590403,0.5855477539813568,0.10990298216876614,0.06265689516669323,0.9966739323029717
946,1.9465011299295951,0.362341706157099,0.015,1.5691594237724962,-22.07367452852563,-18.361594676698626,0.5493161370715567,0.5466055749564916,0.6188867927321982,0.7822266285263081,0.3164056456168054,0.8986264501250403,0.3717153426555231,0.13164971873151074,0.8867593771676202,0.8097800618460566,0.5247671495271059,0.09103899149826528,0.2741167134283226,1.459813440596337
858,2.15104952290208,0.19767246085438248,0.015,1.9383770620476974,-29.35828285570958,-23.036456345654386,0.44206096241949944,0.4393504003044344,0.511127741558835,0.591883883166499,0.2922380416724999,0.9216238289007428,0.6647207553999729,0.04088155297057394,0.7284707642835895,0.7817664807246042,0.1508310278816584,0.09633103784114289,0.1770958918715772,0.626429525965544
432,2.151642112299014,0.13296019014619884,0.015,2.0036819221528153,-27.97397970344461,-21.61773840135954,0.3355074228123028,0.33279686069723763,0.40575414686546496,0.4571569749066964,0.2138578707179092,0.9208039256331892,0.3802042372839029,0.1765079021434364,0.7230593309021073,0.38821511269533576,0.6905785645614467,0.07572360744645681,0.198638269437637,0.3168613040834031
1020,2.2598282169267647,0.6578700701763731,0.015,1.5869581467503915,-26.94239110800956,-24.345973625168813,0.7144894445702767,0.7117788824552116,0.7836037331059575,1.001903949143638,0.4270749399969156,0.9406713793238347,1.3028044274099806,0.2541384936079406,0.627253341757891,0.4899367706344214,0.47992790197747526,0.1613501690343223,0.2758712701359738,1.931279040331339
138,2.3243856428505856,0.34302210926257476,0.015,1.9663635335880107,-35.438740783978034,-27.719576448282258,0.5949454725827418,0.5922349104676766,0.6640390600253425,0.7395249510490761,0.4503659941164074,0.9382487791452414,1.0476872296897357,0.21265866822013893,0.9786450441328377,0.5588980056276586,0.437896270871744,0.15034064867318478,0.098904200851982,0.8706055033884518
1104,2.339038497320632,0.233996661970412,0.015,2.0900418353502204,-38.597932152222064,-36.92235273399699,0.4688749826319643,0.4661644205168992,0.5379464955457796,0.6552366809922375,0.2825132842716911,0.9225791370762861,0.4104924575508567,0.1717650827730472,0.9430157482887644,0.37246621972971833,0.5110636139910026,0.21274806340993496,0.29620280705570445,0.6048246290146241
499,2.348222615490243,0.3394415550656364,0.015,1.9937810604246065,-21.242420204987315,-15.592991132049596,0.5427762341564001,0.540065672041335,0.6118605601584763,0.7950581317089014,0.2904943366038989,0.930200090095338,0.49166279406076974,0.14653529132174703,0.8561121843908353,0.98,0.6130703569218985,0.025579404361718818,0.3036357212134214,1.09277045965956
437,2.3626666318274276,0.3634929819300235,0.015,1.984173649897404,-21.589889900392187,-15.694046074064422,0.5621439776326855,0.5594334155176204,0.6312316937391605,0.8154245606207979,0.30886339464457313,0.9298519518393884,0.5786839745752825,0.05671651535013525,0.7691398583245278,0.7751009107107457,0.4596634085469159,0.026553339451034802,0.2835415591910264,1.1422623314135751
204,2.412511580934768,0.8468232308674766,0.015,1.5506883500672914,-27.05492899621581,-29.60703147908209,0.7630796668432988,0.7603691047282335,0.8322024203930762,1.1358732461182668,0.3902860875683307,0.9131134021494278,0.5465630664602247,0.22556043970870757,0.9248064513179898,0.5061774121115223,0.4738376861083967,0.2465490643628819,0.49312148049160065,2.2746563458364357
354,2.5359027441241366,0.9972604329228261,0.015,1.5236423112013109,-29.685753757492307,-27.62665159111224,0.8552072225208003,0.8524966604057352,0.9243461152496202,1.1773061941482126,0.533108250893388,0.9055379444133214,0.7098723399074224,0.07248882953982111,0.8169251965624281,0.5349651544172119,0.7816208084671361,0.22106161813879804,0.25738381501725305,2.4312616578052197
468,2.7739986716652902,0.5848226767939496,0.015,2.1741759948713404,-41.31703483934102,-37.400573338825616,0.7321220356779063,0.7294114735628412,0.8012396244610183,0.990785327710072,0.4734587436457407,0.9468532706537124,1.2280728126025044,0.061207610942175174,0.6254581214466773,0.3509467534564387,0.601408835197309,0.20429900855857244,0.22536286121443264,1.1676058222764683
71,2.801316382310488,0.4986020293428153,0.015,2.2877143529676727,-22.42881007624418,-15.611676657524745,0.6496196797479132,0.6469091176328481,0.7187227567285794,0.9569430399621539,0.3422963195336725,0.9403195560900777,0.5966563373104203,0.03,0.8818366873925373,0.7708052591162518,0.47578471026966224,0.01,0.3082563854975436,1.188822655102991
1111,2.869760254138297,0.43689214414509236,0.015,2.4178681099932047,-33.43046307823594,-27.724197706671465,0.6376008765056672,0.6348903143906021,0.7067019467668451,0.8999795250038156,0.3752222280075188,0.9330718041569923,0.5005068621525576,0.03212849138648548,0.9004222797184228,0.7719120223647696,0.5833421579108897,0.0886974204051088,0.2622433706699814,0.9133451035074187
841,2.8820540270911046,0.26562351700665127,0.015,2.6014305100844535,-30.346667367512048,-21.983151917147953,0.4965144211543536,0.4938038590392886,0.565590865876056,0.695018466110437,0.2980103761982703,0.95,0.7828864090025063,0.05772116201694821,0.8885396408629109,0.7005721942974374,0.44952677969069654,0.03550677430083414,0.22776198368304024,0.49841829807205706
417,3.0094241812926046,0.26191149483819026,0.015,2.7325126864544145,-30.322551080109786,-21.465869956694075,0.48406554032442695,0.4813549782093619,0.55313983616511,0.6822347074619575,0.2858963731868964,0.95,0.6044272559285288,0.13394020670608464,0.8738969920356852,0.7502219700406827,0.6969173084601308,0.025773043361811274,0.23555511400438772,0.42850258345673153
190,3.1208894793035946,0.8596213066433402,0.015,2.2462681726602542,-22.438065785889346,-15.401383256420353,0.8186732135334747,0.8159626514184095,0.8878058420075758,1.194707306081841,0.44263912098510855,0.9259050403771806,0.2568827782400313,0.14130164141839396,0.8340147481249184,0.7496730632809668,0.5180309828509194,0.01,0.28460766872504056,1.6850466864187004
1032,3.136089692218468,0.3002817369433924,0.015,2.8208079552750758,-52.13297058641764,-41.193785050993355,0.46652935136472196,0.4638187892496569,0.5401751683883004,0.5659048185871162,0.36715388414232775,0.9366228130438459,0.6005373988162855,0.10448587846435375,0.8421413644970811,0.6782068768308548,0.29197376121404967,0.17088756748893813,0.084623317195557,0.14648575847414122
930,3.208358160333065,0.857796513501187,0.015,2.335561646831878,-48.38527847084584,-43.949126510358596,0.8803838221378784,0.8776732600228134,0.9495274127048521,1.1673022287312915,0.5934654155444652,0.9219056946776758,0.3907190323022257,0.12511591777748182,0.6712272572697883,0.3050753978800022,0.36701455798333743,0.24380292918370303,0.19727552067230397,1.3103317107226569
532,3.7132303671121036,1.1779276572141704,0.015,2.5203027098979334,-37.055425416686425,-28.59332250185774,1.0123346176017949,1.0096240554867297,1.0815012878229449,1.3475996416095388,0.677069593594051,0.95,0.7767868094272662,0.21915304386000486,0.9705318789937294,0.837537023722441,0.37387753911708843,0.08815112998945646,0.16489705309295138,1.576315044523753
1086,3.8866697227014706,0.4005720163382957,0.015,3.471097706363175,-50.739297368002454,-48.42846356774775,0.5660200088345505,0.5633094467194855,0.635108853974062,0.82680704105903,0.305232976610071,0.9370687138899659,0.22633664273981768,0.03372698958243757,0.7456421142281265,0.7218559175558359,0.252705242792689,0.13796656093699866,0.37247510526320027,0.3257454616963627
264,3.933086413202284,1.8774057047611408,0.015,2.040680708441143,-35.42238470098945,-26.64006834857333,1.2458979180336947,1.24318735591863,1.315105366299518,1.5062411372482143,0.9855546988191755,0.9360247272881081,0.9087513124218657,0.22885190214097134,0.7899750137674044,0.3729551991161343,0.30119669534761284,0.13663272654507572,0.07099218036118288,2.335508630341334
638,4.201809048540355,1.118166557725451,0.015,3.0686424908149044,-38.625982429855675,-31.32260559200337,0.9800985465611771,0.977387984446112,1.0492596646498373,1.4027860773360918,0.5574110157862622,0.9420515634279294,0.31536478623037895,0.1166039952640742,0.8995372070777036,0.7528165529662292,0.6321377159262699,0.06700823651679083,0.2787753923724317,1.287018122020941
1066,4.468554925229686,1.136879184603745,0.015,3.3166757406259406,-41.410331656002285,-27.086315497174798,1.0748395999038853,1.0721290377888204,1.1440175077973342,1.3327725181726142,0.8169066816351565,0.95,0.5812533094479213,0.10692705635401739,0.9344313459148063,0.7304138946666044,0.48202736265995905,0.035058628083792356,0.08737254605527828,1.0443639628545565
181,5.1792648267821395,1.3107243766105359,0.015,3.853540450171604,-47.52725662192628,-41.28146304283154,1.0671778731095087,1.0644673109944436,1.136354409947344,1.5699066381134152,0.5644491081056021,0.95,0.2468684069718508,0.1479826950925439,0.8555288798157941,0.8588950629069635,0.5059360778493023,0.07742677186552868,0.34937662044577245,1.0692716023965452
